  0
SECTION
  2
HEADER
  9
$ACADVER
  1
AC1024
  9
$ACADMAINTVER
 70
     6
  9
$DWGCODEPAGE
  3
ANSI_1254
  9
$INSBASE
 10
0.0
 20
0.0
 30
0.0
  9
$EXTMIN
 10
1.000000000000000E+20
 20
1.000000000000000E+20
 30
1.000000000000000E+20
  9
$EXTMAX
 10
-1.000000000000000E+20
 20
-1.000000000000000E+20
 30
-1.000000000000000E+20
  9
$LIMMIN
 10
0.0
 20
0.0
  9
$LIMMAX
 10
12.0
 20
9.0
  9
$ORTHOMODE
 70
     0
  9
$REGENMODE
 70
     1
  9
$FILLMODE
 70
     1
  9
$QTEXTMODE
 70
     0
  9
$MIRRTEXT
 70
     1
  9
$LTSCALE
 40
1.0
  9
$ATTMODE
 70
     1
  9
$TEXTSIZE
 40
0.2
  9
$TRACEWID
 40
0.05
  9
$TEXTSTYLE
  7
Standard
  9
$CLAYER
  8
0
  9
$CELTYPE
  6
ByLayer
  9
$CECOLOR
 62
   256
  9
$CELTSCALE
 40
1.0
  9
$DISPSILH
 70
     0
  9
$DIMSCALE
 40
1.0
  9
$DIMASZ
 40
0.18
  9
$DIMEXO
 40
0.0625
  9
$DIMDLI
 40
0.38
  9
$DIMRND
 40
0.0
  9
$DIMDLE
 40
0.0
  9
$DIMEXE
 40
0.18
  9
$DIMTP
 40
0.0
  9
$DIMTM
 40
0.0
  9
$DIMTXT
 40
0.18
  9
$DIMCEN
 40
0.09
  9
$DIMTSZ
 40
0.0
  9
$DIMTOL
 70
     0
  9
$DIMLIM
 70
     0
  9
$DIMTIH
 70
     1
  9
$DIMTOH
 70
     1
  9
$DIMSE1
 70
     0
  9
$DIMSE2
 70
     0
  9
$DIMTAD
 70
     0
  9
$DIMZIN
 70
     0
  9
$DIMBLK
  1

  9
$DIMASO
 70
     1
  9
$DIMSHO
 70
     1
  9
$DIMPOST
  1

  9
$DIMAPOST
  1

  9
$DIMALT
 70
     0
  9
$DIMALTD
 70
     2
  9
$DIMALTF
 40
25.4
  9
$DIMLFAC
 40
1.0
  9
$DIMTOFL
 70
     0
  9
$DIMTVP
 40
0.0
  9
$DIMTIX
 70
     0
  9
$DIMSOXD
 70
     0
  9
$DIMSAH
 70
     0
  9
$DIMBLK1
  1

  9
$DIMBLK2
  1

  9
$DIMSTYLE
  2
Standard
  9
$DIMCLRD
 70
     0
  9
$DIMCLRE
 70
     0
  9
$DIMCLRT
 70
     0
  9
$DIMTFAC
 40
1.0
  9
$DIMGAP
 40
0.09
  9
$DIMJUST
 70
     0
  9
$DIMSD1
 70
     0
  9
$DIMSD2
 70
     0
  9
$DIMTOLJ
 70
     1
  9
$DIMTZIN
 70
     0
  9
$DIMALTZ
 70
     0
  9
$DIMALTTZ
 70
     0
  9
$DIMUPT
 70
     0
  9
$DIMDEC
 70
     4
  9
$DIMTDEC
 70
     4
  9
$DIMALTU
 70
     2
  9
$DIMALTTD
 70
     2
  9
$DIMTXSTY
  7
Standard
  9
$DIMAUNIT
 70
     0
  9
$DIMADEC
 70
     0
  9
$DIMALTRND
 40
0.0
  9
$DIMAZIN
 70
     0
  9
$DIMDSEP
 70
    46
  9
$DIMATFIT
 70
     3
  9
$DIMFRAC
 70
     0
  9
$DIMLDRBLK
  1

  9
$DIMLUNIT
 70
     2
  9
$DIMLWD
 70
    -2
  9
$DIMLWE
 70
    -2
  9
$DIMTMOVE
 70
     0
  9
$DIMFXL
 40
1.0
  9
$DIMFXLON
 70
     0
  9
$DIMJOGANG
 40
0.7853981633974483
  9
$DIMTFILL
 70
     0
  9
$DIMTFILLCLR
 70
     0
  9
$DIMARCSYM
 70
     0
  9
$DIMLTYPE
  6

  9
$DIMLTEX1
  6

  9
$DIMLTEX2
  6

  9
$DIMTXTDIRECTION
 70
     0
  9
$LUNITS
 70
     2
  9
$LUPREC
 70
     4
  9
$SKETCHINC
 40
0.1
  9
$FILLETRAD
 40
0.5
  9
$AUNITS
 70
     0
  9
$AUPREC
 70
     0
  9
$MENU
  1
.
  9
$ELEVATION
 40
0.0
  9
$PELEVATION
 40
0.0
  9
$THICKNESS
 40
0.0
  9
$LIMCHECK
 70
     0
  9
$CHAMFERA
 40
0.5
  9
$CHAMFERB
 40
0.5
  9
$CHAMFERC
 40
1.0
  9
$CHAMFERD
 40
0.0
  9
$SKPOLY
 70
     0
  9
$TDCREATE
 40
2459354.847854259
  9
$TDUCREATE
 40
2459354.722854259
  9
$TDUPDATE
 40
2459354.847854317
  9
$TDUUPDATE
 40
2459354.722854317
  9
$TDINDWG
 40
0.0000000116
  9
$TDUSRTIMER
 40
0.0000000116
  9
$USRTIMER
 70
     1
  9
$ANGBASE
 50
0.0
  9
$ANGDIR
 70
     0
  9
$PDMODE
 70
     0
  9
$PDSIZE
 40
0.0
  9
$PLINEWID
 40
0.0
  9
$SPLFRAME
 70
     0
  9
$SPLINETYPE
 70
     6
  9
$SPLINESEGS
 70
     8
  9
$HANDSEED
  5
DB
  9
$SURFTAB1
 70
     6
  9
$SURFTAB2
 70
     6
  9
$SURFTYPE
 70
     6
  9
$SURFU
 70
     6
  9
$SURFV
 70
     6
  9
$UCSBASE
  2

  9
$UCSNAME
  2

  9
$UCSORG
 10
0.0
 20
0.0
 30
0.0
  9
$UCSXDIR
 10
1.0
 20
0.0
 30
0.0
  9
$UCSYDIR
 10
0.0
 20
1.0
 30
0.0
  9
$UCSORTHOREF
  2

  9
$UCSORTHOVIEW
 70
     0
  9
$UCSORGTOP
 10
0.0
 20
0.0
 30
0.0
  9
$UCSORGBOTTOM
 10
0.0
 20
0.0
 30
0.0
  9
$UCSORGLEFT
 10
0.0
 20
0.0
 30
0.0
  9
$UCSORGRIGHT
 10
0.0
 20
0.0
 30
0.0
  9
$UCSORGFRONT
 10
0.0
 20
0.0
 30
0.0
  9
$UCSORGBACK
 10
0.0
 20
0.0
 30
0.0
  9
$PUCSBASE
  2

  9
$PUCSNAME
  2

  9
$PUCSORG
 10
0.0
 20
0.0
 30
0.0
  9
$PUCSXDIR
 10
1.0
 20
0.0
 30
0.0
  9
$PUCSYDIR
 10
0.0
 20
1.0
 30
0.0
  9
$PUCSORTHOREF
  2

  9
$PUCSORTHOVIEW
 70
     0
  9
$PUCSORGTOP
 10
0.0
 20
0.0
 30
0.0
  9
$PUCSORGBOTTOM
 10
0.0
 20
0.0
 30
0.0
  9
$PUCSORGLEFT
 10
0.0
 20
0.0
 30
0.0
  9
$PUCSORGRIGHT
 10
0.0
 20
0.0
 30
0.0
  9
$PUCSORGFRONT
 10
0.0
 20
0.0
 30
0.0
  9
$PUCSORGBACK
 10
0.0
 20
0.0
 30
0.0
  9
$USERI1
 70
     0
  9
$USERI2
 70
     0
  9
$USERI3
 70
     0
  9
$USERI4
 70
     0
  9
$USERI5
 70
     0
  9
$USERR1
 40
0.0
  9
$USERR2
 40
0.0
  9
$USERR3
 40
0.0
  9
$USERR4
 40
0.0
  9
$USERR5
 40
0.0
  9
$WORLDVIEW
 70
     1
  9
$SHADEDGE
 70
     3
  9
$SHADEDIF
 70
    70
  9
$TILEMODE
 70
     1
  9
$MAXACTVP
 70
    64
  9
$PINSBASE
 10
0.0
 20
0.0
 30
0.0
  9
$PLIMCHECK
 70
     0
  9
$PEXTMIN
 10
1.000000000000000E+20
 20
1.000000000000000E+20
 30
1.000000000000000E+20
  9
$PEXTMAX
 10
-1.000000000000000E+20
 20
-1.000000000000000E+20
 30
-1.000000000000000E+20
  9
$PLIMMIN
 10
0.0
 20
0.0
  9
$PLIMMAX
 10
12.0
 20
9.0
  9
$UNITMODE
 70
     0
  9
$VISRETAIN
 70
     1
  9
$PLINEGEN
 70
     0
  9
$PSLTSCALE
 70
     1
  9
$TREEDEPTH
 70
  3020
  9
$CMLSTYLE
  2
Standard
  9
$CMLJUST
 70
     0
  9
$CMLSCALE
 40
1.0
  9
$PROXYGRAPHICS
 70
     1
  9
$MEASUREMENT
 70
     0
  9
$CELWEIGHT
370
    -1
  9
$ENDCAPS
280
     0
  9
$JOINSTYLE
280
     0
  9
$LWDISPLAY
290
     1
  9
$INSUNITS
 70
     0
  9
$HYPERLINKBASE
  1

  9
$STYLESHEET
  1

  9
$XEDIT
290
     1
  9
$CEPSNTYPE
380
     0
  9
$PSTYLEMODE
290
     1
  9
$FINGERPRINTGUID
  2
{01FA49AE-87C6-4533-991A-3939A4B802FE}
  9
$VERSIONGUID
  2
{FAEB1C32-E019-11D5-929B-00C0DF256EC4}
  9
$EXTNAMES
290
     1
  9
$PSVPSCALE
 40
0.0
  9
$OLESTARTUP
290
     0
  9
$SORTENTS
280
   127
  9
$INDEXCTL
280
     0
  9
$HIDETEXT
280
     1
  9
$XCLIPFRAME
280
     2
  9
$HALOGAP
280
     0
  9
$OBSCOLOR
 70
   257
  9
$OBSLTYPE
280
     0
  9
$INTERSECTIONDISPLAY
280
     0
  9
$INTERSECTIONCOLOR
 70
   257
  9
$DIMASSOC
280
     2
  9
$PROJECTNAME
  1

  9
$CAMERADISPLAY
290
     0
  9
$LENSLENGTH
 40
50.0
  9
$CAMERAHEIGHT
 40
0.0
  9
$STEPSPERSEC
 40
2.0
  9
$STEPSIZE
 40
6.0
  9
$3DDWFPREC
 40
2.0
  9
$PSOLWIDTH
 40
0.25
  9
$PSOLHEIGHT
 40
4.0
  9
$LOFTANG1
 40
1.570796326794897
  9
$LOFTANG2
 40
1.570796326794897
  9
$LOFTMAG1
 40
0.0
  9
$LOFTMAG2
 40
0.0
  9
$LOFTPARAM
 70
     7
  9
$LOFTNORMALS
280
     1
  9
$LATITUDE
 40
37.795
  9
$LONGITUDE
 40
-122.394
  9
$NORTHDIRECTION
 40
0.0
  9
$TIMEZONE
 70
 -8000
  9
$LIGHTGLYPHDISPLAY
280
     1
  9
$TILEMODELIGHTSYNCH
280
     1
  9
$CMATERIAL
347
3C
  9
$SOLIDHIST
280
     1
  9
$SHOWHIST
280
     1
  9
$DWFFRAME
280
     2
  9
$DGNFRAME
280
     2
  9
$REALWORLDSCALE
290
     1
  9
$INTERFERECOLOR
 62
   256
  9
$CSHADOW
280
     0
  9
$SHADOWPLANELOCATION
 40
0.0
  0
ENDSEC
  0
SECTION
  2
CLASSES
  0
CLASS
  1
ACDBDICTIONARYWDFLT
  2
AcDbDictionaryWithDefault
  3
ObjectDBX Classes
 90
        0
 91
        4
280
     0
281
     0
  0
CLASS
  1
VISUALSTYLE
  2
AcDbVisualStyle
  3
ObjectDBX Classes
 90
     4095
 91
        4
280
     0
281
     0
  0
CLASS
  1
MATERIAL
  2
AcDbMaterial
  3
ObjectDBX Classes
 90
     1153
 91
        4
280
     0
281
     0
  0
CLASS
  1
SUN
  2
AcDbSun
  3
SCENEOE
 90
     1024
 91
        4
280
     0
281
     0
  0
ENDSEC
  0
SECTION
  2
TABLES
  0
TABLE
  2
VPORT
  5
8
330
0
100
AcDbSymbolTable
 70
     1
  0
VPORT
  5
29
330
8
100
AcDbSymbolTableRecord
100
AcDbViewportTableRecord
  2
*Active
 70
     0
 10
0.0
 20
0.0
 11
1.0
 21
1.0
 12
0.0
 22
0.0
 13
0.0
 23
0.0
 14
0.5
 24
0.5
 15
0.5
 25
0.5
 16
0.0
 26
0.0
 36
1.0
 17
999.8138323368717
 27
-999.3051151579048
 37
0.0
 40
1027.634954266725
 41
1.0790497705901
 42
50.0
 43
0.0
 44
0.0
 50
0.0
 51
0.0
 71
     0
 72
   100
 73
     1
 74
     3
 75
     0
 76
     0
 77
     0
 78
     0
281
     0
 65
     1
110
0.0
120
0.0
130
0.0
111
1.0
121
0.0
131
0.0
112
0.0
122
1.0
132
0.0
 79
     0
146
0.0
 60
     3
 61
     5
292
     1
282
     1
141
0.0
142
0.0
 63
   250
361
3F
  0
ENDTAB
  0
TABLE
  2
LTYPE
  5
5
330
0
100
AcDbSymbolTable
 70
     1
  0
LTYPE
  5
14
330
5
100
AcDbSymbolTableRecord
100
AcDbLinetypeTableRecord
  2
ByBlock
 70
     0
  3

 72
    65
 73
     0
 40
0.0
  0
LTYPE
  5
15
330
5
100
AcDbSymbolTableRecord
100
AcDbLinetypeTableRecord
  2
ByLayer
 70
     0
  3

 72
    65
 73
     0
 40
0.0
  0
LTYPE
  5
16
330
5
100
AcDbSymbolTableRecord
100
AcDbLinetypeTableRecord
  2
Continuous
 70
     0
  3
Solid line
 72
    65
 73
     0
 40
0.0
  0
ENDTAB
  0
TABLE
  2
LAYER
  5
2
330
0
100
AcDbSymbolTable
 70
     2
  0
LAYER
  5
10
330
2
100
AcDbSymbolTableRecord
100
AcDbLayerTableRecord
  2
0
 70
     0
 62
     7
  6
Continuous
370
    -3
390
F
347
3E
  0
LAYER
  5
40
330
2
100
AcDbSymbolTableRecord
100
AcDbLayerTableRecord
  2
katman 1
 70
     0
 62
     7
  6
Continuous
370
    -3
390
F
347
3E
  0
ENDTAB
  0
TABLE
  2
STYLE
  5
3
330
0
100
AcDbSymbolTable
 70
     1
  0
STYLE
  5
11
330
3
100
AcDbSymbolTableRecord
100
AcDbTextStyleTableRecord
  2
Standard
 70
     0
 40
0.0
 41
1.0
 50
0.0
 71
     0
 42
0.2
  3
txt
  4

  0
ENDTAB
  0
TABLE
  2
VIEW
  5
6
330
0
100
AcDbSymbolTable
 70
     0
  0
ENDTAB
  0
TABLE
  2
UCS
  5
7
330
0
100
AcDbSymbolTable
 70
     0
  0
ENDTAB
  0
TABLE
  2
APPID
  5
9
330
0
100
AcDbSymbolTable
 70
     1
  0
APPID
  5
12
330
9
100
AcDbSymbolTableRecord
100
AcDbRegAppTableRecord
  2
ACAD
 70
     0
  0
ENDTAB
  0
TABLE
  2
DIMSTYLE
  5
A
330
0
100
AcDbSymbolTable
 70
     1
100
AcDbDimStyleTable
  0
DIMSTYLE
105
27
330
A
100
AcDbSymbolTableRecord
100
AcDbDimStyleTableRecord
  2
Standard
 70
     0
178
     0
340
11
  0
ENDTAB
  0
TABLE
  2
BLOCK_RECORD
  5
1
330
0
100
AcDbSymbolTable
 70
     3
  0
BLOCK_RECORD
  5
1F
330
1
100
AcDbSymbolTableRecord
100
AcDbBlockTableRecord
  2
*Model_Space
340
22
 70
     0
280
     1
281
     0
  0
BLOCK_RECORD
  5
1B
330
1
100
AcDbSymbolTableRecord
100
AcDbBlockTableRecord
  2
*Paper_Space
340
1E
 70
     0
280
     1
281
     0
  0
BLOCK_RECORD
  5
23
330
1
100
AcDbSymbolTableRecord
100
AcDbBlockTableRecord
  2
*Paper_Space0
340
26
 70
     0
280
     1
281
     0
  0
BLOCK_RECORD
  5
41
330
1
100
AcDbSymbolTableRecord
100
AcDbBlockTableRecord
  2
block 2
340
0
102
{BLKREFS
331
42
102
}
 70
     0
280
     1
281
     0
  0
BLOCK_RECORD
  5
8D
330
1
100
AcDbSymbolTableRecord
100
AcDbBlockTableRecord
  2
block 3
340
0
102
{BLKREFS
331
8E
102
}
 70
     0
280
     1
281
     0
  0
ENDTAB
  0
ENDSEC
  0
SECTION
  2
BLOCKS
  0
BLOCK
  5
20
330
1F
100
AcDbEntity
  8
0
100
AcDbBlockBegin
  2
*Model_Space
 70
     0
 10
0.0
 20
0.0
 30
0.0
  3
*Model_Space
  1

  0
ENDBLK
  5
21
330
1F
100
AcDbEntity
  8
0
100
AcDbBlockEnd
  0
BLOCK
  5
1C
330
1B
100
AcDbEntity
 67
     1
  8
0
100
AcDbBlockBegin
  2
*Paper_Space
 70
     0
 10
0.0
 20
0.0
 30
0.0
  3
*Paper_Space
  1

  0
ENDBLK
  5
1D
330
1B
100
AcDbEntity
 67
     1
  8
0
100
AcDbBlockEnd
  0
BLOCK
  5
24
330
23
100
AcDbEntity
  8
0
100
AcDbBlockBegin
  2
*Paper_Space0
 70
     0
 10
0.0
 20
0.0
 30
0.0
  3
*Paper_Space0
  1

  0
ENDBLK
  5
25
330
23
100
AcDbEntity
  8
0
100
AcDbBlockEnd
  0
BLOCK
  5
43
330
41
100
AcDbEntity
  8
0
100
AcDbBlockBegin
  2
block 2
 70
     0
 10
0.0
 20
0.0
 30
0.0
  3
block 2
  1

  0
SPLINE
  5
45
330
41
100
AcDbEntity
  8
katman 1
370
     0
100
AcDbSpline
210
0.0
220
0.0
230
1.0
 70
    11
 71
     3
 72
   899
 73
   895
 74
     0
 42
0.0000000001
 43
0.0000000001
 12
1.0
 22
0.0
 32
0.0
 13
1.0
 23
0.0
 33
0.0
 40
0.0
 40
0.0
 40
0.0
 40
0.0
 40
1.0
 40
1.0
 40
1.0
 40
2.0
 40
2.0
 40
2.0
 40
3.0
 40
3.0
 40
3.0
 40
4.0
 40
4.0
 40
4.0
 40
5.0
 40
5.0
 40
5.0
 40
6.0
 40
6.0
 40
6.0
 40
7.0
 40
7.0
 40
7.0
 40
8.0
 40
8.0
 40
8.0
 40
9.0
 40
9.0
 40
9.0
 40
10.0
 40
10.0
 40
10.0
 40
11.0
 40
11.0
 40
11.0
 40
12.0
 40
12.0
 40
12.0
 40
13.0
 40
13.0
 40
13.0
 40
14.0
 40
14.0
 40
14.0
 40
15.0
 40
15.0
 40
15.0
 40
16.0
 40
16.0
 40
16.0
 40
17.0
 40
17.0
 40
17.0
 40
18.0
 40
18.0
 40
18.0
 40
19.0
 40
19.0
 40
19.0
 40
20.0
 40
20.0
 40
20.0
 40
21.0
 40
21.0
 40
21.0
 40
22.0
 40
22.0
 40
22.0
 40
23.0
 40
23.0
 40
23.0
 40
24.0
 40
24.0
 40
24.0
 40
25.0
 40
25.0
 40
25.0
 40
26.0
 40
26.0
 40
26.0
 40
27.0
 40
27.0
 40
27.0
 40
28.0
 40
28.0
 40
28.0
 40
29.0
 40
29.0
 40
29.0
 40
30.0
 40
30.0
 40
30.0
 40
31.0
 40
31.0
 40
31.0
 40
32.0
 40
32.0
 40
32.0
 40
33.0
 40
33.0
 40
33.0
 40
34.0
 40
34.0
 40
34.0
 40
35.0
 40
35.0
 40
35.0
 40
36.0
 40
36.0
 40
36.0
 40
37.0
 40
37.0
 40
37.0
 40
38.0
 40
38.0
 40
38.0
 40
39.0
 40
39.0
 40
39.0
 40
40.0
 40
40.0
 40
40.0
 40
41.0
 40
41.0
 40
41.0
 40
42.0
 40
42.0
 40
42.0
 40
43.0
 40
43.0
 40
43.0
 40
44.0
 40
44.0
 40
44.0
 40
45.0
 40
45.0
 40
45.0
 40
46.0
 40
46.0
 40
46.0
 40
47.0
 40
47.0
 40
47.0
 40
48.0
 40
48.0
 40
48.0
 40
49.0
 40
49.0
 40
49.0
 40
50.0
 40
50.0
 40
50.0
 40
51.0
 40
51.0
 40
51.0
 40
52.0
 40
52.0
 40
52.0
 40
53.0
 40
53.0
 40
53.0
 40
54.0
 40
54.0
 40
54.0
 40
55.0
 40
55.0
 40
55.0
 40
56.0
 40
56.0
 40
56.0
 40
57.0
 40
57.0
 40
57.0
 40
58.0
 40
58.0
 40
58.0
 40
59.0
 40
59.0
 40
59.0
 40
60.0
 40
60.0
 40
60.0
 40
61.0
 40
61.0
 40
61.0
 40
62.0
 40
62.0
 40
62.0
 40
63.0
 40
63.0
 40
63.0
 40
64.0
 40
64.0
 40
64.0
 40
65.0
 40
65.0
 40
65.0
 40
66.0
 40
66.0
 40
66.0
 40
67.0
 40
67.0
 40
67.0
 40
68.0
 40
68.0
 40
68.0
 40
69.0
 40
69.0
 40
69.0
 40
70.0
 40
70.0
 40
70.0
 40
71.0
 40
71.0
 40
71.0
 40
72.0
 40
72.0
 40
72.0
 40
73.0
 40
73.0
 40
73.0
 40
74.0
 40
74.0
 40
74.0
 40
75.0
 40
75.0
 40
75.0
 40
76.0
 40
76.0
 40
76.0
 40
77.0
 40
77.0
 40
77.0
 40
78.0
 40
78.0
 40
78.0
 40
79.0
 40
79.0
 40
79.0
 40
80.0
 40
80.0
 40
80.0
 40
81.0
 40
81.0
 40
81.0
 40
82.0
 40
82.0
 40
82.0
 40
83.0
 40
83.0
 40
83.0
 40
84.0
 40
84.0
 40
84.0
 40
85.0
 40
85.0
 40
85.0
 40
86.0
 40
86.0
 40
86.0
 40
87.0
 40
87.0
 40
87.0
 40
88.0
 40
88.0
 40
88.0
 40
89.0
 40
89.0
 40
89.0
 40
90.0
 40
90.0
 40
90.0
 40
91.0
 40
91.0
 40
91.0
 40
92.0
 40
92.0
 40
92.0
 40
93.0
 40
93.0
 40
93.0
 40
94.0
 40
94.0
 40
94.0
 40
95.0
 40
95.0
 40
95.0
 40
96.0
 40
96.0
 40
96.0
 40
97.0
 40
97.0
 40
97.0
 40
98.0
 40
98.0
 40
98.0
 40
99.0
 40
99.0
 40
99.0
 40
100.0
 40
100.0
 40
100.0
 40
101.0
 40
101.0
 40
101.0
 40
102.0
 40
102.0
 40
102.0
 40
103.0
 40
103.0
 40
103.0
 40
104.0
 40
104.0
 40
104.0
 40
105.0
 40
105.0
 40
105.0
 40
106.0
 40
106.0
 40
106.0
 40
107.0
 40
107.0
 40
107.0
 40
108.0
 40
108.0
 40
108.0
 40
109.0
 40
109.0
 40
109.0
 40
110.0
 40
110.0
 40
110.0
 40
111.0
 40
111.0
 40
111.0
 40
112.0
 40
112.0
 40
112.0
 40
113.0
 40
113.0
 40
113.0
 40
114.0
 40
114.0
 40
114.0
 40
115.0
 40
115.0
 40
115.0
 40
116.0
 40
116.0
 40
116.0
 40
117.0
 40
117.0
 40
117.0
 40
118.0
 40
118.0
 40
118.0
 40
119.0
 40
119.0
 40
119.0
 40
120.0
 40
120.0
 40
120.0
 40
121.0
 40
121.0
 40
121.0
 40
122.0
 40
122.0
 40
122.0
 40
123.0
 40
123.0
 40
123.0
 40
124.0
 40
124.0
 40
124.0
 40
125.0
 40
125.0
 40
125.0
 40
126.0
 40
126.0
 40
126.0
 40
127.0
 40
127.0
 40
127.0
 40
128.0
 40
128.0
 40
128.0
 40
129.0
 40
129.0
 40
129.0
 40
130.0
 40
130.0
 40
130.0
 40
131.0
 40
131.0
 40
131.0
 40
132.0
 40
132.0
 40
132.0
 40
133.0
 40
133.0
 40
133.0
 40
134.0
 40
134.0
 40
134.0
 40
135.0
 40
135.0
 40
135.0
 40
136.0
 40
136.0
 40
136.0
 40
137.0
 40
137.0
 40
137.0
 40
138.0
 40
138.0
 40
138.0
 40
139.0
 40
139.0
 40
139.0
 40
140.0
 40
140.0
 40
140.0
 40
141.0
 40
141.0
 40
141.0
 40
142.0
 40
142.0
 40
142.0
 40
143.0
 40
143.0
 40
143.0
 40
144.0
 40
144.0
 40
144.0
 40
145.0
 40
145.0
 40
145.0
 40
146.0
 40
146.0
 40
146.0
 40
147.0
 40
147.0
 40
147.0
 40
148.0
 40
148.0
 40
148.0
 40
149.0
 40
149.0
 40
149.0
 40
150.0
 40
150.0
 40
150.0
 40
151.0
 40
151.0
 40
151.0
 40
152.0
 40
152.0
 40
152.0
 40
153.0
 40
153.0
 40
153.0
 40
154.0
 40
154.0
 40
154.0
 40
155.0
 40
155.0
 40
155.0
 40
156.0
 40
156.0
 40
156.0
 40
157.0
 40
157.0
 40
157.0
 40
158.0
 40
158.0
 40
158.0
 40
159.0
 40
159.0
 40
159.0
 40
160.0
 40
160.0
 40
160.0
 40
161.0
 40
161.0
 40
161.0
 40
162.0
 40
162.0
 40
162.0
 40
163.0
 40
163.0
 40
163.0
 40
164.0
 40
164.0
 40
164.0
 40
165.0
 40
165.0
 40
165.0
 40
166.0
 40
166.0
 40
166.0
 40
167.0
 40
167.0
 40
167.0
 40
168.0
 40
168.0
 40
168.0
 40
169.0
 40
169.0
 40
169.0
 40
170.0
 40
170.0
 40
170.0
 40
171.0
 40
171.0
 40
171.0
 40
172.0
 40
172.0
 40
172.0
 40
173.0
 40
173.0
 40
173.0
 40
174.0
 40
174.0
 40
174.0
 40
175.0
 40
175.0
 40
175.0
 40
176.0
 40
176.0
 40
176.0
 40
177.0
 40
177.0
 40
177.0
 40
178.0
 40
178.0
 40
178.0
 40
179.0
 40
179.0
 40
179.0
 40
180.0
 40
180.0
 40
180.0
 40
181.0
 40
181.0
 40
181.0
 40
182.0
 40
182.0
 40
182.0
 40
183.0
 40
183.0
 40
183.0
 40
184.0
 40
184.0
 40
184.0
 40
185.0
 40
185.0
 40
185.0
 40
186.0
 40
186.0
 40
186.0
 40
187.0
 40
187.0
 40
187.0
 40
188.0
 40
188.0
 40
188.0
 40
189.0
 40
189.0
 40
189.0
 40
190.0
 40
190.0
 40
190.0
 40
191.0
 40
191.0
 40
191.0
 40
192.0
 40
192.0
 40
192.0
 40
193.0
 40
193.0
 40
193.0
 40
194.0
 40
194.0
 40
194.0
 40
195.0
 40
195.0
 40
195.0
 40
196.0
 40
196.0
 40
196.0
 40
197.0
 40
197.0
 40
197.0
 40
198.0
 40
198.0
 40
198.0
 40
199.0
 40
199.0
 40
199.0
 40
200.0
 40
200.0
 40
200.0
 40
201.0
 40
201.0
 40
201.0
 40
202.0
 40
202.0
 40
202.0
 40
203.0
 40
203.0
 40
203.0
 40
204.0
 40
204.0
 40
204.0
 40
205.0
 40
205.0
 40
205.0
 40
206.0
 40
206.0
 40
206.0
 40
207.0
 40
207.0
 40
207.0
 40
208.0
 40
208.0
 40
208.0
 40
209.0
 40
209.0
 40
209.0
 40
210.0
 40
210.0
 40
210.0
 40
211.0
 40
211.0
 40
211.0
 40
212.0
 40
212.0
 40
212.0
 40
213.0
 40
213.0
 40
213.0
 40
214.0
 40
214.0
 40
214.0
 40
215.0
 40
215.0
 40
215.0
 40
216.0
 40
216.0
 40
216.0
 40
217.0
 40
217.0
 40
217.0
 40
218.0
 40
218.0
 40
218.0
 40
219.0
 40
219.0
 40
219.0
 40
220.0
 40
220.0
 40
220.0
 40
221.0
 40
221.0
 40
221.0
 40
222.0
 40
222.0
 40
222.0
 40
223.0
 40
223.0
 40
223.0
 40
224.0
 40
224.0
 40
224.0
 40
225.0
 40
225.0
 40
225.0
 40
226.0
 40
226.0
 40
226.0
 40
227.0
 40
227.0
 40
227.0
 40
228.0
 40
228.0
 40
228.0
 40
229.0
 40
229.0
 40
229.0
 40
230.0
 40
230.0
 40
230.0
 40
231.0
 40
231.0
 40
231.0
 40
232.0
 40
232.0
 40
232.0
 40
233.0
 40
233.0
 40
233.0
 40
234.0
 40
234.0
 40
234.0
 40
235.0
 40
235.0
 40
235.0
 40
236.0
 40
236.0
 40
236.0
 40
237.0
 40
237.0
 40
237.0
 40
238.0
 40
238.0
 40
238.0
 40
239.0
 40
239.0
 40
239.0
 40
240.0
 40
240.0
 40
240.0
 40
241.0
 40
241.0
 40
241.0
 40
242.0
 40
242.0
 40
242.0
 40
243.0
 40
243.0
 40
243.0
 40
244.0
 40
244.0
 40
244.0
 40
245.0
 40
245.0
 40
245.0
 40
246.0
 40
246.0
 40
246.0
 40
247.0
 40
247.0
 40
247.0
 40
248.0
 40
248.0
 40
248.0
 40
249.0
 40
249.0
 40
249.0
 40
250.0
 40
250.0
 40
250.0
 40
251.0
 40
251.0
 40
251.0
 40
252.0
 40
252.0
 40
252.0
 40
253.0
 40
253.0
 40
253.0
 40
254.0
 40
254.0
 40
254.0
 40
255.0
 40
255.0
 40
255.0
 40
256.0
 40
256.0
 40
256.0
 40
257.0
 40
257.0
 40
257.0
 40
258.0
 40
258.0
 40
258.0
 40
259.0
 40
259.0
 40
259.0
 40
260.0
 40
260.0
 40
260.0
 40
261.0
 40
261.0
 40
261.0
 40
262.0
 40
262.0
 40
262.0
 40
263.0
 40
263.0
 40
263.0
 40
264.0
 40
264.0
 40
264.0
 40
265.0
 40
265.0
 40
265.0
 40
266.0
 40
266.0
 40
266.0
 40
267.0
 40
267.0
 40
267.0
 40
268.0
 40
268.0
 40
268.0
 40
269.0
 40
269.0
 40
269.0
 40
270.0
 40
270.0
 40
270.0
 40
271.0
 40
271.0
 40
271.0
 40
272.0
 40
272.0
 40
272.0
 40
273.0
 40
273.0
 40
273.0
 40
274.0
 40
274.0
 40
274.0
 40
275.0
 40
275.0
 40
275.0
 40
276.0
 40
276.0
 40
276.0
 40
277.0
 40
277.0
 40
277.0
 40
278.0
 40
278.0
 40
278.0
 40
279.0
 40
279.0
 40
279.0
 40
280.0
 40
280.0
 40
280.0
 40
281.0
 40
281.0
 40
281.0
 40
282.0
 40
282.0
 40
282.0
 40
283.0
 40
283.0
 40
283.0
 40
284.0
 40
284.0
 40
284.0
 40
285.0
 40
285.0
 40
285.0
 40
286.0
 40
286.0
 40
286.0
 40
287.0
 40
287.0
 40
287.0
 40
288.0
 40
288.0
 40
288.0
 40
289.0
 40
289.0
 40
289.0
 40
290.0
 40
290.0
 40
290.0
 40
291.0
 40
291.0
 40
291.0
 40
292.0
 40
292.0
 40
292.0
 40
293.0
 40
293.0
 40
293.0
 40
294.0
 40
294.0
 40
294.0
 40
295.0
 40
295.0
 40
295.0
 40
296.0
 40
296.0
 40
296.0
 40
297.0
 40
297.0
 40
297.0
 40
298.0
 40
298.0
 40
298.0
 40
298.0
 10
1267.595525767461
 20
-1330.045545271078
 30
0.0
 10
1271.14803696643
 20
-1341.416416464504
 30
0.0
 10
1269.46456514622
 20
-1352.060925173948
 30
0.0
 10
1271.002865897113
 20
-1362.395068463451
 30
0.0
 10
1271.304252997303
 20
-1364.419949581112
 30
0.0
 10
1270.880089860349
 20
-1366.520072649771
 30
0.0
 10
1269.786028447252
 20
-1368.178507769251
 30
0.0
 10
1263.917614590586
 20
-1377.074510702543
 30
0.0
 10
1258.098750506211
 20
-1385.784697138839
 30
0.0
 10
1247.006435964006
 20
-1389.421269390201
 30
0.0
 10
1202.111779347593
 20
-1404.139949727014
 30
0.0
 10
1158.419986168909
 20
-1422.157132235276
 30
0.0
 10
1114.043649461184
 20
-1438.302907678401
 30
0.0
 10
1103.765183826696
 20
-1442.042609611181
 30
0.0
 10
1092.988230396815
 20
-1444.493678714065
 30
0.0
 10
1082.868909843779
 20
-1450.709042212224
 30
0.0
 10
1090.005907710536
 20
-1454.429216631364
 30
0.0
 10
1096.565638525704
 20
-1458.359494892589
 30
0.0
 10
1103.532263283789
 20
-1461.337867887272
 30
0.0
 10
1110.684821731744
 20
-1464.395937547008
 30
0.0
 10
1114.418873044715
 20
-1469.658358379464
 30
0.0
 10
1116.332580444801
 20
-1476.81622952822
 30
0.0
 10
1118.272283168775
 20
-1484.071372104307
 30
0.0
 10
1118.296997033034
 20
-1491.274034487484
 30
0.0
 10
1116.502099247055
 20
-1498.551328586855
 30
0.0
 10
1114.65392935367
 20
-1506.044645805887
 30
0.0
 10
1109.830210203469
 20
-1510.235128186385
 30
0.0
 10
1102.389567426704
 20
-1511.578132937077
 30
0.0
 10
1089.085575609897
 20
-1513.979284833218
 30
0.0
 10
1076.256517140078
 20
-1511.982596563375
 30
0.0
 10
1064.677369982908
 20
-1505.340556892152
 30
0.0
 10
1045.846320745648
 20
-1494.538790674414
 30
0.0
 10
1024.892503123234
 20
-1489.415320306216
 30
0.0
 10
1004.919551313422
 20
-1481.680350105871
 30
0.0
 10
1002.372314681879
 20
-1480.693844526097
 30
0.0
 10
1000.02364327083
 20
-1481.055286598905
 30
0.0
 10
997.6671610582362
 20
-1482.065164171567
 30
0.0
 10
979.1917473787607
 20
-1489.98302174186
 30
0.0
 10
959.3575593401229
 20
-1494.377688686873
 30
0.0
 10
941.6136455317792
 20
-1504.309992359726
 30
0.0
 10
934.1032547381037
 20
-1508.514021952811
 30
0.0
 10
925.5078642815597
 20
-1510.640934329247
 30
0.0
 10
917.033083584789
 20
-1512.460654506711
 30
0.0
 10
909.0673474698724
 20
-1514.170898560824
 30
0.0
 10
901.4488564032708
 20
-1512.411103440845
 30
0.0
 10
894.2255430772684
 20
-1508.972918523385
 30
0.0
 10
890.6880737734609
 20
-1507.289158659649
 30
0.0
 10
888.9426037159983
 20
-1503.916146818967
 30
0.0
 10
887.7822420226103
 20
-1500.405099866231
 30
0.0
 10
885.383715729833
 20
-1493.14721123354
 30
0.0
 10
884.8667383026605
 20
-1485.750555207032
 30
0.0
 10
886.8202929949975
 20
-1478.264377735177
 30
0.0
 10
888.8065249078545
 20
-1470.653102129054
 30
0.0
 10
892.6334515329318
 20
-1464.703556910339
 30
0.0
 10
900.1936972083349
 20
-1461.310346297734
 30
0.0
 10
906.9682860878411
 20
-1458.26985140028
 30
0.0
 10
913.437979108653
 20
-1454.549982098539
 30
0.0
 10
920.7373867278184
 20
-1450.769882621913
 30
0.0
 10
915.6755906852541
 20
-1447.967562367401
 30
0.0
 10
911.2987653249365
 20
-1445.437284787309
 30
0.0
 10
906.4212553812922
 20
-1443.924024527056
 30
0.0
 10
869.0374472227095
 20
-1432.325474729267
 30
0.0
 10
832.8798128627086
 20
-1417.433182591485
 30
0.0
 10
796.4676562117811
 20
-1403.206778668875
 30
0.0
 10
785.487652452709
 20
-1398.916828015765
 30
0.0
 10
774.498007235481
 20
-1394.469985995242
 30
0.0
 10
762.967677587958
 20
-1391.764265909776
 30
0.0
 10
750.429235855262
 20
-1388.82195779185
 30
0.0
 10
742.3297092529665
 20
-1380.134166972759
 30
0.0
 10
734.898799467187
 20
-1370.541519990311
 30
0.0
 10
733.1036270827144
 20
-1368.22415333239
 30
0.0
 10
732.3411280929568
 20
-1365.345187586838
 30
0.0
 10
732.8755272688841
 20
-1362.491790679458
 30
0.0
 10
734.2714029353801
 20
-1355.03880998079
 30
0.0
 10
734.1167124516833
 20
-1347.574784032222
 30
0.0
 10
733.593388748257
 20
-1340.080185320108
 30
0.0
 10
733.5470731359792
 20
-1339.416615997179
 30
0.0
 10
733.4985302248224
 20
-1338.736204193734
 30
0.0
 10
733.5892697708805
 20
-1338.082886815464
 30
0.0
 10
734.2003429478991
 20
-1333.683399015525
 30
0.0
 10
736.5967029636859
 20
-1327.990701624676
 30
0.0
 10
727.8358211494351
 20
-1331.06793265717
 30
0.0
 10
726.3945451989666
 20
-1331.574122424845
 30
0.0
 10
725.477172659851
 20
-1329.38649168568
 30
0.0
 10
724.7457338106069
 20
-1328.167486646609
 30
0.0
 10
714.0788028430961
 20
-1310.388783898699
 30
0.0
 10
696.2917313051294
 20
-1307.989767824365
 30
0.0
 10
678.1445848670928
 20
-1306.983307566585
 30
0.0
 10
671.133185299379
 20
-1306.594465951199
 30
0.0
 10
669.3840386732209
 20
-1306.428909249607
 30
0.0
 10
666.6128364606966
 20
-1299.972319934499
 30
0.0
 10
664.9262830351909
 20
-1296.042773955036
 30
0.0
 10
661.1184715162353
 20
-1294.801495345717
 30
0.0
 10
658.0208784852994
 20
-1292.740915492184
 30
0.0
 10
644.5972990253267
 20
-1283.811410668302
 30
0.0
 10
631.0844598000576
 20
-1275.014998054583
 30
0.0
 10
617.546937221473
 20
-1266.258494796868
 30
0.0
 10
613.0604555301088
 20
-1263.356462175827
 30
0.0
 10
607.9719166455397
 20
-1261.664403118793
 30
0.0
 10
603.0366189748502
 20
-1259.705244289231
 30
0.0
 10
600.6235542174809
 20
-1258.747358721637
 30
0.0
 10
598.5317696954817
 20
-1257.614640883472
 30
0.0
 10
597.6016893483857
 20
-1254.986542664734
 30
0.0
 10
596.5395118712768
 20
-1251.985163818041
 30
0.0
 10
593.9529618889956
 20
-1250.160256644765
 30
0.0
 10
591.6373643407323
 20
-1248.405892614519
 30
0.0
 10
586.2797189342291
 20
-1244.3466107163
 30
0.0
 10
582.5807246953736
 20
-1239.012548318173
 30
0.0
 10
579.7818795680114
 20
-1233.177361101221
 30
0.0
 10
574.7710673120855
 20
-1222.730507443917
 30
0.0
 10
566.6072770349792
 20
-1215.797324748997
 30
0.0
 10
556.4753478345301
 20
-1210.932227795663
 30
0.0
 10
552.0006738783122
 20
-1208.783591060303
 30
0.0
 10
549.1994336418829
 20
-1204.626793640837
 30
0.0
 10
544.9725238026003
 20
-1202.230462599626
 30
0.0
 10
543.2083886754335
 20
-1201.230287760303
 30
0.0
 10
543.7028261430723
 20
-1199.405197516586
 30
0.0
 10
544.9305559997747
 20
-1198.431506867641
 30
0.0
 10
549.7890881365429
 20
-1194.577935120935
 30
0.0
 10
546.405134645106
 20
-1191.491916707302
 30
0.0
 10
543.6969832973864
 20
-1189.167715419608
 30
0.0
 10
541.1767717340754
 20
-1187.004799189894
 30
0.0
 10
538.840777620062
 20
-1185.363023480488
 30
0.0
 10
539.4532237895392
 20
-1181.579140548092
 30
0.0
 10
539.6752366701348
 20
-1180.207393738263
 30
0.0
 10
538.4098868200599
 20
-1179.202581114449
 30
0.0
 10
537.5858625126748
 20
-1178.168416196691
 30
0.0
 10
533.1334462897621
 20
-1172.580740215148
 30
0.0
 10
529.037092777844
 20
-1166.697466495854
 30
0.0
 10
524.5657368867351
 20
-1161.162575824619
 30
0.0
 10
521.295085784097
 20
-1157.113912011944
 30
0.0
 10
516.4920225426658
 20
-1154.304757127658
 30
0.0
 10
512.3791473548263
 20
-1150.934369296621
 30
0.0
 10
510.3919848581918
 20
-1149.305957729364
 30
0.0
 10
508.13608959868
 20
-1147.729843284575
 30
0.0
 10
510.9979932185834
 20
-1144.963404836381
 30
0.0
 10
511.6869913453775
 20
-1144.297333550767
 30
0.0
 10
511.6744666030581
 20
-1143.5214810244
 30
0.0
 10
511.2586558368957
 20
-1142.694490821683
 30
0.0
 10
506.7679178689095
 20
-1133.76327734036
 30
0.0
 10
503.6835742152016
 20
-1124.010687816488
 30
0.0
 10
493.7718577496789
 20
-1118.790495232282
 30
0.0
 10
487.2059141436348
 20
-1115.332416660302
 30
0.0
 10
484.0738704435844
 20
-1109.479471610633
 30
0.0
 10
485.6083611404056
 20
-1101.620440675186
 30
0.0
 10
486.0747323538644
 20
-1099.231798592471
 30
0.0
 10
485.4678620593177
 20
-1096.645318387178
 30
0.0
 10
485.4526256568925
 20
-1094.148786791597
 30
0.0
 10
485.4113405364287
 20
-1087.385066300994
 30
0.0
 10
482.033687554831
 20
-1083.016029217637
 30
0.0
 10
476.0701024375585
 20
-1080.09257735507
 30
0.0
 10
469.3761520748676
 20
-1076.811100734583
 30
0.0
 10
469.0946619237275
 20
-1076.15131486742
 30
0.0
 10
470.4952152992537
 20
-1068.927599383602
 30
0.0
 10
471.007722873198
 20
-1066.284245294828
 30
0.0
 10
469.750923715048
 20
-1064.876494631721
 30
0.0
 10
468.0637734192087
 20
-1063.416019681779
 30
0.0
 10
464.0173091138304
 20
-1059.913149875381
 30
0.0
 10
460.1479188830963
 20
-1056.260223331345
 30
0.0
 10
457.9386443452986
 20
-1051.225481103251
 30
0.0
 10
455.1040747169309
 20
-1044.765718567174
 30
0.0
 10
456.0472137478573
 20
-1040.759221979268
 30
0.0
 10
462.8006146840162
 20
-1039.741960565509
 30
0.0
 10
472.1995680464415
 20
-1038.326215826499
 30
0.0
 10
475.359678000671
 20
-1031.767534229133
 30
0.0
 10
478.282386117161
 20
-1024.74000923393
 30
0.0
 10
481.3478854493715
 20
-1017.369288186481
 30
0.0
 10
487.1024439063885
 20
-1011.491506580398
 30
0.0
 10
489.3840522635592
 20
-1003.742073815261
 30
0.0
 10
489.8831426500865
 20
-1002.046902560742
 30
0.0
 10
491.4171413579425
 20
-1001.183725434308
 30
0.0
 10
492.9672612855866
 20
-1000.464685767943
 30
0.0
 10
497.0241145672371
 20
-998.5828436877064
 30
0.0
 10
497.8797062595722
 20
-995.5145220833101
 30
0.0
 10
496.6170223031886
 20
-991.3772521774854
 30
0.0
 10
495.2108835180625
 20
-986.7700404511825
 30
0.0
 10
492.925438409743
 20
-982.9482009141457
 30
0.0
 10
488.9523300403462
 20
-980.0458631757037
 30
0.0
 10
475.8980817379361
 20
-970.5098459828141
 30
0.0
 10
464.3067988529765
 20
-959.2236753798088
 30
0.0
 10
452.0861257367442
 20
-948.6995659966606
 30
0.0
 10
443.7520395817937
 20
-941.5225029634012
 30
0.0
 10
443.2992752956816
 20
-926.9157091774023
 30
0.0
 10
450.090997023447
 20
-918.1887717958116
 30
0.0
 10
453.1639238634734
 20
-914.240247514027
 30
0.0
 10
453.4456609625622
 20
-909.08449572484
 30
0.0
 10
455.5394048592161
 20
-904.6721319705894
 30
0.0
 10
456.4044063172296
 20
-902.8492385721593
 30
0.0
 10
454.2512509392536
 20
-901.4377044532821
 30
0.0
 10
453.1590888323908
 20
-900.0290994614506
 30
0.0
 10
449.0774435021885
 20
-894.7649089480719
 30
0.0
 10
452.1590764492576
 20
-886.7218006848125
 30
0.0
 10
458.8598193107518
 20
-886.1306662327979
 30
0.0
 10
462.9592811250423
 20
-885.7690410895493
 30
0.0
 10
466.2447605462357
 20
-883.5482135771936
 30
0.0
 10
470.0544866268974
 20
-882.603326010867
 30
0.0
 10
473.4021721411464
 20
-881.7730710519645
 30
0.0
 10
474.8805265157398
 20
-877.8669275771299
 30
0.0
 10
473.2102811895511
 20
-875.8739312278376
 30
0.0
 10
467.5070554880895
 20
-869.0685011885662
 30
0.0
 10
471.7652981594438
 20
-863.6148937928656
 30
0.0
 10
474.755393508588
 20
-858.0440602918361
 30
0.0
 10
477.1091297362636
 20
-853.6588214745043
 30
0.0
 10
477.1755291771206
 20
-849.4055459329529
 30
0.0
 10
476.255464047239
 20
-844.6932517738669
 30
0.0
 10
475.4311575136253
 20
-840.4714338363219
 30
0.0
 10
475.3198841025715
 20
-836.1010847481411
 30
0.0
 10
475.0261285521328
 20
-831.7872739143013
 30
0.0
 10
474.6539713184266
 20
-826.3220720573754
 30
0.0
 10
478.6858819037407
 20
-823.4484458663337
 30
0.0
 10
482.2351208040154
 20
-820.5542547624882
 30
0.0
 10
484.391840241582
 20
-818.7955885768934
 30
0.0
 10
486.1677831038951
 20
-817.0047935290104
 30
0.0
 10
486.8870519005386
 20
-814.3335822215586
 30
0.0
 10
487.6386889943997
 20
-811.5420936347709
 30
0.0
 10
490.0201558558756
 20
-810.4922151708815
 30
0.0
 10
492.2265852481887
 20
-809.4657392116214
 30
0.0
 10
499.1508188641064
 20
-806.2445537895019
 30
0.0
 10
506.3769277553092
 20
-795.6989031178682
 30
0.0
 10
508.9327150787758
 20
-788.7516545107765
 30
0.0
 10
512.3712602759242
 20
-779.4049321532484
 30
0.0
 10
512.7363465984672
 20
-768.7569145936977
 30
0.0
 10
520.2567831203005
 20
-760.9665350733949
 30
0.0
 10
524.3072100344698
 20
-756.7707131383859
 30
0.0
 10
529.1093198089147
 20
-755.3651898323005
 30
0.0
 10
534.586453698018
 20
-755.5715712420988
 30
0.0
 10
536.41515760943
 20
-755.6404667511651
 30
0.0
 10
538.1396819041584
 20
-756.0925592037056
 30
0.0
 10
539.9035881992486
 20
-755.1074266522337
 30
0.0
 10
544.7437832589558
 20
-752.4041169942329
 30
0.0
 10
545.1145522447314
 20
-750.6250689662747
 30
0.0
 10
541.1976869858645
 20
-746.7935572076394
 30
0.0
 10
534.9253082368614
 20
-740.6578598627902
 30
0.0
 10
532.4599019558664
 20
-735.9747959506858
 30
0.0
 10
543.4970450844339
 20
-727.8192214135479
 30
0.0
 10
556.0622983087578
 20
-718.5344531442215
 30
0.0
 10
570.3822206400173
 20
-712.0904346660182
 30
0.0
 10
582.8930347133464
 20
-702.7695252405856
 30
0.0
 10
584.7857200733415
 20
-701.3594099176207
 30
0.0
 10
586.6660332457341
 20
-699.9597906332392
 30
0.0
 10
587.326656195045
 20
-697.5691347756829
 30
0.0
 10
589.9069514339026
 20
-688.2315964519148
 30
0.0
 10
596.5863919360108
 20
-682.9577032051957
 30
0.0
 10
605.4523381843073
 20
-680.867694778367
 30
0.0
 10
613.1017215812335
 20
-679.0644814522784
 30
0.0
 10
618.6826155615454
 20
-675.7792213760222
 30
0.0
 10
621.8679275551303
 20
-668.238351610099
 30
0.0
 10
625.1407449347589
 20
-660.4904139202272
 30
0.0
 10
632.3115946933613
 20
-655.3823824925003
 30
0.0
 10
636.5696104395729
 20
-648.1910399648896
 30
0.0
 10
640.7195106573863
 20
-641.1822949456964
 30
0.0
 10
640.486895223914
 20
-638.4893135117081
 30
0.0
 10
634.4747290568057
 20
-633.1350828533987
 30
0.0
 10
630.626505793145
 20
-629.7079736975811
 30
0.0
 10
632.2885131645808
 20
-621.464067672955
 30
0.0
 10
637.4889661900179
 20
-618.9223634462078
 30
0.0
 10
641.3830931682187
 20
-617.0191326361864
 30
0.0
 10
645.4832605480788
 20
-615.6194370724543
 30
0.0
 10
649.852702260061
 20
-615.1805256916223
 30
0.0
 10
652.6688470924055
 20
-614.8976513494817
 30
0.0
 10
655.4713382775199
 20
-614.4334762478766
 30
0.0
 10
658.292853035925
 20
-614.2573624842225
 30
0.0
 10
668.9603332004208
 20
-613.5915810601382
 30
0.0
 10
677.1802407304131
 20
-610.0798933608612
 30
0.0
 10
681.0454433341483
 20
-598.7495570141118
 30
0.0
 10
683.4890037795758
 20
-591.586537009217
 30
0.0
 10
683.4160368581242
 20
-585.7777348194868
 30
0.0
 10
677.9279419125587
 20
-580.1847192834302
 30
0.0
 10
677.5825580317996
 20
-579.8327434779776
 30
0.0
 10
677.1206986241141
 20
-579.493567347482
 30
0.0
 10
676.976351350274
 20
-579.0606286397679
 30
0.0
 10
672.9973581826443
 20
-567.1269150053022
 30
0.0
 10
662.6559179607102
 20
-560.1516489928954
 30
0.0
 10
654.9992119373373
 20
-551.1267492137013
 30
0.0
 10
648.8367336069286
 20
-543.8630862342025
 30
0.0
 10
642.7540413938514
 20
-536.4582759451632
 30
0.0
 10
635.168166525883
 20
-530.4549842963252
 30
0.0
 10
632.6821958689479
 20
-528.4876406924932
 30
0.0
 10
630.6311892229769
 20
-525.2152985241864
 30
0.0
 10
631.7216350892659
 20
-521.6428199967977
 30
0.0
 10
633.0040405567743
 20
-517.4413724597134
 30
0.0
 10
636.666818305659
 20
-514.4620383452175
 30
0.0
 10
640.5821503896141
 20
-514.4605165721814
 30
0.0
 10
657.6213529352463
 20
-514.4538955245871
 30
0.0
 10
674.9101807653688
 20
-513.7992813973678
 30
0.0
 10
691.0799892305859
 20
-520.408711646397
 30
0.0
 10
696.0424416410169
 20
-522.4371244979693
 30
0.0
 10
699.4577756378749
 20
-527.5464030930716
 30
0.0
 10
704.5269858397178
 20
-529.9574674907644
 30
0.0
 10
711.5165853382796
 20
-533.2819122691981
 30
0.0
 10
717.3408193487148
 20
-539.0542605574856
 30
0.0
 10
725.3319405686489
 20
-540.2274674747168
 30
0.0
 10
730.4955211188299
 20
-540.9855392845611
 30
0.0
 10
735.5751965743029
 20
-542.4533446800533
 30
0.0
 10
740.8963051259288
 20
-542.0985770503848
 30
0.0
 10
752.3109372755862
 20
-541.3375532296895
 30
0.0
 10
764.1576348965709
 20
-547.0792677309519
 30
0.0
 10
767.4296284807242
 20
-556.9180758043085
 30
0.0
 10
770.0000839402928
 20
-564.6474623562217
 30
0.0
 10
774.5219888370957
 20
-570.5157014155984
 30
0.0
 10
780.3300520474595
 20
-575.1227224435261
 30
0.0
 10
789.8725937240051
 20
-582.6919833835791
 30
0.0
 10
796.4625608842116
 20
-593.3811689084123
 30
0.0
 10
806.1088702797024
 20
-600.2642818378881
 30
0.0
 10
814.6956566501713
 20
-606.3913596161692
 30
0.0
 10
821.4221297717313
 20
-613.7978404229771
 30
0.0
 10
828.1248348682811
 20
-621.4838545363873
 30
0.0
 10
836.8469067623619
 20
-631.4855571620164
 30
0.0
 10
841.9004648501741
 20
-643.5674739459109
 30
0.0
 10
846.0630118540803
 20
-655.9371011827479
 30
0.0
 10
848.6096382667529
 20
-663.504836535798
 30
0.0
 10
844.6539554599794
 20
-670.3307857202626
 30
0.0
 10
840.8955259031272
 20
-676.3881594283657
 30
0.0
 10
837.2613369083301
 20
-682.2454524009927
 30
0.0
 10
832.5939558327764
 20
-687.5999729208334
 30
0.0
 10
826.6942987699349
 20
-691.5812210438371
 30
0.0
 10
824.4396620868447
 20
-693.1027194739081
 30
0.0
 10
822.9113689254291
 20
-695.328215282494
 30
0.0
 10
821.4529763356404
 20
-697.555602818964
 30
0.0
 10
817.4146698937875
 20
-703.723337490881
 30
0.0
 10
811.7280707496166
 20
-707.8882052655945
 30
0.0
 10
805.226341238098
 20
-711.0694813317104
 30
0.0
 10
796.5562599917921
 20
-715.3117879027086
 30
0.0
 10
789.8501986914544
 20
-721.859927693883
 30
0.0
 10
785.4149753852207
 20
-730.188763146979
 30
0.0
 10
783.0262125943718
 20
-734.6746907065253
 30
0.0
 10
782.413003651307
 20
-740.0228190168218
 30
0.0
 10
784.3453532378908
 20
-745.5292117228346
 30
0.0
 10
785.8236084519176
 20
-749.7414184622585
 30
0.0
 10
787.0222308684915
 20
-754.19686479348
 30
0.0
 10
786.8794701637153
 20
-758.9493429142321
 30
0.0
 10
786.5867786824319
 20
-768.690948211678
 30
0.0
 10
778.7784180142435
 20
-771.1019859115977
 30
0.0
 10
772.2127680760295
 20
-774.6560544178246
 30
0.0
 10
763.8722660417352
 20
-779.1709071069517
 30
0.0
 10
754.4878015636186
 20
-781.3759295379541
 30
0.0
 10
746.2737673902548
 20
-786.2767557389006
 30
0.0
 10
740.2447439268462
 20
-789.8739678455795
 30
0.0
 10
734.3106094978166
 20
-793.4735903797227
 30
0.0
 10
729.6627249151788
 20
-798.8810640244455
 30
0.0
 10
726.2376884382793
 20
-802.865836253427
 30
0.0
 10
721.8059738905513
 20
-804.9024338792715
 30
0.0
 10
716.5190681066224
 20
-805.1571763970724
 30
0.0
 10
713.860466531195
 20
-805.2852341701246
 30
0.0
 10
711.216174588284
 20
-805.8730428424724
 30
0.0
 10
708.5619970996686
 20
-805.8988557745679
 30
0.0
 10
701.1671512491412
 20
-805.9708329693804
 30
0.0
 10
695.1774411364713
 20
-809.117935886623
 30
0.0
 10
690.9552299824918
 20
-814.8588723385137
 30
0.0
 10
687.0920716119736
 20
-820.1116209493675
 30
0.0
 10
682.0498330842111
 20
-823.0924043715177
 30
0.0
 10
675.975760212681
 20
-823.7986596187975
 30
0.0
 10
667.958765712634
 20
-824.7308237895168
 30
0.0
 10
662.5577489999032
 20
-833.3836786662305
 30
0.0
 10
666.1999166064334
 20
-842.450974508245
 30
0.0
 10
668.4293665056402
 20
-848.0013041199509
 30
0.0
 10
671.0932159633539
 20
-853.3888535984115
 30
0.0
 10
673.7792926434304
 20
-858.740399223595
 30
0.0
 10
676.0681320942176
 20
-863.3005923584587
 30
0.0
 10
674.9858631607949
 20
-866.6842833081637
 30
0.0
 10
670.9003715447734
 20
-869.4587768557349
 30
0.0
 10
667.8641512767472
 20
-871.5206687140935
 30
0.0
 10
664.8906462531477
 20
-873.6933487006272
 30
0.0
 10
661.3159841091765
 20
-874.7292832993071
 30
0.0
 10
657.9461724400662
 20
-875.7058115400805
 30
0.0
 10
654.996435441476
 20
-877.1756841059623
 30
0.0
 10
652.1002909151966
 20
-879.3430245379841
 30
0.0
 10
646.8284270264276
 20
-883.2883145753221
 30
0.0
 10
640.3289705802026
 20
-884.7239834805905
 30
0.0
 10
633.9643725043798
 20
-886.016460789735
 30
0.0
 10
622.190245162581
 20
-888.4074217646921
 30
0.0
 10
610.2793982828243
 20
-887.2686931137341
 30
0.0
 10
598.3933873111018
 20
-887.2521862623589
 30
0.0
 10
590.5228453399986
 20
-887.2412325476753
 30
0.0
 10
582.4815793843736
 20
-885.8320173210432
 30
0.0
 10
574.7805104491072
 20
-889.5323896208811
 30
0.0
 10
571.0167262216664
 20
-891.3409425014815
 30
0.0
 10
569.4654278088283
 20
-893.7219566491776
 30
0.0
 10
569.5948399758108
 20
-897.5891976554294
 30
0.0
 10
569.7174329469144
 20
-901.2515523271459
 30
0.0
 10
569.8113761420427
 20
-904.9181481307323
 30
0.0
 10
570.0722294537527
 20
-908.5718679800111
 30
0.0
 10
570.7471925465225
 20
-918.0258085921259
 30
0.0
 10
565.5875402803213
 20
-927.3028116236046
 30
0.0
 10
556.9094499113389
 20
-930.9431673307363
 30
0.0
 10
552.8475508824022
 20
-932.647064942913
 30
0.0
 10
551.6066174148873
 20
-935.2402272192803
 30
0.0
 10
552.4775751811576
 20
-939.1255311756495
 30
0.0
 10
553.0336218715192
 20
-941.6059830842178
 30
0.0
 10
552.784622061371
 20
-943.9639303564245
 30
0.0
 10
552.6981311641994
 20
-946.445968875475
 30
0.0
 10
552.5276894059052
 20
-951.3370008078609
 30
0.0
 10
555.9283476389246
 20
-954.5769509501215
 30
0.0
 10
559.499394236087
 20
-957.4884727223243
 30
0.0
 10
570.8531875643457
 20
-966.7454600523206
 30
0.0
 10
582.3660649521689
 20
-975.7948760146564
 30
0.0
 10
593.1610350942037
 20
-985.7435034684413
 30
0.0
 10
597.6114986167304
 20
-989.8451356618725
 30
0.0
 10
601.1353600397242
 20
-994.6437170218624
 30
0.0
 10
605.1558633460263
 20
-999.0446083618472
 30
0.0
 10
609.186709862186
 20
-1003.456850069135
 30
0.0
 10
607.3733987217847
 20
-1009.12464988009
 30
0.0
 10
601.8489499870029
 20
-1011.349260848216
 30
0.0
 10
598.8495106614027
 20
-1012.55709859042
 30
0.0
 10
599.1641242556116
 20
-1014.712081767717
 30
0.0
 10
600.1438001414153
 20
-1017.106521081041
 30
0.0
 10
604.1445628672545
 20
-1026.884740466565
 30
0.0
 10
602.40893258908
 20
-1031.605516889391
 30
0.0
 10
592.2287121927584
 20
-1034.116999237602
 30
0.0
 10
574.6487489394731
 20
-1038.454060017371
 30
0.0
 10
563.8904910902411
 20
-1050.693966591323
 30
0.0
 10
554.4310764793427
 20
-1064.74035124755
 30
0.0
 10
552.1316954975664
 20
-1068.154798031239
 30
0.0
 10
555.7617197485715
 20
-1077.945039042352
 30
0.0
 10
559.8623524203194
 20
-1081.145659551665
 30
0.0
 10
567.300188190281
 20
-1086.951067310314
 30
0.0
 10
575.2724536471133
 20
-1092.338220136153
 30
0.0
 10
581.613375230756
 20
-1099.201225828925
 30
0.0
 10
587.040372011903
 20
-1105.074979885321
 30
0.0
 10
592.2429150369717
 20
-1111.94067061122
 30
0.0
 10
592.2365535052459
 20
-1120.88842145566
 30
0.0
 10
592.2364314614715
 20
-1121.053978157252
 30
0.0
 10
592.3016180923232
 20
-1121.226064371214
 30
0.0
 10
592.273959922014
 20
-1121.38417620823
 30
0.0
 10
591.8321309487565
 20
-1123.908168369871
 30
0.0
 10
596.1337010668567
 20
-1125.532552387442
 30
0.0
 10
593.9576758297717
 20
-1128.07991654197
 30
0.0
 10
591.3401267288637
 20
-1131.144271620156
 30
0.0
 10
587.741589771581
 20
-1133.201983370127
 30
0.0
 10
583.8310326502888
 20
-1134.179091333961
 30
0.0
 10
577.2886473065164
 20
-1135.813849343154
 30
0.0
 10
572.690678627494
 20
-1139.926587809965
 30
0.0
 10
568.7702207050261
 20
-1145.053658563495
 30
0.0
 10
565.0051016238058
 20
-1149.977582151671
 30
0.0
 10
565.4568542814468
 20
-1153.643872837853
 30
0.0
 10
570.7045077365237
 20
-1157.180000440923
 30
0.0
 10
578.1501848189728
 20
-1162.197289953696
 30
0.0
 10
585.7399040658256
 20
-1167.008014986233
 30
0.0
 10
593.3744286332521
 20
-1171.735137850992
 30
0.0
 10
597.6165481778853
 20
-1174.361771506206
 30
0.0
 10
601.1009284399506
 20
-1177.271981273589
 30
0.0
 10
602.1271182591654
 20
-1182.582366561426
 30
0.0
 10
602.9049032316316
 20
-1186.607231216851
 30
0.0
 10
606.6497401631405
 20
-1188.068621518993
 30
0.0
 10
609.85168062095
 20
-1189.847883129132
 30
0.0
 10
619.0006158704864
 20
-1194.931749258729
 30
0.0
 10
628.4626239115842
 20
-1199.470187522926
 30
0.0
 10
635.9824120758667
 20
-1207.12002996849
 30
0.0
 10
638.9496318451002
 20
-1210.13861743658
 30
0.0
 10
638.53077761232
 20
-1212.150500552973
 30
0.0
 10
636.0950127129645
 20
-1215.113373583703
 30
0.0
 10
626.6699839354251
 20
-1226.57840400697
 30
0.0
 10
629.3561674038028
 20
-1237.999802641942
 30
0.0
 10
639.2235133296963
 20
-1246.260673194043
 30
0.0
 10
658.1435477337618
 20
-1262.100110766918
 30
0.0
 10
679.9501614833098
 20
-1272.49485037219
 30
0.0
 10
702.4443393453057
 20
-1281.916570586796
 30
0.0
 10
711.837011267231
 20
-1285.850632303791
 30
0.0
 10
720.4914098885629
 20
-1291.615642518595
 30
0.0
 10
729.8324267830922
 20
-1295.50393662549
 30
0.0
 10
737.8898787942599
 20
-1298.857787093413
 30
0.0
 10
739.2121620649623
 20
-1305.488049232972
 30
0.0
 10
741.6301238287679
 20
-1311.915103183699
 30
0.0
 10
742.544445273531
 20
-1314.34560737378
 30
0.0
 10
745.2272725381208
 20
-1316.024363312146
 30
0.0
 10
744.2508003013872
 20
-1319.524487061935
 30
0.0
 10
743.7757143996823
 20
-1321.227591368872
 30
0.0
 10
746.3251173082162
 20
-1321.298988840626
 30
0.0
 10
748.097620061646
 20
-1320.6366399873
 30
0.0
 10
754.9544664449095
 20
-1318.074508150577
 30
0.0
 10
761.9430895932783
 20
-1315.842269247438
 30
0.0
 10
768.7051689859381
 20
-1313.056364309083
 30
0.0
 10
774.1890534212962
 20
-1310.797214051207
 30
0.0
 10
779.1219102165032
 20
-1311.102514522292
 30
0.0
 10
784.5308597745525
 20
-1313.551813944254
 30
0.0
 10
808.6557407799228
 20
-1324.47629838053
 30
0.0
 10
831.8758502658557
 20
-1337.206528617324
 30
0.0
 10
855.6540354198951
 20
-1348.808922894361
 30
0.0
 10
894.834663553901
 20
-1367.926846937196
 30
0.0
 10
934.5236345180601
 20
-1385.952389662234
 30
0.0
 10
974.7223823267177
 20
-1402.848265723114
 30
0.0
 10
982.2263048003642
 20
-1406.002203270131
 30
0.0
 10
989.4972457092163
 20
-1409.721035172708
 30
0.0
 10
996.8132817926062
 20
-1413.306652818163
 30
0.0
 10
999.8325227205569
 20
-1414.786411187823
 30
0.0
 10
1002.706592579194
 20
-1415.34105359872
 30
0.0
 10
1005.868258591543
 20
-1413.782025728371
 30
0.0
 10
1050.653258876908
 20
-1391.697872363395
 30
0.0
 10
1097.447892968816
 20
-1373.997767857891
 30
0.0
 10
1142.095227876973
 20
-1351.654691866726
 30
0.0
 10
1167.084605956323
 20
-1339.149150083769
 30
0.0
 10
1191.535893035576
 20
-1325.588939493733
 30
0.0
 10
1217.133537285137
 20
-1314.274209902029
 30
0.0
 10
1223.682284160635
 20
-1311.379561122081
 30
0.0
 10
1229.3724530852
 20
-1310.362055614401
 30
0.0
 10
1236.052763149199
 20
-1313.90727571601
 30
0.0
 10
1241.130699480891
 20
-1316.602133622011
 30
0.0
 10
1246.978915092941
 20
-1317.844388607009
 30
0.0
 10
1252.482296021215
 20
-1319.739167665033
 30
0.0
 10
1254.748954016057
 20
-1320.519535928928
 30
0.0
 10
1255.175130875283
 20
-1320.08626922001
 30
0.0
 10
1255.69552552813
 20
-1317.394096347132
 30
0.0
 10
1256.51205939888
 20
-1313.169257747322
 30
0.0
 10
1258.850418111015
 20
-1309.240566096578
 30
0.0
 10
1260.527604676858
 20
-1305.179453493954
 30
0.0
 10
1262.027217551356
 20
-1301.548373355807
 30
0.0
 10
1263.744678562658
 20
-1299.015349719106
 30
0.0
 10
1267.823137406194
 20
-1296.715191682582
 30
0.0
 10
1285.033872476353
 20
-1287.008918980133
 30
0.0
 10
1303.076763020346
 20
-1279.18589189796
 30
0.0
 10
1321.104276048802
 20
-1271.309103129792
 30
0.0
 10
1336.409602695512
 20
-1264.621600965871
 30
0.0
 10
1349.610528545074
 20
-1254.821046986621
 30
0.0
 10
1362.357451554912
 20
-1244.35698470792
 30
0.0
 10
1371.308508080185
 20
-1237.009025418556
 30
0.0
 10
1371.892365495572
 20
-1224.902821289572
 30
0.0
 10
1363.641962277523
 20
-1215.269593692836
 30
0.0
 10
1360.960660560109
 20
-1212.138906091746
 30
0.0
 10
1360.649693023652
 20
-1210.062399109898
 30
0.0
 10
1363.775844297732
 20
-1206.91834736666
 30
0.0
 10
1370.974047117208
 20
-1199.67894884845
 30
0.0
 10
1379.897033574434
 20
-1195.196652185972
 30
0.0
 10
1388.658495096613
 20
-1190.451527394573
 30
0.0
 10
1393.339789162415
 20
-1187.91630691259
 30
0.0
 10
1397.499346093855
 20
-1185.418127683046
 30
0.0
 10
1398.487656576679
 20
-1179.46687380689
 30
0.0
 10
1399.0289207149
 20
-1176.207609733166
 30
0.0
 10
1402.070495653516
 20
-1174.373793131792
 30
0.0
 10
1404.753139852444
 20
-1172.656104213107
 30
0.0
 10
1412.177245697816
 20
-1167.902558181453
 30
0.0
 10
1419.63204555238
 20
-1163.196793534738
 30
0.0
 10
1427.078302342756
 20
-1158.477847816321
 30
0.0
 10
1434.630981304163
 20
-1153.691471152357
 30
0.0
 10
1435.174076098996
 20
-1150.091879129952
 30
0.0
 10
1429.404944852577
 20
-1143.280682371809
 30
0.0
 10
1425.777132644977
 20
-1138.997505324995
 30
0.0
 10
1421.612999072007
 20
-1135.561334182377
 30
0.0
 10
1415.958100798163
 20
-1134.308033947476
 30
0.0
 10
1413.304503017474
 20
-1133.719950669467
 30
0.0
 10
1411.152200038983
 20
-1132.075672997376
 30
0.0
 10
1408.839897672622
 20
-1130.761837470185
 30
0.0
 10
1405.720153696682
 20
-1128.989288442863
 30
0.0
 10
1403.542160503739
 20
-1127.045568553775
 30
0.0
 10
1406.698517611914
 20
-1123.451834785461
 30
0.0
 10
1407.003566025327
 20
-1123.104428113085
 30
0.0
 10
1407.158256509025
 20
-1122.544171542017
 30
0.0
 10
1407.207501171881
 20
-1122.064710058636
 30
0.0
 10
1408.533445755806
 20
-1109.150005841413
 30
0.0
 10
1415.422694761099
 20
-1099.946139450869
 30
0.0
 10
1425.872448832564
 20
-1092.67482565255
 30
0.0
 10
1431.267149779984
 20
-1088.920966272377
 30
0.0
 10
1435.703685056789
 20
-1083.858031196465
 30
0.0
 10
1441.074038271274
 20
-1079.943619040074
 30
0.0
 10
1443.364616845842
 20
-1078.274016623727
 30
0.0
 10
1443.799031659823
 20
-1075.425806712159
 30
0.0
 10
1444.695809312054
 20
-1072.674685157479
 30
0.0
 10
1448.334605459326
 20
-1061.511720960854
 30
0.0
 10
1438.942177624947
 20
-1056.664686957643
 30
0.0
 10
1433.852403047165
 20
-1050.376156306807
 30
0.0
 10
1427.472198623727
 20
-1042.493509284548
 30
0.0
 10
1418.85889824333
 20
-1036.999626391964
 30
0.0
 10
1408.469189708732
 20
-1034.523476638744
 30
0.0
 10
1397.29583810051
 20
-1031.86047298937
 30
0.0
 10
1395.49221418468
 20
-1027.667427622706
 30
0.0
 10
1399.567316824428
 20
-1016.801464703873
 30
0.0
 10
1400.422111418366
 20
-1014.522176697552
 30
0.0
 10
1400.549647162319
 20
-1012.565519830678
 30
0.0
 10
1397.893669528037
 20
-1011.408514647421
 30
0.0
 10
1392.053569826967
 20
-1008.864506784299
 30
0.0
 10
1390.62114205012
 20
-1003.577859630233
 30
0.0
 10
1394.551134642443
 20
-998.7272862651726
 30
0.0
 10
1402.118153747309
 20
-989.3875816078607
 30
0.0
 10
1410.920866065138
 20
-981.2820158126879
 30
0.0
 10
1420.122356414908
 20
-973.6108151490798
 30
0.0
 10
1427.02820337348
 20
-967.853432869294
 30
0.0
 10
1434.178015836518
 20
-962.388200500628
 30
0.0
 10
1441.065068053875
 20
-956.6091548853974
 30
0.0
 10
1444.990239917119
 20
-953.3154430571421
 30
0.0
 10
1445.986788354694
 20
-949.1080571726479
 30
0.0
 10
1446.895587318679
 20
-943.7977939317725
 30
0.0
 10
1448.388975960695
 20
-935.0714667849816
 30
0.0
 10
1444.123851164641
 20
-932.3324583911062
 30
0.0
 10
1438.36863290847
 20
-927.958112264977
 30
0.0
 10
1432.850179574092
 20
-923.7638159169701
 30
0.0
 10
1427.915095480008
 20
-917.6335496618531
 30
0.0
 10
1429.435333752332
 20
-909.241112486593
 30
0.0
 10
1429.759909169605
 20
-907.4492190160663
 30
0.0
 10
1429.727384503802
 20
-905.5897725530385
 30
0.0
 10
1429.821541275534
 20
-903.7595258252522
 30
0.0
 10
1430.458731820214
 20
-891.3825605149295
 30
0.0
 10
1426.882055953971
 20
-887.3335305613718
 30
0.0
 10
1414.333332033304
 20
-887.0563619146233
 30
0.0
 10
1405.894737315561
 20
-886.8699656945673
 30
0.0
 10
1397.434052674702
 20
-887.0721059724965
 30
0.0
 10
1388.999790510938
 20
-887.4601237709003
 30
0.0
 10
1377.631718061108
 20
-887.9830949956113
 30
0.0
 10
1366.294461664243
 20
-887.5935210984635
 30
0.0
 10
1355.745791113854
 20
-883.1850628469429
 30
0.0
 10
1346.641447608286
 20
-879.3802183491234
 30
0.0
 10
1337.877606232512
 20
-874.6466269954717
 30
0.0
 10
1329.300980006239
 20
-869.7338096806789
 30
0.0
 10
1323.704784787747
 20
-866.5282462694722
 30
0.0
 10
1323.42432819482
 20
-863.9730405977461
 30
0.0
 10
1326.186117781264
 20
-858.0438772213956
 30
0.0
 10
1328.504522336334
 20
-853.0665885998469
 30
0.0
 10
1330.984756935884
 20
-848.1606974500492
 30
0.0
 10
1333.168547208097
 20
-843.1256806162974
 30
0.0
 10
1337.168165773553
 20
-833.9037512756349
 30
0.0
 10
1331.929924944556
 20
-824.6305622116643
 30
0.0
 10
1323.324130256267
 20
-823.7210072403323
 30
0.0
 10
1317.426914068908
 20
-823.0977134142886
 30
0.0
 10
1312.530883982541
 20
-820.0965786615161
 30
0.0
 10
1308.769067710959
 20
-815.0095393109541
 30
0.0
 10
1304.41643752886
 20
-809.1235805585357
 30
0.0
 10
1298.309794225112
 20
-805.8219356778645
 30
0.0
 10
1290.726787385835
 20
-805.9132573158777
 30
0.0
 10
1280.507024806699
 20
-806.0363111635597
 30
0.0
 10
1272.404416599107
 20
-802.4365970941953
 30
0.0
 10
1265.285054057711
 20
-794.5968190667281
 30
0.0
 10
1259.27580168571
 20
-787.9795549284363
 30
0.0
 10
1250.694598817907
 20
-784.1905765354504
 30
0.0
 10
1242.258628041307
 20
-780.9996892712152
 30
0.0
 10
1234.297834699242
 20
-777.9885771794407
 30
0.0
 10
1226.690175017593
 20
-774.31468906998
 30
0.0
 10
1219.207366116869
 20
-770.3082229938118
 30
0.0
 10
1213.451476619941
 20
-767.2264152003072
 30
0.0
 10
1212.674484932008
 20
-761.6271752692783
 30
0.0
 10
1212.625667422359
 20
-756.2020048153181
 30
0.0
 10
1212.59283764712
 20
-752.5493223652011
 30
0.0
 10
1213.966135215403
 20
-748.7565910281874
 30
0.0
 10
1215.295436003118
 20
-745.2481680850979
 30
0.0
 10
1217.413017527871
 20
-739.6596682865702
 30
0.0
 10
1216.562616509804
 20
-734.1724369533185
 30
0.0
 10
1213.831154801228
 20
-729.5241869366282
 30
0.0
 10
1208.876299615735
 20
-721.0919624523222
 30
0.0
 10
1202.090482709009
 20
-714.2122058142531
 30
0.0
 10
1192.737902166882
 20
-710.4168199558544
 30
0.0
 10
1188.464234306641
 20
-708.6825021388313
 30
0.0
 10
1184.646277898961
 20
-705.6830150200221
 30
0.0
 10
1182.190574098007
 20
-702.3066011203218
 30
0.0
 10
1175.776624571026
 20
-693.4878386570063
 30
0.0
 10
1166.361862725984
 20
-687.5750905968107
 30
0.0
 10
1160.262358983022
 20
-678.6189490238521
 30
0.0
 10
1154.207645305161
 20
-669.7286975535644
 30
0.0
 10
1151.161432703129
 20
-660.9728655541312
 30
0.0
 10
1155.629882426867
 20
-649.5555860040668
 30
0.0
 10
1162.142443323337
 20
-632.9153678131925
 30
0.0
 10
1171.077878245524
 20
-617.5011265939902
 30
0.0
 10
1184.808779184201
 20
-607.2012022209683
 30
0.0
 10
1197.139960077498
 20
-597.9513088705371
 30
0.0
 10
1205.519729696116
 20
-585.0947218902011
 30
0.0
 10
1218.137286305386
 20
-576.3211930815314
 30
0.0
 10
1223.853084422517
 20
-572.3468253559113
 30
0.0
 10
1229.342918491862
 20
-566.6038675012414
 30
0.0
 10
1231.431331554602
 20
-558.5059525248907
 30
0.0
 10
1234.072969045426
 20
-548.2631613851399
 30
0.0
 10
1246.469321314104
 20
-541.889159722451
 30
0.0
 10
1258.428268696334
 20
-541.8940492287957
 30
0.0
 10
1268.068872545386
 20
-541.8979928711988
 30
0.0
 10
1277.656021221372
 20
-541.1244744929472
 30
0.0
 10
1286.184745266302
 20
-534.9579831744368
 30
0.0
 10
1291.31985910617
 20
-531.2451620846532
 30
0.0
 10
1297.817469640311
 20
-529.237005214517
 30
0.0
 10
1302.496261808745
 20
-524.8066090218881
 30
0.0
 10
1308.244279482242
 20
-519.3638027821708
 30
0.0
 10
1314.936122682895
 20
-517.3658864147937
 30
0.0
 10
1322.557451267247
 20
-516.4655917565715
 30
0.0
 10
1333.280217261417
 20
-515.1989311934894
 30
0.0
 10
1344.022937412657
 20
-514.5799318948602
 30
0.0
 10
1354.785855808514
 20
-514.0829185330094
 30
0.0
 10
1356.417886177933
 20
-514.0075545350492
 30
0.0
 10
1358.147490544759
 20
-514.1228278890148
 30
0.0
 10
1359.698605891936
 20
-514.5913737973842
 30
0.0
 10
1363.70884226574
 20
-515.8027356455668
 30
0.0
 10
1367.539308160267
 20
-518.0818367674792
 30
0.0
 10
1367.973234799148
 20
-522.3634767853882
 30
0.0
 10
1368.3804338515
 20
-526.3817509049613
 30
0.0
 10
1365.611077551059
 20
-529.4099953387813
 30
0.0
 10
1362.345735352596
 20
-532.230958266472
 30
0.0
 10
1357.277989676042
 20
-536.609064964563
 30
0.0
 10
1352.968990143192
 20
-541.8750709264759
 30
0.0
 10
1348.411082333025
 20
-546.8315963089108
 30
0.0
 10
1341.566989524157
 20
-554.2743326908503
 30
0.0
 10
1334.700684748399
 20
-561.6998299396528
 30
0.0
 10
1328.010733226245
 20
-569.2799759429736
 30
0.0
 10
1324.199672291803
 20
-573.5981575835785
 30
0.0
 10
1322.346437581793
 20
-579.1920884718375
 30
0.0
 10
1318.724849606673
 20
-583.7914052853985
 30
0.0
 10
1315.749666481179
 20
-587.5697274531667
 30
0.0
 10
1316.265545514383
 20
-592.8139251488674
 30
0.0
 10
1318.205675391568
 20
-597.5498506506347
 30
0.0
 10
1319.449972690607
 20
-600.5872180947345
 30
0.0
 10
1321.695212003089
 20
-603.006982152313
 30
0.0
 10
1322.468481355912
 20
-606.452749237179
 30
0.0
 10
1323.114947227426
 20
-609.3336067106166
 30
0.0
 10
1326.504468966057
 20
-610.6687851999823
 30
0.0
 10
1329.35577766082
 20
-611.7345145128356
 30
0.0
 10
1335.36191791658
 20
-613.9795378350618
 30
0.0
 10
1341.718323804065
 20
-614.3623838935255
 30
0.0
 10
1348.000771164434
 20
-615.0302248600638
 30
0.0
 10
1351.675021028086
 20
-615.4207903887627
 30
0.0
 10
1355.14832581765
 20
-616.3930317300574
 30
0.0
 10
1358.680516728227
 20
-617.3974324453802
 30
0.0
 10
1363.205411697496
 20
-618.6841125239125
 30
0.0
 10
1365.559758144042
 20
-621.5869537060662
 30
0.0
 10
1366.904070315972
 20
-625.8465299219415
 30
0.0
 10
1367.859917154879
 20
-628.8752015201226
 30
0.0
 10
1367.562008302253
 20
-631.166602687249
 30
0.0
 10
1364.92842570052
 20
-633.3536842150925
 30
0.0
 10
1359.167349343192
 20
-638.1380471042121
 30
0.0
 10
1358.623461263825
 20
-641.3375691908868
 30
0.0
 10
1362.688373248437
 20
-647.5457014066496
 30
0.0
 10
1368.955809224588
 20
-657.1175088706341
 30
0.0
 10
1377.078005457926
 20
-665.37988975387
 30
0.0
 10
1382.33626146588
 20
-675.7056728265961
 30
0.0
 10
1384.189374132116
 20
-679.3447470406436
 30
0.0
 10
1388.638662983318
 20
-679.1366112057913
 30
0.0
 10
1392.026415087224
 20
-680.087692655351
 30
0.0
 10
1401.707476447395
 20
-682.805586925103
 30
0.0
 10
1409.481542815058
 20
-687.4176957856862
 30
0.0
 10
1412.30502552932
 20
-697.843465830605
 30
0.0
 10
1412.717472463959
 20
-699.3662457537584
 30
0.0
 10
1413.705050684137
 20
-700.6335813890901
 30
0.0
 10
1414.951483749222
 20
-701.3829039574712
 30
0.0
 10
1421.471123184592
 20
-705.3022437598838
 30
0.0
 10
1426.927822369265
 20
-710.7710765138763
 30
0.0
 10
1434.070129140197
 20
-713.8362554090454
 30
0.0
 10
1441.418628867501
 20
-716.9899030945317
 30
0.0
 10
1447.544311000012
 20
-722.2893041559446
 30
0.0
 10
1454.247382227884
 20
-726.5762951702682
 30
0.0
 10
1457.056158667367
 20
-728.3725823313625
 30
0.0
 10
1460.257488906303
 20
-729.6611846495189
 30
0.0
 10
1462.069350776888
 20
-733.1945356842416
 30
0.0
 10
1464.12719187421
 20
-737.2077753667045
 30
0.0
 10
1464.031875686622
 20
-740.3680288439145
 30
0.0
 10
1461.193137500595
 20
-743.6386737966795
 30
0.0
 10
1460.321134734508
 20
-744.6433643735336
 30
0.0
 10
1459.316165276517
 20
-745.5509360817605
 30
0.0
 10
1458.561812708682
 20
-746.6350182062624
 30
0.0
 10
1457.506561215756
 20
-748.1515127109624
 30
0.0
 10
1454.424284678471
 20
-749.0787339797917
 30
0.0
 10
1455.656255556325
 20
-751.1778806727689
 30
0.0
 10
1457.103938804934
 20
-753.644510763087
 30
0.0
 10
1459.396409058001
 20
-756.3226177237939
 30
0.0
 10
1462.825717066997
 20
-755.8134378055929
 30
0.0
 10
1476.368731615416
 20
-753.8024090179224
 30
0.0
 10
1481.610267626316
 20
-762.2239238814645
 30
0.0
 10
1486.011776339948
 20
-772.9177700745931
 30
0.0
 10
1487.323990999286
 20
-776.1060638409235
 30
0.0
 10
1487.734058080328
 20
-779.8366122516854
 30
0.0
 10
1488.298022360537
 20
-783.3520834067303
 30
0.0
 10
1488.806334679746
 20
-786.520605565499
 30
0.0
 10
1490.043126286677
 20
-790.4581151091197
 30
0.0
 10
1491.875491511311
 20
-793.5026680680048
 30
0.0
 10
1494.431698360253
 20
-797.7495971676226
 30
0.0
 10
1497.774233245847
 20
-801.5393688658505
 30
0.0
 10
1500.935533126874
 20
-805.3977919792233
 30
0.0
 10
1502.17928122893
 20
-806.9159341178874
 30
0.0
 10
1503.667483010548
 20
-808.3524268401379
 30
0.0
 10
1505.665217549114
 20
-808.940723700327
 30
0.0
 10
1509.362411642302
 20
-810.0294436093191
 30
0.0
 10
1512.177351292377
 20
-811.8775702167832
 30
0.0
 10
1513.293807738026
 20
-815.9385607724462
 30
0.0
 10
1514.185459551745
 20
-819.1825384643953
 30
0.0
 10
1517.335043230458
 20
-820.8083565337474
 30
0.0
 10
1519.746506163292
 20
-822.637199721491
 30
0.0
 10
1523.913324699291
 20
-825.797453198702
 30
0.0
 10
1524.432865045721
 20
-829.7933622128066
 30
0.0
 10
1524.541239917138
 20
-834.5003168173816
 30
0.0
 10
1524.679393469441
 20
-840.4997182193611
 30
0.0
 10
1522.148449681745
 20
-846.1393556942376
 30
0.0
 10
1522.869972474342
 20
-852.2337096312986
 30
0.0
 10
1523.360344358754
 20
-856.3757698803138
 30
0.0
 10
1525.104838066025
 20
-860.1196824332237
 30
0.0
 10
1527.330672418422
 20
-863.0173213636972
 30
0.0
 10
1530.027473695149
 20
-866.5278801285913
 30
0.0
 10
1529.82488103011
 20
-869.1935688110925
 30
0.0
 10
1528.025711712035
 20
-872.502200880238
 30
0.0
 10
1524.474115841373
 20
-879.0334219115466
 30
0.0
 10
1525.847474431543
 20
-881.1653382133536
 30
0.0
 10
1532.553901863204
 20
-883.8639490633841
 30
0.0
 10
1537.211580458716
 20
-885.7381326968643
 30
0.0
 10
1543.158407440253
 20
-884.763892836595
 30
0.0
 10
1546.521567723674
 20
-890.0228963541622
 30
0.0
 10
1548.77071243693
 20
-893.5402287253519
 30
0.0
 10
1549.571563682704
 20
-896.7424663568918
 30
0.0
 10
1546.48617502918
 20
-899.8628104780973
 30
0.0
 10
1543.856863959541
 20
-902.5220916951848
 30
0.0
 10
1543.618390424912
 20
-904.9436254336861
 30
0.0
 10
1545.290268086579
 20
-908.3173085326498
 30
0.0
 10
1547.439580992605
 20
-912.6545218711208
 30
0.0
 10
1548.828073010765
 20
-917.2537395215268
 30
0.0
 10
1551.452746416988
 20
-921.5114087536485
 30
0.0
 10
1556.505602753099
 20
-929.7079300459527
 30
0.0
 10
1554.480652452901
 20
-942.8743561187102
 30
0.0
 10
1547.221122636929
 20
-948.9869560763318
 30
0.0
 10
1534.88188685454
 20
-959.376874826673
 30
0.0
 10
1523.411968875207
 20
-970.7986396025271
 30
0.0
 10
1510.308128847957
 20
-980.2760437427523
 30
0.0
 10
1507.06798868885
 20
-982.6195284501691
 30
0.0
 10
1504.96151314754
 20
-985.7317259367765
 30
0.0
 10
1503.579977624504
 20
-989.3740343952732
 30
0.0
 10
1501.26334270416
 20
-995.4817524744822
 30
0.0
 10
1501.937756599946
 20
-997.3224037056307
 30
0.0
 10
1507.405927899386
 20
-1000.902773331793
 30
0.0
 10
1508.356160724685
 20
-1001.524907711715
 30
0.0
 10
1509.602715833546
 20
-1002.27690005735
 30
0.0
 10
1509.898794029559
 20
-1003.22337423416
 30
0.0
 10
1512.259120621038
 20
-1010.772039749671
 30
0.0
 10
1517.775865342577
 20
-1016.613451361594
 30
0.0
 10
1520.826349476703
 20
-1023.767355984146
 30
0.0
 10
1522.331637386698
 20
-1027.297625333122
 30
0.0
 10
1524.049647594984
 20
-1030.689005241322
 30
0.0
 10
1526.228128963023
 20
-1033.879678923378
 30
0.0
 10
1528.238556054101
 20
-1036.824122863112
 30
0.0
 10
1530.707867735868
 20
-1038.453998993893
 30
0.0
 10
1534.328052207584
 20
-1038.981913120493
 30
0.0
 10
1542.780193784256
 20
-1040.214282301709
 30
0.0
 10
1544.921817932511
 20
-1044.503073508698
 30
0.0
 10
1541.23194646577
 20
-1052.070168115206
 30
0.0
 10
1539.06286246834
 20
-1056.518352652292
 30
0.0
 10
1535.678344524447
 20
-1059.958307250676
 30
0.0
 10
1531.918786062684
 20
-1063.023150516703
 30
0.0
 10
1529.477178317642
 20
-1065.013431321131
 30
0.0
 10
1528.185467012358
 20
-1067.11306620195
 30
0.0
 10
1529.49279992073
 20
-1070.32589140729
 30
0.0
 10
1531.138194083414
 20
-1074.369551294596
 30
0.0
 10
1529.400534827495
 20
-1077.52196325461
 30
0.0
 10
1525.760945395692
 20
-1078.867530991469
 30
0.0
 10
1514.506068546358
 20
-1083.028783124984
 30
0.0
 10
1512.887035838885
 20
-1092.134584782962
 30
0.0
 10
1514.045719430378
 20
-1102.062250671323
 30
0.0
 10
1514.924922779137
 20
-1109.596575669002
 30
0.0
 10
1512.094727657299
 20
-1114.563276716748
 30
0.0
 10
1506.333285168648
 20
-1118.601871655203
 30
0.0
 10
1501.158263014644
 20
-1122.229351408027
 30
0.0
 10
1495.884995622471
 20
-1125.689016590492
 30
0.0
 10
1493.20906383112
 20
-1131.894860425749
 30
0.0
 10
1491.650808923157
 20
-1135.508609895543
 30
0.0
 10
1491.377308825355
 20
-1139.708062727623
 30
0.0
 10
1488.403712268924
 20
-1142.721219105981
 30
0.0
 10
1488.076024735412
 20
-1143.053186837886
 30
0.0
 10
1488.020250730639
 20
-1144.225936079016
 30
0.0
 10
1488.317915495718
 20
-1144.515309421789
 30
0.0
 10
1491.932485953826
 20
-1148.02898038417
 30
0.0
 10
1488.82512942096
 20
-1150.035676504751
 30
0.0
 10
1486.424040208925
 20
-1151.520743917186
 30
0.0
 10
1475.600221969784
 20
-1158.214897640442
 30
0.0
 10
1468.712803621103
 20
-1168.661080039463
 30
0.0
 10
1462.080151650898
 20
-1178.798544652509
 30
0.0
 10
1459.027653794499
 20
-1183.464033802338
 30
0.0
 10
1456.29478858252
 20
-1188.511163796895
 30
0.0
 10
1452.826060434485
 20
-1193.022568659395
 30
0.0
 10
1451.229727868997
 20
-1195.098709500362
 30
0.0
 10
1452.688578122939
 20
-1196.353657369229
 30
0.0
 10
1454.026910149936
 20
-1197.663404323248
 30
0.0
 10
1456.189098674131
 20
-1199.779515543702
 30
0.0
 10
1455.679932048504
 20
-1201.028361064553
 30
0.0
 10
1453.440611859065
 20
-1203.222460292614
 30
0.0
 10
1446.225566998761
 20
-1210.291237160382
 30
0.0
 10
1436.338251660327
 20
-1213.377926832298
 30
0.0
 10
1429.061391628429
 20
-1220.404109310937
 30
0.0
 10
1425.59772829702
 20
-1223.748318069
 30
0.0
 10
1423.039141594483
 20
-1227.451466937182
 30
0.0
 10
1420.811476585473
 20
-1231.499947679418
 30
0.0
 10
1417.180491239747
 20
-1238.098721703231
 30
0.0
 10
1413.317195569984
 20
-1244.424293606506
 30
0.0
 10
1407.179187016285
 20
-1249.109188223014
 30
0.0
 10
1404.835641443749
 20
-1250.897908472569
 30
0.0
 10
1402.509243021475
 20
-1252.887884159598
 30
0.0
 10
1401.475837364116
 20
-1255.905556275484
 30
0.0
 10
1400.896800677805
 20
-1257.596699980317
 30
0.0
 10
1399.506722090578
 20
-1258.500640791473
 30
0.0
 10
1397.872128801904
 20
-1259.115635424219
 30
0.0
 10
1381.996369554958
 20
-1265.088979800184
 30
0.0
 10
1368.19633081824
 20
-1274.649711502527
 30
0.0
 10
1354.438092074161
 20
-1284.281230441818
 30
0.0
 10
1350.078444375049
 20
-1287.33325877702
 30
0.0
 10
1345.756935355352
 20
-1290.415432711405
 30
0.0
 10
1341.090652673767
 20
-1293.033401032444
 30
0.0
 10
1337.239195250091
 20
-1295.194181440351
 30
0.0
 10
1333.465479710532
 20
-1297.442042354407
 30
0.0
 10
1331.869452254479
 20
-1302.278336225114
 30
0.0
 10
1330.67018910809
 20
-1305.912101396392
 30
0.0
 10
1327.33314619233
 20
-1307.309722161801
 30
0.0
 10
1323.375449663285
 20
-1306.986236693632
 30
0.0
 10
1309.252788209682
 20
-1305.832282684383
 30
0.0
 10
1296.599289708935
 20
-1310.734298843192
 30
0.0
 10
1284.332914059694
 20
-1316.853062172304
 30
0.0
 10
1279.996088546346
 20
-1319.016344542899
 30
0.0
 10
1278.287780818104
 20
-1323.798022398892
 30
0.0
 10
1275.471620730288
 20
-1327.445700923639
 30
0.0
 10
1273.579759165768
 20
-1329.89609876824
 30
0.0
 10
1272.055554470786
 20
-1332.55251188176
 30
0.0
 10
1267.595525767461
 20
-1330.045545271078
 30
0.0
  0
HATCH
  5
46
330
41
100
AcDbEntity
  8
katman 1
 62
     7
420
 16777215
100
AcDbHatch
 10
0.0
 20
0.0
 30
0.0
210
0.0
220
0.0
230
1.0
  2
SOLID
 70
     1
 71
     0
 91
        1
 92
        1
 93
        1
 72
     4
 94
        3
 73
     0
 74
     1
 95
      899
 96
      895
 40
0.0
 40
0.0
 40
0.0
 40
0.0
 40
1.0
 40
1.0
 40
1.0
 40
2.0
 40
2.0
 40
2.0
 40
3.0
 40
3.0
 40
3.0
 40
4.0
 40
4.0
 40
4.0
 40
5.0
 40
5.0
 40
5.0
 40
6.0
 40
6.0
 40
6.0
 40
7.0
 40
7.0
 40
7.0
 40
8.0
 40
8.0
 40
8.0
 40
9.0
 40
9.0
 40
9.0
 40
10.0
 40
10.0
 40
10.0
 40
11.0
 40
11.0
 40
11.0
 40
12.0
 40
12.0
 40
12.0
 40
13.0
 40
13.0
 40
13.0
 40
14.0
 40
14.0
 40
14.0
 40
15.0
 40
15.0
 40
15.0
 40
16.0
 40
16.0
 40
16.0
 40
17.0
 40
17.0
 40
17.0
 40
18.0
 40
18.0
 40
18.0
 40
19.0
 40
19.0
 40
19.0
 40
20.0
 40
20.0
 40
20.0
 40
21.0
 40
21.0
 40
21.0
 40
22.0
 40
22.0
 40
22.0
 40
23.0
 40
23.0
 40
23.0
 40
24.0
 40
24.0
 40
24.0
 40
25.0
 40
25.0
 40
25.0
 40
26.0
 40
26.0
 40
26.0
 40
27.0
 40
27.0
 40
27.0
 40
28.0
 40
28.0
 40
28.0
 40
29.0
 40
29.0
 40
29.0
 40
30.0
 40
30.0
 40
30.0
 40
31.0
 40
31.0
 40
31.0
 40
32.0
 40
32.0
 40
32.0
 40
33.0
 40
33.0
 40
33.0
 40
34.0
 40
34.0
 40
34.0
 40
35.0
 40
35.0
 40
35.0
 40
36.0
 40
36.0
 40
36.0
 40
37.0
 40
37.0
 40
37.0
 40
38.0
 40
38.0
 40
38.0
 40
39.0
 40
39.0
 40
39.0
 40
40.0
 40
40.0
 40
40.0
 40
41.0
 40
41.0
 40
41.0
 40
42.0
 40
42.0
 40
42.0
 40
43.0
 40
43.0
 40
43.0
 40
44.0
 40
44.0
 40
44.0
 40
45.0
 40
45.0
 40
45.0
 40
46.0
 40
46.0
 40
46.0
 40
47.0
 40
47.0
 40
47.0
 40
48.0
 40
48.0
 40
48.0
 40
49.0
 40
49.0
 40
49.0
 40
50.0
 40
50.0
 40
50.0
 40
51.0
 40
51.0
 40
51.0
 40
52.0
 40
52.0
 40
52.0
 40
53.0
 40
53.0
 40
53.0
 40
54.0
 40
54.0
 40
54.0
 40
55.0
 40
55.0
 40
55.0
 40
56.0
 40
56.0
 40
56.0
 40
57.0
 40
57.0
 40
57.0
 40
58.0
 40
58.0
 40
58.0
 40
59.0
 40
59.0
 40
59.0
 40
60.0
 40
60.0
 40
60.0
 40
61.0
 40
61.0
 40
61.0
 40
62.0
 40
62.0
 40
62.0
 40
63.0
 40
63.0
 40
63.0
 40
64.0
 40
64.0
 40
64.0
 40
65.0
 40
65.0
 40
65.0
 40
66.0
 40
66.0
 40
66.0
 40
67.0
 40
67.0
 40
67.0
 40
68.0
 40
68.0
 40
68.0
 40
69.0
 40
69.0
 40
69.0
 40
70.0
 40
70.0
 40
70.0
 40
71.0
 40
71.0
 40
71.0
 40
72.0
 40
72.0
 40
72.0
 40
73.0
 40
73.0
 40
73.0
 40
74.0
 40
74.0
 40
74.0
 40
75.0
 40
75.0
 40
75.0
 40
76.0
 40
76.0
 40
76.0
 40
77.0
 40
77.0
 40
77.0
 40
78.0
 40
78.0
 40
78.0
 40
79.0
 40
79.0
 40
79.0
 40
80.0
 40
80.0
 40
80.0
 40
81.0
 40
81.0
 40
81.0
 40
82.0
 40
82.0
 40
82.0
 40
83.0
 40
83.0
 40
83.0
 40
84.0
 40
84.0
 40
84.0
 40
85.0
 40
85.0
 40
85.0
 40
86.0
 40
86.0
 40
86.0
 40
87.0
 40
87.0
 40
87.0
 40
88.0
 40
88.0
 40
88.0
 40
89.0
 40
89.0
 40
89.0
 40
90.0
 40
90.0
 40
90.0
 40
91.0
 40
91.0
 40
91.0
 40
92.0
 40
92.0
 40
92.0
 40
93.0
 40
93.0
 40
93.0
 40
94.0
 40
94.0
 40
94.0
 40
95.0
 40
95.0
 40
95.0
 40
96.0
 40
96.0
 40
96.0
 40
97.0
 40
97.0
 40
97.0
 40
98.0
 40
98.0
 40
98.0
 40
99.0
 40
99.0
 40
99.0
 40
100.0
 40
100.0
 40
100.0
 40
101.0
 40
101.0
 40
101.0
 40
102.0
 40
102.0
 40
102.0
 40
103.0
 40
103.0
 40
103.0
 40
104.0
 40
104.0
 40
104.0
 40
105.0
 40
105.0
 40
105.0
 40
106.0
 40
106.0
 40
106.0
 40
107.0
 40
107.0
 40
107.0
 40
108.0
 40
108.0
 40
108.0
 40
109.0
 40
109.0
 40
109.0
 40
110.0
 40
110.0
 40
110.0
 40
111.0
 40
111.0
 40
111.0
 40
112.0
 40
112.0
 40
112.0
 40
113.0
 40
113.0
 40
113.0
 40
114.0
 40
114.0
 40
114.0
 40
115.0
 40
115.0
 40
115.0
 40
116.0
 40
116.0
 40
116.0
 40
117.0
 40
117.0
 40
117.0
 40
118.0
 40
118.0
 40
118.0
 40
119.0
 40
119.0
 40
119.0
 40
120.0
 40
120.0
 40
120.0
 40
121.0
 40
121.0
 40
121.0
 40
122.0
 40
122.0
 40
122.0
 40
123.0
 40
123.0
 40
123.0
 40
124.0
 40
124.0
 40
124.0
 40
125.0
 40
125.0
 40
125.0
 40
126.0
 40
126.0
 40
126.0
 40
127.0
 40
127.0
 40
127.0
 40
128.0
 40
128.0
 40
128.0
 40
129.0
 40
129.0
 40
129.0
 40
130.0
 40
130.0
 40
130.0
 40
131.0
 40
131.0
 40
131.0
 40
132.0
 40
132.0
 40
132.0
 40
133.0
 40
133.0
 40
133.0
 40
134.0
 40
134.0
 40
134.0
 40
135.0
 40
135.0
 40
135.0
 40
136.0
 40
136.0
 40
136.0
 40
137.0
 40
137.0
 40
137.0
 40
138.0
 40
138.0
 40
138.0
 40
139.0
 40
139.0
 40
139.0
 40
140.0
 40
140.0
 40
140.0
 40
141.0
 40
141.0
 40
141.0
 40
142.0
 40
142.0
 40
142.0
 40
143.0
 40
143.0
 40
143.0
 40
144.0
 40
144.0
 40
144.0
 40
145.0
 40
145.0
 40
145.0
 40
146.0
 40
146.0
 40
146.0
 40
147.0
 40
147.0
 40
147.0
 40
148.0
 40
148.0
 40
148.0
 40
149.0
 40
149.0
 40
149.0
 40
150.0
 40
150.0
 40
150.0
 40
151.0
 40
151.0
 40
151.0
 40
152.0
 40
152.0
 40
152.0
 40
153.0
 40
153.0
 40
153.0
 40
154.0
 40
154.0
 40
154.0
 40
155.0
 40
155.0
 40
155.0
 40
156.0
 40
156.0
 40
156.0
 40
157.0
 40
157.0
 40
157.0
 40
158.0
 40
158.0
 40
158.0
 40
159.0
 40
159.0
 40
159.0
 40
160.0
 40
160.0
 40
160.0
 40
161.0
 40
161.0
 40
161.0
 40
162.0
 40
162.0
 40
162.0
 40
163.0
 40
163.0
 40
163.0
 40
164.0
 40
164.0
 40
164.0
 40
165.0
 40
165.0
 40
165.0
 40
166.0
 40
166.0
 40
166.0
 40
167.0
 40
167.0
 40
167.0
 40
168.0
 40
168.0
 40
168.0
 40
169.0
 40
169.0
 40
169.0
 40
170.0
 40
170.0
 40
170.0
 40
171.0
 40
171.0
 40
171.0
 40
172.0
 40
172.0
 40
172.0
 40
173.0
 40
173.0
 40
173.0
 40
174.0
 40
174.0
 40
174.0
 40
175.0
 40
175.0
 40
175.0
 40
176.0
 40
176.0
 40
176.0
 40
177.0
 40
177.0
 40
177.0
 40
178.0
 40
178.0
 40
178.0
 40
179.0
 40
179.0
 40
179.0
 40
180.0
 40
180.0
 40
180.0
 40
181.0
 40
181.0
 40
181.0
 40
182.0
 40
182.0
 40
182.0
 40
183.0
 40
183.0
 40
183.0
 40
184.0
 40
184.0
 40
184.0
 40
185.0
 40
185.0
 40
185.0
 40
186.0
 40
186.0
 40
186.0
 40
187.0
 40
187.0
 40
187.0
 40
188.0
 40
188.0
 40
188.0
 40
189.0
 40
189.0
 40
189.0
 40
190.0
 40
190.0
 40
190.0
 40
191.0
 40
191.0
 40
191.0
 40
192.0
 40
192.0
 40
192.0
 40
193.0
 40
193.0
 40
193.0
 40
194.0
 40
194.0
 40
194.0
 40
195.0
 40
195.0
 40
195.0
 40
196.0
 40
196.0
 40
196.0
 40
197.0
 40
197.0
 40
197.0
 40
198.0
 40
198.0
 40
198.0
 40
199.0
 40
199.0
 40
199.0
 40
200.0
 40
200.0
 40
200.0
 40
201.0
 40
201.0
 40
201.0
 40
202.0
 40
202.0
 40
202.0
 40
203.0
 40
203.0
 40
203.0
 40
204.0
 40
204.0
 40
204.0
 40
205.0
 40
205.0
 40
205.0
 40
206.0
 40
206.0
 40
206.0
 40
207.0
 40
207.0
 40
207.0
 40
208.0
 40
208.0
 40
208.0
 40
209.0
 40
209.0
 40
209.0
 40
210.0
 40
210.0
 40
210.0
 40
211.0
 40
211.0
 40
211.0
 40
212.0
 40
212.0
 40
212.0
 40
213.0
 40
213.0
 40
213.0
 40
214.0
 40
214.0
 40
214.0
 40
215.0
 40
215.0
 40
215.0
 40
216.0
 40
216.0
 40
216.0
 40
217.0
 40
217.0
 40
217.0
 40
218.0
 40
218.0
 40
218.0
 40
219.0
 40
219.0
 40
219.0
 40
220.0
 40
220.0
 40
220.0
 40
221.0
 40
221.0
 40
221.0
 40
222.0
 40
222.0
 40
222.0
 40
223.0
 40
223.0
 40
223.0
 40
224.0
 40
224.0
 40
224.0
 40
225.0
 40
225.0
 40
225.0
 40
226.0
 40
226.0
 40
226.0
 40
227.0
 40
227.0
 40
227.0
 40
228.0
 40
228.0
 40
228.0
 40
229.0
 40
229.0
 40
229.0
 40
230.0
 40
230.0
 40
230.0
 40
231.0
 40
231.0
 40
231.0
 40
232.0
 40
232.0
 40
232.0
 40
233.0
 40
233.0
 40
233.0
 40
234.0
 40
234.0
 40
234.0
 40
235.0
 40
235.0
 40
235.0
 40
236.0
 40
236.0
 40
236.0
 40
237.0
 40
237.0
 40
237.0
 40
238.0
 40
238.0
 40
238.0
 40
239.0
 40
239.0
 40
239.0
 40
240.0
 40
240.0
 40
240.0
 40
241.0
 40
241.0
 40
241.0
 40
242.0
 40
242.0
 40
242.0
 40
243.0
 40
243.0
 40
243.0
 40
244.0
 40
244.0
 40
244.0
 40
245.0
 40
245.0
 40
245.0
 40
246.0
 40
246.0
 40
246.0
 40
247.0
 40
247.0
 40
247.0
 40
248.0
 40
248.0
 40
248.0
 40
249.0
 40
249.0
 40
249.0
 40
250.0
 40
250.0
 40
250.0
 40
251.0
 40
251.0
 40
251.0
 40
252.0
 40
252.0
 40
252.0
 40
253.0
 40
253.0
 40
253.0
 40
254.0
 40
254.0
 40
254.0
 40
255.0
 40
255.0
 40
255.0
 40
256.0
 40
256.0
 40
256.0
 40
257.0
 40
257.0
 40
257.0
 40
258.0
 40
258.0
 40
258.0
 40
259.0
 40
259.0
 40
259.0
 40
260.0
 40
260.0
 40
260.0
 40
261.0
 40
261.0
 40
261.0
 40
262.0
 40
262.0
 40
262.0
 40
263.0
 40
263.0
 40
263.0
 40
264.0
 40
264.0
 40
264.0
 40
265.0
 40
265.0
 40
265.0
 40
266.0
 40
266.0
 40
266.0
 40
267.0
 40
267.0
 40
267.0
 40
268.0
 40
268.0
 40
268.0
 40
269.0
 40
269.0
 40
269.0
 40
270.0
 40
270.0
 40
270.0
 40
271.0
 40
271.0
 40
271.0
 40
272.0
 40
272.0
 40
272.0
 40
273.0
 40
273.0
 40
273.0
 40
274.0
 40
274.0
 40
274.0
 40
275.0
 40
275.0
 40
275.0
 40
276.0
 40
276.0
 40
276.0
 40
277.0
 40
277.0
 40
277.0
 40
278.0
 40
278.0
 40
278.0
 40
279.0
 40
279.0
 40
279.0
 40
280.0
 40
280.0
 40
280.0
 40
281.0
 40
281.0
 40
281.0
 40
282.0
 40
282.0
 40
282.0
 40
283.0
 40
283.0
 40
283.0
 40
284.0
 40
284.0
 40
284.0
 40
285.0
 40
285.0
 40
285.0
 40
286.0
 40
286.0
 40
286.0
 40
287.0
 40
287.0
 40
287.0
 40
288.0
 40
288.0
 40
288.0
 40
289.0
 40
289.0
 40
289.0
 40
290.0
 40
290.0
 40
290.0
 40
291.0
 40
291.0
 40
291.0
 40
292.0
 40
292.0
 40
292.0
 40
293.0
 40
293.0
 40
293.0
 40
294.0
 40
294.0
 40
294.0
 40
295.0
 40
295.0
 40
295.0
 40
296.0
 40
296.0
 40
296.0
 40
297.0
 40
297.0
 40
297.0
 40
298.0
 40
298.0
 40
298.0
 40
298.0
 10
1267.595525767461
 20
-1330.045545271078
 10
1271.14803696643
 20
-1341.416416464504
 10
1269.46456514622
 20
-1352.060925173948
 10
1271.002865897113
 20
-1362.395068463451
 10
1271.304252997303
 20
-1364.419949581112
 10
1270.880089860349
 20
-1366.520072649771
 10
1269.786028447252
 20
-1368.178507769251
 10
1263.917614590586
 20
-1377.074510702543
 10
1258.098750506211
 20
-1385.784697138839
 10
1247.006435964006
 20
-1389.421269390201
 10
1202.111779347593
 20
-1404.139949727014
 10
1158.419986168909
 20
-1422.157132235276
 10
1114.043649461184
 20
-1438.302907678401
 10
1103.765183826696
 20
-1442.042609611181
 10
1092.988230396815
 20
-1444.493678714065
 10
1082.868909843779
 20
-1450.709042212224
 10
1090.005907710536
 20
-1454.429216631364
 10
1096.565638525704
 20
-1458.359494892589
 10
1103.532263283789
 20
-1461.337867887272
 10
1110.684821731744
 20
-1464.395937547008
 10
1114.418873044715
 20
-1469.658358379464
 10
1116.332580444801
 20
-1476.81622952822
 10
1118.272283168775
 20
-1484.071372104307
 10
1118.296997033034
 20
-1491.274034487484
 10
1116.502099247055
 20
-1498.551328586855
 10
1114.65392935367
 20
-1506.044645805887
 10
1109.830210203469
 20
-1510.235128186385
 10
1102.389567426704
 20
-1511.578132937077
 10
1089.085575609897
 20
-1513.979284833218
 10
1076.256517140078
 20
-1511.982596563375
 10
1064.677369982908
 20
-1505.340556892152
 10
1045.846320745648
 20
-1494.538790674414
 10
1024.892503123234
 20
-1489.415320306216
 10
1004.919551313422
 20
-1481.680350105871
 10
1002.372314681879
 20
-1480.693844526097
 10
1000.02364327083
 20
-1481.055286598905
 10
997.6671610582362
 20
-1482.065164171567
 10
979.1917473787607
 20
-1489.98302174186
 10
959.3575593401229
 20
-1494.377688686873
 10
941.6136455317792
 20
-1504.309992359726
 10
934.1032547381037
 20
-1508.514021952811
 10
925.5078642815597
 20
-1510.640934329247
 10
917.033083584789
 20
-1512.460654506711
 10
909.0673474698724
 20
-1514.170898560824
 10
901.4488564032708
 20
-1512.411103440845
 10
894.2255430772684
 20
-1508.972918523385
 10
890.6880737734609
 20
-1507.289158659649
 10
888.9426037159983
 20
-1503.916146818967
 10
887.7822420226103
 20
-1500.405099866231
 10
885.383715729833
 20
-1493.14721123354
 10
884.8667383026605
 20
-1485.750555207032
 10
886.8202929949975
 20
-1478.264377735177
 10
888.8065249078545
 20
-1470.653102129054
 10
892.6334515329318
 20
-1464.703556910339
 10
900.1936972083349
 20
-1461.310346297734
 10
906.9682860878411
 20
-1458.26985140028
 10
913.437979108653
 20
-1454.549982098539
 10
920.7373867278184
 20
-1450.769882621913
 10
915.6755906852541
 20
-1447.967562367401
 10
911.2987653249365
 20
-1445.437284787309
 10
906.4212553812922
 20
-1443.924024527056
 10
869.0374472227095
 20
-1432.325474729267
 10
832.8798128627086
 20
-1417.433182591485
 10
796.4676562117811
 20
-1403.206778668875
 10
785.487652452709
 20
-1398.916828015765
 10
774.498007235481
 20
-1394.469985995242
 10
762.967677587958
 20
-1391.764265909776
 10
750.429235855262
 20
-1388.82195779185
 10
742.3297092529665
 20
-1380.134166972759
 10
734.898799467187
 20
-1370.541519990311
 10
733.1036270827144
 20
-1368.22415333239
 10
732.3411280929568
 20
-1365.345187586838
 10
732.8755272688841
 20
-1362.491790679458
 10
734.2714029353801
 20
-1355.03880998079
 10
734.1167124516833
 20
-1347.574784032222
 10
733.593388748257
 20
-1340.080185320108
 10
733.5470731359792
 20
-1339.416615997179
 10
733.4985302248224
 20
-1338.736204193734
 10
733.5892697708805
 20
-1338.082886815464
 10
734.2003429478991
 20
-1333.683399015525
 10
736.5967029636859
 20
-1327.990701624676
 10
727.8358211494351
 20
-1331.06793265717
 10
726.3945451989666
 20
-1331.574122424845
 10
725.477172659851
 20
-1329.38649168568
 10
724.7457338106069
 20
-1328.167486646609
 10
714.0788028430961
 20
-1310.388783898699
 10
696.2917313051294
 20
-1307.989767824365
 10
678.1445848670928
 20
-1306.983307566585
 10
671.133185299379
 20
-1306.594465951199
 10
669.3840386732209
 20
-1306.428909249607
 10
666.6128364606966
 20
-1299.972319934499
 10
664.9262830351909
 20
-1296.042773955036
 10
661.1184715162353
 20
-1294.801495345717
 10
658.0208784852994
 20
-1292.740915492184
 10
644.5972990253267
 20
-1283.811410668302
 10
631.0844598000576
 20
-1275.014998054583
 10
617.546937221473
 20
-1266.258494796868
 10
613.0604555301088
 20
-1263.356462175827
 10
607.9719166455397
 20
-1261.664403118793
 10
603.0366189748502
 20
-1259.705244289231
 10
600.6235542174809
 20
-1258.747358721637
 10
598.5317696954817
 20
-1257.614640883472
 10
597.6016893483857
 20
-1254.986542664734
 10
596.5395118712768
 20
-1251.985163818041
 10
593.9529618889956
 20
-1250.160256644765
 10
591.6373643407323
 20
-1248.405892614519
 10
586.2797189342291
 20
-1244.3466107163
 10
582.5807246953736
 20
-1239.012548318173
 10
579.7818795680114
 20
-1233.177361101221
 10
574.7710673120855
 20
-1222.730507443917
 10
566.6072770349792
 20
-1215.797324748997
 10
556.4753478345301
 20
-1210.932227795663
 10
552.0006738783122
 20
-1208.783591060303
 10
549.1994336418829
 20
-1204.626793640837
 10
544.9725238026003
 20
-1202.230462599626
 10
543.2083886754335
 20
-1201.230287760303
 10
543.7028261430723
 20
-1199.405197516586
 10
544.9305559997747
 20
-1198.431506867641
 10
549.7890881365429
 20
-1194.577935120935
 10
546.405134645106
 20
-1191.491916707302
 10
543.6969832973864
 20
-1189.167715419608
 10
541.1767717340754
 20
-1187.004799189894
 10
538.840777620062
 20
-1185.363023480488
 10
539.4532237895392
 20
-1181.579140548092
 10
539.6752366701348
 20
-1180.207393738263
 10
538.4098868200599
 20
-1179.202581114449
 10
537.5858625126748
 20
-1178.168416196691
 10
533.1334462897621
 20
-1172.580740215148
 10
529.037092777844
 20
-1166.697466495854
 10
524.5657368867351
 20
-1161.162575824619
 10
521.295085784097
 20
-1157.113912011944
 10
516.4920225426658
 20
-1154.304757127658
 10
512.3791473548263
 20
-1150.934369296621
 10
510.3919848581918
 20
-1149.305957729364
 10
508.13608959868
 20
-1147.729843284575
 10
510.9979932185834
 20
-1144.963404836381
 10
511.6869913453775
 20
-1144.297333550767
 10
511.6744666030581
 20
-1143.5214810244
 10
511.2586558368957
 20
-1142.694490821683
 10
506.7679178689095
 20
-1133.76327734036
 10
503.6835742152016
 20
-1124.010687816488
 10
493.7718577496789
 20
-1118.790495232282
 10
487.2059141436348
 20
-1115.332416660302
 10
484.0738704435844
 20
-1109.479471610633
 10
485.6083611404056
 20
-1101.620440675186
 10
486.0747323538644
 20
-1099.231798592471
 10
485.4678620593177
 20
-1096.645318387178
 10
485.4526256568925
 20
-1094.148786791597
 10
485.4113405364287
 20
-1087.385066300994
 10
482.033687554831
 20
-1083.016029217637
 10
476.0701024375585
 20
-1080.09257735507
 10
469.3761520748676
 20
-1076.811100734583
 10
469.0946619237275
 20
-1076.15131486742
 10
470.4952152992537
 20
-1068.927599383602
 10
471.007722873198
 20
-1066.284245294828
 10
469.750923715048
 20
-1064.876494631721
 10
468.0637734192087
 20
-1063.416019681779
 10
464.0173091138304
 20
-1059.913149875381
 10
460.1479188830963
 20
-1056.260223331345
 10
457.9386443452986
 20
-1051.225481103251
 10
455.1040747169309
 20
-1044.765718567174
 10
456.0472137478573
 20
-1040.759221979268
 10
462.8006146840162
 20
-1039.741960565509
 10
472.1995680464415
 20
-1038.326215826499
 10
475.359678000671
 20
-1031.767534229133
 10
478.282386117161
 20
-1024.74000923393
 10
481.3478854493715
 20
-1017.369288186481
 10
487.1024439063885
 20
-1011.491506580398
 10
489.3840522635592
 20
-1003.742073815261
 10
489.8831426500865
 20
-1002.046902560742
 10
491.4171413579425
 20
-1001.183725434308
 10
492.9672612855866
 20
-1000.464685767943
 10
497.0241145672371
 20
-998.5828436877064
 10
497.8797062595722
 20
-995.5145220833101
 10
496.6170223031886
 20
-991.3772521774854
 10
495.2108835180625
 20
-986.7700404511825
 10
492.925438409743
 20
-982.9482009141457
 10
488.9523300403462
 20
-980.0458631757037
 10
475.8980817379361
 20
-970.5098459828141
 10
464.3067988529765
 20
-959.2236753798088
 10
452.0861257367442
 20
-948.6995659966606
 10
443.7520395817937
 20
-941.5225029634012
 10
443.2992752956816
 20
-926.9157091774023
 10
450.090997023447
 20
-918.1887717958116
 10
453.1639238634734
 20
-914.240247514027
 10
453.4456609625622
 20
-909.08449572484
 10
455.5394048592161
 20
-904.6721319705894
 10
456.4044063172296
 20
-902.8492385721593
 10
454.2512509392536
 20
-901.4377044532821
 10
453.1590888323908
 20
-900.0290994614506
 10
449.0774435021885
 20
-894.7649089480719
 10
452.1590764492576
 20
-886.7218006848125
 10
458.8598193107518
 20
-886.1306662327979
 10
462.9592811250423
 20
-885.7690410895493
 10
466.2447605462357
 20
-883.5482135771936
 10
470.0544866268974
 20
-882.603326010867
 10
473.4021721411464
 20
-881.7730710519645
 10
474.8805265157398
 20
-877.8669275771299
 10
473.2102811895511
 20
-875.8739312278376
 10
467.5070554880895
 20
-869.0685011885662
 10
471.7652981594438
 20
-863.6148937928656
 10
474.755393508588
 20
-858.0440602918361
 10
477.1091297362636
 20
-853.6588214745043
 10
477.1755291771206
 20
-849.4055459329529
 10
476.255464047239
 20
-844.6932517738669
 10
475.4311575136253
 20
-840.4714338363219
 10
475.3198841025715
 20
-836.1010847481411
 10
475.0261285521328
 20
-831.7872739143013
 10
474.6539713184266
 20
-826.3220720573754
 10
478.6858819037407
 20
-823.4484458663337
 10
482.2351208040154
 20
-820.5542547624882
 10
484.391840241582
 20
-818.7955885768934
 10
486.1677831038951
 20
-817.0047935290104
 10
486.8870519005386
 20
-814.3335822215586
 10
487.6386889943997
 20
-811.5420936347709
 10
490.0201558558756
 20
-810.4922151708815
 10
492.2265852481887
 20
-809.4657392116214
 10
499.1508188641064
 20
-806.2445537895019
 10
506.3769277553092
 20
-795.6989031178682
 10
508.9327150787758
 20
-788.7516545107765
 10
512.3712602759242
 20
-779.4049321532484
 10
512.7363465984672
 20
-768.7569145936977
 10
520.2567831203005
 20
-760.9665350733949
 10
524.3072100344698
 20
-756.7707131383859
 10
529.1093198089147
 20
-755.3651898323005
 10
534.586453698018
 20
-755.5715712420988
 10
536.41515760943
 20
-755.6404667511651
 10
538.1396819041584
 20
-756.0925592037056
 10
539.9035881992486
 20
-755.1074266522337
 10
544.7437832589558
 20
-752.4041169942329
 10
545.1145522447314
 20
-750.6250689662747
 10
541.1976869858645
 20
-746.7935572076394
 10
534.9253082368614
 20
-740.6578598627902
 10
532.4599019558664
 20
-735.9747959506858
 10
543.4970450844339
 20
-727.8192214135479
 10
556.0622983087578
 20
-718.5344531442215
 10
570.3822206400173
 20
-712.0904346660182
 10
582.8930347133464
 20
-702.7695252405856
 10
584.7857200733415
 20
-701.3594099176207
 10
586.6660332457341
 20
-699.9597906332392
 10
587.326656195045
 20
-697.5691347756829
 10
589.9069514339026
 20
-688.2315964519148
 10
596.5863919360108
 20
-682.9577032051957
 10
605.4523381843073
 20
-680.867694778367
 10
613.1017215812335
 20
-679.0644814522784
 10
618.6826155615454
 20
-675.7792213760222
 10
621.8679275551303
 20
-668.238351610099
 10
625.1407449347589
 20
-660.4904139202272
 10
632.3115946933613
 20
-655.3823824925003
 10
636.5696104395729
 20
-648.1910399648896
 10
640.7195106573863
 20
-641.1822949456964
 10
640.486895223914
 20
-638.4893135117081
 10
634.4747290568057
 20
-633.1350828533987
 10
630.626505793145
 20
-629.7079736975811
 10
632.2885131645808
 20
-621.464067672955
 10
637.4889661900179
 20
-618.9223634462078
 10
641.3830931682187
 20
-617.0191326361864
 10
645.4832605480788
 20
-615.6194370724543
 10
649.852702260061
 20
-615.1805256916223
 10
652.6688470924055
 20
-614.8976513494817
 10
655.4713382775199
 20
-614.4334762478766
 10
658.292853035925
 20
-614.2573624842225
 10
668.9603332004208
 20
-613.5915810601382
 10
677.1802407304131
 20
-610.0798933608612
 10
681.0454433341483
 20
-598.7495570141118
 10
683.4890037795758
 20
-591.586537009217
 10
683.4160368581242
 20
-585.7777348194868
 10
677.9279419125587
 20
-580.1847192834302
 10
677.5825580317996
 20
-579.8327434779776
 10
677.1206986241141
 20
-579.493567347482
 10
676.976351350274
 20
-579.0606286397679
 10
672.9973581826443
 20
-567.1269150053022
 10
662.6559179607102
 20
-560.1516489928954
 10
654.9992119373373
 20
-551.1267492137013
 10
648.8367336069286
 20
-543.8630862342025
 10
642.7540413938514
 20
-536.4582759451632
 10
635.168166525883
 20
-530.4549842963252
 10
632.6821958689479
 20
-528.4876406924932
 10
630.6311892229769
 20
-525.2152985241864
 10
631.7216350892659
 20
-521.6428199967977
 10
633.0040405567743
 20
-517.4413724597134
 10
636.666818305659
 20
-514.4620383452175
 10
640.5821503896141
 20
-514.4605165721814
 10
657.6213529352463
 20
-514.4538955245871
 10
674.9101807653688
 20
-513.7992813973678
 10
691.0799892305859
 20
-520.408711646397
 10
696.0424416410169
 20
-522.4371244979693
 10
699.4577756378749
 20
-527.5464030930716
 10
704.5269858397178
 20
-529.9574674907644
 10
711.5165853382796
 20
-533.2819122691981
 10
717.3408193487148
 20
-539.0542605574856
 10
725.3319405686489
 20
-540.2274674747168
 10
730.4955211188299
 20
-540.9855392845611
 10
735.5751965743029
 20
-542.4533446800533
 10
740.8963051259288
 20
-542.0985770503848
 10
752.3109372755862
 20
-541.3375532296895
 10
764.1576348965709
 20
-547.0792677309519
 10
767.4296284807242
 20
-556.9180758043085
 10
770.0000839402928
 20
-564.6474623562217
 10
774.5219888370957
 20
-570.5157014155984
 10
780.3300520474595
 20
-575.1227224435261
 10
789.8725937240051
 20
-582.6919833835791
 10
796.4625608842116
 20
-593.3811689084123
 10
806.1088702797024
 20
-600.2642818378881
 10
814.6956566501713
 20
-606.3913596161692
 10
821.4221297717313
 20
-613.7978404229771
 10
828.1248348682811
 20
-621.4838545363873
 10
836.8469067623619
 20
-631.4855571620164
 10
841.9004648501741
 20
-643.5674739459109
 10
846.0630118540803
 20
-655.9371011827479
 10
848.6096382667529
 20
-663.504836535798
 10
844.6539554599794
 20
-670.3307857202626
 10
840.8955259031272
 20
-676.3881594283657
 10
837.2613369083301
 20
-682.2454524009927
 10
832.5939558327764
 20
-687.5999729208334
 10
826.6942987699349
 20
-691.5812210438371
 10
824.4396620868447
 20
-693.1027194739081
 10
822.9113689254291
 20
-695.328215282494
 10
821.4529763356404
 20
-697.555602818964
 10
817.4146698937875
 20
-703.723337490881
 10
811.7280707496166
 20
-707.8882052655945
 10
805.226341238098
 20
-711.0694813317104
 10
796.5562599917921
 20
-715.3117879027086
 10
789.8501986914544
 20
-721.859927693883
 10
785.4149753852207
 20
-730.188763146979
 10
783.0262125943718
 20
-734.6746907065253
 10
782.413003651307
 20
-740.0228190168218
 10
784.3453532378908
 20
-745.5292117228346
 10
785.8236084519176
 20
-749.7414184622585
 10
787.0222308684915
 20
-754.19686479348
 10
786.8794701637153
 20
-758.9493429142321
 10
786.5867786824319
 20
-768.690948211678
 10
778.7784180142435
 20
-771.1019859115977
 10
772.2127680760295
 20
-774.6560544178246
 10
763.8722660417352
 20
-779.1709071069517
 10
754.4878015636186
 20
-781.3759295379541
 10
746.2737673902548
 20
-786.2767557389006
 10
740.2447439268462
 20
-789.8739678455795
 10
734.3106094978166
 20
-793.4735903797227
 10
729.6627249151788
 20
-798.8810640244455
 10
726.2376884382793
 20
-802.865836253427
 10
721.8059738905513
 20
-804.9024338792715
 10
716.5190681066224
 20
-805.1571763970724
 10
713.860466531195
 20
-805.2852341701246
 10
711.216174588284
 20
-805.8730428424724
 10
708.5619970996686
 20
-805.8988557745679
 10
701.1671512491412
 20
-805.9708329693804
 10
695.1774411364713
 20
-809.117935886623
 10
690.9552299824918
 20
-814.8588723385137
 10
687.0920716119736
 20
-820.1116209493675
 10
682.0498330842111
 20
-823.0924043715177
 10
675.975760212681
 20
-823.7986596187975
 10
667.958765712634
 20
-824.7308237895168
 10
662.5577489999032
 20
-833.3836786662305
 10
666.1999166064334
 20
-842.450974508245
 10
668.4293665056402
 20
-848.0013041199509
 10
671.0932159633539
 20
-853.3888535984115
 10
673.7792926434304
 20
-858.740399223595
 10
676.0681320942176
 20
-863.3005923584587
 10
674.9858631607949
 20
-866.6842833081637
 10
670.9003715447734
 20
-869.4587768557349
 10
667.8641512767472
 20
-871.5206687140935
 10
664.8906462531477
 20
-873.6933487006272
 10
661.3159841091765
 20
-874.7292832993071
 10
657.9461724400662
 20
-875.7058115400805
 10
654.996435441476
 20
-877.1756841059623
 10
652.1002909151966
 20
-879.3430245379841
 10
646.8284270264276
 20
-883.2883145753221
 10
640.3289705802026
 20
-884.7239834805905
 10
633.9643725043798
 20
-886.016460789735
 10
622.190245162581
 20
-888.4074217646921
 10
610.2793982828243
 20
-887.2686931137341
 10
598.3933873111018
 20
-887.2521862623589
 10
590.5228453399986
 20
-887.2412325476753
 10
582.4815793843736
 20
-885.8320173210432
 10
574.7805104491072
 20
-889.5323896208811
 10
571.0167262216664
 20
-891.3409425014815
 10
569.4654278088283
 20
-893.7219566491776
 10
569.5948399758108
 20
-897.5891976554294
 10
569.7174329469144
 20
-901.2515523271459
 10
569.8113761420427
 20
-904.9181481307323
 10
570.0722294537527
 20
-908.5718679800111
 10
570.7471925465225
 20
-918.0258085921259
 10
565.5875402803213
 20
-927.3028116236046
 10
556.9094499113389
 20
-930.9431673307363
 10
552.8475508824022
 20
-932.647064942913
 10
551.6066174148873
 20
-935.2402272192803
 10
552.4775751811576
 20
-939.1255311756495
 10
553.0336218715192
 20
-941.6059830842178
 10
552.784622061371
 20
-943.9639303564245
 10
552.6981311641994
 20
-946.445968875475
 10
552.5276894059052
 20
-951.3370008078609
 10
555.9283476389246
 20
-954.5769509501215
 10
559.499394236087
 20
-957.4884727223243
 10
570.8531875643457
 20
-966.7454600523206
 10
582.3660649521689
 20
-975.7948760146564
 10
593.1610350942037
 20
-985.7435034684413
 10
597.6114986167304
 20
-989.8451356618725
 10
601.1353600397242
 20
-994.6437170218624
 10
605.1558633460263
 20
-999.0446083618472
 10
609.186709862186
 20
-1003.456850069135
 10
607.3733987217847
 20
-1009.12464988009
 10
601.8489499870029
 20
-1011.349260848216
 10
598.8495106614027
 20
-1012.55709859042
 10
599.1641242556116
 20
-1014.712081767717
 10
600.1438001414153
 20
-1017.106521081041
 10
604.1445628672545
 20
-1026.884740466565
 10
602.40893258908
 20
-1031.605516889391
 10
592.2287121927584
 20
-1034.116999237602
 10
574.6487489394731
 20
-1038.454060017371
 10
563.8904910902411
 20
-1050.693966591323
 10
554.4310764793427
 20
-1064.74035124755
 10
552.1316954975664
 20
-1068.154798031239
 10
555.7617197485715
 20
-1077.945039042352
 10
559.8623524203194
 20
-1081.145659551665
 10
567.300188190281
 20
-1086.951067310314
 10
575.2724536471133
 20
-1092.338220136153
 10
581.613375230756
 20
-1099.201225828925
 10
587.040372011903
 20
-1105.074979885321
 10
592.2429150369717
 20
-1111.94067061122
 10
592.2365535052459
 20
-1120.88842145566
 10
592.2364314614715
 20
-1121.053978157252
 10
592.3016180923232
 20
-1121.226064371214
 10
592.273959922014
 20
-1121.38417620823
 10
591.8321309487565
 20
-1123.908168369871
 10
596.1337010668567
 20
-1125.532552387442
 10
593.9576758297717
 20
-1128.07991654197
 10
591.3401267288637
 20
-1131.144271620156
 10
587.741589771581
 20
-1133.201983370127
 10
583.8310326502888
 20
-1134.179091333961
 10
577.2886473065164
 20
-1135.813849343154
 10
572.690678627494
 20
-1139.926587809965
 10
568.7702207050261
 20
-1145.053658563495
 10
565.0051016238058
 20
-1149.977582151671
 10
565.4568542814468
 20
-1153.643872837853
 10
570.7045077365237
 20
-1157.180000440923
 10
578.1501848189728
 20
-1162.197289953696
 10
585.7399040658256
 20
-1167.008014986233
 10
593.3744286332521
 20
-1171.735137850992
 10
597.6165481778853
 20
-1174.361771506206
 10
601.1009284399506
 20
-1177.271981273589
 10
602.1271182591654
 20
-1182.582366561426
 10
602.9049032316316
 20
-1186.607231216851
 10
606.6497401631405
 20
-1188.068621518993
 10
609.85168062095
 20
-1189.847883129132
 10
619.0006158704864
 20
-1194.931749258729
 10
628.4626239115842
 20
-1199.470187522926
 10
635.9824120758667
 20
-1207.12002996849
 10
638.9496318451002
 20
-1210.13861743658
 10
638.53077761232
 20
-1212.150500552973
 10
636.0950127129645
 20
-1215.113373583703
 10
626.6699839354251
 20
-1226.57840400697
 10
629.3561674038028
 20
-1237.999802641942
 10
639.2235133296963
 20
-1246.260673194043
 10
658.1435477337618
 20
-1262.100110766918
 10
679.9501614833098
 20
-1272.49485037219
 10
702.4443393453057
 20
-1281.916570586796
 10
711.837011267231
 20
-1285.850632303791
 10
720.4914098885629
 20
-1291.615642518595
 10
729.8324267830922
 20
-1295.50393662549
 10
737.8898787942599
 20
-1298.857787093413
 10
739.2121620649623
 20
-1305.488049232972
 10
741.6301238287679
 20
-1311.915103183699
 10
742.544445273531
 20
-1314.34560737378
 10
745.2272725381208
 20
-1316.024363312146
 10
744.2508003013872
 20
-1319.524487061935
 10
743.7757143996823
 20
-1321.227591368872
 10
746.3251173082162
 20
-1321.298988840626
 10
748.097620061646
 20
-1320.6366399873
 10
754.9544664449095
 20
-1318.074508150577
 10
761.9430895932783
 20
-1315.842269247438
 10
768.7051689859381
 20
-1313.056364309083
 10
774.1890534212962
 20
-1310.797214051207
 10
779.1219102165032
 20
-1311.102514522292
 10
784.5308597745525
 20
-1313.551813944254
 10
808.6557407799228
 20
-1324.47629838053
 10
831.8758502658557
 20
-1337.206528617324
 10
855.6540354198951
 20
-1348.808922894361
 10
894.834663553901
 20
-1367.926846937196
 10
934.5236345180601
 20
-1385.952389662234
 10
974.7223823267177
 20
-1402.848265723114
 10
982.2263048003642
 20
-1406.002203270131
 10
989.4972457092163
 20
-1409.721035172708
 10
996.8132817926062
 20
-1413.306652818163
 10
999.8325227205569
 20
-1414.786411187823
 10
1002.706592579194
 20
-1415.34105359872
 10
1005.868258591543
 20
-1413.782025728371
 10
1050.653258876908
 20
-1391.697872363395
 10
1097.447892968816
 20
-1373.997767857891
 10
1142.095227876973
 20
-1351.654691866726
 10
1167.084605956323
 20
-1339.149150083769
 10
1191.535893035576
 20
-1325.588939493733
 10
1217.133537285137
 20
-1314.274209902029
 10
1223.682284160635
 20
-1311.379561122081
 10
1229.3724530852
 20
-1310.362055614401
 10
1236.052763149199
 20
-1313.90727571601
 10
1241.130699480891
 20
-1316.602133622011
 10
1246.978915092941
 20
-1317.844388607009
 10
1252.482296021215
 20
-1319.739167665033
 10
1254.748954016057
 20
-1320.519535928928
 10
1255.175130875283
 20
-1320.08626922001
 10
1255.69552552813
 20
-1317.394096347132
 10
1256.51205939888
 20
-1313.169257747322
 10
1258.850418111015
 20
-1309.240566096578
 10
1260.527604676858
 20
-1305.179453493954
 10
1262.027217551356
 20
-1301.548373355807
 10
1263.744678562658
 20
-1299.015349719106
 10
1267.823137406194
 20
-1296.715191682582
 10
1285.033872476353
 20
-1287.008918980133
 10
1303.076763020346
 20
-1279.18589189796
 10
1321.104276048802
 20
-1271.309103129792
 10
1336.409602695512
 20
-1264.621600965871
 10
1349.610528545074
 20
-1254.821046986621
 10
1362.357451554912
 20
-1244.35698470792
 10
1371.308508080185
 20
-1237.009025418556
 10
1371.892365495572
 20
-1224.902821289572
 10
1363.641962277523
 20
-1215.269593692836
 10
1360.960660560109
 20
-1212.138906091746
 10
1360.649693023652
 20
-1210.062399109898
 10
1363.775844297732
 20
-1206.91834736666
 10
1370.974047117208
 20
-1199.67894884845
 10
1379.897033574434
 20
-1195.196652185972
 10
1388.658495096613
 20
-1190.451527394573
 10
1393.339789162415
 20
-1187.91630691259
 10
1397.499346093855
 20
-1185.418127683046
 10
1398.487656576679
 20
-1179.46687380689
 10
1399.0289207149
 20
-1176.207609733166
 10
1402.070495653516
 20
-1174.373793131792
 10
1404.753139852444
 20
-1172.656104213107
 10
1412.177245697816
 20
-1167.902558181453
 10
1419.63204555238
 20
-1163.196793534738
 10
1427.078302342756
 20
-1158.477847816321
 10
1434.630981304163
 20
-1153.691471152357
 10
1435.174076098996
 20
-1150.091879129952
 10
1429.404944852577
 20
-1143.280682371809
 10
1425.777132644977
 20
-1138.997505324995
 10
1421.612999072007
 20
-1135.561334182377
 10
1415.958100798163
 20
-1134.308033947476
 10
1413.304503017474
 20
-1133.719950669467
 10
1411.152200038983
 20
-1132.075672997376
 10
1408.839897672622
 20
-1130.761837470185
 10
1405.720153696682
 20
-1128.989288442863
 10
1403.542160503739
 20
-1127.045568553775
 10
1406.698517611914
 20
-1123.451834785461
 10
1407.003566025327
 20
-1123.104428113085
 10
1407.158256509025
 20
-1122.544171542017
 10
1407.207501171881
 20
-1122.064710058636
 10
1408.533445755806
 20
-1109.150005841413
 10
1415.422694761099
 20
-1099.946139450869
 10
1425.872448832564
 20
-1092.67482565255
 10
1431.267149779984
 20
-1088.920966272377
 10
1435.703685056789
 20
-1083.858031196465
 10
1441.074038271274
 20
-1079.943619040074
 10
1443.364616845842
 20
-1078.274016623727
 10
1443.799031659823
 20
-1075.425806712159
 10
1444.695809312054
 20
-1072.674685157479
 10
1448.334605459326
 20
-1061.511720960854
 10
1438.942177624947
 20
-1056.664686957643
 10
1433.852403047165
 20
-1050.376156306807
 10
1427.472198623727
 20
-1042.493509284548
 10
1418.85889824333
 20
-1036.999626391964
 10
1408.469189708732
 20
-1034.523476638744
 10
1397.29583810051
 20
-1031.86047298937
 10
1395.49221418468
 20
-1027.667427622706
 10
1399.567316824428
 20
-1016.801464703873
 10
1400.422111418366
 20
-1014.522176697552
 10
1400.549647162319
 20
-1012.565519830678
 10
1397.893669528037
 20
-1011.408514647421
 10
1392.053569826967
 20
-1008.864506784299
 10
1390.62114205012
 20
-1003.577859630233
 10
1394.551134642443
 20
-998.7272862651726
 10
1402.118153747309
 20
-989.3875816078607
 10
1410.920866065138
 20
-981.2820158126879
 10
1420.122356414908
 20
-973.6108151490798
 10
1427.02820337348
 20
-967.853432869294
 10
1434.178015836518
 20
-962.388200500628
 10
1441.065068053875
 20
-956.6091548853974
 10
1444.990239917119
 20
-953.3154430571421
 10
1445.986788354694
 20
-949.1080571726479
 10
1446.895587318679
 20
-943.7977939317725
 10
1448.388975960695
 20
-935.0714667849816
 10
1444.123851164641
 20
-932.3324583911062
 10
1438.36863290847
 20
-927.958112264977
 10
1432.850179574092
 20
-923.7638159169701
 10
1427.915095480008
 20
-917.6335496618531
 10
1429.435333752332
 20
-909.241112486593
 10
1429.759909169605
 20
-907.4492190160663
 10
1429.727384503802
 20
-905.5897725530385
 10
1429.821541275534
 20
-903.7595258252522
 10
1430.458731820214
 20
-891.3825605149295
 10
1426.882055953971
 20
-887.3335305613718
 10
1414.333332033304
 20
-887.0563619146233
 10
1405.894737315561
 20
-886.8699656945673
 10
1397.434052674702
 20
-887.0721059724965
 10
1388.999790510938
 20
-887.4601237709003
 10
1377.631718061108
 20
-887.9830949956113
 10
1366.294461664243
 20
-887.5935210984635
 10
1355.745791113854
 20
-883.1850628469429
 10
1346.641447608286
 20
-879.3802183491234
 10
1337.877606232512
 20
-874.6466269954717
 10
1329.300980006239
 20
-869.7338096806789
 10
1323.704784787747
 20
-866.5282462694722
 10
1323.42432819482
 20
-863.9730405977461
 10
1326.186117781264
 20
-858.0438772213956
 10
1328.504522336334
 20
-853.0665885998469
 10
1330.984756935884
 20
-848.1606974500492
 10
1333.168547208097
 20
-843.1256806162974
 10
1337.168165773553
 20
-833.9037512756349
 10
1331.929924944556
 20
-824.6305622116643
 10
1323.324130256267
 20
-823.7210072403323
 10
1317.426914068908
 20
-823.0977134142886
 10
1312.530883982541
 20
-820.0965786615161
 10
1308.769067710959
 20
-815.0095393109541
 10
1304.41643752886
 20
-809.1235805585357
 10
1298.309794225112
 20
-805.8219356778645
 10
1290.726787385835
 20
-805.9132573158777
 10
1280.507024806699
 20
-806.0363111635597
 10
1272.404416599107
 20
-802.4365970941953
 10
1265.285054057711
 20
-794.5968190667281
 10
1259.27580168571
 20
-787.9795549284363
 10
1250.694598817907
 20
-784.1905765354504
 10
1242.258628041307
 20
-780.9996892712152
 10
1234.297834699242
 20
-777.9885771794407
 10
1226.690175017593
 20
-774.31468906998
 10
1219.207366116869
 20
-770.3082229938118
 10
1213.451476619941
 20
-767.2264152003072
 10
1212.674484932008
 20
-761.6271752692783
 10
1212.625667422359
 20
-756.2020048153181
 10
1212.59283764712
 20
-752.5493223652011
 10
1213.966135215403
 20
-748.7565910281874
 10
1215.295436003118
 20
-745.2481680850979
 10
1217.413017527871
 20
-739.6596682865702
 10
1216.562616509804
 20
-734.1724369533185
 10
1213.831154801228
 20
-729.5241869366282
 10
1208.876299615735
 20
-721.0919624523222
 10
1202.090482709009
 20
-714.2122058142531
 10
1192.737902166882
 20
-710.4168199558544
 10
1188.464234306641
 20
-708.6825021388313
 10
1184.646277898961
 20
-705.6830150200221
 10
1182.190574098007
 20
-702.3066011203218
 10
1175.776624571026
 20
-693.4878386570063
 10
1166.361862725984
 20
-687.5750905968107
 10
1160.262358983022
 20
-678.6189490238521
 10
1154.207645305161
 20
-669.7286975535644
 10
1151.161432703129
 20
-660.9728655541312
 10
1155.629882426867
 20
-649.5555860040668
 10
1162.142443323337
 20
-632.9153678131925
 10
1171.077878245524
 20
-617.5011265939902
 10
1184.808779184201
 20
-607.2012022209683
 10
1197.139960077498
 20
-597.9513088705371
 10
1205.519729696116
 20
-585.0947218902011
 10
1218.137286305386
 20
-576.3211930815314
 10
1223.853084422517
 20
-572.3468253559113
 10
1229.342918491862
 20
-566.6038675012414
 10
1231.431331554602
 20
-558.5059525248907
 10
1234.072969045426
 20
-548.2631613851399
 10
1246.469321314104
 20
-541.889159722451
 10
1258.428268696334
 20
-541.8940492287957
 10
1268.068872545386
 20
-541.8979928711988
 10
1277.656021221372
 20
-541.1244744929472
 10
1286.184745266302
 20
-534.9579831744368
 10
1291.31985910617
 20
-531.2451620846532
 10
1297.817469640311
 20
-529.237005214517
 10
1302.496261808745
 20
-524.8066090218881
 10
1308.244279482242
 20
-519.3638027821708
 10
1314.936122682895
 20
-517.3658864147937
 10
1322.557451267247
 20
-516.4655917565715
 10
1333.280217261417
 20
-515.1989311934894
 10
1344.022937412657
 20
-514.5799318948602
 10
1354.785855808514
 20
-514.0829185330094
 10
1356.417886177933
 20
-514.0075545350492
 10
1358.147490544759
 20
-514.1228278890148
 10
1359.698605891936
 20
-514.5913737973842
 10
1363.70884226574
 20
-515.8027356455668
 10
1367.539308160267
 20
-518.0818367674792
 10
1367.973234799148
 20
-522.3634767853882
 10
1368.3804338515
 20
-526.3817509049613
 10
1365.611077551059
 20
-529.4099953387813
 10
1362.345735352596
 20
-532.230958266472
 10
1357.277989676042
 20
-536.609064964563
 10
1352.968990143192
 20
-541.8750709264759
 10
1348.411082333025
 20
-546.8315963089108
 10
1341.566989524157
 20
-554.2743326908503
 10
1334.700684748399
 20
-561.6998299396528
 10
1328.010733226245
 20
-569.2799759429736
 10
1324.199672291803
 20
-573.5981575835785
 10
1322.346437581793
 20
-579.1920884718375
 10
1318.724849606673
 20
-583.7914052853985
 10
1315.749666481179
 20
-587.5697274531667
 10
1316.265545514383
 20
-592.8139251488674
 10
1318.205675391568
 20
-597.5498506506347
 10
1319.449972690607
 20
-600.5872180947345
 10
1321.695212003089
 20
-603.006982152313
 10
1322.468481355912
 20
-606.452749237179
 10
1323.114947227426
 20
-609.3336067106166
 10
1326.504468966057
 20
-610.6687851999823
 10
1329.35577766082
 20
-611.7345145128356
 10
1335.36191791658
 20
-613.9795378350618
 10
1341.718323804065
 20
-614.3623838935255
 10
1348.000771164434
 20
-615.0302248600638
 10
1351.675021028086
 20
-615.4207903887627
 10
1355.14832581765
 20
-616.3930317300574
 10
1358.680516728227
 20
-617.3974324453802
 10
1363.205411697496
 20
-618.6841125239125
 10
1365.559758144042
 20
-621.5869537060662
 10
1366.904070315972
 20
-625.8465299219415
 10
1367.859917154879
 20
-628.8752015201226
 10
1367.562008302253
 20
-631.166602687249
 10
1364.92842570052
 20
-633.3536842150925
 10
1359.167349343192
 20
-638.1380471042121
 10
1358.623461263825
 20
-641.3375691908868
 10
1362.688373248437
 20
-647.5457014066496
 10
1368.955809224588
 20
-657.1175088706341
 10
1377.078005457926
 20
-665.37988975387
 10
1382.33626146588
 20
-675.7056728265961
 10
1384.189374132116
 20
-679.3447470406436
 10
1388.638662983318
 20
-679.1366112057913
 10
1392.026415087224
 20
-680.087692655351
 10
1401.707476447395
 20
-682.805586925103
 10
1409.481542815058
 20
-687.4176957856862
 10
1412.30502552932
 20
-697.843465830605
 10
1412.717472463959
 20
-699.3662457537584
 10
1413.705050684137
 20
-700.6335813890901
 10
1414.951483749222
 20
-701.3829039574712
 10
1421.471123184592
 20
-705.3022437598838
 10
1426.927822369265
 20
-710.7710765138763
 10
1434.070129140197
 20
-713.8362554090454
 10
1441.418628867501
 20
-716.9899030945317
 10
1447.544311000012
 20
-722.2893041559446
 10
1454.247382227884
 20
-726.5762951702682
 10
1457.056158667367
 20
-728.3725823313625
 10
1460.257488906303
 20
-729.6611846495189
 10
1462.069350776888
 20
-733.1945356842416
 10
1464.12719187421
 20
-737.2077753667045
 10
1464.031875686622
 20
-740.3680288439145
 10
1461.193137500595
 20
-743.6386737966795
 10
1460.321134734508
 20
-744.6433643735336
 10
1459.316165276517
 20
-745.5509360817605
 10
1458.561812708682
 20
-746.6350182062624
 10
1457.506561215756
 20
-748.1515127109624
 10
1454.424284678471
 20
-749.0787339797917
 10
1455.656255556325
 20
-751.1778806727689
 10
1457.103938804934
 20
-753.644510763087
 10
1459.396409058001
 20
-756.3226177237939
 10
1462.825717066997
 20
-755.8134378055929
 10
1476.368731615416
 20
-753.8024090179224
 10
1481.610267626316
 20
-762.2239238814645
 10
1486.011776339948
 20
-772.9177700745931
 10
1487.323990999286
 20
-776.1060638409235
 10
1487.734058080328
 20
-779.8366122516854
 10
1488.298022360537
 20
-783.3520834067303
 10
1488.806334679746
 20
-786.520605565499
 10
1490.043126286677
 20
-790.4581151091197
 10
1491.875491511311
 20
-793.5026680680048
 10
1494.431698360253
 20
-797.7495971676226
 10
1497.774233245847
 20
-801.5393688658505
 10
1500.935533126874
 20
-805.3977919792233
 10
1502.17928122893
 20
-806.9159341178874
 10
1503.667483010548
 20
-808.3524268401379
 10
1505.665217549114
 20
-808.940723700327
 10
1509.362411642302
 20
-810.0294436093191
 10
1512.177351292377
 20
-811.8775702167832
 10
1513.293807738026
 20
-815.9385607724462
 10
1514.185459551745
 20
-819.1825384643953
 10
1517.335043230458
 20
-820.8083565337474
 10
1519.746506163292
 20
-822.637199721491
 10
1523.913324699291
 20
-825.797453198702
 10
1524.432865045721
 20
-829.7933622128066
 10
1524.541239917138
 20
-834.5003168173816
 10
1524.679393469441
 20
-840.4997182193611
 10
1522.148449681745
 20
-846.1393556942376
 10
1522.869972474342
 20
-852.2337096312986
 10
1523.360344358754
 20
-856.3757698803138
 10
1525.104838066025
 20
-860.1196824332237
 10
1527.330672418422
 20
-863.0173213636972
 10
1530.027473695149
 20
-866.5278801285913
 10
1529.82488103011
 20
-869.1935688110925
 10
1528.025711712035
 20
-872.502200880238
 10
1524.474115841373
 20
-879.0334219115466
 10
1525.847474431543
 20
-881.1653382133536
 10
1532.553901863204
 20
-883.8639490633841
 10
1537.211580458716
 20
-885.7381326968643
 10
1543.158407440253
 20
-884.763892836595
 10
1546.521567723674
 20
-890.0228963541622
 10
1548.77071243693
 20
-893.5402287253519
 10
1549.571563682704
 20
-896.7424663568918
 10
1546.48617502918
 20
-899.8628104780973
 10
1543.856863959541
 20
-902.5220916951848
 10
1543.618390424912
 20
-904.9436254336861
 10
1545.290268086579
 20
-908.3173085326498
 10
1547.439580992605
 20
-912.6545218711208
 10
1548.828073010765
 20
-917.2537395215268
 10
1551.452746416988
 20
-921.5114087536485
 10
1556.505602753099
 20
-929.7079300459527
 10
1554.480652452901
 20
-942.8743561187102
 10
1547.221122636929
 20
-948.9869560763318
 10
1534.88188685454
 20
-959.376874826673
 10
1523.411968875207
 20
-970.7986396025271
 10
1510.308128847957
 20
-980.2760437427523
 10
1507.06798868885
 20
-982.6195284501691
 10
1504.96151314754
 20
-985.7317259367765
 10
1503.579977624504
 20
-989.3740343952732
 10
1501.26334270416
 20
-995.4817524744822
 10
1501.937756599946
 20
-997.3224037056307
 10
1507.405927899386
 20
-1000.902773331793
 10
1508.356160724685
 20
-1001.524907711715
 10
1509.602715833546
 20
-1002.27690005735
 10
1509.898794029559
 20
-1003.22337423416
 10
1512.259120621038
 20
-1010.772039749671
 10
1517.775865342577
 20
-1016.613451361594
 10
1520.826349476703
 20
-1023.767355984146
 10
1522.331637386698
 20
-1027.297625333122
 10
1524.049647594984
 20
-1030.689005241322
 10
1526.228128963023
 20
-1033.879678923378
 10
1528.238556054101
 20
-1036.824122863112
 10
1530.707867735868
 20
-1038.453998993893
 10
1534.328052207584
 20
-1038.981913120493
 10
1542.780193784256
 20
-1040.214282301709
 10
1544.921817932511
 20
-1044.503073508698
 10
1541.23194646577
 20
-1052.070168115206
 10
1539.06286246834
 20
-1056.518352652292
 10
1535.678344524447
 20
-1059.958307250676
 10
1531.918786062684
 20
-1063.023150516703
 10
1529.477178317642
 20
-1065.013431321131
 10
1528.185467012358
 20
-1067.11306620195
 10
1529.49279992073
 20
-1070.32589140729
 10
1531.138194083414
 20
-1074.369551294596
 10
1529.400534827495
 20
-1077.52196325461
 10
1525.760945395692
 20
-1078.867530991469
 10
1514.506068546358
 20
-1083.028783124984
 10
1512.887035838885
 20
-1092.134584782962
 10
1514.045719430378
 20
-1102.062250671323
 10
1514.924922779137
 20
-1109.596575669002
 10
1512.094727657299
 20
-1114.563276716748
 10
1506.333285168648
 20
-1118.601871655203
 10
1501.158263014644
 20
-1122.229351408027
 10
1495.884995622471
 20
-1125.689016590492
 10
1493.20906383112
 20
-1131.894860425749
 10
1491.650808923157
 20
-1135.508609895543
 10
1491.377308825355
 20
-1139.708062727623
 10
1488.403712268924
 20
-1142.721219105981
 10
1488.076024735412
 20
-1143.053186837886
 10
1488.020250730639
 20
-1144.225936079016
 10
1488.317915495718
 20
-1144.515309421789
 10
1491.932485953826
 20
-1148.02898038417
 10
1488.82512942096
 20
-1150.035676504751
 10
1486.424040208925
 20
-1151.520743917186
 10
1475.600221969784
 20
-1158.214897640442
 10
1468.712803621103
 20
-1168.661080039463
 10
1462.080151650898
 20
-1178.798544652509
 10
1459.027653794499
 20
-1183.464033802338
 10
1456.29478858252
 20
-1188.511163796895
 10
1452.826060434485
 20
-1193.022568659395
 10
1451.229727868997
 20
-1195.098709500362
 10
1452.688578122939
 20
-1196.353657369229
 10
1454.026910149936
 20
-1197.663404323248
 10
1456.189098674131
 20
-1199.779515543702
 10
1455.679932048504
 20
-1201.028361064553
 10
1453.440611859065
 20
-1203.222460292614
 10
1446.225566998761
 20
-1210.291237160382
 10
1436.338251660327
 20
-1213.377926832298
 10
1429.061391628429
 20
-1220.404109310937
 10
1425.59772829702
 20
-1223.748318069
 10
1423.039141594483
 20
-1227.451466937182
 10
1420.811476585473
 20
-1231.499947679418
 10
1417.180491239747
 20
-1238.098721703231
 10
1413.317195569984
 20
-1244.424293606506
 10
1407.179187016285
 20
-1249.109188223014
 10
1404.835641443749
 20
-1250.897908472569
 10
1402.509243021475
 20
-1252.887884159598
 10
1401.475837364116
 20
-1255.905556275484
 10
1400.896800677805
 20
-1257.596699980317
 10
1399.506722090578
 20
-1258.500640791473
 10
1397.872128801904
 20
-1259.115635424219
 10
1381.996369554958
 20
-1265.088979800184
 10
1368.19633081824
 20
-1274.649711502527
 10
1354.438092074161
 20
-1284.281230441818
 10
1350.078444375049
 20
-1287.33325877702
 10
1345.756935355352
 20
-1290.415432711405
 10
1341.090652673767
 20
-1293.033401032444
 10
1337.239195250091
 20
-1295.194181440351
 10
1333.465479710532
 20
-1297.442042354407
 10
1331.869452254479
 20
-1302.278336225114
 10
1330.67018910809
 20
-1305.912101396392
 10
1327.33314619233
 20
-1307.309722161801
 10
1323.375449663285
 20
-1306.986236693632
 10
1309.252788209682
 20
-1305.832282684383
 10
1296.599289708935
 20
-1310.734298843192
 10
1284.332914059694
 20
-1316.853062172304
 10
1279.996088546346
 20
-1319.016344542899
 10
1278.287780818104
 20
-1323.798022398892
 10
1275.471620730288
 20
-1327.445700923639
 10
1273.579759165768
 20
-1329.89609876824
 10
1272.055554470786
 20
-1332.55251188176
 10
1267.595525767461
 20
-1330.045545271078
 97
        0
 97
        0
 75
     2
 76
     1
 98
        0
  0
SPLINE
  5
47
330
41
100
AcDbEntity
  8
katman 1
370
     0
100
AcDbSpline
210
0.0
220
0.0
230
1.0
 70
    11
 71
     3
 72
   494
 73
   490
 74
     0
 42
0.0000000001
 43
0.0000000001
 12
1.0
 22
0.0
 32
0.0
 13
1.0
 23
0.0
 33
0.0
 40
0.0
 40
0.0
 40
0.0
 40
0.0
 40
1.0
 40
1.0
 40
1.0
 40
2.0
 40
2.0
 40
2.0
 40
3.0
 40
3.0
 40
3.0
 40
4.0
 40
4.0
 40
4.0
 40
5.0
 40
5.0
 40
5.0
 40
6.0
 40
6.0
 40
6.0
 40
7.0
 40
7.0
 40
7.0
 40
8.0
 40
8.0
 40
8.0
 40
9.0
 40
9.0
 40
9.0
 40
10.0
 40
10.0
 40
10.0
 40
11.0
 40
11.0
 40
11.0
 40
12.0
 40
12.0
 40
12.0
 40
13.0
 40
13.0
 40
13.0
 40
14.0
 40
14.0
 40
14.0
 40
15.0
 40
15.0
 40
15.0
 40
16.0
 40
16.0
 40
16.0
 40
17.0
 40
17.0
 40
17.0
 40
18.0
 40
18.0
 40
18.0
 40
19.0
 40
19.0
 40
19.0
 40
20.0
 40
20.0
 40
20.0
 40
21.0
 40
21.0
 40
21.0
 40
22.0
 40
22.0
 40
22.0
 40
23.0
 40
23.0
 40
23.0
 40
24.0
 40
24.0
 40
24.0
 40
25.0
 40
25.0
 40
25.0
 40
26.0
 40
26.0
 40
26.0
 40
27.0
 40
27.0
 40
27.0
 40
28.0
 40
28.0
 40
28.0
 40
29.0
 40
29.0
 40
29.0
 40
30.0
 40
30.0
 40
30.0
 40
31.0
 40
31.0
 40
31.0
 40
32.0
 40
32.0
 40
32.0
 40
33.0
 40
33.0
 40
33.0
 40
34.0
 40
34.0
 40
34.0
 40
35.0
 40
35.0
 40
35.0
 40
36.0
 40
36.0
 40
36.0
 40
37.0
 40
37.0
 40
37.0
 40
38.0
 40
38.0
 40
38.0
 40
39.0
 40
39.0
 40
39.0
 40
40.0
 40
40.0
 40
40.0
 40
41.0
 40
41.0
 40
41.0
 40
42.0
 40
42.0
 40
42.0
 40
43.0
 40
43.0
 40
43.0
 40
44.0
 40
44.0
 40
44.0
 40
45.0
 40
45.0
 40
45.0
 40
46.0
 40
46.0
 40
46.0
 40
47.0
 40
47.0
 40
47.0
 40
48.0
 40
48.0
 40
48.0
 40
49.0
 40
49.0
 40
49.0
 40
50.0
 40
50.0
 40
50.0
 40
51.0
 40
51.0
 40
51.0
 40
52.0
 40
52.0
 40
52.0
 40
53.0
 40
53.0
 40
53.0
 40
54.0
 40
54.0
 40
54.0
 40
55.0
 40
55.0
 40
55.0
 40
56.0
 40
56.0
 40
56.0
 40
57.0
 40
57.0
 40
57.0
 40
58.0
 40
58.0
 40
58.0
 40
59.0
 40
59.0
 40
59.0
 40
60.0
 40
60.0
 40
60.0
 40
61.0
 40
61.0
 40
61.0
 40
62.0
 40
62.0
 40
62.0
 40
63.0
 40
63.0
 40
63.0
 40
64.0
 40
64.0
 40
64.0
 40
65.0
 40
65.0
 40
65.0
 40
66.0
 40
66.0
 40
66.0
 40
67.0
 40
67.0
 40
67.0
 40
68.0
 40
68.0
 40
68.0
 40
69.0
 40
69.0
 40
69.0
 40
70.0
 40
70.0
 40
70.0
 40
71.0
 40
71.0
 40
71.0
 40
72.0
 40
72.0
 40
72.0
 40
73.0
 40
73.0
 40
73.0
 40
74.0
 40
74.0
 40
74.0
 40
75.0
 40
75.0
 40
75.0
 40
76.0
 40
76.0
 40
76.0
 40
77.0
 40
77.0
 40
77.0
 40
78.0
 40
78.0
 40
78.0
 40
79.0
 40
79.0
 40
79.0
 40
80.0
 40
80.0
 40
80.0
 40
81.0
 40
81.0
 40
81.0
 40
82.0
 40
82.0
 40
82.0
 40
83.0
 40
83.0
 40
83.0
 40
84.0
 40
84.0
 40
84.0
 40
85.0
 40
85.0
 40
85.0
 40
86.0
 40
86.0
 40
86.0
 40
87.0
 40
87.0
 40
87.0
 40
88.0
 40
88.0
 40
88.0
 40
89.0
 40
89.0
 40
89.0
 40
90.0
 40
90.0
 40
90.0
 40
91.0
 40
91.0
 40
91.0
 40
92.0
 40
92.0
 40
92.0
 40
93.0
 40
93.0
 40
93.0
 40
94.0
 40
94.0
 40
94.0
 40
95.0
 40
95.0
 40
95.0
 40
96.0
 40
96.0
 40
96.0
 40
97.0
 40
97.0
 40
97.0
 40
98.0
 40
98.0
 40
98.0
 40
99.0
 40
99.0
 40
99.0
 40
100.0
 40
100.0
 40
100.0
 40
101.0
 40
101.0
 40
101.0
 40
102.0
 40
102.0
 40
102.0
 40
103.0
 40
103.0
 40
103.0
 40
104.0
 40
104.0
 40
104.0
 40
105.0
 40
105.0
 40
105.0
 40
106.0
 40
106.0
 40
106.0
 40
107.0
 40
107.0
 40
107.0
 40
108.0
 40
108.0
 40
108.0
 40
109.0
 40
109.0
 40
109.0
 40
110.0
 40
110.0
 40
110.0
 40
111.0
 40
111.0
 40
111.0
 40
112.0
 40
112.0
 40
112.0
 40
113.0
 40
113.0
 40
113.0
 40
114.0
 40
114.0
 40
114.0
 40
115.0
 40
115.0
 40
115.0
 40
116.0
 40
116.0
 40
116.0
 40
117.0
 40
117.0
 40
117.0
 40
118.0
 40
118.0
 40
118.0
 40
119.0
 40
119.0
 40
119.0
 40
120.0
 40
120.0
 40
120.0
 40
121.0
 40
121.0
 40
121.0
 40
122.0
 40
122.0
 40
122.0
 40
123.0
 40
123.0
 40
123.0
 40
124.0
 40
124.0
 40
124.0
 40
125.0
 40
125.0
 40
125.0
 40
126.0
 40
126.0
 40
126.0
 40
127.0
 40
127.0
 40
127.0
 40
128.0
 40
128.0
 40
128.0
 40
129.0
 40
129.0
 40
129.0
 40
130.0
 40
130.0
 40
130.0
 40
131.0
 40
131.0
 40
131.0
 40
132.0
 40
132.0
 40
132.0
 40
133.0
 40
133.0
 40
133.0
 40
134.0
 40
134.0
 40
134.0
 40
135.0
 40
135.0
 40
135.0
 40
136.0
 40
136.0
 40
136.0
 40
137.0
 40
137.0
 40
137.0
 40
138.0
 40
138.0
 40
138.0
 40
139.0
 40
139.0
 40
139.0
 40
140.0
 40
140.0
 40
140.0
 40
141.0
 40
141.0
 40
141.0
 40
142.0
 40
142.0
 40
142.0
 40
143.0
 40
143.0
 40
143.0
 40
144.0
 40
144.0
 40
144.0
 40
145.0
 40
145.0
 40
145.0
 40
146.0
 40
146.0
 40
146.0
 40
147.0
 40
147.0
 40
147.0
 40
148.0
 40
148.0
 40
148.0
 40
149.0
 40
149.0
 40
149.0
 40
150.0
 40
150.0
 40
150.0
 40
151.0
 40
151.0
 40
151.0
 40
152.0
 40
152.0
 40
152.0
 40
153.0
 40
153.0
 40
153.0
 40
154.0
 40
154.0
 40
154.0
 40
155.0
 40
155.0
 40
155.0
 40
156.0
 40
156.0
 40
156.0
 40
157.0
 40
157.0
 40
157.0
 40
158.0
 40
158.0
 40
158.0
 40
159.0
 40
159.0
 40
159.0
 40
160.0
 40
160.0
 40
160.0
 40
161.0
 40
161.0
 40
161.0
 40
162.0
 40
162.0
 40
162.0
 40
163.0
 40
163.0
 40
163.0
 40
163.0
 10
998.7730607174226
 20
-716.3508957223548
 30
0.0
 10
997.8417446771145
 20
-731.3010381193008
 30
0.0
 10
998.7515810131781
 20
-745.1779910829482
 30
0.0
 10
998.4717346391208
 20
-759.5629950304146
 30
0.0
 10
984.7260664037749
 20
-747.4582554649505
 30
0.0
 10
990.9958822335211
 20
-731.5765286203459
 30
0.0
 10
988.5365171193453
 20
-717.0023976520888
 30
0.0
 10
974.3596072081464
 20
-728.0571824743129
 30
0.0
 10
958.1823998391228
 20
-734.941973549493
 30
0.0
 10
940.5059152159802
 20
-739.8012732722118
 30
0.0
 10
943.9021493621876
 20
-728.9921232133784
 30
0.0
 10
946.6272342835673
 20
-724.8922607008726
 30
0.0
 10
959.4963841331846
 20
-710.9637276406456
 30
0.0
 10
957.773248086386
 20
-710.9637276406456
 30
0.0
 10
956.339538849913
 20
-710.7631739731996
 30
0.0
 10
954.9803373375398
 20
-710.9966040405652
 30
0.0
 10
946.7500713422187
 20
-712.4100451431968
 30
0.0
 10
938.4823989301294
 20
-710.0530284790611
 30
0.0
 10
930.2530482631137
 20
-711.3037352160572
 30
0.0
 10
929.1675604251486
 20
-711.4686969387176
 30
0.0
 10
927.8860092640589
 20
-711.6288378064482
 30
0.0
 10
927.4702366365764
 20
-710.0015094059627
 30
0.0
 10
927.3226857136651
 20
-709.4241815163268
 30
0.0
 10
926.6708804270347
 20
-708.4266306866475
 30
0.0
 10
926.571048619805
 20
-708.4647093382491
 30
0.0
 10
920.4459767061635
 20
-710.8002762491187
 30
0.0
 10
915.853499996977
 20
-705.325219100152
 30
0.0
 10
910.1792577849355
 20
-705.2691995453933
 30
0.0
 10
907.8326000961579
 20
-705.2460411346847
 30
0.0
 10
904.1452000158442
 20
-707.054868620945
 30
0.0
 10
903.9841632558928
 20
-702.1611974230436
 30
0.0
 10
903.9756507026486
 20
-701.9022442851137
 30
0.0
 10
902.557654602093
 20
-701.626341875578
 30
0.0
 10
901.7738589737519
 20
-701.4656670523964
 30
0.0
 10
889.9339042712872
 20
-699.038900550474
 30
0.0
 10
878.2405241415399
 20
-695.8130315762537
 30
0.0
 10
866.1066880309954
 20
-694.9777269243696
 30
0.0
 10
864.6304770501847
 20
-694.8760923182135
 30
0.0
 10
862.5757785800461
 20
-695.5364273966961
 30
0.0
 10
862.4162368563284
 20
-692.836245192052
 30
0.0
 10
862.2874196527446
 20
-690.6560898292028
 30
0.0
 10
862.6529407562339
 20
-689.1108380094911
 30
0.0
 10
865.0193085145311
 20
-688.181587709948
 30
0.0
 10
874.1126985913716
 20
-684.6107987701662
 30
0.0
 10
882.8937176283525
 20
-680.5904193405286
 30
0.0
 10
892.7150988178173
 20
-678.5893373801191
 30
0.0
 10
897.12472344243
 20
-677.6908734263016
 30
0.0
 10
903.0515657559563
 20
-678.7696617639021
 30
0.0
 10
906.8769058119688
 20
-674.3184565645506
 30
0.0
 10
907.8555748366362
 20
-673.179651634242
 30
0.0
 10
910.0660926953824
 20
-673.7338668807788
 30
0.0
 10
911.6913801462797
 20
-674.2179203810365
 30
0.0
 10
914.1673127027934
 20
-674.9553128590524
 30
0.0
 10
916.757356188109
 20
-676.627173144163
 30
0.0
 10
918.5037720848204
 20
-673.0271539573978
 30
0.0
 10
918.6460141035568
 20
-672.7339666471153
 30
0.0
 10
919.6049730587038
 20
-672.4578964230095
 30
0.0
 10
919.797710688983
 20
-672.6236361950414
 30
0.0
 10
924.9860966362539
 20
-677.0848797568751
 30
0.0
 10
932.1208366931878
 20
-672.3125690050811
 30
0.0
 10
937.4618994018829
 20
-676.4170387903368
 30
0.0
 10
939.1685900501179
 20
-677.7285706811517
 30
0.0
 10
941.1135711673232
 20
-678.5725559230841
 30
0.0
 10
943.8632479091875
 20
-677.4348036478077
 30
0.0
 10
946.2960379915494
 20
-676.42814506372
 30
0.0
 10
948.9125344649046
 20
-678.6516270974616
 30
0.0
 10
951.0683156909581
 20
-680.1390896814901
 30
0.0
 10
953.6886260322553
 20
-681.94709335077
 30
0.0
 10
956.1868620884889
 20
-682.230318577921
 30
0.0
 10
959.0403675711859
 20
-680.645050611115
 30
0.0
 10
957.1780406000034
 20
-678.5185959107794
 30
0.0
 10
954.4322997698546
 20
-678.1086401712682
 30
0.0
 10
952.1659163735048
 20
-676.8612897256799
 30
0.0
 10
949.9542085879611
 20
-675.6440238557952
 30
0.0
 10
947.8897771268366
 20
-674.4408544098205
 30
0.0
 10
946.7610247709454
 20
-671.9445821640293
 30
0.0
 10
945.2176286924823
 20
-668.5314321292917
 30
0.0
 10
941.2767436933209
 20
-668.6414727198353
 30
0.0
 10
938.6504837180364
 20
-666.8124922292618
 30
0.0
 10
936.459889505415
 20
-665.2869662495023
 30
0.0
 10
932.5860675601325
 20
-666.0843448084852
 30
0.0
 10
932.4357096304175
 20
-661.2624372232158
 30
0.0
 10
932.3900042370096
 20
-659.7972787211747
 30
0.0
 10
927.1784909945427
 20
-658.5390508402534
 30
0.0
 10
924.3783186411365
 20
-657.0979813569929
 30
0.0
 10
922.4804464207418
 20
-656.1212547899095
 30
0.0
 10
918.7765704309222
 20
-656.073320846267
 30
0.0
 10
921.8887782038091
 20
-652.2990643678631
 30
0.0
 10
923.1649899497806
 20
-650.7513563530765
 30
0.0
 10
921.2866752441887
 20
-650.4284200962302
 30
0.0
 10
920.3956031383959
 20
-649.9495688476536
 30
0.0
 10
918.1958861536596
 20
-648.7674830140631
 30
0.0
 10
915.8681757608147
 20
-647.8096432140801
 30
0.0
 10
913.7311587650329
 20
-646.5292332981307
 30
0.0
 10
912.0177557092202
 20
-645.5026658036504
 30
0.0
 10
908.150615660571
 20
-645.4516806860029
 30
0.0
 10
911.3619534889867
 20
-641.6593917692198
 30
0.0
 10
912.5405302156623
 20
-640.2675377226842
 30
0.0
 10
910.3352907501476
 20
-639.9477899426756
 30
0.0
 10
909.5085357133157
 20
-639.4800297116117
 30
0.0
 10
906.4910949310324
 20
-637.7727300404167
 30
0.0
 10
903.3816331430635
 20
-636.2280579437665
 30
0.0
 10
899.8490761011635
 20
-634.3829825103085
 30
0.0
 10
903.4031433582522
 20
-632.0222281580154
 30
0.0
 10
902.8927868058263
 20
-630.1253590457973
 30
0.0
 10
899.5936079709873
 20
-628.3999506568734
 30
0.0
 10
898.138358008382
 20
-627.6388658126971
 30
0.0
 10
897.0018863837777
 20
-626.2839004599
 30
0.0
 10
895.5715333510934
 20
-625.4564068134732
 30
0.0
 10
891.8403500668137
 20
-623.2977469714997
 30
0.0
 10
889.9966652821286
 20
-621.1757927528233
 30
0.0
 10
895.6661782979227
 20
-618.6840362445628
 30
0.0
 10
892.636838247663
 20
-615.4046191665284
 30
0.0
 10
889.7502283912363
 20
-612.4530507354912
 30
0.0
 10
887.0822294452028
 20
-609.3155742722383
 30
0.0
 10
885.8206629521255
 20
-607.8320019350685
 30
0.0
 10
882.0432250774538
 20
-606.453374727851
 30
0.0
 10
886.4748786032951
 20
-603.9673544267216
 30
0.0
 10
887.9122186420482
 20
-603.1610511837698
 30
0.0
 10
886.1452383693968
 20
-602.0139470601634
 30
0.0
 10
885.5711444559374
 20
-601.2079489346124
 30
0.0
 10
883.1567524725242
 20
-597.8184149866847
 30
0.0
 10
880.6337415301441
 20
-594.5065791848319
 30
0.0
 10
878.1774580212641
 20
-591.146565345417
 30
0.0
 10
875.2030376693583
 20
-587.0778095519072
 30
0.0
 10
873.0596438863777
 20
-582.6080532145961
 30
0.0
 10
871.5524642978844
 20
-577.7914928117725
 30
0.0
 10
870.7582644377999
 20
-575.253312691003
 30
0.0
 10
871.8379246855511
 20
-573.7455903115715
 30
0.0
 10
873.6809077185353
 20
-572.2808894856316
 30
0.0
 10
875.6589016766393
 20
-570.7089017536882
 30
0.0
 10
876.706616966515
 20
-572.4505957838719
 30
0.0
 10
877.9528669659403
 20
-573.3190438134006
 30
0.0
 10
883.6888023057991
 20
-577.3161504133031
 30
0.0
 10
889.327743356177
 20
-581.455006929612
 30
0.0
 10
895.1196357664703
 20
-585.3681833605324
 30
0.0
 10
898.4981430544876
 20
-587.650827658259
 30
0.0
 10
901.5673914188847
 20
-590.6025562759323
 30
0.0
 10
906.1608444782642
 20
-590.5694281541564
 30
0.0
 10
907.823568856873
 20
-590.5574294123762
 30
0.0
 10
909.2365001408025
 20
-592.0160507741084
 30
0.0
 10
910.1007836381759
 20
-593.4121306966435
 30
0.0
 10
911.4158053043175
 20
-595.5363046444081
 30
0.0
 10
912.5010490547347
 20
-595.8517045014587
 30
0.0
 10
913.939731575003
 20
-593.6395270674111
 30
0.0
 10
915.2904815560187
 20
-591.5625547815253
 30
0.0
 10
916.282697439613
 20
-592.8054657689345
 30
0.0
 10
917.3339825098819
 20
-594.0055001336177
 30
0.0
 10
919.2000623271178
 20
-596.135616242761
 30
0.0
 10
921.0010012799175
 20
-598.3429270542683
 30
0.0
 10
923.0474312843598
 20
-600.2883708566696
 30
0.0
 10
924.5811553937237
 20
-601.7464506350161
 30
0.0
 10
925.6894043955626
 20
-605.7287361571825
 30
0.0
 10
928.8117723126452
 20
-601.632016353903
 30
0.0
 10
929.6485044280116
 20
-600.5341734346321
 30
0.0
 10
930.4514304179456
 20
-602.1854840628084
 30
0.0
 10
931.0027936784754
 20
-602.8433934579552
 30
0.0
 10
932.9277291057815
 20
-605.1403019941627
 30
0.0
 10
934.6854035406559
 20
-607.579273192111
 30
0.0
 10
936.6439620277315
 20
-609.8455479412942
 30
0.0
 10
938.0356576949634
 20
-611.4558813025633
 30
0.0
 10
938.9267298007562
 20
-614.8880096396215
 30
0.0
 10
942.0634378612976
 20
-611.4039655768429
 30
0.0
 10
943.3196344283142
 20
-610.0086942154203
 30
0.0
 10
943.9603337314993
 20
-611.9090416660056
 30
0.0
 10
944.5417197604629
 20
-612.7403797916813
 30
0.0
 10
946.0677246011146
 20
-614.9224573941547
 30
0.0
 10
947.4130436341811
 20
-617.2346675680046
 30
0.0
 10
948.9988499241508
 20
-619.3699096494784
 30
0.0
 10
950.0566033144478
 20
-620.7941671639628
 30
0.0
 10
950.4485774059776
 20
-624.1122426166594
 30
0.0
 10
953.5238059153062
 20
-621.1824443121577
 30
0.0
 10
954.4754422440055
 20
-620.2758032120028
 30
0.0
 10
955.1449743888279
 20
-621.6399525985589
 30
0.0
 10
955.6157582474953
 20
-622.5258762272106
 30
0.0
 10
956.7866462164011
 20
-624.7293425594689
 30
0.0
 10
957.9527134562295
 20
-626.9373703968677
 30
0.0
 10
959.2014653530241
 20
-629.0968998234339
 30
0.0
 10
960.0817670957504
 20
-630.619389885057
 30
0.0
 10
960.3886461657748
 20
-633.3894744861891
 30
0.0
 10
963.259970039493
 20
-630.926688875119
 30
0.0
 10
964.4548396100136
 20
-629.9018758056927
 30
0.0
 10
964.8952345689249
 20
-631.2917465891242
 30
0.0
 10
965.1972929098711
 20
-632.1753055579202
 30
0.0
 10
965.9505470837394
 20
-634.3787718901795
 30
0.0
 10
966.4436649530708
 20
-636.6922483012422
 30
0.0
 10
967.4002440546219
 20
-638.7985194855246
 30
0.0
 10
968.1783341365235
 20
-640.511738434293
 30
0.0
 10
967.3865141300339
 20
-644.0874702759656
 30
0.0
 10
971.4696106369875
 20
-642.6903376983992
 30
0.0
 10
972.4445573265439
 20
-642.3567223325308
 30
0.0
 10
972.6433056126989
 20
-644.0296657844128
 30
0.0
 10
973.1311755997431
 20
-644.834962139943
 30
0.0
 10
975.3621357906541
 20
-648.5171341868318
 30
0.0
 10
974.3980509969942
 20
-653.8159402693136
 30
0.0
 10
980.0590514595442
 20
-655.9855843377109
 30
0.0
 10
982.0308516961113
 20
-656.7412991156352
 30
0.0
 10
982.4858308860303
 20
-661.4547832325852
 30
0.0
 10
984.0996157112177
 20
-665.540686624011
 30
0.0
 10
983.3622882498721
 20
-655.9436612068621
 30
0.0
 10
983.9858098918503
 20
-647.4793993954881
 30
0.0
 10
979.9677016946152
 20
-639.6933830540147
 30
0.0
 10
979.2492910182591
 20
-638.3012391459488
 30
0.0
 10
977.3919678418151
 20
-636.1646698037821
 30
0.0
 10
980.771054837759
 20
-634.918936480416
 30
0.0
 10
982.2773801198337
 20
-634.3636075553668
 30
0.0
 10
980.9911607843842
 20
-632.907892436876
 30
0.0
 10
980.6796440509434
 20
-631.9046664235457
 30
0.0
 10
979.889715722953
 20
-629.3610552130449
 30
0.0
 10
978.9586437701919
 20
-626.8593061099118
 30
0.0
 10
978.2340698832422
 20
-624.2983794869242
 30
0.0
 10
977.9262754849124
 20
-623.210559674264
 30
0.0
 10
977.4525015537793
 20
-621.4728703099645
 30
0.0
 10
977.9735064254965
 20
-620.9546131490943
 30
0.0
 10
983.5046523123829
 20
-615.4518665960186
 30
0.0
 10
978.2985700178651
 20
-610.3551702797258
 30
0.0
 10
977.5666735044679
 20
-605.1185166117566
 30
0.0
 10
977.2797485915125
 20
-603.0655189256267
 30
0.0
 10
974.8009785172508
 20
-600.2976159139089
 30
0.0
 10
979.6567341581576
 20
-600.1721668946329
 30
0.0
 10
981.353447727859
 20
-600.1283520359002
 30
0.0
 10
980.3504919921425
 20
-598.2773268131286
 30
0.0
 10
980.1471060425711
 20
-597.2957183676344
 30
0.0
 10
979.5051557907009
 20
-594.1978308871167
 30
0.0
 10
978.804929636688
 20
-591.1055270550305
 30
0.0
 10
977.9535522684282
 20
-588.0596086957767
 30
0.0
 10
977.2576586683963
 20
-585.569980381385
 30
0.0
 10
976.5143510621192
 20
-583.3621966379078
 30
0.0
 10
980.6144116536761
 20
-584.1484536676371
 30
0.0
 10
982.4610559998837
 20
-584.5025729228291
 30
0.0
 10
982.3510945594016
 20
-583.2456875584694
 30
0.0
 10
982.060325267561
 20
-581.9637062879074
 30
0.0
 10
981.5819136730115
 20
-579.8546585352788
 30
0.0
 10
981.10685828225
 20
-577.7423917940741
 30
0.0
 10
980.7266309039796
 20
-575.6142742039046
 30
0.0
 10
980.3655033763589
 20
-573.5932604492982
 30
0.0
 10
979.2489859088237
 20
-571.0929759096889
 30
0.0
 10
983.2623954207547
 20
-571.7372618128966
 30
0.0
 10
985.2128379968517
 20
-572.050380917377
 30
0.0
 10
984.665471669924
 20
-570.4164085854927
 30
0.0
 10
984.5909029239365
 20
-569.3335164188529
 30
0.0
 10
984.4077762408697
 20
-566.6757379049641
 30
0.0
 10
984.0530560113903
 20
-564.0197519558042
 30
0.0
 10
984.0553138212117
 20
-561.3632854467387
 30
0.0
 10
984.0565342589525
 20
-559.9536659395499
 30
0.0
 10
981.6996859150368
 20
-556.7389566342581
 30
0.0
 10
986.3048856876758
 20
-557.8920410589171
 30
0.0
 10
987.5167803646864
 20
-558.1954803138615
 30
0.0
 10
987.06424205025
 20
-556.3723657053151
 30
0.0
 10
987.0173162191013
 20
-555.5131703609604
 30
0.0
 10
986.8547539119736
 20
-552.5409607377687
 30
0.0
 10
986.5731379031913
 20
-549.5752501152119
 30
0.0
 10
986.3003700680338
 20
-546.1485147282101
 30
0.0
 10
988.3316056225976
 20
-546.7193131054719
 30
0.0
 10
989.9973810955598
 20
-547.187401337741
 30
0.0
 10
992.2985774784765
 20
-547.8340366449347
 30
0.0
 10
992.2985774784765
 20
-544.8984792494957
 30
0.0
 10
992.0844516767838
 20
-542.1543219994837
 30
0.0
 10
992.3665558606617
 20
-539.4621720104124
 30
0.0
 10
992.59075027372
 20
-537.3222234930327
 30
0.0
 10
990.4564487519119
 20
-533.7399468831163
 30
0.0
 10
995.2228073282758
 20
-533.7060254560993
 30
0.0
 10
995.4360178016632
 20
-533.704507497031
 30
0.0
 10
995.8556653189744
 20
-532.6018437228295
 30
0.0
 10
995.8169774425787
 20
-532.0368502041147
 30
0.0
 10
995.4839810048925
 20
-527.1674053278248
 30
0.0
 10
994.6987513622053
 20
-522.5150247843221
 30
0.0
 10
998.6222146126111
 20
-518.1581237455757
 30
0.0
 10
1000.319050226086
 20
-516.2739284473873
 30
0.0
 10
999.7426374809183
 20
-512.4133923960144
 30
0.0
 10
1000.379095762954
 20
-509.4898375563234
 30
0.0
 10
1002.060309773342
 20
-501.767220796738
 30
0.0
 10
1003.840135153219
 20
-494.0660595113686
 30
0.0
 10
1005.776786782839
 20
-485.4876380245423
 30
0.0
 10
1008.052048863756
 20
-489.3592002559808
 30
0.0
 10
1008.169699062008
 20
-492.8992123849566
 30
0.0
 10
1009.019733948753
 20
-496.1742987028847
 30
0.0
 10
1010.65029979288
 20
-502.4570683557977
 30
0.0
 10
1011.885016655651
 20
-508.8416881040303
 30
0.0
 10
1013.4504111244
 20
-515.1426980565502
 30
0.0
 10
1014.108410132567
 20
-517.7911895595562
 30
0.0
 10
1013.401715658527
 20
-521.2372198081821
 30
0.0
 10
1017.56475083753
 20
-522.1235782291287
 30
0.0
 10
1018.969047524439
 20
-522.4225742119261
 30
0.0
 10
1018.182780509673
 20
-524.4858390985873
 30
0.0
 10
1018.230255537805
 20
-525.731618189563
 30
0.0
 10
1018.337593037144
 20
-528.546410117825
 30
0.0
 10
1018.263939619461
 20
-531.3681091412445
 30
0.0
 10
1018.263939619461
 20
-534.6310575075777
 30
0.0
 10
1020.350766113137
 20
-534.3142388546157
 30
0.0
 10
1022.178371630582
 20
-534.036780346336
 30
0.0
 10
1024.504770052856
 20
-533.6835916992159
 30
0.0
 10
1023.833346229534
 20
-537.9947937792813
 30
0.0
 10
1023.230755094817
 20
-541.8644223291931
 30
0.0
 10
1022.627065566134
 20
-545.7404507165838
 30
0.0
 10
1024.228401926361
 20
-546.8998053038258
 30
0.0
 10
1025.5160857871
 20
-545.1747554278472
 30
0.0
 10
1027.503324561094
 20
-545.632011992393
 30
0.0
 10
1026.805295195016
 20
-551.5453016359752
 30
0.0
 10
1026.094268166991
 20
-557.5693794077315
 30
0.0
 10
1025.322402317572
 20
-564.1080834432914
 30
0.0
 10
1027.281937154839
 20
-563.6570436457841
 30
0.0
 10
1028.949604306301
 20
-563.2731754440292
 30
0.0
 10
1031.245003609947
 20
-562.7448341530671
 30
0.0
 10
1030.529949137379
 20
-566.2684824544494
 30
0.0
 10
1030.04445900393
 20
-569.4671502124011
 30
0.0
 10
1029.210167764046
 20
-572.5721011607448
 30
0.0
 10
1028.123184889848
 20
-576.6176146362604
 30
0.0
 10
1027.029184498639
 20
-580.4089195494262
 30
0.0
 10
1033.991110571418
 20
-578.793185610165
 30
0.0
 10
1032.082834119279
 20
-584.9015673197209
 30
0.0
 10
1030.311978956801
 20
-590.569870574388
 30
0.0
 10
1028.46063592529
 20
-596.4959904046664
 30
0.0
 10
1030.119393881239
 20
-596.8003907794227
 30
0.0
 10
1031.532477719888
 20
-597.0597253141032
 30
0.0
 10
1033.10733058113
 20
-597.3487325159977
 30
0.0
 10
1031.733788925298
 20
-600.7774282822984
 30
0.0
 10
1030.349751504891
 20
-604.0096284425817
 30
0.0
 10
1029.928761506064
 20
-607.4965406089259
 30
0.0
 10
1029.726962125558
 20
-609.1672261920439
 30
0.0
 10
1027.996381408539
 20
-611.4199537286377
 30
0.0
 10
1031.628892301442
 20
-612.0023160553837
 30
0.0
 10
1033.145042107331
 20
-612.2454183443497
 30
0.0
 10
1031.831362922705
 20
-613.6165854311212
 30
0.0
 10
1031.411776427281
 20
-614.3012383664354
 30
0.0
 10
1028.798086960731
 20
-618.5661846485618
 30
0.0
 10
1026.148516624588
 20
-622.7190307976907
 30
0.0
 10
1028.269576396906
 20
-628.1469778199962
 30
0.0
 10
1028.876988260699
 20
-629.7012000912864
 30
0.0
 10
1027.720867588461
 20
-631.3503291300485
 30
0.0
 10
1026.872968467764
 20
-632.8044881497963
 30
0.0
 10
1026.407005338175
 20
-633.6036516455733
 30
0.0
 10
1025.072029514964
 20
-634.7205338906451
 30
0.0
 10
1026.050027298874
 20
-635.314139793606
 30
0.0
 10
1031.278992801039
 20
-638.4879099716654
 30
0.0
 10
1026.668117992904
 20
-640.7261901993379
 30
0.0
 10
1025.05964207189
 20
-642.3141279434003
 30
0.0
 10
1022.29425219411
 20
-645.0442421650469
 30
0.0
 10
1023.267734358376
 20
-648.0483060448669
 30
0.0
 10
1023.182608825928
 20
-651.1771324298106
 30
0.0
 10
1025.652835836001
 20
-651.7006528658421
 30
0.0
 10
1027.028452235993
 20
-650.4626542685828
 30
0.0
 10
1028.157418168488
 20
-648.4080852278403
 30
0.0
 10
1029.598755140843
 20
-645.7848536316405
 30
0.0
 10
1031.244454412963
 20
-643.2725169547057
 30
0.0
 10
1032.839505518823
 20
-640.7359539561594
 30
0.0
 10
1033.271174347885
 20
-640.0494855723109
 30
0.0
 10
1034.024977718736
 20
-638.8145991725387
 30
0.0
 10
1034.315441901141
 20
-638.9003676738612
 30
0.0
 10
1041.369266935835
 20
-640.982519327622
 30
0.0
 10
1040.187028895936
 20
-633.3408235166553
 30
0.0
 10
1043.569350051894
 20
-631.1983654086562
 30
0.0
 10
1044.703380801015
 20
-630.4800275123107
 30
0.0
 10
1044.738468386075
 20
-625.5441585778999
 30
0.0
 10
1047.628770066669
 20
-630.0374394668006
 30
0.0
 10
1048.407409345553
 20
-631.2479622421315
 30
0.0
 10
1049.167009795676
 20
-629.5556438353078
 30
0.0
 10
1049.662080365393
 20
-628.8779475767287
 30
0.0
 10
1051.720775769134
 20
-626.0596544262944
 30
0.0
 10
1053.718388263927
 20
-623.1966615766642
 30
0.0
 10
1055.972414728147
 20
-620.0202521330893
 30
0.0
 10
1058.073398299621
 20
-623.9474334526994
 30
0.0
 10
1059.968738111702
 20
-622.9600735442027
 30
0.0
 10
1061.956343017018
 20
-620.1234123262484
 30
0.0
 10
1062.999268088759
 20
-618.6349275989278
 30
0.0
 10
1064.503518626674
 20
-617.4760611995271
 30
0.0
 10
1065.60716047604
 20
-616.0223140882699
 30
0.0
 10
1067.664147266943
 20
-613.3127342676862
 30
0.0
 10
1069.716801503866
 20
-611.5863647589504
 30
0.0
 10
1072.446554599604
 20
-615.2302445720579
 30
0.0
 10
1073.71251466855
 20
-616.9201372955467
 30
0.0
 10
1074.758307768983
 20
-616.3242887796914
 30
0.0
 10
1076.058257029021
 20
-615.1399298214665
 30
0.0
 10
1079.114660286192
 20
-612.3553826555435
 30
0.0
 10
1082.30000279072
 20
-609.7122879165609
 30
0.0
 10
1085.677869348921
 20
-606.8009949824091
 30
0.0
 10
1086.46102424745
 20
-608.7183527280804
 30
0.0
 10
1087.068863264452
 20
-610.2064255469104
 30
0.0
 10
1087.767136718081
 20
-611.9160288544808
 30
0.0
 10
1091.632141000682
 20
-609.2737426766098
 30
0.0
 10
1095.310113199446
 20
-606.7037845785626
 30
0.0
 10
1099.057772393231
 20
-604.2398700331105
 30
0.0
 10
1099.900362609755
 20
-603.6859141363639
 30
0.0
 10
1101.269815799154
 20
-602.0523003174249
 30
0.0
 10
1101.933550864705
 20
-603.5074357128551
 30
0.0
 10
1104.276242130822
 20
-608.6428209155501
 30
0.0
 10
1106.542350928681
 20
-603.8792517772845
 30
0.0
 10
1108.866552563019
 20
-603.8415697783048
 30
0.0
 10
1119.87593836071
 20
-603.663060843056
 30
0.0
 10
1127.665992462782
 20
-595.6669711712357
 30
0.0
 10
1137.725877697821
 20
-592.4221620343706
 30
0.0
 10
1139.440348636657
 20
-599.3467785582698
 30
0.0
 10
1135.418090951101
 20
-604.1709745240441
 30
0.0
 10
1131.570111774989
 20
-608.7350579057656
 30
0.0
 10
1125.910880947164
 20
-615.4474881613196
 30
0.0
 10
1119.932749737563
 20
-621.9106832681537
 30
0.0
 10
1112.992974609786
 20
-627.7289822369794
 30
0.0
 10
1114.285235112055
 20
-628.7396073472746
 30
0.0
 10
1115.429212428768
 20
-629.6342725894547
 30
0.0
 10
1117.103408922143
 20
-630.9435771232447
 30
0.0
 10
1112.026937115741
 20
-633.9642393896593
 30
0.0
 10
1107.239403944566
 20
-636.8129374890686
 30
0.0
 10
1102.413182896995
 20
-639.6847024639665
 30
0.0
 10
1102.274663213369
 20
-641.8218820409347
 30
0.0
 10
1104.774119707345
 20
-641.8591673872943
 30
0.0
 10
1105.350593474399
 20
-643.7596826524496
 30
0.0
 10
1102.778276847275
 20
-645.8881053600189
 30
0.0
 10
1099.292401548977
 20
-646.4810400046981
 30
0.0
 10
1096.368964983711
 20
-648.1277586159949
 30
0.0
 10
1095.483720468132
 20
-648.6263662162637
 30
0.0
 10
1091.103752480631
 20
-648.157766912349
 30
0.0
 10
1094.696049949962
 20
-651.4530653510865
 30
0.0
 10
1095.323599036486
 20
-652.028745606759
 30
0.0
 10
1093.688212463279
 20
-652.763483563389
 30
0.0
 10
1092.805530866957
 20
-653.1423783515138
 30
0.0
 10
1088.084023377582
 20
-655.1691511970575
 30
0.0
 10
1083.373988002975
 20
-657.2224540005873
 30
0.0
 10
1078.333458088051
 20
-659.408162500129
 30
0.0
 10
1082.246242508219
 20
-663.4992528873663
 30
0.0
 10
1080.234778045064
 20
-664.6737107859399
 30
0.0
 10
1075.981430473212
 20
-665.6212833853924
 30
0.0
 10
1071.15960300151
 20
-666.6955102178536
 30
0.0
 10
1065.599349674496
 20
-666.9340357458095
 30
0.0
 10
1063.433988012175
 20
-672.9457791466457
 30
0.0
 10
1063.125583394973
 20
-673.8021674109141
 30
0.0
 10
1061.561897539063
 20
-674.7540116539749
 30
0.0
 10
1060.599643402014
 20
-674.7328212504999
 30
0.0
 10
1056.371497869519
 20
-674.639699419823
 30
0.0
 10
1054.726164728723
 20
-677.9365692131732
 30
0.0
 10
1052.475555490179
 20
-680.3166680086679
 30
0.0
 10
1057.275720191974
 20
-682.9240640117741
 30
0.0
 10
1060.874547003219
 20
-679.1558336020325
 30
0.0
 10
1064.995965255248
 20
-678.0151979673201
 30
0.0
 10
1066.632206134873
 20
-677.5623579771482
 30
0.0
 10
1068.454136616821
 20
-675.1899939077612
 30
0.0
 10
1069.94978306866
 20
-678.3088887213135
 30
0.0
 10
1070.088668883609
 20
-678.5985061580086
 30
0.0
 10
1070.941571799045
 20
-678.9007859668309
 30
0.0
 10
1071.13763512217
 20
-678.7561450630537
 30
0.0
 10
1076.487301916939
 20
-674.8089480419621
 30
0.0
 10
1083.19226482331
 20
-679.243295504928
 30
0.0
 10
1088.706141516159
 20
-675.8487576316302
 30
0.0
 10
1090.525387035075
 20
-674.7287326773312
 30
0.0
 10
1093.001533168193
 20
-673.5675626415559
 30
0.0
 10
1094.581572889838
 20
-676.8077111101256
 30
0.0
 10
1094.817178395775
 20
-677.2908187464418
 30
0.0
 10
1096.395692570242
 20
-677.1771167470906
 30
0.0
 10
1097.359289188806
 20
-677.2382927859207
 30
0.0
 10
1109.389266047574
 20
-678.0021389425729
 30
0.0
 10
1121.175338423765
 20
-680.8659861209244
 30
0.0
 10
1133.491813042281
 20
-681.8659321221976
 30
0.0
 10
1128.261016883504
 20
-684.641844465682
 30
0.0
 10
1123.092951224624
 20
-687.5452501150276
 30
0.0
 10
1117.781484131152
 20
-690.1570245528328
 30
0.0
 10
1112.706659915701
 20
-692.6523967022922
 30
0.0
 10
1107.629821977975
 20
-695.0474004828075
 30
0.0
 10
1102.917345727885
 20
-698.2675790175053
 30
0.0
 10
1098.756446314928
 20
-701.110861283053
 30
0.0
 10
1093.171723211204
 20
-701.1034316743471
 30
0.0
 10
1089.202066392294
 20
-704.7490506566392
 30
0.0
 10
1087.856411738849
 20
-705.984913432093
 30
0.0
 10
1084.894714450395
 20
-705.1340325369065
 30
0.0
 10
1085.036895447245
 20
-708.5131467256015
 30
0.0
 10
1085.091815145599
 20
-709.8176609162019
 30
0.0
 10
1083.105613743684
 20
-709.3491378916369
 30
0.0
 10
1082.041331011473
 20
-709.320121226835
 30
0.0
 10
1076.674334000778
 20
-709.1738021773544
 30
0.0
 10
1071.376657853783
 20
-709.1010774449105
 30
0.0
 10
1067.161143851908
 20
-713.3174032692432
 30
0.0
 10
1066.628300734101
 20
-713.850428112305
 30
0.0
 10
1065.666412728375
 20
-714.0776948081775
 30
0.0
 10
1064.865622504487
 20
-714.2001231651875
 30
0.0
 10
1058.791320800881
 20
-715.12859541536
 30
0.0
 10
1052.77938346585
 20
-717.1314775684323
 30
0.0
 10
1046.53495274112
 20
-714.912587551571
 30
0.0
 10
1045.080374019271
 20
-714.395718674873
 30
0.0
 10
1043.12279188239
 20
-713.2903393558063
 30
0.0
 10
1042.24877539403
 20
-716.3010395390893
 30
0.0
 10
1041.747053438623
 20
-718.0290414259189
 30
0.0
 10
1039.907975806411
 20
-716.7008501250284
 30
0.0
 10
1038.771382138031
 20
-716.4643536277863
 30
0.0
 10
1033.466932561572
 20
-715.3606829661621
 30
0.0
 10
1028.194824585256
 20
-714.1019974091396
 30
0.0
 10
1021.787953597173
 20
-712.6429412551115
 30
0.0
 10
1030.929154322524
 20
-721.8205217815894
 30
0.0
 10
1037.0285970436
 20
-731.5341173016559
 30
0.0
 10
1040.774730690209
 20
-743.9598403726022
 30
0.0
 10
1025.313249034512
 20
-736.4358588548048
 30
0.0
 10
1009.881057884604
 20
-730.7878916748914
 30
0.0
 10
998.7730607174226
 20
-716.3508957223548
 30
0.0
  0
HATCH
  5
48
330
41
100
AcDbEntity
  8
katman 1
 62
    98
420
   263428
100
AcDbHatch
 10
0.0
 20
0.0
 30
0.0
210
0.0
220
0.0
230
1.0
  2
SOLID
 70
     1
 71
     0
 91
        1
 92
        1
 93
        1
 72
     4
 94
        3
 73
     0
 74
     1
 95
      494
 96
      490
 40
0.0
 40
0.0
 40
0.0
 40
0.0
 40
1.0
 40
1.0
 40
1.0
 40
2.0
 40
2.0
 40
2.0
 40
3.0
 40
3.0
 40
3.0
 40
4.0
 40
4.0
 40
4.0
 40
5.0
 40
5.0
 40
5.0
 40
6.0
 40
6.0
 40
6.0
 40
7.0
 40
7.0
 40
7.0
 40
8.0
 40
8.0
 40
8.0
 40
9.0
 40
9.0
 40
9.0
 40
10.0
 40
10.0
 40
10.0
 40
11.0
 40
11.0
 40
11.0
 40
12.0
 40
12.0
 40
12.0
 40
13.0
 40
13.0
 40
13.0
 40
14.0
 40
14.0
 40
14.0
 40
15.0
 40
15.0
 40
15.0
 40
16.0
 40
16.0
 40
16.0
 40
17.0
 40
17.0
 40
17.0
 40
18.0
 40
18.0
 40
18.0
 40
19.0
 40
19.0
 40
19.0
 40
20.0
 40
20.0
 40
20.0
 40
21.0
 40
21.0
 40
21.0
 40
22.0
 40
22.0
 40
22.0
 40
23.0
 40
23.0
 40
23.0
 40
24.0
 40
24.0
 40
24.0
 40
25.0
 40
25.0
 40
25.0
 40
26.0
 40
26.0
 40
26.0
 40
27.0
 40
27.0
 40
27.0
 40
28.0
 40
28.0
 40
28.0
 40
29.0
 40
29.0
 40
29.0
 40
30.0
 40
30.0
 40
30.0
 40
31.0
 40
31.0
 40
31.0
 40
32.0
 40
32.0
 40
32.0
 40
33.0
 40
33.0
 40
33.0
 40
34.0
 40
34.0
 40
34.0
 40
35.0
 40
35.0
 40
35.0
 40
36.0
 40
36.0
 40
36.0
 40
37.0
 40
37.0
 40
37.0
 40
38.0
 40
38.0
 40
38.0
 40
39.0
 40
39.0
 40
39.0
 40
40.0
 40
40.0
 40
40.0
 40
41.0
 40
41.0
 40
41.0
 40
42.0
 40
42.0
 40
42.0
 40
43.0
 40
43.0
 40
43.0
 40
44.0
 40
44.0
 40
44.0
 40
45.0
 40
45.0
 40
45.0
 40
46.0
 40
46.0
 40
46.0
 40
47.0
 40
47.0
 40
47.0
 40
48.0
 40
48.0
 40
48.0
 40
49.0
 40
49.0
 40
49.0
 40
50.0
 40
50.0
 40
50.0
 40
51.0
 40
51.0
 40
51.0
 40
52.0
 40
52.0
 40
52.0
 40
53.0
 40
53.0
 40
53.0
 40
54.0
 40
54.0
 40
54.0
 40
55.0
 40
55.0
 40
55.0
 40
56.0
 40
56.0
 40
56.0
 40
57.0
 40
57.0
 40
57.0
 40
58.0
 40
58.0
 40
58.0
 40
59.0
 40
59.0
 40
59.0
 40
60.0
 40
60.0
 40
60.0
 40
61.0
 40
61.0
 40
61.0
 40
62.0
 40
62.0
 40
62.0
 40
63.0
 40
63.0
 40
63.0
 40
64.0
 40
64.0
 40
64.0
 40
65.0
 40
65.0
 40
65.0
 40
66.0
 40
66.0
 40
66.0
 40
67.0
 40
67.0
 40
67.0
 40
68.0
 40
68.0
 40
68.0
 40
69.0
 40
69.0
 40
69.0
 40
70.0
 40
70.0
 40
70.0
 40
71.0
 40
71.0
 40
71.0
 40
72.0
 40
72.0
 40
72.0
 40
73.0
 40
73.0
 40
73.0
 40
74.0
 40
74.0
 40
74.0
 40
75.0
 40
75.0
 40
75.0
 40
76.0
 40
76.0
 40
76.0
 40
77.0
 40
77.0
 40
77.0
 40
78.0
 40
78.0
 40
78.0
 40
79.0
 40
79.0
 40
79.0
 40
80.0
 40
80.0
 40
80.0
 40
81.0
 40
81.0
 40
81.0
 40
82.0
 40
82.0
 40
82.0
 40
83.0
 40
83.0
 40
83.0
 40
84.0
 40
84.0
 40
84.0
 40
85.0
 40
85.0
 40
85.0
 40
86.0
 40
86.0
 40
86.0
 40
87.0
 40
87.0
 40
87.0
 40
88.0
 40
88.0
 40
88.0
 40
89.0
 40
89.0
 40
89.0
 40
90.0
 40
90.0
 40
90.0
 40
91.0
 40
91.0
 40
91.0
 40
92.0
 40
92.0
 40
92.0
 40
93.0
 40
93.0
 40
93.0
 40
94.0
 40
94.0
 40
94.0
 40
95.0
 40
95.0
 40
95.0
 40
96.0
 40
96.0
 40
96.0
 40
97.0
 40
97.0
 40
97.0
 40
98.0
 40
98.0
 40
98.0
 40
99.0
 40
99.0
 40
99.0
 40
100.0
 40
100.0
 40
100.0
 40
101.0
 40
101.0
 40
101.0
 40
102.0
 40
102.0
 40
102.0
 40
103.0
 40
103.0
 40
103.0
 40
104.0
 40
104.0
 40
104.0
 40
105.0
 40
105.0
 40
105.0
 40
106.0
 40
106.0
 40
106.0
 40
107.0
 40
107.0
 40
107.0
 40
108.0
 40
108.0
 40
108.0
 40
109.0
 40
109.0
 40
109.0
 40
110.0
 40
110.0
 40
110.0
 40
111.0
 40
111.0
 40
111.0
 40
112.0
 40
112.0
 40
112.0
 40
113.0
 40
113.0
 40
113.0
 40
114.0
 40
114.0
 40
114.0
 40
115.0
 40
115.0
 40
115.0
 40
116.0
 40
116.0
 40
116.0
 40
117.0
 40
117.0
 40
117.0
 40
118.0
 40
118.0
 40
118.0
 40
119.0
 40
119.0
 40
119.0
 40
120.0
 40
120.0
 40
120.0
 40
121.0
 40
121.0
 40
121.0
 40
122.0
 40
122.0
 40
122.0
 40
123.0
 40
123.0
 40
123.0
 40
124.0
 40
124.0
 40
124.0
 40
125.0
 40
125.0
 40
125.0
 40
126.0
 40
126.0
 40
126.0
 40
127.0
 40
127.0
 40
127.0
 40
128.0
 40
128.0
 40
128.0
 40
129.0
 40
129.0
 40
129.0
 40
130.0
 40
130.0
 40
130.0
 40
131.0
 40
131.0
 40
131.0
 40
132.0
 40
132.0
 40
132.0
 40
133.0
 40
133.0
 40
133.0
 40
134.0
 40
134.0
 40
134.0
 40
135.0
 40
135.0
 40
135.0
 40
136.0
 40
136.0
 40
136.0
 40
137.0
 40
137.0
 40
137.0
 40
138.0
 40
138.0
 40
138.0
 40
139.0
 40
139.0
 40
139.0
 40
140.0
 40
140.0
 40
140.0
 40
141.0
 40
141.0
 40
141.0
 40
142.0
 40
142.0
 40
142.0
 40
143.0
 40
143.0
 40
143.0
 40
144.0
 40
144.0
 40
144.0
 40
145.0
 40
145.0
 40
145.0
 40
146.0
 40
146.0
 40
146.0
 40
147.0
 40
147.0
 40
147.0
 40
148.0
 40
148.0
 40
148.0
 40
149.0
 40
149.0
 40
149.0
 40
150.0
 40
150.0
 40
150.0
 40
151.0
 40
151.0
 40
151.0
 40
152.0
 40
152.0
 40
152.0
 40
153.0
 40
153.0
 40
153.0
 40
154.0
 40
154.0
 40
154.0
 40
155.0
 40
155.0
 40
155.0
 40
156.0
 40
156.0
 40
156.0
 40
157.0
 40
157.0
 40
157.0
 40
158.0
 40
158.0
 40
158.0
 40
159.0
 40
159.0
 40
159.0
 40
160.0
 40
160.0
 40
160.0
 40
161.0
 40
161.0
 40
161.0
 40
162.0
 40
162.0
 40
162.0
 40
163.0
 40
163.0
 40
163.0
 40
163.0
 10
998.7730607174226
 20
-716.3508957223548
 10
997.8417446771145
 20
-731.3010381193008
 10
998.7515810131781
 20
-745.1779910829482
 10
998.4717346391208
 20
-759.5629950304146
 10
984.7260664037749
 20
-747.4582554649505
 10
990.9958822335211
 20
-731.5765286203459
 10
988.5365171193453
 20
-717.0023976520888
 10
974.3596072081464
 20
-728.0571824743129
 10
958.1823998391228
 20
-734.941973549493
 10
940.5059152159802
 20
-739.8012732722118
 10
943.9021493621876
 20
-728.9921232133784
 10
946.6272342835673
 20
-724.8922607008726
 10
959.4963841331846
 20
-710.9637276406456
 10
957.773248086386
 20
-710.9637276406456
 10
956.339538849913
 20
-710.7631739731996
 10
954.9803373375398
 20
-710.9966040405652
 10
946.7500713422187
 20
-712.4100451431968
 10
938.4823989301294
 20
-710.0530284790611
 10
930.2530482631137
 20
-711.3037352160572
 10
929.1675604251486
 20
-711.4686969387176
 10
927.8860092640589
 20
-711.6288378064482
 10
927.4702366365764
 20
-710.0015094059627
 10
927.3226857136651
 20
-709.4241815163268
 10
926.6708804270347
 20
-708.4266306866475
 10
926.571048619805
 20
-708.4647093382491
 10
920.4459767061635
 20
-710.8002762491187
 10
915.853499996977
 20
-705.325219100152
 10
910.1792577849355
 20
-705.2691995453933
 10
907.8326000961579
 20
-705.2460411346847
 10
904.1452000158442
 20
-707.054868620945
 10
903.9841632558928
 20
-702.1611974230436
 10
903.9756507026486
 20
-701.9022442851137
 10
902.557654602093
 20
-701.626341875578
 10
901.7738589737519
 20
-701.4656670523964
 10
889.9339042712872
 20
-699.038900550474
 10
878.2405241415399
 20
-695.8130315762537
 10
866.1066880309954
 20
-694.9777269243696
 10
864.6304770501847
 20
-694.8760923182135
 10
862.5757785800461
 20
-695.5364273966961
 10
862.4162368563284
 20
-692.836245192052
 10
862.2874196527446
 20
-690.6560898292028
 10
862.6529407562339
 20
-689.1108380094911
 10
865.0193085145311
 20
-688.181587709948
 10
874.1126985913716
 20
-684.6107987701662
 10
882.8937176283525
 20
-680.5904193405286
 10
892.7150988178173
 20
-678.5893373801191
 10
897.12472344243
 20
-677.6908734263016
 10
903.0515657559563
 20
-678.7696617639021
 10
906.8769058119688
 20
-674.3184565645506
 10
907.8555748366362
 20
-673.179651634242
 10
910.0660926953824
 20
-673.7338668807788
 10
911.6913801462797
 20
-674.2179203810365
 10
914.1673127027934
 20
-674.9553128590524
 10
916.757356188109
 20
-676.627173144163
 10
918.5037720848204
 20
-673.0271539573978
 10
918.6460141035568
 20
-672.7339666471153
 10
919.6049730587038
 20
-672.4578964230095
 10
919.797710688983
 20
-672.6236361950414
 10
924.9860966362539
 20
-677.0848797568751
 10
932.1208366931878
 20
-672.3125690050811
 10
937.4618994018829
 20
-676.4170387903368
 10
939.1685900501179
 20
-677.7285706811517
 10
941.1135711673232
 20
-678.5725559230841
 10
943.8632479091875
 20
-677.4348036478077
 10
946.2960379915494
 20
-676.42814506372
 10
948.9125344649046
 20
-678.6516270974616
 10
951.0683156909581
 20
-680.1390896814901
 10
953.6886260322553
 20
-681.94709335077
 10
956.1868620884889
 20
-682.230318577921
 10
959.0403675711859
 20
-680.645050611115
 10
957.1780406000034
 20
-678.5185959107794
 10
954.4322997698546
 20
-678.1086401712682
 10
952.1659163735048
 20
-676.8612897256799
 10
949.9542085879611
 20
-675.6440238557952
 10
947.8897771268366
 20
-674.4408544098205
 10
946.7610247709454
 20
-671.9445821640293
 10
945.2176286924823
 20
-668.5314321292917
 10
941.2767436933209
 20
-668.6414727198353
 10
938.6504837180364
 20
-666.8124922292618
 10
936.459889505415
 20
-665.2869662495023
 10
932.5860675601325
 20
-666.0843448084852
 10
932.4357096304175
 20
-661.2624372232158
 10
932.3900042370096
 20
-659.7972787211747
 10
927.1784909945427
 20
-658.5390508402534
 10
924.3783186411365
 20
-657.0979813569929
 10
922.4804464207418
 20
-656.1212547899095
 10
918.7765704309222
 20
-656.073320846267
 10
921.8887782038091
 20
-652.2990643678631
 10
923.1649899497806
 20
-650.7513563530765
 10
921.2866752441887
 20
-650.4284200962302
 10
920.3956031383959
 20
-649.9495688476536
 10
918.1958861536596
 20
-648.7674830140631
 10
915.8681757608147
 20
-647.8096432140801
 10
913.7311587650329
 20
-646.5292332981307
 10
912.0177557092202
 20
-645.5026658036504
 10
908.150615660571
 20
-645.4516806860029
 10
911.3619534889867
 20
-641.6593917692198
 10
912.5405302156623
 20
-640.2675377226842
 10
910.3352907501476
 20
-639.9477899426756
 10
909.5085357133157
 20
-639.4800297116117
 10
906.4910949310324
 20
-637.7727300404167
 10
903.3816331430635
 20
-636.2280579437665
 10
899.8490761011635
 20
-634.3829825103085
 10
903.4031433582522
 20
-632.0222281580154
 10
902.8927868058263
 20
-630.1253590457973
 10
899.5936079709873
 20
-628.3999506568734
 10
898.138358008382
 20
-627.6388658126971
 10
897.0018863837777
 20
-626.2839004599
 10
895.5715333510934
 20
-625.4564068134732
 10
891.8403500668137
 20
-623.2977469714997
 10
889.9966652821286
 20
-621.1757927528233
 10
895.6661782979227
 20
-618.6840362445628
 10
892.636838247663
 20
-615.4046191665284
 10
889.7502283912363
 20
-612.4530507354912
 10
887.0822294452028
 20
-609.3155742722383
 10
885.8206629521255
 20
-607.8320019350685
 10
882.0432250774538
 20
-606.453374727851
 10
886.4748786032951
 20
-603.9673544267216
 10
887.9122186420482
 20
-603.1610511837698
 10
886.1452383693968
 20
-602.0139470601634
 10
885.5711444559374
 20
-601.2079489346124
 10
883.1567524725242
 20
-597.8184149866847
 10
880.6337415301441
 20
-594.5065791848319
 10
878.1774580212641
 20
-591.146565345417
 10
875.2030376693583
 20
-587.0778095519072
 10
873.0596438863777
 20
-582.6080532145961
 10
871.5524642978844
 20
-577.7914928117725
 10
870.7582644377999
 20
-575.253312691003
 10
871.8379246855511
 20
-573.7455903115715
 10
873.6809077185353
 20
-572.2808894856316
 10
875.6589016766393
 20
-570.7089017536882
 10
876.706616966515
 20
-572.4505957838719
 10
877.9528669659403
 20
-573.3190438134006
 10
883.6888023057991
 20
-577.3161504133031
 10
889.327743356177
 20
-581.455006929612
 10
895.1196357664703
 20
-585.3681833605324
 10
898.4981430544876
 20
-587.650827658259
 10
901.5673914188847
 20
-590.6025562759323
 10
906.1608444782642
 20
-590.5694281541564
 10
907.823568856873
 20
-590.5574294123762
 10
909.2365001408025
 20
-592.0160507741084
 10
910.1007836381759
 20
-593.4121306966435
 10
911.4158053043175
 20
-595.5363046444081
 10
912.5010490547347
 20
-595.8517045014587
 10
913.939731575003
 20
-593.6395270674111
 10
915.2904815560187
 20
-591.5625547815253
 10
916.282697439613
 20
-592.8054657689345
 10
917.3339825098819
 20
-594.0055001336177
 10
919.2000623271178
 20
-596.135616242761
 10
921.0010012799175
 20
-598.3429270542683
 10
923.0474312843598
 20
-600.2883708566696
 10
924.5811553937237
 20
-601.7464506350161
 10
925.6894043955626
 20
-605.7287361571825
 10
928.8117723126452
 20
-601.632016353903
 10
929.6485044280116
 20
-600.5341734346321
 10
930.4514304179456
 20
-602.1854840628084
 10
931.0027936784754
 20
-602.8433934579552
 10
932.9277291057815
 20
-605.1403019941627
 10
934.6854035406559
 20
-607.579273192111
 10
936.6439620277315
 20
-609.8455479412942
 10
938.0356576949634
 20
-611.4558813025633
 10
938.9267298007562
 20
-614.8880096396215
 10
942.0634378612976
 20
-611.4039655768429
 10
943.3196344283142
 20
-610.0086942154203
 10
943.9603337314993
 20
-611.9090416660056
 10
944.5417197604629
 20
-612.7403797916813
 10
946.0677246011146
 20
-614.9224573941547
 10
947.4130436341811
 20
-617.2346675680046
 10
948.9988499241508
 20
-619.3699096494784
 10
950.0566033144478
 20
-620.7941671639628
 10
950.4485774059776
 20
-624.1122426166594
 10
953.5238059153062
 20
-621.1824443121577
 10
954.4754422440055
 20
-620.2758032120028
 10
955.1449743888279
 20
-621.6399525985589
 10
955.6157582474953
 20
-622.5258762272106
 10
956.7866462164011
 20
-624.7293425594689
 10
957.9527134562295
 20
-626.9373703968677
 10
959.2014653530241
 20
-629.0968998234339
 10
960.0817670957504
 20
-630.619389885057
 10
960.3886461657748
 20
-633.3894744861891
 10
963.259970039493
 20
-630.926688875119
 10
964.4548396100136
 20
-629.9018758056927
 10
964.8952345689249
 20
-631.2917465891242
 10
965.1972929098711
 20
-632.1753055579202
 10
965.9505470837394
 20
-634.3787718901795
 10
966.4436649530708
 20
-636.6922483012422
 10
967.4002440546219
 20
-638.7985194855246
 10
968.1783341365235
 20
-640.511738434293
 10
967.3865141300339
 20
-644.0874702759656
 10
971.4696106369875
 20
-642.6903376983992
 10
972.4445573265439
 20
-642.3567223325308
 10
972.6433056126989
 20
-644.0296657844128
 10
973.1311755997431
 20
-644.834962139943
 10
975.3621357906541
 20
-648.5171341868318
 10
974.3980509969942
 20
-653.8159402693136
 10
980.0590514595442
 20
-655.9855843377109
 10
982.0308516961113
 20
-656.7412991156352
 10
982.4858308860303
 20
-661.4547832325852
 10
984.0996157112177
 20
-665.540686624011
 10
983.3622882498721
 20
-655.9436612068621
 10
983.9858098918503
 20
-647.4793993954881
 10
979.9677016946152
 20
-639.6933830540147
 10
979.2492910182591
 20
-638.3012391459488
 10
977.3919678418151
 20
-636.1646698037821
 10
980.771054837759
 20
-634.918936480416
 10
982.2773801198337
 20
-634.3636075553668
 10
980.9911607843842
 20
-632.907892436876
 10
980.6796440509434
 20
-631.9046664235457
 10
979.889715722953
 20
-629.3610552130449
 10
978.9586437701919
 20
-626.8593061099118
 10
978.2340698832422
 20
-624.2983794869242
 10
977.9262754849124
 20
-623.210559674264
 10
977.4525015537793
 20
-621.4728703099645
 10
977.9735064254965
 20
-620.9546131490943
 10
983.5046523123829
 20
-615.4518665960186
 10
978.2985700178651
 20
-610.3551702797258
 10
977.5666735044679
 20
-605.1185166117566
 10
977.2797485915125
 20
-603.0655189256267
 10
974.8009785172508
 20
-600.2976159139089
 10
979.6567341581576
 20
-600.1721668946329
 10
981.353447727859
 20
-600.1283520359002
 10
980.3504919921425
 20
-598.2773268131286
 10
980.1471060425711
 20
-597.2957183676344
 10
979.5051557907009
 20
-594.1978308871167
 10
978.804929636688
 20
-591.1055270550305
 10
977.9535522684282
 20
-588.0596086957767
 10
977.2576586683963
 20
-585.569980381385
 10
976.5143510621192
 20
-583.3621966379078
 10
980.6144116536761
 20
-584.1484536676371
 10
982.4610559998837
 20
-584.5025729228291
 10
982.3510945594016
 20
-583.2456875584694
 10
982.060325267561
 20
-581.9637062879074
 10
981.5819136730115
 20
-579.8546585352788
 10
981.10685828225
 20
-577.7423917940741
 10
980.7266309039796
 20
-575.6142742039046
 10
980.3655033763589
 20
-573.5932604492982
 10
979.2489859088237
 20
-571.0929759096889
 10
983.2623954207547
 20
-571.7372618128966
 10
985.2128379968517
 20
-572.050380917377
 10
984.665471669924
 20
-570.4164085854927
 10
984.5909029239365
 20
-569.3335164188529
 10
984.4077762408697
 20
-566.6757379049641
 10
984.0530560113903
 20
-564.0197519558042
 10
984.0553138212117
 20
-561.3632854467387
 10
984.0565342589525
 20
-559.9536659395499
 10
981.6996859150368
 20
-556.7389566342581
 10
986.3048856876758
 20
-557.8920410589171
 10
987.5167803646864
 20
-558.1954803138615
 10
987.06424205025
 20
-556.3723657053151
 10
987.0173162191013
 20
-555.5131703609604
 10
986.8547539119736
 20
-552.5409607377687
 10
986.5731379031913
 20
-549.5752501152119
 10
986.3003700680338
 20
-546.1485147282101
 10
988.3316056225976
 20
-546.7193131054719
 10
989.9973810955598
 20
-547.187401337741
 10
992.2985774784765
 20
-547.8340366449347
 10
992.2985774784765
 20
-544.8984792494957
 10
992.0844516767838
 20
-542.1543219994837
 10
992.3665558606617
 20
-539.4621720104124
 10
992.59075027372
 20
-537.3222234930327
 10
990.4564487519119
 20
-533.7399468831163
 10
995.2228073282758
 20
-533.7060254560993
 10
995.4360178016632
 20
-533.704507497031
 10
995.8556653189744
 20
-532.6018437228295
 10
995.8169774425787
 20
-532.0368502041147
 10
995.4839810048925
 20
-527.1674053278248
 10
994.6987513622053
 20
-522.5150247843221
 10
998.6222146126111
 20
-518.1581237455757
 10
1000.319050226086
 20
-516.2739284473873
 10
999.7426374809183
 20
-512.4133923960144
 10
1000.379095762954
 20
-509.4898375563234
 10
1002.060309773342
 20
-501.767220796738
 10
1003.840135153219
 20
-494.0660595113686
 10
1005.776786782839
 20
-485.4876380245423
 10
1008.052048863756
 20
-489.3592002559808
 10
1008.169699062008
 20
-492.8992123849566
 10
1009.019733948753
 20
-496.1742987028847
 10
1010.65029979288
 20
-502.4570683557977
 10
1011.885016655651
 20
-508.8416881040303
 10
1013.4504111244
 20
-515.1426980565502
 10
1014.108410132567
 20
-517.7911895595562
 10
1013.401715658527
 20
-521.2372198081821
 10
1017.56475083753
 20
-522.1235782291287
 10
1018.969047524439
 20
-522.4225742119261
 10
1018.182780509673
 20
-524.4858390985873
 10
1018.230255537805
 20
-525.731618189563
 10
1018.337593037144
 20
-528.546410117825
 10
1018.263939619461
 20
-531.3681091412445
 10
1018.263939619461
 20
-534.6310575075777
 10
1020.350766113137
 20
-534.3142388546157
 10
1022.178371630582
 20
-534.036780346336
 10
1024.504770052856
 20
-533.6835916992159
 10
1023.833346229534
 20
-537.9947937792813
 10
1023.230755094817
 20
-541.8644223291931
 10
1022.627065566134
 20
-545.7404507165838
 10
1024.228401926361
 20
-546.8998053038258
 10
1025.5160857871
 20
-545.1747554278472
 10
1027.503324561094
 20
-545.632011992393
 10
1026.805295195016
 20
-551.5453016359752
 10
1026.094268166991
 20
-557.5693794077315
 10
1025.322402317572
 20
-564.1080834432914
 10
1027.281937154839
 20
-563.6570436457841
 10
1028.949604306301
 20
-563.2731754440292
 10
1031.245003609947
 20
-562.7448341530671
 10
1030.529949137379
 20
-566.2684824544494
 10
1030.04445900393
 20
-569.4671502124011
 10
1029.210167764046
 20
-572.5721011607448
 10
1028.123184889848
 20
-576.6176146362604
 10
1027.029184498639
 20
-580.4089195494262
 10
1033.991110571418
 20
-578.793185610165
 10
1032.082834119279
 20
-584.9015673197209
 10
1030.311978956801
 20
-590.569870574388
 10
1028.46063592529
 20
-596.4959904046664
 10
1030.119393881239
 20
-596.8003907794227
 10
1031.532477719888
 20
-597.0597253141032
 10
1033.10733058113
 20
-597.3487325159977
 10
1031.733788925298
 20
-600.7774282822984
 10
1030.349751504891
 20
-604.0096284425817
 10
1029.928761506064
 20
-607.4965406089259
 10
1029.726962125558
 20
-609.1672261920439
 10
1027.996381408539
 20
-611.4199537286377
 10
1031.628892301442
 20
-612.0023160553837
 10
1033.145042107331
 20
-612.2454183443497
 10
1031.831362922705
 20
-613.6165854311212
 10
1031.411776427281
 20
-614.3012383664354
 10
1028.798086960731
 20
-618.5661846485618
 10
1026.148516624588
 20
-622.7190307976907
 10
1028.269576396906
 20
-628.1469778199962
 10
1028.876988260699
 20
-629.7012000912864
 10
1027.720867588461
 20
-631.3503291300485
 10
1026.872968467764
 20
-632.8044881497963
 10
1026.407005338175
 20
-633.6036516455733
 10
1025.072029514964
 20
-634.7205338906451
 10
1026.050027298874
 20
-635.314139793606
 10
1031.278992801039
 20
-638.4879099716654
 10
1026.668117992904
 20
-640.7261901993379
 10
1025.05964207189
 20
-642.3141279434003
 10
1022.29425219411
 20
-645.0442421650469
 10
1023.267734358376
 20
-648.0483060448669
 10
1023.182608825928
 20
-651.1771324298106
 10
1025.652835836001
 20
-651.7006528658421
 10
1027.028452235993
 20
-650.4626542685828
 10
1028.157418168488
 20
-648.4080852278403
 10
1029.598755140843
 20
-645.7848536316405
 10
1031.244454412963
 20
-643.2725169547057
 10
1032.839505518823
 20
-640.7359539561594
 10
1033.271174347885
 20
-640.0494855723109
 10
1034.024977718736
 20
-638.8145991725387
 10
1034.315441901141
 20
-638.9003676738612
 10
1041.369266935835
 20
-640.982519327622
 10
1040.187028895936
 20
-633.3408235166553
 10
1043.569350051894
 20
-631.1983654086562
 10
1044.703380801015
 20
-630.4800275123107
 10
1044.738468386075
 20
-625.5441585778999
 10
1047.628770066669
 20
-630.0374394668006
 10
1048.407409345553
 20
-631.2479622421315
 10
1049.167009795676
 20
-629.5556438353078
 10
1049.662080365393
 20
-628.8779475767287
 10
1051.720775769134
 20
-626.0596544262944
 10
1053.718388263927
 20
-623.1966615766642
 10
1055.972414728147
 20
-620.0202521330893
 10
1058.073398299621
 20
-623.9474334526994
 10
1059.968738111702
 20
-622.9600735442027
 10
1061.956343017018
 20
-620.1234123262484
 10
1062.999268088759
 20
-618.6349275989278
 10
1064.503518626674
 20
-617.4760611995271
 10
1065.60716047604
 20
-616.0223140882699
 10
1067.664147266943
 20
-613.3127342676862
 10
1069.716801503866
 20
-611.5863647589504
 10
1072.446554599604
 20
-615.2302445720579
 10
1073.71251466855
 20
-616.9201372955467
 10
1074.758307768983
 20
-616.3242887796914
 10
1076.058257029021
 20
-615.1399298214665
 10
1079.114660286192
 20
-612.3553826555435
 10
1082.30000279072
 20
-609.7122879165609
 10
1085.677869348921
 20
-606.8009949824091
 10
1086.46102424745
 20
-608.7183527280804
 10
1087.068863264452
 20
-610.2064255469104
 10
1087.767136718081
 20
-611.9160288544808
 10
1091.632141000682
 20
-609.2737426766098
 10
1095.310113199446
 20
-606.7037845785626
 10
1099.057772393231
 20
-604.2398700331105
 10
1099.900362609755
 20
-603.6859141363639
 10
1101.269815799154
 20
-602.0523003174249
 10
1101.933550864705
 20
-603.5074357128551
 10
1104.276242130822
 20
-608.6428209155501
 10
1106.542350928681
 20
-603.8792517772845
 10
1108.866552563019
 20
-603.8415697783048
 10
1119.87593836071
 20
-603.663060843056
 10
1127.665992462782
 20
-595.6669711712357
 10
1137.725877697821
 20
-592.4221620343706
 10
1139.440348636657
 20
-599.3467785582698
 10
1135.418090951101
 20
-604.1709745240441
 10
1131.570111774989
 20
-608.7350579057656
 10
1125.910880947164
 20
-615.4474881613196
 10
1119.932749737563
 20
-621.9106832681537
 10
1112.992974609786
 20
-627.7289822369794
 10
1114.285235112055
 20
-628.7396073472746
 10
1115.429212428768
 20
-629.6342725894547
 10
1117.103408922143
 20
-630.9435771232447
 10
1112.026937115741
 20
-633.9642393896593
 10
1107.239403944566
 20
-636.8129374890686
 10
1102.413182896995
 20
-639.6847024639665
 10
1102.274663213369
 20
-641.8218820409347
 10
1104.774119707345
 20
-641.8591673872943
 10
1105.350593474399
 20
-643.7596826524496
 10
1102.778276847275
 20
-645.8881053600189
 10
1099.292401548977
 20
-646.4810400046981
 10
1096.368964983711
 20
-648.1277586159949
 10
1095.483720468132
 20
-648.6263662162637
 10
1091.103752480631
 20
-648.157766912349
 10
1094.696049949962
 20
-651.4530653510865
 10
1095.323599036486
 20
-652.028745606759
 10
1093.688212463279
 20
-652.763483563389
 10
1092.805530866957
 20
-653.1423783515138
 10
1088.084023377582
 20
-655.1691511970575
 10
1083.373988002975
 20
-657.2224540005873
 10
1078.333458088051
 20
-659.408162500129
 10
1082.246242508219
 20
-663.4992528873663
 10
1080.234778045064
 20
-664.6737107859399
 10
1075.981430473212
 20
-665.6212833853924
 10
1071.15960300151
 20
-666.6955102178536
 10
1065.599349674496
 20
-666.9340357458095
 10
1063.433988012175
 20
-672.9457791466457
 10
1063.125583394973
 20
-673.8021674109141
 10
1061.561897539063
 20
-674.7540116539749
 10
1060.599643402014
 20
-674.7328212504999
 10
1056.371497869519
 20
-674.639699419823
 10
1054.726164728723
 20
-677.9365692131732
 10
1052.475555490179
 20
-680.3166680086679
 10
1057.275720191974
 20
-682.9240640117741
 10
1060.874547003219
 20
-679.1558336020325
 10
1064.995965255248
 20
-678.0151979673201
 10
1066.632206134873
 20
-677.5623579771482
 10
1068.454136616821
 20
-675.1899939077612
 10
1069.94978306866
 20
-678.3088887213135
 10
1070.088668883609
 20
-678.5985061580086
 10
1070.941571799045
 20
-678.9007859668309
 10
1071.13763512217
 20
-678.7561450630537
 10
1076.487301916939
 20
-674.8089480419621
 10
1083.19226482331
 20
-679.243295504928
 10
1088.706141516159
 20
-675.8487576316302
 10
1090.525387035075
 20
-674.7287326773312
 10
1093.001533168193
 20
-673.5675626415559
 10
1094.581572889838
 20
-676.8077111101256
 10
1094.817178395775
 20
-677.2908187464418
 10
1096.395692570242
 20
-677.1771167470906
 10
1097.359289188806
 20
-677.2382927859207
 10
1109.389266047574
 20
-678.0021389425729
 10
1121.175338423765
 20
-680.8659861209244
 10
1133.491813042281
 20
-681.8659321221976
 10
1128.261016883504
 20
-684.641844465682
 10
1123.092951224624
 20
-687.5452501150276
 10
1117.781484131152
 20
-690.1570245528328
 10
1112.706659915701
 20
-692.6523967022922
 10
1107.629821977975
 20
-695.0474004828075
 10
1102.917345727885
 20
-698.2675790175053
 10
1098.756446314928
 20
-701.110861283053
 10
1093.171723211204
 20
-701.1034316743471
 10
1089.202066392294
 20
-704.7490506566392
 10
1087.856411738849
 20
-705.984913432093
 10
1084.894714450395
 20
-705.1340325369065
 10
1085.036895447245
 20
-708.5131467256015
 10
1085.091815145599
 20
-709.8176609162019
 10
1083.105613743684
 20
-709.3491378916369
 10
1082.041331011473
 20
-709.320121226835
 10
1076.674334000778
 20
-709.1738021773544
 10
1071.376657853783
 20
-709.1010774449105
 10
1067.161143851908
 20
-713.3174032692432
 10
1066.628300734101
 20
-713.850428112305
 10
1065.666412728375
 20
-714.0776948081775
 10
1064.865622504487
 20
-714.2001231651875
 10
1058.791320800881
 20
-715.12859541536
 10
1052.77938346585
 20
-717.1314775684323
 10
1046.53495274112
 20
-714.912587551571
 10
1045.080374019271
 20
-714.395718674873
 10
1043.12279188239
 20
-713.2903393558063
 10
1042.24877539403
 20
-716.3010395390893
 10
1041.747053438623
 20
-718.0290414259189
 10
1039.907975806411
 20
-716.7008501250284
 10
1038.771382138031
 20
-716.4643536277863
 10
1033.466932561572
 20
-715.3606829661621
 10
1028.194824585256
 20
-714.1019974091396
 10
1021.787953597173
 20
-712.6429412551115
 10
1030.929154322524
 20
-721.8205217815894
 10
1037.0285970436
 20
-731.5341173016559
 10
1040.774730690209
 20
-743.9598403726022
 10
1025.313249034512
 20
-736.4358588548048
 10
1009.881057884604
 20
-730.7878916748914
 10
998.7730607174226
 20
-716.3508957223548
 97
        0
 97
        0
 75
     2
 76
     1
 98
        0
  0
SPLINE
  5
49
330
41
100
AcDbEntity
  8
katman 1
370
     0
100
AcDbSpline
210
0.0
220
0.0
230
1.0
 70
    11
 71
     3
 72
   398
 73
   394
 74
     0
 42
0.0000000001
 43
0.0000000001
 12
1.0
 22
0.0
 32
0.0
 13
1.0
 23
0.0
 33
0.0
 40
0.0
 40
0.0
 40
0.0
 40
0.0
 40
1.0
 40
1.0
 40
1.0
 40
2.0
 40
2.0
 40
2.0
 40
3.0
 40
3.0
 40
3.0
 40
4.0
 40
4.0
 40
4.0
 40
5.0
 40
5.0
 40
5.0
 40
6.0
 40
6.0
 40
6.0
 40
7.0
 40
7.0
 40
7.0
 40
8.0
 40
8.0
 40
8.0
 40
9.0
 40
9.0
 40
9.0
 40
10.0
 40
10.0
 40
10.0
 40
11.0
 40
11.0
 40
11.0
 40
12.0
 40
12.0
 40
12.0
 40
13.0
 40
13.0
 40
13.0
 40
14.0
 40
14.0
 40
14.0
 40
15.0
 40
15.0
 40
15.0
 40
16.0
 40
16.0
 40
16.0
 40
17.0
 40
17.0
 40
17.0
 40
18.0
 40
18.0
 40
18.0
 40
19.0
 40
19.0
 40
19.0
 40
20.0
 40
20.0
 40
20.0
 40
21.0
 40
21.0
 40
21.0
 40
22.0
 40
22.0
 40
22.0
 40
23.0
 40
23.0
 40
23.0
 40
24.0
 40
24.0
 40
24.0
 40
25.0
 40
25.0
 40
25.0
 40
26.0
 40
26.0
 40
26.0
 40
27.0
 40
27.0
 40
27.0
 40
28.0
 40
28.0
 40
28.0
 40
29.0
 40
29.0
 40
29.0
 40
30.0
 40
30.0
 40
30.0
 40
31.0
 40
31.0
 40
31.0
 40
32.0
 40
32.0
 40
32.0
 40
33.0
 40
33.0
 40
33.0
 40
34.0
 40
34.0
 40
34.0
 40
35.0
 40
35.0
 40
35.0
 40
36.0
 40
36.0
 40
36.0
 40
37.0
 40
37.0
 40
37.0
 40
38.0
 40
38.0
 40
38.0
 40
39.0
 40
39.0
 40
39.0
 40
40.0
 40
40.0
 40
40.0
 40
41.0
 40
41.0
 40
41.0
 40
42.0
 40
42.0
 40
42.0
 40
43.0
 40
43.0
 40
43.0
 40
44.0
 40
44.0
 40
44.0
 40
45.0
 40
45.0
 40
45.0
 40
46.0
 40
46.0
 40
46.0
 40
47.0
 40
47.0
 40
47.0
 40
48.0
 40
48.0
 40
48.0
 40
49.0
 40
49.0
 40
49.0
 40
50.0
 40
50.0
 40
50.0
 40
51.0
 40
51.0
 40
51.0
 40
52.0
 40
52.0
 40
52.0
 40
53.0
 40
53.0
 40
53.0
 40
54.0
 40
54.0
 40
54.0
 40
55.0
 40
55.0
 40
55.0
 40
56.0
 40
56.0
 40
56.0
 40
57.0
 40
57.0
 40
57.0
 40
58.0
 40
58.0
 40
58.0
 40
59.0
 40
59.0
 40
59.0
 40
60.0
 40
60.0
 40
60.0
 40
61.0
 40
61.0
 40
61.0
 40
62.0
 40
62.0
 40
62.0
 40
63.0
 40
63.0
 40
63.0
 40
64.0
 40
64.0
 40
64.0
 40
65.0
 40
65.0
 40
65.0
 40
66.0
 40
66.0
 40
66.0
 40
67.0
 40
67.0
 40
67.0
 40
68.0
 40
68.0
 40
68.0
 40
69.0
 40
69.0
 40
69.0
 40
70.0
 40
70.0
 40
70.0
 40
71.0
 40
71.0
 40
71.0
 40
72.0
 40
72.0
 40
72.0
 40
73.0
 40
73.0
 40
73.0
 40
74.0
 40
74.0
 40
74.0
 40
75.0
 40
75.0
 40
75.0
 40
76.0
 40
76.0
 40
76.0
 40
77.0
 40
77.0
 40
77.0
 40
78.0
 40
78.0
 40
78.0
 40
79.0
 40
79.0
 40
79.0
 40
80.0
 40
80.0
 40
80.0
 40
81.0
 40
81.0
 40
81.0
 40
82.0
 40
82.0
 40
82.0
 40
83.0
 40
83.0
 40
83.0
 40
84.0
 40
84.0
 40
84.0
 40
85.0
 40
85.0
 40
85.0
 40
86.0
 40
86.0
 40
86.0
 40
87.0
 40
87.0
 40
87.0
 40
88.0
 40
88.0
 40
88.0
 40
89.0
 40
89.0
 40
89.0
 40
90.0
 40
90.0
 40
90.0
 40
91.0
 40
91.0
 40
91.0
 40
92.0
 40
92.0
 40
92.0
 40
93.0
 40
93.0
 40
93.0
 40
94.0
 40
94.0
 40
94.0
 40
95.0
 40
95.0
 40
95.0
 40
96.0
 40
96.0
 40
96.0
 40
97.0
 40
97.0
 40
97.0
 40
98.0
 40
98.0
 40
98.0
 40
99.0
 40
99.0
 40
99.0
 40
100.0
 40
100.0
 40
100.0
 40
101.0
 40
101.0
 40
101.0
 40
102.0
 40
102.0
 40
102.0
 40
103.0
 40
103.0
 40
103.0
 40
104.0
 40
104.0
 40
104.0
 40
105.0
 40
105.0
 40
105.0
 40
106.0
 40
106.0
 40
106.0
 40
107.0
 40
107.0
 40
107.0
 40
108.0
 40
108.0
 40
108.0
 40
109.0
 40
109.0
 40
109.0
 40
110.0
 40
110.0
 40
110.0
 40
111.0
 40
111.0
 40
111.0
 40
112.0
 40
112.0
 40
112.0
 40
113.0
 40
113.0
 40
113.0
 40
114.0
 40
114.0
 40
114.0
 40
115.0
 40
115.0
 40
115.0
 40
116.0
 40
116.0
 40
116.0
 40
117.0
 40
117.0
 40
117.0
 40
118.0
 40
118.0
 40
118.0
 40
119.0
 40
119.0
 40
119.0
 40
120.0
 40
120.0
 40
120.0
 40
121.0
 40
121.0
 40
121.0
 40
122.0
 40
122.0
 40
122.0
 40
123.0
 40
123.0
 40
123.0
 40
124.0
 40
124.0
 40
124.0
 40
125.0
 40
125.0
 40
125.0
 40
126.0
 40
126.0
 40
126.0
 40
127.0
 40
127.0
 40
127.0
 40
128.0
 40
128.0
 40
128.0
 40
129.0
 40
129.0
 40
129.0
 40
130.0
 40
130.0
 40
130.0
 40
131.0
 40
131.0
 40
131.0
 40
131.0
 10
1416.359868902566
 20
-879.4221414799722
 30
0.0
 10
1406.766251906551
 20
-879.7269537632192
 30
0.0
 10
1398.610005460234
 20
-881.64870519946
 30
0.0
 10
1390.212905625689
 20
-881.28582907487
 30
0.0
 10
1380.709967153847
 20
-880.8751410535979
 30
0.0
 10
1370.815329188965
 20
-881.2133331804753
 30
0.0
 10
1362.43842759904
 20
-876.6897541336903
 30
0.0
 10
1353.694967533544
 20
-871.9682454291042
 30
0.0
 10
1343.588644642452
 20
-869.2847989138854
 30
0.0
 10
1336.715444393456
 20
-861.2610961173077
 30
0.0
 10
1334.738884449698
 20
-858.9536457749082
 30
0.0
 10
1334.242654464128
 20
-857.1361834662084
 30
0.0
 10
1336.227330318863
 20
-854.7930038761924
 30
0.0
 10
1339.752442690542
 20
-850.6311415078753
 30
0.0
 10
1341.351643284721
 20
-845.5689387137254
 30
0.0
 10
1342.967624897843
 20
-840.4896493451406
 30
0.0
 10
1345.523099484139
 20
-832.4573727496036
 30
0.0
 10
1342.585749928621
 20
-823.4547007730471
 30
0.0
 10
1335.582695103963
 20
-818.589542796236
 30
0.0
 10
1333.676432374097
 20
-817.2652722539433
 30
0.0
 10
1331.705120312627
 20
-815.9018246374089
 30
0.0
 10
1329.563801273807
 20
-815.0722104250472
 30
0.0
 10
1321.611550995931
 20
-811.9912569602648
 30
0.0
 10
1314.146499464341
 20
-808.2894811203842
 30
0.0
 10
1307.772092120173
 20
-802.3725224400596
 30
0.0
 10
1303.669102478038
 20
-798.5638639747322
 30
0.0
 10
1297.856401604256
 20
-798.8459144998906
 30
0.0
 10
1292.649587047094
 20
-798.1810941956192
 30
0.0
 10
1287.713770690363
 20
-797.5508742045813
 30
0.0
 10
1283.36834109094
 20
-795.8271439613609
 30
0.0
 10
1279.265046339367
 20
-793.1720428526623
 30
0.0
 10
1272.4417009721
 20
-788.7568720183272
 30
0.0
 10
1265.398859877077
 20
-784.6531040030923
 30
0.0
 10
1258.801539579481
 20
-779.9253709035338
 30
0.0
 10
1253.548043278717
 20
-776.1606188321593
 30
0.0
 10
1247.75395408049
 20
-773.7371323422931
 30
0.0
 10
1241.664579970779
 20
-772.3729219322568
 30
0.0
 10
1235.915097771991
 20
-771.0848688254209
 30
0.0
 10
1231.411804550742
 20
-767.9201606341612
 30
0.0
 10
1226.644896777394
 20
-764.9525887954596
 30
0.0
 10
1224.480816574702
 20
-763.6053734246389
 30
0.0
 10
1224.635812167833
 20
-761.5302699828326
 30
0.0
 10
1224.817596369385
 20
-759.6767733091165
 30
0.0
 10
1225.14003602061
 20
-756.3888892232144
 30
0.0
 10
1225.513001794319
 20
-752.9969295919518
 30
0.0
 10
1226.613531527446
 20
-749.9160066389095
 30
0.0
 10
1229.293307697682
 20
-742.4140851091797
 30
0.0
 10
1227.909331299164
 20
-735.6534463043236
 30
0.0
 10
1224.175157942418
 20
-728.9129757596502
 30
0.0
 10
1216.439779451153
 20
-714.9501475035904
 30
0.0
 10
1206.803142024761
 20
-703.1747211486463
 30
0.0
 10
1191.894823775263
 20
-696.0434104696124
 30
0.0
 10
1178.947626932095
 20
-689.8501374712614
 30
0.0
 10
1170.630831900922
 20
-678.7398060262485
 30
0.0
 10
1164.099354219463
 20
-666.2577887948837
 30
0.0
 10
1162.135059675004
 20
-662.5038531353621
 30
0.0
 10
1161.831536808768
 20
-658.6678866626771
 30
0.0
 10
1163.779111356173
 20
-654.7865797442546
 30
0.0
 10
1167.727959711596
 20
-646.9170527702245
 30
0.0
 10
1171.435832635018
 20
-638.944411370644
 30
0.0
 10
1177.41536734802
 20
-632.2547581290492
 30
0.0
 10
1184.18385403882
 20
-624.6823392238994
 30
0.0
 10
1190.811807323722
 20
-616.9696883614115
 30
0.0
 10
1197.186824886761
 20
-609.064691489556
 30
0.0
 10
1202.24261027345
 20
-602.795581561274
 30
0.0
 10
1208.993949813987
 20
-599.0890916575527
 30
0.0
 10
1215.775922341829
 20
-595.2311414761507
 30
0.0
 10
1224.534820944749
 20
-590.2485972073755
 30
0.0
 10
1231.396549078978
 20
-583.6440335808857
 30
0.0
 10
1234.172556765108
 20
-573.4233787085523
 30
0.0
 10
1235.655937817648
 20
-567.9621586337062
 30
0.0
 10
1239.260500686278
 20
-563.3144273165963
 30
0.0
 10
1242.204013452389
 20
-558.641767907854
 30
0.0
 10
1246.278810982702
 20
-552.1734620845591
 30
0.0
 10
1253.509477446096
 20
-550.5099162486167
 30
0.0
 10
1261.081439323814
 20
-550.7502114574963
 30
0.0
 10
1270.895406354
 20
-551.0616447883376
 30
0.0
 10
1280.297963821631
 20
-548.7365739160505
 30
0.0
 10
1288.992118202383
 20
-544.4936876219908
 30
0.0
 10
1296.884994184149
 20
-540.6418703003419
 30
0.0
 10
1304.249542667751
 20
-535.7099221245289
 30
0.0
 10
1311.861168772059
 20
-531.2785876958942
 30
0.0
 10
1322.499724562087
 20
-525.0850934874279
 30
0.0
 10
1334.10852835637
 20
-522.9367771253355
 30
0.0
 10
1346.26610198098
 20
-522.9815378480107
 30
0.0
 10
1349.071461194788
 20
-522.9918660720223
 30
0.0
 10
1349.40744770494
 20
-524.2633360481323
 30
0.0
 10
1348.426215761016
 20
-526.4271485602103
 30
0.0
 10
1348.017613205262
 20
-527.3282670354138
 30
0.0
 10
1347.530048327653
 20
-528.2621703753166
 30
0.0
 10
1346.851912096756
 20
-528.9617359235872
 30
0.0
 10
1340.965801892842
 20
-535.0341633614444
 30
0.0
 10
1335.079325557606
 20
-541.1392269192684
 30
0.0
 10
1329.379332109223
 20
-547.3514400802642
 30
0.0
 10
1318.948616866523
 20
-558.719397402514
 30
0.0
 10
1307.318638477431
 20
-569.7203137476545
 30
0.0
 10
1306.228726552654
 20
-586.6531776654256
 30
0.0
 10
1305.738232624466
 20
-594.2738280036829
 30
0.0
 10
1306.537009126079
 20
-601.650125071631
 30
0.0
 10
1312.489022968019
 20
-607.402961102147
 30
0.0
 10
1314.07199174024
 20
-608.9328960283465
 30
0.0
 10
1313.040599805154
 20
-611.4139429158449
 30
0.0
 10
1314.345308772383
 20
-612.9711248259209
 30
0.0
 10
1317.409400787323
 20
-616.6281094313863
 30
0.0
 10
1321.19043895333
 20
-619.8520866777226
 30
0.0
 10
1326.023311386589
 20
-619.7893850518894
 30
0.0
 10
1334.597130606058
 20
-619.6781087358731
 30
0.0
 10
1342.698274288361
 20
-622.6297992138707
 30
0.0
 10
1351.195938192779
 20
-622.864297192139
 30
0.0
 10
1355.061491672364
 20
-622.9709662354053
 30
0.0
 10
1357.012971620541
 20
-626.4598311531145
 30
0.0
 10
1357.565951961078
 20
-629.6192303016023
 30
0.0
 10
1358.034355966151
 20
-632.2952014405055
 30
0.0
 10
1355.509819476592
 20
-633.4982183277798
 30
0.0
 10
1352.794223458652
 20
-634.7715647759042
 30
0.0
 10
1348.540936908688
 20
-636.7659188976286
 30
0.0
 10
1344.82445989919
 20
-641.991222198294
 30
0.0
 10
1344.85228587969
 20
-645.5978014091734
 30
0.0
 10
1344.891767040617
 20
-650.726474029053
 30
0.0
 10
1348.445376633552
 20
-656.2472835322469
 30
0.0
 10
1353.8484375795
 20
-658.8730933704828
 30
0.0
 10
1356.880798213169
 20
-660.3467799038717
 30
0.0
 10
1359.515662274531
 20
-662.3473889323104
 30
0.0
 10
1362.252188799732
 20
-664.1514565871212
 30
0.0
 10
1365.838689189794
 20
-666.515963883442
 30
0.0
 10
1369.483892635206
 20
-669.2603575994399
 30
0.0
 10
1367.707972656101
 20
-674.7705490170902
 30
0.0
 10
1366.579189789265
 20
-678.2732662647877
 30
0.0
 10
1368.643438184728
 20
-680.6287420860499
 30
0.0
 10
1371.379476534836
 20
-682.5906774839559
 30
0.0
 10
1373.845859166024
 20
-684.3592294733317
 30
0.0
 10
1376.426047616578
 20
-685.9026963562492
 30
0.0
 10
1379.386402423517
 20
-686.5189724820775
 30
0.0
 10
1391.271757409953
 20
-688.9932152515421
 30
0.0
 10
1400.115598479662
 20
-695.4433971012386
 30
0.0
 10
1406.492385677426
 20
-705.8324310111193
 30
0.0
 10
1410.373316672551
 20
-712.1550737873449
 30
0.0
 10
1416.078558003219
 20
-716.2173610919617
 30
0.0
 10
1423.454822689137
 20
-718.7642523145196
 30
0.0
 10
1433.542045729579
 20
-722.2471521870457
 30
0.0
 10
1442.092188456869
 20
-728.9383005039044
 30
0.0
 10
1450.895999168666
 20
-734.9250395337567
 30
0.0
 10
1452.552682380456
 20
-736.0515940004288
 30
0.0
 10
1452.50984501574
 20
-737.7840200895671
 30
0.0
 10
1451.717109680943
 20
-739.4047426983298
 30
0.0
 10
1451.064724686386
 20
-740.7387769974421
 30
0.0
 10
1450.19497973012
 20
-741.9739532587446
 30
0.0
 10
1449.355074476629
 20
-743.2076344447842
 30
0.0
 10
1444.395703671493
 20
-750.4925869909139
 30
0.0
 10
1445.930953328034
 20
-756.2939061763927
 30
0.0
 10
1453.827307557363
 20
-760.3120887607456
 30
0.0
 10
1457.27565439512
 20
-762.0668189318712
 30
0.0
 10
1460.954602944077
 20
-763.1400999003909
 30
0.0
 10
1464.698905934074
 20
-763.8476366407531
 30
0.0
 10
1468.793962730892
 20
-764.6213533453165
 30
0.0
 10
1471.246920546928
 20
-766.9335330074255
 30
0.0
 10
1473.54988656457
 20
-770.3469118802141
 30
0.0
 10
1479.211985421087
 20
-778.7390134263342
 30
0.0
 10
1480.61890604914
 20
-788.47564531015
 30
0.0
 10
1483.21270238051
 20
-797.8618803710615
 30
0.0
 10
1485.350787259315
 20
-805.5992609988716
 30
0.0
 10
1490.551072474564
 20
-810.9862002425307
 30
0.0
 10
1497.511228912619
 20
-814.2687447739208
 30
0.0
 10
1507.464997086061
 20
-818.9631895650691
 30
0.0
 10
1513.306500290535
 20
-827.4802671984953
 30
0.0
 10
1512.851032925519
 20
-837.2937886672744
 30
0.0
 10
1512.381408482706
 20
-847.4101086444552
 30
0.0
 10
1512.764381845893
 20
-856.9642192992033
 30
0.0
 10
1515.44604969463
 20
-866.5759361191931
 30
0.0
 10
1516.42154558117
 20
-870.0722459014778
 30
0.0
 10
1516.12827439196
 20
-873.8248237885664
 30
0.0
 10
1515.006325976476
 20
-876.9165173858519
 30
0.0
 10
1513.068270843452
 20
-882.256499061551
 30
0.0
 10
1516.199303868498
 20
-884.4647557369999
 30
0.0
 10
1519.843408919944
 20
-885.4321304557543
 30
0.0
 10
1525.783645537678
 20
-887.0090382057824
 30
0.0
 10
1530.998820093369
 20
-890.6016735514513
 30
0.0
 10
1537.213167027778
 20
-891.2704908936721
 30
0.0
 10
1538.807302805331
 20
-891.4420889197963
 30
0.0
 10
1539.926810345332
 20
-892.5101828925044
 30
0.0
 10
1540.346518884531
 20
-894.1018583247233
 30
0.0
 10
1540.735228305104
 20
-895.5759109989949
 30
0.0
 10
1540.140142862496
 20
-896.7329772057301
 30
0.0
 10
1538.860147759526
 20
-897.4772500811314
 30
0.0
 10
1536.446732126306
 20
-898.8807596123725
 30
0.0
 10
1535.271938756629
 20
-901.3865057534522
 30
0.0
 10
1533.606651458762
 20
-903.4237136140991
 30
0.0
 10
1525.123632807239
 20
-913.8019158562556
 30
0.0
 10
1526.933175846114
 20
-910.7595902543972
 30
0.0
 10
1536.229982383469
 20
-918.2136388639656
 30
0.0
 10
1541.727444188698
 20
-922.6214563689455
 30
0.0
 10
1544.750346429873
 20
-928.6525289571118
 30
0.0
 10
1542.684511465346
 20
-935.5722254629245
 30
0.0
 10
1539.859198094471
 20
-945.0357772731613
 30
0.0
 10
1533.589321242836
 20
-952.1726258330154
 30
0.0
 10
1525.995635573325
 20
-957.73659419253
 30
0.0
 10
1516.431431126874
 20
-964.7444696271314
 30
0.0
 10
1507.685408142122
 20
-972.614606835964
 30
0.0
 10
1498.846265757717
 20
-980.4293957483178
 30
0.0
 10
1496.481667634143
 20
-982.5199991540785
 30
0.0
 10
1493.914965020629
 20
-984.3831070259139
 30
0.0
 10
1491.566720762788
 20
-986.4907970061095
 30
0.0
 10
1487.207073063679
 20
-990.4039886928995
 30
0.0
 10
1487.629100434586
 20
-992.6855345679842
 30
0.0
 10
1490.878149789205
 20
-997.4380432004755
 30
0.0
 10
1495.182389614863
 20
-1003.734140762845
 30
0.0
 10
1501.205493955227
 20
-1009.002297802432
 30
0.0
 10
1503.188583240901
 20
-1016.802319032595
 30
0.0
 10
1503.373479558693
 20
-1017.52929175138
 30
0.0
 10
1504.014575504145
 20
-1018.411996391453
 30
0.0
 10
1504.673611884391
 20
-1018.703993743875
 30
0.0
 10
1510.21342287924
 20
-1021.158541185127
 30
0.0
 10
1511.480725429701
 20
-1026.272613937384
 30
0.0
 10
1513.416949906114
 20
-1031.34159033783
 30
0.0
 10
1516.271431739002
 20
-1038.814586737979
 30
0.0
 10
1521.254112904993
 20
-1044.588872521759
 30
0.0
 10
1530.048953399393
 20
-1045.046487599251
 30
0.0
 10
1533.41345616433
 20
-1045.221502940261
 30
0.0
 10
1532.653733670435
 20
-1047.067402190703
 30
0.0
 10
1531.8262768819
 20
-1048.627955648055
 30
0.0
 10
1531.169315245814
 20
-1049.866793318168
 30
0.0
 10
1529.884926566978
 20
-1051.036064220931
 30
0.0
 10
1528.599195406623
 20
-1051.635253772321
 30
0.0
 10
1520.926425371483
 20
-1055.210985613994
 30
0.0
 10
1517.047630142404
 20
-1062.394242530489
 30
0.0
 10
1512.187602969403
 20
-1068.631391411054
 30
0.0
 10
1511.08017776304
 20
-1070.052567239789
 30
0.0
 10
1510.003995762851
 20
-1071.688057530744
 30
0.0
 10
1509.554264455219
 20
-1073.393907894286
 30
0.0
 10
1508.445740854888
 20
-1077.597754416933
 30
0.0
 10
1506.942771776601
 20
-1081.45395017328
 30
0.0
 10
1504.123804681982
 20
-1084.909709853018
 30
0.0
 10
1501.900899380162
 20
-1087.634774381684
 30
0.0
 10
1501.206592349194
 20
-1090.857302320368
 30
0.0
 10
1501.825720415305
 20
-1094.709836667909
 30
0.0
 10
1503.310016796149
 20
-1103.946899831644
 30
0.0
 10
1499.902920754046
 20
-1111.852857823313
 30
0.0
 10
1492.992314088282
 20
-1117.872885161574
 30
0.0
 10
1487.92041892341
 20
-1122.291290240359
 30
0.0
 10
1482.993267674643
 20
-1126.541758701824
 30
0.0
 10
1480.446946371405
 20
-1133.039905006903
 30
0.0
 10
1479.282892853851
 20
-1136.01058904309
 30
0.0
 10
1476.674573313361
 20
-1138.062259468526
 30
0.0
 10
1474.132889673539
 20
-1139.989258924059
 30
0.0
 10
1471.912547290976
 20
-1141.672469576475
 30
0.0
 10
1470.896899002752
 20
-1143.338654677933
 30
0.0
 10
1473.927367957922
 20
-1145.304465066827
 30
0.0
 10
1476.821147886078
 20
-1147.181364245171
 30
0.0
 10
1475.179537080392
 20
-1148.866771742869
 30
0.0
 10
1473.518643358395
 20
-1150.456921588087
 30
0.0
 10
1467.504448213542
 20
-1156.214608985272
 30
0.0
 10
1461.388102429752
 20
-1161.870021029761
 30
0.0
 10
1455.505958648495
 20
-1167.759397097067
 30
0.0
 10
1452.694741333531
 20
-1170.574166141527
 30
0.0
 10
1450.288343217322
 20
-1173.799745254215
 30
0.0
 10
1447.777109499146
 20
-1176.902850242284
 30
0.0
 10
1447.179705224829
 20
-1177.641051281411
 30
0.0
 10
1446.290067133383
 20
-1179.00071544218
 30
0.0
 10
1446.56344518741
 20
-1179.453936829101
 30
0.0
 10
1449.500062480283
 20
-1184.321108580756
 30
0.0
 10
1445.302610956978
 20
-1186.802079188903
 30
0.0
 10
1443.108813095287
 20
-1189.74829280956
 30
0.0
 10
1435.936910709133
 20
-1199.379750725373
 30
0.0
 10
1428.196528423128
 20
-1208.530465664724
 30
0.0
 10
1419.102436594587
 20
-1216.447163788896
 30
0.0
 10
1413.285220101163
 20
-1221.511197287447
 30
0.0
 10
1411.142558580828
 20
-1229.085309594171
 30
0.0
 10
1406.55871646866
 20
-1234.926294041736
 30
0.0
 10
1398.27633778179
 20
-1245.479938789267
 30
0.0
 10
1389.524151586444
 20
-1255.342614671288
 30
0.0
 10
1375.912365371307
 20
-1259.798549190349
 30
0.0
 10
1360.125087860597
 20
-1264.966505675566
 30
0.0
 10
1346.140274849862
 20
-1273.589306488317
 30
0.0
 10
1334.009978008768
 20
-1285.093819103226
 30
0.0
 10
1330.271228010493
 20
-1288.639649439636
 30
0.0
 10
1326.270694116731
 20
-1291.911240256341
 30
0.0
 10
1322.36144896601
 20
-1295.275159598485
 30
0.0
 10
1318.353653467688
 20
-1298.723962601489
 30
0.0
 10
1313.153307230554
 20
-1297.550786195996
 30
0.0
 10
1308.551707749251
 20
-1298.69741738763
 30
0.0
 10
1298.262380218866
 20
-1301.261196858315
 30
0.0
 10
1287.740193167461
 20
-1303.046499792985
 30
0.0
 10
1278.694979870454
 20
-1309.146101749338
 30
0.0
 10
1277.876066146109
 20
-1309.69842526799
 30
0.0
 10
1276.945177259011
 20
-1310.127786474182
 30
0.0
 10
1276.010321949252
 20
-1310.453163670234
 30
0.0
 10
1275.068510144369
 20
-1310.780737711571
 30
0.0
 10
1273.98714128378
 20
-1310.97790457587
 30
0.0
 10
1273.345679207006
 20
-1309.905783053473
 30
0.0
 10
1272.811005432588
 20
-1309.012033163493
 30
0.0
 10
1273.489507794806
 20
-1308.360241372229
 30
0.0
 10
1274.055729884836
 20
-1307.757451435511
 30
0.0
 10
1279.464221778731
 20
-1302.000008132243
 30
0.0
 10
1285.670391780275
 20
-1296.386397171646
 30
0.0
 10
1293.010165377731
 20
-1294.494425193705
 30
0.0
 10
1302.821325401113
 20
-1291.965307059734
 30
0.0
 10
1310.192891401728
 20
-1285.782163959087
 30
0.0
 10
1318.628557068892
 20
-1281.232009186704
 30
0.0
 10
1327.823579098631
 20
-1276.272264815692
 30
0.0
 10
1336.952209315248
 20
-1271.145438156087
 30
0.0
 10
1345.796416516281
 20
-1265.592362487772
 30
0.0
 10
1353.616798496219
 20
-1260.682230206108
 30
0.0
 10
1361.668392406231
 20
-1256.014300117076
 30
0.0
 10
1368.180892280814
 20
-1249.230136760631
 30
0.0
 10
1371.350125007159
 20
-1245.92864443866
 30
0.0
 10
1375.360971599834
 20
-1243.428207340348
 30
0.0
 10
1378.983535925146
 20
-1240.788392613424
 30
0.0
 10
1383.246891086477
 20
-1237.681626216545
 30
0.0
 10
1382.271395199936
 20
-1234.71191855604
 30
0.0
 10
1380.614040747389
 20
-1231.954938747265
 30
0.0
 10
1377.528469028202
 20
-1226.822253833565
 30
0.0
 10
1377.314221182736
 20
-1220.837192949417
 30
0.0
 10
1374.813300163471
 20
-1215.585085085106
 30
0.0
 10
1373.67011613129
 20
-1213.184238306367
 30
0.0
 10
1375.899001578042
 20
-1211.974813953679
 30
0.0
 10
1377.368469640332
 20
-1210.751232153601
 30
0.0
 10
1384.654788064723
 20
-1204.684094688677
 30
0.0
 10
1391.766644914011
 20
-1198.375365265922
 30
0.0
 10
1399.952364931778
 20
-1193.491839221591
 30
0.0
 10
1404.496237707921
 20
-1190.780932140315
 30
0.0
 10
1407.044877842867
 20
-1187.149363814322
 30
0.0
 10
1406.057299622689
 20
-1181.614717237011
 30
0.0
 10
1405.478751111474
 20
-1178.372051549883
 30
0.0
 10
1406.995389092461
 20
-1176.547510517488
 30
0.0
 10
1409.842121145693
 20
-1174.919709185033
 30
0.0
 10
1414.769638525784
 20
-1172.102011013529
 30
0.0
 10
1419.826583328328
 20
-1170.024405609038
 30
0.0
 10
1425.408560447135
 20
-1168.841892611086
 30
0.0
 10
1433.613258271778
 20
-1167.103638779598
 30
0.0
 10
1443.898131204407
 20
-1155.995900832488
 30
0.0
 10
1444.270486759247
 20
-1147.689567787689
 30
0.0
 10
1444.522995327901
 20
-1142.058198994371
 30
0.0
 10
1440.667937612889
 20
-1137.798454963926
 30
0.0
 10
1435.813402409723
 20
-1135.073451458742
 30
0.0
 10
1431.179766437715
 20
-1132.472569712139
 30
0.0
 10
1426.230159134509
 20
-1130.441281129064
 30
0.0
 10
1421.522869744818
 20
-1127.963178624483
 30
0.0
 10
1416.584795578268
 20
-1125.363578370961
 30
0.0
 10
1416.40398772691
 20
-1124.330267781927
 30
0.0
 10
1420.182829104982
 20
-1120.337989664891
 30
0.0
 10
1422.614124151112
 20
-1117.769450362757
 30
0.0
 10
1422.799386600225
 20
-1114.748116838062
 30
0.0
 10
1422.472736438795
 20
-1111.601380061697
 30
0.0
 10
1421.85244895683
 20
-1105.625594746529
 30
0.0
 10
1423.870747871337
 20
-1102.041746781997
 30
0.0
 10
1428.93953091997
 20
-1098.883171450492
 30
0.0
 10
1435.168095954064
 20
-1095.001834020328
 30
0.0
 10
1441.968558113684
 20
-1091.4278108361
 30
0.0
 10
1446.583582410141
 20
-1085.81438294594
 30
0.0
 10
1453.751945526845
 20
-1077.095165034585
 30
0.0
 10
1459.162817274337
 20
-1062.597572766281
 30
0.0
 10
1448.339304144629
 20
-1051.555618130751
 30
0.0
 10
1437.571198888372
 20
-1040.570110214347
 30
0.0
 10
1426.857098002163
 20
-1030.491838377024
 30
0.0
 10
1410.971087078189
 20
-1027.450733244768
 30
0.0
 10
1403.182253413859
 20
-1025.959807578241
 30
0.0
 10
1401.402244968322
 20
-1020.18112810389
 30
0.0
 10
1406.328541910671
 20
-1014.139864594541
 30
0.0
 10
1408.838921322429
 20
-1011.061291045484
 30
0.0
 10
1407.834379017648
 20
-1009.720361093117
 30
0.0
 10
1405.263099762604
 20
-1007.880808284612
 30
0.0
 10
1399.796637076
 20
-1003.969935490066
 30
0.0
 10
1399.70449402654
 20
-1002.915144636027
 30
0.0
 10
1403.898406280396
 20
-997.8082726544226
 30
0.0
 10
1408.251646681363
 20
-992.507468052966
 30
0.0
 10
1413.21266507745
 20
-987.89903585706
 30
0.0
 10
1418.75784599836
 20
-983.8106457588174
 30
0.0
 10
1430.982177567414
 20
-974.797721837599
 30
0.0
 10
1442.118061736983
 20
-964.5545035334881
 30
0.0
 10
1452.127115740101
 20
-953.1098854643269
 30
0.0
 10
1455.050857414803
 20
-949.7667446171681
 30
0.0
 10
1456.116299562869
 20
-945.4573884973752
 30
0.0
 10
1457.717941032532
 20
-941.5119459013376
 30
0.0
 10
1458.880896156119
 20
-938.6471681149151
 30
0.0
 10
1457.216951339769
 20
-935.7409858972233
 30
0.0
 10
1455.015647785969
 20
-933.4436044290442
 30
0.0
 10
1451.432564621584
 20
-929.704177101924
 30
0.0
 10
1447.410245914141
 20
-926.4819237689035
 30
0.0
 10
1443.42191639779
 20
-923.1989520731504
 30
0.0
 10
1438.773574151001
 20
-919.3727493572869
 30
0.0
 10
1438.299983285529
 20
-916.0590828510294
 30
0.0
 10
1441.903813891515
 20
-911.2059464998047
 30
0.0
 10
1443.20797366176
 20
-909.4496907416751
 30
0.0
 10
1442.921353858239
 20
-908.198221211177
 30
0.0
 10
1442.047520435541
 20
-906.7414381817844
 30
0.0
 10
1440.023607507424
 20
-903.3673584301987
 30
0.0
 10
1439.207561811771
 20
-899.7496729459372
 30
0.0
 10
1439.141963283182
 20
-895.8217746004366
 30
0.0
 10
1439.070994828531
 20
-891.5748149890778
 30
0.0
 10
1437.317530903863
 20
-888.2778078928968
 30
0.0
 10
1433.357271455561
 20
-886.0639065455352
 30
0.0
 10
1427.600527652214
 20
-882.8457417856816
 30
0.0
 10
1422.531866647354
 20
-877.928073104219
 30
0.0
 10
1416.359868902566
 20
-879.4221414799722
 30
0.0
  0
HATCH
  5
4A
330
41
100
AcDbEntity
  8
katman 1
 62
    31
420
 16761247
100
AcDbHatch
 10
0.0
 20
0.0
 30
0.0
210
0.0
220
0.0
230
1.0
  2
SOLID
 70
     1
 71
     0
 91
        1
 92
        1
 93
        1
 72
     4
 94
        3
 73
     0
 74
     1
 95
      398
 96
      394
 40
0.0
 40
0.0
 40
0.0
 40
0.0
 40
1.0
 40
1.0
 40
1.0
 40
2.0
 40
2.0
 40
2.0
 40
3.0
 40
3.0
 40
3.0
 40
4.0
 40
4.0
 40
4.0
 40
5.0
 40
5.0
 40
5.0
 40
6.0
 40
6.0
 40
6.0
 40
7.0
 40
7.0
 40
7.0
 40
8.0
 40
8.0
 40
8.0
 40
9.0
 40
9.0
 40
9.0
 40
10.0
 40
10.0
 40
10.0
 40
11.0
 40
11.0
 40
11.0
 40
12.0
 40
12.0
 40
12.0
 40
13.0
 40
13.0
 40
13.0
 40
14.0
 40
14.0
 40
14.0
 40
15.0
 40
15.0
 40
15.0
 40
16.0
 40
16.0
 40
16.0
 40
17.0
 40
17.0
 40
17.0
 40
18.0
 40
18.0
 40
18.0
 40
19.0
 40
19.0
 40
19.0
 40
20.0
 40
20.0
 40
20.0
 40
21.0
 40
21.0
 40
21.0
 40
22.0
 40
22.0
 40
22.0
 40
23.0
 40
23.0
 40
23.0
 40
24.0
 40
24.0
 40
24.0
 40
25.0
 40
25.0
 40
25.0
 40
26.0
 40
26.0
 40
26.0
 40
27.0
 40
27.0
 40
27.0
 40
28.0
 40
28.0
 40
28.0
 40
29.0
 40
29.0
 40
29.0
 40
30.0
 40
30.0
 40
30.0
 40
31.0
 40
31.0
 40
31.0
 40
32.0
 40
32.0
 40
32.0
 40
33.0
 40
33.0
 40
33.0
 40
34.0
 40
34.0
 40
34.0
 40
35.0
 40
35.0
 40
35.0
 40
36.0
 40
36.0
 40
36.0
 40
37.0
 40
37.0
 40
37.0
 40
38.0
 40
38.0
 40
38.0
 40
39.0
 40
39.0
 40
39.0
 40
40.0
 40
40.0
 40
40.0
 40
41.0
 40
41.0
 40
41.0
 40
42.0
 40
42.0
 40
42.0
 40
43.0
 40
43.0
 40
43.0
 40
44.0
 40
44.0
 40
44.0
 40
45.0
 40
45.0
 40
45.0
 40
46.0
 40
46.0
 40
46.0
 40
47.0
 40
47.0
 40
47.0
 40
48.0
 40
48.0
 40
48.0
 40
49.0
 40
49.0
 40
49.0
 40
50.0
 40
50.0
 40
50.0
 40
51.0
 40
51.0
 40
51.0
 40
52.0
 40
52.0
 40
52.0
 40
53.0
 40
53.0
 40
53.0
 40
54.0
 40
54.0
 40
54.0
 40
55.0
 40
55.0
 40
55.0
 40
56.0
 40
56.0
 40
56.0
 40
57.0
 40
57.0
 40
57.0
 40
58.0
 40
58.0
 40
58.0
 40
59.0
 40
59.0
 40
59.0
 40
60.0
 40
60.0
 40
60.0
 40
61.0
 40
61.0
 40
61.0
 40
62.0
 40
62.0
 40
62.0
 40
63.0
 40
63.0
 40
63.0
 40
64.0
 40
64.0
 40
64.0
 40
65.0
 40
65.0
 40
65.0
 40
66.0
 40
66.0
 40
66.0
 40
67.0
 40
67.0
 40
67.0
 40
68.0
 40
68.0
 40
68.0
 40
69.0
 40
69.0
 40
69.0
 40
70.0
 40
70.0
 40
70.0
 40
71.0
 40
71.0
 40
71.0
 40
72.0
 40
72.0
 40
72.0
 40
73.0
 40
73.0
 40
73.0
 40
74.0
 40
74.0
 40
74.0
 40
75.0
 40
75.0
 40
75.0
 40
76.0
 40
76.0
 40
76.0
 40
77.0
 40
77.0
 40
77.0
 40
78.0
 40
78.0
 40
78.0
 40
79.0
 40
79.0
 40
79.0
 40
80.0
 40
80.0
 40
80.0
 40
81.0
 40
81.0
 40
81.0
 40
82.0
 40
82.0
 40
82.0
 40
83.0
 40
83.0
 40
83.0
 40
84.0
 40
84.0
 40
84.0
 40
85.0
 40
85.0
 40
85.0
 40
86.0
 40
86.0
 40
86.0
 40
87.0
 40
87.0
 40
87.0
 40
88.0
 40
88.0
 40
88.0
 40
89.0
 40
89.0
 40
89.0
 40
90.0
 40
90.0
 40
90.0
 40
91.0
 40
91.0
 40
91.0
 40
92.0
 40
92.0
 40
92.0
 40
93.0
 40
93.0
 40
93.0
 40
94.0
 40
94.0
 40
94.0
 40
95.0
 40
95.0
 40
95.0
 40
96.0
 40
96.0
 40
96.0
 40
97.0
 40
97.0
 40
97.0
 40
98.0
 40
98.0
 40
98.0
 40
99.0
 40
99.0
 40
99.0
 40
100.0
 40
100.0
 40
100.0
 40
101.0
 40
101.0
 40
101.0
 40
102.0
 40
102.0
 40
102.0
 40
103.0
 40
103.0
 40
103.0
 40
104.0
 40
104.0
 40
104.0
 40
105.0
 40
105.0
 40
105.0
 40
106.0
 40
106.0
 40
106.0
 40
107.0
 40
107.0
 40
107.0
 40
108.0
 40
108.0
 40
108.0
 40
109.0
 40
109.0
 40
109.0
 40
110.0
 40
110.0
 40
110.0
 40
111.0
 40
111.0
 40
111.0
 40
112.0
 40
112.0
 40
112.0
 40
113.0
 40
113.0
 40
113.0
 40
114.0
 40
114.0
 40
114.0
 40
115.0
 40
115.0
 40
115.0
 40
116.0
 40
116.0
 40
116.0
 40
117.0
 40
117.0
 40
117.0
 40
118.0
 40
118.0
 40
118.0
 40
119.0
 40
119.0
 40
119.0
 40
120.0
 40
120.0
 40
120.0
 40
121.0
 40
121.0
 40
121.0
 40
122.0
 40
122.0
 40
122.0
 40
123.0
 40
123.0
 40
123.0
 40
124.0
 40
124.0
 40
124.0
 40
125.0
 40
125.0
 40
125.0
 40
126.0
 40
126.0
 40
126.0
 40
127.0
 40
127.0
 40
127.0
 40
128.0
 40
128.0
 40
128.0
 40
129.0
 40
129.0
 40
129.0
 40
130.0
 40
130.0
 40
130.0
 40
131.0
 40
131.0
 40
131.0
 40
131.0
 10
1416.359868902566
 20
-879.4221414799722
 10
1406.766251906551
 20
-879.7269537632192
 10
1398.610005460234
 20
-881.64870519946
 10
1390.212905625689
 20
-881.28582907487
 10
1380.709967153847
 20
-880.8751410535979
 10
1370.815329188965
 20
-881.2133331804753
 10
1362.43842759904
 20
-876.6897541336903
 10
1353.694967533544
 20
-871.9682454291042
 10
1343.588644642452
 20
-869.2847989138854
 10
1336.715444393456
 20
-861.2610961173077
 10
1334.738884449698
 20
-858.9536457749082
 10
1334.242654464128
 20
-857.1361834662084
 10
1336.227330318863
 20
-854.7930038761924
 10
1339.752442690542
 20
-850.6311415078753
 10
1341.351643284721
 20
-845.5689387137254
 10
1342.967624897843
 20
-840.4896493451406
 10
1345.523099484139
 20
-832.4573727496036
 10
1342.585749928621
 20
-823.4547007730471
 10
1335.582695103963
 20
-818.589542796236
 10
1333.676432374097
 20
-817.2652722539433
 10
1331.705120312627
 20
-815.9018246374089
 10
1329.563801273807
 20
-815.0722104250472
 10
1321.611550995931
 20
-811.9912569602648
 10
1314.146499464341
 20
-808.2894811203842
 10
1307.772092120173
 20
-802.3725224400596
 10
1303.669102478038
 20
-798.5638639747322
 10
1297.856401604256
 20
-798.8459144998906
 10
1292.649587047094
 20
-798.1810941956192
 10
1287.713770690363
 20
-797.5508742045813
 10
1283.36834109094
 20
-795.8271439613609
 10
1279.265046339367
 20
-793.1720428526623
 10
1272.4417009721
 20
-788.7568720183272
 10
1265.398859877077
 20
-784.6531040030923
 10
1258.801539579481
 20
-779.9253709035338
 10
1253.548043278717
 20
-776.1606188321593
 10
1247.75395408049
 20
-773.7371323422931
 10
1241.664579970779
 20
-772.3729219322568
 10
1235.915097771991
 20
-771.0848688254209
 10
1231.411804550742
 20
-767.9201606341612
 10
1226.644896777394
 20
-764.9525887954596
 10
1224.480816574702
 20
-763.6053734246389
 10
1224.635812167833
 20
-761.5302699828326
 10
1224.817596369385
 20
-759.6767733091165
 10
1225.14003602061
 20
-756.3888892232144
 10
1225.513001794319
 20
-752.9969295919518
 10
1226.613531527446
 20
-749.9160066389095
 10
1229.293307697682
 20
-742.4140851091797
 10
1227.909331299164
 20
-735.6534463043236
 10
1224.175157942418
 20
-728.9129757596502
 10
1216.439779451153
 20
-714.9501475035904
 10
1206.803142024761
 20
-703.1747211486463
 10
1191.894823775263
 20
-696.0434104696124
 10
1178.947626932095
 20
-689.8501374712614
 10
1170.630831900922
 20
-678.7398060262485
 10
1164.099354219463
 20
-666.2577887948837
 10
1162.135059675004
 20
-662.5038531353621
 10
1161.831536808768
 20
-658.6678866626771
 10
1163.779111356173
 20
-654.7865797442546
 10
1167.727959711596
 20
-646.9170527702245
 10
1171.435832635018
 20
-638.944411370644
 10
1177.41536734802
 20
-632.2547581290492
 10
1184.18385403882
 20
-624.6823392238994
 10
1190.811807323722
 20
-616.9696883614115
 10
1197.186824886761
 20
-609.064691489556
 10
1202.24261027345
 20
-602.795581561274
 10
1208.993949813987
 20
-599.0890916575527
 10
1215.775922341829
 20
-595.2311414761507
 10
1224.534820944749
 20
-590.2485972073755
 10
1231.396549078978
 20
-583.6440335808857
 10
1234.172556765108
 20
-573.4233787085523
 10
1235.655937817648
 20
-567.9621586337062
 10
1239.260500686278
 20
-563.3144273165963
 10
1242.204013452389
 20
-558.641767907854
 10
1246.278810982702
 20
-552.1734620845591
 10
1253.509477446096
 20
-550.5099162486167
 10
1261.081439323814
 20
-550.7502114574963
 10
1270.895406354
 20
-551.0616447883376
 10
1280.297963821631
 20
-548.7365739160505
 10
1288.992118202383
 20
-544.4936876219908
 10
1296.884994184149
 20
-540.6418703003419
 10
1304.249542667751
 20
-535.7099221245289
 10
1311.861168772059
 20
-531.2785876958942
 10
1322.499724562087
 20
-525.0850934874279
 10
1334.10852835637
 20
-522.9367771253355
 10
1346.26610198098
 20
-522.9815378480107
 10
1349.071461194788
 20
-522.9918660720223
 10
1349.40744770494
 20
-524.2633360481323
 10
1348.426215761016
 20
-526.4271485602103
 10
1348.017613205262
 20
-527.3282670354138
 10
1347.530048327653
 20
-528.2621703753166
 10
1346.851912096756
 20
-528.9617359235872
 10
1340.965801892842
 20
-535.0341633614444
 10
1335.079325557606
 20
-541.1392269192684
 10
1329.379332109223
 20
-547.3514400802642
 10
1318.948616866523
 20
-558.719397402514
 10
1307.318638477431
 20
-569.7203137476545
 10
1306.228726552654
 20
-586.6531776654256
 10
1305.738232624466
 20
-594.2738280036829
 10
1306.537009126079
 20
-601.650125071631
 10
1312.489022968019
 20
-607.402961102147
 10
1314.07199174024
 20
-608.9328960283465
 10
1313.040599805154
 20
-611.4139429158449
 10
1314.345308772383
 20
-612.9711248259209
 10
1317.409400787323
 20
-616.6281094313863
 10
1321.19043895333
 20
-619.8520866777226
 10
1326.023311386589
 20
-619.7893850518894
 10
1334.597130606058
 20
-619.6781087358731
 10
1342.698274288361
 20
-622.6297992138707
 10
1351.195938192779
 20
-622.864297192139
 10
1355.061491672364
 20
-622.9709662354053
 10
1357.012971620541
 20
-626.4598311531145
 10
1357.565951961078
 20
-629.6192303016023
 10
1358.034355966151
 20
-632.2952014405055
 10
1355.509819476592
 20
-633.4982183277798
 10
1352.794223458652
 20
-634.7715647759042
 10
1348.540936908688
 20
-636.7659188976286
 10
1344.82445989919
 20
-641.991222198294
 10
1344.85228587969
 20
-645.5978014091734
 10
1344.891767040617
 20
-650.726474029053
 10
1348.445376633552
 20
-656.2472835322469
 10
1353.8484375795
 20
-658.8730933704828
 10
1356.880798213169
 20
-660.3467799038717
 10
1359.515662274531
 20
-662.3473889323104
 10
1362.252188799732
 20
-664.1514565871212
 10
1365.838689189794
 20
-666.515963883442
 10
1369.483892635206
 20
-669.2603575994399
 10
1367.707972656101
 20
-674.7705490170902
 10
1366.579189789265
 20
-678.2732662647877
 10
1368.643438184728
 20
-680.6287420860499
 10
1371.379476534836
 20
-682.5906774839559
 10
1373.845859166024
 20
-684.3592294733317
 10
1376.426047616578
 20
-685.9026963562492
 10
1379.386402423517
 20
-686.5189724820775
 10
1391.271757409953
 20
-688.9932152515421
 10
1400.115598479662
 20
-695.4433971012386
 10
1406.492385677426
 20
-705.8324310111193
 10
1410.373316672551
 20
-712.1550737873449
 10
1416.078558003219
 20
-716.2173610919617
 10
1423.454822689137
 20
-718.7642523145196
 10
1433.542045729579
 20
-722.2471521870457
 10
1442.092188456869
 20
-728.9383005039044
 10
1450.895999168666
 20
-734.9250395337567
 10
1452.552682380456
 20
-736.0515940004288
 10
1452.50984501574
 20
-737.7840200895671
 10
1451.717109680943
 20
-739.4047426983298
 10
1451.064724686386
 20
-740.7387769974421
 10
1450.19497973012
 20
-741.9739532587446
 10
1449.355074476629
 20
-743.2076344447842
 10
1444.395703671493
 20
-750.4925869909139
 10
1445.930953328034
 20
-756.2939061763927
 10
1453.827307557363
 20
-760.3120887607456
 10
1457.27565439512
 20
-762.0668189318712
 10
1460.954602944077
 20
-763.1400999003909
 10
1464.698905934074
 20
-763.8476366407531
 10
1468.793962730892
 20
-764.6213533453165
 10
1471.246920546928
 20
-766.9335330074255
 10
1473.54988656457
 20
-770.3469118802141
 10
1479.211985421087
 20
-778.7390134263342
 10
1480.61890604914
 20
-788.47564531015
 10
1483.21270238051
 20
-797.8618803710615
 10
1485.350787259315
 20
-805.5992609988716
 10
1490.551072474564
 20
-810.9862002425307
 10
1497.511228912619
 20
-814.2687447739208
 10
1507.464997086061
 20
-818.9631895650691
 10
1513.306500290535
 20
-827.4802671984953
 10
1512.851032925519
 20
-837.2937886672744
 10
1512.381408482706
 20
-847.4101086444552
 10
1512.764381845893
 20
-856.9642192992033
 10
1515.44604969463
 20
-866.5759361191931
 10
1516.42154558117
 20
-870.0722459014778
 10
1516.12827439196
 20
-873.8248237885664
 10
1515.006325976476
 20
-876.9165173858519
 10
1513.068270843452
 20
-882.256499061551
 10
1516.199303868498
 20
-884.4647557369999
 10
1519.843408919944
 20
-885.4321304557543
 10
1525.783645537678
 20
-887.0090382057824
 10
1530.998820093369
 20
-890.6016735514513
 10
1537.213167027778
 20
-891.2704908936721
 10
1538.807302805331
 20
-891.4420889197963
 10
1539.926810345332
 20
-892.5101828925044
 10
1540.346518884531
 20
-894.1018583247233
 10
1540.735228305104
 20
-895.5759109989949
 10
1540.140142862496
 20
-896.7329772057301
 10
1538.860147759526
 20
-897.4772500811314
 10
1536.446732126306
 20
-898.8807596123725
 10
1535.271938756629
 20
-901.3865057534522
 10
1533.606651458762
 20
-903.4237136140991
 10
1525.123632807239
 20
-913.8019158562556
 10
1526.933175846114
 20
-910.7595902543972
 10
1536.229982383469
 20
-918.2136388639656
 10
1541.727444188698
 20
-922.6214563689455
 10
1544.750346429873
 20
-928.6525289571118
 10
1542.684511465346
 20
-935.5722254629245
 10
1539.859198094471
 20
-945.0357772731613
 10
1533.589321242836
 20
-952.1726258330154
 10
1525.995635573325
 20
-957.73659419253
 10
1516.431431126874
 20
-964.7444696271314
 10
1507.685408142122
 20
-972.614606835964
 10
1498.846265757717
 20
-980.4293957483178
 10
1496.481667634143
 20
-982.5199991540785
 10
1493.914965020629
 20
-984.3831070259139
 10
1491.566720762788
 20
-986.4907970061095
 10
1487.207073063679
 20
-990.4039886928995
 10
1487.629100434586
 20
-992.6855345679842
 10
1490.878149789205
 20
-997.4380432004755
 10
1495.182389614863
 20
-1003.734140762845
 10
1501.205493955227
 20
-1009.002297802432
 10
1503.188583240901
 20
-1016.802319032595
 10
1503.373479558693
 20
-1017.52929175138
 10
1504.014575504145
 20
-1018.411996391453
 10
1504.673611884391
 20
-1018.703993743875
 10
1510.21342287924
 20
-1021.158541185127
 10
1511.480725429701
 20
-1026.272613937384
 10
1513.416949906114
 20
-1031.34159033783
 10
1516.271431739002
 20
-1038.814586737979
 10
1521.254112904993
 20
-1044.588872521759
 10
1530.048953399393
 20
-1045.046487599251
 10
1533.41345616433
 20
-1045.221502940261
 10
1532.653733670435
 20
-1047.067402190703
 10
1531.8262768819
 20
-1048.627955648055
 10
1531.169315245814
 20
-1049.866793318168
 10
1529.884926566978
 20
-1051.036064220931
 10
1528.599195406623
 20
-1051.635253772321
 10
1520.926425371483
 20
-1055.210985613994
 10
1517.047630142404
 20
-1062.394242530489
 10
1512.187602969403
 20
-1068.631391411054
 10
1511.08017776304
 20
-1070.052567239789
 10
1510.003995762851
 20
-1071.688057530744
 10
1509.554264455219
 20
-1073.393907894286
 10
1508.445740854888
 20
-1077.597754416933
 10
1506.942771776601
 20
-1081.45395017328
 10
1504.123804681982
 20
-1084.909709853018
 10
1501.900899380162
 20
-1087.634774381684
 10
1501.206592349194
 20
-1090.857302320368
 10
1501.825720415305
 20
-1094.709836667909
 10
1503.310016796149
 20
-1103.946899831644
 10
1499.902920754046
 20
-1111.852857823313
 10
1492.992314088282
 20
-1117.872885161574
 10
1487.92041892341
 20
-1122.291290240359
 10
1482.993267674643
 20
-1126.541758701824
 10
1480.446946371405
 20
-1133.039905006903
 10
1479.282892853851
 20
-1136.01058904309
 10
1476.674573313361
 20
-1138.062259468526
 10
1474.132889673539
 20
-1139.989258924059
 10
1471.912547290976
 20
-1141.672469576475
 10
1470.896899002752
 20
-1143.338654677933
 10
1473.927367957922
 20
-1145.304465066827
 10
1476.821147886078
 20
-1147.181364245171
 10
1475.179537080392
 20
-1148.866771742869
 10
1473.518643358395
 20
-1150.456921588087
 10
1467.504448213542
 20
-1156.214608985272
 10
1461.388102429752
 20
-1161.870021029761
 10
1455.505958648495
 20
-1167.759397097067
 10
1452.694741333531
 20
-1170.574166141527
 10
1450.288343217322
 20
-1173.799745254215
 10
1447.777109499146
 20
-1176.902850242284
 10
1447.179705224829
 20
-1177.641051281411
 10
1446.290067133383
 20
-1179.00071544218
 10
1446.56344518741
 20
-1179.453936829101
 10
1449.500062480283
 20
-1184.321108580756
 10
1445.302610956978
 20
-1186.802079188903
 10
1443.108813095287
 20
-1189.74829280956
 10
1435.936910709133
 20
-1199.379750725373
 10
1428.196528423128
 20
-1208.530465664724
 10
1419.102436594587
 20
-1216.447163788896
 10
1413.285220101163
 20
-1221.511197287447
 10
1411.142558580828
 20
-1229.085309594171
 10
1406.55871646866
 20
-1234.926294041736
 10
1398.27633778179
 20
-1245.479938789267
 10
1389.524151586444
 20
-1255.342614671288
 10
1375.912365371307
 20
-1259.798549190349
 10
1360.125087860597
 20
-1264.966505675566
 10
1346.140274849862
 20
-1273.589306488317
 10
1334.009978008768
 20
-1285.093819103226
 10
1330.271228010493
 20
-1288.639649439636
 10
1326.270694116731
 20
-1291.911240256341
 10
1322.36144896601
 20
-1295.275159598485
 10
1318.353653467688
 20
-1298.723962601489
 10
1313.153307230554
 20
-1297.550786195996
 10
1308.551707749251
 20
-1298.69741738763
 10
1298.262380218866
 20
-1301.261196858315
 10
1287.740193167461
 20
-1303.046499792985
 10
1278.694979870454
 20
-1309.146101749338
 10
1277.876066146109
 20
-1309.69842526799
 10
1276.945177259011
 20
-1310.127786474182
 10
1276.010321949252
 20
-1310.453163670234
 10
1275.068510144369
 20
-1310.780737711571
 10
1273.98714128378
 20
-1310.97790457587
 10
1273.345679207006
 20
-1309.905783053473
 10
1272.811005432588
 20
-1309.012033163493
 10
1273.489507794806
 20
-1308.360241372229
 10
1274.055729884836
 20
-1307.757451435511
 10
1279.464221778731
 20
-1302.000008132243
 10
1285.670391780275
 20
-1296.386397171646
 10
1293.010165377731
 20
-1294.494425193705
 10
1302.821325401113
 20
-1291.965307059734
 10
1310.192891401728
 20
-1285.782163959087
 10
1318.628557068892
 20
-1281.232009186704
 10
1327.823579098631
 20
-1276.272264815692
 10
1336.952209315248
 20
-1271.145438156087
 10
1345.796416516281
 20
-1265.592362487772
 10
1353.616798496219
 20
-1260.682230206108
 10
1361.668392406231
 20
-1256.014300117076
 10
1368.180892280814
 20
-1249.230136760631
 10
1371.350125007159
 20
-1245.92864443866
 10
1375.360971599834
 20
-1243.428207340348
 10
1378.983535925146
 20
-1240.788392613424
 10
1383.246891086477
 20
-1237.681626216545
 10
1382.271395199936
 20
-1234.71191855604
 10
1380.614040747389
 20
-1231.954938747265
 10
1377.528469028202
 20
-1226.822253833565
 10
1377.314221182736
 20
-1220.837192949417
 10
1374.813300163471
 20
-1215.585085085106
 10
1373.67011613129
 20
-1213.184238306367
 10
1375.899001578042
 20
-1211.974813953679
 10
1377.368469640332
 20
-1210.751232153601
 10
1384.654788064723
 20
-1204.684094688677
 10
1391.766644914011
 20
-1198.375365265922
 10
1399.952364931778
 20
-1193.491839221591
 10
1404.496237707921
 20
-1190.780932140315
 10
1407.044877842867
 20
-1187.149363814322
 10
1406.057299622689
 20
-1181.614717237011
 10
1405.478751111474
 20
-1178.372051549883
 10
1406.995389092461
 20
-1176.547510517488
 10
1409.842121145693
 20
-1174.919709185033
 10
1414.769638525784
 20
-1172.102011013529
 10
1419.826583328328
 20
-1170.024405609038
 10
1425.408560447135
 20
-1168.841892611086
 10
1433.613258271778
 20
-1167.103638779598
 10
1443.898131204407
 20
-1155.995900832488
 10
1444.270486759247
 20
-1147.689567787689
 10
1444.522995327901
 20
-1142.058198994371
 10
1440.667937612889
 20
-1137.798454963926
 10
1435.813402409723
 20
-1135.073451458742
 10
1431.179766437715
 20
-1132.472569712139
 10
1426.230159134509
 20
-1130.441281129064
 10
1421.522869744818
 20
-1127.963178624483
 10
1416.584795578268
 20
-1125.363578370961
 10
1416.40398772691
 20
-1124.330267781927
 10
1420.182829104982
 20
-1120.337989664891
 10
1422.614124151112
 20
-1117.769450362757
 10
1422.799386600225
 20
-1114.748116838062
 10
1422.472736438795
 20
-1111.601380061697
 10
1421.85244895683
 20
-1105.625594746529
 10
1423.870747871337
 20
-1102.041746781997
 10
1428.93953091997
 20
-1098.883171450492
 10
1435.168095954064
 20
-1095.001834020328
 10
1441.968558113684
 20
-1091.4278108361
 10
1446.583582410141
 20
-1085.81438294594
 10
1453.751945526845
 20
-1077.095165034585
 10
1459.162817274337
 20
-1062.597572766281
 10
1448.339304144629
 20
-1051.555618130751
 10
1437.571198888372
 20
-1040.570110214347
 10
1426.857098002163
 20
-1030.491838377024
 10
1410.971087078189
 20
-1027.450733244768
 10
1403.182253413859
 20
-1025.959807578241
 10
1401.402244968322
 20
-1020.18112810389
 10
1406.328541910671
 20
-1014.139864594541
 10
1408.838921322429
 20
-1011.061291045484
 10
1407.834379017648
 20
-1009.720361093117
 10
1405.263099762604
 20
-1007.880808284612
 10
1399.796637076
 20
-1003.969935490066
 10
1399.70449402654
 20
-1002.915144636027
 10
1403.898406280396
 20
-997.8082726544226
 10
1408.251646681363
 20
-992.507468052966
 10
1413.21266507745
 20
-987.89903585706
 10
1418.75784599836
 20
-983.8106457588174
 10
1430.982177567414
 20
-974.797721837599
 10
1442.118061736983
 20
-964.5545035334881
 10
1452.127115740101
 20
-953.1098854643269
 10
1455.050857414803
 20
-949.7667446171681
 10
1456.116299562869
 20
-945.4573884973752
 10
1457.717941032532
 20
-941.5119459013376
 10
1458.880896156119
 20
-938.6471681149151
 10
1457.216951339769
 20
-935.7409858972233
 10
1455.015647785969
 20
-933.4436044290442
 10
1451.432564621584
 20
-929.704177101924
 10
1447.410245914141
 20
-926.4819237689035
 10
1443.42191639779
 20
-923.1989520731504
 10
1438.773574151001
 20
-919.3727493572869
 10
1438.299983285529
 20
-916.0590828510294
 10
1441.903813891515
 20
-911.2059464998047
 10
1443.20797366176
 20
-909.4496907416751
 10
1442.921353858239
 20
-908.198221211177
 10
1442.047520435541
 20
-906.7414381817844
 10
1440.023607507424
 20
-903.3673584301987
 10
1439.207561811771
 20
-899.7496729459372
 10
1439.141963283182
 20
-895.8217746004366
 10
1439.070994828531
 20
-891.5748149890778
 10
1437.317530903863
 20
-888.2778078928968
 10
1433.357271455561
 20
-886.0639065455352
 10
1427.600527652214
 20
-882.8457417856816
 10
1422.531866647354
 20
-877.928073104219
 10
1416.359868902566
 20
-879.4221414799722
 97
        0
 97
        0
 75
     2
 76
     1
 98
        0
  0
SPLINE
  5
4B
330
41
100
AcDbEntity
  8
katman 1
370
     0
100
AcDbSpline
210
0.0
220
0.0
230
1.0
 70
    11
 71
     3
 72
   404
 73
   400
 74
     0
 42
0.0000000001
 43
0.0000000001
 12
1.0
 22
0.0
 32
0.0
 13
1.0
 23
0.0
 33
0.0
 40
0.0
 40
0.0
 40
0.0
 40
0.0
 40
1.0
 40
1.0
 40
1.0
 40
2.0
 40
2.0
 40
2.0
 40
3.0
 40
3.0
 40
3.0
 40
4.0
 40
4.0
 40
4.0
 40
5.0
 40
5.0
 40
5.0
 40
6.0
 40
6.0
 40
6.0
 40
7.0
 40
7.0
 40
7.0
 40
8.0
 40
8.0
 40
8.0
 40
9.0
 40
9.0
 40
9.0
 40
10.0
 40
10.0
 40
10.0
 40
11.0
 40
11.0
 40
11.0
 40
12.0
 40
12.0
 40
12.0
 40
13.0
 40
13.0
 40
13.0
 40
14.0
 40
14.0
 40
14.0
 40
15.0
 40
15.0
 40
15.0
 40
16.0
 40
16.0
 40
16.0
 40
17.0
 40
17.0
 40
17.0
 40
18.0
 40
18.0
 40
18.0
 40
19.0
 40
19.0
 40
19.0
 40
20.0
 40
20.0
 40
20.0
 40
21.0
 40
21.0
 40
21.0
 40
22.0
 40
22.0
 40
22.0
 40
23.0
 40
23.0
 40
23.0
 40
24.0
 40
24.0
 40
24.0
 40
25.0
 40
25.0
 40
25.0
 40
26.0
 40
26.0
 40
26.0
 40
27.0
 40
27.0
 40
27.0
 40
28.0
 40
28.0
 40
28.0
 40
29.0
 40
29.0
 40
29.0
 40
30.0
 40
30.0
 40
30.0
 40
31.0
 40
31.0
 40
31.0
 40
32.0
 40
32.0
 40
32.0
 40
33.0
 40
33.0
 40
33.0
 40
34.0
 40
34.0
 40
34.0
 40
35.0
 40
35.0
 40
35.0
 40
36.0
 40
36.0
 40
36.0
 40
37.0
 40
37.0
 40
37.0
 40
38.0
 40
38.0
 40
38.0
 40
39.0
 40
39.0
 40
39.0
 40
40.0
 40
40.0
 40
40.0
 40
41.0
 40
41.0
 40
41.0
 40
42.0
 40
42.0
 40
42.0
 40
43.0
 40
43.0
 40
43.0
 40
44.0
 40
44.0
 40
44.0
 40
45.0
 40
45.0
 40
45.0
 40
46.0
 40
46.0
 40
46.0
 40
47.0
 40
47.0
 40
47.0
 40
48.0
 40
48.0
 40
48.0
 40
49.0
 40
49.0
 40
49.0
 40
50.0
 40
50.0
 40
50.0
 40
51.0
 40
51.0
 40
51.0
 40
52.0
 40
52.0
 40
52.0
 40
53.0
 40
53.0
 40
53.0
 40
54.0
 40
54.0
 40
54.0
 40
55.0
 40
55.0
 40
55.0
 40
56.0
 40
56.0
 40
56.0
 40
57.0
 40
57.0
 40
57.0
 40
58.0
 40
58.0
 40
58.0
 40
59.0
 40
59.0
 40
59.0
 40
60.0
 40
60.0
 40
60.0
 40
61.0
 40
61.0
 40
61.0
 40
62.0
 40
62.0
 40
62.0
 40
63.0
 40
63.0
 40
63.0
 40
64.0
 40
64.0
 40
64.0
 40
65.0
 40
65.0
 40
65.0
 40
66.0
 40
66.0
 40
66.0
 40
67.0
 40
67.0
 40
67.0
 40
68.0
 40
68.0
 40
68.0
 40
69.0
 40
69.0
 40
69.0
 40
70.0
 40
70.0
 40
70.0
 40
71.0
 40
71.0
 40
71.0
 40
72.0
 40
72.0
 40
72.0
 40
73.0
 40
73.0
 40
73.0
 40
74.0
 40
74.0
 40
74.0
 40
75.0
 40
75.0
 40
75.0
 40
76.0
 40
76.0
 40
76.0
 40
77.0
 40
77.0
 40
77.0
 40
78.0
 40
78.0
 40
78.0
 40
79.0
 40
79.0
 40
79.0
 40
80.0
 40
80.0
 40
80.0
 40
81.0
 40
81.0
 40
81.0
 40
82.0
 40
82.0
 40
82.0
 40
83.0
 40
83.0
 40
83.0
 40
84.0
 40
84.0
 40
84.0
 40
85.0
 40
85.0
 40
85.0
 40
86.0
 40
86.0
 40
86.0
 40
87.0
 40
87.0
 40
87.0
 40
88.0
 40
88.0
 40
88.0
 40
89.0
 40
89.0
 40
89.0
 40
90.0
 40
90.0
 40
90.0
 40
91.0
 40
91.0
 40
91.0
 40
92.0
 40
92.0
 40
92.0
 40
93.0
 40
93.0
 40
93.0
 40
94.0
 40
94.0
 40
94.0
 40
95.0
 40
95.0
 40
95.0
 40
96.0
 40
96.0
 40
96.0
 40
97.0
 40
97.0
 40
97.0
 40
98.0
 40
98.0
 40
98.0
 40
99.0
 40
99.0
 40
99.0
 40
100.0
 40
100.0
 40
100.0
 40
101.0
 40
101.0
 40
101.0
 40
102.0
 40
102.0
 40
102.0
 40
103.0
 40
103.0
 40
103.0
 40
104.0
 40
104.0
 40
104.0
 40
105.0
 40
105.0
 40
105.0
 40
106.0
 40
106.0
 40
106.0
 40
107.0
 40
107.0
 40
107.0
 40
108.0
 40
108.0
 40
108.0
 40
109.0
 40
109.0
 40
109.0
 40
110.0
 40
110.0
 40
110.0
 40
111.0
 40
111.0
 40
111.0
 40
112.0
 40
112.0
 40
112.0
 40
113.0
 40
113.0
 40
113.0
 40
114.0
 40
114.0
 40
114.0
 40
115.0
 40
115.0
 40
115.0
 40
116.0
 40
116.0
 40
116.0
 40
117.0
 40
117.0
 40
117.0
 40
118.0
 40
118.0
 40
118.0
 40
119.0
 40
119.0
 40
119.0
 40
120.0
 40
120.0
 40
120.0
 40
121.0
 40
121.0
 40
121.0
 40
122.0
 40
122.0
 40
122.0
 40
123.0
 40
123.0
 40
123.0
 40
124.0
 40
124.0
 40
124.0
 40
125.0
 40
125.0
 40
125.0
 40
126.0
 40
126.0
 40
126.0
 40
127.0
 40
127.0
 40
127.0
 40
128.0
 40
128.0
 40
128.0
 40
129.0
 40
129.0
 40
129.0
 40
130.0
 40
130.0
 40
130.0
 40
131.0
 40
131.0
 40
131.0
 40
132.0
 40
132.0
 40
132.0
 40
133.0
 40
133.0
 40
133.0
 40
133.0
 10
606.1725032399172
 20
-881.2694747821952
 30
0.0
 10
599.0143918002386
 20
-882.1656045878981
 30
0.0
 10
590.5702135798283
 20
-879.2112443326441
 30
0.0
 10
581.8739081775584
 20
-879.4331257063959
 30
0.0
 10
570.9711886384475
 20
-879.7113012405662
 30
0.0
 10
561.2998221305834
 20
-888.2657252438312
 30
0.0
 10
560.2853942800984
 20
-898.9632633575084
 30
0.0
 10
560.192503712522
 20
-899.9427512370667
 30
0.0
 10
560.0494836647249
 20
-900.9797842583894
 30
0.0
 10
559.6423227510531
 20
-901.8566306443709
 30
0.0
 10
557.7260600594464
 20
-905.9835265585743
 30
0.0
 10
555.9646938004053
 20
-909.6282454445345
 30
0.0
 10
559.3930025759983
 20
-914.3459401816117
 30
0.0
 10
561.6691799852215
 20
-917.4781838814442
 30
0.0
 10
558.9595030903247
 20
-920.9096257043502
 30
0.0
 10
556.1133888836985
 20
-923.3381161195857
 30
0.0
 10
552.443585990065
 20
-926.4694444672159
 30
0.0
 10
548.7171700407125
 20
-929.5457601475091
 30
0.0
 10
545.2066113890978
 20
-932.8492662443232
 30
0.0
 10
541.5706527595748
 20
-936.270730728228
 30
0.0
 10
541.061509017155
 20
-939.9055943221474
 30
0.0
 10
543.1236369020426
 20
-944.9154694820854
 30
0.0
 10
546.7722575731304
 20
-953.7796791822284
 30
0.0
 10
553.3740248407476
 20
-959.885383486594
 30
0.0
 10
560.0432670599812
 20
-966.134462457524
 30
0.0
 10
568.3112293260338
 20
-973.8815458186737
 30
0.0
 10
576.8551173098995
 20
-981.2743878776737
 30
0.0
 10
586.0634573664893
 20
-987.9146578679729
 30
0.0
 10
589.8383780883187
 20
-990.636793269593
 30
0.0
 10
592.8352239837195
 20
-994.3082709515902
 30
0.0
 10
595.7794232460583
 20
-997.9396562071406
 30
0.0
 10
599.8223978622709
 20
-1002.926250909411
 30
0.0
 10
599.7566162680205
 20
-1004.144523666717
 30
0.0
 10
594.6103506782929
 20
-1007.709454352407
 30
0.0
 10
591.8834045893582
 20
-1009.598436179818
 30
0.0
 10
590.5756292723054
 20
-1010.919106336783
 30
0.0
 10
593.3477315576638
 20
-1014.257822981632
 30
0.0
 10
598.121473782362
 20
-1020.007394255961
 30
0.0
 10
596.3452029274067
 20
-1025.902994718239
 30
0.0
 10
588.9374662032378
 20
-1027.355536615763
 30
0.0
 10
573.1275190614842
 20
-1030.455712476789
 30
0.0
 10
561.707501730295
 20
-1039.721639746625
 30
0.0
 10
551.6062207726209
 20
-1051.436378250579
 30
0.0
 10
545.6472580632935
 20
-1058.347226351776
 30
0.0
 10
544.0546478329161
 20
-1064.810040061857
 30
0.0
 10
546.8344693869876
 20
-1074.531080446501
 30
0.0
 10
550.6641114860386
 20
-1087.923293395739
 30
0.0
 10
561.7641376692218
 20
-1091.990630393335
 30
0.0
 10
570.8329588087854
 20
-1098.874933280673
 30
0.0
 10
575.280218682241
 20
-1102.250874248402
 30
0.0
 10
577.8962880023873
 20
-1105.892389401655
 30
0.0
 10
577.176702654705
 20
-1111.244636796862
 30
0.0
 10
576.6706634007887
 20
-1115.008565051252
 30
0.0
 10
577.0950248588751
 20
-1118.346732484781
 30
0.0
 10
580.22052014767
 20
-1121.125375629003
 30
0.0
 10
582.7474975127088
 20
-1123.371833003013
 30
0.0
 10
582.5610451367975
 20
-1125.717331485273
 30
0.0
 10
579.2582507551506
 20
-1127.33567417831
 30
0.0
 10
574.7800832958983
 20
-1129.529895453328
 30
0.0
 10
570.3206800669168
 20
-1131.762683567791
 30
0.0
 10
565.8311930476157
 20
-1133.933288755998
 30
0.0
 10
562.9459714391196
 20
-1135.328346535243
 30
0.0
 10
560.3282163893427
 20
-1137.026568963767
 30
0.0
 10
558.4568581788762
 20
-1139.709466267665
 30
0.0
 10
553.8343663289916
 20
-1146.336616209737
 30
0.0
 10
554.4291542899009
 20
-1150.558281588583
 30
0.0
 10
560.8729282641834
 20
-1159.36836346185
 30
0.0
 10
565.4265035203698
 20
-1165.594100951632
 30
0.0
 10
571.2386628249033
 20
-1169.234273588321
 30
0.0
 10
579.0477252447936
 20
-1170.077801154152
 30
0.0
 10
584.2805808922585
 20
-1170.643122674071
 30
0.0
 10
588.3978191450233
 20
-1174.171134154283
 30
0.0
 10
592.6119296434954
 20
-1177.027704282631
 30
0.0
 10
594.6109608971628
 20
-1178.382669635426
 30
0.0
 10
593.6791109153428
 20
-1181.136842364114
 30
0.0
 10
593.512643207443
 20
-1183.160014824331
 30
0.0
 10
593.1732089606721
 20
-1187.285629245453
 30
0.0
 10
594.6642635155104
 20
-1190.121085249673
 30
0.0
 10
598.0852115259768
 20
-1192.315245501213
 30
0.0
 10
606.5029672692899
 20
-1197.714358929155
 30
0.0
 10
614.2202680265136
 20
-1204.043897358639
 30
0.0
 10
621.9258983478376
 20
-1210.398638485411
 30
0.0
 10
624.614980355851
 20
-1212.61623175332
 30
0.0
 10
625.4960753831092
 20
-1214.556412280559
 30
0.0
 10
623.9431904012081
 20
-1218.027610900772
 30
0.0
 10
621.7285383096141
 20
-1222.978262773246
 30
0.0
 10
621.1852299381753
 20
-1228.541224245339
 30
0.0
 10
618.4026929101301
 20
-1233.39777791145
 30
0.0
 10
616.8084503442733
 20
-1236.180387581877
 30
0.0
 10
617.6072726123039
 20
-1238.312364907164
 30
0.0
 10
620.7392057101824
 20
-1240.72974904902
 30
0.0
 10
627.3468844731087
 20
-1245.830091518248
 30
0.0
 10
633.5633976845093
 20
-1251.458592208
 30
0.0
 10
640.2905420468269
 20
-1256.466728198757
 30
0.0
 10
651.6413758135623
 20
-1264.917015633178
 30
0.0
 10
664.083586030365
 20
-1271.561374196648
 30
0.0
 10
676.245736296506
 20
-1278.677627331959
 30
0.0
 10
683.1909118612884
 20
-1282.741302920749
 30
0.0
 10
690.1710834782998
 20
-1286.752071152267
 30
0.0
 10
697.0017972384303
 20
-1291.001563238049
 30
0.0
 10
700.1879025165472
 20
-1292.98366689614
 30
0.0
 10
703.7958826108525
 20
-1293.44054969187
 30
0.0
 10
707.1004923936398
 20
-1294.687625531798
 30
0.0
 10
713.571619428797
 20
-1297.129663159623
 30
0.0
 10
719.202932743292
 20
-1301.487105781755
 30
0.0
 10
724.1816474866255
 20
-1306.436537184625
 30
0.0
 10
725.1359382674118
 20
-1307.385208206721
 30
0.0
 10
727.2664564322222
 20
-1308.301048596506
 30
0.0
 10
726.1397177986046
 20
-1309.937942427499
 30
0.0
 10
724.9083876505656
 20
-1311.72672370054
 30
0.0
 10
722.9957786444456
 20
-1310.44541368826
 30
0.0
 10
721.7011993104697
 20
-1309.571618476282
 30
0.0
 10
711.9370871620094
 20
-1302.981143645768
 30
0.0
 10
700.7348416902651
 20
-1299.867237501716
 30
0.0
 10
689.4387293007503
 20
-1298.72890550338
 30
0.0
 10
678.6925614128913
 20
-1297.646043848479
 30
0.0
 10
671.9338687349637
 20
-1291.527341542846
 30
0.0
 10
665.2415068482705
 20
-1284.608987553594
 30
0.0
 10
661.837019491838
 20
-1281.089519360601
 30
0.0
 10
657.9857909002394
 20
-1278.200606787788
 30
0.0
 10
653.9587277410783
 20
-1275.592646317487
 30
0.0
 10
643.3679215776738
 20
-1268.733973291804
 30
0.0
 10
632.91549779865
 20
-1261.50726765746
 30
0.0
 10
620.2454013446222
 20
-1258.799045609307
 30
0.0
 10
616.8418903383827
 20
-1258.071523679202
 30
0.0
 10
614.2596576546111
 20
-1255.899270857029
 30
0.0
 10
611.6834661376579
 20
-1253.835700852967
 30
0.0
 10
602.3290091725039
 20
-1246.342810798298
 30
0.0
 10
593.4828950375013
 20
-1238.350382535285
 30
0.0
 10
588.3142649261663
 20
-1227.192971475353
 30
0.0
 10
586.0970194043721
 20
-1222.406594811389
 30
0.0
 10
582.8750027457208
 20
-1218.442570565654
 30
0.0
 10
578.9539040934387
 20
-1215.012928935408
 30
0.0
 10
569.2307528866677
 20
-1206.508330603672
 30
0.0
 10
561.4936734103012
 20
-1196.271153624093
 30
0.0
 10
553.6143061487819
 20
-1186.151385820282
 30
0.0
 10
552.3315269222157
 20
-1184.503812880266
 30
0.0
 10
551.137915928115
 20
-1182.92849174072
 30
0.0
 10
552.5921208909049
 20
-1180.807559665336
 30
0.0
 10
553.8985384709713
 20
-1178.902162521768
 30
0.0
 10
552.3989255964734
 20
-1177.756385658857
 30
0.0
 10
551.4464731000344
 20
-1176.445479258713
 30
0.0
 10
546.3244026885259
 20
-1169.395863763704
 30
0.0
 10
540.062893463155
 20
-1163.414647358801
 30
0.0
 10
533.7146111143848
 20
-1157.514775252916
 30
0.0
 10
531.0305557843176
 20
-1155.020318455656
 30
0.0
 10
528.3329154566436
 20
-1152.540568317112
 30
0.0
 10
525.6461446526027
 20
-1150.0490406469
 30
0.0
 10
523.9213076207025
 20
-1148.449493185744
 30
0.0
 10
523.208358403238
 20
-1146.767197885532
 30
0.0
 10
525.6558623881174
 20
-1145.253449437438
 30
0.0
 10
528.8216244946352
 20
-1143.295389030518
 30
0.0
 10
527.6127122623548
 20
-1141.601377222123
 30
0.0
 10
525.426381954092
 20
-1139.990662464101
 30
0.0
 10
521.7032916975841
 20
-1137.247840102718
 30
0.0
 10
519.0640188048828
 20
-1133.736793149983
 30
0.0
 10
517.3187775794977
 20
-1129.448856271716
 30
0.0
 10
515.7643823058916
 20
-1125.629823814768
 30
0.0
 10
512.794141953249
 20
-1122.923188377099
 30
0.0
 10
509.5939024805421
 20
-1120.46436929224
 30
0.0
 10
500.4243532747832
 20
-1113.419208511277
 30
0.0
 10
495.8594660862827
 20
-1104.526073681554
 30
0.0
 10
498.0372647719614
 20
-1092.687884677296
 30
0.0
 10
498.7583909222922
 20
-1088.767980407691
 30
0.0
 10
496.088065516813
 20
-1085.814443969419
 30
0.0
 10
494.1186642031807
 20
-1082.768640029193
 30
0.0
 10
493.402717285514
 20
-1081.661430005723
 30
0.0
 10
491.9890041586568
 20
-1080.696770831833
 30
0.0
 10
491.8676545085027
 20
-1079.562832524065
 30
0.0
 10
490.9512926443913
 20
-1071.000261886202
 30
0.0
 10
484.3913215555422
 20
-1065.672545930011
 30
0.0
 10
480.3370388208841
 20
-1058.922982886797
 30
0.0
 10
478.2427218905723
 20
-1055.436345326114
 30
0.0
 10
474.2293962837348
 20
-1054.428176410893
 30
0.0
 10
471.3298993675353
 20
-1051.97393408704
 30
0.0
 10
469.9417620390923
 20
-1050.798988000624
 30
0.0
 10
468.1325698760675
 20
-1049.999153246568
 30
0.0
 10
467.490202005657
 20
-1048.17705315338
 30
0.0
 10
466.9864777695811
 20
-1046.748310413106
 30
0.0
 10
466.6278559531984
 20
-1045.158953873131
 30
0.0
 10
469.0948068507096
 20
-1045.01774554011
 30
0.0
 10
479.0627759614308
 20
-1044.44705395394
 30
0.0
 10
483.9908844910515
 20
-1038.010602387269
 30
0.0
 10
486.7905419722856
 20
-1029.39726021394
 30
0.0
 10
488.1717418749431
 20
-1025.147829151636
 30
0.0
 10
489.8137302535561
 20
-1021.298773142462
 30
0.0
 10
494.1010212500842
 20
-1019.201335106929
 30
0.0
 10
494.8250650093905
 20
-1018.847215851736
 30
0.0
 10
495.7758966119545
 20
-1018.296234849648
 30
0.0
 10
495.9792100980339
 20
-1017.63773047557
 30
0.0
 10
498.730973025662
 20
-1008.724885061762
 30
0.0
 10
505.3569697963103
 20
-1002.354582947555
 30
0.0
 10
510.5859047875319
 20
-995.064534940836
 30
0.0
 10
512.9058120065692
 20
-991.830168447007
 30
0.0
 10
510.931288668291
 20
-989.0626925996503
 30
0.0
 10
508.645080786383
 20
-987.2001949626165
 30
0.0
 10
496.7955418337824
 20
-977.5467380822165
 30
0.0
 10
485.9493667007682
 20
-966.7576342366074
 30
0.0
 10
473.5807259965522
 20
-957.6404211878462
 30
0.0
 10
464.7213929952659
 20
-951.1100544852588
 30
0.0
 10
456.6674592772742
 20
-942.9452348908808
 30
0.0
 10
456.4661099331843
 20
-930.5737311820312
 30
0.0
 10
456.3805324573841
 20
-925.3156735284056
 30
0.0
 10
457.3685035059598
 20
-920.4176849192854
 30
0.0
 10
463.4892047269404
 20
-918.180930278616
 30
0.0
 10
466.0095516825631
 20
-917.2598723812798
 30
0.0
 10
467.9241477138803
 20
-914.7515937657727
 30
0.0
 10
470.2119879312668
 20
-913.1006645343468
 30
0.0
 10
471.9145062079751
 20
-911.8721398323787
 30
0.0
 10
471.5708690787324
 20
-910.6344921201298
 30
0.0
 10
470.5237067997086
 20
-909.3112589770017
 30
0.0
 10
467.5361133479337
 20
-905.5360413787848
 30
0.0
 10
464.6211473833637
 20
-901.6945827928876
 30
0.0
 10
461.4531446294304
 20
-898.0757073507621
 30
0.0
 10
460.3682937074109
 20
-896.8365035397719
 30
0.0
 10
458.631748100931
 20
-896.1121243188927
 30
0.0
 10
459.2351248924442
 20
-894.0763505100304
 30
0.0
 10
459.831583327511
 20
-892.0638876705771
 30
0.0
 10
461.4981578058068
 20
-891.7123314015507
 30
0.0
 10
463.3597563282128
 20
-891.1059105677623
 30
0.0
 10
469.6232640203843
 20
-889.06559050963
 30
0.0
 10
475.7731279825775
 20
-886.6651403835122
 30
0.0
 10
481.9195232318771
 20
-884.2814106909509
 30
0.0
 10
484.8528529705845
 20
-883.1437804626348
 30
0.0
 10
485.5900812713626
 20
-881.1262526743312
 30
0.0
 10
484.7623308149987
 20
-877.8965239649924
 30
0.0
 10
483.0300758099529
 20
-871.1376548410599
 30
0.0
 10
483.4050019117849
 20
-864.3197455001027
 30
0.0
 10
486.2177600293971
 20
-857.8738658057546
 30
0.0
 10
487.9766510881445
 20
-853.8431123844957
 30
0.0
 10
488.3758524594232
 20
-849.7397410218828
 30
0.0
 10
487.2217989036099
 20
-845.6879650117189
 30
0.0
 10
483.9036880283102
 20
-834.0384300962814
 30
0.0
 10
489.5416565423629
 20
-825.417368452715
 30
0.0
 10
496.4019888009252
 20
-817.1343463773255
 30
0.0
 10
497.3848835912713
 20
-815.9476227592459
 30
0.0
 10
498.8750914674256
 20
-815.5700399759444
 30
0.0
 10
500.2606239240649
 20
-814.9782037539071
 30
0.0
 10
508.2887968710475
 20
-811.5487451941053
 30
0.0
 10
514.062031839373
 20
-806.0331989660726
 30
0.0
 10
516.4849058650871
 20
-797.358589218692
 30
0.0
 10
518.9705409016433
 20
-788.4592605057351
 30
0.0
 10
520.2512606395212
 20
-779.2181697923124
 30
0.0
 10
525.5100734721946
 20
-771.153276146646
 30
0.0
 10
528.1698573466838
 20
-767.0742531526048
 30
0.0
 10
531.0621803772865
 20
-764.3451915859896
 30
0.0
 10
535.8854952574857
 20
-763.5596363262812
 30
0.0
 10
539.8398966046298
 20
-762.9156250287342
 30
0.0
 10
543.6158928372197
 20
-761.5863505610714
 30
0.0
 10
547.119014446348
 20
-759.5816987270746
 30
0.0
 10
553.4662365398308
 20
-755.9495811897614
 30
0.0
 10
554.8071619970287
 20
-750.1825572001153
 30
0.0
 10
550.7406253046756
 20
-744.0035942078548
 30
0.0
 10
550.2830221736131
 20
-743.3082621635185
 30
0.0
 10
549.8086380236091
 20
-742.6215039181398
 30
0.0
 10
549.3025301200705
 20
-741.9610162809577
 30
0.0
 10
546.7217619615885
 20
-738.5933745065258
 30
0.0
 10
546.6471398214499
 20
-736.0345989612133
 30
0.0
 10
550.742661910157
 20
-733.422397359046
 30
0.0
 10
558.1768211114222
 20
-728.6807814177573
 30
0.0
 10
565.4775559566315
 20
-723.7436157343936
 30
0.0
 10
573.3544442039884
 20
-719.7418942338054
 30
0.0
 10
577.2867861389614
 20
-717.7441533089341
 30
0.0
 10
581.8888890508324
 20
-717.5813426639479
 30
0.0
 10
585.4132386489218
 20
-714.1605952059335
 30
0.0
 10
588.4014041808878
 20
-711.2602864982055
 30
0.0
 10
591.594542231488
 20
-708.6677192007701
 30
0.0
 10
593.7433517069448
 20
-705.0212306338863
 30
0.0
 10
599.6498127101931
 20
-694.9980324873823
 30
0.0
 10
608.4296265649045
 20
-689.076085137558
 30
0.0
 10
619.7583856639967
 20
-686.6757875701405
 30
0.0
 10
622.8587857017374
 20
-686.0188850624154
 30
0.0
 10
625.6454111962166
 20
-684.4997665480705
 30
0.0
 10
628.2285134418789
 20
-682.5705549913837
 30
0.0
 10
630.9160241363006
 20
-680.5633249153516
 30
0.0
 10
632.9642085199957
 20
-678.3002844106159
 30
0.0
 10
631.8417719294148
 20
-674.7357503775465
 30
0.0
 10
630.0218094033244
 20
-668.9561555509936
 30
0.0
 10
634.0597802247976
 20
-666.3349682413773
 30
0.0
 10
637.8017796385584
 20
-663.8672549842877
 30
0.0
 10
640.544484629826
 20
-662.0585495449868
 30
0.0
 10
643.127205488694
 20
-659.9964593603181
 30
0.0
 10
646.2335246494804
 20
-658.6241785950342
 30
0.0
 10
651.1560077238873
 20
-656.4495306012659
 30
0.0
 10
652.1724950630596
 20
-650.9054406404039
 30
0.0
 10
655.129341111493
 20
-647.0057046309821
 30
0.0
 10
655.3838328914762
 20
-646.6700754902695
 30
0.0
 10
655.483939297198
 20
-645.8417885386007
 30
0.0
 10
655.2598974388575
 20
-645.5757261652361
 30
0.0
 10
652.2721285491571
 20
-642.0277142394116
 30
0.0
 10
651.1283190426338
 20
-636.6720495293193
 30
0.0
 10
646.7426149977491
 20
-634.7432956487337
 30
0.0
 10
643.9741130037273
 20
-633.5257551731884
 30
0.0
 10
641.5370971556868
 20
-632.2947742761444
 30
0.0
 10
641.9793227712098
 20
-629.5616241363605
 30
0.0
 10
642.468260641278
 20
-626.5398329355639
 30
0.0
 10
644.4596031371766
 20
-623.0714719071793
 30
0.0
 10
647.9364014297744
 20
-622.9627585773278
 30
0.0
 10
655.7868519445638
 20
-622.7173068843767
 30
0.0
 10
663.2271438454782
 20
-619.897503402809
 30
0.0
 10
671.1053898298233
 20
-619.9346667022082
 30
0.0
 10
679.126777905738
 20
-619.9725165157588
 30
0.0
 10
683.390056789709
 20
-616.5932955359722
 30
0.0
 10
686.2627841668291
 20
-609.1102912850829
 30
0.0
 10
687.3411934658961
 20
-606.3012431918878
 30
0.0
 10
690.1516632627436
 20
-604.700749866789
 30
0.0
 10
691.2916589013248
 20
-601.6088121755829
 30
0.0
 10
695.5236030462902
 20
-590.1307074716997
 30
0.0
 10
693.0298673542275
 20
-579.7742601002083
 30
0.0
 10
687.8446087786688
 20
-569.260990012719
 30
0.0
 10
685.2699275534205
 20
-564.0407058932933
 30
0.0
 10
681.2715904475926
 20
-560.4675446657211
 30
0.0
 10
677.7516191698987
 20
-556.2007524233204
 30
0.0
 10
669.7422371502626
 20
-546.4920006419898
 30
0.0
 10
660.3376354494167
 20
-538.1294649719921
 30
0.0
 10
652.3730282394108
 20
-528.4374183683458
 30
0.0
 10
651.3527880541842
 20
-527.1958880371749
 30
0.0
 10
650.047712955633
 20
-525.6801639539108
 30
0.0
 10
650.8559325942697
 20
-523.9398925336081
 30
0.0
 10
651.649949388694
 20
-522.2302053187532
 30
0.0
 10
653.5268300799398
 20
-523.0148833659341
 30
0.0
 10
654.888518234211
 20
-523.0383697778489
 30
0.0
 10
667.3668228972092
 20
-523.2536453598759
 30
0.0
 10
679.0037730368967
 20
-526.0413810026357
 30
0.0
 10
689.9671178208018
 20
-532.5326278404918
 30
0.0
 10
698.6488389920651
 20
-537.672948317143
 30
0.0
 10
707.0103325555083
 20
-543.6037822112612
 30
0.0
 10
716.6725991744652
 20
-546.9443219325794
 30
0.0
 10
723.9071710386297
 20
-549.4455218243911
 30
0.0
 10
731.3295682711641
 20
-550.8851801396731
 30
0.0
 10
739.0822769783545
 20
-550.8268874602791
 30
0.0
 10
748.498991523782
 20
-550.7560849674592
 30
0.0
 10
755.7910765165007
 20
-553.7878535072568
 30
0.0
 10
760.1445304940744
 20
-563.4060616999459
 30
0.0
 10
763.0619258925226
 20
-569.851544741673
 30
0.0
 10
766.0451028852212
 20
-576.3964579163357
 30
0.0
 10
769.4611996556669
 20
-582.594628048967
 30
0.0
 10
773.3961350208392
 20
-589.7340853625983
 30
0.0
 10
780.5803943391229
 20
-594.1677386834772
 30
0.0
 10
787.6722054985112
 20
-597.5685390914241
 30
0.0
 10
793.4936019911975
 20
-600.360149725172
 30
0.0
 10
797.9909760894016
 20
-604.2240649517571
 30
0.0
 10
802.0414258867786
 20
-608.8137629392631
 30
0.0
 10
809.7547754768157
 20
-617.553988183653
 30
0.0
 10
817.2957992577949
 20
-626.4521269387478
 30
0.0
 10
824.7141385348405
 20
-635.4449588791331
 30
0.0
 10
829.8331731074677
 20
-641.6505433646007
 30
0.0
 10
833.0913757451453
 20
-648.9844825094042
 30
0.0
 10
836.3536363383137
 20
-656.2680925389714
 30
0.0
 10
838.1826758701045
 20
-660.3517228057626
 30
0.0
 10
836.7331009429954
 20
-664.0862224868624
 30
0.0
 10
834.7941915035535
 20
-667.6733657193199
 30
0.0
 10
827.4768434495918
 20
-681.2110891569264
 30
0.0
 10
817.2559214546018
 20
-691.5491684608996
 30
0.0
 10
803.3101319406423
 20
-698.6106225110543
 30
0.0
 10
787.3173632252574
 20
-706.7085298594693
 30
0.0
 10
778.4186329681379
 20
-721.1977313992575
 30
0.0
 10
771.91431002642
 20
-737.2500036149531
 30
0.0
 10
770.8218962042729
 20
-739.9459599435986
 30
0.0
 10
771.2588739375087
 20
-743.171661103248
 30
0.0
 10
771.9517469541315
 20
-746.1264790346022
 30
0.0
 10
772.4044073123414
 20
-748.0568958050217
 30
0.0
 10
772.9910412235922
 20
-749.9555193422939
 30
0.0
 10
773.464784643782
 20
-751.8813898634426
 30
0.0
 10
776.2943390358078
 20
-763.38465149701
 30
0.0
 10
774.7713547785661
 20
-767.6958688329441
 30
0.0
 10
763.5286823066435
 20
-770.4387827295495
 30
0.0
 10
748.8893180243613
 20
-774.0103954863134
 30
0.0
 10
736.9913925291894
 20
-782.2339196685762
 30
0.0
 10
724.9341693978486
 20
-790.2895682570015
 30
0.0
 10
717.5255020899021
 20
-795.2394573359725
 30
0.0
 10
709.885073654902
 20
-798.5300874784798
 30
0.0
 10
700.9547340602858
 20
-798.9934692748438
 30
0.0
 10
695.9600620934862
 20
-799.2526359949543
 30
0.0
 10
691.6982172238622
 20
-801.6478991252607
 30
0.0
 10
688.1885128786662
 20
-805.1158940127652
 30
0.0
 10
684.540578703808
 20
-808.7204594487994
 30
0.0
 10
680.2611290197674
 20
-810.9825998572023
 30
0.0
 10
675.464945996102
 20
-812.6998005880496
 30
0.0
 10
667.1325293618429
 20
-815.682963925924
 30
0.0
 10
659.7404447517047
 20
-819.8846746267664
 30
0.0
 10
656.3911211811746
 20
-828.9527942857621
 30
0.0
 10
655.4797898088782
 20
-831.4201871695814
 30
0.0
 10
654.9506842816527
 20
-833.6976749832374
 30
0.0
 10
655.6079967935912
 20
-836.1926504800758
 30
0.0
 10
657.2541232189196
 20
-842.441027680984
 30
0.0
 10
658.4486876800047
 20
-848.8912095306805
 30
0.0
 10
662.8707607695769
 20
-853.9979899770651
 30
0.0
 10
665.4859605278325
 20
-857.0181335438983
 30
0.0
 10
664.8750399055316
 20
-859.442535385966
 30
0.0
 10
662.0815189378154
 20
-862.0879947848034
 30
0.0
 10
659.5210100458371
 20
-864.5128237912331
 30
0.0
 10
656.945367725868
 20
-866.7468323752964
 30
0.0
 10
653.7571114262319
 20
-868.3299340085587
 30
0.0
 10
648.1700694907995
 20
-871.1040003917687
 30
0.0
 10
642.8339342994841
 20
-874.439665862612
 30
0.0
 10
637.1051080094676
 20
-876.8590637793095
 30
0.0
 10
627.7561430141477
 20
-880.8073134554334
 30
0.0
 10
617.7452583544182
 20
-881.207902090744
 30
0.0
 10
606.1725032399172
 20
-881.2694747821952
 30
0.0
  0
HATCH
  5
4C
330
41
100
AcDbEntity
  8
katman 1
 62
    31
420
 16761247
100
AcDbHatch
 10
0.0
 20
0.0
 30
0.0
210
0.0
220
0.0
230
1.0
  2
SOLID
 70
     1
 71
     0
 91
        1
 92
        1
 93
        1
 72
     4
 94
        3
 73
     0
 74
     1
 95
      404
 96
      400
 40
0.0
 40
0.0
 40
0.0
 40
0.0
 40
1.0
 40
1.0
 40
1.0
 40
2.0
 40
2.0
 40
2.0
 40
3.0
 40
3.0
 40
3.0
 40
4.0
 40
4.0
 40
4.0
 40
5.0
 40
5.0
 40
5.0
 40
6.0
 40
6.0
 40
6.0
 40
7.0
 40
7.0
 40
7.0
 40
8.0
 40
8.0
 40
8.0
 40
9.0
 40
9.0
 40
9.0
 40
10.0
 40
10.0
 40
10.0
 40
11.0
 40
11.0
 40
11.0
 40
12.0
 40
12.0
 40
12.0
 40
13.0
 40
13.0
 40
13.0
 40
14.0
 40
14.0
 40
14.0
 40
15.0
 40
15.0
 40
15.0
 40
16.0
 40
16.0
 40
16.0
 40
17.0
 40
17.0
 40
17.0
 40
18.0
 40
18.0
 40
18.0
 40
19.0
 40
19.0
 40
19.0
 40
20.0
 40
20.0
 40
20.0
 40
21.0
 40
21.0
 40
21.0
 40
22.0
 40
22.0
 40
22.0
 40
23.0
 40
23.0
 40
23.0
 40
24.0
 40
24.0
 40
24.0
 40
25.0
 40
25.0
 40
25.0
 40
26.0
 40
26.0
 40
26.0
 40
27.0
 40
27.0
 40
27.0
 40
28.0
 40
28.0
 40
28.0
 40
29.0
 40
29.0
 40
29.0
 40
30.0
 40
30.0
 40
30.0
 40
31.0
 40
31.0
 40
31.0
 40
32.0
 40
32.0
 40
32.0
 40
33.0
 40
33.0
 40
33.0
 40
34.0
 40
34.0
 40
34.0
 40
35.0
 40
35.0
 40
35.0
 40
36.0
 40
36.0
 40
36.0
 40
37.0
 40
37.0
 40
37.0
 40
38.0
 40
38.0
 40
38.0
 40
39.0
 40
39.0
 40
39.0
 40
40.0
 40
40.0
 40
40.0
 40
41.0
 40
41.0
 40
41.0
 40
42.0
 40
42.0
 40
42.0
 40
43.0
 40
43.0
 40
43.0
 40
44.0
 40
44.0
 40
44.0
 40
45.0
 40
45.0
 40
45.0
 40
46.0
 40
46.0
 40
46.0
 40
47.0
 40
47.0
 40
47.0
 40
48.0
 40
48.0
 40
48.0
 40
49.0
 40
49.0
 40
49.0
 40
50.0
 40
50.0
 40
50.0
 40
51.0
 40
51.0
 40
51.0
 40
52.0
 40
52.0
 40
52.0
 40
53.0
 40
53.0
 40
53.0
 40
54.0
 40
54.0
 40
54.0
 40
55.0
 40
55.0
 40
55.0
 40
56.0
 40
56.0
 40
56.0
 40
57.0
 40
57.0
 40
57.0
 40
58.0
 40
58.0
 40
58.0
 40
59.0
 40
59.0
 40
59.0
 40
60.0
 40
60.0
 40
60.0
 40
61.0
 40
61.0
 40
61.0
 40
62.0
 40
62.0
 40
62.0
 40
63.0
 40
63.0
 40
63.0
 40
64.0
 40
64.0
 40
64.0
 40
65.0
 40
65.0
 40
65.0
 40
66.0
 40
66.0
 40
66.0
 40
67.0
 40
67.0
 40
67.0
 40
68.0
 40
68.0
 40
68.0
 40
69.0
 40
69.0
 40
69.0
 40
70.0
 40
70.0
 40
70.0
 40
71.0
 40
71.0
 40
71.0
 40
72.0
 40
72.0
 40
72.0
 40
73.0
 40
73.0
 40
73.0
 40
74.0
 40
74.0
 40
74.0
 40
75.0
 40
75.0
 40
75.0
 40
76.0
 40
76.0
 40
76.0
 40
77.0
 40
77.0
 40
77.0
 40
78.0
 40
78.0
 40
78.0
 40
79.0
 40
79.0
 40
79.0
 40
80.0
 40
80.0
 40
80.0
 40
81.0
 40
81.0
 40
81.0
 40
82.0
 40
82.0
 40
82.0
 40
83.0
 40
83.0
 40
83.0
 40
84.0
 40
84.0
 40
84.0
 40
85.0
 40
85.0
 40
85.0
 40
86.0
 40
86.0
 40
86.0
 40
87.0
 40
87.0
 40
87.0
 40
88.0
 40
88.0
 40
88.0
 40
89.0
 40
89.0
 40
89.0
 40
90.0
 40
90.0
 40
90.0
 40
91.0
 40
91.0
 40
91.0
 40
92.0
 40
92.0
 40
92.0
 40
93.0
 40
93.0
 40
93.0
 40
94.0
 40
94.0
 40
94.0
 40
95.0
 40
95.0
 40
95.0
 40
96.0
 40
96.0
 40
96.0
 40
97.0
 40
97.0
 40
97.0
 40
98.0
 40
98.0
 40
98.0
 40
99.0
 40
99.0
 40
99.0
 40
100.0
 40
100.0
 40
100.0
 40
101.0
 40
101.0
 40
101.0
 40
102.0
 40
102.0
 40
102.0
 40
103.0
 40
103.0
 40
103.0
 40
104.0
 40
104.0
 40
104.0
 40
105.0
 40
105.0
 40
105.0
 40
106.0
 40
106.0
 40
106.0
 40
107.0
 40
107.0
 40
107.0
 40
108.0
 40
108.0
 40
108.0
 40
109.0
 40
109.0
 40
109.0
 40
110.0
 40
110.0
 40
110.0
 40
111.0
 40
111.0
 40
111.0
 40
112.0
 40
112.0
 40
112.0
 40
113.0
 40
113.0
 40
113.0
 40
114.0
 40
114.0
 40
114.0
 40
115.0
 40
115.0
 40
115.0
 40
116.0
 40
116.0
 40
116.0
 40
117.0
 40
117.0
 40
117.0
 40
118.0
 40
118.0
 40
118.0
 40
119.0
 40
119.0
 40
119.0
 40
120.0
 40
120.0
 40
120.0
 40
121.0
 40
121.0
 40
121.0
 40
122.0
 40
122.0
 40
122.0
 40
123.0
 40
123.0
 40
123.0
 40
124.0
 40
124.0
 40
124.0
 40
125.0
 40
125.0
 40
125.0
 40
126.0
 40
126.0
 40
126.0
 40
127.0
 40
127.0
 40
127.0
 40
128.0
 40
128.0
 40
128.0
 40
129.0
 40
129.0
 40
129.0
 40
130.0
 40
130.0
 40
130.0
 40
131.0
 40
131.0
 40
131.0
 40
132.0
 40
132.0
 40
132.0
 40
133.0
 40
133.0
 40
133.0
 40
133.0
 10
606.1725032399172
 20
-881.2694747821952
 10
599.0143918002386
 20
-882.1656045878981
 10
590.5702135798283
 20
-879.2112443326441
 10
581.8739081775584
 20
-879.4331257063959
 10
570.9711886384475
 20
-879.7113012405662
 10
561.2998221305834
 20
-888.2657252438312
 10
560.2853942800984
 20
-898.9632633575084
 10
560.192503712522
 20
-899.9427512370667
 10
560.0494836647249
 20
-900.9797842583894
 10
559.6423227510531
 20
-901.8566306443709
 10
557.7260600594464
 20
-905.9835265585743
 10
555.9646938004053
 20
-909.6282454445345
 10
559.3930025759983
 20
-914.3459401816117
 10
561.6691799852215
 20
-917.4781838814442
 10
558.9595030903247
 20
-920.9096257043502
 10
556.1133888836985
 20
-923.3381161195857
 10
552.443585990065
 20
-926.4694444672159
 10
548.7171700407125
 20
-929.5457601475091
 10
545.2066113890978
 20
-932.8492662443232
 10
541.5706527595748
 20
-936.270730728228
 10
541.061509017155
 20
-939.9055943221474
 10
543.1236369020426
 20
-944.9154694820854
 10
546.7722575731304
 20
-953.7796791822284
 10
553.3740248407476
 20
-959.885383486594
 10
560.0432670599812
 20
-966.134462457524
 10
568.3112293260338
 20
-973.8815458186737
 10
576.8551173098995
 20
-981.2743878776737
 10
586.0634573664893
 20
-987.9146578679729
 10
589.8383780883187
 20
-990.636793269593
 10
592.8352239837195
 20
-994.3082709515902
 10
595.7794232460583
 20
-997.9396562071406
 10
599.8223978622709
 20
-1002.926250909411
 10
599.7566162680205
 20
-1004.144523666717
 10
594.6103506782929
 20
-1007.709454352407
 10
591.8834045893582
 20
-1009.598436179818
 10
590.5756292723054
 20
-1010.919106336783
 10
593.3477315576638
 20
-1014.257822981632
 10
598.121473782362
 20
-1020.007394255961
 10
596.3452029274067
 20
-1025.902994718239
 10
588.9374662032378
 20
-1027.355536615763
 10
573.1275190614842
 20
-1030.455712476789
 10
561.707501730295
 20
-1039.721639746625
 10
551.6062207726209
 20
-1051.436378250579
 10
545.6472580632935
 20
-1058.347226351776
 10
544.0546478329161
 20
-1064.810040061857
 10
546.8344693869876
 20
-1074.531080446501
 10
550.6641114860386
 20
-1087.923293395739
 10
561.7641376692218
 20
-1091.990630393335
 10
570.8329588087854
 20
-1098.874933280673
 10
575.280218682241
 20
-1102.250874248402
 10
577.8962880023873
 20
-1105.892389401655
 10
577.176702654705
 20
-1111.244636796862
 10
576.6706634007887
 20
-1115.008565051252
 10
577.0950248588751
 20
-1118.346732484781
 10
580.22052014767
 20
-1121.125375629003
 10
582.7474975127088
 20
-1123.371833003013
 10
582.5610451367975
 20
-1125.717331485273
 10
579.2582507551506
 20
-1127.33567417831
 10
574.7800832958983
 20
-1129.529895453328
 10
570.3206800669168
 20
-1131.762683567791
 10
565.8311930476157
 20
-1133.933288755998
 10
562.9459714391196
 20
-1135.328346535243
 10
560.3282163893427
 20
-1137.026568963767
 10
558.4568581788762
 20
-1139.709466267665
 10
553.8343663289916
 20
-1146.336616209737
 10
554.4291542899009
 20
-1150.558281588583
 10
560.8729282641834
 20
-1159.36836346185
 10
565.4265035203698
 20
-1165.594100951632
 10
571.2386628249033
 20
-1169.234273588321
 10
579.0477252447936
 20
-1170.077801154152
 10
584.2805808922585
 20
-1170.643122674071
 10
588.3978191450233
 20
-1174.171134154283
 10
592.6119296434954
 20
-1177.027704282631
 10
594.6109608971628
 20
-1178.382669635426
 10
593.6791109153428
 20
-1181.136842364114
 10
593.512643207443
 20
-1183.160014824331
 10
593.1732089606721
 20
-1187.285629245453
 10
594.6642635155104
 20
-1190.121085249673
 10
598.0852115259768
 20
-1192.315245501213
 10
606.5029672692899
 20
-1197.714358929155
 10
614.2202680265136
 20
-1204.043897358639
 10
621.9258983478376
 20
-1210.398638485411
 10
624.614980355851
 20
-1212.61623175332
 10
625.4960753831092
 20
-1214.556412280559
 10
623.9431904012081
 20
-1218.027610900772
 10
621.7285383096141
 20
-1222.978262773246
 10
621.1852299381753
 20
-1228.541224245339
 10
618.4026929101301
 20
-1233.39777791145
 10
616.8084503442733
 20
-1236.180387581877
 10
617.6072726123039
 20
-1238.312364907164
 10
620.7392057101824
 20
-1240.72974904902
 10
627.3468844731087
 20
-1245.830091518248
 10
633.5633976845093
 20
-1251.458592208
 10
640.2905420468269
 20
-1256.466728198757
 10
651.6413758135623
 20
-1264.917015633178
 10
664.083586030365
 20
-1271.561374196648
 10
676.245736296506
 20
-1278.677627331959
 10
683.1909118612884
 20
-1282.741302920749
 10
690.1710834782998
 20
-1286.752071152267
 10
697.0017972384303
 20
-1291.001563238049
 10
700.1879025165472
 20
-1292.98366689614
 10
703.7958826108525
 20
-1293.44054969187
 10
707.1004923936398
 20
-1294.687625531798
 10
713.571619428797
 20
-1297.129663159623
 10
719.202932743292
 20
-1301.487105781755
 10
724.1816474866255
 20
-1306.436537184625
 10
725.1359382674118
 20
-1307.385208206721
 10
727.2664564322222
 20
-1308.301048596506
 10
726.1397177986046
 20
-1309.937942427499
 10
724.9083876505656
 20
-1311.72672370054
 10
722.9957786444456
 20
-1310.44541368826
 10
721.7011993104697
 20
-1309.571618476282
 10
711.9370871620094
 20
-1302.981143645768
 10
700.7348416902651
 20
-1299.867237501716
 10
689.4387293007503
 20
-1298.72890550338
 10
678.6925614128913
 20
-1297.646043848479
 10
671.9338687349637
 20
-1291.527341542846
 10
665.2415068482705
 20
-1284.608987553594
 10
661.837019491838
 20
-1281.089519360601
 10
657.9857909002394
 20
-1278.200606787788
 10
653.9587277410783
 20
-1275.592646317487
 10
643.3679215776738
 20
-1268.733973291804
 10
632.91549779865
 20
-1261.50726765746
 10
620.2454013446222
 20
-1258.799045609307
 10
616.8418903383827
 20
-1258.071523679202
 10
614.2596576546111
 20
-1255.899270857029
 10
611.6834661376579
 20
-1253.835700852967
 10
602.3290091725039
 20
-1246.342810798298
 10
593.4828950375013
 20
-1238.350382535285
 10
588.3142649261663
 20
-1227.192971475353
 10
586.0970194043721
 20
-1222.406594811389
 10
582.8750027457208
 20
-1218.442570565654
 10
578.9539040934387
 20
-1215.012928935408
 10
569.2307528866677
 20
-1206.508330603672
 10
561.4936734103012
 20
-1196.271153624093
 10
553.6143061487819
 20
-1186.151385820282
 10
552.3315269222157
 20
-1184.503812880266
 10
551.137915928115
 20
-1182.92849174072
 10
552.5921208909049
 20
-1180.807559665336
 10
553.8985384709713
 20
-1178.902162521768
 10
552.3989255964734
 20
-1177.756385658857
 10
551.4464731000344
 20
-1176.445479258713
 10
546.3244026885259
 20
-1169.395863763704
 10
540.062893463155
 20
-1163.414647358801
 10
533.7146111143848
 20
-1157.514775252916
 10
531.0305557843176
 20
-1155.020318455656
 10
528.3329154566436
 20
-1152.540568317112
 10
525.6461446526027
 20
-1150.0490406469
 10
523.9213076207025
 20
-1148.449493185744
 10
523.208358403238
 20
-1146.767197885532
 10
525.6558623881174
 20
-1145.253449437438
 10
528.8216244946352
 20
-1143.295389030518
 10
527.6127122623548
 20
-1141.601377222123
 10
525.426381954092
 20
-1139.990662464101
 10
521.7032916975841
 20
-1137.247840102718
 10
519.0640188048828
 20
-1133.736793149983
 10
517.3187775794977
 20
-1129.448856271716
 10
515.7643823058916
 20
-1125.629823814768
 10
512.794141953249
 20
-1122.923188377099
 10
509.5939024805421
 20
-1120.46436929224
 10
500.4243532747832
 20
-1113.419208511277
 10
495.8594660862827
 20
-1104.526073681554
 10
498.0372647719614
 20
-1092.687884677296
 10
498.7583909222922
 20
-1088.767980407691
 10
496.088065516813
 20
-1085.814443969419
 10
494.1186642031807
 20
-1082.768640029193
 10
493.402717285514
 20
-1081.661430005723
 10
491.9890041586568
 20
-1080.696770831833
 10
491.8676545085027
 20
-1079.562832524065
 10
490.9512926443913
 20
-1071.000261886202
 10
484.3913215555422
 20
-1065.672545930011
 10
480.3370388208841
 20
-1058.922982886797
 10
478.2427218905723
 20
-1055.436345326114
 10
474.2293962837348
 20
-1054.428176410893
 10
471.3298993675353
 20
-1051.97393408704
 10
469.9417620390923
 20
-1050.798988000624
 10
468.1325698760675
 20
-1049.999153246568
 10
467.490202005657
 20
-1048.17705315338
 10
466.9864777695811
 20
-1046.748310413106
 10
466.6278559531984
 20
-1045.158953873131
 10
469.0948068507096
 20
-1045.01774554011
 10
479.0627759614308
 20
-1044.44705395394
 10
483.9908844910515
 20
-1038.010602387269
 10
486.7905419722856
 20
-1029.39726021394
 10
488.1717418749431
 20
-1025.147829151636
 10
489.8137302535561
 20
-1021.298773142462
 10
494.1010212500842
 20
-1019.201335106929
 10
494.8250650093905
 20
-1018.847215851736
 10
495.7758966119545
 20
-1018.296234849648
 10
495.9792100980339
 20
-1017.63773047557
 10
498.730973025662
 20
-1008.724885061762
 10
505.3569697963103
 20
-1002.354582947555
 10
510.5859047875319
 20
-995.064534940836
 10
512.9058120065692
 20
-991.830168447007
 10
510.931288668291
 20
-989.0626925996503
 10
508.645080786383
 20
-987.2001949626165
 10
496.7955418337824
 20
-977.5467380822165
 10
485.9493667007682
 20
-966.7576342366074
 10
473.5807259965522
 20
-957.6404211878462
 10
464.7213929952659
 20
-951.1100544852588
 10
456.6674592772742
 20
-942.9452348908808
 10
456.4661099331843
 20
-930.5737311820312
 10
456.3805324573841
 20
-925.3156735284056
 10
457.3685035059598
 20
-920.4176849192854
 10
463.4892047269404
 20
-918.180930278616
 10
466.0095516825631
 20
-917.2598723812798
 10
467.9241477138803
 20
-914.7515937657727
 10
470.2119879312668
 20
-913.1006645343468
 10
471.9145062079751
 20
-911.8721398323787
 10
471.5708690787324
 20
-910.6344921201298
 10
470.5237067997086
 20
-909.3112589770017
 10
467.5361133479337
 20
-905.5360413787848
 10
464.6211473833637
 20
-901.6945827928876
 10
461.4531446294304
 20
-898.0757073507621
 10
460.3682937074109
 20
-896.8365035397719
 10
458.631748100931
 20
-896.1121243188927
 10
459.2351248924442
 20
-894.0763505100304
 10
459.831583327511
 20
-892.0638876705771
 10
461.4981578058068
 20
-891.7123314015507
 10
463.3597563282128
 20
-891.1059105677623
 10
469.6232640203843
 20
-889.06559050963
 10
475.7731279825775
 20
-886.6651403835122
 10
481.9195232318771
 20
-884.2814106909509
 10
484.8528529705845
 20
-883.1437804626348
 10
485.5900812713626
 20
-881.1262526743312
 10
484.7623308149987
 20
-877.8965239649924
 10
483.0300758099529
 20
-871.1376548410599
 10
483.4050019117849
 20
-864.3197455001027
 10
486.2177600293971
 20
-857.8738658057546
 10
487.9766510881445
 20
-853.8431123844957
 10
488.3758524594232
 20
-849.7397410218828
 10
487.2217989036099
 20
-845.6879650117189
 10
483.9036880283102
 20
-834.0384300962814
 10
489.5416565423629
 20
-825.417368452715
 10
496.4019888009252
 20
-817.1343463773255
 10
497.3848835912713
 20
-815.9476227592459
 10
498.8750914674256
 20
-815.5700399759444
 10
500.2606239240649
 20
-814.9782037539071
 10
508.2887968710475
 20
-811.5487451941053
 10
514.062031839373
 20
-806.0331989660726
 10
516.4849058650871
 20
-797.358589218692
 10
518.9705409016433
 20
-788.4592605057351
 10
520.2512606395212
 20
-779.2181697923124
 10
525.5100734721946
 20
-771.153276146646
 10
528.1698573466838
 20
-767.0742531526048
 10
531.0621803772865
 20
-764.3451915859896
 10
535.8854952574857
 20
-763.5596363262812
 10
539.8398966046298
 20
-762.9156250287342
 10
543.6158928372197
 20
-761.5863505610714
 10
547.119014446348
 20
-759.5816987270746
 10
553.4662365398308
 20
-755.9495811897614
 10
554.8071619970287
 20
-750.1825572001153
 10
550.7406253046756
 20
-744.0035942078548
 10
550.2830221736131
 20
-743.3082621635185
 10
549.8086380236091
 20
-742.6215039181398
 10
549.3025301200705
 20
-741.9610162809577
 10
546.7217619615885
 20
-738.5933745065258
 10
546.6471398214499
 20
-736.0345989612133
 10
550.742661910157
 20
-733.422397359046
 10
558.1768211114222
 20
-728.6807814177573
 10
565.4775559566315
 20
-723.7436157343936
 10
573.3544442039884
 20
-719.7418942338054
 10
577.2867861389614
 20
-717.7441533089341
 10
581.8888890508324
 20
-717.5813426639479
 10
585.4132386489218
 20
-714.1605952059335
 10
588.4014041808878
 20
-711.2602864982055
 10
591.594542231488
 20
-708.6677192007701
 10
593.7433517069448
 20
-705.0212306338863
 10
599.6498127101931
 20
-694.9980324873823
 10
608.4296265649045
 20
-689.076085137558
 10
619.7583856639967
 20
-686.6757875701405
 10
622.8587857017374
 20
-686.0188850624154
 10
625.6454111962166
 20
-684.4997665480705
 10
628.2285134418789
 20
-682.5705549913837
 10
630.9160241363006
 20
-680.5633249153516
 10
632.9642085199957
 20
-678.3002844106159
 10
631.8417719294148
 20
-674.7357503775465
 10
630.0218094033244
 20
-668.9561555509936
 10
634.0597802247976
 20
-666.3349682413773
 10
637.8017796385584
 20
-663.8672549842877
 10
640.544484629826
 20
-662.0585495449868
 10
643.127205488694
 20
-659.9964593603181
 10
646.2335246494804
 20
-658.6241785950342
 10
651.1560077238873
 20
-656.4495306012659
 10
652.1724950630596
 20
-650.9054406404039
 10
655.129341111493
 20
-647.0057046309821
 10
655.3838328914762
 20
-646.6700754902695
 10
655.483939297198
 20
-645.8417885386007
 10
655.2598974388575
 20
-645.5757261652361
 10
652.2721285491571
 20
-642.0277142394116
 10
651.1283190426338
 20
-636.6720495293193
 10
646.7426149977491
 20
-634.7432956487337
 10
643.9741130037273
 20
-633.5257551731884
 10
641.5370971556868
 20
-632.2947742761444
 10
641.9793227712098
 20
-629.5616241363605
 10
642.468260641278
 20
-626.5398329355639
 10
644.4596031371766
 20
-623.0714719071793
 10
647.9364014297744
 20
-622.9627585773278
 10
655.7868519445638
 20
-622.7173068843767
 10
663.2271438454782
 20
-619.897503402809
 10
671.1053898298233
 20
-619.9346667022082
 10
679.126777905738
 20
-619.9725165157588
 10
683.390056789709
 20
-616.5932955359722
 10
686.2627841668291
 20
-609.1102912850829
 10
687.3411934658961
 20
-606.3012431918878
 10
690.1516632627436
 20
-604.700749866789
 10
691.2916589013248
 20
-601.6088121755829
 10
695.5236030462902
 20
-590.1307074716997
 10
693.0298673542275
 20
-579.7742601002083
 10
687.8446087786688
 20
-569.260990012719
 10
685.2699275534205
 20
-564.0407058932933
 10
681.2715904475926
 20
-560.4675446657211
 10
677.7516191698987
 20
-556.2007524233204
 10
669.7422371502626
 20
-546.4920006419898
 10
660.3376354494167
 20
-538.1294649719921
 10
652.3730282394108
 20
-528.4374183683458
 10
651.3527880541842
 20
-527.1958880371749
 10
650.047712955633
 20
-525.6801639539108
 10
650.8559325942697
 20
-523.9398925336081
 10
651.649949388694
 20
-522.2302053187532
 10
653.5268300799398
 20
-523.0148833659341
 10
654.888518234211
 20
-523.0383697778489
 10
667.3668228972092
 20
-523.2536453598759
 10
679.0037730368967
 20
-526.0413810026357
 10
689.9671178208018
 20
-532.5326278404918
 10
698.6488389920651
 20
-537.672948317143
 10
707.0103325555083
 20
-543.6037822112612
 10
716.6725991744652
 20
-546.9443219325794
 10
723.9071710386297
 20
-549.4455218243911
 10
731.3295682711641
 20
-550.8851801396731
 10
739.0822769783545
 20
-550.8268874602791
 10
748.498991523782
 20
-550.7560849674592
 10
755.7910765165007
 20
-553.7878535072568
 10
760.1445304940744
 20
-563.4060616999459
 10
763.0619258925226
 20
-569.851544741673
 10
766.0451028852212
 20
-576.3964579163357
 10
769.4611996556669
 20
-582.594628048967
 10
773.3961350208392
 20
-589.7340853625983
 10
780.5803943391229
 20
-594.1677386834772
 10
787.6722054985112
 20
-597.5685390914241
 10
793.4936019911975
 20
-600.360149725172
 10
797.9909760894016
 20
-604.2240649517571
 10
802.0414258867786
 20
-608.8137629392631
 10
809.7547754768157
 20
-617.553988183653
 10
817.2957992577949
 20
-626.4521269387478
 10
824.7141385348405
 20
-635.4449588791331
 10
829.8331731074677
 20
-641.6505433646007
 10
833.0913757451453
 20
-648.9844825094042
 10
836.3536363383137
 20
-656.2680925389714
 10
838.1826758701045
 20
-660.3517228057626
 10
836.7331009429954
 20
-664.0862224868624
 10
834.7941915035535
 20
-667.6733657193199
 10
827.4768434495918
 20
-681.2110891569264
 10
817.2559214546018
 20
-691.5491684608996
 10
803.3101319406423
 20
-698.6106225110543
 10
787.3173632252574
 20
-706.7085298594693
 10
778.4186329681379
 20
-721.1977313992575
 10
771.91431002642
 20
-737.2500036149531
 10
770.8218962042729
 20
-739.9459599435986
 10
771.2588739375087
 20
-743.171661103248
 10
771.9517469541315
 20
-746.1264790346022
 10
772.4044073123414
 20
-748.0568958050217
 10
772.9910412235922
 20
-749.9555193422939
 10
773.464784643782
 20
-751.8813898634426
 10
776.2943390358078
 20
-763.38465149701
 10
774.7713547785661
 20
-767.6958688329441
 10
763.5286823066435
 20
-770.4387827295495
 10
748.8893180243613
 20
-774.0103954863134
 10
736.9913925291894
 20
-782.2339196685762
 10
724.9341693978486
 20
-790.2895682570015
 10
717.5255020899021
 20
-795.2394573359725
 10
709.885073654902
 20
-798.5300874784798
 10
700.9547340602858
 20
-798.9934692748438
 10
695.9600620934862
 20
-799.2526359949543
 10
691.6982172238622
 20
-801.6478991252607
 10
688.1885128786662
 20
-805.1158940127652
 10
684.540578703808
 20
-808.7204594487994
 10
680.2611290197674
 20
-810.9825998572023
 10
675.464945996102
 20
-812.6998005880496
 10
667.1325293618429
 20
-815.682963925924
 10
659.7404447517047
 20
-819.8846746267664
 10
656.3911211811746
 20
-828.9527942857621
 10
655.4797898088782
 20
-831.4201871695814
 10
654.9506842816527
 20
-833.6976749832374
 10
655.6079967935912
 20
-836.1926504800758
 10
657.2541232189196
 20
-842.441027680984
 10
658.4486876800047
 20
-848.8912095306805
 10
662.8707607695769
 20
-853.9979899770651
 10
665.4859605278325
 20
-857.0181335438983
 10
664.8750399055316
 20
-859.442535385966
 10
662.0815189378154
 20
-862.0879947848034
 10
659.5210100458371
 20
-864.5128237912331
 10
656.945367725868
 20
-866.7468323752964
 10
653.7571114262319
 20
-868.3299340085587
 10
648.1700694907995
 20
-871.1040003917687
 10
642.8339342994841
 20
-874.439665862612
 10
637.1051080094676
 20
-876.8590637793095
 10
627.7561430141477
 20
-880.8073134554334
 10
617.7452583544182
 20
-881.207902090744
 10
606.1725032399172
 20
-881.2694747821952
 97
        0
 97
        0
 75
     2
 76
     1
 98
        0
  0
SPLINE
  5
4D
330
41
100
AcDbEntity
  8
katman 1
370
     0
100
AcDbSpline
210
0.0
220
0.0
230
1.0
 70
    11
 71
     3
 72
    83
 73
    79
 74
     0
 42
0.0000000001
 43
0.0000000001
 12
1.0
 22
0.0
 32
0.0
 13
1.0
 23
0.0
 33
0.0
 40
0.0
 40
0.0
 40
0.0
 40
0.0
 40
1.0
 40
1.0
 40
1.0
 40
2.0
 40
2.0
 40
2.0
 40
3.0
 40
3.0
 40
3.0
 40
4.0
 40
4.0
 40
4.0
 40
5.0
 40
5.0
 40
5.0
 40
6.0
 40
6.0
 40
6.0
 40
7.0
 40
7.0
 40
7.0
 40
8.0
 40
8.0
 40
8.0
 40
9.0
 40
9.0
 40
9.0
 40
10.0
 40
10.0
 40
10.0
 40
11.0
 40
11.0
 40
11.0
 40
12.0
 40
12.0
 40
12.0
 40
13.0
 40
13.0
 40
13.0
 40
14.0
 40
14.0
 40
14.0
 40
15.0
 40
15.0
 40
15.0
 40
16.0
 40
16.0
 40
16.0
 40
17.0
 40
17.0
 40
17.0
 40
18.0
 40
18.0
 40
18.0
 40
19.0
 40
19.0
 40
19.0
 40
20.0
 40
20.0
 40
20.0
 40
21.0
 40
21.0
 40
21.0
 40
22.0
 40
22.0
 40
22.0
 40
23.0
 40
23.0
 40
23.0
 40
24.0
 40
24.0
 40
24.0
 40
25.0
 40
25.0
 40
25.0
 40
26.0
 40
26.0
 40
26.0
 40
26.0
 10
938.6176539427979
 20
-1477.997400009608
 30
0.0
 10
938.3346039196704
 20
-1475.797625597897
 30
0.0
 10
938.2596690423607
 20
-1474.311703856743
 30
0.0
 10
937.9403415073757
 20
-1472.880215059864
 30
0.0
 10
935.8768863964442
 20
-1463.630703106184
 30
0.0
 10
939.136523048468
 20
-1455.580790724889
 30
0.0
 10
947.290938838174
 20
-1450.742971267176
 30
0.0
 10
950.9933808136484
 20
-1448.546431099912
 30
0.0
 10
954.928346689765
 20
-1446.712065287215
 30
0.0
 10
958.8555932971676
 20
-1444.928593056949
 30
0.0
 10
1011.368344337916
 20
-1421.080739069268
 30
0.0
 10
1064.086373006732
 20
-1397.672620279402
 30
0.0
 10
1116.316043513409
 20
-1373.22112202628
 30
0.0
 10
1133.262248703162
 20
-1365.287703468555
 30
0.0
 10
1151.096139283974
 20
-1359.155331903374
 30
0.0
 10
1166.951395176869
 20
-1348.757541124094
 30
0.0
 10
1177.742810793983
 20
-1341.680587109986
 30
0.0
 10
1190.543555108206
 20
-1339.130049734489
 30
0.0
 10
1202.84495732062
 20
-1335.652504672344
 30
0.0
 10
1205.117778526053
 20
-1335.009866403099
 30
0.0
 10
1206.123358202913
 20
-1335.42879259419
 30
0.0
 10
1205.411171759037
 20
-1337.949855628784
 30
0.0
 10
1205.365954540726
 20
-1338.109859193682
 30
0.0
 10
1205.354848557281
 20
-1338.280846985006
 30
0.0
 10
1205.299074552508
 20
-1338.436334812377
 30
0.0
 10
1202.282091434377
 20
-1346.843722740268
 30
0.0
 10
1199.158320013892
 20
-1355.424356328251
 30
0.0
 10
1205.342278048547
 20
-1363.613768385119
 30
0.0
 10
1210.64953463181
 20
-1370.642025662084
 30
0.0
 10
1216.250733645042
 20
-1377.534810813162
 30
0.0
 10
1224.147148896258
 20
-1381.988792580858
 30
0.0
 10
1224.436941837906
 20
-1382.152274484124
 30
0.0
 10
1224.729053611261
 20
-1382.311606790743
 30
0.0
 10
1225.017626115168
 20
-1382.477224515816
 30
0.0
 10
1226.028087542993
 20
-1383.057618835326
 30
0.0
 10
1227.311194762202
 20
-1383.592428615182
 30
0.0
 10
1227.28092790622
 20
-1384.898575183877
 30
0.0
 10
1227.247060758902
 20
-1386.360148556461
 30
0.0
 10
1225.658294907411
 20
-1386.316638815129
 30
0.0
 10
1224.697688361313
 20
-1386.695289509331
 30
0.0
 10
1205.69504557764
 20
-1394.186104765678
 30
0.0
 10
1186.830007149289
 20
-1401.96641541176
 30
0.0
 10
1167.367259337183
 20
-1408.330188013595
 30
0.0
 10
1143.244758185409
 20
-1416.217655890781
 30
0.0
 10
1119.10468273016
 20
-1424.193363720238
 30
0.0
 10
1096.172413485489
 20
-1435.351201944533
 30
0.0
 10
1078.497729008015
 20
-1443.950935881792
 30
0.0
 10
1059.130663514821
 20
-1448.0701428375
 30
0.0
 10
1040.977445399023
 20
-1455.374714432492
 30
0.0
 10
1012.159126972325
 20
-1466.970640220636
 30
0.0
 10
983.0494290349161
 20
-1477.796449689544
 30
0.0
 10
954.1326212825034
 20
-1489.125580822561
 30
0.0
 10
948.0242693659166
 20
-1491.518738642801
 30
0.0
 10
941.7978706088134
 20
-1493.064341347523
 30
0.0
 10
935.3657670704306
 20
-1493.903780340188
 30
0.0
 10
931.379237699749
 20
-1494.42394448481
 30
0.0
 10
928.0788689381125
 20
-1496.028373824378
 30
0.0
 10
925.3584521910934
 20
-1498.942733188407
 30
0.0
 10
919.764392738648
 20
-1504.935727124972
 30
0.0
 10
912.6796601181595
 20
-1506.623270444477
 30
0.0
 10
905.3173694443785
 20
-1503.976193923416
 30
0.0
 10
898.2411493771342
 20
-1501.431758895931
 30
0.0
 10
894.58062943807
 20
-1495.347229739171
 30
0.0
 10
893.5614723913386
 20
-1487.897544308431
 30
0.0
 10
892.3537577135921
 20
-1479.069643578965
 30
0.0
 10
895.8811889169783
 20
-1472.595723595499
 30
0.0
 10
903.7980159894169
 20
-1468.684057495713
 30
0.0
 10
909.7521961083457
 20
-1465.742115518668
 30
0.0
 10
915.9371915150796
 20
-1463.267796469852
 30
0.0
 10
921.8953685676115
 20
-1460.333360380861
 30
0.0
 10
925.2834868028403
 20
-1458.664612293236
 30
0.0
 10
928.2192192783496
 20
-1458.069633361974
 30
0.0
 10
931.5526924137166
 20
-1460.584472001596
 30
0.0
 10
934.8451588409789
 20
-1463.068310713308
 30
0.0
 10
934.0449483250186
 20
-1466.109476869045
 30
0.0
 10
933.3891766157285
 20
-1469.170475655825
 30
0.0
 10
932.4873951687568
 20
-1473.380119409085
 30
0.0
 10
933.6704875150754
 20
-1476.292464998271
 30
0.0
 10
938.6176539427979
 20
-1477.997400009608
 30
0.0
  0
HATCH
  5
4E
330
41
100
AcDbEntity
  8
katman 1
 62
    48
420
  4730880
100
AcDbHatch
 10
0.0
 20
0.0
 30
0.0
210
0.0
220
0.0
230
1.0
  2
SOLID
 70
     1
 71
     0
 91
        1
 92
        1
 93
        1
 72
     4
 94
        3
 73
     0
 74
     1
 95
       83
 96
       79
 40
0.0
 40
0.0
 40
0.0
 40
0.0
 40
1.0
 40
1.0
 40
1.0
 40
2.0
 40
2.0
 40
2.0
 40
3.0
 40
3.0
 40
3.0
 40
4.0
 40
4.0
 40
4.0
 40
5.0
 40
5.0
 40
5.0
 40
6.0
 40
6.0
 40
6.0
 40
7.0
 40
7.0
 40
7.0
 40
8.0
 40
8.0
 40
8.0
 40
9.0
 40
9.0
 40
9.0
 40
10.0
 40
10.0
 40
10.0
 40
11.0
 40
11.0
 40
11.0
 40
12.0
 40
12.0
 40
12.0
 40
13.0
 40
13.0
 40
13.0
 40
14.0
 40
14.0
 40
14.0
 40
15.0
 40
15.0
 40
15.0
 40
16.0
 40
16.0
 40
16.0
 40
17.0
 40
17.0
 40
17.0
 40
18.0
 40
18.0
 40
18.0
 40
19.0
 40
19.0
 40
19.0
 40
20.0
 40
20.0
 40
20.0
 40
21.0
 40
21.0
 40
21.0
 40
22.0
 40
22.0
 40
22.0
 40
23.0
 40
23.0
 40
23.0
 40
24.0
 40
24.0
 40
24.0
 40
25.0
 40
25.0
 40
25.0
 40
26.0
 40
26.0
 40
26.0
 40
26.0
 10
938.6176539427979
 20
-1477.997400009608
 10
938.3346039196704
 20
-1475.797625597897
 10
938.2596690423607
 20
-1474.311703856743
 10
937.9403415073757
 20
-1472.880215059864
 10
935.8768863964442
 20
-1463.630703106184
 10
939.136523048468
 20
-1455.580790724889
 10
947.290938838174
 20
-1450.742971267176
 10
950.9933808136484
 20
-1448.546431099912
 10
954.928346689765
 20
-1446.712065287215
 10
958.8555932971676
 20
-1444.928593056949
 10
1011.368344337916
 20
-1421.080739069268
 10
1064.086373006732
 20
-1397.672620279402
 10
1116.316043513409
 20
-1373.22112202628
 10
1133.262248703162
 20
-1365.287703468555
 10
1151.096139283974
 20
-1359.155331903374
 10
1166.951395176869
 20
-1348.757541124094
 10
1177.742810793983
 20
-1341.680587109986
 10
1190.543555108206
 20
-1339.130049734489
 10
1202.84495732062
 20
-1335.652504672344
 10
1205.117778526053
 20
-1335.009866403099
 10
1206.123358202913
 20
-1335.42879259419
 10
1205.411171759037
 20
-1337.949855628784
 10
1205.365954540726
 20
-1338.109859193682
 10
1205.354848557281
 20
-1338.280846985006
 10
1205.299074552508
 20
-1338.436334812377
 10
1202.282091434377
 20
-1346.843722740268
 10
1199.158320013892
 20
-1355.424356328251
 10
1205.342278048547
 20
-1363.613768385119
 10
1210.64953463181
 20
-1370.642025662084
 10
1216.250733645042
 20
-1377.534810813162
 10
1224.147148896258
 20
-1381.988792580858
 10
1224.436941837906
 20
-1382.152274484124
 10
1224.729053611261
 20
-1382.311606790743
 10
1225.017626115168
 20
-1382.477224515816
 10
1226.028087542993
 20
-1383.057618835326
 10
1227.311194762202
 20
-1383.592428615182
 10
1227.28092790622
 20
-1384.898575183877
 10
1227.247060758902
 20
-1386.360148556461
 10
1225.658294907411
 20
-1386.316638815129
 10
1224.697688361313
 20
-1386.695289509331
 10
1205.69504557764
 20
-1394.186104765678
 10
1186.830007149289
 20
-1401.96641541176
 10
1167.367259337183
 20
-1408.330188013595
 10
1143.244758185409
 20
-1416.217655890781
 10
1119.10468273016
 20
-1424.193363720238
 10
1096.172413485489
 20
-1435.351201944533
 10
1078.497729008015
 20
-1443.950935881792
 10
1059.130663514821
 20
-1448.0701428375
 10
1040.977445399023
 20
-1455.374714432492
 10
1012.159126972325
 20
-1466.970640220636
 10
983.0494290349161
 20
-1477.796449689544
 10
954.1326212825034
 20
-1489.125580822561
 10
948.0242693659166
 20
-1491.518738642801
 10
941.7978706088134
 20
-1493.064341347523
 10
935.3657670704306
 20
-1493.903780340188
 10
931.379237699749
 20
-1494.42394448481
 10
928.0788689381125
 20
-1496.028373824378
 10
925.3584521910934
 20
-1498.942733188407
 10
919.764392738648
 20
-1504.935727124972
 10
912.6796601181595
 20
-1506.623270444477
 10
905.3173694443785
 20
-1503.976193923416
 10
898.2411493771342
 20
-1501.431758895931
 10
894.58062943807
 20
-1495.347229739171
 10
893.5614723913386
 20
-1487.897544308431
 10
892.3537577135921
 20
-1479.069643578965
 10
895.8811889169783
 20
-1472.595723595499
 10
903.7980159894169
 20
-1468.684057495713
 10
909.7521961083457
 20
-1465.742115518668
 10
915.9371915150796
 20
-1463.267796469852
 10
921.8953685676115
 20
-1460.333360380861
 10
925.2834868028403
 20
-1458.664612293236
 10
928.2192192783496
 20
-1458.069633361974
 10
931.5526924137166
 20
-1460.584472001596
 10
934.8451588409789
 20
-1463.068310713308
 10
934.0449483250186
 20
-1466.109476869045
 10
933.3891766157285
 20
-1469.170475655825
 10
932.4873951687568
 20
-1473.380119409085
 10
933.6704875150754
 20
-1476.292464998271
 10
938.6176539427979
 20
-1477.997400009608
 97
        0
 97
        0
 75
     2
 76
     1
 98
        0
  0
SPLINE
  5
4F
330
41
100
AcDbEntity
  8
katman 1
370
     0
100
AcDbSpline
210
0.0
220
0.0
230
1.0
 70
    11
 71
     3
 72
    47
 73
    43
 74
     0
 42
0.0000000001
 43
0.0000000001
 12
1.0
 22
0.0
 32
0.0
 13
1.0
 23
0.0
 33
0.0
 40
0.0
 40
0.0
 40
0.0
 40
0.0
 40
1.0
 40
1.0
 40
1.0
 40
2.0
 40
2.0
 40
2.0
 40
3.0
 40
3.0
 40
3.0
 40
4.0
 40
4.0
 40
4.0
 40
5.0
 40
5.0
 40
5.0
 40
6.0
 40
6.0
 40
6.0
 40
7.0
 40
7.0
 40
7.0
 40
8.0
 40
8.0
 40
8.0
 40
9.0
 40
9.0
 40
9.0
 40
10.0
 40
10.0
 40
10.0
 40
11.0
 40
11.0
 40
11.0
 40
12.0
 40
12.0
 40
12.0
 40
13.0
 40
13.0
 40
13.0
 40
14.0
 40
14.0
 40
14.0
 40
14.0
 10
989.1436238737042
 20
-1420.822243607439
 30
0.0
 10
971.3028378196532
 20
-1428.72997128003
 30
0.0
 10
954.4598206409191
 20
-1436.22084755986
 30
0.0
 10
937.5863840514849
 20
-1443.642584236699
 30
0.0
 10
935.463707199162
 20
-1444.576243482679
 30
0.0
 10
933.1854550457792
 20
-1445.325367724752
 30
0.0
 10
930.8232062648585
 20
-1444.322446828821
 30
0.0
 10
923.6420895737583
 20
-1441.273469667627
 30
0.0
 10
915.8563985366127
 20
-1439.934553490104
 30
0.0
 10
908.9049377174624
 20
-1436.164522887699
 30
0.0
 10
884.9511010615215
 20
-1423.173844437715
 30
0.0
 10
858.7824750147392
 20
-1415.871225594088
 30
0.0
 10
833.216989299659
 20
-1407.041555183696
 30
0.0
 10
815.4640442520304
 20
-1400.910098970719
 30
0.0
 10
798.0776576799708
 20
-1393.847973662279
 30
0.0
 10
780.6949324211346
 20
-1386.769921225532
 30
0.0
 10
779.4014209701818
 20
-1386.243288592013
 30
0.0
 10
777.2592476249429
 20
-1386.131432552935
 30
0.0
 10
777.2766998846419
 20
-1384.391714157922
 30
0.0
 10
777.2929317066
 20
-1382.772456112682
 30
0.0
 10
779.3485149941007
 20
-1382.454218663806
 30
0.0
 10
780.6240554993146
 20
-1381.74036599325
 30
0.0
 10
789.998939541163
 20
-1376.49332307779
 30
0.0
 10
795.8084672768164
 20
-1367.90853989316
 30
0.0
 10
801.2924432450054
 20
-1359.165888965435
 30
0.0
 10
803.8730588487697
 20
-1355.05186900554
 30
0.0
 10
801.973508526481
 20
-1350.386684973113
 30
0.0
 10
801.0366700053937
 20
-1346.056641893556
 30
0.0
 10
800.3396169895077
 20
-1342.834724189677
 30
0.0
 10
799.1298885894885
 20
-1339.72386921963
 30
0.0
 10
797.9769410553781
 20
-1336.011200688547
 30
0.0
 10
804.7834748927608
 20
-1336.455878788249
 30
0.0
 10
810.8288217109575
 20
-1338.435114342774
 30
0.0
 10
816.8492105773466
 20
-1340.464328127524
 30
0.0
 10
830.6073577885973
 20
-1345.101441359089
 30
0.0
 10
842.9897970670245
 20
-1352.682266248627
 30
0.0
 10
856.0557425024099
 20
-1358.799320920298
 30
0.0
 10
898.1934302614536
 20
-1378.526686459187
 30
0.0
 10
940.4764111335871
 20
-1397.943686578139
 30
0.0
 10
982.6959292431775
 20
-1417.496402916899
 30
0.0
 10
984.6028632138004
 20
-1418.379595744813
 30
0.0
 10
986.436753985613
 20
-1419.420473245384
 30
0.0
 10
989.1436238737042
 20
-1420.822243607439
 30
0.0
  0
HATCH
  5
50
330
41
100
AcDbEntity
  8
katman 1
 62
    48
420
  4730880
100
AcDbHatch
 10
0.0
 20
0.0
 30
0.0
210
0.0
220
0.0
230
1.0
  2
SOLID
 70
     1
 71
     0
 91
        1
 92
        1
 93
        1
 72
     4
 94
        3
 73
     0
 74
     1
 95
       47
 96
       43
 40
0.0
 40
0.0
 40
0.0
 40
0.0
 40
1.0
 40
1.0
 40
1.0
 40
2.0
 40
2.0
 40
2.0
 40
3.0
 40
3.0
 40
3.0
 40
4.0
 40
4.0
 40
4.0
 40
5.0
 40
5.0
 40
5.0
 40
6.0
 40
6.0
 40
6.0
 40
7.0
 40
7.0
 40
7.0
 40
8.0
 40
8.0
 40
8.0
 40
9.0
 40
9.0
 40
9.0
 40
10.0
 40
10.0
 40
10.0
 40
11.0
 40
11.0
 40
11.0
 40
12.0
 40
12.0
 40
12.0
 40
13.0
 40
13.0
 40
13.0
 40
14.0
 40
14.0
 40
14.0
 40
14.0
 10
989.1436238737042
 20
-1420.822243607439
 10
971.3028378196532
 20
-1428.72997128003
 10
954.4598206409191
 20
-1436.22084755986
 10
937.5863840514849
 20
-1443.642584236699
 10
935.463707199162
 20
-1444.576243482679
 10
933.1854550457792
 20
-1445.325367724752
 10
930.8232062648585
 20
-1444.322446828821
 10
923.6420895737583
 20
-1441.273469667627
 10
915.8563985366127
 20
-1439.934553490104
 10
908.9049377174624
 20
-1436.164522887699
 10
884.9511010615215
 20
-1423.173844437715
 10
858.7824750147392
 20
-1415.871225594088
 10
833.216989299659
 20
-1407.041555183696
 10
815.4640442520304
 20
-1400.910098970719
 10
798.0776576799708
 20
-1393.847973662279
 10
780.6949324211346
 20
-1386.769921225532
 10
779.4014209701818
 20
-1386.243288592013
 10
777.2592476249429
 20
-1386.131432552935
 10
777.2766998846419
 20
-1384.391714157922
 10
777.2929317066
 20
-1382.772456112682
 10
779.3485149941007
 20
-1382.454218663806
 10
780.6240554993146
 20
-1381.74036599325
 10
789.998939541163
 20
-1376.49332307779
 10
795.8084672768164
 20
-1367.90853989316
 10
801.2924432450054
 20
-1359.165888965435
 10
803.8730588487697
 20
-1355.05186900554
 10
801.973508526481
 20
-1350.386684973113
 10
801.0366700053937
 20
-1346.056641893556
 10
800.3396169895077
 20
-1342.834724189677
 10
799.1298885894885
 20
-1339.72386921963
 10
797.9769410553781
 20
-1336.011200688547
 10
804.7834748927608
 20
-1336.455878788249
 10
810.8288217109575
 20
-1338.435114342774
 10
816.8492105773466
 20
-1340.464328127524
 10
830.6073577885973
 20
-1345.101441359089
 10
842.9897970670245
 20
-1352.682266248627
 10
856.0557425024099
 20
-1358.799320920298
 10
898.1934302614536
 20
-1378.526686459187
 10
940.4764111335871
 20
-1397.943686578139
 10
982.6959292431775
 20
-1417.496402916899
 10
984.6028632138004
 20
-1418.379595744813
 10
986.436753985613
 20
-1419.420473245384
 10
989.1436238737042
 20
-1420.822243607439
 97
        0
 97
        0
 75
     2
 76
     1
 98
        0
  0
SPLINE
  5
51
330
41
100
AcDbEntity
  8
katman 1
370
     0
100
AcDbSpline
210
0.0
220
0.0
230
1.0
 70
    11
 71
     3
 72
    47
 73
    43
 74
     0
 42
0.0000000001
 43
0.0000000001
 12
1.0
 22
0.0
 32
0.0
 13
1.0
 23
0.0
 33
0.0
 40
0.0
 40
0.0
 40
0.0
 40
0.0
 40
1.0
 40
1.0
 40
1.0
 40
2.0
 40
2.0
 40
2.0
 40
3.0
 40
3.0
 40
3.0
 40
4.0
 40
4.0
 40
4.0
 40
5.0
 40
5.0
 40
5.0
 40
6.0
 40
6.0
 40
6.0
 40
7.0
 40
7.0
 40
7.0
 40
8.0
 40
8.0
 40
8.0
 40
9.0
 40
9.0
 40
9.0
 40
10.0
 40
10.0
 40
10.0
 40
11.0
 40
11.0
 40
11.0
 40
12.0
 40
12.0
 40
12.0
 40
13.0
 40
13.0
 40
13.0
 40
14.0
 40
14.0
 40
14.0
 40
14.0
 10
1018.242887068425
 20
-1476.99960508601
 30
0.0
 10
1019.701310169159
 20
-1474.68718132998
 30
0.0
 10
1021.60598632996
 20
-1473.709890295704
 30
0.0
 10
1023.5868788277
 20
-1472.97779160459
 30
0.0
 10
1034.78122196507
 20
-1468.840521698767
 30
0.0
 10
1045.969523935622
 20
-1464.682991997535
 30
0.0
 10
1057.222997281553
 20
-1460.711217769822
 30
0.0
 10
1064.323626103622
 20
-1458.205227534821
 30
0.0
 10
1067.189824138826
 20
-1460.788412472186
 30
0.0
 10
1066.065373825973
 20
-1468.365759023356
 30
0.0
 10
1065.608380913782
 20
-1471.444881783736
 30
0.0
 10
1065.135095157744
 20
-1474.521563604911
 30
0.0
 10
1064.592915691217
 20
-1478.104374170278
 30
0.0
 10
1069.028718705376
 20
-1476.788524868243
 30
0.0
 10
1071.343889100432
 20
-1474.820212516664
 30
0.0
 10
1069.768670107866
 20
-1470.240705450338
 30
0.0
 10
1068.410933120784
 20
-1466.293584708597
 30
0.0
 10
1069.73931858019
 20
-1463.336875049357
 30
0.0
 10
1072.788277167139
 20
-1460.541328401141
 30
0.0
 10
1075.923276614843
 20
-1457.66700044008
 30
0.0
 10
1078.457332518781
 20
-1459.294496655133
 30
0.0
 10
1081.339152157074
 20
-1460.624625451521
 30
0.0
 10
1087.663216444416
 20
-1463.543561576556
 30
0.0
 10
1094.166074860846
 20
-1466.097882407823
 30
0.0
 10
1100.37554004429
 20
-1469.237235343087
 30
0.0
 10
1109.311219054025
 20
-1473.754803577081
 30
0.0
 10
1112.446462589276
 20
-1484.020539545359
 30
0.0
 10
1108.197752680842
 20
-1493.634422698895
 30
0.0
 10
1103.995114297137
 20
-1503.143955701409
 30
0.0
 10
1094.65333462902
 20
-1507.26975319297
 30
0.0
 10
1085.236070886609
 20
-1503.652769478729
 30
0.0
 10
1083.563766071731
 20
-1503.010436326884
 30
0.0
 10
1081.558159709732
 20
-1502.206268905738
 30
0.0
 10
1080.627270822633
 20
-1500.846421674531
 30
0.0
 10
1077.08586560711
 20
-1495.673339216984
 30
0.0
 10
1071.874779517853
 20
-1493.949181809403
 30
0.0
 10
1066.16111716677
 20
-1493.162711197492
 30
0.0
 10
1052.1759990466
 20
-1491.237786540285
 30
0.0
 10
1039.698487668134
 20
-1484.738419765603
 30
0.0
 10
1026.562794215839
 20
-1480.240989280053
 30
0.0
 10
1023.80253017657
 20
-1479.295979666767
 30
0.0
 10
1021.119031671222
 20
-1478.127074904885
 30
0.0
 10
1018.242887068425
 20
-1476.99960508601
 30
0.0
  0
HATCH
  5
52
330
41
100
AcDbEntity
  8
katman 1
 62
    48
420
  4730880
100
AcDbHatch
 10
0.0
 20
0.0
 30
0.0
210
0.0
220
0.0
230
1.0
  2
SOLID
 70
     1
 71
     0
 91
        1
 92
        1
 93
        1
 72
     4
 94
        3
 73
     0
 74
     1
 95
       47
 96
       43
 40
0.0
 40
0.0
 40
0.0
 40
0.0
 40
1.0
 40
1.0
 40
1.0
 40
2.0
 40
2.0
 40
2.0
 40
3.0
 40
3.0
 40
3.0
 40
4.0
 40
4.0
 40
4.0
 40
5.0
 40
5.0
 40
5.0
 40
6.0
 40
6.0
 40
6.0
 40
7.0
 40
7.0
 40
7.0
 40
8.0
 40
8.0
 40
8.0
 40
9.0
 40
9.0
 40
9.0
 40
10.0
 40
10.0
 40
10.0
 40
11.0
 40
11.0
 40
11.0
 40
12.0
 40
12.0
 40
12.0
 40
13.0
 40
13.0
 40
13.0
 40
14.0
 40
14.0
 40
14.0
 40
14.0
 10
1018.242887068425
 20
-1476.99960508601
 10
1019.701310169159
 20
-1474.68718132998
 10
1021.60598632996
 20
-1473.709890295704
 10
1023.5868788277
 20
-1472.97779160459
 10
1034.78122196507
 20
-1468.840521698767
 10
1045.969523935622
 20
-1464.682991997535
 10
1057.222997281553
 20
-1460.711217769822
 10
1064.323626103622
 20
-1458.205227534821
 10
1067.189824138826
 20
-1460.788412472186
 10
1066.065373825973
 20
-1468.365759023356
 10
1065.608380913782
 20
-1471.444881783736
 10
1065.135095157744
 20
-1474.521563604911
 10
1064.592915691217
 20
-1478.104374170278
 10
1069.028718705376
 20
-1476.788524868243
 10
1071.343889100432
 20
-1474.820212516664
 10
1069.768670107866
 20
-1470.240705450338
 10
1068.410933120784
 20
-1466.293584708597
 10
1069.73931858019
 20
-1463.336875049357
 10
1072.788277167139
 20
-1460.541328401141
 10
1075.923276614843
 20
-1457.66700044008
 10
1078.457332518781
 20
-1459.294496655133
 10
1081.339152157074
 20
-1460.624625451521
 10
1087.663216444416
 20
-1463.543561576556
 10
1094.166074860846
 20
-1466.097882407823
 10
1100.37554004429
 20
-1469.237235343087
 10
1109.311219054025
 20
-1473.754803577081
 10
1112.446462589276
 20
-1484.020539545359
 10
1108.197752680842
 20
-1493.634422698895
 10
1103.995114297137
 20
-1503.143955701409
 10
1094.65333462902
 20
-1507.26975319297
 10
1085.236070886609
 20
-1503.652769478729
 10
1083.563766071731
 20
-1503.010436326884
 10
1081.558159709732
 20
-1502.206268905738
 10
1080.627270822633
 20
-1500.846421674531
 10
1077.08586560711
 20
-1495.673339216984
 10
1071.874779517853
 20
-1493.949181809403
 10
1066.16111716677
 20
-1493.162711197492
 10
1052.1759990466
 20
-1491.237786540285
 10
1039.698487668134
 20
-1484.738419765603
 10
1026.562794215839
 20
-1480.240989280053
 10
1023.80253017657
 20
-1479.295979666767
 10
1021.119031671222
 20
-1478.127074904885
 10
1018.242887068425
 20
-1476.99960508601
 97
        0
 97
        0
 75
     2
 76
     1
 98
        0
  0
SPLINE
  5
53
330
41
100
AcDbEntity
  8
katman 1
370
     0
100
AcDbSpline
210
0.0
220
0.0
230
1.0
 70
    11
 71
     3
 72
    17
 73
    13
 74
     0
 42
0.0000000001
 43
0.0000000001
 12
1.0
 22
0.0
 32
0.0
 13
1.0
 23
0.0
 33
0.0
 40
0.0
 40
0.0
 40
0.0
 40
0.0
 40
1.0
 40
1.0
 40
1.0
 40
2.0
 40
2.0
 40
2.0
 40
3.0
 40
3.0
 40
3.0
 40
4.0
 40
4.0
 40
4.0
 40
4.0
 10
1216.564081035094
 20
-1342.013470194091
 30
0.0
 10
1216.564081035094
 20
-1349.183057851038
 30
0.0
 10
1216.556026146001
 20
-1355.077498867195
 30
0.0
 10
1216.567498260769
 20
-1360.971878859869
 30
0.0
 10
1216.57329534004
 20
-1363.958062860009
 30
0.0
 10
1215.19139368568
 20
-1363.468471478929
 30
0.0
 10
1213.551369449058
 20
-1362.169098516533
 30
0.0
 10
1210.818016061983
 20
-1360.003436230214
 30
0.0
 10
1209.907264397614
 20
-1357.101952820492
 30
0.0
 10
1210.473181378207
 20
-1353.754143677103
 30
0.0
 10
1211.14912082117
 20
-1349.755580141613
 30
0.0
 10
1212.839183005181
 20
-1346.207919100798
 30
0.0
 10
1216.564081035094
 20
-1342.013470194091
 30
0.0
  0
HATCH
  5
54
330
41
100
AcDbEntity
  8
katman 1
 62
    14
420
 10420242
100
AcDbHatch
 10
0.0
 20
0.0
 30
0.0
210
0.0
220
0.0
230
1.0
  2
SOLID
 70
     1
 71
     0
 91
        1
 92
        1
 93
        1
 72
     4
 94
        3
 73
     0
 74
     1
 95
       17
 96
       13
 40
0.0
 40
0.0
 40
0.0
 40
0.0
 40
1.0
 40
1.0
 40
1.0
 40
2.0
 40
2.0
 40
2.0
 40
3.0
 40
3.0
 40
3.0
 40
4.0
 40
4.0
 40
4.0
 40
4.0
 10
1216.564081035094
 20
-1342.013470194091
 10
1216.564081035094
 20
-1349.183057851038
 10
1216.556026146001
 20
-1355.077498867195
 10
1216.567498260769
 20
-1360.971878859869
 10
1216.57329534004
 20
-1363.958062860009
 10
1215.19139368568
 20
-1363.468471478929
 10
1213.551369449058
 20
-1362.169098516533
 10
1210.818016061983
 20
-1360.003436230214
 10
1209.907264397614
 20
-1357.101952820492
 10
1210.473181378207
 20
-1353.754143677103
 10
1211.14912082117
 20
-1349.755580141613
 10
1212.839183005181
 20
-1346.207919100798
 10
1216.564081035094
 20
-1342.013470194091
 97
        0
 97
        0
 75
     2
 76
     1
 98
        0
  0
SPLINE
  5
55
330
41
100
AcDbEntity
  8
katman 1
370
     0
100
AcDbSpline
210
0.0
220
0.0
230
1.0
 70
    11
 71
     3
 72
    11
 73
     7
 74
     0
 42
0.0000000001
 43
0.0000000001
 12
1.0
 22
0.0
 32
0.0
 13
1.0
 23
0.0
 33
0.0
 40
0.0
 40
0.0
 40
0.0
 40
0.0
 40
1.0
 40
1.0
 40
1.0
 40
2.0
 40
2.0
 40
2.0
 40
2.0
 10
787.2925578281674
 20
-1364.20313315621
 30
0.0
 10
787.2925578281674
 20
-1356.946220899201
 30
0.0
 10
787.2925578281674
 20
-1350.414999867891
 30
0.0
 10
787.2925578281674
 20
-1343.846005302385
 30
0.0
 10
794.9688976437028
 20
-1348.45486466265
 30
0.0
 10
795.2539919000465
 20
-1357.420434363288
 30
0.0
 10
787.2925578281674
 20
-1364.20313315621
 30
0.0
  0
HATCH
  5
56
330
41
100
AcDbEntity
  8
katman 1
 62
    14
420
 10420242
100
AcDbHatch
 10
0.0
 20
0.0
 30
0.0
210
0.0
220
0.0
230
1.0
  2
SOLID
 70
     1
 71
     0
 91
        1
 92
        1
 93
        1
 72
     4
 94
        3
 73
     0
 74
     1
 95
       11
 96
        7
 40
0.0
 40
0.0
 40
0.0
 40
0.0
 40
1.0
 40
1.0
 40
1.0
 40
2.0
 40
2.0
 40
2.0
 40
2.0
 10
787.2925578281674
 20
-1364.20313315621
 10
787.2925578281674
 20
-1356.946220899201
 10
787.2925578281674
 20
-1350.414999867891
 10
787.2925578281674
 20
-1343.846005302385
 10
794.9688976437028
 20
-1348.45486466265
 10
795.2539919000465
 20
-1357.420434363288
 10
787.2925578281674
 20
-1364.20313315621
 97
        0
 97
        0
 75
     2
 76
     1
 98
        0
  0
SPLINE
  5
57
330
41
100
AcDbEntity
  8
katman 1
370
     0
100
AcDbSpline
210
0.0
220
0.0
230
1.0
 70
    11
 71
     3
 72
    11
 73
     7
 74
     0
 42
0.0000000001
 43
0.0000000001
 12
1.0
 22
0.0
 32
0.0
 13
1.0
 23
0.0
 33
0.0
 40
0.0
 40
0.0
 40
0.0
 40
0.0
 40
1.0
 40
1.0
 40
1.0
 40
2.0
 40
2.0
 40
2.0
 40
2.0
 10
772.7418278368395
 20
-1353.220737437288
 30
0.0
 10
774.8924527134359
 20
-1346.230924952808
 30
0.0
 10
775.9766590917734
 20
-1339.772810050694
 30
0.0
 10
773.0535886578291
 20
-1332.697625717508
 30
0.0
 10
781.7228155977155
 20
-1338.707767251992
 30
0.0
 10
783.4710621510394
 20
-1350.008278372828
 30
0.0
 10
772.7418278368395
 20
-1353.220737437288
 30
0.0
  0
HATCH
  5
58
330
41
100
AcDbEntity
  8
katman 1
 62
    14
420
 10420242
100
AcDbHatch
 10
0.0
 20
0.0
 30
0.0
210
0.0
220
0.0
230
1.0
  2
SOLID
 70
     1
 71
     0
 91
        1
 92
        1
 93
        1
 72
     4
 94
        3
 73
     0
 74
     1
 95
       11
 96
        7
 40
0.0
 40
0.0
 40
0.0
 40
0.0
 40
1.0
 40
1.0
 40
1.0
 40
2.0
 40
2.0
 40
2.0
 40
2.0
 10
772.7418278368395
 20
-1353.220737437288
 10
774.8924527134359
 20
-1346.230924952808
 10
775.9766590917734
 20
-1339.772810050694
 10
773.0535886578291
 20
-1332.697625717508
 10
781.7228155977155
 20
-1338.707767251992
 10
783.4710621510394
 20
-1350.008278372828
 10
772.7418278368395
 20
-1353.220737437288
 97
        0
 97
        0
 75
     2
 76
     1
 98
        0
  0
SPLINE
  5
59
330
41
100
AcDbEntity
  8
katman 1
370
     0
100
AcDbSpline
210
0.0
220
0.0
230
1.0
 70
    11
 71
     3
 72
    11
 73
     7
 74
     0
 42
0.0000000001
 43
0.0000000001
 12
1.0
 22
0.0
 32
0.0
 13
1.0
 23
0.0
 33
0.0
 40
0.0
 40
0.0
 40
0.0
 40
0.0
 40
1.0
 40
1.0
 40
1.0
 40
2.0
 40
2.0
 40
2.0
 40
2.0
 10
1229.604214212253
 20
-1331.37909138235
 30
0.0
 10
1229.509874374859
 20
-1339.350283474276
 30
0.0
 10
1225.931856027099
 20
-1346.723201367015
 30
0.0
 10
1232.398223355067
 20
-1353.784533370206
 30
0.0
 10
1220.620388933628
 20
-1350.049408198436
 30
0.0
 10
1221.470484842261
 20
-1339.721367256945
 30
0.0
 10
1229.604214212253
 20
-1331.37909138235
 30
0.0
  0
HATCH
  5
5A
330
41
100
AcDbEntity
  8
katman 1
 62
    14
420
 10420242
100
AcDbHatch
 10
0.0
 20
0.0
 30
0.0
210
0.0
220
0.0
230
1.0
  2
SOLID
 70
     1
 71
     0
 91
        1
 92
        1
 93
        1
 72
     4
 94
        3
 73
     0
 74
     1
 95
       11
 96
        7
 40
0.0
 40
0.0
 40
0.0
 40
0.0
 40
1.0
 40
1.0
 40
1.0
 40
2.0
 40
2.0
 40
2.0
 40
2.0
 10
1229.604214212253
 20
-1331.37909138235
 10
1229.509874374859
 20
-1339.350283474276
 10
1225.931856027099
 20
-1346.723201367015
 10
1232.398223355067
 20
-1353.784533370206
 10
1220.620388933628
 20
-1350.049408198436
 10
1221.470484842261
 20
-1339.721367256945
 10
1229.604214212253
 20
-1331.37909138235
 97
        0
 97
        0
 75
     2
 76
     1
 98
        0
  0
SPLINE
  5
5B
330
41
100
AcDbEntity
  8
katman 1
370
     0
100
AcDbSpline
210
0.0
220
0.0
230
1.0
 70
    11
 71
     3
 72
    11
 73
     7
 74
     0
 42
0.0000000001
 43
0.0000000001
 12
1.0
 22
0.0
 32
0.0
 13
1.0
 23
0.0
 33
0.0
 40
0.0
 40
0.0
 40
0.0
 40
0.0
 40
1.0
 40
1.0
 40
1.0
 40
2.0
 40
2.0
 40
2.0
 40
2.0
 10
1242.619267393831
 20
-1333.585151212515
 30
0.0
 10
1243.421949296218
 20
-1338.794176499854
 30
0.0
 10
1243.62655568353
 20
-1342.315048232893
 30
0.0
 10
1238.519023736613
 20
-1343.779794826442
 30
0.0
 10
1238.544958038614
 20
-1340.145175326445
 30
0.0
 10
1240.377933482119
 20
-1337.518846788629
 30
0.0
 10
1242.619267393831
 20
-1333.585151212515
 30
0.0
  0
HATCH
  5
5C
330
41
100
AcDbEntity
  8
katman 1
 62
    14
420
 10420242
100
AcDbHatch
 10
0.0
 20
0.0
 30
0.0
210
0.0
220
0.0
230
1.0
  2
SOLID
 70
     1
 71
     0
 91
        1
 92
        1
 93
        1
 72
     4
 94
        3
 73
     0
 74
     1
 95
       11
 96
        7
 40
0.0
 40
0.0
 40
0.0
 40
0.0
 40
1.0
 40
1.0
 40
1.0
 40
2.0
 40
2.0
 40
2.0
 40
2.0
 10
1242.619267393831
 20
-1333.585151212515
 10
1243.421949296218
 20
-1338.794176499854
 10
1243.62655568353
 20
-1342.315048232893
 10
1238.519023736613
 20
-1343.779794826442
 10
1238.544958038614
 20
-1340.145175326445
 10
1240.377933482119
 20
-1337.518846788629
 10
1242.619267393831
 20
-1333.585151212515
 97
        0
 97
        0
 75
     2
 76
     1
 98
        0
  0
SPLINE
  5
5D
330
41
100
AcDbEntity
  8
katman 1
370
     0
100
AcDbSpline
210
0.0
220
0.0
230
1.0
 70
    11
 71
     3
 72
    17
 73
    13
 74
     0
 42
0.0000000001
 43
0.0000000001
 12
1.0
 22
0.0
 32
0.0
 13
1.0
 23
0.0
 33
0.0
 40
0.0
 40
0.0
 40
0.0
 40
0.0
 40
1.0
 40
1.0
 40
1.0
 40
2.0
 40
2.0
 40
2.0
 40
3.0
 40
3.0
 40
3.0
 40
4.0
 40
4.0
 40
4.0
 40
4.0
 10
1248.806337544724
 20
-1367.549965923918
 30
0.0
 10
1245.019380255671
 20
-1366.507928977226
 30
0.0
 10
1242.341251676386
 20
-1365.776196426992
 30
0.0
 10
1239.666601344663
 20
-1365.031832016371
 30
0.0
 10
1238.870387762305
 20
-1364.8103167835
 30
0.0
 10
1237.944685735605
 20
-1364.600457035336
 30
0.0
 10
1238.217026417553
 20
-1363.471461629459
 30
0.0
 10
1238.468314548467
 20
-1362.429668776684
 30
0.0
 10
1239.443444303684
 20
-1362.591991233829
 30
0.0
 10
1240.229894384112
 20
-1362.51150126354
 30
0.0
 10
1243.725533184341
 20
-1362.153537529099
 30
0.0
 10
1246.22218267151
 20
-1363.704632347031
 30
0.0
 10
1248.806337544724
 20
-1367.549965923918
 30
0.0
  0
HATCH
  5
5E
330
41
100
AcDbEntity
  8
katman 1
 62
    14
420
 10420242
100
AcDbHatch
 10
0.0
 20
0.0
 30
0.0
210
0.0
220
0.0
230
1.0
  2
SOLID
 70
     1
 71
     0
 91
        1
 92
        1
 93
        1
 72
     4
 94
        3
 73
     0
 74
     1
 95
       17
 96
       13
 40
0.0
 40
0.0
 40
0.0
 40
0.0
 40
1.0
 40
1.0
 40
1.0
 40
2.0
 40
2.0
 40
2.0
 40
3.0
 40
3.0
 40
3.0
 40
4.0
 40
4.0
 40
4.0
 40
4.0
 10
1248.806337544724
 20
-1367.549965923918
 10
1245.019380255671
 20
-1366.507928977226
 10
1242.341251676386
 20
-1365.776196426992
 10
1239.666601344663
 20
-1365.031832016371
 10
1238.870387762305
 20
-1364.8103167835
 10
1237.944685735605
 20
-1364.600457035336
 10
1238.217026417553
 20
-1363.471461629459
 10
1238.468314548467
 20
-1362.429668776684
 10
1239.443444303684
 20
-1362.591991233829
 10
1240.229894384112
 20
-1362.51150126354
 10
1243.725533184341
 20
-1362.153537529099
 10
1246.22218267151
 20
-1363.704632347031
 10
1248.806337544724
 20
-1367.549965923918
 97
        0
 97
        0
 75
     2
 76
     1
 98
        0
  0
SPLINE
  5
5F
330
41
100
AcDbEntity
  8
katman 1
370
     0
100
AcDbSpline
210
0.0
220
0.0
230
1.0
 70
    11
 71
     3
 72
    14
 73
    10
 74
     0
 42
0.0000000001
 43
0.0000000001
 12
1.0
 22
0.0
 32
0.0
 13
1.0
 23
0.0
 33
0.0
 40
0.0
 40
0.0
 40
0.0
 40
0.0
 40
1.0
 40
1.0
 40
1.0
 40
2.0
 40
2.0
 40
2.0
 40
3.0
 40
3.0
 40
3.0
 40
3.0
 10
757.0093784916526
 20
-1352.612333340399
 30
0.0
 10
758.3089616203679
 20
-1349.725556589387
 30
0.0
 10
759.2245645247585
 20
-1347.504179865711
 30
0.0
 10
762.2618984422234
 20
-1348.241953740478
 30
0.0
 10
763.2153654275344
 20
-1348.473598871049
 30
0.0
 10
764.12910716437
 20
-1349.145833528157
 30
0.0
 10
763.6636627208209
 20
-1350.423177014229
 30
0.0
 10
762.480448330728
 20
-1353.670358438885
 30
0.0
 10
759.9696722767039
 20
-1352.95162388992
 30
0.0
 10
757.0093784916526
 20
-1352.612333340399
 30
0.0
  0
HATCH
  5
60
330
41
100
AcDbEntity
  8
katman 1
 62
    14
420
 10420242
100
AcDbHatch
 10
0.0
 20
0.0
 30
0.0
210
0.0
220
0.0
230
1.0
  2
SOLID
 70
     1
 71
     0
 91
        1
 92
        1
 93
        1
 72
     4
 94
        3
 73
     0
 74
     1
 95
       14
 96
       10
 40
0.0
 40
0.0
 40
0.0
 40
0.0
 40
1.0
 40
1.0
 40
1.0
 40
2.0
 40
2.0
 40
2.0
 40
3.0
 40
3.0
 40
3.0
 40
3.0
 10
757.0093784916526
 20
-1352.612333340399
 10
758.3089616203679
 20
-1349.725556589387
 10
759.2245645247585
 20
-1347.504179865711
 10
762.2618984422234
 20
-1348.241953740478
 10
763.2153654275344
 20
-1348.473598871049
 10
764.12910716437
 20
-1349.145833528157
 10
763.6636627208209
 20
-1350.423177014229
 10
762.480448330728
 20
-1353.670358438885
 10
759.9696722767039
 20
-1352.95162388992
 10
757.0093784916526
 20
-1352.612333340399
 97
        0
 97
        0
 75
     2
 76
     1
 98
        0
  0
SPLINE
  5
61
330
41
100
AcDbEntity
  8
katman 1
370
     0
100
AcDbSpline
210
0.0
220
0.0
230
1.0
 70
    11
 71
     3
 72
    11
 73
     7
 74
     0
 42
0.0000000001
 43
0.0000000001
 12
1.0
 22
0.0
 32
0.0
 13
1.0
 23
0.0
 33
0.0
 40
0.0
 40
0.0
 40
0.0
 40
0.0
 40
1.0
 40
1.0
 40
1.0
 40
2.0
 40
2.0
 40
2.0
 40
2.0
 10
754.5374733796853
 20
-1367.627099602803
 30
0.0
 10
757.4107194428452
 20
-1362.874835064231
 30
0.0
 10
760.6982736081991
 20
-1361.984746583061
 30
0.0
 10
765.2439770409546
 20
-1364.38717997228
 30
0.0
 10
761.9210301811063
 20
-1366.120551925364
 30
0.0
 10
758.555734131638
 20
-1366.596046882532
 30
0.0
 10
754.5374733796853
 20
-1367.627099602803
 30
0.0
  0
HATCH
  5
62
330
41
100
AcDbEntity
  8
katman 1
 62
    14
420
 10420242
100
AcDbHatch
 10
0.0
 20
0.0
 30
0.0
210
0.0
220
0.0
230
1.0
  2
SOLID
 70
     1
 71
     0
 91
        1
 92
        1
 93
        1
 72
     4
 94
        3
 73
     0
 74
     1
 95
       11
 96
        7
 40
0.0
 40
0.0
 40
0.0
 40
0.0
 40
1.0
 40
1.0
 40
1.0
 40
2.0
 40
2.0
 40
2.0
 40
2.0
 10
754.5374733796853
 20
-1367.627099602803
 10
757.4107194428452
 20
-1362.874835064231
 10
760.6982736081991
 20
-1361.984746583061
 10
765.2439770409546
 20
-1364.38717997228
 10
761.9210301811063
 20
-1366.120551925364
 10
758.555734131638
 20
-1366.596046882532
 10
754.5374733796853
 20
-1367.627099602803
 97
        0
 97
        0
 75
     2
 76
     1
 98
        0
  0
SPLINE
  5
63
330
41
100
AcDbEntity
  8
katman 1
370
     0
100
AcDbSpline
210
0.0
220
0.0
230
1.0
 70
    11
 71
     3
 72
    11
 73
     7
 74
     0
 42
0.0000000001
 43
0.0000000001
 12
1.0
 22
0.0
 32
0.0
 13
1.0
 23
0.0
 33
0.0
 40
0.0
 40
0.0
 40
0.0
 40
0.0
 40
1.0
 40
1.0
 40
1.0
 40
2.0
 40
2.0
 40
2.0
 40
2.0
 10
762.1631040070733
 20
-1335.394741492277
 30
0.0
 10
763.407248751395
 20
-1338.33033702739
 30
0.0
 10
764.6513629847723
 20
-1341.265932562503
 30
0.0
 10
766.0934322197727
 20
-1344.66860181453
 30
0.0
 10
760.1277799860763
 20
-1343.299112873461
 30
0.0
 10
761.0158925303467
 20
-1339.246665605016
 30
0.0
 10
762.1631040070733
 20
-1335.394741492277
 30
0.0
  0
HATCH
  5
64
330
41
100
AcDbEntity
  8
katman 1
 62
    14
420
 10420242
100
AcDbHatch
 10
0.0
 20
0.0
 30
0.0
210
0.0
220
0.0
230
1.0
  2
SOLID
 70
     1
 71
     0
 91
        1
 92
        1
 93
        1
 72
     4
 94
        3
 73
     0
 74
     1
 95
       11
 96
        7
 40
0.0
 40
0.0
 40
0.0
 40
0.0
 40
1.0
 40
1.0
 40
1.0
 40
2.0
 40
2.0
 40
2.0
 40
2.0
 10
762.1631040070733
 20
-1335.394741492277
 10
763.407248751395
 20
-1338.33033702739
 10
764.6513629847723
 20
-1341.265932562503
 10
766.0934322197727
 20
-1344.66860181453
 10
760.1277799860763
 20
-1343.299112873461
 10
761.0158925303467
 20
-1339.246665605016
 10
762.1631040070733
 20
-1335.394741492277
 97
        0
 97
        0
 75
     2
 76
     1
 98
        0
  0
SPLINE
  5
65
330
41
100
AcDbEntity
  8
katman 1
370
     0
100
AcDbSpline
210
0.0
220
0.0
230
1.0
 70
    11
 71
     3
 72
    11
 73
     7
 74
     0
 42
0.0000000001
 43
0.0000000001
 12
1.0
 22
0.0
 32
0.0
 13
1.0
 23
0.0
 33
0.0
 40
0.0
 40
0.0
 40
0.0
 40
0.0
 40
1.0
 40
1.0
 40
1.0
 40
2.0
 40
2.0
 40
2.0
 40
2.0
 10
1246.728359224673
 20
-1353.783373924085
 30
0.0
 10
1243.684831585671
 20
-1352.599457386092
 30
0.0
 10
1241.228395522074
 20
-1352.344074121749
 30
0.0
 10
1239.183552086695
 20
-1350.775099424136
 30
0.0
 10
1243.203857071865
 20
-1347.31586140603
 30
0.0
 10
1243.535144896714
 20
-1347.426069811147
 30
0.0
 10
1246.728359224673
 20
-1353.783373924085
 30
0.0
  0
HATCH
  5
66
330
41
100
AcDbEntity
  8
katman 1
 62
    14
420
 10420242
100
AcDbHatch
 10
0.0
 20
0.0
 30
0.0
210
0.0
220
0.0
230
1.0
  2
SOLID
 70
     1
 71
     0
 91
        1
 92
        1
 93
        1
 72
     4
 94
        3
 73
     0
 74
     1
 95
       11
 96
        7
 40
0.0
 40
0.0
 40
0.0
 40
0.0
 40
1.0
 40
1.0
 40
1.0
 40
2.0
 40
2.0
 40
2.0
 40
2.0
 10
1246.728359224673
 20
-1353.783373924085
 10
1243.684831585671
 20
-1352.599457386092
 10
1241.228395522074
 20
-1352.344074121749
 10
1239.183552086695
 20
-1350.775099424136
 10
1243.203857071865
 20
-1347.31586140603
 10
1243.535144896714
 20
-1347.426069811147
 10
1246.728359224673
 20
-1353.783373924085
 97
        0
 97
        0
 75
     2
 76
     1
 98
        0
  0
SPLINE
  5
67
330
41
100
AcDbEntity
  8
katman 1
370
     0
100
AcDbSpline
210
0.0
220
0.0
230
1.0
 70
    11
 71
     3
 72
   497
 73
   493
 74
     0
 42
0.0000000001
 43
0.0000000001
 12
1.0
 22
0.0
 32
0.0
 13
1.0
 23
0.0
 33
0.0
 40
0.0
 40
0.0
 40
0.0
 40
0.0
 40
1.0
 40
1.0
 40
1.0
 40
2.0
 40
2.0
 40
2.0
 40
3.0
 40
3.0
 40
3.0
 40
4.0
 40
4.0
 40
4.0
 40
5.0
 40
5.0
 40
5.0
 40
6.0
 40
6.0
 40
6.0
 40
7.0
 40
7.0
 40
7.0
 40
8.0
 40
8.0
 40
8.0
 40
9.0
 40
9.0
 40
9.0
 40
10.0
 40
10.0
 40
10.0
 40
11.0
 40
11.0
 40
11.0
 40
12.0
 40
12.0
 40
12.0
 40
13.0
 40
13.0
 40
13.0
 40
14.0
 40
14.0
 40
14.0
 40
15.0
 40
15.0
 40
15.0
 40
16.0
 40
16.0
 40
16.0
 40
17.0
 40
17.0
 40
17.0
 40
18.0
 40
18.0
 40
18.0
 40
19.0
 40
19.0
 40
19.0
 40
20.0
 40
20.0
 40
20.0
 40
21.0
 40
21.0
 40
21.0
 40
22.0
 40
22.0
 40
22.0
 40
23.0
 40
23.0
 40
23.0
 40
24.0
 40
24.0
 40
24.0
 40
25.0
 40
25.0
 40
25.0
 40
26.0
 40
26.0
 40
26.0
 40
27.0
 40
27.0
 40
27.0
 40
28.0
 40
28.0
 40
28.0
 40
29.0
 40
29.0
 40
29.0
 40
30.0
 40
30.0
 40
30.0
 40
31.0
 40
31.0
 40
31.0
 40
32.0
 40
32.0
 40
32.0
 40
33.0
 40
33.0
 40
33.0
 40
34.0
 40
34.0
 40
34.0
 40
35.0
 40
35.0
 40
35.0
 40
36.0
 40
36.0
 40
36.0
 40
37.0
 40
37.0
 40
37.0
 40
38.0
 40
38.0
 40
38.0
 40
39.0
 40
39.0
 40
39.0
 40
40.0
 40
40.0
 40
40.0
 40
41.0
 40
41.0
 40
41.0
 40
42.0
 40
42.0
 40
42.0
 40
43.0
 40
43.0
 40
43.0
 40
44.0
 40
44.0
 40
44.0
 40
45.0
 40
45.0
 40
45.0
 40
46.0
 40
46.0
 40
46.0
 40
47.0
 40
47.0
 40
47.0
 40
48.0
 40
48.0
 40
48.0
 40
49.0
 40
49.0
 40
49.0
 40
50.0
 40
50.0
 40
50.0
 40
51.0
 40
51.0
 40
51.0
 40
52.0
 40
52.0
 40
52.0
 40
53.0
 40
53.0
 40
53.0
 40
54.0
 40
54.0
 40
54.0
 40
55.0
 40
55.0
 40
55.0
 40
56.0
 40
56.0
 40
56.0
 40
57.0
 40
57.0
 40
57.0
 40
58.0
 40
58.0
 40
58.0
 40
59.0
 40
59.0
 40
59.0
 40
60.0
 40
60.0
 40
60.0
 40
61.0
 40
61.0
 40
61.0
 40
62.0
 40
62.0
 40
62.0
 40
63.0
 40
63.0
 40
63.0
 40
64.0
 40
64.0
 40
64.0
 40
65.0
 40
65.0
 40
65.0
 40
66.0
 40
66.0
 40
66.0
 40
67.0
 40
67.0
 40
67.0
 40
68.0
 40
68.0
 40
68.0
 40
69.0
 40
69.0
 40
69.0
 40
70.0
 40
70.0
 40
70.0
 40
71.0
 40
71.0
 40
71.0
 40
72.0
 40
72.0
 40
72.0
 40
73.0
 40
73.0
 40
73.0
 40
74.0
 40
74.0
 40
74.0
 40
75.0
 40
75.0
 40
75.0
 40
76.0
 40
76.0
 40
76.0
 40
77.0
 40
77.0
 40
77.0
 40
78.0
 40
78.0
 40
78.0
 40
79.0
 40
79.0
 40
79.0
 40
80.0
 40
80.0
 40
80.0
 40
81.0
 40
81.0
 40
81.0
 40
82.0
 40
82.0
 40
82.0
 40
83.0
 40
83.0
 40
83.0
 40
84.0
 40
84.0
 40
84.0
 40
85.0
 40
85.0
 40
85.0
 40
86.0
 40
86.0
 40
86.0
 40
87.0
 40
87.0
 40
87.0
 40
88.0
 40
88.0
 40
88.0
 40
89.0
 40
89.0
 40
89.0
 40
90.0
 40
90.0
 40
90.0
 40
91.0
 40
91.0
 40
91.0
 40
92.0
 40
92.0
 40
92.0
 40
93.0
 40
93.0
 40
93.0
 40
94.0
 40
94.0
 40
94.0
 40
95.0
 40
95.0
 40
95.0
 40
96.0
 40
96.0
 40
96.0
 40
97.0
 40
97.0
 40
97.0
 40
98.0
 40
98.0
 40
98.0
 40
99.0
 40
99.0
 40
99.0
 40
100.0
 40
100.0
 40
100.0
 40
101.0
 40
101.0
 40
101.0
 40
102.0
 40
102.0
 40
102.0
 40
103.0
 40
103.0
 40
103.0
 40
104.0
 40
104.0
 40
104.0
 40
105.0
 40
105.0
 40
105.0
 40
106.0
 40
106.0
 40
106.0
 40
107.0
 40
107.0
 40
107.0
 40
108.0
 40
108.0
 40
108.0
 40
109.0
 40
109.0
 40
109.0
 40
110.0
 40
110.0
 40
110.0
 40
111.0
 40
111.0
 40
111.0
 40
112.0
 40
112.0
 40
112.0
 40
113.0
 40
113.0
 40
113.0
 40
114.0
 40
114.0
 40
114.0
 40
115.0
 40
115.0
 40
115.0
 40
116.0
 40
116.0
 40
116.0
 40
117.0
 40
117.0
 40
117.0
 40
118.0
 40
118.0
 40
118.0
 40
119.0
 40
119.0
 40
119.0
 40
120.0
 40
120.0
 40
120.0
 40
121.0
 40
121.0
 40
121.0
 40
122.0
 40
122.0
 40
122.0
 40
123.0
 40
123.0
 40
123.0
 40
124.0
 40
124.0
 40
124.0
 40
125.0
 40
125.0
 40
125.0
 40
126.0
 40
126.0
 40
126.0
 40
127.0
 40
127.0
 40
127.0
 40
128.0
 40
128.0
 40
128.0
 40
129.0
 40
129.0
 40
129.0
 40
130.0
 40
130.0
 40
130.0
 40
131.0
 40
131.0
 40
131.0
 40
132.0
 40
132.0
 40
132.0
 40
133.0
 40
133.0
 40
133.0
 40
134.0
 40
134.0
 40
134.0
 40
135.0
 40
135.0
 40
135.0
 40
136.0
 40
136.0
 40
136.0
 40
137.0
 40
137.0
 40
137.0
 40
138.0
 40
138.0
 40
138.0
 40
139.0
 40
139.0
 40
139.0
 40
140.0
 40
140.0
 40
140.0
 40
141.0
 40
141.0
 40
141.0
 40
142.0
 40
142.0
 40
142.0
 40
143.0
 40
143.0
 40
143.0
 40
144.0
 40
144.0
 40
144.0
 40
145.0
 40
145.0
 40
145.0
 40
146.0
 40
146.0
 40
146.0
 40
147.0
 40
147.0
 40
147.0
 40
148.0
 40
148.0
 40
148.0
 40
149.0
 40
149.0
 40
149.0
 40
150.0
 40
150.0
 40
150.0
 40
151.0
 40
151.0
 40
151.0
 40
152.0
 40
152.0
 40
152.0
 40
153.0
 40
153.0
 40
153.0
 40
154.0
 40
154.0
 40
154.0
 40
155.0
 40
155.0
 40
155.0
 40
156.0
 40
156.0
 40
156.0
 40
157.0
 40
157.0
 40
157.0
 40
158.0
 40
158.0
 40
158.0
 40
159.0
 40
159.0
 40
159.0
 40
160.0
 40
160.0
 40
160.0
 40
161.0
 40
161.0
 40
161.0
 40
162.0
 40
162.0
 40
162.0
 40
163.0
 40
163.0
 40
163.0
 40
164.0
 40
164.0
 40
164.0
 40
164.0
 10
1006.407631051265
 20
-511.6425704927906
 30
0.0
 10
1007.10138888525
 20
-514.3159977153646
 30
0.0
 10
1007.888022031339
 20
-516.790614253644
 30
0.0
 10
1008.358561802459
 20
-519.3239468217116
 30
0.0
 10
1008.791756178696
 20
-521.6563557674845
 30
0.0
 10
1009.167651002987
 20
-523.9723303272649
 30
0.0
 10
1011.144882187502
 20
-525.5223229085886
 30
0.0
 10
1013.115767095764
 20
-527.0674107276964
 30
0.0
 10
1012.383626494819
 20
-529.1623429865776
 30
0.0
 10
1012.433237288998
 20
-531.0680566894471
 30
0.0
 10
1012.523793769395
 20
-534.5505522814174
 30
0.0
 10
1012.458988525337
 20
-538.037083051011
 30
0.0
 10
1012.458988525337
 20
-541.3075449333355
 30
0.0
 10
1014.213062668876
 20
-542.3901396105093
 30
0.0
 10
1015.576901844664
 20
-540.7393476819134
 30
0.0
 10
1017.346292481854
 20
-541.4901653255583
 30
0.0
 10
1016.684693182351
 20
-545.7894068035175
 30
0.0
 10
1016.013025271483
 20
-550.1544544768612
 30
0.0
 10
1015.347764658754
 20
-554.4775637634866
 30
0.0
 10
1017.188794991353
 20
-555.4228479824342
 30
0.0
 10
1018.392634779271
 20
-553.6876453249488
 30
0.0
 10
1020.255144816114
 20
-554.1720802219579
 30
0.0
 10
1020.520529002939
 20
-559.9496994133415
 30
0.0
 10
1018.830527840813
 20
-565.6862574305333
 30
0.0
 10
1018.567401463812
 20
-571.6017820590741
 30
0.0
 10
1020.04748733445
 20
-573.01979229478
 30
0.0
 10
1021.553080353879
 20
-570.668420302557
 30
0.0
 10
1023.396124408751
 20
-571.7410300127949
 30
0.0
 10
1022.802076338221
 20
-574.518872223839
 30
0.0
 10
1021.99371940034
 20
-577.3730853202642
 30
0.0
 10
1021.635581945184
 20
-580.2827001087126
 30
0.0
 10
1021.375262574986
 20
-582.3979646283797
 30
0.0
 10
1018.370361790494
 20
-586.2462273323117
 30
0.0
 10
1024.398286859936
 20
-585.3984662625462
 30
0.0
 10
1026.291185796534
 20
-585.1322437025456
 30
0.0
 10
1025.295186555943
 20
-587.0943469150225
 30
0.0
 10
1025.014790984902
 20
-588.0187916155055
 30
0.0
 10
1023.855985349634
 20
-591.839616637184
 30
0.0
 10
1022.543892734071
 20
-595.6138807435236
 30
0.0
 10
1021.378923888211
 20
-599.4329589680829
 30
0.0
 10
1021.123730356525
 20
-600.2696366482696
 30
0.0
 10
1020.221155625022
 20
-601.8569183899208
 30
0.0
 10
1021.466490296141
 20
-602.0044273972635
 30
0.0
 10
1027.111869155604
 20
-602.673153204264
 30
0.0
 10
1024.025199042451
 20
-606.2404485498091
 30
0.0
 10
1023.631729914689
 20
-608.5518501625465
 30
0.0
 10
1022.746790508545
 20
-613.7508523432771
 30
0.0
 10
1022.530589962693
 20
-619.2246432550301
 30
0.0
 10
1018.941465631488
 20
-623.6014913438439
 30
0.0
 10
1018.199927659936
 20
-624.5058288076243
 30
0.0
 10
1018.43791301947
 20
-625.2316573361559
 30
0.0
 10
1018.950191761338
 20
-626.2641593640783
 30
0.0
 10
1020.419293692306
 20
-629.2249423406156
 30
0.0
 10
1019.612096170276
 20
-632.4641602011134
 30
0.0
 10
1019.865764154785
 20
-635.5077520401874
 30
0.0
 10
1020.14316965336
 20
-638.8370863249665
 30
0.0
 10
1019.19775755714
 20
-640.7382423366635
 30
0.0
 10
1017.406460062495
 20
-642.906879517639
 30
0.0
 10
1016.708308652644
 20
-643.7521157409137
 30
0.0
 10
1015.197406729039
 20
-644.8128258725255
 30
0.0
 10
1015.965367177689
 20
-645.7785529573166
 30
0.0
 10
1019.169443401544
 20
-649.8078570709231
 30
0.0
 10
1015.766008672663
 20
-652.190137455832
 30
0.0
 10
1013.935168995204
 20
-654.9107930380587
 30
0.0
 10
1006.619682108798
 20
-665.7814852766023
 30
0.0
 10
1002.370606069042
 20
-678.0668390873798
 30
0.0
 10
997.4299689832333
 20
-690.0499588569455
 30
0.0
 10
996.1457633700575
 20
-693.1647498414595
 30
0.0
 10
998.1225063794773
 20
-693.608451565482
 30
0.0
 10
999.9195399315049
 20
-694.8072273208882
 30
0.0
 10
1002.684319590417
 20
-696.6516772636742
 30
0.0
 10
1003.304179919171
 20
-694.4584933878168
 30
0.0
 10
1004.241598148186
 20
-692.7904775819552
 30
0.0
 10
1010.35416057498
 20
-681.9133015986481
 30
0.0
 10
1016.107426130764
 20
-670.8140611711488
 30
0.0
 10
1023.580898682769
 20
-660.7666367030333
 30
0.0
 10
1027.023021288045
 20
-656.1389973667565
 30
0.0
 10
1033.308336677104
 20
-654.0967245572601
 30
0.0
 10
1035.258657209426
 20
-648.072211993207
 30
0.0
 10
1041.870744803693
 20
-649.6682048366465
 30
0.0
 10
1041.561363836299
 20
-643.0390868873392
 30
0.0
 10
1044.513053535276
 20
-640.2851582525718
 30
0.0
 10
1044.752930573308
 20
-640.0613393833264
 30
0.0
 10
1045.124797953051
 20
-639.606592409401
 30
0.0
 10
1045.225667132361
 20
-639.6594082314523
 30
0.0
 10
1051.436352753546
 20
-642.9128445628212
 30
0.0
 10
1050.169782465731
 20
-635.4934267782264
 30
0.0
 10
1053.140083840261
 20
-634.0780024124906
 30
0.0
 10
1054.686317436472
 20
-633.3411591457962
 30
0.0
 10
1054.573121835976
 20
-628.930000605279
 30
0.0
 10
1057.940248542056
 20
-632.1402170568463
 30
0.0
 10
1058.554860988523
 20
-632.7261492571806
 30
0.0
 10
1059.570326211087
 20
-631.2913499365031
 30
0.0
 10
1060.228813394351
 20
-630.5831571937297
 30
0.0
 10
1062.383191117002
 20
-628.2660193738593
 30
0.0
 10
1064.565333798266
 20
-625.9691871170025
 30
0.0
 10
1066.60859066458
 20
-623.5559525717972
 30
0.0
 10
1068.307562044103
 20
-621.5493022188266
 30
0.0
 10
1069.758845584049
 20
-620.4001995762465
 30
0.0
 10
1070.912037205708
 20
-623.9043661315973
 30
0.0
 10
1071.620745402022
 20
-626.05777795428
 30
0.0
 10
1072.590566253066
 20
-625.9104062497672
 30
0.0
 10
1074.057288330438
 20
-624.484318030879
 30
0.0
 10
1075.725321613221
 20
-622.8625122553449
 30
0.0
 10
1077.800126795146
 20
-621.6242695641658
 30
0.0
 10
1079.310540543654
 20
-619.8831171173688
 30
0.0
 10
1081.878585638684
 20
-616.9228070728022
 30
0.0
 10
1083.648647516631
 20
-616.7937424123284
 30
0.0
 10
1084.650443836494
 20
-621.1414060217703
 30
0.0
 10
1088.952303808557
 20
-618.1946126780531
 30
0.0
 10
1092.90054194511
 20
-615.4236584923292
 30
0.0
 10
1096.93329539524
 20
-612.7817384553391
 30
0.0
 10
1097.774787217797
 20
-612.230452335848
 30
0.0
 10
1099.081143775975
 20
-610.4615036938521
 30
0.0
 10
1099.792475913433
 20
-611.8042338388832
 30
0.0
 10
1102.561710170099
 20
-617.0320391022342
 30
0.0
 10
1105.114133662042
 20
-612.9425505813506
 30
0.0
 10
1107.020457413795
 20
-611.4913512003886
 30
0.0
 10
1109.805679404872
 20
-609.371029359806
 30
0.0
 10
1112.930366153661
 20
-610.2638944093223
 30
0.0
 10
1115.712903181708
 20
-609.3887719366539
 30
0.0
 10
1119.591576367013
 20
-608.1689125688636
 30
0.0
 10
1123.152020411297
 20
-605.9371618535652
 30
0.0
 10
1127.128267594009
 20
-604.4885407146385
 30
0.0
 10
1119.667487594514
 20
-612.986243393123
 30
0.0
 10
1112.926399731004
 20
-622.2103390673301
 30
0.0
 10
1102.144564550159
 20
-626.7970469043103
 30
0.0
 10
1102.536141999422
 20
-629.1061906482837
 30
0.0
 10
1104.960724637975
 20
-628.9202978719386
 30
0.0
 10
1105.547938257152
 20
-630.9672542335347
 30
0.0
 10
1101.95503056895
 20
-633.0946547978128
 30
0.0
 10
1098.240384216064
 20
-635.2413692935515
 30
0.0
 10
1094.591153326106
 20
-637.4940510625347
 30
0.0
 10
1093.739409826523
 20
-638.0198293673311
 30
0.0
 10
1091.599860422428
 20
-638.6203919470263
 30
0.0
 10
1092.610749003463
 20
-639.6496292187621
 30
0.0
 10
1097.101654781638
 20
-644.2222406318315
 30
0.0
 10
1091.465185117686
 20
-643.2283817227017
 30
0.0
 10
1090.113794406858
 20
-644.2040251230128
 30
0.0
 10
1088.533693663327
 20
-645.3447828046856
 30
0.0
 10
1086.157318315552
 20
-645.5066323298588
 30
0.0
 10
1084.807941326995
 20
-646.8027557919413
 30
0.0
 10
1083.765748517899
 20
-647.803845983467
 30
0.0
 10
1077.948409980701
 20
-646.0327615196666
 30
0.0
 10
1081.998066493547
 20
-650.7724399654608
 30
0.0
 10
1082.420459995776
 20
-651.2668064338604
 30
0.0
 10
1081.054668119601
 20
-651.8546761296893
 30
0.0
 10
1080.290918181159
 20
-652.176208846492
 30
0.0
 10
1077.533888301903
 20
-653.3367228798561
 30
0.0
 10
1074.801023089924
 20
-654.5546600080224
 30
0.0
 10
1072.052170143535
 20
-655.7348083461184
 30
0.0
 10
1071.14672738334
 20
-656.123527914544
 30
0.0
 10
1069.583529702526
 20
-656.736264678525
 30
0.0
 10
1070.176235291539
 20
-657.5730186380615
 30
0.0
 10
1073.14257024341
 20
-661.7606024032539
 30
0.0
 10
1069.105484239299
 20
-661.2453811605201
 30
0.0
 10
1067.312234044268
 20
-661.8811847999905
 30
0.0
 10
1064.103764244544
 20
-663.018769260696
 30
0.0
 10
1061.009527417396
 20
-664.1007308192629
 30
0.0
 10
1059.723613191381
 20
-667.7072337507916
 30
0.0
 10
1059.520593373134
 20
-668.2766896114908
 30
0.0
 10
1059.028573897769
 20
-669.0441208975999
 30
0.0
 10
1058.535028875229
 20
-669.1642151064952
 30
0.0
 10
1049.973169945624
 20
-671.2473889035491
 30
0.0
 10
1043.680531930117
 20
-678.4042226531465
 30
0.0
 10
1034.759498173276
 20
-679.761827271459
 30
0.0
 10
1033.507756204017
 20
-679.9523120646836
 30
0.0
 10
1030.196037371386
 20
-679.5385271017949
 30
0.0
 10
1032.107364917878
 20
-683.1642066619543
 30
0.0
 10
1032.723991086619
 20
-684.3339199849479
 30
0.0
 10
1030.433534555825
 20
-684.7291690657466
 30
0.0
 10
1029.327878984186
 20
-685.194961289576
 30
0.0
 10
1021.076621459715
 20
-688.6711180675475
 30
0.0
 10
1012.804128318548
 20
-692.0968236833223
 30
0.0
 10
1004.410872862891
 20
-695.591379040553
 30
0.0
 10
1008.533084399449
 20
-700.4704656267031
 30
0.0
 10
1009.191571582713
 20
-700.7180226297196
 30
0.0
 10
1014.674632222597
 20
-699.4463695831682
 30
0.0
 10
1025.909921046185
 20
-696.8406669816359
 30
0.0
 10
1036.288584619226
 20
-691.7676020080225
 30
0.0
 10
1047.184835838307
 20
-688.1970419062909
 30
0.0
 10
1049.178664976103
 20
-687.543709272154
 30
0.0
 10
1051.70216409358
 20
-684.9990911742307
 30
0.0
 10
1053.708746805773
 20
-688.4911903363854
 30
0.0
 10
1053.801194964668
 20
-688.6519566947873
 30
0.0
 10
1054.357470487106
 20
-688.7119732874944
 30
0.0
 10
1054.593930299463
 20
-688.599903666237
 30
0.0
 10
1060.36873658138
 20
-685.8629853265547
 30
0.0
 10
1066.181315411388
 20
-683.7647692416494
 30
0.0
 10
1072.840267814914
 20
-684.2693723988405
 30
0.0
 10
1079.297481859823
 20
-684.7587044301299
 30
0.0
 10
1085.548441926469
 20
-682.5654900425325
 30
0.0
 10
1092.300879860972
 20
-683.1457318033445
 30
0.0
 10
1099.161387557459
 20
-683.7352491331367
 30
0.0
 10
1106.074191011157
 20
-683.7009997049136
 30
0.0
 10
1114.240261981291
 20
-685.7179477701566
 30
0.0
 10
1105.915167973479
 20
-687.7731880691808
 30
0.0
 10
1101.318999440124
 20
-694.8176928477296
 30
0.0
 10
1093.316955302407
 20
-695.1871900199139
 30
0.0
 10
1091.749425067612
 20
-695.2595486114778
 30
0.0
 10
1090.592022935745
 20
-696.3767664856905
 30
0.0
 10
1089.610974057483
 20
-697.5409114161221
 30
0.0
 10
1088.222848170644
 20
-699.1881639828707
 30
0.0
 10
1086.503068327635
 20
-699.7811901627692
 30
0.0
 10
1084.346981992145
 20
-699.8592239379859
 30
0.0
 10
1082.1034512925
 20
-699.9404461900376
 30
0.0
 10
1078.612511177575
 20
-698.3000587648048
 30
0.0
 10
1078.822914644157
 20
-702.9545636882085
 30
0.0
 10
1078.827552307575
 20
-703.0563661089345
 30
0.0
 10
1078.562290164526
 20
-703.2817563327926
 30
0.0
 10
1078.461665072762
 20
-703.2610541171589
 30
0.0
 10
1070.883601006339
 20
-701.7019194557188
 30
0.0
 10
1065.468152617317
 20
-710.6660245928333
 30
0.0
 10
1057.514987011135
 20
-707.5361455528573
 30
0.0
 10
1055.738029659949
 20
-706.8368164705726
 30
0.0
 10
1053.297825418311
 20
-705.4040919482195
 30
0.0
 10
1052.672290054059
 20
-709.1022826586423
 30
0.0
 10
1052.626157507442
 20
-709.3749813354716
 30
0.0
 10
1051.515498141063
 20
-709.7184672492513
 30
0.0
 10
1050.974783199825
 20
-709.6193803733904
 30
0.0
 10
1041.06031312165
 20
-707.8022079262219
 30
0.0
 10
1030.810588795968
 20
-710.380556752787
 30
0.0
 10
1020.93370820022
 20
-706.6539138447542
 30
0.0
 10
1014.469964813397
 20
-704.2150952055044
 30
0.0
 10
1007.420045179477
 20
-703.3300716731856
 30
0.0
 10
1000.299645266001
 20
-702.1931584707618
 30
0.0
 10
1010.714555839955
 20
-710.8050971040484
 30
0.0
 10
1021.858311832953
 20
-718.5995804533895
 30
0.0
 10
1028.348294631212
 20
-731.005104752413
 30
0.0
 10
1019.858441528339
 20
-727.0486779299517
 30
0.0
 10
1011.382196306278
 20
-723.1098258697675
 30
0.0
 10
1005.576146818186
 20
-715.2674696002641
 30
0.0
 10
996.9714505238653
 20
-703.644815527824
 30
0.0
 10
995.9512255941099
 20
-703.3884101201893
 30
0.0
 10
984.9641738070823
 20
-712.1030665264052
 30
0.0
 10
975.0049136638045
 20
-720.0024950056986
 30
0.0
 10
964.1704165944266
 20
-726.1450117244522
 30
0.0
 10
951.5171621812278
 20
-729.7917138735165
 30
0.0
 10
959.8478702026496
 20
-713.4468188147284
 30
0.0
 10
976.1100200384608
 20
-709.3569336412238
 30
0.0
 10
990.8399102901967
 20
-702.6487140057989
 30
0.0
 10
977.2896951591028
 20
-703.5776439320716
 30
0.0
 10
963.7484502454072
 20
-704.685723540134
 30
0.0
 10
950.1856951165237
 20
-705.3621840732403
 30
0.0
 10
943.0859816227612
 20
-705.7163033284332
 30
0.0
 10
935.8215700558248
 20
-706.3840527597504
 30
0.0
 10
929.1437008673083
 20
-702.736816655236
 30
0.0
 10
927.7792209617046
 20
-701.9915674041531
 30
0.0
 10
926.1550624157171
 20
-702.6726046982694
 30
0.0
 10
924.7505826631459
 20
-702.4570545105817
 30
0.0
 10
920.1008674238965
 20
-701.7434154222065
 30
0.0
 10
916.0313787977566
 20
-698.4409009569436
 30
0.0
 10
910.9921913643475
 20
-699.3026592874639
 30
0.0
 10
910.0348494892078
 20
-693.6389480496773
 30
0.0
 10
905.4690393446663
 20
-696.3992841498584
 30
0.0
 10
902.5200956306071
 20
-695.8963896501109
 30
0.0
 10
893.7699841794229
 20
-694.4041824905016
 30
0.0
 10
885.6018384651288
 20
-690.1948591105129
 30
0.0
 10
876.3879911832319
 20
-690.4524239642706
 30
0.0
 10
879.7666815369093
 20
-687.7991383041062
 30
0.0
 10
883.5430210176137
 20
-685.7074669874446
 30
0.0
 10
887.5610376820177
 20
-685.765118920297
 30
0.0
 10
893.7499079785803
 20
-685.8539080838855
 30
0.0
 10
899.8553003336438
 20
-684.0897650409497
 30
0.0
 10
905.1458979417403
 20
-682.2567417448172
 30
0.0
 10
910.3899663609527
 20
-680.4398286474388
 30
0.0
 10
915.7431419142295
 20
-682.9724098639063
 30
0.0
 10
920.3901721904476
 20
-679.9491693554564
 30
0.0
 10
921.6646753235818
 20
-679.1200433309359
 30
0.0
 10
922.8966767123784
 20
-680.2309910425656
 30
0.0
 10
924.1519579510878
 20
-680.5570089851581
 30
0.0
 10
926.7492020190766
 20
-681.2315472786404
 30
0.0
 10
929.2518011402344
 20
-684.2259236809887
 30
0.0
 10
932.1594330367534
 20
-680.9513122020153
 30
0.0
 10
932.4199354726125
 20
-680.6578960536817
 30
0.0
 10
933.9778242492521
 20
-681.3690942028525
 30
0.0
 10
934.8475386945738
 20
-681.7905528683668
 30
0.0
 10
937.9729271950664
 20
-683.3052319245335
 30
0.0
 10
940.9296817106679
 20
-685.3215850108454
 30
0.0
 10
944.7241141808854
 20
-683.7546851115576
 30
0.0
 10
945.8806620063324
 20
-683.2771153560634
 30
0.0
 10
946.8726643133223
 20
-684.3618992505872
 30
0.0
 10
947.8789457418834
 20
-684.9309584586654
 30
0.0
 10
949.1747150026576
 20
-685.6637284080616
 30
0.0
 10
950.5074025051035
 20
-686.8440445607275
 30
0.0
 10
951.8558031434668
 20
-686.8892782153744
 30
0.0
 10
962.0173813532911
 20
-687.2302621664685
 30
0.0
 10
969.2594589095643
 20
-694.2779401659836
 30
0.0
 10
977.9040635180227
 20
-698.0558885649361
 30
0.0
 10
983.4003048855102
 20
-700.4578947897962
 30
0.0
 10
984.8200401098466
 20
-700.7236978133706
 30
0.0
 10
991.2887872914089
 20
-697.6421646255276
 30
0.0
 10
988.4852587342148
 20
-695.3580252525371
 30
0.0
 10
985.994345304428
 20
-692.8853843494262
 30
0.0
 10
983.0991618728694
 20
-691.0507744428114
 30
0.0
 10
973.4506862003882
 20
-684.9367099216679
 30
0.0
 10
965.1498789036259
 20
-676.864203596856
 30
0.0
 10
954.8549373596315
 20
-671.700793360912
 30
0.0
 10
953.8528359303336
 20
-671.1981887226948
 30
0.0
 10
952.5184703259938
 20
-670.8289509003007
 30
0.0
 10
952.372200862711
 20
-669.4619639219172
 30
0.0
 10
952.0173585894581
 20
-666.1459937792861
 30
0.0
 10
949.1148830423954
 20
-665.6387055889691
 30
0.0
 10
946.9555320359495
 20
-664.2036774302424
 30
0.0
 10
944.3863275250651
 20
-662.4962557120862
 30
0.0
 10
940.4259460329886
 20
-662.9526350641054
 30
0.0
 10
939.6989312705564
 20
-658.0660883575092
 30
0.0
 10
939.4419986150906
 20
-656.3390475904916
 30
0.0
 10
934.4214533681779
 20
-655.2794053697817
 30
0.0
 10
931.5378946061046
 20
-654.0003837380054
 30
0.0
 10
929.8701969436997
 20
-653.2606571118749
 30
0.0
 10
928.3528877219551
 20
-652.6396364104658
 30
0.0
 10
930.1940095873833
 20
-650.5517027819624
 30
0.0
 10
931.305614793011
 20
-649.2911102411854
 30
0.0
 10
930.5883940434524
 20
-648.5583097800491
 30
0.0
 10
929.3446459413963
 20
-647.9542688619867
 30
0.0
 10
927.1000473587274
 20
-646.8641911805616
 30
0.0
 10
924.8181033811779
 20
-645.8199268768449
 30
0.0
 10
922.693290762807
 20
-644.5244289054335
 30
0.0
 10
921.1321678261529
 20
-643.5725846623727
 30
0.0
 10
917.31564543282
 20
-643.4708585209964
 30
0.0
 10
920.6217197408969
 20
-640.0195688111771
 30
0.0
 10
921.6612275869629
 20
-638.9344187757733
 30
0.0
 10
920.1858404016275
 20
-638.4282747757088
 30
0.0
 10
919.3983224381755
 20
-637.9974642618636
 30
0.0
 10
917.7944536696359
 20
-637.1200381528206
 30
0.0
 10
916.0353452204154
 20
-636.4710381857722
 30
0.0
 10
914.5723454781537
 20
-635.408283767576
 30
0.0
 10
913.2986051186081
 20
-634.4830152501108
 30
0.0
 10
909.640312478422
 20
-634.7801538307322
 30
0.0
 10
912.1599061951265
 20
-631.3178188710099
 30
0.0
 10
912.6888134012188
 20
-630.5909834550557
 30
0.0
 10
911.0749370432004
 20
-629.8416913984156
 30
0.0
 10
910.3250695840652
 20
-629.256399944622
 30
0.0
 10
907.9636445986198
 20
-627.4131857273087
 30
0.0
 10
905.5211825471588
 20
-625.6733300294636
 30
0.0
 10
903.1708635451578
 20
-623.8164923202112
 30
0.0
 10
902.4221555018767
 20
-623.2250069831853
 30
0.0
 10
900.4458091347224
 20
-622.4488798511566
 30
0.0
 10
902.208914517545
 20
-621.3861559447005
 30
0.0
 10
905.8303194270047
 20
-619.2033460604653
 30
0.0
 10
902.8450982010891
 20
-618.0840686437978
 30
0.0
 10
901.7309910980921
 20
-616.6550055302532
 30
0.0
 10
901.0165163334514
 20
-615.7384481145773
 30
0.0
 10
900.0062684822296
 20
-615.0264261484253
 30
0.0
 10
899.4057520916731
 20
-614.0519116824962
 30
0.0
 10
897.6250418944337
 20
-611.1621600368298
 30
0.0
 10
892.8585002524087
 20
-610.0688328550877
 30
0.0
 10
894.656388110855
 20
-604.8328962130099
 30
0.0
 10
895.1633579485497
 20
-603.3563568319241
 30
0.0
 10
892.313788377568
 20
-600.6829791909277
 30
0.0
 10
890.9276762130012
 20
-598.6093555685138
 30
0.0
 10
887.4630365313997
 20
-593.4262500043578
 30
0.0
 10
883.0595140954938
 20
-588.8738144794061
 30
0.0
 10
879.5473078529285
 20
-581.8993570281109
 30
0.0
 10
886.2898907526724
 20
-586.4488329142769
 30
0.0
 10
891.839495760395
 20
-590.1840801330081
 30
0.0
 10
897.3790626676955
 20
-593.9341713132817
 30
0.0
 10
901.5435623719877
 20
-596.7533416762426
 30
0.0
 10
907.1784454668759
 20
-597.1485755011718
 30
0.0
 10
910.2714923672265
 20
-601.7663900571479
 30
0.0
 10
910.4957478021715
 20
-602.1011648691392
 30
0.0
 10
911.2583688357026
 20
-602.3830628355972
 30
0.0
 10
911.6342026381053
 20
-602.262831323872
 30
0.0
 10
918.4211179387976
 20
-600.0916464126021
 30
0.0
 10
919.8357273246211
 20
-606.6360332597487
 30
0.0
 10
923.5210526607752
 20
-609.4990871328582
 30
0.0
 10
925.0808941378009
 20
-610.710876145401
 30
0.0
 10
925.9269320909434
 20
-614.586263786251
 30
0.0
 10
929.0292543181267
 20
-610.9820950028379
 30
0.0
 10
929.7757350625316
 20
-610.1148598149757
 30
0.0
 10
930.6247935990832
 20
-611.7156277457352
 30
0.0
 10
931.203189555581
 20
-612.4192589833692
 30
0.0
 10
933.0002231076087
 20
-614.6054099031417
 30
0.0
 10
934.6836949278177
 20
-616.885475958833
 30
0.0
 10
936.4968992799168
 20
-619.0575609664356
 30
0.0
 10
937.6615019944556
 20
-620.452740792638
 30
0.0
 10
938.5848241675594
 20
-622.7901994313916
 30
0.0
 10
940.9934800935889
 20
-620.2547348554881
 30
0.0
 10
942.0684111450937
 20
-619.1231764634449
 30
0.0
 10
942.6949228595377
 20
-620.5456948087458
 30
0.0
 10
943.2003366391118
 20
-621.2821109110791
 30
0.0
 10
944.7070585634519
 20
-623.477400097001
 30
0.0
 10
946.0323624175635
 20
-625.8048203732733
 30
0.0
 10
947.6378177551669
 20
-627.9219079694085
 30
0.0
 10
948.6215821074029
 20
-629.2191756217435
 30
0.0
 10
948.9339836582067
 20
-632.1667165030922
 30
0.0
 10
951.9078853240726
 20
-629.9681930727238
 30
0.0
 10
953.0361189939231
 20
-629.1341088904428
 30
0.0
 10
953.2946687293961
 20
-630.8885644559077
 30
0.0
 10
953.8868251214262
 20
-631.5602499016941
 30
0.0
 10
956.5058845140384
 20
-634.5310864965832
 30
0.0
 10
955.9588232965461
 20
-639.8512202853699
 30
0.0
 10
961.6274514949782
 20
-640.8778335474599
 30
0.0
 10
962.9707262948286
 20
-641.1211189068663
 30
0.0
 10
963.5136990458877
 20
-645.8684557994175
 30
0.0
 10
964.3929634165343
 20
-648.5543890214512
 30
0.0
 10
964.8623437717997
 20
-649.9881509429661
 30
0.0
 10
964.9823738236464
 20
-651.5606650024247
 30
0.0
 10
967.3150575002865
 20
-650.4569333173213
 30
0.0
 10
969.3383602095328
 20
-649.4996122169186
 30
0.0
 10
969.1047074039798
 20
-651.7304933476253
 30
0.0
 10
969.7605096242132
 20
-652.6722076929855
 30
0.0
 10
977.8867333020971
 20
-664.3405225844326
 30
0.0
 10
982.64503698937
 20
-677.5725031307202
 30
0.0
 10
987.3586116334272
 20
-690.8102198841398
 30
0.0
 10
988.2203017006004
 20
-693.2301517562892
 30
0.0
 10
989.6454678728851
 20
-693.139531888296
 30
0.0
 10
991.6334999314104
 20
-692.7373718983727
 30
0.0
 10
993.7508983905036
 20
-692.3090633472129
 30
0.0
 10
994.7171189502105
 20
-691.5927239698422
 30
0.0
 10
994.3470822270792
 20
-689.0935683646148
 30
0.0
 10
993.1049817159737
 20
-680.7041213398797
 30
0.0
 10
992.6938162409642
 20
-672.2003925927329
 30
0.0
 10
990.4622458311824
 20
-663.9463261586652
 30
0.0
 10
989.5888395616939
 20
-660.7157583764756
 30
0.0
 10
988.6277448404999
 20
-657.6478791923109
 30
0.0
 10
989.9660158456109
 20
-653.897070986146
 30
0.0
 10
991.1695505240941
 20
-650.523662492843
 30
0.0
 10
988.2163962998284
 20
-646.9958798506814
 30
0.0
 10
987.3540349918976
 20
-643.4664800862965
 30
0.0
 10
987.0035252726257
 20
-642.0318485801909
 30
0.0
 10
985.3625246858101
 20
-640.4252681629487
 30
0.0
 10
988.1536657999313
 20
-639.5018150940186
 30
0.0
 10
989.9950012419649
 20
-638.8926176918849
 30
0.0
 10
988.7222677435557
 20
-637.5445174806018
 30
0.0
 10
988.4345495460675
 20
-636.604115140065
 30
0.0
 10
987.5099459133362
 20
-633.5821103570879
 30
0.0
 10
986.3543744380822
 20
-630.6292451770978
 30
0.0
 10
985.4751710893224
 20
-627.5954170948453
 30
0.0
 10
984.8427402518337
 20
-625.4130496308408
 30
0.0
 10
982.284763768168
 20
-622.4869127351476
 30
0.0
 10
987.4420895749254
 20
-622.0757517819047
 30
0.0
 10
989.1425254797368
 20
-621.9401881207968
 30
0.0
 10
988.1946114861485
 20
-620.2893504245912
 30
0.0
 10
987.8875493504629
 20
-619.2519665182581
 30
0.0
 10
987.0375144637183
 20
-616.3797286113886
 30
0.0
 10
986.0864273320021
 20
-613.5331968455248
 30
0.0
 10
985.3589243944734
 20
-610.6304471985904
 30
0.0
 10
984.8924120679003
 20
-608.769032728328
 30
0.0
 10
982.5685765648832
 20
-606.0683318241036
 30
0.0
 10
987.2415106321587
 20
-605.9994210591667
 30
0.0
 10
988.7967144457689
 20
-605.9764609747681
 30
0.0
 10
987.7664209046488
 20
-604.4458090226781
 30
0.0
 10
987.5936069204945
 20
-603.6307336544569
 30
0.0
 10
987.0066984107525
 20
-600.8639595771219
 30
0.0
 10
986.18192658525
 20
-598.1402680767578
 30
0.0
 10
985.7325614089414
 20
-595.3542258355719
 30
0.0
 10
985.4203734347429
 20
-593.4194001187134
 30
0.0
 10
982.9450205861567
 20
-590.0594701865839
 30
0.0
 10
988.1466482829192
 20
-590.8118973245164
 30
0.0
 10
989.693125966679
 20
-591.0355941468015
 30
0.0
 10
989.3921660196993
 20
-589.6054249826793
 30
0.0
 10
989.2398553895982
 20
-588.6927578138611
 30
0.0
 10
988.8844028974736
 20
-586.5636485921405
 30
0.0
 10
988.4723220941578
 20
-584.4408629285481
 30
0.0
 10
987.98908977053
 20
-582.3371547304305
 30
0.0
 10
987.5418603602684
 20
-580.3900404102615
 30
0.0
 10
986.4938704719007
 20
-578.7408884876941
 30
0.0
 10
990.1191197602448
 20
-578.4810428813671
 30
0.0
 10
992.3916358562437
 20
-578.3181559570312
 30
0.0
 10
990.4073261328285
 20
-575.3348019207815
 30
0.0
 10
991.041953758252
 20
-573.8603525938906
 30
0.0
 10
991.8987010525734
 20
-571.8699039748935
 30
0.0
 10
986.8128928974502
 20
-567.5797244837331
 30
0.0
 10
993.4042940720028
 20
-567.7020155379132
 30
0.0
 10
994.1187383257002
 20
-567.7152728889714
 30
0.0
 10
993.7466878802961
 20
-565.922799695385
 30
0.0
 10
993.6856659932364
 20
-564.9667829718701
 30
0.0
 10
993.5371997420198
 20
-562.6397746040884
 30
0.0
 10
993.3159954014272
 20
-560.3175031839528
 30
0.0
 10
993.1364079878094
 20
-557.9923712881855
 30
0.0
 10
992.9988036324894
 20
-556.2104399007912
 30
0.0
 10
992.764235498631
 20
-554.346302257728
 30
0.0
 10
995.5982749993555
 20
-555.7140291458072
 30
0.0
 10
997.6738124439253
 20
-556.7157066883292
 30
0.0
 10
998.2106830062785
 20
-555.705051066293
 30
0.0
 10
998.1591805336002
 20
-553.7462049820688
 30
0.0
 10
998.0803402555184
 20
-550.7496012226957
 30
0.0
 10
998.0226135503599
 20
-547.7437371502128
 30
0.0
 10
998.1744970272521
 20
-544.752892481777
 30
0.0
 10
998.2726812435312
 20
-542.8185549527589
 30
0.0
 10
996.8232893820841
 20
-539.6315503074466
 30
0.0
 10
1001.175065257763
 20
-540.398401870495
 30
0.0
 10
1002.300491920809
 20
-540.5967205529805
 30
0.0
 10
1002.346990598749
 20
-539.2319914433629
 30
0.0
 10
1002.136098957069
 20
-538.5544629993547
 30
0.0
 10
999.2284670605513
 20
-529.2137323847819
 30
0.0
 10
1005.063013769899
 20
-521.0475664598735
 30
0.0
 10
1005.625940678028
 20
-512.1843941588932
 30
0.0
 10
1005.630517319558
 20
-512.1121232885826
 30
0.0
 10
1005.809006339206
 20
-512.0509014821428
 30
0.0
 10
1006.407631051265
 20
-511.6425704927906
 30
0.0
  0
HATCH
  5
68
330
41
100
AcDbEntity
  8
katman 1
 62
    92
420
  1229312
100
AcDbHatch
 10
0.0
 20
0.0
 30
0.0
210
0.0
220
0.0
230
1.0
  2
SOLID
 70
     1
 71
     0
 91
        1
 92
        1
 93
        1
 72
     4
 94
        3
 73
     0
 74
     1
 95
      497
 96
      493
 40
0.0
 40
0.0
 40
0.0
 40
0.0
 40
1.0
 40
1.0
 40
1.0
 40
2.0
 40
2.0
 40
2.0
 40
3.0
 40
3.0
 40
3.0
 40
4.0
 40
4.0
 40
4.0
 40
5.0
 40
5.0
 40
5.0
 40
6.0
 40
6.0
 40
6.0
 40
7.0
 40
7.0
 40
7.0
 40
8.0
 40
8.0
 40
8.0
 40
9.0
 40
9.0
 40
9.0
 40
10.0
 40
10.0
 40
10.0
 40
11.0
 40
11.0
 40
11.0
 40
12.0
 40
12.0
 40
12.0
 40
13.0
 40
13.0
 40
13.0
 40
14.0
 40
14.0
 40
14.0
 40
15.0
 40
15.0
 40
15.0
 40
16.0
 40
16.0
 40
16.0
 40
17.0
 40
17.0
 40
17.0
 40
18.0
 40
18.0
 40
18.0
 40
19.0
 40
19.0
 40
19.0
 40
20.0
 40
20.0
 40
20.0
 40
21.0
 40
21.0
 40
21.0
 40
22.0
 40
22.0
 40
22.0
 40
23.0
 40
23.0
 40
23.0
 40
24.0
 40
24.0
 40
24.0
 40
25.0
 40
25.0
 40
25.0
 40
26.0
 40
26.0
 40
26.0
 40
27.0
 40
27.0
 40
27.0
 40
28.0
 40
28.0
 40
28.0
 40
29.0
 40
29.0
 40
29.0
 40
30.0
 40
30.0
 40
30.0
 40
31.0
 40
31.0
 40
31.0
 40
32.0
 40
32.0
 40
32.0
 40
33.0
 40
33.0
 40
33.0
 40
34.0
 40
34.0
 40
34.0
 40
35.0
 40
35.0
 40
35.0
 40
36.0
 40
36.0
 40
36.0
 40
37.0
 40
37.0
 40
37.0
 40
38.0
 40
38.0
 40
38.0
 40
39.0
 40
39.0
 40
39.0
 40
40.0
 40
40.0
 40
40.0
 40
41.0
 40
41.0
 40
41.0
 40
42.0
 40
42.0
 40
42.0
 40
43.0
 40
43.0
 40
43.0
 40
44.0
 40
44.0
 40
44.0
 40
45.0
 40
45.0
 40
45.0
 40
46.0
 40
46.0
 40
46.0
 40
47.0
 40
47.0
 40
47.0
 40
48.0
 40
48.0
 40
48.0
 40
49.0
 40
49.0
 40
49.0
 40
50.0
 40
50.0
 40
50.0
 40
51.0
 40
51.0
 40
51.0
 40
52.0
 40
52.0
 40
52.0
 40
53.0
 40
53.0
 40
53.0
 40
54.0
 40
54.0
 40
54.0
 40
55.0
 40
55.0
 40
55.0
 40
56.0
 40
56.0
 40
56.0
 40
57.0
 40
57.0
 40
57.0
 40
58.0
 40
58.0
 40
58.0
 40
59.0
 40
59.0
 40
59.0
 40
60.0
 40
60.0
 40
60.0
 40
61.0
 40
61.0
 40
61.0
 40
62.0
 40
62.0
 40
62.0
 40
63.0
 40
63.0
 40
63.0
 40
64.0
 40
64.0
 40
64.0
 40
65.0
 40
65.0
 40
65.0
 40
66.0
 40
66.0
 40
66.0
 40
67.0
 40
67.0
 40
67.0
 40
68.0
 40
68.0
 40
68.0
 40
69.0
 40
69.0
 40
69.0
 40
70.0
 40
70.0
 40
70.0
 40
71.0
 40
71.0
 40
71.0
 40
72.0
 40
72.0
 40
72.0
 40
73.0
 40
73.0
 40
73.0
 40
74.0
 40
74.0
 40
74.0
 40
75.0
 40
75.0
 40
75.0
 40
76.0
 40
76.0
 40
76.0
 40
77.0
 40
77.0
 40
77.0
 40
78.0
 40
78.0
 40
78.0
 40
79.0
 40
79.0
 40
79.0
 40
80.0
 40
80.0
 40
80.0
 40
81.0
 40
81.0
 40
81.0
 40
82.0
 40
82.0
 40
82.0
 40
83.0
 40
83.0
 40
83.0
 40
84.0
 40
84.0
 40
84.0
 40
85.0
 40
85.0
 40
85.0
 40
86.0
 40
86.0
 40
86.0
 40
87.0
 40
87.0
 40
87.0
 40
88.0
 40
88.0
 40
88.0
 40
89.0
 40
89.0
 40
89.0
 40
90.0
 40
90.0
 40
90.0
 40
91.0
 40
91.0
 40
91.0
 40
92.0
 40
92.0
 40
92.0
 40
93.0
 40
93.0
 40
93.0
 40
94.0
 40
94.0
 40
94.0
 40
95.0
 40
95.0
 40
95.0
 40
96.0
 40
96.0
 40
96.0
 40
97.0
 40
97.0
 40
97.0
 40
98.0
 40
98.0
 40
98.0
 40
99.0
 40
99.0
 40
99.0
 40
100.0
 40
100.0
 40
100.0
 40
101.0
 40
101.0
 40
101.0
 40
102.0
 40
102.0
 40
102.0
 40
103.0
 40
103.0
 40
103.0
 40
104.0
 40
104.0
 40
104.0
 40
105.0
 40
105.0
 40
105.0
 40
106.0
 40
106.0
 40
106.0
 40
107.0
 40
107.0
 40
107.0
 40
108.0
 40
108.0
 40
108.0
 40
109.0
 40
109.0
 40
109.0
 40
110.0
 40
110.0
 40
110.0
 40
111.0
 40
111.0
 40
111.0
 40
112.0
 40
112.0
 40
112.0
 40
113.0
 40
113.0
 40
113.0
 40
114.0
 40
114.0
 40
114.0
 40
115.0
 40
115.0
 40
115.0
 40
116.0
 40
116.0
 40
116.0
 40
117.0
 40
117.0
 40
117.0
 40
118.0
 40
118.0
 40
118.0
 40
119.0
 40
119.0
 40
119.0
 40
120.0
 40
120.0
 40
120.0
 40
121.0
 40
121.0
 40
121.0
 40
122.0
 40
122.0
 40
122.0
 40
123.0
 40
123.0
 40
123.0
 40
124.0
 40
124.0
 40
124.0
 40
125.0
 40
125.0
 40
125.0
 40
126.0
 40
126.0
 40
126.0
 40
127.0
 40
127.0
 40
127.0
 40
128.0
 40
128.0
 40
128.0
 40
129.0
 40
129.0
 40
129.0
 40
130.0
 40
130.0
 40
130.0
 40
131.0
 40
131.0
 40
131.0
 40
132.0
 40
132.0
 40
132.0
 40
133.0
 40
133.0
 40
133.0
 40
134.0
 40
134.0
 40
134.0
 40
135.0
 40
135.0
 40
135.0
 40
136.0
 40
136.0
 40
136.0
 40
137.0
 40
137.0
 40
137.0
 40
138.0
 40
138.0
 40
138.0
 40
139.0
 40
139.0
 40
139.0
 40
140.0
 40
140.0
 40
140.0
 40
141.0
 40
141.0
 40
141.0
 40
142.0
 40
142.0
 40
142.0
 40
143.0
 40
143.0
 40
143.0
 40
144.0
 40
144.0
 40
144.0
 40
145.0
 40
145.0
 40
145.0
 40
146.0
 40
146.0
 40
146.0
 40
147.0
 40
147.0
 40
147.0
 40
148.0
 40
148.0
 40
148.0
 40
149.0
 40
149.0
 40
149.0
 40
150.0
 40
150.0
 40
150.0
 40
151.0
 40
151.0
 40
151.0
 40
152.0
 40
152.0
 40
152.0
 40
153.0
 40
153.0
 40
153.0
 40
154.0
 40
154.0
 40
154.0
 40
155.0
 40
155.0
 40
155.0
 40
156.0
 40
156.0
 40
156.0
 40
157.0
 40
157.0
 40
157.0
 40
158.0
 40
158.0
 40
158.0
 40
159.0
 40
159.0
 40
159.0
 40
160.0
 40
160.0
 40
160.0
 40
161.0
 40
161.0
 40
161.0
 40
162.0
 40
162.0
 40
162.0
 40
163.0
 40
163.0
 40
163.0
 40
164.0
 40
164.0
 40
164.0
 40
164.0
 10
1006.407631051265
 20
-511.6425704927906
 10
1007.10138888525
 20
-514.3159977153646
 10
1007.888022031339
 20
-516.790614253644
 10
1008.358561802459
 20
-519.3239468217116
 10
1008.791756178696
 20
-521.6563557674845
 10
1009.167651002987
 20
-523.9723303272649
 10
1011.144882187502
 20
-525.5223229085886
 10
1013.115767095764
 20
-527.0674107276964
 10
1012.383626494819
 20
-529.1623429865776
 10
1012.433237288998
 20
-531.0680566894471
 10
1012.523793769395
 20
-534.5505522814174
 10
1012.458988525337
 20
-538.037083051011
 10
1012.458988525337
 20
-541.3075449333355
 10
1014.213062668876
 20
-542.3901396105093
 10
1015.576901844664
 20
-540.7393476819134
 10
1017.346292481854
 20
-541.4901653255583
 10
1016.684693182351
 20
-545.7894068035175
 10
1016.013025271483
 20
-550.1544544768612
 10
1015.347764658754
 20
-554.4775637634866
 10
1017.188794991353
 20
-555.4228479824342
 10
1018.392634779271
 20
-553.6876453249488
 10
1020.255144816114
 20
-554.1720802219579
 10
1020.520529002939
 20
-559.9496994133415
 10
1018.830527840813
 20
-565.6862574305333
 10
1018.567401463812
 20
-571.6017820590741
 10
1020.04748733445
 20
-573.01979229478
 10
1021.553080353879
 20
-570.668420302557
 10
1023.396124408751
 20
-571.7410300127949
 10
1022.802076338221
 20
-574.518872223839
 10
1021.99371940034
 20
-577.3730853202642
 10
1021.635581945184
 20
-580.2827001087126
 10
1021.375262574986
 20
-582.3979646283797
 10
1018.370361790494
 20
-586.2462273323117
 10
1024.398286859936
 20
-585.3984662625462
 10
1026.291185796534
 20
-585.1322437025456
 10
1025.295186555943
 20
-587.0943469150225
 10
1025.014790984902
 20
-588.0187916155055
 10
1023.855985349634
 20
-591.839616637184
 10
1022.543892734071
 20
-595.6138807435236
 10
1021.378923888211
 20
-599.4329589680829
 10
1021.123730356525
 20
-600.2696366482696
 10
1020.221155625022
 20
-601.8569183899208
 10
1021.466490296141
 20
-602.0044273972635
 10
1027.111869155604
 20
-602.673153204264
 10
1024.025199042451
 20
-606.2404485498091
 10
1023.631729914689
 20
-608.5518501625465
 10
1022.746790508545
 20
-613.7508523432771
 10
1022.530589962693
 20
-619.2246432550301
 10
1018.941465631488
 20
-623.6014913438439
 10
1018.199927659936
 20
-624.5058288076243
 10
1018.43791301947
 20
-625.2316573361559
 10
1018.950191761338
 20
-626.2641593640783
 10
1020.419293692306
 20
-629.2249423406156
 10
1019.612096170276
 20
-632.4641602011134
 10
1019.865764154785
 20
-635.5077520401874
 10
1020.14316965336
 20
-638.8370863249665
 10
1019.19775755714
 20
-640.7382423366635
 10
1017.406460062495
 20
-642.906879517639
 10
1016.708308652644
 20
-643.7521157409137
 10
1015.197406729039
 20
-644.8128258725255
 10
1015.965367177689
 20
-645.7785529573166
 10
1019.169443401544
 20
-649.8078570709231
 10
1015.766008672663
 20
-652.190137455832
 10
1013.935168995204
 20
-654.9107930380587
 10
1006.619682108798
 20
-665.7814852766023
 10
1002.370606069042
 20
-678.0668390873798
 10
997.4299689832333
 20
-690.0499588569455
 10
996.1457633700575
 20
-693.1647498414595
 10
998.1225063794773
 20
-693.608451565482
 10
999.9195399315049
 20
-694.8072273208882
 10
1002.684319590417
 20
-696.6516772636742
 10
1003.304179919171
 20
-694.4584933878168
 10
1004.241598148186
 20
-692.7904775819552
 10
1010.35416057498
 20
-681.9133015986481
 10
1016.107426130764
 20
-670.8140611711488
 10
1023.580898682769
 20
-660.7666367030333
 10
1027.023021288045
 20
-656.1389973667565
 10
1033.308336677104
 20
-654.0967245572601
 10
1035.258657209426
 20
-648.072211993207
 10
1041.870744803693
 20
-649.6682048366465
 10
1041.561363836299
 20
-643.0390868873392
 10
1044.513053535276
 20
-640.2851582525718
 10
1044.752930573308
 20
-640.0613393833264
 10
1045.124797953051
 20
-639.606592409401
 10
1045.225667132361
 20
-639.6594082314523
 10
1051.436352753546
 20
-642.9128445628212
 10
1050.169782465731
 20
-635.4934267782264
 10
1053.140083840261
 20
-634.0780024124906
 10
1054.686317436472
 20
-633.3411591457962
 10
1054.573121835976
 20
-628.930000605279
 10
1057.940248542056
 20
-632.1402170568463
 10
1058.554860988523
 20
-632.7261492571806
 10
1059.570326211087
 20
-631.2913499365031
 10
1060.228813394351
 20
-630.5831571937297
 10
1062.383191117002
 20
-628.2660193738593
 10
1064.565333798266
 20
-625.9691871170025
 10
1066.60859066458
 20
-623.5559525717972
 10
1068.307562044103
 20
-621.5493022188266
 10
1069.758845584049
 20
-620.4001995762465
 10
1070.912037205708
 20
-623.9043661315973
 10
1071.620745402022
 20
-626.05777795428
 10
1072.590566253066
 20
-625.9104062497672
 10
1074.057288330438
 20
-624.484318030879
 10
1075.725321613221
 20
-622.8625122553449
 10
1077.800126795146
 20
-621.6242695641658
 10
1079.310540543654
 20
-619.8831171173688
 10
1081.878585638684
 20
-616.9228070728022
 10
1083.648647516631
 20
-616.7937424123284
 10
1084.650443836494
 20
-621.1414060217703
 10
1088.952303808557
 20
-618.1946126780531
 10
1092.90054194511
 20
-615.4236584923292
 10
1096.93329539524
 20
-612.7817384553391
 10
1097.774787217797
 20
-612.230452335848
 10
1099.081143775975
 20
-610.4615036938521
 10
1099.792475913433
 20
-611.8042338388832
 10
1102.561710170099
 20
-617.0320391022342
 10
1105.114133662042
 20
-612.9425505813506
 10
1107.020457413795
 20
-611.4913512003886
 10
1109.805679404872
 20
-609.371029359806
 10
1112.930366153661
 20
-610.2638944093223
 10
1115.712903181708
 20
-609.3887719366539
 10
1119.591576367013
 20
-608.1689125688636
 10
1123.152020411297
 20
-605.9371618535652
 10
1127.128267594009
 20
-604.4885407146385
 10
1119.667487594514
 20
-612.986243393123
 10
1112.926399731004
 20
-622.2103390673301
 10
1102.144564550159
 20
-626.7970469043103
 10
1102.536141999422
 20
-629.1061906482837
 10
1104.960724637975
 20
-628.9202978719386
 10
1105.547938257152
 20
-630.9672542335347
 10
1101.95503056895
 20
-633.0946547978128
 10
1098.240384216064
 20
-635.2413692935515
 10
1094.591153326106
 20
-637.4940510625347
 10
1093.739409826523
 20
-638.0198293673311
 10
1091.599860422428
 20
-638.6203919470263
 10
1092.610749003463
 20
-639.6496292187621
 10
1097.101654781638
 20
-644.2222406318315
 10
1091.465185117686
 20
-643.2283817227017
 10
1090.113794406858
 20
-644.2040251230128
 10
1088.533693663327
 20
-645.3447828046856
 10
1086.157318315552
 20
-645.5066323298588
 10
1084.807941326995
 20
-646.8027557919413
 10
1083.765748517899
 20
-647.803845983467
 10
1077.948409980701
 20
-646.0327615196666
 10
1081.998066493547
 20
-650.7724399654608
 10
1082.420459995776
 20
-651.2668064338604
 10
1081.054668119601
 20
-651.8546761296893
 10
1080.290918181159
 20
-652.176208846492
 10
1077.533888301903
 20
-653.3367228798561
 10
1074.801023089924
 20
-654.5546600080224
 10
1072.052170143535
 20
-655.7348083461184
 10
1071.14672738334
 20
-656.123527914544
 10
1069.583529702526
 20
-656.736264678525
 10
1070.176235291539
 20
-657.5730186380615
 10
1073.14257024341
 20
-661.7606024032539
 10
1069.105484239299
 20
-661.2453811605201
 10
1067.312234044268
 20
-661.8811847999905
 10
1064.103764244544
 20
-663.018769260696
 10
1061.009527417396
 20
-664.1007308192629
 10
1059.723613191381
 20
-667.7072337507916
 10
1059.520593373134
 20
-668.2766896114908
 10
1059.028573897769
 20
-669.0441208975999
 10
1058.535028875229
 20
-669.1642151064952
 10
1049.973169945624
 20
-671.2473889035491
 10
1043.680531930117
 20
-678.4042226531465
 10
1034.759498173276
 20
-679.761827271459
 10
1033.507756204017
 20
-679.9523120646836
 10
1030.196037371386
 20
-679.5385271017949
 10
1032.107364917878
 20
-683.1642066619543
 10
1032.723991086619
 20
-684.3339199849479
 10
1030.433534555825
 20
-684.7291690657466
 10
1029.327878984186
 20
-685.194961289576
 10
1021.076621459715
 20
-688.6711180675475
 10
1012.804128318548
 20
-692.0968236833223
 10
1004.410872862891
 20
-695.591379040553
 10
1008.533084399449
 20
-700.4704656267031
 10
1009.191571582713
 20
-700.7180226297196
 10
1014.674632222597
 20
-699.4463695831682
 10
1025.909921046185
 20
-696.8406669816359
 10
1036.288584619226
 20
-691.7676020080225
 10
1047.184835838307
 20
-688.1970419062909
 10
1049.178664976103
 20
-687.543709272154
 10
1051.70216409358
 20
-684.9990911742307
 10
1053.708746805773
 20
-688.4911903363854
 10
1053.801194964668
 20
-688.6519566947873
 10
1054.357470487106
 20
-688.7119732874944
 10
1054.593930299463
 20
-688.599903666237
 10
1060.36873658138
 20
-685.8629853265547
 10
1066.181315411388
 20
-683.7647692416494
 10
1072.840267814914
 20
-684.2693723988405
 10
1079.297481859823
 20
-684.7587044301299
 10
1085.548441926469
 20
-682.5654900425325
 10
1092.300879860972
 20
-683.1457318033445
 10
1099.161387557459
 20
-683.7352491331367
 10
1106.074191011157
 20
-683.7009997049136
 10
1114.240261981291
 20
-685.7179477701566
 10
1105.915167973479
 20
-687.7731880691808
 10
1101.318999440124
 20
-694.8176928477296
 10
1093.316955302407
 20
-695.1871900199139
 10
1091.749425067612
 20
-695.2595486114778
 10
1090.592022935745
 20
-696.3767664856905
 10
1089.610974057483
 20
-697.5409114161221
 10
1088.222848170644
 20
-699.1881639828707
 10
1086.503068327635
 20
-699.7811901627692
 10
1084.346981992145
 20
-699.8592239379859
 10
1082.1034512925
 20
-699.9404461900376
 10
1078.612511177575
 20
-698.3000587648048
 10
1078.822914644157
 20
-702.9545636882085
 10
1078.827552307575
 20
-703.0563661089345
 10
1078.562290164526
 20
-703.2817563327926
 10
1078.461665072762
 20
-703.2610541171589
 10
1070.883601006339
 20
-701.7019194557188
 10
1065.468152617317
 20
-710.6660245928333
 10
1057.514987011135
 20
-707.5361455528573
 10
1055.738029659949
 20
-706.8368164705726
 10
1053.297825418311
 20
-705.4040919482195
 10
1052.672290054059
 20
-709.1022826586423
 10
1052.626157507442
 20
-709.3749813354716
 10
1051.515498141063
 20
-709.7184672492513
 10
1050.974783199825
 20
-709.6193803733904
 10
1041.06031312165
 20
-707.8022079262219
 10
1030.810588795968
 20
-710.380556752787
 10
1020.93370820022
 20
-706.6539138447542
 10
1014.469964813397
 20
-704.2150952055044
 10
1007.420045179477
 20
-703.3300716731856
 10
1000.299645266001
 20
-702.1931584707618
 10
1010.714555839955
 20
-710.8050971040484
 10
1021.858311832953
 20
-718.5995804533895
 10
1028.348294631212
 20
-731.005104752413
 10
1019.858441528339
 20
-727.0486779299517
 10
1011.382196306278
 20
-723.1098258697675
 10
1005.576146818186
 20
-715.2674696002641
 10
996.9714505238653
 20
-703.644815527824
 10
995.9512255941099
 20
-703.3884101201893
 10
984.9641738070823
 20
-712.1030665264052
 10
975.0049136638045
 20
-720.0024950056986
 10
964.1704165944266
 20
-726.1450117244522
 10
951.5171621812278
 20
-729.7917138735165
 10
959.8478702026496
 20
-713.4468188147284
 10
976.1100200384608
 20
-709.3569336412238
 10
990.8399102901967
 20
-702.6487140057989
 10
977.2896951591028
 20
-703.5776439320716
 10
963.7484502454072
 20
-704.685723540134
 10
950.1856951165237
 20
-705.3621840732403
 10
943.0859816227612
 20
-705.7163033284332
 10
935.8215700558248
 20
-706.3840527597504
 10
929.1437008673083
 20
-702.736816655236
 10
927.7792209617046
 20
-701.9915674041531
 10
926.1550624157171
 20
-702.6726046982694
 10
924.7505826631459
 20
-702.4570545105817
 10
920.1008674238965
 20
-701.7434154222065
 10
916.0313787977566
 20
-698.4409009569436
 10
910.9921913643475
 20
-699.3026592874639
 10
910.0348494892078
 20
-693.6389480496773
 10
905.4690393446663
 20
-696.3992841498584
 10
902.5200956306071
 20
-695.8963896501109
 10
893.7699841794229
 20
-694.4041824905016
 10
885.6018384651288
 20
-690.1948591105129
 10
876.3879911832319
 20
-690.4524239642706
 10
879.7666815369093
 20
-687.7991383041062
 10
883.5430210176137
 20
-685.7074669874446
 10
887.5610376820177
 20
-685.765118920297
 10
893.7499079785803
 20
-685.8539080838855
 10
899.8553003336438
 20
-684.0897650409497
 10
905.1458979417403
 20
-682.2567417448172
 10
910.3899663609527
 20
-680.4398286474388
 10
915.7431419142295
 20
-682.9724098639063
 10
920.3901721904476
 20
-679.9491693554564
 10
921.6646753235818
 20
-679.1200433309359
 10
922.8966767123784
 20
-680.2309910425656
 10
924.1519579510878
 20
-680.5570089851581
 10
926.7492020190766
 20
-681.2315472786404
 10
929.2518011402344
 20
-684.2259236809887
 10
932.1594330367534
 20
-680.9513122020153
 10
932.4199354726125
 20
-680.6578960536817
 10
933.9778242492521
 20
-681.3690942028525
 10
934.8475386945738
 20
-681.7905528683668
 10
937.9729271950664
 20
-683.3052319245335
 10
940.9296817106679
 20
-685.3215850108454
 10
944.7241141808854
 20
-683.7546851115576
 10
945.8806620063324
 20
-683.2771153560634
 10
946.8726643133223
 20
-684.3618992505872
 10
947.8789457418834
 20
-684.9309584586654
 10
949.1747150026576
 20
-685.6637284080616
 10
950.5074025051035
 20
-686.8440445607275
 10
951.8558031434668
 20
-686.8892782153744
 10
962.0173813532911
 20
-687.2302621664685
 10
969.2594589095643
 20
-694.2779401659836
 10
977.9040635180227
 20
-698.0558885649361
 10
983.4003048855102
 20
-700.4578947897962
 10
984.8200401098466
 20
-700.7236978133706
 10
991.2887872914089
 20
-697.6421646255276
 10
988.4852587342148
 20
-695.3580252525371
 10
985.994345304428
 20
-692.8853843494262
 10
983.0991618728694
 20
-691.0507744428114
 10
973.4506862003882
 20
-684.9367099216679
 10
965.1498789036259
 20
-676.864203596856
 10
954.8549373596315
 20
-671.700793360912
 10
953.8528359303336
 20
-671.1981887226948
 10
952.5184703259938
 20
-670.8289509003007
 10
952.372200862711
 20
-669.4619639219172
 10
952.0173585894581
 20
-666.1459937792861
 10
949.1148830423954
 20
-665.6387055889691
 10
946.9555320359495
 20
-664.2036774302424
 10
944.3863275250651
 20
-662.4962557120862
 10
940.4259460329886
 20
-662.9526350641054
 10
939.6989312705564
 20
-658.0660883575092
 10
939.4419986150906
 20
-656.3390475904916
 10
934.4214533681779
 20
-655.2794053697817
 10
931.5378946061046
 20
-654.0003837380054
 10
929.8701969436997
 20
-653.2606571118749
 10
928.3528877219551
 20
-652.6396364104658
 10
930.1940095873833
 20
-650.5517027819624
 10
931.305614793011
 20
-649.2911102411854
 10
930.5883940434524
 20
-648.5583097800491
 10
929.3446459413963
 20
-647.9542688619867
 10
927.1000473587274
 20
-646.8641911805616
 10
924.8181033811779
 20
-645.8199268768449
 10
922.693290762807
 20
-644.5244289054335
 10
921.1321678261529
 20
-643.5725846623727
 10
917.31564543282
 20
-643.4708585209964
 10
920.6217197408969
 20
-640.0195688111771
 10
921.6612275869629
 20
-638.9344187757733
 10
920.1858404016275
 20
-638.4282747757088
 10
919.3983224381755
 20
-637.9974642618636
 10
917.7944536696359
 20
-637.1200381528206
 10
916.0353452204154
 20
-636.4710381857722
 10
914.5723454781537
 20
-635.408283767576
 10
913.2986051186081
 20
-634.4830152501108
 10
909.640312478422
 20
-634.7801538307322
 10
912.1599061951265
 20
-631.3178188710099
 10
912.6888134012188
 20
-630.5909834550557
 10
911.0749370432004
 20
-629.8416913984156
 10
910.3250695840652
 20
-629.256399944622
 10
907.9636445986198
 20
-627.4131857273087
 10
905.5211825471588
 20
-625.6733300294636
 10
903.1708635451578
 20
-623.8164923202112
 10
902.4221555018767
 20
-623.2250069831853
 10
900.4458091347224
 20
-622.4488798511566
 10
902.208914517545
 20
-621.3861559447005
 10
905.8303194270047
 20
-619.2033460604653
 10
902.8450982010891
 20
-618.0840686437978
 10
901.7309910980921
 20
-616.6550055302532
 10
901.0165163334514
 20
-615.7384481145773
 10
900.0062684822296
 20
-615.0264261484253
 10
899.4057520916731
 20
-614.0519116824962
 10
897.6250418944337
 20
-611.1621600368298
 10
892.8585002524087
 20
-610.0688328550877
 10
894.656388110855
 20
-604.8328962130099
 10
895.1633579485497
 20
-603.3563568319241
 10
892.313788377568
 20
-600.6829791909277
 10
890.9276762130012
 20
-598.6093555685138
 10
887.4630365313997
 20
-593.4262500043578
 10
883.0595140954938
 20
-588.8738144794061
 10
879.5473078529285
 20
-581.8993570281109
 10
886.2898907526724
 20
-586.4488329142769
 10
891.839495760395
 20
-590.1840801330081
 10
897.3790626676955
 20
-593.9341713132817
 10
901.5435623719877
 20
-596.7533416762426
 10
907.1784454668759
 20
-597.1485755011718
 10
910.2714923672265
 20
-601.7663900571479
 10
910.4957478021715
 20
-602.1011648691392
 10
911.2583688357026
 20
-602.3830628355972
 10
911.6342026381053
 20
-602.262831323872
 10
918.4211179387976
 20
-600.0916464126021
 10
919.8357273246211
 20
-606.6360332597487
 10
923.5210526607752
 20
-609.4990871328582
 10
925.0808941378009
 20
-610.710876145401
 10
925.9269320909434
 20
-614.586263786251
 10
929.0292543181267
 20
-610.9820950028379
 10
929.7757350625316
 20
-610.1148598149757
 10
930.6247935990832
 20
-611.7156277457352
 10
931.203189555581
 20
-612.4192589833692
 10
933.0002231076087
 20
-614.6054099031417
 10
934.6836949278177
 20
-616.885475958833
 10
936.4968992799168
 20
-619.0575609664356
 10
937.6615019944556
 20
-620.452740792638
 10
938.5848241675594
 20
-622.7901994313916
 10
940.9934800935889
 20
-620.2547348554881
 10
942.0684111450937
 20
-619.1231764634449
 10
942.6949228595377
 20
-620.5456948087458
 10
943.2003366391118
 20
-621.2821109110791
 10
944.7070585634519
 20
-623.477400097001
 10
946.0323624175635
 20
-625.8048203732733
 10
947.6378177551669
 20
-627.9219079694085
 10
948.6215821074029
 20
-629.2191756217435
 10
948.9339836582067
 20
-632.1667165030922
 10
951.9078853240726
 20
-629.9681930727238
 10
953.0361189939231
 20
-629.1341088904428
 10
953.2946687293961
 20
-630.8885644559077
 10
953.8868251214262
 20
-631.5602499016941
 10
956.5058845140384
 20
-634.5310864965832
 10
955.9588232965461
 20
-639.8512202853699
 10
961.6274514949782
 20
-640.8778335474599
 10
962.9707262948286
 20
-641.1211189068663
 10
963.5136990458877
 20
-645.8684557994175
 10
964.3929634165343
 20
-648.5543890214512
 10
964.8623437717997
 20
-649.9881509429661
 10
964.9823738236464
 20
-651.5606650024247
 10
967.3150575002865
 20
-650.4569333173213
 10
969.3383602095328
 20
-649.4996122169186
 10
969.1047074039798
 20
-651.7304933476253
 10
969.7605096242132
 20
-652.6722076929855
 10
977.8867333020971
 20
-664.3405225844326
 10
982.64503698937
 20
-677.5725031307202
 10
987.3586116334272
 20
-690.8102198841398
 10
988.2203017006004
 20
-693.2301517562892
 10
989.6454678728851
 20
-693.139531888296
 10
991.6334999314104
 20
-692.7373718983727
 10
993.7508983905036
 20
-692.3090633472129
 10
994.7171189502105
 20
-691.5927239698422
 10
994.3470822270792
 20
-689.0935683646148
 10
993.1049817159737
 20
-680.7041213398797
 10
992.6938162409642
 20
-672.2003925927329
 10
990.4622458311824
 20
-663.9463261586652
 10
989.5888395616939
 20
-660.7157583764756
 10
988.6277448404999
 20
-657.6478791923109
 10
989.9660158456109
 20
-653.897070986146
 10
991.1695505240941
 20
-650.523662492843
 10
988.2163962998284
 20
-646.9958798506814
 10
987.3540349918976
 20
-643.4664800862965
 10
987.0035252726257
 20
-642.0318485801909
 10
985.3625246858101
 20
-640.4252681629487
 10
988.1536657999313
 20
-639.5018150940186
 10
989.9950012419649
 20
-638.8926176918849
 10
988.7222677435557
 20
-637.5445174806018
 10
988.4345495460675
 20
-636.604115140065
 10
987.5099459133362
 20
-633.5821103570879
 10
986.3543744380822
 20
-630.6292451770978
 10
985.4751710893224
 20
-627.5954170948453
 10
984.8427402518337
 20
-625.4130496308408
 10
982.284763768168
 20
-622.4869127351476
 10
987.4420895749254
 20
-622.0757517819047
 10
989.1425254797368
 20
-621.9401881207968
 10
988.1946114861485
 20
-620.2893504245912
 10
987.8875493504629
 20
-619.2519665182581
 10
987.0375144637183
 20
-616.3797286113886
 10
986.0864273320021
 20
-613.5331968455248
 10
985.3589243944734
 20
-610.6304471985904
 10
984.8924120679003
 20
-608.769032728328
 10
982.5685765648832
 20
-606.0683318241036
 10
987.2415106321587
 20
-605.9994210591667
 10
988.7967144457689
 20
-605.9764609747681
 10
987.7664209046488
 20
-604.4458090226781
 10
987.5936069204945
 20
-603.6307336544569
 10
987.0066984107525
 20
-600.8639595771219
 10
986.18192658525
 20
-598.1402680767578
 10
985.7325614089414
 20
-595.3542258355719
 10
985.4203734347429
 20
-593.4194001187134
 10
982.9450205861567
 20
-590.0594701865839
 10
988.1466482829192
 20
-590.8118973245164
 10
989.693125966679
 20
-591.0355941468015
 10
989.3921660196993
 20
-589.6054249826793
 10
989.2398553895982
 20
-588.6927578138611
 10
988.8844028974736
 20
-586.5636485921405
 10
988.4723220941578
 20
-584.4408629285481
 10
987.98908977053
 20
-582.3371547304305
 10
987.5418603602684
 20
-580.3900404102615
 10
986.4938704719007
 20
-578.7408884876941
 10
990.1191197602448
 20
-578.4810428813671
 10
992.3916358562437
 20
-578.3181559570312
 10
990.4073261328285
 20
-575.3348019207815
 10
991.041953758252
 20
-573.8603525938906
 10
991.8987010525734
 20
-571.8699039748935
 10
986.8128928974502
 20
-567.5797244837331
 10
993.4042940720028
 20
-567.7020155379132
 10
994.1187383257002
 20
-567.7152728889714
 10
993.7466878802961
 20
-565.922799695385
 10
993.6856659932364
 20
-564.9667829718701
 10
993.5371997420198
 20
-562.6397746040884
 10
993.3159954014272
 20
-560.3175031839528
 10
993.1364079878094
 20
-557.9923712881855
 10
992.9988036324894
 20
-556.2104399007912
 10
992.764235498631
 20
-554.346302257728
 10
995.5982749993555
 20
-555.7140291458072
 10
997.6738124439253
 20
-556.7157066883292
 10
998.2106830062785
 20
-555.705051066293
 10
998.1591805336002
 20
-553.7462049820688
 10
998.0803402555184
 20
-550.7496012226957
 10
998.0226135503599
 20
-547.7437371502128
 10
998.1744970272521
 20
-544.752892481777
 10
998.2726812435312
 20
-542.8185549527589
 10
996.8232893820841
 20
-539.6315503074466
 10
1001.175065257763
 20
-540.398401870495
 10
1002.300491920809
 20
-540.5967205529805
 10
1002.346990598749
 20
-539.2319914433629
 10
1002.136098957069
 20
-538.5544629993547
 10
999.2284670605513
 20
-529.2137323847819
 10
1005.063013769899
 20
-521.0475664598735
 10
1005.625940678028
 20
-512.1843941588932
 10
1005.630517319558
 20
-512.1121232885826
 10
1005.809006339206
 20
-512.0509014821428
 10
1006.407631051265
 20
-511.6425704927906
 97
        0
 97
        0
 75
     2
 76
     1
 98
        0
  0
SPLINE
  5
69
330
41
100
AcDbEntity
  8
katman 1
370
     0
100
AcDbSpline
210
0.0
220
0.0
230
1.0
 70
    11
 71
     3
 72
    53
 73
    49
 74
     0
 42
0.0000000001
 43
0.0000000001
 12
1.0
 22
0.0
 32
0.0
 13
1.0
 23
0.0
 33
0.0
 40
0.0
 40
0.0
 40
0.0
 40
0.0
 40
1.0
 40
1.0
 40
1.0
 40
2.0
 40
2.0
 40
2.0
 40
3.0
 40
3.0
 40
3.0
 40
4.0
 40
4.0
 40
4.0
 40
5.0
 40
5.0
 40
5.0
 40
6.0
 40
6.0
 40
6.0
 40
7.0
 40
7.0
 40
7.0
 40
8.0
 40
8.0
 40
8.0
 40
9.0
 40
9.0
 40
9.0
 40
10.0
 40
10.0
 40
10.0
 40
11.0
 40
11.0
 40
11.0
 40
12.0
 40
12.0
 40
12.0
 40
13.0
 40
13.0
 40
13.0
 40
14.0
 40
14.0
 40
14.0
 40
15.0
 40
15.0
 40
15.0
 40
16.0
 40
16.0
 40
16.0
 40
16.0
 10
1317.516311133451
 20
-705.7845428350874
 30
0.0
 10
1319.688629290897
 20
-706.2426918680303
 30
0.0
 10
1321.475045034578
 20
-706.6339896784912
 30
0.0
 10
1323.267685010736
 20
-706.9944553756168
 30
0.0
 10
1326.870051091433
 20
-707.7188345964951
 30
0.0
 10
1329.436448595512
 20
-708.4987909519014
 30
0.0
 10
1329.136709086273
 20
-713.5899493873721
 30
0.0
 10
1328.785528126244
 20
-719.5557573635406
 30
0.0
 10
1331.086419399726
 20
-720.373410973797
 30
0.0
 10
1336.908883775437
 20
-719.5617529204637
 30
0.0
 10
1342.238474369364
 20
-718.8188073057554
 30
0.0
 10
1347.528644824251
 20
-718.0895614623369
 30
0.0
 10
1353.110866030605
 20
-720.1022226281011
 30
0.0
 10
1358.609609295465
 20
-722.0847992181607
 30
0.0
 10
1364.735840624959
 20
-722.3169935600536
 30
0.0
 10
1370.577648938866
 20
-723.3678636554951
 30
0.0
 10
1371.522206728669
 20
-723.5377530241758
 30
0.0
 10
1372.518694144357
 20
-723.810589003836
 30
0.0
 10
1373.32308465958
 20
-724.3077778081915
 30
0.0
 10
1381.070789572032
 20
-729.0967479700603
 30
0.0
 10
1380.835184066094
 20
-730.8480913380399
 30
0.0
 10
1374.719814632495
 20
-737.721318463734
 30
0.0
 10
1369.576462837875
 20
-743.5021642716301
 30
0.0
 10
1363.385182176775
 20
-746.03585916661
 30
0.0
 10
1356.151891772239
 20
-747.161650839781
 30
0.0
 10
1349.509659365765
 20
-748.1954801283964
 30
0.0
 10
1343.562954428
 20
-751.3935986750275
 30
0.0
 10
1337.249874080328
 20
-753.4601588296155
 30
0.0
 10
1332.681897658795
 20
-754.9554171632308
 30
0.0
 10
1329.06268953727
 20
-755.3078277609793
 30
0.0
 10
1325.164916501317
 20
-751.1467281861633
 30
0.0
 10
1322.537802219613
 20
-748.3421500628874
 30
0.0
 10
1318.393317694277
 20
-746.4495678501489
 30
0.0
 10
1314.157788513447
 20
-745.8115368536537
 30
0.0
 10
1308.905878781747
 20
-745.0203979455137
 30
0.0
 10
1304.413508478281
 20
-743.5377714722854
 30
0.0
 10
1301.736661358624
 20
-738.0299752262299
 30
0.0
 10
1300.151617842243
 20
-734.7685753307042
 30
0.0
 10
1296.163227304005
 20
-733.0132044130369
 30
0.0
 10
1294.399694767972
 20
-729.404519892094
 30
0.0
 10
1291.318394580881
 20
-723.0990857372644
 30
0.0
 10
1292.348749143888
 20
-718.1635829437337
 30
0.0
 10
1298.27080123928
 20
-714.514165249805
 30
0.0
 10
1303.283078020497
 20
-711.4253702678261
 30
0.0
 10
1307.824326855496
 20
-707.3586282491606
 30
0.0
 10
1313.980153800216
 20
-706.4690126999612
 30
0.0
 10
1315.276502768917
 20
-706.2816858718334
 30
0.0
 10
1316.555277434145
 20
-705.9732274356484
 30
0.0
 10
1317.516311133451
 20
-705.7845428350874
 30
0.0
  0
HATCH
  5
6A
330
41
100
AcDbEntity
  8
katman 1
 62
   250
420
  2301728
100
AcDbHatch
 10
0.0
 20
0.0
 30
0.0
210
0.0
220
0.0
230
1.0
  2
SOLID
 70
     1
 71
     0
 91
        1
 92
        1
 93
        1
 72
     4
 94
        3
 73
     0
 74
     1
 95
       53
 96
       49
 40
0.0
 40
0.0
 40
0.0
 40
0.0
 40
1.0
 40
1.0
 40
1.0
 40
2.0
 40
2.0
 40
2.0
 40
3.0
 40
3.0
 40
3.0
 40
4.0
 40
4.0
 40
4.0
 40
5.0
 40
5.0
 40
5.0
 40
6.0
 40
6.0
 40
6.0
 40
7.0
 40
7.0
 40
7.0
 40
8.0
 40
8.0
 40
8.0
 40
9.0
 40
9.0
 40
9.0
 40
10.0
 40
10.0
 40
10.0
 40
11.0
 40
11.0
 40
11.0
 40
12.0
 40
12.0
 40
12.0
 40
13.0
 40
13.0
 40
13.0
 40
14.0
 40
14.0
 40
14.0
 40
15.0
 40
15.0
 40
15.0
 40
16.0
 40
16.0
 40
16.0
 40
16.0
 10
1317.516311133451
 20
-705.7845428350874
 10
1319.688629290897
 20
-706.2426918680303
 10
1321.475045034578
 20
-706.6339896784912
 10
1323.267685010736
 20
-706.9944553756168
 10
1326.870051091433
 20
-707.7188345964951
 10
1329.436448595512
 20
-708.4987909519014
 10
1329.136709086273
 20
-713.5899493873721
 10
1328.785528126244
 20
-719.5557573635406
 10
1331.086419399726
 20
-720.373410973797
 10
1336.908883775437
 20
-719.5617529204637
 10
1342.238474369364
 20
-718.8188073057554
 10
1347.528644824251
 20
-718.0895614623369
 10
1353.110866030605
 20
-720.1022226281011
 10
1358.609609295465
 20
-722.0847992181607
 10
1364.735840624959
 20
-722.3169935600536
 10
1370.577648938866
 20
-723.3678636554951
 10
1371.522206728669
 20
-723.5377530241758
 10
1372.518694144357
 20
-723.810589003836
 10
1373.32308465958
 20
-724.3077778081915
 10
1381.070789572032
 20
-729.0967479700603
 10
1380.835184066094
 20
-730.8480913380399
 10
1374.719814632495
 20
-737.721318463734
 10
1369.576462837875
 20
-743.5021642716301
 10
1363.385182176775
 20
-746.03585916661
 10
1356.151891772239
 20
-747.161650839781
 10
1349.509659365765
 20
-748.1954801283964
 10
1343.562954428
 20
-751.3935986750275
 10
1337.249874080328
 20
-753.4601588296155
 10
1332.681897658795
 20
-754.9554171632308
 10
1329.06268953727
 20
-755.3078277609793
 10
1325.164916501317
 20
-751.1467281861633
 10
1322.537802219613
 20
-748.3421500628874
 10
1318.393317694277
 20
-746.4495678501489
 10
1314.157788513447
 20
-745.8115368536537
 10
1308.905878781747
 20
-745.0203979455137
 10
1304.413508478281
 20
-743.5377714722854
 10
1301.736661358624
 20
-738.0299752262299
 10
1300.151617842243
 20
-734.7685753307042
 10
1296.163227304005
 20
-733.0132044130369
 10
1294.399694767972
 20
-729.404519892094
 10
1291.318394580881
 20
-723.0990857372644
 10
1292.348749143888
 20
-718.1635829437337
 10
1298.27080123928
 20
-714.514165249805
 10
1303.283078020497
 20
-711.4253702678261
 10
1307.824326855496
 20
-707.3586282491606
 10
1313.980153800216
 20
-706.4690126999612
 10
1315.276502768917
 20
-706.2816858718334
 10
1316.555277434145
 20
-705.9732274356484
 10
1317.516311133451
 20
-705.7845428350874
 97
        0
 97
        0
 75
     2
 76
     1
 98
        0
  0
SPLINE
  5
6B
330
41
100
AcDbEntity
  8
katman 1
370
     0
100
AcDbSpline
210
0.0
220
0.0
230
1.0
 70
    11
 71
     3
 72
    35
 73
    31
 74
     0
 42
0.0000000001
 43
0.0000000001
 12
1.0
 22
0.0
 32
0.0
 13
1.0
 23
0.0
 33
0.0
 40
0.0
 40
0.0
 40
0.0
 40
0.0
 40
1.0
 40
1.0
 40
1.0
 40
2.0
 40
2.0
 40
2.0
 40
3.0
 40
3.0
 40
3.0
 40
4.0
 40
4.0
 40
4.0
 40
5.0
 40
5.0
 40
5.0
 40
6.0
 40
6.0
 40
6.0
 40
7.0
 40
7.0
 40
7.0
 40
8.0
 40
8.0
 40
8.0
 40
9.0
 40
9.0
 40
9.0
 40
10.0
 40
10.0
 40
10.0
 40
10.0
 10
1430.452995762831
 20
-834.3100761180785
 30
0.0
 10
1430.742056441833
 20
-831.9505727471278
 30
0.0
 10
1431.114473018561
 20
-829.5150036081959
 30
0.0
 10
1433.619360460483
 20
-827.322002802779
 30
0.0
 10
1436.543346222734
 20
-824.7618237174229
 30
0.0
 10
1439.392397107677
 20
-821.9199907595275
 30
0.0
 10
1441.531519358561
 20
-818.4877251196394
 30
0.0
 10
1443.663502048661
 20
-815.0669624057555
 30
0.0
 10
1446.53171380614
 20
-812.2187524941883
 30
0.0
 10
1450.206390823001
 20
-810.4268285119224
 30
0.0
 10
1452.5741620847
 20
-809.2722642678709
 30
0.0
 10
1455.094182954615
 20
-809.1789593667527
 30
0.0
 10
1457.221527981299
 20
-811.057719761242
 30
0.0
 10
1459.248614047543
 20
-812.847782527363
 30
0.0
 10
1459.180208512149
 20
-815.1413805397742
 30
0.0
 10
1458.327854793695
 20
-817.4868790220344
 30
0.0
 10
1457.931273549693
 20
-818.578467034592
 30
0.0
 10
1457.659176955292
 20
-819.788257528161
 30
0.0
 10
1456.992390795389
 20
-820.6961038420495
 30
0.0
 10
1454.031364747692
 20
-824.727894662471
 30
0.0
 10
1455.171131554198
 20
-827.936600782904
 30
0.0
 10
1458.424330397138
 20
-831.2335163438647
 30
0.0
 10
1463.346966026262
 20
-836.2221858444582
 30
0.0
 10
1463.278682534641
 20
-837.3118516173918
 30
0.0
 10
1459.139445891593
 20
-844.2193739389204
 30
0.0
 10
1454.780164323805
 20
-851.4941355638675
 30
0.0
 10
1452.39445262731
 20
-852.7679701998331
 30
0.0
 10
1446.183400874801
 20
-851.1367515524889
 30
0.0
 10
1437.708498134256
 20
-848.9109506265022
 30
0.0
 10
1430.39923548033
 20
-841.2941829071688
 30
0.0
 10
1430.452995762831
 20
-834.3100761180785
 30
0.0
  0
HATCH
  5
6C
330
41
100
AcDbEntity
  8
katman 1
 62
   250
420
  2301728
100
AcDbHatch
 10
0.0
 20
0.0
 30
0.0
210
0.0
220
0.0
230
1.0
  2
SOLID
 70
     1
 71
     0
 91
        1
 92
        1
 93
        1
 72
     4
 94
        3
 73
     0
 74
     1
 95
       35
 96
       31
 40
0.0
 40
0.0
 40
0.0
 40
0.0
 40
1.0
 40
1.0
 40
1.0
 40
2.0
 40
2.0
 40
2.0
 40
3.0
 40
3.0
 40
3.0
 40
4.0
 40
4.0
 40
4.0
 40
5.0
 40
5.0
 40
5.0
 40
6.0
 40
6.0
 40
6.0
 40
7.0
 40
7.0
 40
7.0
 40
8.0
 40
8.0
 40
8.0
 40
9.0
 40
9.0
 40
9.0
 40
10.0
 40
10.0
 40
10.0
 40
10.0
 10
1430.452995762831
 20
-834.3100761180785
 10
1430.742056441833
 20
-831.9505727471278
 10
1431.114473018561
 20
-829.5150036081959
 10
1433.619360460483
 20
-827.322002802779
 10
1436.543346222734
 20
-824.7618237174229
 10
1439.392397107677
 20
-821.9199907595275
 10
1441.531519358561
 20
-818.4877251196394
 10
1443.663502048661
 20
-815.0669624057555
 10
1446.53171380614
 20
-812.2187524941883
 10
1450.206390823001
 20
-810.4268285119224
 10
1452.5741620847
 20
-809.2722642678709
 10
1455.094182954615
 20
-809.1789593667527
 10
1457.221527981299
 20
-811.057719761242
 10
1459.248614047543
 20
-812.847782527363
 10
1459.180208512149
 20
-815.1413805397742
 10
1458.327854793695
 20
-817.4868790220344
 10
1457.931273549693
 20
-818.578467034592
 10
1457.659176955292
 20
-819.788257528161
 10
1456.992390795389
 20
-820.6961038420495
 10
1454.031364747692
 20
-824.727894662471
 10
1455.171131554198
 20
-827.936600782904
 10
1458.424330397138
 20
-831.2335163438647
 10
1463.346966026262
 20
-836.2221858444582
 10
1463.278682534641
 20
-837.3118516173918
 10
1459.139445891593
 20
-844.2193739389204
 10
1454.780164323805
 20
-851.4941355638675
 10
1452.39445262731
 20
-852.7679701998331
 10
1446.183400874801
 20
-851.1367515524889
 10
1437.708498134256
 20
-848.9109506265022
 10
1430.39923548033
 20
-841.2941829071688
 10
1430.452995762831
 20
-834.3100761180785
 97
        0
 97
        0
 75
     2
 76
     1
 98
        0
  0
SPLINE
  5
6D
330
41
100
AcDbEntity
  8
katman 1
370
     0
100
AcDbSpline
210
0.0
220
0.0
230
1.0
 70
    11
 71
     3
 72
    32
 73
    28
 74
     0
 42
0.0000000001
 43
0.0000000001
 12
1.0
 22
0.0
 32
0.0
 13
1.0
 23
0.0
 33
0.0
 40
0.0
 40
0.0
 40
0.0
 40
0.0
 40
1.0
 40
1.0
 40
1.0
 40
2.0
 40
2.0
 40
2.0
 40
3.0
 40
3.0
 40
3.0
 40
4.0
 40
4.0
 40
4.0
 40
5.0
 40
5.0
 40
5.0
 40
6.0
 40
6.0
 40
6.0
 40
7.0
 40
7.0
 40
7.0
 40
8.0
 40
8.0
 40
8.0
 40
9.0
 40
9.0
 40
9.0
 40
9.0
 10
1400.486184399779
 20
-841.7615617414813
 30
0.0
 10
1394.887487283915
 20
-842.3140073070945
 30
0.0
 10
1389.227280105897
 20
-840.2971812888118
 30
0.0
 10
1383.461383019492
 20
-838.7585047490838
 30
0.0
 10
1380.267497450775
 20
-837.9062508255947
 30
0.0
 10
1378.969806000558
 20
-835.6264136079535
 30
0.0
 10
1379.34606695617
 20
-832.8528659243239
 30
0.0
 10
1379.766080604804
 20
-829.7572363125701
 30
0.0
 10
1381.234511295013
 20
-825.9506526455671
 30
0.0
 10
1384.738449071883
 20
-826.1524572943554
 30
0.0
 10
1389.903280570748
 20
-826.4498247130268
 30
0.0
 10
1393.556477883365
 20
-823.7205495642311
 30
0.0
 10
1397.645493513364
 20
-821.7320994642096
 30
0.0
 10
1401.033184595384
 20
-820.084679082891
 30
0.0
 10
1403.887849493934
 20
-820.0390640314936
 30
0.0
 10
1406.521004942457
 20
-823.1749081166527
 30
0.0
 10
1407.657964742157
 20
-824.5290496524685
 30
0.0
 10
1409.201940528548
 20
-825.6932250946402
 30
0.0
 10
1410.789424920413
 20
-826.4868964772058
 30
0.0
 10
1414.547396813112
 20
-828.3656873834352
 30
0.0
 10
1416.418571957916
 20
-831.1911965603949
 30
0.0
 10
1415.41518906899
 20
-835.3199231790022
 30
0.0
 10
1414.439998291886
 20
-839.3324916031825
 30
0.0
 10
1411.398057221948
 20
-841.2810018354603
 30
0.0
 10
1407.464281272629
 20
-841.7193334932317
 30
0.0
 10
1405.334739458012
 20
-841.9565622722348
 30
0.0
 10
1403.157112396391
 20
-841.7615617414813
 30
0.0
 10
1400.486184399779
 20
-841.7615617414813
 30
0.0
  0
HATCH
  5
6E
330
41
100
AcDbEntity
  8
katman 1
 62
   250
420
  2301728
100
AcDbHatch
 10
0.0
 20
0.0
 30
0.0
210
0.0
220
0.0
230
1.0
  2
SOLID
 70
     1
 71
     0
 91
        1
 92
        1
 93
        1
 72
     4
 94
        3
 73
     0
 74
     1
 95
       32
 96
       28
 40
0.0
 40
0.0
 40
0.0
 40
0.0
 40
1.0
 40
1.0
 40
1.0
 40
2.0
 40
2.0
 40
2.0
 40
3.0
 40
3.0
 40
3.0
 40
4.0
 40
4.0
 40
4.0
 40
5.0
 40
5.0
 40
5.0
 40
6.0
 40
6.0
 40
6.0
 40
7.0
 40
7.0
 40
7.0
 40
8.0
 40
8.0
 40
8.0
 40
9.0
 40
9.0
 40
9.0
 40
9.0
 10
1400.486184399779
 20
-841.7615617414813
 10
1394.887487283915
 20
-842.3140073070945
 10
1389.227280105897
 20
-840.2971812888118
 10
1383.461383019492
 20
-838.7585047490838
 10
1380.267497450775
 20
-837.9062508255947
 10
1378.969806000558
 20
-835.6264136079535
 10
1379.34606695617
 20
-832.8528659243239
 10
1379.766080604804
 20
-829.7572363125701
 10
1381.234511295013
 20
-825.9506526455671
 10
1384.738449071883
 20
-826.1524572943554
 10
1389.903280570748
 20
-826.4498247130268
 10
1393.556477883365
 20
-823.7205495642311
 10
1397.645493513364
 20
-821.7320994642096
 10
1401.033184595384
 20
-820.084679082891
 10
1403.887849493934
 20
-820.0390640314936
 10
1406.521004942457
 20
-823.1749081166527
 10
1407.657964742157
 20
-824.5290496524685
 10
1409.201940528548
 20
-825.6932250946402
 10
1410.789424920413
 20
-826.4868964772058
 10
1414.547396813112
 20
-828.3656873834352
 10
1416.418571957916
 20
-831.1911965603949
 10
1415.41518906899
 20
-835.3199231790022
 10
1414.439998291886
 20
-839.3324916031825
 10
1411.398057221948
 20
-841.2810018354603
 10
1407.464281272629
 20
-841.7193334932317
 10
1405.334739458012
 20
-841.9565622722348
 10
1403.157112396391
 20
-841.7615617414813
 10
1400.486184399779
 20
-841.7615617414813
 97
        0
 97
        0
 75
     2
 76
     1
 98
        0
  0
SPLINE
  5
6F
330
41
100
AcDbEntity
  8
katman 1
370
     0
100
AcDbSpline
210
0.0
220
0.0
230
1.0
 70
    11
 71
     3
 72
    26
 73
    22
 74
     0
 42
0.0000000001
 43
0.0000000001
 12
1.0
 22
0.0
 32
0.0
 13
1.0
 23
0.0
 33
0.0
 40
0.0
 40
0.0
 40
0.0
 40
0.0
 40
1.0
 40
1.0
 40
1.0
 40
2.0
 40
2.0
 40
2.0
 40
3.0
 40
3.0
 40
3.0
 40
4.0
 40
4.0
 40
4.0
 40
5.0
 40
5.0
 40
5.0
 40
6.0
 40
6.0
 40
6.0
 40
7.0
 40
7.0
 40
7.0
 40
7.0
 10
1447.330856439075
 20
-1115.855082767612
 30
0.0
 10
1442.756777828838
 20
-1115.953147500179
 30
0.0
 10
1440.326154023467
 20
-1111.591189140516
 30
0.0
 10
1443.235555554711
 20
-1107.400401642619
 30
0.0
 10
1445.835820206108
 20
-1103.654963502704
 30
0.0
 10
1448.463727772345
 20
-1099.869738053745
 30
0.0
 10
1451.160773136618
 20
-1096.274234604512
 30
0.0
 10
1454.066757442186
 20
-1092.400403062406
 30
0.0
 10
1459.702433821607
 20
-1092.395765277917
 30
0.0
 10
1464.628730763956
 20
-1093.130121837796
 30
0.0
 10
1466.418746798972
 20
-1093.396916492922
 30
0.0
 10
1468.497274316007
 20
-1093.528666186521
 30
0.0
 10
1469.846346195129
 20
-1094.528657955405
 30
0.0
 10
1471.865560437942
 20
-1096.025502899502
 30
0.0
 10
1472.62503884429
 20
-1099.261394980334
 30
0.0
 10
1470.992703365435
 20
-1100.737369894228
 30
0.0
 10
1464.230196819568
 20
-1106.852715908455
 30
0.0
 10
1458.647365394341
 20
-1114.969143883089
 30
0.0
 10
1448.320753490963
 20
-1115.747193254741
 30
0.0
 10
1447.98995384121
 20
-1115.772090834635
 30
0.0
 10
1447.660923826184
 20
-1115.819567102175
 30
0.0
 10
1447.330856439075
 20
-1115.855082767612
 30
0.0
  0
HATCH
  5
70
330
41
100
AcDbEntity
  8
katman 1
 62
   250
420
  2301728
100
AcDbHatch
 10
0.0
 20
0.0
 30
0.0
210
0.0
220
0.0
230
1.0
  2
SOLID
 70
     1
 71
     0
 91
        1
 92
        1
 93
        1
 72
     4
 94
        3
 73
     0
 74
     1
 95
       26
 96
       22
 40
0.0
 40
0.0
 40
0.0
 40
0.0
 40
1.0
 40
1.0
 40
1.0
 40
2.0
 40
2.0
 40
2.0
 40
3.0
 40
3.0
 40
3.0
 40
4.0
 40
4.0
 40
4.0
 40
5.0
 40
5.0
 40
5.0
 40
6.0
 40
6.0
 40
6.0
 40
7.0
 40
7.0
 40
7.0
 40
7.0
 10
1447.330856439075
 20
-1115.855082767612
 10
1442.756777828838
 20
-1115.953147500179
 10
1440.326154023467
 20
-1111.591189140516
 10
1443.235555554711
 20
-1107.400401642619
 10
1445.835820206108
 20
-1103.654963502704
 10
1448.463727772345
 20
-1099.869738053745
 10
1451.160773136618
 20
-1096.274234604512
 10
1454.066757442186
 20
-1092.400403062406
 10
1459.702433821607
 20
-1092.395765277917
 10
1464.628730763956
 20
-1093.130121837796
 10
1466.418746798972
 20
-1093.396916492922
 10
1468.497274316007
 20
-1093.528666186521
 10
1469.846346195129
 20
-1094.528657955405
 10
1471.865560437942
 20
-1096.025502899502
 10
1472.62503884429
 20
-1099.261394980334
 10
1470.992703365435
 20
-1100.737369894228
 10
1464.230196819568
 20
-1106.852715908455
 10
1458.647365394341
 20
-1114.969143883089
 10
1448.320753490963
 20
-1115.747193254741
 10
1447.98995384121
 20
-1115.772090834635
 10
1447.660923826184
 20
-1115.819567102175
 10
1447.330856439075
 20
-1115.855082767612
 97
        0
 97
        0
 75
     2
 76
     1
 98
        0
  0
SPLINE
  5
71
330
41
100
AcDbEntity
  8
katman 1
370
     0
100
AcDbSpline
210
0.0
220
0.0
230
1.0
 70
    11
 71
     3
 72
    53
 73
    49
 74
     0
 42
0.0000000001
 43
0.0000000001
 12
1.0
 22
0.0
 32
0.0
 13
1.0
 23
0.0
 33
0.0
 40
0.0
 40
0.0
 40
0.0
 40
0.0
 40
1.0
 40
1.0
 40
1.0
 40
2.0
 40
2.0
 40
2.0
 40
3.0
 40
3.0
 40
3.0
 40
4.0
 40
4.0
 40
4.0
 40
5.0
 40
5.0
 40
5.0
 40
6.0
 40
6.0
 40
6.0
 40
7.0
 40
7.0
 40
7.0
 40
8.0
 40
8.0
 40
8.0
 40
9.0
 40
9.0
 40
9.0
 40
10.0
 40
10.0
 40
10.0
 40
11.0
 40
11.0
 40
11.0
 40
12.0
 40
12.0
 40
12.0
 40
13.0
 40
13.0
 40
13.0
 40
14.0
 40
14.0
 40
14.0
 40
15.0
 40
15.0
 40
15.0
 40
16.0
 40
16.0
 40
16.0
 40
16.0
 10
654.5469787323364
 20
-718.5881690626056
 30
0.0
 10
657.2928568617308
 20
-718.965919660478
 30
0.0
 10
660.9201961497056
 20
-718.9263154218743
 30
0.0
 10
664.1360648532363
 20
-720.0570499969353
 30
0.0
 10
667.429797484655
 20
-721.2151688587046
 30
0.0
 10
668.7830341075678
 20
-720.2865135380916
 30
0.0
 10
669.6149912602714
 20
-717.3467989180699
 30
0.0
 10
669.8411078627714
 20
-716.5478337486029
 30
0.0
 10
670.0189103861921
 20
-715.7075709389592
 30
0.0
 10
670.40636885808
 20
-714.9871124766787
 30
0.0
 10
671.5473561023264
 20
-712.8653870960534
 30
0.0
 10
668.8532855550457
 20
-709.4658147856453
 30
0.0
 10
672.1238451248537
 20
-708.3183140094179
 30
0.0
 10
676.3032951914747
 20
-706.8519197819041
 30
0.0
 10
680.553927289352
 20
-705.3266989195454
 30
0.0
 10
685.2331466109954
 20
-706.2612582618594
 30
0.0
 10
692.475697086893
 20
-707.7077740907216
 30
0.0
 10
697.9390018908398
 20
-712.4055751732767
 30
0.0
 10
703.8251120947543
 20
-716.2570568657857
 30
0.0
 10
707.230133392698
 20
-718.4851156605373
 30
0.0
 10
708.2571622628602
 20
-724.5101316683013
 30
0.0
 10
705.4357542927573
 20
-728.4651244389797
 30
0.0
 10
699.9177586225323
 20
-736.2001556628047
 30
0.0
 10
695.4722378728575
 20
-745.2308069050005
 30
0.0
 10
683.9161112225802
 20
-746.3000908355716
 30
0.0
 10
680.1496877985237
 20
-746.6486264423311
 30
0.0
 10
676.0380635593692
 20
-748.8793397584677
 30
0.0
 10
673.2535128090503
 20
-752.1725023754016
 30
0.0
 10
670.9905466383761
 20
-754.8487481199636
 30
0.0
 10
668.2221819435999
 20
-755.3407499285086
 30
0.0
 10
665.1598137969686
 20
-754.2492839629112
 30
0.0
 10
654.6725922868491
 20
-750.5114737580143
 30
0.0
 10
643.9782777475193
 20
-747.4820851339409
 30
0.0
 10
633.3094703569805
 20
-744.3267440468808
 30
0.0
 10
627.6723447077429
 20
-742.6595520580004
 30
0.0
 10
624.3389325942635
 20
-737.1848915616556
 30
0.0
 10
620.6026844933576
 20
-732.8413012695119
 30
0.0
 10
619.0688993621061
 20
-731.058195180126
 30
0.0
 10
620.5029747299022
 20
-728.8155517736232
 30
0.0
 10
622.2901990135852
 20
-727.203860639921
 30
0.0
 10
625.1995242674693
 20
-724.58030867045
 30
0.0
 10
628.6262846126792
 20
-722.7563778728572
 30
0.0
 10
632.3917011755993
 20
-722.4304362096145
 30
0.0
 10
638.702233859487
 20
-721.884199783105
 30
0.0
 10
644.8446359890531
 20
-720.842269627502
 30
0.0
 10
650.846565734606
 20
-718.8381975165667
 30
0.0
 10
651.7592548438897
 20
-718.5334462567998
 30
0.0
 10
652.8253529772428
 20
-718.6881560347983
 30
0.0
 10
654.5469787323364
 20
-718.5881690626056
 30
0.0
  0
HATCH
  5
72
330
41
100
AcDbEntity
  8
katman 1
 62
   250
420
  2301728
100
AcDbHatch
 10
0.0
 20
0.0
 30
0.0
210
0.0
220
0.0
230
1.0
  2
SOLID
 70
     1
 71
     0
 91
        1
 92
        1
 93
        1
 72
     4
 94
        3
 73
     0
 74
     1
 95
       53
 96
       49
 40
0.0
 40
0.0
 40
0.0
 40
0.0
 40
1.0
 40
1.0
 40
1.0
 40
2.0
 40
2.0
 40
2.0
 40
3.0
 40
3.0
 40
3.0
 40
4.0
 40
4.0
 40
4.0
 40
5.0
 40
5.0
 40
5.0
 40
6.0
 40
6.0
 40
6.0
 40
7.0
 40
7.0
 40
7.0
 40
8.0
 40
8.0
 40
8.0
 40
9.0
 40
9.0
 40
9.0
 40
10.0
 40
10.0
 40
10.0
 40
11.0
 40
11.0
 40
11.0
 40
12.0
 40
12.0
 40
12.0
 40
13.0
 40
13.0
 40
13.0
 40
14.0
 40
14.0
 40
14.0
 40
15.0
 40
15.0
 40
15.0
 40
16.0
 40
16.0
 40
16.0
 40
16.0
 10
654.5469787323364
 20
-718.5881690626056
 10
657.2928568617308
 20
-718.965919660478
 10
660.9201961497056
 20
-718.9263154218743
 10
664.1360648532363
 20
-720.0570499969353
 10
667.429797484655
 20
-721.2151688587046
 10
668.7830341075678
 20
-720.2865135380916
 10
669.6149912602714
 20
-717.3467989180699
 10
669.8411078627714
 20
-716.5478337486029
 10
670.0189103861921
 20
-715.7075709389592
 10
670.40636885808
 20
-714.9871124766787
 10
671.5473561023264
 20
-712.8653870960534
 10
668.8532855550457
 20
-709.4658147856453
 10
672.1238451248537
 20
-708.3183140094179
 10
676.3032951914747
 20
-706.8519197819041
 10
680.553927289352
 20
-705.3266989195454
 10
685.2331466109954
 20
-706.2612582618594
 10
692.475697086893
 20
-707.7077740907216
 10
697.9390018908398
 20
-712.4055751732767
 10
703.8251120947543
 20
-716.2570568657857
 10
707.230133392698
 20
-718.4851156605373
 10
708.2571622628602
 20
-724.5101316683013
 10
705.4357542927573
 20
-728.4651244389797
 10
699.9177586225323
 20
-736.2001556628047
 10
695.4722378728575
 20
-745.2308069050005
 10
683.9161112225802
 20
-746.3000908355716
 10
680.1496877985237
 20
-746.6486264423311
 10
676.0380635593692
 20
-748.8793397584677
 10
673.2535128090503
 20
-752.1725023754016
 10
670.9905466383761
 20
-754.8487481199636
 10
668.2221819435999
 20
-755.3407499285086
 10
665.1598137969686
 20
-754.2492839629112
 10
654.6725922868491
 20
-750.5114737580143
 10
643.9782777475193
 20
-747.4820851339409
 10
633.3094703569805
 20
-744.3267440468808
 10
627.6723447077429
 20
-742.6595520580004
 10
624.3389325942635
 20
-737.1848915616556
 10
620.6026844933576
 20
-732.8413012695119
 10
619.0688993621061
 20
-731.058195180126
 10
620.5029747299022
 20
-728.8155517736232
 10
622.2901990135852
 20
-727.203860639921
 10
625.1995242674693
 20
-724.58030867045
 10
628.6262846126792
 20
-722.7563778728572
 10
632.3917011755993
 20
-722.4304362096145
 10
638.702233859487
 20
-721.884199783105
 10
644.8446359890531
 20
-720.842269627502
 10
650.846565734606
 20
-718.8381975165667
 10
651.7592548438897
 20
-718.5334462567998
 10
652.8253529772428
 20
-718.6881560347983
 10
654.5469787323364
 20
-718.5881690626056
 97
        0
 97
        0
 75
     2
 76
     1
 98
        0
  0
SPLINE
  5
73
330
41
100
AcDbEntity
  8
katman 1
370
     0
100
AcDbSpline
210
0.0
220
0.0
230
1.0
 70
    11
 71
     3
 72
    35
 73
    31
 74
     0
 42
0.0000000001
 43
0.0000000001
 12
1.0
 22
0.0
 32
0.0
 13
1.0
 23
0.0
 33
0.0
 40
0.0
 40
0.0
 40
0.0
 40
0.0
 40
1.0
 40
1.0
 40
1.0
 40
2.0
 40
2.0
 40
2.0
 40
3.0
 40
3.0
 40
3.0
 40
4.0
 40
4.0
 40
4.0
 40
5.0
 40
5.0
 40
5.0
 40
6.0
 40
6.0
 40
6.0
 40
7.0
 40
7.0
 40
7.0
 40
8.0
 40
8.0
 40
8.0
 40
9.0
 40
9.0
 40
9.0
 40
10.0
 40
10.0
 40
10.0
 40
10.0
 10
569.1728736267914
 20
-834.8185847779978
 30
0.0
 10
570.6453317615478
 20
-842.6823450331567
 30
0.0
 10
554.8325699852539
 20
-853.0144440360764
 30
0.0
 10
548.924850405585
 20
-851.8168582385333
 30
0.0
 10
542.332091494045
 20
-850.4803830002156
 30
0.0
 10
540.7108391154288
 20
-844.574469569794
 30
0.0
 10
538.0871268039282
 20
-839.7344227550566
 30
0.0
 10
536.071634896226
 20
-836.0163841577214
 30
0.0
 10
538.6674068111888
 20
-833.4764953795084
 30
0.0
 10
541.1757419897313
 20
-831.1460086733596
 30
0.0
 10
544.3501158100607
 20
-828.1966523434758
 30
0.0
 10
545.6003017212006
 20
-825.0291675838698
 30
0.0
 10
542.7472386471854
 20
-821.0818942834285
 30
0.0
 10
541.9942743272813
 20
-820.0401624541364
 30
0.0
 10
541.7495079105474
 20
-818.6330525375679
 30
0.0
 10
541.2604251134981
 20
-817.3980593467058
 30
0.0
 10
540.3182700605003
 20
-815.0189674386338
 30
0.0
 10
540.4245396768156
 20
-812.7751340742689
 30
0.0
 10
542.4390933730047
 20
-811.0095417236798
 30
0.0
 10
544.5866976661919
 20
-809.1273029908234
 30
0.0
 10
547.0982975156912
 20
-809.3159875913834
 30
0.0
 10
549.4571443264085
 20
-810.462618783019
 30
0.0
 10
552.8189011064269
 20
-812.0967360456689
 30
0.0
 10
555.457807867806
 20
-814.6969465339898
 30
0.0
 10
557.5340852027557
 20
-817.745343972123
 30
0.0
 10
560.1622978784271
 20
-821.6041332263776
 30
0.0
 10
563.2646201056104
 20
-825.0065583844826
 30
0.0
 10
566.7857736823662
 20
-828.0154126074913
 30
0.0
 10
568.9800902300976
 20
-829.890511593173
 30
0.0
 10
568.827016826408
 20
-832.3994309552209
 30
0.0
 10
569.1728736267914
 20
-834.8185847779978
 30
0.0
  0
HATCH
  5
74
330
41
100
AcDbEntity
  8
katman 1
 62
   250
420
  2301728
100
AcDbHatch
 10
0.0
 20
0.0
 30
0.0
210
0.0
220
0.0
230
1.0
  2
SOLID
 70
     1
 71
     0
 91
        1
 92
        1
 93
        1
 72
     4
 94
        3
 73
     0
 74
     1
 95
       35
 96
       31
 40
0.0
 40
0.0
 40
0.0
 40
0.0
 40
1.0
 40
1.0
 40
1.0
 40
2.0
 40
2.0
 40
2.0
 40
3.0
 40
3.0
 40
3.0
 40
4.0
 40
4.0
 40
4.0
 40
5.0
 40
5.0
 40
5.0
 40
6.0
 40
6.0
 40
6.0
 40
7.0
 40
7.0
 40
7.0
 40
8.0
 40
8.0
 40
8.0
 40
9.0
 40
9.0
 40
9.0
 40
10.0
 40
10.0
 40
10.0
 40
10.0
 10
569.1728736267914
 20
-834.8185847779978
 10
570.6453317615478
 20
-842.6823450331567
 10
554.8325699852539
 20
-853.0144440360764
 10
548.924850405585
 20
-851.8168582385333
 10
542.332091494045
 20
-850.4803830002156
 10
540.7108391154288
 20
-844.574469569794
 10
538.0871268039282
 20
-839.7344227550566
 10
536.071634896226
 20
-836.0163841577214
 10
538.6674068111888
 20
-833.4764953795084
 10
541.1757419897313
 20
-831.1460086733596
 10
544.3501158100607
 20
-828.1966523434758
 10
545.6003017212006
 20
-825.0291675838698
 10
542.7472386471854
 20
-821.0818942834285
 10
541.9942743272813
 20
-820.0401624541364
 10
541.7495079105474
 20
-818.6330525375679
 10
541.2604251134981
 20
-817.3980593467058
 10
540.3182700605003
 20
-815.0189674386338
 10
540.4245396768156
 20
-812.7751340742689
 10
542.4390933730047
 20
-811.0095417236798
 10
544.5866976661919
 20
-809.1273029908234
 10
547.0982975156912
 20
-809.3159875913834
 10
549.4571443264085
 20
-810.462618783019
 10
552.8189011064269
 20
-812.0967360456689
 10
555.457807867806
 20
-814.6969465339898
 10
557.5340852027557
 20
-817.745343972123
 10
560.1622978784271
 20
-821.6041332263776
 10
563.2646201056104
 20
-825.0065583844826
 10
566.7857736823662
 20
-828.0154126074913
 10
568.9800902300976
 20
-829.890511593173
 10
568.827016826408
 20
-832.3994309552209
 10
569.1728736267914
 20
-834.8185847779978
 97
        0
 97
        0
 75
     2
 76
     1
 98
        0
  0
SPLINE
  5
75
330
41
100
AcDbEntity
  8
katman 1
370
     0
100
AcDbSpline
210
0.0
220
0.0
230
1.0
 70
    11
 71
     3
 72
    32
 73
    28
 74
     0
 42
0.0000000001
 43
0.0000000001
 12
1.0
 22
0.0
 32
0.0
 13
1.0
 23
0.0
 33
0.0
 40
0.0
 40
0.0
 40
0.0
 40
0.0
 40
1.0
 40
1.0
 40
1.0
 40
2.0
 40
2.0
 40
2.0
 40
3.0
 40
3.0
 40
3.0
 40
4.0
 40
4.0
 40
4.0
 40
5.0
 40
5.0
 40
5.0
 40
6.0
 40
6.0
 40
6.0
 40
7.0
 40
7.0
 40
7.0
 40
8.0
 40
8.0
 40
8.0
 40
9.0
 40
9.0
 40
9.0
 40
9.0
 10
598.077873644058
 20
-841.7295854378926
 30
0.0
 10
595.8117495907281
 20
-841.7295854378926
 30
0.0
 10
593.5986383017826
 20
-842.0402559752329
 30
0.0
 10
591.5101947281
 20
-841.6621850040901
 30
0.0
 10
587.6587373044249
 20
-840.96499174361
 30
0.0
 10
584.6899004551851
 20
-838.845646278709
 30
0.0
 10
584.0171799167647
 20
-834.7271716047635
 30
0.0
 10
583.4136124318547
 20
-831.0322914181379
 30
0.0
 10
585.0661156443812
 20
-828.3321854928445
 30
0.0
 10
588.4712589861001
 20
-826.6919658821816
 30
0.0
 10
589.5056257381812
 20
-826.1937396786634
 30
0.0
 10
590.5200688441373
 20
-825.5858542813521
 30
0.0
 10
591.4071897827425
 20
-824.861139431333
 30
0.0
 10
598.0776600674535
 20
-819.4119257262018
 30
0.0
 10
598.094456341867
 20
-819.3519701569749
 30
0.0
 10
605.5294698495509
 20
-823.6989167405254
 30
0.0
 10
608.0199561261279
 20
-825.1550285116373
 30
0.0
 10
610.4609536522994
 20
-826.2200102868592
 30
0.0
 10
613.4713006402117
 20
-825.9635591116139
 30
0.0
 10
618.0325188877523
 20
-825.5750226136297
 30
0.0
 10
619.5053431538308
 20
-829.2194363821882
 30
0.0
 10
620.2163701818536
 20
-832.4902949171337
 30
0.0
 10
620.9082668482824
 20
-835.673188105472
 30
0.0
 10
619.1404780356279
 20
-837.972064648914
 30
0.0
 10
615.546883851197
 20
-838.9355338649402
 30
0.0
 10
609.7613834835729
 20
-840.4867507298341
 30
0.0
 10
604.0658598884183
 20
-842.2814207687052
 30
0.0
 10
598.077873644058
 20
-841.7295854378926
 30
0.0
  0
HATCH
  5
76
330
41
100
AcDbEntity
  8
katman 1
 62
   250
420
  2301728
100
AcDbHatch
 10
0.0
 20
0.0
 30
0.0
210
0.0
220
0.0
230
1.0
  2
SOLID
 70
     1
 71
     0
 91
        1
 92
        1
 93
        1
 72
     4
 94
        3
 73
     0
 74
     1
 95
       32
 96
       28
 40
0.0
 40
0.0
 40
0.0
 40
0.0
 40
1.0
 40
1.0
 40
1.0
 40
2.0
 40
2.0
 40
2.0
 40
3.0
 40
3.0
 40
3.0
 40
4.0
 40
4.0
 40
4.0
 40
5.0
 40
5.0
 40
5.0
 40
6.0
 40
6.0
 40
6.0
 40
7.0
 40
7.0
 40
7.0
 40
8.0
 40
8.0
 40
8.0
 40
9.0
 40
9.0
 40
9.0
 40
9.0
 10
598.077873644058
 20
-841.7295854378926
 10
595.8117495907281
 20
-841.7295854378926
 10
593.5986383017826
 20
-842.0402559752329
 10
591.5101947281
 20
-841.6621850040901
 10
587.6587373044249
 20
-840.96499174361
 10
584.6899004551851
 20
-838.845646278709
 10
584.0171799167647
 20
-834.7271716047635
 10
583.4136124318547
 20
-831.0322914181379
 10
585.0661156443812
 20
-828.3321854928445
 10
588.4712589861001
 20
-826.6919658821816
 10
589.5056257381812
 20
-826.1937396786634
 10
590.5200688441373
 20
-825.5858542813521
 10
591.4071897827425
 20
-824.861139431333
 10
598.0776600674535
 20
-819.4119257262018
 10
598.094456341867
 20
-819.3519701569749
 10
605.5294698495509
 20
-823.6989167405254
 10
608.0199561261279
 20
-825.1550285116373
 10
610.4609536522994
 20
-826.2200102868592
 10
613.4713006402117
 20
-825.9635591116139
 10
618.0325188877523
 20
-825.5750226136297
 10
619.5053431538308
 20
-829.2194363821882
 10
620.2163701818536
 20
-832.4902949171337
 10
620.9082668482824
 20
-835.673188105472
 10
619.1404780356279
 20
-837.972064648914
 10
615.546883851197
 20
-838.9355338649402
 10
609.7613834835729
 20
-840.4867507298341
 10
604.0658598884183
 20
-842.2814207687052
 10
598.077873644058
 20
-841.7295854378926
 97
        0
 97
        0
 75
     2
 76
     1
 98
        0
  0
SPLINE
  5
77
330
41
100
AcDbEntity
  8
katman 1
370
     0
100
AcDbSpline
210
0.0
220
0.0
230
1.0
 70
    11
 71
     3
 72
    32
 73
    28
 74
     0
 42
0.0000000001
 43
0.0000000001
 12
1.0
 22
0.0
 32
0.0
 13
1.0
 23
0.0
 33
0.0
 40
0.0
 40
0.0
 40
0.0
 40
0.0
 40
1.0
 40
1.0
 40
1.0
 40
2.0
 40
2.0
 40
2.0
 40
3.0
 40
3.0
 40
3.0
 40
4.0
 40
4.0
 40
4.0
 40
5.0
 40
5.0
 40
5.0
 40
6.0
 40
6.0
 40
6.0
 40
7.0
 40
7.0
 40
7.0
 40
8.0
 40
8.0
 40
8.0
 40
9.0
 40
9.0
 40
9.0
 40
9.0
 10
538.2104596654126
 20
-1092.680683906641
 30
0.0
 10
543.640637212422
 20
-1093.659256433999
 30
0.0
 10
549.2721564757867
 20
-1093.639484826435
 30
0.0
 10
550.7683292414013
 20
-1100.570531699555
 30
0.0
 10
551.2404479538482
 20
-1102.757491180437
 30
0.0
 10
553.4185174241502
 20
-1103.885205093233
 30
0.0
 10
554.9601514956248
 20
-1105.384918140899
 30
0.0
 10
557.3237656412675
 20
-1107.68409980174
 30
0.0
 10
558.1685221347816
 20
-1110.553118720032
 30
0.0
 10
556.7639355939082
 20
-1113.557243623331
 30
0.0
 10
555.3063744273304
 20
-1116.674628105749
 30
0.0
 10
552.4427088004386
 20
-1115.858500082497
 30
0.0
 10
549.7637182869976
 20
-1115.485707642387
 30
0.0
 10
543.4521863697091
 20
-1114.6073356694
 30
0.0
 10
538.8524709391695
 20
-1110.824429112687
 30
0.0
 10
534.5802904874245
 20
-1106.578598435714
 30
0.0
 10
533.1737588739006
 20
-1105.180794599863
 30
0.0
 10
532.0365092202364
 20
-1103.530902767601
 30
0.0
 10
530.2674694588977
 20
-1102.505830348386
 30
0.0
 10
528.0637097741428
 20
-1101.228791979713
 30
0.0
 10
527.7205531922618
 20
-1099.394975378338
 30
0.0
 10
528.2430912388918
 20
-1096.957209394121
 30
0.0
 10
528.7831349393718
 20
-1094.437610923051
 30
0.0
 10
530.3919769917075
 20
-1093.905181058923
 30
0.0
 10
532.5130596472309
 20
-1093.642169859562
 30
0.0
 10
534.4808629501968
 20
-1093.398197986004
 30
0.0
 10
536.4280484830706
 20
-1092.987815082131
 30
0.0
 10
538.2104596654126
 20
-1092.680683906641
 30
0.0
  0
HATCH
  5
78
330
41
100
AcDbEntity
  8
katman 1
 62
   250
420
  2301728
100
AcDbHatch
 10
0.0
 20
0.0
 30
0.0
210
0.0
220
0.0
230
1.0
  2
SOLID
 70
     1
 71
     0
 91
        1
 92
        1
 93
        1
 72
     4
 94
        3
 73
     0
 74
     1
 95
       32
 96
       28
 40
0.0
 40
0.0
 40
0.0
 40
0.0
 40
1.0
 40
1.0
 40
1.0
 40
2.0
 40
2.0
 40
2.0
 40
3.0
 40
3.0
 40
3.0
 40
4.0
 40
4.0
 40
4.0
 40
5.0
 40
5.0
 40
5.0
 40
6.0
 40
6.0
 40
6.0
 40
7.0
 40
7.0
 40
7.0
 40
8.0
 40
8.0
 40
8.0
 40
9.0
 40
9.0
 40
9.0
 40
9.0
 10
538.2104596654126
 20
-1092.680683906641
 10
543.640637212422
 20
-1093.659256433999
 10
549.2721564757867
 20
-1093.639484826435
 10
550.7683292414013
 20
-1100.570531699555
 10
551.2404479538482
 20
-1102.757491180437
 10
553.4185174241502
 20
-1103.885205093233
 10
554.9601514956248
 20
-1105.384918140899
 10
557.3237656412675
 20
-1107.68409980174
 10
558.1685221347816
 20
-1110.553118720032
 10
556.7639355939082
 20
-1113.557243623331
 10
555.3063744273304
 20
-1116.674628105749
 10
552.4427088004386
 20
-1115.858500082497
 10
549.7637182869976
 20
-1115.485707642387
 10
543.4521863697091
 20
-1114.6073356694
 10
538.8524709391695
 20
-1110.824429112687
 10
534.5802904874245
 20
-1106.578598435714
 10
533.1737588739006
 20
-1105.180794599863
 10
532.0365092202364
 20
-1103.530902767601
 10
530.2674694588977
 20
-1102.505830348386
 10
528.0637097741428
 20
-1101.228791979713
 10
527.7205531922618
 20
-1099.394975378338
 10
528.2430912388918
 20
-1096.957209394121
 10
528.7831349393718
 20
-1094.437610923051
 10
530.3919769917075
 20
-1093.905181058923
 10
532.5130596472309
 20
-1093.642169859562
 10
534.4808629501968
 20
-1093.398197986004
 10
536.4280484830706
 20
-1092.987815082131
 10
538.2104596654126
 20
-1092.680683906641
 97
        0
 97
        0
 75
     2
 76
     1
 98
        0
  0
SPLINE
  5
79
330
41
100
AcDbEntity
  8
katman 1
370
     0
100
AcDbSpline
210
0.0
220
0.0
230
1.0
 70
    11
 71
     3
 72
    50
 73
    46
 74
     0
 42
0.0000000001
 43
0.0000000001
 12
1.0
 22
0.0
 32
0.0
 13
1.0
 23
0.0
 33
0.0
 40
0.0
 40
0.0
 40
0.0
 40
0.0
 40
1.0
 40
1.0
 40
1.0
 40
2.0
 40
2.0
 40
2.0
 40
3.0
 40
3.0
 40
3.0
 40
4.0
 40
4.0
 40
4.0
 40
5.0
 40
5.0
 40
5.0
 40
6.0
 40
6.0
 40
6.0
 40
7.0
 40
7.0
 40
7.0
 40
8.0
 40
8.0
 40
8.0
 40
9.0
 40
9.0
 40
9.0
 40
10.0
 40
10.0
 40
10.0
 40
11.0
 40
11.0
 40
11.0
 40
12.0
 40
12.0
 40
12.0
 40
13.0
 40
13.0
 40
13.0
 40
14.0
 40
14.0
 40
14.0
 40
15.0
 40
15.0
 40
15.0
 40
15.0
 10
1335.928567159819
 20
-747.0799403998872
 30
0.0
 10
1332.060023607766
 20
-743.8297688247058
 30
0.0
 10
1325.601406059457
 20
-745.057591756653
 30
0.0
 10
1322.8759855177
 20
-739.3159840464805
 30
0.0
 10
1321.512878604553
 20
-736.4442800950628
 30
0.0
 10
1318.51279854914
 20
-735.7057739385345
 30
0.0
 10
1315.814044572027
 20
-735.1048757296985
 30
0.0
 10
1308.840768428254
 20
-733.5521943012818
 30
0.0
 10
1306.332646826317
 20
-727.7693347185423
 30
0.0
 10
1303.30211684926
 20
-722.4640296354264
 30
0.0
 10
1302.090344216023
 20
-720.3428076985119
 30
0.0
 10
1303.288875099766
 20
-718.8529041752781
 30
0.0
 10
1305.252559425355
 20
-718.2080843166186
 30
0.0
 10
1308.88049367673
 20
-717.0168754727492
 30
0.0
 10
1312.568839596293
 20
-715.990933468941
 30
0.0
 10
1316.27164770309
 20
-715.0527127178184
 30
0.0
 10
1318.863247246525
 20
-714.3960543040139
 30
0.0
 10
1319.788522120016
 20
-716.449738504295
 30
0.0
 10
1320.623789710091
 20
-718.2603051597398
 30
0.0
 10
1321.59495304265
 20
-720.3657372711705
 30
0.0
 10
1322.199008702657
 20
-722.6485036158583
 30
0.0
 10
1323.249866619715
 20
-724.7076036500002
 30
0.0
 10
1325.951244537971
 20
-730.0008718516601
 30
0.0
 10
1328.748243753251
 20
-730.7994251126356
 30
0.0
 10
1334.200732427717
 20
-728.0190122874919
 30
0.0
 10
1335.979520435514
 20
-727.1119287671054
 30
0.0
 10
1337.697042468702
 20
-726.0835610799622
 30
0.0
 10
1339.482786971625
 20
-725.191123194807
 30
0.0
 10
1343.619460695418
 20
-723.123769734977
 30
0.0
 10
1347.918818770111
 20
-722.6933711296233
 30
0.0
 10
1351.863761724762
 20
-725.2985245198352
 30
0.0
 10
1355.771542350194
 20
-727.8790549358146
 30
0.0
 10
1359.856164404324
 20
-729.2189169772801
 30
0.0
 10
1364.504689716776
 20
-728.9815661513157
 30
0.0
 10
1365.876949912979
 20
-728.9114806843872
 30
0.0
 10
1367.433435186216
 20
-729.121096338632
 30
0.0
 10
1368.034561795645
 20
-730.3741524796133
 30
0.0
 10
1368.791782392171
 20
-731.9527078636047
 30
0.0
 10
1366.917128999803
 20
-732.4890432304637
 30
0.0
 10
1366.194263725691
 20
-733.5057859446433
 30
0.0
 10
1361.78335764145
 20
-739.7102567515976
 30
0.0
 10
1354.648434518855
 20
-740.758975769365
 30
0.0
 10
1348.194637699624
 20
-743.0643818251801
 30
0.0
 10
1344.288138533821
 20
-744.4598667687833
 30
0.0
 10
1340.3095725194
 20
-745.653882692739
 30
0.0
 10
1335.928567159819
 20
-747.0799403998872
 30
0.0
  0
HATCH
  5
7A
330
41
100
AcDbEntity
  8
katman 1
 62
     7
420
 16711422
100
AcDbHatch
 10
0.0
 20
0.0
 30
0.0
210
0.0
220
0.0
230
1.0
  2
SOLID
 70
     1
 71
     0
 91
        1
 92
        1
 93
        1
 72
     4
 94
        3
 73
     0
 74
     1
 95
       50
 96
       46
 40
0.0
 40
0.0
 40
0.0
 40
0.0
 40
1.0
 40
1.0
 40
1.0
 40
2.0
 40
2.0
 40
2.0
 40
3.0
 40
3.0
 40
3.0
 40
4.0
 40
4.0
 40
4.0
 40
5.0
 40
5.0
 40
5.0
 40
6.0
 40
6.0
 40
6.0
 40
7.0
 40
7.0
 40
7.0
 40
8.0
 40
8.0
 40
8.0
 40
9.0
 40
9.0
 40
9.0
 40
10.0
 40
10.0
 40
10.0
 40
11.0
 40
11.0
 40
11.0
 40
12.0
 40
12.0
 40
12.0
 40
13.0
 40
13.0
 40
13.0
 40
14.0
 40
14.0
 40
14.0
 40
15.0
 40
15.0
 40
15.0
 40
15.0
 10
1335.928567159819
 20
-747.0799403998872
 10
1332.060023607766
 20
-743.8297688247058
 10
1325.601406059457
 20
-745.057591756653
 10
1322.8759855177
 20
-739.3159840464805
 10
1321.512878604553
 20
-736.4442800950628
 10
1318.51279854914
 20
-735.7057739385345
 10
1315.814044572027
 20
-735.1048757296985
 10
1308.840768428254
 20
-733.5521943012818
 10
1306.332646826317
 20
-727.7693347185423
 10
1303.30211684926
 20
-722.4640296354264
 10
1302.090344216023
 20
-720.3428076985119
 10
1303.288875099766
 20
-718.8529041752781
 10
1305.252559425355
 20
-718.2080843166186
 10
1308.88049367673
 20
-717.0168754727492
 10
1312.568839596293
 20
-715.990933468941
 10
1316.27164770309
 20
-715.0527127178184
 10
1318.863247246525
 20
-714.3960543040139
 10
1319.788522120016
 20
-716.449738504295
 10
1320.623789710091
 20
-718.2603051597398
 10
1321.59495304265
 20
-720.3657372711705
 10
1322.199008702657
 20
-722.6485036158583
 10
1323.249866619715
 20
-724.7076036500002
 10
1325.951244537971
 20
-730.0008718516601
 10
1328.748243753251
 20
-730.7994251126356
 10
1334.200732427717
 20
-728.0190122874919
 10
1335.979520435514
 20
-727.1119287671054
 10
1337.697042468702
 20
-726.0835610799622
 10
1339.482786971625
 20
-725.191123194807
 10
1343.619460695418
 20
-723.123769734977
 10
1347.918818770111
 20
-722.6933711296233
 10
1351.863761724762
 20
-725.2985245198352
 10
1355.771542350194
 20
-727.8790549358146
 10
1359.856164404324
 20
-729.2189169772801
 10
1364.504689716776
 20
-728.9815661513157
 10
1365.876949912979
 20
-728.9114806843872
 10
1367.433435186216
 20
-729.121096338632
 10
1368.034561795645
 20
-730.3741524796133
 10
1368.791782392171
 20
-731.9527078636047
 10
1366.917128999803
 20
-732.4890432304637
 10
1366.194263725691
 20
-733.5057859446433
 10
1361.78335764145
 20
-739.7102567515976
 10
1354.648434518855
 20
-740.758975769365
 10
1348.194637699624
 20
-743.0643818251801
 10
1344.288138533821
 20
-744.4598667687833
 10
1340.3095725194
 20
-745.653882692739
 10
1335.928567159819
 20
-747.0799403998872
 97
        0
 97
        0
 75
     2
 76
     1
 98
        0
  0
SPLINE
  5
7B
330
41
100
AcDbEntity
  8
katman 1
370
     0
100
AcDbSpline
210
0.0
220
0.0
230
1.0
 70
    11
 71
     3
 72
    17
 73
    13
 74
     0
 42
0.0000000001
 43
0.0000000001
 12
1.0
 22
0.0
 32
0.0
 13
1.0
 23
0.0
 33
0.0
 40
0.0
 40
0.0
 40
0.0
 40
0.0
 40
1.0
 40
1.0
 40
1.0
 40
2.0
 40
2.0
 40
2.0
 40
3.0
 40
3.0
 40
3.0
 40
4.0
 40
4.0
 40
4.0
 40
4.0
 10
1452.722140160822
 20
-838.6864055073111
 30
0.0
 10
1452.72635067103
 20
-841.0208587396683
 30
0.0
 10
1451.253160273627
 20
-842.2517328456224
 30
0.0
 10
1449.283556824994
 20
-841.789724077561
 30
0.0
 10
1446.899492719451
 20
-841.230474393913
 30
0.0
 10
1443.278698028862
 20
-841.0334600883152
 30
0.0
 10
1443.314212767131
 20
-837.8441899463023
 30
0.0
 10
1443.343015097824
 20
-835.2538652617623
 30
0.0
 10
1446.733757274194
 20
-835.2340631424604
 30
0.0
 10
1448.815274863697
 20
-834.7758073184268
 30
0.0
 10
1451.731571868178
 20
-834.1338097957241
 30
0.0
 10
1452.248061120252
 20
-836.5348396449017
 30
0.0
 10
1452.722140160822
 20
-838.6864055073111
 30
0.0
  0
HATCH
  5
7C
330
41
100
AcDbEntity
  8
katman 1
 62
     7
420
 16382457
100
AcDbHatch
 10
0.0
 20
0.0
 30
0.0
210
0.0
220
0.0
230
1.0
  2
SOLID
 70
     1
 71
     0
 91
        1
 92
        1
 93
        1
 72
     4
 94
        3
 73
     0
 74
     1
 95
       17
 96
       13
 40
0.0
 40
0.0
 40
0.0
 40
0.0
 40
1.0
 40
1.0
 40
1.0
 40
2.0
 40
2.0
 40
2.0
 40
3.0
 40
3.0
 40
3.0
 40
4.0
 40
4.0
 40
4.0
 40
4.0
 10
1452.722140160822
 20
-838.6864055073111
 10
1452.72635067103
 20
-841.0208587396683
 10
1451.253160273627
 20
-842.2517328456224
 10
1449.283556824994
 20
-841.789724077561
 10
1446.899492719451
 20
-841.230474393913
 10
1443.278698028862
 20
-841.0334600883152
 10
1443.314212767131
 20
-837.8441899463023
 10
1443.343015097824
 20
-835.2538652617623
 10
1446.733757274194
 20
-835.2340631424604
 10
1448.815274863697
 20
-834.7758073184268
 10
1451.731571868178
 20
-834.1338097957241
 10
1452.248061120252
 20
-836.5348396449017
 10
1452.722140160822
 20
-838.6864055073111
 97
        0
 97
        0
 75
     2
 76
     1
 98
        0
  0
SPLINE
  5
7D
330
41
100
AcDbEntity
  8
katman 1
370
     0
100
AcDbSpline
210
0.0
220
0.0
230
1.0
 70
    11
 71
     3
 72
    17
 73
    13
 74
     0
 42
0.0000000001
 43
0.0000000001
 12
1.0
 22
0.0
 32
0.0
 13
1.0
 23
0.0
 33
0.0
 40
0.0
 40
0.0
 40
0.0
 40
0.0
 40
1.0
 40
1.0
 40
1.0
 40
2.0
 40
2.0
 40
2.0
 40
3.0
 40
3.0
 40
3.0
 40
4.0
 40
4.0
 40
4.0
 40
4.0
 10
1449.795530457428
 20
-818.9043629302241
 30
0.0
 10
1449.232969680621
 20
-821.0935802798731
 30
0.0
 10
1448.755473414378
 20
-822.9283427451892
 30
0.0
 10
1448.290913788191
 20
-824.7664004784319
 30
0.0
 10
1447.886277655096
 20
-826.3674735265922
 30
0.0
 10
1446.830171855749
 20
-826.8809556001424
 30
0.0
 10
1445.339407154876
 20
-826.4026230511472
 30
0.0
 10
1443.602846292924
 20
-825.8454481658237
 30
0.0
 10
1443.71231955831
 20
-824.4928322170117
 30
0.0
 10
1444.310578139044
 20
-823.2135970030549
 30
0.0
 10
1445.339285111102
 20
-821.0139751500437
 30
0.0
 10
1446.530920521607
 20
-818.9060410759275
 30
0.0
 10
1449.795530457428
 20
-818.9043629302241
 30
0.0
  0
HATCH
  5
7E
330
41
100
AcDbEntity
  8
katman 1
 62
   254
420
 15329770
100
AcDbHatch
 10
0.0
 20
0.0
 30
0.0
210
0.0
220
0.0
230
1.0
  2
SOLID
 70
     1
 71
     0
 91
        1
 92
        1
 93
        1
 72
     4
 94
        3
 73
     0
 74
     1
 95
       17
 96
       13
 40
0.0
 40
0.0
 40
0.0
 40
0.0
 40
1.0
 40
1.0
 40
1.0
 40
2.0
 40
2.0
 40
2.0
 40
3.0
 40
3.0
 40
3.0
 40
4.0
 40
4.0
 40
4.0
 40
4.0
 10
1449.795530457428
 20
-818.9043629302241
 10
1449.232969680621
 20
-821.0935802798731
 10
1448.755473414378
 20
-822.9283427451892
 10
1448.290913788191
 20
-824.7664004784319
 10
1447.886277655096
 20
-826.3674735265922
 10
1446.830171855749
 20
-826.8809556001424
 10
1445.339407154876
 20
-826.4026230511472
 10
1443.602846292924
 20
-825.8454481658237
 10
1443.71231955831
 20
-824.4928322170117
 10
1444.310578139044
 20
-823.2135970030549
 10
1445.339285111102
 20
-821.0139751500437
 10
1446.530920521607
 20
-818.9060410759275
 10
1449.795530457428
 20
-818.9043629302241
 97
        0
 97
        0
 75
     2
 76
     1
 98
        0
  0
SPLINE
  5
7F
330
41
100
AcDbEntity
  8
katman 1
370
     0
100
AcDbSpline
210
0.0
220
0.0
230
1.0
 70
    11
 71
     3
 72
    20
 73
    16
 74
     0
 42
0.0000000001
 43
0.0000000001
 12
1.0
 22
0.0
 32
0.0
 13
1.0
 23
0.0
 33
0.0
 40
0.0
 40
0.0
 40
0.0
 40
0.0
 40
1.0
 40
1.0
 40
1.0
 40
2.0
 40
2.0
 40
2.0
 40
3.0
 40
3.0
 40
3.0
 40
4.0
 40
4.0
 40
4.0
 40
5.0
 40
5.0
 40
5.0
 40
5.0
 10
1407.954287025721
 20
-833.8365034005319
 30
0.0
 10
1404.306398617278
 20
-834.1868086882159
 30
0.0
 10
1401.375334316128
 20
-835.8277910923807
 30
0.0
 10
1398.209274727911
 20
-834.5066327475752
 30
0.0
 10
1396.733338345592
 20
-833.8907227626278
 30
0.0
 10
1394.381310730754
 20
-834.2940574545437
 30
0.0
 10
1393.968924818004
 20
-832.5017063079185
 30
0.0
 10
1393.572099486453
 20
-830.7766945716148
 30
0.0
 10
1395.48037593859
 20
-829.774414422227
 30
0.0
 10
1396.839699494738
 20
-828.8585435207015
 30
0.0
 10
1398.591088675244
 20
-827.6784714619562
 30
0.0
 10
1400.360601356209
 20
-827.0541402367498
 30
0.0
 10
1402.210723949978
 20
-828.7662149952657
 30
0.0
 10
1403.882052414663
 20
-830.3129161226307
 30
0.0
 10
1405.622701743048
 20
-831.7847414398757
 30
0.0
 10
1407.954287025721
 20
-833.8365034005319
 30
0.0
  0
HATCH
  5
80
330
41
100
AcDbEntity
  8
katman 1
 62
     7
420
 16250871
100
AcDbHatch
 10
0.0
 20
0.0
 30
0.0
210
0.0
220
0.0
230
1.0
  2
SOLID
 70
     1
 71
     0
 91
        1
 92
        1
 93
        1
 72
     4
 94
        3
 73
     0
 74
     1
 95
       20
 96
       16
 40
0.0
 40
0.0
 40
0.0
 40
0.0
 40
1.0
 40
1.0
 40
1.0
 40
2.0
 40
2.0
 40
2.0
 40
3.0
 40
3.0
 40
3.0
 40
4.0
 40
4.0
 40
4.0
 40
5.0
 40
5.0
 40
5.0
 40
5.0
 10
1407.954287025721
 20
-833.8365034005319
 10
1404.306398617278
 20
-834.1868086882159
 10
1401.375334316128
 20
-835.8277910923807
 10
1398.209274727911
 20
-834.5066327475752
 10
1396.733338345592
 20
-833.8907227626278
 10
1394.381310730754
 20
-834.2940574545437
 10
1393.968924818004
 20
-832.5017063079185
 10
1393.572099486453
 20
-830.7766945716148
 10
1395.48037593859
 20
-829.774414422227
 10
1396.839699494738
 20
-828.8585435207015
 10
1398.591088675244
 20
-827.6784714619562
 10
1400.360601356209
 20
-827.0541402367498
 10
1402.210723949978
 20
-828.7662149952657
 10
1403.882052414663
 20
-830.3129161226307
 10
1405.622701743048
 20
-831.7847414398757
 10
1407.954287025721
 20
-833.8365034005319
 97
        0
 97
        0
 75
     2
 76
     1
 98
        0
  0
SPLINE
  5
81
330
41
100
AcDbEntity
  8
katman 1
370
     0
100
AcDbSpline
210
0.0
220
0.0
230
1.0
 70
    11
 71
     3
 72
    17
 73
    13
 74
     0
 42
0.0000000001
 43
0.0000000001
 12
1.0
 22
0.0
 32
0.0
 13
1.0
 23
0.0
 33
0.0
 40
0.0
 40
0.0
 40
0.0
 40
0.0
 40
1.0
 40
1.0
 40
1.0
 40
2.0
 40
2.0
 40
2.0
 40
3.0
 40
3.0
 40
3.0
 40
4.0
 40
4.0
 40
4.0
 40
4.0
 10
1459.705851047282
 20
-1101.449452883862
 30
0.0
 10
1458.339021799027
 20
-1103.255625848735
 30
0.0
 10
1457.152207117599
 20
-1105.646220682811
 30
0.0
 10
1454.658669746668
 20
-1106.376732763445
 30
0.0
 10
1453.43719463339
 20
-1106.734513427444
 30
0.0
 10
1453.220811021874
 20
-1105.197026845577
 30
0.0
 10
1453.451656820624
 20
-1104.256288875902
 30
0.0
 10
1454.084209701887
 20
-1101.678412981306
 30
0.0
 10
1455.376714291702
 20
-1099.640900003262
 30
0.0
 10
1458.433971855293
 20
-1099.731397824293
 30
0.0
 10
1459.224449380266
 20
-1099.754769817184
 30
0.0
 10
1460.123484842321
 20
-1100.0541510107
 30
0.0
 10
1459.705851047282
 20
-1101.449452883862
 30
0.0
  0
HATCH
  5
82
330
41
100
AcDbEntity
  8
katman 1
 62
   254
420
 15000805
100
AcDbHatch
 10
0.0
 20
0.0
 30
0.0
210
0.0
220
0.0
230
1.0
  2
SOLID
 70
     1
 71
     0
 91
        1
 92
        1
 93
        1
 72
     4
 94
        3
 73
     0
 74
     1
 95
       17
 96
       13
 40
0.0
 40
0.0
 40
0.0
 40
0.0
 40
1.0
 40
1.0
 40
1.0
 40
2.0
 40
2.0
 40
2.0
 40
3.0
 40
3.0
 40
3.0
 40
4.0
 40
4.0
 40
4.0
 40
4.0
 10
1459.705851047282
 20
-1101.449452883862
 10
1458.339021799027
 20
-1103.255625848735
 10
1457.152207117599
 20
-1105.646220682811
 10
1454.658669746668
 20
-1106.376732763445
 10
1453.43719463339
 20
-1106.734513427444
 10
1453.220811021874
 20
-1105.197026845577
 10
1453.451656820624
 20
-1104.256288875902
 10
1454.084209701887
 20
-1101.678412981306
 10
1455.376714291702
 20
-1099.640900003262
 10
1458.433971855293
 20
-1099.731397824293
 10
1459.224449380266
 20
-1099.754769817184
 10
1460.123484842321
 20
-1100.0541510107
 10
1459.705851047282
 20
-1101.449452883862
 97
        0
 97
        0
 75
     2
 76
     1
 98
        0
  0
SPLINE
  5
83
330
41
100
AcDbEntity
  8
katman 1
370
     0
100
AcDbSpline
210
0.0
220
0.0
230
1.0
 70
    11
 71
     3
 72
    44
 73
    40
 74
     0
 42
0.0000000001
 43
0.0000000001
 12
1.0
 22
0.0
 32
0.0
 13
1.0
 23
0.0
 33
0.0
 40
0.0
 40
0.0
 40
0.0
 40
0.0
 40
1.0
 40
1.0
 40
1.0
 40
2.0
 40
2.0
 40
2.0
 40
3.0
 40
3.0
 40
3.0
 40
4.0
 40
4.0
 40
4.0
 40
5.0
 40
5.0
 40
5.0
 40
6.0
 40
6.0
 40
6.0
 40
7.0
 40
7.0
 40
7.0
 40
8.0
 40
8.0
 40
8.0
 40
9.0
 40
9.0
 40
9.0
 40
10.0
 40
10.0
 40
10.0
 40
11.0
 40
11.0
 40
11.0
 40
12.0
 40
12.0
 40
12.0
 40
13.0
 40
13.0
 40
13.0
 40
13.0
 10
652.3553624031065
 20
-723.5461132409537
 30
0.0
 10
657.7346095576295
 20
-723.5799812724263
 30
0.0
 10
660.8387624414245
 20
-725.6129785129424
 30
0.0
 10
664.0568431883603
 20
-727.3397904419098
 30
0.0
 10
671.252971263677
 20
-731.2012037058093
 30
0.0
 10
674.3387260485242
 20
-730.0952446636811
 30
0.0
 10
677.4646942569434
 20
-722.4764784253721
 30
0.0
 10
677.9678502266961
 20
-721.2501658245583
 30
0.0
 10
678.2075594545386
 20
-719.9166044574167
 30
0.0
 10
678.6989076891459
 20
-718.6844030907705
 30
0.0
 10
679.9039374038621
 20
-715.662413563663
 30
0.0
 10
681.7259594186407
 20
-714.1115170720395
 30
0.0
 10
685.2658390869874
 20
-715.4847437012659
 30
0.0
 10
688.1973305413467
 20
-716.6219467652209
 30
0.0
 10
691.3485465555368
 20
-717.1800217468754
 30
0.0
 10
694.3298318697371
 20
-718.2056738891533
 30
0.0
 10
696.6403340904308
 20
-719.0005199737116
 30
0.0
 10
697.3603008249074
 20
-720.6704122515875
 30
0.0
 10
696.084546743089
 20
-722.9285098544324
 30
0.0
 10
692.9578920384401
 20
-728.4627445232545
 30
0.0
 10
689.9742421261162
 20
-734.0409618653794
 30
0.0
 10
682.8080757973457
 20
-735.4242726246966
 30
0.0
 10
679.8612373383912
 20
-735.9931029947247
 30
0.0
 10
677.4264793001721
 20
-737.4932126950107
 30
0.0
 10
675.9498564216237
 20
-740.6177979480854
 30
0.0
 10
674.4549422324299
 20
-743.7811636227825
 30
0.0
 10
664.0066679417259
 20
-747.0803065407681
 30
0.0
 10
660.3729061001377
 20
-746.0880647538606
 30
0.0
 10
653.9864164223318
 20
-744.3442272739385
 30
0.0
 10
647.9644867532943
 20
-741.5485890905011
 30
0.0
 10
641.4611096508252
 20
-740.0179676501511
 30
0.0
 10
637.4380586807383
 20
-739.0711273324605
 30
0.0
 10
635.0714010684769
 20
-734.8736577634872
 30
0.0
 10
631.96645490015
 20
-732.1334594117488
 30
0.0
 10
630.7132941720156
 20
-731.0275003696206
 30
0.0
 10
631.4819106059513
 20
-729.4753681525244
 30
0.0
 10
632.6521578450429
 20
-729.5297705850599
 30
0.0
 10
640.4316704161247
 20
-729.8917313574484
 30
0.0
 10
646.7569398857368
 20
-725.3302262177622
 30
0.0
 10
652.3553624031065
 20
-723.5461132409537
 30
0.0
  0
HATCH
  5
84
330
41
100
AcDbEntity
  8
katman 1
 62
     7
420
 16711422
100
AcDbHatch
 10
0.0
 20
0.0
 30
0.0
210
0.0
220
0.0
230
1.0
  2
SOLID
 70
     1
 71
     0
 91
        1
 92
        1
 93
        1
 72
     4
 94
        3
 73
     0
 74
     1
 95
       44
 96
       40
 40
0.0
 40
0.0
 40
0.0
 40
0.0
 40
1.0
 40
1.0
 40
1.0
 40
2.0
 40
2.0
 40
2.0
 40
3.0
 40
3.0
 40
3.0
 40
4.0
 40
4.0
 40
4.0
 40
5.0
 40
5.0
 40
5.0
 40
6.0
 40
6.0
 40
6.0
 40
7.0
 40
7.0
 40
7.0
 40
8.0
 40
8.0
 40
8.0
 40
9.0
 40
9.0
 40
9.0
 40
10.0
 40
10.0
 40
10.0
 40
11.0
 40
11.0
 40
11.0
 40
12.0
 40
12.0
 40
12.0
 40
13.0
 40
13.0
 40
13.0
 40
13.0
 10
652.3553624031065
 20
-723.5461132409537
 10
657.7346095576295
 20
-723.5799812724263
 10
660.8387624414245
 20
-725.6129785129424
 10
664.0568431883603
 20
-727.3397904419098
 10
671.252971263677
 20
-731.2012037058093
 10
674.3387260485242
 20
-730.0952446636811
 10
677.4646942569434
 20
-722.4764784253721
 10
677.9678502266961
 20
-721.2501658245583
 10
678.2075594545386
 20
-719.9166044574167
 10
678.6989076891459
 20
-718.6844030907705
 10
679.9039374038621
 20
-715.662413563663
 10
681.7259594186407
 20
-714.1115170720395
 10
685.2658390869874
 20
-715.4847437012659
 10
688.1973305413467
 20
-716.6219467652209
 10
691.3485465555368
 20
-717.1800217468754
 10
694.3298318697371
 20
-718.2056738891533
 10
696.6403340904308
 20
-719.0005199737116
 10
697.3603008249074
 20
-720.6704122515875
 10
696.084546743089
 20
-722.9285098544324
 10
692.9578920384401
 20
-728.4627445232545
 10
689.9742421261162
 20
-734.0409618653794
 10
682.8080757973457
 20
-735.4242726246966
 10
679.8612373383912
 20
-735.9931029947247
 10
677.4264793001721
 20
-737.4932126950107
 10
675.9498564216237
 20
-740.6177979480854
 10
674.4549422324299
 20
-743.7811636227825
 10
664.0066679417259
 20
-747.0803065407681
 10
660.3729061001377
 20
-746.0880647538606
 10
653.9864164223318
 20
-744.3442272739385
 10
647.9644867532943
 20
-741.5485890905011
 10
641.4611096508252
 20
-740.0179676501511
 10
637.4380586807383
 20
-739.0711273324605
 10
635.0714010684769
 20
-734.8736577634872
 10
631.96645490015
 20
-732.1334594117488
 10
630.7132941720156
 20
-731.0275003696206
 10
631.4819106059513
 20
-729.4753681525244
 10
632.6521578450429
 20
-729.5297705850599
 10
640.4316704161247
 20
-729.8917313574484
 10
646.7569398857368
 20
-725.3302262177622
 10
652.3553624031065
 20
-723.5461132409537
 97
        0
 97
        0
 75
     2
 76
     1
 98
        0
  0
SPLINE
  5
85
330
41
100
AcDbEntity
  8
katman 1
370
     0
100
AcDbSpline
210
0.0
220
0.0
230
1.0
 70
    11
 71
     3
 72
    17
 73
    13
 74
     0
 42
0.0000000001
 43
0.0000000001
 12
1.0
 22
0.0
 32
0.0
 13
1.0
 23
0.0
 33
0.0
 40
0.0
 40
0.0
 40
0.0
 40
0.0
 40
1.0
 40
1.0
 40
1.0
 40
2.0
 40
2.0
 40
2.0
 40
3.0
 40
3.0
 40
3.0
 40
4.0
 40
4.0
 40
4.0
 40
4.0
 10
556.783325298522
 20
-837.9107970748637
 30
0.0
 10
555.1634077736853
 20
-840.8191151143592
 30
0.0
 10
552.5442263372988
 20
-841.5516409698348
 30
0.0
 10
549.9940606551772
 20
-841.8323489784316
 30
0.0
 10
547.9575390796463
 20
-842.0565187326874
 30
0.0
 10
546.4555616070247
 20
-840.6952374496968
 30
0.0
 10
546.8768033211354
 20
-838.4011512494453
 30
0.0
 10
547.2802190164894
 20
-836.2040923825998
 30
0.0
 10
548.129590290212
 20
-834.0099626428009
 30
0.0
 10
551.070891012916
 20
-834.8019558796623
 30
0.0
 10
553.1591286377297
 20
-835.3642567373163
 30
0.0
 10
555.5994244122003
 20
-835.5863822049878
 30
0.0
 10
556.783325298522
 20
-837.9107970748637
 30
0.0
  0
HATCH
  5
86
330
41
100
AcDbEntity
  8
katman 1
 62
     7
420
 16053493
100
AcDbHatch
 10
0.0
 20
0.0
 30
0.0
210
0.0
220
0.0
230
1.0
  2
SOLID
 70
     1
 71
     0
 91
        1
 92
        1
 93
        1
 72
     4
 94
        3
 73
     0
 74
     1
 95
       17
 96
       13
 40
0.0
 40
0.0
 40
0.0
 40
0.0
 40
1.0
 40
1.0
 40
1.0
 40
2.0
 40
2.0
 40
2.0
 40
3.0
 40
3.0
 40
3.0
 40
4.0
 40
4.0
 40
4.0
 40
4.0
 10
556.783325298522
 20
-837.9107970748637
 10
555.1634077736853
 20
-840.8191151143592
 10
552.5442263372988
 20
-841.5516409698348
 10
549.9940606551772
 20
-841.8323489784316
 10
547.9575390796463
 20
-842.0565187326874
 10
546.4555616070247
 20
-840.6952374496968
 10
546.8768033211354
 20
-838.4011512494453
 10
547.2802190164894
 20
-836.2040923825998
 10
548.129590290212
 20
-834.0099626428009
 10
551.070891012916
 20
-834.8019558796623
 10
553.1591286377297
 20
-835.3642567373163
 10
555.5994244122003
 20
-835.5863822049878
 10
556.783325298522
 20
-837.9107970748637
 97
        0
 97
        0
 75
     2
 76
     1
 98
        0
  0
SPLINE
  5
87
330
41
100
AcDbEntity
  8
katman 1
370
     0
100
AcDbSpline
210
0.0
220
0.0
230
1.0
 70
    11
 71
     3
 72
    17
 73
    13
 74
     0
 42
0.0000000001
 43
0.0000000001
 12
1.0
 22
0.0
 32
0.0
 13
1.0
 23
0.0
 33
0.0
 40
0.0
 40
0.0
 40
0.0
 40
0.0
 40
1.0
 40
1.0
 40
1.0
 40
2.0
 40
2.0
 40
2.0
 40
3.0
 40
3.0
 40
3.0
 40
4.0
 40
4.0
 40
4.0
 40
4.0
 10
549.8034359077374
 20
-818.8939584268619
 30
0.0
 10
553.1736518468497
 20
-819.0014512871103
 30
0.0
 10
554.2032131253254
 20
-821.138615608209
 30
0.0
 10
555.2289986745382
 20
-823.1569672134947
 30
0.0
 10
555.8503387840547
 20
-824.3795726378912
 30
0.0
 10
556.072595752199
 20
-825.7504956307421
 30
0.0
 10
554.3117252959892
 20
-826.3603948028967
 30
0.0
 10
552.8246447915462
 20
-826.875463486931
 30
0.0
 10
551.7643055987855
 20
-826.4040265911899
 30
0.0
 10
551.3439944684524
 20
-824.8072251866388
 30
0.0
 10
550.860182436898
 20
-822.9691979651361
 30
0.0
 10
550.3852185789674
 20
-821.1288518513875
 30
0.0
 10
549.8034359077374
 20
-818.8939584268619
 30
0.0
  0
HATCH
  5
88
330
41
100
AcDbEntity
  8
katman 1
 62
     7
420
 15593198
100
AcDbHatch
 10
0.0
 20
0.0
 30
0.0
210
0.0
220
0.0
230
1.0
  2
SOLID
 70
     1
 71
     0
 91
        1
 92
        1
 93
        1
 72
     4
 94
        3
 73
     0
 74
     1
 95
       17
 96
       13
 40
0.0
 40
0.0
 40
0.0
 40
0.0
 40
1.0
 40
1.0
 40
1.0
 40
2.0
 40
2.0
 40
2.0
 40
3.0
 40
3.0
 40
3.0
 40
4.0
 40
4.0
 40
4.0
 40
4.0
 10
549.8034359077374
 20
-818.8939584268619
 10
553.1736518468497
 20
-819.0014512871103
 10
554.2032131253254
 20
-821.138615608209
 10
555.2289986745382
 20
-823.1569672134947
 10
555.8503387840547
 20
-824.3795726378912
 10
556.072595752199
 20
-825.7504956307421
 10
554.3117252959892
 20
-826.3603948028967
 10
552.8246447915462
 20
-826.875463486931
 10
551.7643055987855
 20
-826.4040265911899
 10
551.3439944684524
 20
-824.8072251866388
 10
550.860182436898
 20
-822.9691979651361
 10
550.3852185789674
 20
-821.1288518513875
 10
549.8034359077374
 20
-818.8939584268619
 97
        0
 97
        0
 75
     2
 76
     1
 98
        0
  0
SPLINE
  5
89
330
41
100
AcDbEntity
  8
katman 1
370
     0
100
AcDbSpline
210
0.0
220
0.0
230
1.0
 70
    11
 71
     3
 72
    17
 73
    13
 74
     0
 42
0.0000000001
 43
0.0000000001
 12
1.0
 22
0.0
 32
0.0
 13
1.0
 23
0.0
 33
0.0
 40
0.0
 40
0.0
 40
0.0
 40
0.0
 40
1.0
 40
1.0
 40
1.0
 40
2.0
 40
2.0
 40
2.0
 40
3.0
 40
3.0
 40
3.0
 40
4.0
 40
4.0
 40
4.0
 40
4.0
 10
591.9338696899567
 20
-833.5931417617758
 30
0.0
 10
593.8834884705784
 20
-831.8677028611119
 30
0.0
 10
595.6164337857217
 20
-830.1765896680208
 30
0.0
 10
597.513741553661
 20
-828.6961295283372
 30
0.0
 10
599.711917735749
 20
-826.9809425723352
 30
0.0
 10
605.1099901424295
 20
-829.053208422315
 30
0.0
 10
605.583352175825
 20
-831.7059906387685
 30
0.0
 10
605.8666310310291
 20
-833.2934859625993
 30
0.0
 10
604.6170248278158
 20
-833.5159775711518
 30
0.0
 10
603.560079977522
 20
-833.9460100356255
 30
0.0
 10
599.7211778071105
 20
-835.5078449860612
 30
0.0
 10
595.9573783241967
 20
-834.9708993844015
 30
0.0
 10
591.9338696899567
 20
-833.5931417617758
 30
0.0
  0
HATCH
  5
8A
330
41
100
AcDbEntity
  8
katman 1
 62
     7
420
 16185078
100
AcDbHatch
 10
0.0
 20
0.0
 30
0.0
210
0.0
220
0.0
230
1.0
  2
SOLID
 70
     1
 71
     0
 91
        1
 92
        1
 93
        1
 72
     4
 94
        3
 73
     0
 74
     1
 95
       17
 96
       13
 40
0.0
 40
0.0
 40
0.0
 40
0.0
 40
1.0
 40
1.0
 40
1.0
 40
2.0
 40
2.0
 40
2.0
 40
3.0
 40
3.0
 40
3.0
 40
4.0
 40
4.0
 40
4.0
 40
4.0
 10
591.9338696899567
 20
-833.5931417617758
 10
593.8834884705784
 20
-831.8677028611119
 10
595.6164337857217
 20
-830.1765896680208
 10
597.513741553661
 20
-828.6961295283372
 10
599.711917735749
 20
-826.9809425723352
 10
605.1099901424295
 20
-829.053208422315
 10
605.583352175825
 20
-831.7059906387685
 10
605.8666310310291
 20
-833.2934859625993
 10
604.6170248278158
 20
-833.5159775711518
 10
603.560079977522
 20
-833.9460100356255
 10
599.7211778071105
 20
-835.5078449860612
 10
595.9573783241967
 20
-834.9708993844015
 10
591.9338696899567
 20
-833.5931417617758
 97
        0
 97
        0
 75
     2
 76
     1
 98
        0
  0
SPLINE
  5
8B
330
41
100
AcDbEntity
  8
katman 1
370
     0
100
AcDbSpline
210
0.0
220
0.0
230
1.0
 70
    11
 71
     3
 72
    17
 73
    13
 74
     0
 42
0.0000000001
 43
0.0000000001
 12
1.0
 22
0.0
 32
0.0
 13
1.0
 23
0.0
 33
0.0
 40
0.0
 40
0.0
 40
0.0
 40
0.0
 40
1.0
 40
1.0
 40
1.0
 40
2.0
 40
2.0
 40
2.0
 40
3.0
 40
3.0
 40
3.0
 40
4.0
 40
4.0
 40
4.0
 40
4.0
 10
541.6338332958894
 20
-1099.667994428437
 30
0.0
 10
544.4822129400736
 20
-1100.000877512546
 30
0.0
 10
545.6857552462925
 20
-1102.001471285112
 30
0.0
 10
546.1609326808284
 20
-1104.629874621256
 30
0.0
 10
546.3220762290812
 20
-1105.521183572026
 30
0.0
 10
545.9275697292387
 20
-1106.300514436763
 30
0.0
 10
544.9939958791092
 20
-1106.516903697302
 30
0.0
 10
544.0575158616084
 20
-1106.733964216124
 30
0.0
 10
539.6252673723684
 20
-1101.974681977335
 30
0.0
 10
539.7231998733641
 20
-1100.927885199195
 30
0.0
 10
539.8268836872148
 20
-1099.8195157296
 30
0.0
 10
540.7149199541263
 20
-1099.816098414714
 30
0.0
 10
541.6338332958894
 20
-1099.667994428437
 30
0.0
  0
HATCH
  5
8C
330
41
100
AcDbEntity
  8
katman 1
 62
   254
420
 15000804
100
AcDbHatch
 10
0.0
 20
0.0
 30
0.0
210
0.0
220
0.0
230
1.0
  2
SOLID
 70
     1
 71
     0
 91
        1
 92
        1
 93
        1
 72
     4
 94
        3
 73
     0
 74
     1
 95
       17
 96
       13
 40
0.0
 40
0.0
 40
0.0
 40
0.0
 40
1.0
 40
1.0
 40
1.0
 40
2.0
 40
2.0
 40
2.0
 40
3.0
 40
3.0
 40
3.0
 40
4.0
 40
4.0
 40
4.0
 40
4.0
 10
541.6338332958894
 20
-1099.667994428437
 10
544.4822129400736
 20
-1100.000877512546
 10
545.6857552462925
 20
-1102.001471285112
 10
546.1609326808284
 20
-1104.629874621256
 10
546.3220762290812
 20
-1105.521183572026
 10
545.9275697292387
 20
-1106.300514436763
 10
544.9939958791092
 20
-1106.516903697302
 10
544.0575158616084
 20
-1106.733964216124
 10
539.6252673723684
 20
-1101.974681977335
 10
539.7231998733641
 20
-1100.927885199195
 10
539.8268836872148
 20
-1099.8195157296
 10
540.7149199541263
 20
-1099.816098414714
 10
541.6338332958894
 20
-1099.667994428437
 97
        0
 97
        0
 75
     2
 76
     1
 98
        0
  0
ENDBLK
  5
44
330
41
100
AcDbEntity
  8
0
100
AcDbBlockEnd
  0
BLOCK
  5
8F
330
8D
100
AcDbEntity
  8
0
100
AcDbBlockBegin
  2
block 3
 70
     0
 10
0.0
 20
0.0
 30
0.0
  3
block 3
  1

  0
SPLINE
  5
91
330
8D
100
AcDbEntity
  8
katman 1
370
     0
100
AcDbSpline
210
0.0
220
0.0
230
1.0
 70
    11
 71
     3
 72
    80
 73
    76
 74
     0
 42
0.0000000001
 43
0.0000000001
 12
1.0
 22
0.0
 32
0.0
 13
1.0
 23
0.0
 33
0.0
 40
0.0
 40
0.0
 40
0.0
 40
0.0
 40
1.0
 40
1.0
 40
1.0
 40
2.0
 40
2.0
 40
2.0
 40
3.0
 40
3.0
 40
3.0
 40
4.0
 40
4.0
 40
4.0
 40
5.0
 40
5.0
 40
5.0
 40
6.0
 40
6.0
 40
6.0
 40
7.0
 40
7.0
 40
7.0
 40
8.0
 40
8.0
 40
8.0
 40
9.0
 40
9.0
 40
9.0
 40
10.0
 40
10.0
 40
10.0
 40
11.0
 40
11.0
 40
11.0
 40
12.0
 40
12.0
 40
12.0
 40
13.0
 40
13.0
 40
13.0
 40
14.0
 40
14.0
 40
14.0
 40
15.0
 40
15.0
 40
15.0
 40
16.0
 40
16.0
 40
16.0
 40
17.0
 40
17.0
 40
17.0
 40
18.0
 40
18.0
 40
18.0
 40
19.0
 40
19.0
 40
19.0
 40
20.0
 40
20.0
 40
20.0
 40
21.0
 40
21.0
 40
21.0
 40
22.0
 40
22.0
 40
22.0
 40
23.0
 40
23.0
 40
23.0
 40
24.0
 40
24.0
 40
24.0
 40
25.0
 40
25.0
 40
25.0
 40
25.0
 10
1015.71215827284
 20
-1162.675095449038
 30
0.0
 10
1015.71215827284
 20
-1174.964028950792
 30
0.0
 10
1015.71228031491
 20
-1187.252901428936
 30
0.0
 10
1015.712219293873
 20
-1199.541834930689
 30
0.0
 10
1015.712036230769
 20
-1215.368611911257
 30
0.0
 10
1015.729244162805
 20
-1231.195327868223
 30
0.0
 10
1015.704225538211
 20
-1247.022104848791
 30
0.0
 10
1015.690983973487
 20
-1255.421027649369
 30
0.0
 10
1013.299691630607
 20
-1257.85867656019
 30
0.0
 10
1005.104383487149
 20
-1257.884062379719
 30
0.0
 10
996.6083026592414
 20
-1257.910363553317
 30
0.0
 10
988.1117946840877
 20
-1257.93568834924
 30
0.0
 10
979.616141003432
 20
-1257.874115532162
 30
0.0
 10
972.6026272563322
 20
-1257.8232828695
 30
0.0
 10
969.8860927937321
 20
-1255.213608417209
 30
0.0
 10
969.8582061804655
 20
-1248.205535613513
 30
0.0
 10
969.7811976335452
 20
-1228.880519473536
 30
0.0
 10
969.8285499571666
 20
-1209.555076168326
 30
0.0
 10
969.8283668940603
 20
-1190.229754910328
 30
0.0
 10
969.827878725775
 20
-1132.420446600594
 30
0.0
 10
969.8269023892062
 20
-1074.611077267255
 30
0.0
 10
969.8289771044156
 20
-1016.801768957517
 30
0.0
 10
969.8294042516654
 20
-1005.479205258795
 30
0.0
 10
971.3798267240527
 20
-1003.9578867952
 30
0.0
 10
982.8684401585515
 20
-1003.957398606362
 30
0.0
 10
988.0327114219572
 20
-1003.957215535549
 30
0.0
 10
993.1974098326118
 20
-1003.917428145323
 30
0.0
 10
998.3611929277331
 20
-1003.966979312288
 30
0.0
 10
1004.938467291366
 20
-1004.030138743088
 30
0.0
 10
1008.1515299206
 20
-1006.485911664488
 30
0.0
 10
1010.183896532111
 20
-1013.191429436392
 30
0.0
 10
1018.243432871375
 20
-1039.782709251282
 30
0.0
 10
1026.251284393486
 20
-1066.38961110896
 30
0.0
 10
1034.281408593593
 20
-1092.989800370127
 30
0.0
 10
1034.560152684189
 20
-1093.913148531887
 30
0.0
 10
1034.871115881579
 20
-1094.826732916903
 30
0.0
 10
1035.274037779611
 20
-1096.076740434284
 30
0.0
 10
1036.870470112834
 20
-1094.30998503284
 30
0.0
 10
1036.206683287637
 20
-1092.520772944888
 30
0.0
 10
1036.209673318383
 20
-1090.941970245727
 30
0.0
 10
1036.256659515788
 20
-1065.952438005341
 30
0.0
 10
1036.232556206731
 20
-1040.96278371775
 30
0.0
 10
1036.24653002388
 20
-1015.973190453758
 30
0.0
 10
1036.252204980192
 20
-1005.865667746959
 30
0.0
 10
1038.165580572295
 20
-1003.95959545613
 30
0.0
 10
1048.160154971294
 20
-1003.957825771595
 30
0.0
 10
1056.323121965892
 20
-1003.956361205084
 30
0.0
 10
1064.486333044628
 20
-1003.916817909278
 30
0.0
 10
1072.648933913009
 20
-1003.971861200662
 30
0.0
 10
1079.418973728087
 20
-1004.017567880535
 30
0.0
 10
1081.991742630824
 20
-1006.514226617037
 30
0.0
 10
1082.084738689071
 20
-1013.335689237756
 30
0.0
 10
1082.198237815275
 20
-1021.664007727766
 30
0.0
 10
1082.119276595218
 20
-1029.995072279988
 30
0.0
 10
1082.119337616252
 20
-1038.324916360114
 30
0.0
 10
1082.120130889714
 20
-1107.296296288379
 30
0.0
 10
1082.120802121106
 20
-1176.267615193039
 30
0.0
 10
1082.118910469002
 20
-1245.238995121304
 30
0.0
 10
1082.118605363827
 20
-1256.247592374173
 30
0.0
 10
1080.455232954551
 20
-1257.889554504134
 30
0.0
 10
1069.347878950448
 20
-1257.89053088181
 30
0.0
 10
1064.683369968563
 20
-1257.890958047043
 30
0.0
 10
1060.018738944604
 20
-1257.906702137039
 30
0.0
 10
1055.354290983756
 20
-1257.886198205881
 30
0.0
 10
1047.693832217283
 20
-1257.852452152518
 30
0.0
 10
1044.471433369603
 20
-1255.49871069807
 30
0.0
 10
1042.287246421529
 20
-1248.190157665143
 30
0.0
 10
1034.187741303955
 20
-1221.088415397469
 30
0.0
 10
1026.121370608707
 20
-1193.976848329443
 30
0.0
 10
1018.037730960383
 20
-1166.870346220607
 30
0.0
 10
1017.621201371418
 20
-1165.473515910471
 30
0.0
 10
1017.159882342319
 20
-1164.090110793353
 30
0.0
 10
1016.719371486364
 20
-1162.700420244961
 30
0.0
 10
1016.383633748523
 20
-1162.69199898752
 30
0.0
 10
1016.047896010681
 20
-1162.683516706478
 30
0.0
 10
1015.71215827284
 20
-1162.675095449038
 30
0.0
  0
SPLINE
  5
92
330
8D
100
AcDbEntity
  8
katman 1
370
     0
100
AcDbSpline
210
0.0
220
0.0
230
1.0
 70
    11
 71
     3
 72
    80
 73
    76
 74
     0
 42
0.0000000001
 43
0.0000000001
 12
1.0
 22
0.0
 32
0.0
 13
1.0
 23
0.0
 33
0.0
 40
0.0
 40
0.0
 40
0.0
 40
0.0
 40
1.0
 40
1.0
 40
1.0
 40
2.0
 40
2.0
 40
2.0
 40
3.0
 40
3.0
 40
3.0
 40
4.0
 40
4.0
 40
4.0
 40
5.0
 40
5.0
 40
5.0
 40
6.0
 40
6.0
 40
6.0
 40
7.0
 40
7.0
 40
7.0
 40
8.0
 40
8.0
 40
8.0
 40
9.0
 40
9.0
 40
9.0
 40
10.0
 40
10.0
 40
10.0
 40
11.0
 40
11.0
 40
11.0
 40
12.0
 40
12.0
 40
12.0
 40
13.0
 40
13.0
 40
13.0
 40
14.0
 40
14.0
 40
14.0
 40
15.0
 40
15.0
 40
15.0
 40
16.0
 40
16.0
 40
16.0
 40
17.0
 40
17.0
 40
17.0
 40
18.0
 40
18.0
 40
18.0
 40
19.0
 40
19.0
 40
19.0
 40
20.0
 40
20.0
 40
20.0
 40
21.0
 40
21.0
 40
21.0
 40
22.0
 40
22.0
 40
22.0
 40
23.0
 40
23.0
 40
23.0
 40
24.0
 40
24.0
 40
24.0
 40
25.0
 40
25.0
 40
25.0
 40
25.0
 10
1043.842123429517
 20
-1147.652060365141
 30
0.0
 10
1043.559290929534
 20
-1147.698865469894
 30
0.0
 10
1043.276458429555
 20
-1147.745670574652
 30
0.0
 10
1042.993625929572
 20
-1147.792414655803
 30
0.0
 10
1040.304367869885
 20
-1138.948568753822
 30
0.0
 10
1037.594850826379
 20
-1130.110825212301
 30
0.0
 10
1034.92939097057
 20
-1121.259839548573
 30
0.0
 10
1024.419921073222
 20
-1086.36178257611
 30
0.0
 10
1013.89720961115
 20
-1051.467570090736
 30
0.0
 10
1003.466578891788
 20
-1016.545958006882
 30
0.0
 10
1002.444415524544
 20
-1013.123815282455
 30
0.0
 10
1001.088833218811
 20
-1010.975052115984
 30
0.0
 10
996.9859008275007
 20
-1011.260154396849
 30
0.0
 10
992.3432983973944
 20
-1011.58272517096
 30
0.0
 10
987.6310709656736
 20
-1011.665046013615
 30
0.0
 10
983.0045780889632
 20
-1011.242762669528
 30
0.0
 10
978.3491002203455
 20
-1010.817977357652
 30
0.0
 10
977.2432159922655
 20
-1012.434370597268
 30
0.0
 10
977.2545048838501
 20
-1016.990087801427
 30
0.0
 10
977.4079117673346
 20
-1078.803154811379
 30
0.0
 10
977.3576304340049
 20
-1140.616771033776
 30
0.0
 10
977.3577524760758
 20
-1202.430204185359
 30
0.0
 10
977.3577524760758
 20
-1217.09216260062
 30
0.0
 10
977.4390324954884
 20
-1231.754914322741
 30
0.0
 10
977.2908734210641
 20
-1246.415408171491
 30
0.0
 10
977.2603629032674
 20
-1249.431499830665
 30
0.0
 10
978.0060399582326
 20
-1250.442233794263
 30
0.0
 10
981.1495996279236
 20
-1250.34032437452
 30
0.0
 10
988.4726120675587
 20
-1250.103064599694
 30
0.0
 10
995.8246705201373
 20
-1249.972291014958
 30
0.0
 10
1003.133098932263
 20
-1250.375901136023
 30
0.0
 10
1007.46046669249
 20
-1250.614808548176
 30
0.0
 10
1008.241535948102
 20
-1249.163789277125
 30
0.0
 10
1008.225243331599
 20
-1245.128542396913
 30
0.0
 10
1008.067076807336
 20
-1205.975065378709
 30
0.0
 10
1008.130294600211
 20
-1166.820795053642
 30
0.0
 10
1008.130355621248
 20
-1127.666707799388
 30
0.0
 10
1008.130416642281
 20
-1121.910229126792
 30
0.0
 10
1008.130355621248
 20
-1116.153689430594
 30
0.0
 10
1008.130355621248
 20
-1110.397210757998
 30
0.0
 10
1010.469658041802
 20
-1115.44245931855
 30
0.0
 10
1012.182762595083
 20
-1120.621776738491
 30
0.0
 10
1013.739104107925
 20
-1125.847716192377
 30
0.0
 10
1025.518360734961
 20
-1165.399799396069
 30
0.0
 10
1037.332033226074
 20
-1204.941935752206
 30
0.0
 10
1048.93493906024
 20
-1244.545766972631
 30
0.0
 10
1050.255007123258
 20
-1249.051505844593
 30
0.0
 10
1052.340828161952
 20
-1250.826133291033
 30
0.0
 10
1057.01571071989
 20
-1250.348440513939
 30
0.0
 10
1060.972924878199
 20
-1249.94403708601
 30
0.0
 10
1065.02929821935
 20
-1249.985289042743
 30
0.0
 10
1068.996092680245
 20
-1250.340019256499
 30
0.0
 10
1073.37764712008
 20
-1250.731851821871
 30
0.0
 10
1074.804990163673
 20
-1249.549275387613
 30
0.0
 10
1074.787965294741
 20
-1244.784552337576
 30
0.0
 10
1074.592881043944
 20
-1190.136144700817
 30
0.0
 10
1074.663543403163
 20
-1135.486821709987
 30
0.0
 10
1074.6636044242
 20
-1080.837742813575
 30
0.0
 10
1074.6636044242
 20
-1059.344680048063
 30
0.0
 10
1074.539609679872
 20
-1037.850213739646
 30
0.0
 10
1074.769109794743
 20
-1016.359591918321
 30
0.0
 10
1074.814814550402
 20
-1012.080738808399
 30
0.0
 10
1073.490352972822
 20
-1011.053772565967
 30
0.0
 10
1069.459547445585
 20
-1011.245935896968
 30
0.0
 10
1062.644169001062
 20
-1011.57088659166
 30
0.0
 10
1055.789126883403
 20
-1011.58907162584
 30
0.0
 10
1048.976067238233
 20
-1011.240809914179
 30
0.0
 10
1044.820900840452
 20
-1011.028447770044
 30
0.0
 10
1043.730393913342
 20
-1012.300057643464
 30
0.0
 10
1043.74595427742
 20
-1016.448259215857
 30
0.0
 10
1043.90204608647
 20
-1058.100896938358
 30
0.0
 10
1043.841635261233
 20
-1099.754450014927
 30
0.0
 10
1043.842123429517
 20
-1141.407697973475
 30
0.0
 10
1043.842123429517
 20
-1143.48915210403
 30
0.0
 10
1043.842123429517
 20
-1145.570606234585
 30
0.0
 10
1043.842123429517
 20
-1147.652060365141
 30
0.0
  0
HATCH
  5
93
330
8D
100
AcDbEntity
  8
katman 1
 62
     7
420
 16777215
100
AcDbHatch
 10
0.0
 20
0.0
 30
0.0
210
0.0
220
0.0
230
1.0
  2
SOLID
 70
     1
 71
     0
 91
        2
 92
        1
 93
        1
 72
     4
 94
        3
 73
     0
 74
     1
 95
       80
 96
       76
 40
0.0
 40
0.0
 40
0.0
 40
0.0
 40
1.0
 40
1.0
 40
1.0
 40
2.0
 40
2.0
 40
2.0
 40
3.0
 40
3.0
 40
3.0
 40
4.0
 40
4.0
 40
4.0
 40
5.0
 40
5.0
 40
5.0
 40
6.0
 40
6.0
 40
6.0
 40
7.0
 40
7.0
 40
7.0
 40
8.0
 40
8.0
 40
8.0
 40
9.0
 40
9.0
 40
9.0
 40
10.0
 40
10.0
 40
10.0
 40
11.0
 40
11.0
 40
11.0
 40
12.0
 40
12.0
 40
12.0
 40
13.0
 40
13.0
 40
13.0
 40
14.0
 40
14.0
 40
14.0
 40
15.0
 40
15.0
 40
15.0
 40
16.0
 40
16.0
 40
16.0
 40
17.0
 40
17.0
 40
17.0
 40
18.0
 40
18.0
 40
18.0
 40
19.0
 40
19.0
 40
19.0
 40
20.0
 40
20.0
 40
20.0
 40
21.0
 40
21.0
 40
21.0
 40
22.0
 40
22.0
 40
22.0
 40
23.0
 40
23.0
 40
23.0
 40
24.0
 40
24.0
 40
24.0
 40
25.0
 40
25.0
 40
25.0
 40
25.0
 10
1015.71215827284
 20
-1162.675095449038
 10
1015.71215827284
 20
-1174.964028950792
 10
1015.71228031491
 20
-1187.252901428936
 10
1015.712219293873
 20
-1199.541834930689
 10
1015.712036230769
 20
-1215.368611911257
 10
1015.729244162805
 20
-1231.195327868223
 10
1015.704225538211
 20
-1247.022104848791
 10
1015.690983973487
 20
-1255.421027649369
 10
1013.299691630607
 20
-1257.85867656019
 10
1005.104383487149
 20
-1257.884062379719
 10
996.6083026592414
 20
-1257.910363553317
 10
988.1117946840877
 20
-1257.93568834924
 10
979.616141003432
 20
-1257.874115532162
 10
972.6026272563322
 20
-1257.8232828695
 10
969.8860927937321
 20
-1255.213608417209
 10
969.8582061804655
 20
-1248.205535613513
 10
969.7811976335452
 20
-1228.880519473536
 10
969.8285499571666
 20
-1209.555076168326
 10
969.8283668940603
 20
-1190.229754910328
 10
969.827878725775
 20
-1132.420446600594
 10
969.8269023892062
 20
-1074.611077267255
 10
969.8289771044156
 20
-1016.801768957517
 10
969.8294042516654
 20
-1005.479205258795
 10
971.3798267240527
 20
-1003.9578867952
 10
982.8684401585515
 20
-1003.957398606362
 10
988.0327114219572
 20
-1003.957215535549
 10
993.1974098326118
 20
-1003.917428145323
 10
998.3611929277331
 20
-1003.966979312288
 10
1004.938467291366
 20
-1004.030138743088
 10
1008.1515299206
 20
-1006.485911664488
 10
1010.183896532111
 20
-1013.191429436392
 10
1018.243432871375
 20
-1039.782709251282
 10
1026.251284393486
 20
-1066.38961110896
 10
1034.281408593593
 20
-1092.989800370127
 10
1034.560152684189
 20
-1093.913148531887
 10
1034.871115881579
 20
-1094.826732916903
 10
1035.274037779611
 20
-1096.076740434284
 10
1036.870470112834
 20
-1094.30998503284
 10
1036.206683287637
 20
-1092.520772944888
 10
1036.209673318383
 20
-1090.941970245727
 10
1036.256659515788
 20
-1065.952438005341
 10
1036.232556206731
 20
-1040.96278371775
 10
1036.24653002388
 20
-1015.973190453758
 10
1036.252204980192
 20
-1005.865667746959
 10
1038.165580572295
 20
-1003.95959545613
 10
1048.160154971294
 20
-1003.957825771595
 10
1056.323121965892
 20
-1003.956361205084
 10
1064.486333044628
 20
-1003.916817909278
 10
1072.648933913009
 20
-1003.971861200662
 10
1079.418973728087
 20
-1004.017567880535
 10
1081.991742630824
 20
-1006.514226617037
 10
1082.084738689071
 20
-1013.335689237756
 10
1082.198237815275
 20
-1021.664007727766
 10
1082.119276595218
 20
-1029.995072279988
 10
1082.119337616252
 20
-1038.324916360114
 10
1082.120130889714
 20
-1107.296296288379
 10
1082.120802121106
 20
-1176.267615193039
 10
1082.118910469002
 20
-1245.238995121304
 10
1082.118605363827
 20
-1256.247592374173
 10
1080.455232954551
 20
-1257.889554504134
 10
1069.347878950448
 20
-1257.89053088181
 10
1064.683369968563
 20
-1257.890958047043
 10
1060.018738944604
 20
-1257.906702137039
 10
1055.354290983756
 20
-1257.886198205881
 10
1047.693832217283
 20
-1257.852452152518
 10
1044.471433369603
 20
-1255.49871069807
 10
1042.287246421529
 20
-1248.190157665143
 10
1034.187741303955
 20
-1221.088415397469
 10
1026.121370608707
 20
-1193.976848329443
 10
1018.037730960383
 20
-1166.870346220607
 10
1017.621201371418
 20
-1165.473515910471
 10
1017.159882342319
 20
-1164.090110793353
 10
1016.719371486364
 20
-1162.700420244961
 10
1016.383633748523
 20
-1162.69199898752
 10
1016.047896010681
 20
-1162.683516706478
 10
1015.71215827284
 20
-1162.675095449038
 97
        0
 97
        0
 92
        1
 93
        1
 72
     4
 94
        3
 73
     0
 74
     1
 95
       80
 96
       76
 40
0.0
 40
0.0
 40
0.0
 40
0.0
 40
1.0
 40
1.0
 40
1.0
 40
2.0
 40
2.0
 40
2.0
 40
3.0
 40
3.0
 40
3.0
 40
4.0
 40
4.0
 40
4.0
 40
5.0
 40
5.0
 40
5.0
 40
6.0
 40
6.0
 40
6.0
 40
7.0
 40
7.0
 40
7.0
 40
8.0
 40
8.0
 40
8.0
 40
9.0
 40
9.0
 40
9.0
 40
10.0
 40
10.0
 40
10.0
 40
11.0
 40
11.0
 40
11.0
 40
12.0
 40
12.0
 40
12.0
 40
13.0
 40
13.0
 40
13.0
 40
14.0
 40
14.0
 40
14.0
 40
15.0
 40
15.0
 40
15.0
 40
16.0
 40
16.0
 40
16.0
 40
17.0
 40
17.0
 40
17.0
 40
18.0
 40
18.0
 40
18.0
 40
19.0
 40
19.0
 40
19.0
 40
20.0
 40
20.0
 40
20.0
 40
21.0
 40
21.0
 40
21.0
 40
22.0
 40
22.0
 40
22.0
 40
23.0
 40
23.0
 40
23.0
 40
24.0
 40
24.0
 40
24.0
 40
25.0
 40
25.0
 40
25.0
 40
25.0
 10
1043.842123429517
 20
-1147.652060365141
 10
1043.559290929534
 20
-1147.698865469894
 10
1043.276458429555
 20
-1147.745670574652
 10
1042.993625929572
 20
-1147.792414655803
 10
1040.304367869885
 20
-1138.948568753822
 10
1037.594850826379
 20
-1130.110825212301
 10
1034.92939097057
 20
-1121.259839548573
 10
1024.419921073222
 20
-1086.36178257611
 10
1013.89720961115
 20
-1051.467570090736
 10
1003.466578891788
 20
-1016.545958006882
 10
1002.444415524544
 20
-1013.123815282455
 10
1001.088833218811
 20
-1010.975052115984
 10
996.9859008275007
 20
-1011.260154396849
 10
992.3432983973944
 20
-1011.58272517096
 10
987.6310709656736
 20
-1011.665046013615
 10
983.0045780889632
 20
-1011.242762669528
 10
978.3491002203455
 20
-1010.817977357652
 10
977.2432159922655
 20
-1012.434370597268
 10
977.2545048838501
 20
-1016.990087801427
 10
977.4079117673346
 20
-1078.803154811379
 10
977.3576304340049
 20
-1140.616771033776
 10
977.3577524760758
 20
-1202.430204185359
 10
977.3577524760758
 20
-1217.09216260062
 10
977.4390324954884
 20
-1231.754914322741
 10
977.2908734210641
 20
-1246.415408171491
 10
977.2603629032674
 20
-1249.431499830665
 10
978.0060399582326
 20
-1250.442233794263
 10
981.1495996279236
 20
-1250.34032437452
 10
988.4726120675587
 20
-1250.103064599694
 10
995.8246705201373
 20
-1249.972291014958
 10
1003.133098932263
 20
-1250.375901136023
 10
1007.46046669249
 20
-1250.614808548176
 10
1008.241535948102
 20
-1249.163789277125
 10
1008.225243331599
 20
-1245.128542396913
 10
1008.067076807336
 20
-1205.975065378709
 10
1008.130294600211
 20
-1166.820795053642
 10
1008.130355621248
 20
-1127.666707799388
 10
1008.130416642281
 20
-1121.910229126792
 10
1008.130355621248
 20
-1116.153689430594
 10
1008.130355621248
 20
-1110.397210757998
 10
1010.469658041802
 20
-1115.44245931855
 10
1012.182762595083
 20
-1120.621776738491
 10
1013.739104107925
 20
-1125.847716192377
 10
1025.518360734961
 20
-1165.399799396069
 10
1037.332033226074
 20
-1204.941935752206
 10
1048.93493906024
 20
-1244.545766972631
 10
1050.255007123258
 20
-1249.051505844593
 10
1052.340828161952
 20
-1250.826133291033
 10
1057.01571071989
 20
-1250.348440513939
 10
1060.972924878199
 20
-1249.94403708601
 10
1065.02929821935
 20
-1249.985289042743
 10
1068.996092680245
 20
-1250.340019256499
 10
1073.37764712008
 20
-1250.731851821871
 10
1074.804990163673
 20
-1249.549275387613
 10
1074.787965294741
 20
-1244.784552337576
 10
1074.592881043944
 20
-1190.136144700817
 10
1074.663543403163
 20
-1135.486821709987
 10
1074.6636044242
 20
-1080.837742813575
 10
1074.6636044242
 20
-1059.344680048063
 10
1074.539609679872
 20
-1037.850213739646
 10
1074.769109794743
 20
-1016.359591918321
 10
1074.814814550402
 20
-1012.080738808399
 10
1073.490352972822
 20
-1011.053772565967
 10
1069.459547445585
 20
-1011.245935896968
 10
1062.644169001062
 20
-1011.57088659166
 10
1055.789126883403
 20
-1011.58907162584
 10
1048.976067238233
 20
-1011.240809914179
 10
1044.820900840452
 20
-1011.028447770044
 10
1043.730393913342
 20
-1012.300057643464
 10
1043.74595427742
 20
-1016.448259215857
 10
1043.90204608647
 20
-1058.100896938358
 10
1043.841635261233
 20
-1099.754450014927
 10
1043.842123429517
 20
-1141.407697973475
 10
1043.842123429517
 20
-1143.48915210403
 10
1043.842123429517
 20
-1145.570606234585
 10
1043.842123429517
 20
-1147.652060365141
 97
        0
 97
        0
 75
     2
 76
     1
 98
        0
  0
SPLINE
  5
94
330
8D
100
AcDbEntity
  8
katman 1
370
     0
100
AcDbSpline
210
0.0
220
0.0
230
1.0
 70
    11
 71
     3
 72
   101
 73
    97
 74
     0
 42
0.0000000001
 43
0.0000000001
 12
1.0
 22
0.0
 32
0.0
 13
1.0
 23
0.0
 33
0.0
 40
0.0
 40
0.0
 40
0.0
 40
0.0
 40
1.0
 40
1.0
 40
1.0
 40
2.0
 40
2.0
 40
2.0
 40
3.0
 40
3.0
 40
3.0
 40
4.0
 40
4.0
 40
4.0
 40
5.0
 40
5.0
 40
5.0
 40
6.0
 40
6.0
 40
6.0
 40
7.0
 40
7.0
 40
7.0
 40
8.0
 40
8.0
 40
8.0
 40
9.0
 40
9.0
 40
9.0
 40
10.0
 40
10.0
 40
10.0
 40
11.0
 40
11.0
 40
11.0
 40
12.0
 40
12.0
 40
12.0
 40
13.0
 40
13.0
 40
13.0
 40
14.0
 40
14.0
 40
14.0
 40
15.0
 40
15.0
 40
15.0
 40
16.0
 40
16.0
 40
16.0
 40
17.0
 40
17.0
 40
17.0
 40
18.0
 40
18.0
 40
18.0
 40
19.0
 40
19.0
 40
19.0
 40
20.0
 40
20.0
 40
20.0
 40
21.0
 40
21.0
 40
21.0
 40
22.0
 40
22.0
 40
22.0
 40
23.0
 40
23.0
 40
23.0
 40
24.0
 40
24.0
 40
24.0
 40
25.0
 40
25.0
 40
25.0
 40
26.0
 40
26.0
 40
26.0
 40
27.0
 40
27.0
 40
27.0
 40
28.0
 40
28.0
 40
28.0
 40
29.0
 40
29.0
 40
29.0
 40
30.0
 40
30.0
 40
30.0
 40
31.0
 40
31.0
 40
31.0
 40
32.0
 40
32.0
 40
32.0
 40
32.0
 10
1249.140197205299
 20
-1186.774110226957
 30
0.0
 10
1249.140197205299
 20
-1178.284872491517
 30
0.0
 10
1249.236183294288
 20
-1169.794048142357
 30
0.0
 10
1249.10181497391
 20
-1161.306946233082
 30
0.0
 10
1249.028894836374
 20
-1156.700762507888
 30
0.0
 10
1246.752810208698
 20
-1153.250670972539
 30
0.0
 10
1243.127550484023
 20
-1150.320012359858
 30
0.0
 10
1230.562831086812
 20
-1140.162633368069
 30
0.0
 10
1218.212173482469
 20
-1129.740839097387
 30
0.0
 10
1205.681198717943
 20
-1119.541231771189
 30
0.0
 10
1197.108109343117
 20
-1112.563060533765
 30
0.0
 10
1192.741932204251
 20
-1103.738620138058
 30
0.0
 10
1192.80875023823
 20
-1092.63763314777
 30
0.0
 10
1192.897962992269
 20
-1077.810544858359
 30
0.0
 10
1192.633985992285
 20
-1062.979367987438
 30
0.0
 10
1192.869222084504
 20
-1048.155513949074
 30
0.0
 10
1193.294538702597
 20
-1021.352604273306
 30
0.0
 10
1213.763801008659
 20
-1001.349921003839
 30
0.0
 10
1240.498459165428
 20
-1001.370119816973
 30
0.0
 10
1247.147555287956
 20
-1001.375184776156
 30
0.0
 10
1253.824477002716
 20
-1000.930627816378
 30
0.0
 10
1260.383811181888
 20
-1002.609326156333
 30
0.0
 10
1278.848776552808
 20
-1007.334811028588
 30
0.0
 10
1293.09541875411
 20
-1024.03367634302
 30
0.0
 10
1294.840315266938
 20
-1043.556897150858
 30
0.0
 10
1295.41690303227
 20
-1050.008617751078
 30
0.0
 10
1295.230544789567
 20
-1056.536922975123
 30
0.0
 10
1295.221696739405
 20
-1063.029956555682
 30
0.0
 10
1295.214435236168
 20
-1068.359941255472
 30
0.0
 10
1292.505711466125
 20
-1071.733814308631
 30
0.0
 10
1287.325330649324
 20
-1073.176961534686
 30
0.0
 10
1277.867436258377
 20
-1075.811777712086
 30
0.0
 10
1268.452378634414
 20
-1078.603180458987
 30
0.0
 10
1258.973431986189
 20
-1081.158482879546
 30
0.0
 10
1252.8714504688
 20
-1082.803435166134
 30
0.0
 10
1249.68718976837
 20
-1080.384398454727
 30
0.0
 10
1249.545498923719
 20
-1074.018049877392
 30
0.0
 10
1249.389834261918
 20
-1067.024134549974
 30
0.0
 10
1249.45183163408
 20
-1060.023689696856
 30
0.0
 10
1249.521029488445
 20
-1053.027028307228
 30
0.0
 10
1249.559716825013
 20
-1049.126094380823
 30
0.0
 10
1248.390431740947
 20
-1046.50531363249
 30
0.0
 10
1243.903738056786
 20
-1046.586841168282
 30
0.0
 10
1239.682363835389
 20
-1046.663486815705
 30
0.0
 10
1238.646836861346
 20
-1049.155995947094
 30
0.0
 10
1238.679544136427
 20
-1052.854819694945
 30
0.0
 10
1238.764973586258
 20
-1062.517114182316
 30
0.0
 10
1238.750389558751
 20
-1072.180812212595
 30
0.0
 10
1238.692724680113
 20
-1081.843472841592
 30
0.0
 10
1238.659712299857
 20
-1087.37202835087
 30
0.0
 10
1240.613605859595
 20
-1091.670897203112
 30
0.0
 10
1245.105669394892
 20
-1095.182622579145
 30
0.0
 10
1257.177521887603
 20
-1104.619923036222
 30
0.0
 10
1268.752052940221
 20
-1114.713227243141
 30
0.0
 10
1281.056456599585
 20
-1123.827224642853
 30
0.0
 10
1290.995318793088
 20
-1131.188868211815
 30
0.0
 10
1295.110333349443
 20
-1140.932202046144
 30
0.0
 10
1295.222795118047
 20
-1152.65855893675
 30
0.0
 10
1295.419343873695
 20
-1173.148210571217
 30
0.0
 10
1295.611194009605
 20
-1193.650982280684
 30
0.0
 10
1295.104597372097
 20
-1214.130870138411
 30
0.0
 10
1294.534233752394
 20
-1237.184550568902
 30
0.0
 10
1278.884962026914
 20
-1255.946868050523
 30
0.0
 10
1257.509537342274
 20
-1259.620061884423
 30
0.0
 10
1248.638909397891
 20
-1261.14443152825
 30
0.0
 10
1239.498019286857
 20
-1261.138939403834
 30
0.0
 10
1230.627574405578
 20
-1259.627262669772
 30
0.0
 10
1209.515760594706
 20
-1256.029677082017
 30
0.0
 10
1193.534717498696
 20
-1236.884924670136
 30
0.0
 10
1192.903759990648
 20
-1214.654940855031
 30
0.0
 10
1192.563506696173
 20
-1202.668928526695
 30
0.0
 10
1192.768598396808
 20
-1190.665463447436
 30
0.0
 10
1192.840908323986
 20
-1178.670602696428
 30
0.0
 10
1192.875568272204
 20
-1172.930173231853
 30
0.0
 10
1195.357659916051
 20
-1169.775191848526
 30
0.0
 10
1200.91814076357
 20
-1168.162521048791
 30
0.0
 10
1210.186747902102
 20
-1165.474370240936
 30
0.0
 10
1219.460419786592
 20
-1162.799339508078
 30
0.0
 10
1228.771314502792
 20
-1160.263198499375
 30
0.0
 10
1235.380380825969
 20
-1158.462880115381
 30
0.0
 10
1238.643968872675
 20
-1160.984375458971
 30
0.0
 10
1238.683754587881
 20
-1167.915314426406
 30
0.0
 10
1238.761129261016
 20
-1181.409769237758
 30
0.0
 10
1238.741419466518
 20
-1194.905078379576
 30
0.0
 10
1238.684975008593
 20
-1208.399716261742
 30
0.0
 10
1238.669475665552
 20
-1212.097258513892
 30
0.0
 10
1239.176194345131
 20
-1215.091747817023
 30
0.0
 10
1243.879878831867
 20
-1215.177363934326
 30
0.0
 10
1248.817762053219
 20
-1215.267312727563
 30
0.0
 10
1249.554102889739
 20
-1212.204232892818
 30
0.0
 10
1249.518710689092
 20
-1208.266684803632
 30
0.0
 10
1249.454272475505
 20
-1201.103367949741
 30
0.0
 10
1249.500404378414
 20
-1193.938952670964
 30
0.0
 10
1249.500404378414
 20
-1186.775025581028
 30
0.0
 10
1249.380314980364
 20
-1186.774720463003
 30
0.0
 10
1249.260286603349
 20
-1186.774415344982
 30
0.0
 10
1249.140197205299
 20
-1186.774110226957
 30
0.0
  0
SPLINE
  5
95
330
8D
100
AcDbEntity
  8
katman 1
370
     0
100
AcDbSpline
210
0.0
220
0.0
230
1.0
 70
    11
 71
     3
 72
   101
 73
    97
 74
     0
 42
0.0000000001
 43
0.0000000001
 12
1.0
 22
0.0
 32
0.0
 13
1.0
 23
0.0
 33
0.0
 40
0.0
 40
0.0
 40
0.0
 40
0.0
 40
1.0
 40
1.0
 40
1.0
 40
2.0
 40
2.0
 40
2.0
 40
3.0
 40
3.0
 40
3.0
 40
4.0
 40
4.0
 40
4.0
 40
5.0
 40
5.0
 40
5.0
 40
6.0
 40
6.0
 40
6.0
 40
7.0
 40
7.0
 40
7.0
 40
8.0
 40
8.0
 40
8.0
 40
9.0
 40
9.0
 40
9.0
 40
10.0
 40
10.0
 40
10.0
 40
11.0
 40
11.0
 40
11.0
 40
12.0
 40
12.0
 40
12.0
 40
13.0
 40
13.0
 40
13.0
 40
14.0
 40
14.0
 40
14.0
 40
15.0
 40
15.0
 40
15.0
 40
16.0
 40
16.0
 40
16.0
 40
17.0
 40
17.0
 40
17.0
 40
18.0
 40
18.0
 40
18.0
 40
19.0
 40
19.0
 40
19.0
 40
20.0
 40
20.0
 40
20.0
 40
21.0
 40
21.0
 40
21.0
 40
22.0
 40
22.0
 40
22.0
 40
23.0
 40
23.0
 40
23.0
 40
24.0
 40
24.0
 40
24.0
 40
25.0
 40
25.0
 40
25.0
 40
26.0
 40
26.0
 40
26.0
 40
27.0
 40
27.0
 40
27.0
 40
28.0
 40
28.0
 40
28.0
 40
29.0
 40
29.0
 40
29.0
 40
30.0
 40
30.0
 40
30.0
 40
31.0
 40
31.0
 40
31.0
 40
32.0
 40
32.0
 40
32.0
 40
32.0
 10
1256.952720392474
 20
-1186.371415459958
 30
0.0
 10
1256.952720392474
 20
-1194.203245902649
 30
0.0
 10
1256.918304528397
 20
-1202.035259416149
 30
0.0
 10
1256.968463819656
 20
-1209.866723717209
 30
0.0
 10
1256.990797518683
 20
-1213.351903825223
 30
0.0
 10
1256.072491954023
 20
-1216.435975779961
 30
0.0
 10
1253.662344111144
 20
-1219.011904178889
 30
0.0
 10
1250.363913053112
 20
-1222.537237818753
 30
0.0
 10
1243.770101988834
 20
-1223.957928358301
 30
0.0
 10
1238.786697074931
 20
-1221.922547049249
 30
0.0
 10
1233.590084662661
 20
-1219.800024032771
 30
0.0
 10
1231.171149790654
 20
-1215.622592153755
 30
0.0
 10
1231.146253208131
 20
-1210.115700024126
 30
0.0
 10
1231.088283224319
 20
-1197.285121007619
 30
0.0
 10
1231.049595887751
 20
-1184.453260495411
 30
0.0
 10
1231.180119882887
 20
-1171.623779903788
 30
0.0
 10
1231.211179590005
 20
-1168.573331955206
 30
0.0
 10
1230.729479535021
 20
-1167.348832304564
 30
0.0
 10
1227.325726169554
 20
-1168.401733578965
 30
0.0
 10
1219.535292597266
 20
-1170.811494702466
 30
0.0
 10
1211.675539128541
 20
-1173.008527540205
 30
0.0
 10
1203.796075865317
 20
-1175.112438357268
 30
0.0
 10
1201.244786367108
 20
-1175.79370587943
 30
0.0
 10
1200.255635380119
 20
-1177.138544078418
 30
0.0
 10
1200.28346097235
 20
-1179.691466578395
 30
0.0
 10
1200.41618172477
 20
-1191.852433581225
 30
0.0
 10
1199.871141834839
 20
-1204.054896635207
 30
0.0
 10
1200.688701669736
 20
-1216.166861683512
 30
0.0
 10
1202.156440638893
 20
-1237.909388944779
 30
0.0
 10
1218.764230791494
 20
-1252.878051996944
 30
0.0
 10
1240.427125574821
 20
-1252.905573642638
 30
0.0
 10
1242.926547192772
 20
-1252.908746870078
 30
0.0
 10
1245.425968810727
 20
-1252.909784271356
 30
0.0
 10
1247.925390428682
 20
-1252.905756713451
 30
0.0
 10
1269.895343063123
 20
-1252.870363022761
 30
0.0
 10
1287.154776854837
 20
-1236.522810600221
 30
0.0
 10
1287.641358592668
 20
-1214.448253906128
 30
0.0
 10
1288.096514497167
 20
-1193.795608223674
 30
0.0
 10
1287.89520610074
 20
-1173.124045223783
 30
0.0
 10
1287.698291218876
 20
-1152.463466472727
 30
0.0
 10
1287.610237864516
 20
-1143.228886430254
 30
0.0
 10
1284.285811845322
 20
-1135.612652382748
 30
0.0
 10
1276.401344857179
 20
-1129.739374530876
 30
0.0
 10
1264.117871413026
 20
-1120.58925115722
 30
0.0
 10
1252.543828528695
 20
-1110.492956793674
 30
0.0
 10
1240.428101911388
 20
-1101.108929943446
 30
0.0
 10
1234.238677249996
 20
-1096.315037610388
 30
0.0
 10
1231.256884345665
 20
-1090.236964541356
 30
0.0
 10
1231.162850929813
 20
-1082.650143871288
 30
0.0
 10
1231.034767776102
 20
-1072.320373196399
 30
0.0
 10
1230.99778902853
 20
-1061.985659609534
 30
0.0
 10
1231.169502222692
 20
-1051.657231453948
 30
0.0
 10
1231.303443395824
 20
-1043.598881390848
 30
0.0
 10
1236.153822452132
 20
-1039.114744874929
 30
0.0
 10
1244.186082388482
 20
-1039.14318187469
 30
0.0
 10
1252.16366747694
 20
-1039.171435803637
 30
0.0
 10
1256.790953627111
 20
-1043.725444346866
 30
0.0
 10
1256.932095282442
 20
-1051.885032570055
 30
0.0
 10
1257.038821073696
 20
-1058.048660732788
 30
0.0
 10
1257.067073813178
 20
-1064.218452279587
 30
0.0
 10
1256.910432814806
 20
-1070.37982256895
 30
0.0
 10
1256.839709434553
 20
-1073.158837524108
 30
0.0
 10
1257.638413769451
 20
-1073.942197536831
 30
0.0
 10
1260.3373741738
 20
-1073.061199756688
 30
0.0
 10
1263.972885432453
 20
-1071.874656788132
 30
0.0
 10
1267.75893558592
 20
-1071.127727867377
 30
0.0
 10
1271.34904719409
 20
-1069.828901466288
 30
0.0
 10
1276.733848480137
 20
-1067.880844935469
 30
0.0
 10
1284.529590882521
 20
-1068.733893904686
 30
0.0
 10
1287.047623916333
 20
-1063.863050806183
 30
0.0
 10
1289.434034576367
 20
-1059.246981257042
 30
0.0
 10
1287.936029173554
 20
-1052.463475318407
 30
0.0
 10
1287.654295052213
 20
-1046.657018313614
 30
0.0
 10
1286.808787583013
 20
-1029.232338245631
 30
0.0
 10
1274.821144119422
 20
-1013.810880047062
 30
0.0
 10
1258.653681759672
 20
-1010.085388983985
 30
0.0
 10
1249.029505046732
 20
-1007.867608120672
 30
0.0
 10
1239.021200914722
 20
-1007.8416730887
 30
0.0
 10
1229.403614473624
 20
-1010.104306301422
 30
0.0
 10
1212.389973413283
 20
-1014.10684452955
 30
0.0
 10
1200.798844638983
 20
-1029.912568366519
 30
0.0
 10
1200.388722258751
 20
-1049.227515611728
 30
0.0
 10
1200.088132637415
 20
-1063.384930863856
 30
0.0
 10
1200.449133083992
 20
-1077.555222096558
 30
0.0
 10
1200.271256765234
 20
-1091.716786953799
 30
0.0
 10
1200.150923283039
 20
-1101.297492881771
 30
0.0
 10
1203.963212481813
 20
-1108.606106938303
 30
0.0
 10
1211.401005489399
 20
-1114.547609180157
 30
0.0
 10
1223.375163304125
 20
-1124.113181254179
 30
0.0
 10
1234.880984670664
 20
-1134.272329930503
 30
0.0
 10
1246.979564376965
 20
-1143.672283941545
 30
0.0
 10
1253.971049530217
 20
-1149.104361131889
 30
0.0
 10
1256.896764102832
 20
-1155.912703677608
 30
0.0
 10
1256.940638227425
 20
-1164.375823310264
 30
0.0
 10
1256.978715353638
 20
-1171.707443265743
 30
0.0
 10
1256.94863198309
 20
-1179.03955141006
 30
0.0
 10
1256.952720392474
 20
-1186.371415459958
 30
0.0
  0
HATCH
  5
96
330
8D
100
AcDbEntity
  8
katman 1
 62
     7
420
 16777215
100
AcDbHatch
 10
0.0
 20
0.0
 30
0.0
210
0.0
220
0.0
230
1.0
  2
SOLID
 70
     1
 71
     0
 91
        2
 92
        1
 93
        1
 72
     4
 94
        3
 73
     0
 74
     1
 95
      101
 96
       97
 40
0.0
 40
0.0
 40
0.0
 40
0.0
 40
1.0
 40
1.0
 40
1.0
 40
2.0
 40
2.0
 40
2.0
 40
3.0
 40
3.0
 40
3.0
 40
4.0
 40
4.0
 40
4.0
 40
5.0
 40
5.0
 40
5.0
 40
6.0
 40
6.0
 40
6.0
 40
7.0
 40
7.0
 40
7.0
 40
8.0
 40
8.0
 40
8.0
 40
9.0
 40
9.0
 40
9.0
 40
10.0
 40
10.0
 40
10.0
 40
11.0
 40
11.0
 40
11.0
 40
12.0
 40
12.0
 40
12.0
 40
13.0
 40
13.0
 40
13.0
 40
14.0
 40
14.0
 40
14.0
 40
15.0
 40
15.0
 40
15.0
 40
16.0
 40
16.0
 40
16.0
 40
17.0
 40
17.0
 40
17.0
 40
18.0
 40
18.0
 40
18.0
 40
19.0
 40
19.0
 40
19.0
 40
20.0
 40
20.0
 40
20.0
 40
21.0
 40
21.0
 40
21.0
 40
22.0
 40
22.0
 40
22.0
 40
23.0
 40
23.0
 40
23.0
 40
24.0
 40
24.0
 40
24.0
 40
25.0
 40
25.0
 40
25.0
 40
26.0
 40
26.0
 40
26.0
 40
27.0
 40
27.0
 40
27.0
 40
28.0
 40
28.0
 40
28.0
 40
29.0
 40
29.0
 40
29.0
 40
30.0
 40
30.0
 40
30.0
 40
31.0
 40
31.0
 40
31.0
 40
32.0
 40
32.0
 40
32.0
 40
32.0
 10
1249.140197205299
 20
-1186.774110226957
 10
1249.140197205299
 20
-1178.284872491517
 10
1249.236183294288
 20
-1169.794048142357
 10
1249.10181497391
 20
-1161.306946233082
 10
1249.028894836374
 20
-1156.700762507888
 10
1246.752810208698
 20
-1153.250670972539
 10
1243.127550484023
 20
-1150.320012359858
 10
1230.562831086812
 20
-1140.162633368069
 10
1218.212173482469
 20
-1129.740839097387
 10
1205.681198717943
 20
-1119.541231771189
 10
1197.108109343117
 20
-1112.563060533765
 10
1192.741932204251
 20
-1103.738620138058
 10
1192.80875023823
 20
-1092.63763314777
 10
1192.897962992269
 20
-1077.810544858359
 10
1192.633985992285
 20
-1062.979367987438
 10
1192.869222084504
 20
-1048.155513949074
 10
1193.294538702597
 20
-1021.352604273306
 10
1213.763801008659
 20
-1001.349921003839
 10
1240.498459165428
 20
-1001.370119816973
 10
1247.147555287956
 20
-1001.375184776156
 10
1253.824477002716
 20
-1000.930627816378
 10
1260.383811181888
 20
-1002.609326156333
 10
1278.848776552808
 20
-1007.334811028588
 10
1293.09541875411
 20
-1024.03367634302
 10
1294.840315266938
 20
-1043.556897150858
 10
1295.41690303227
 20
-1050.008617751078
 10
1295.230544789567
 20
-1056.536922975123
 10
1295.221696739405
 20
-1063.029956555682
 10
1295.214435236168
 20
-1068.359941255472
 10
1292.505711466125
 20
-1071.733814308631
 10
1287.325330649324
 20
-1073.176961534686
 10
1277.867436258377
 20
-1075.811777712086
 10
1268.452378634414
 20
-1078.603180458987
 10
1258.973431986189
 20
-1081.158482879546
 10
1252.8714504688
 20
-1082.803435166134
 10
1249.68718976837
 20
-1080.384398454727
 10
1249.545498923719
 20
-1074.018049877392
 10
1249.389834261918
 20
-1067.024134549974
 10
1249.45183163408
 20
-1060.023689696856
 10
1249.521029488445
 20
-1053.027028307228
 10
1249.559716825013
 20
-1049.126094380823
 10
1248.390431740947
 20
-1046.50531363249
 10
1243.903738056786
 20
-1046.586841168282
 10
1239.682363835389
 20
-1046.663486815705
 10
1238.646836861346
 20
-1049.155995947094
 10
1238.679544136427
 20
-1052.854819694945
 10
1238.764973586258
 20
-1062.517114182316
 10
1238.750389558751
 20
-1072.180812212595
 10
1238.692724680113
 20
-1081.843472841592
 10
1238.659712299857
 20
-1087.37202835087
 10
1240.613605859595
 20
-1091.670897203112
 10
1245.105669394892
 20
-1095.182622579145
 10
1257.177521887603
 20
-1104.619923036222
 10
1268.752052940221
 20
-1114.713227243141
 10
1281.056456599585
 20
-1123.827224642853
 10
1290.995318793088
 20
-1131.188868211815
 10
1295.110333349443
 20
-1140.932202046144
 10
1295.222795118047
 20
-1152.65855893675
 10
1295.419343873695
 20
-1173.148210571217
 10
1295.611194009605
 20
-1193.650982280684
 10
1295.104597372097
 20
-1214.130870138411
 10
1294.534233752394
 20
-1237.184550568902
 10
1278.884962026914
 20
-1255.946868050523
 10
1257.509537342274
 20
-1259.620061884423
 10
1248.638909397891
 20
-1261.14443152825
 10
1239.498019286857
 20
-1261.138939403834
 10
1230.627574405578
 20
-1259.627262669772
 10
1209.515760594706
 20
-1256.029677082017
 10
1193.534717498696
 20
-1236.884924670136
 10
1192.903759990648
 20
-1214.654940855031
 10
1192.563506696173
 20
-1202.668928526695
 10
1192.768598396808
 20
-1190.665463447436
 10
1192.840908323986
 20
-1178.670602696428
 10
1192.875568272204
 20
-1172.930173231853
 10
1195.357659916051
 20
-1169.775191848526
 10
1200.91814076357
 20
-1168.162521048791
 10
1210.186747902102
 20
-1165.474370240936
 10
1219.460419786592
 20
-1162.799339508078
 10
1228.771314502792
 20
-1160.263198499375
 10
1235.380380825969
 20
-1158.462880115381
 10
1238.643968872675
 20
-1160.984375458971
 10
1238.683754587881
 20
-1167.915314426406
 10
1238.761129261016
 20
-1181.409769237758
 10
1238.741419466518
 20
-1194.905078379576
 10
1238.684975008593
 20
-1208.399716261742
 10
1238.669475665552
 20
-1212.097258513892
 10
1239.176194345131
 20
-1215.091747817023
 10
1243.879878831867
 20
-1215.177363934326
 10
1248.817762053219
 20
-1215.267312727563
 10
1249.554102889739
 20
-1212.204232892818
 10
1249.518710689092
 20
-1208.266684803632
 10
1249.454272475505
 20
-1201.103367949741
 10
1249.500404378414
 20
-1193.938952670964
 10
1249.500404378414
 20
-1186.775025581028
 10
1249.380314980364
 20
-1186.774720463003
 10
1249.260286603349
 20
-1186.774415344982
 10
1249.140197205299
 20
-1186.774110226957
 97
        0
 97
        0
 92
        1
 93
        1
 72
     4
 94
        3
 73
     0
 74
     1
 95
      101
 96
       97
 40
0.0
 40
0.0
 40
0.0
 40
0.0
 40
1.0
 40
1.0
 40
1.0
 40
2.0
 40
2.0
 40
2.0
 40
3.0
 40
3.0
 40
3.0
 40
4.0
 40
4.0
 40
4.0
 40
5.0
 40
5.0
 40
5.0
 40
6.0
 40
6.0
 40
6.0
 40
7.0
 40
7.0
 40
7.0
 40
8.0
 40
8.0
 40
8.0
 40
9.0
 40
9.0
 40
9.0
 40
10.0
 40
10.0
 40
10.0
 40
11.0
 40
11.0
 40
11.0
 40
12.0
 40
12.0
 40
12.0
 40
13.0
 40
13.0
 40
13.0
 40
14.0
 40
14.0
 40
14.0
 40
15.0
 40
15.0
 40
15.0
 40
16.0
 40
16.0
 40
16.0
 40
17.0
 40
17.0
 40
17.0
 40
18.0
 40
18.0
 40
18.0
 40
19.0
 40
19.0
 40
19.0
 40
20.0
 40
20.0
 40
20.0
 40
21.0
 40
21.0
 40
21.0
 40
22.0
 40
22.0
 40
22.0
 40
23.0
 40
23.0
 40
23.0
 40
24.0
 40
24.0
 40
24.0
 40
25.0
 40
25.0
 40
25.0
 40
26.0
 40
26.0
 40
26.0
 40
27.0
 40
27.0
 40
27.0
 40
28.0
 40
28.0
 40
28.0
 40
29.0
 40
29.0
 40
29.0
 40
30.0
 40
30.0
 40
30.0
 40
31.0
 40
31.0
 40
31.0
 40
32.0
 40
32.0
 40
32.0
 40
32.0
 10
1256.952720392474
 20
-1186.371415459958
 10
1256.952720392474
 20
-1194.203245902649
 10
1256.918304528397
 20
-1202.035259416149
 10
1256.968463819656
 20
-1209.866723717209
 10
1256.990797518683
 20
-1213.351903825223
 10
1256.072491954023
 20
-1216.435975779961
 10
1253.662344111144
 20
-1219.011904178889
 10
1250.363913053112
 20
-1222.537237818753
 10
1243.770101988834
 20
-1223.957928358301
 10
1238.786697074931
 20
-1221.922547049249
 10
1233.590084662661
 20
-1219.800024032771
 10
1231.171149790654
 20
-1215.622592153755
 10
1231.146253208131
 20
-1210.115700024126
 10
1231.088283224319
 20
-1197.285121007619
 10
1231.049595887751
 20
-1184.453260495411
 10
1231.180119882887
 20
-1171.623779903788
 10
1231.211179590005
 20
-1168.573331955206
 10
1230.729479535021
 20
-1167.348832304564
 10
1227.325726169554
 20
-1168.401733578965
 10
1219.535292597266
 20
-1170.811494702466
 10
1211.675539128541
 20
-1173.008527540205
 10
1203.796075865317
 20
-1175.112438357268
 10
1201.244786367108
 20
-1175.79370587943
 10
1200.255635380119
 20
-1177.138544078418
 10
1200.28346097235
 20
-1179.691466578395
 10
1200.41618172477
 20
-1191.852433581225
 10
1199.871141834839
 20
-1204.054896635207
 10
1200.688701669736
 20
-1216.166861683512
 10
1202.156440638893
 20
-1237.909388944779
 10
1218.764230791494
 20
-1252.878051996944
 10
1240.427125574821
 20
-1252.905573642638
 10
1242.926547192772
 20
-1252.908746870078
 10
1245.425968810727
 20
-1252.909784271356
 10
1247.925390428682
 20
-1252.905756713451
 10
1269.895343063123
 20
-1252.870363022761
 10
1287.154776854837
 20
-1236.522810600221
 10
1287.641358592668
 20
-1214.448253906128
 10
1288.096514497167
 20
-1193.795608223674
 10
1287.89520610074
 20
-1173.124045223783
 10
1287.698291218876
 20
-1152.463466472727
 10
1287.610237864516
 20
-1143.228886430254
 10
1284.285811845322
 20
-1135.612652382748
 10
1276.401344857179
 20
-1129.739374530876
 10
1264.117871413026
 20
-1120.58925115722
 10
1252.543828528695
 20
-1110.492956793674
 10
1240.428101911388
 20
-1101.108929943446
 10
1234.238677249996
 20
-1096.315037610388
 10
1231.256884345665
 20
-1090.236964541356
 10
1231.162850929813
 20
-1082.650143871288
 10
1231.034767776102
 20
-1072.320373196399
 10
1230.99778902853
 20
-1061.985659609534
 10
1231.169502222692
 20
-1051.657231453948
 10
1231.303443395824
 20
-1043.598881390848
 10
1236.153822452132
 20
-1039.114744874929
 10
1244.186082388482
 20
-1039.14318187469
 10
1252.16366747694
 20
-1039.171435803637
 10
1256.790953627111
 20
-1043.725444346866
 10
1256.932095282442
 20
-1051.885032570055
 10
1257.038821073696
 20
-1058.048660732788
 10
1257.067073813178
 20
-1064.218452279587
 10
1256.910432814806
 20
-1070.37982256895
 10
1256.839709434553
 20
-1073.158837524108
 10
1257.638413769451
 20
-1073.942197536831
 10
1260.3373741738
 20
-1073.061199756688
 10
1263.972885432453
 20
-1071.874656788132
 10
1267.75893558592
 20
-1071.127727867377
 10
1271.34904719409
 20
-1069.828901466288
 10
1276.733848480137
 20
-1067.880844935469
 10
1284.529590882521
 20
-1068.733893904686
 10
1287.047623916333
 20
-1063.863050806183
 10
1289.434034576367
 20
-1059.246981257042
 10
1287.936029173554
 20
-1052.463475318407
 10
1287.654295052213
 20
-1046.657018313614
 10
1286.808787583013
 20
-1029.232338245631
 10
1274.821144119422
 20
-1013.810880047062
 10
1258.653681759672
 20
-1010.085388983985
 10
1249.029505046732
 20
-1007.867608120672
 10
1239.021200914722
 20
-1007.8416730887
 10
1229.403614473624
 20
-1010.104306301422
 10
1212.389973413283
 20
-1014.10684452955
 10
1200.798844638983
 20
-1029.912568366519
 10
1200.388722258751
 20
-1049.227515611728
 10
1200.088132637415
 20
-1063.384930863856
 10
1200.449133083992
 20
-1077.555222096558
 10
1200.271256765234
 20
-1091.716786953799
 10
1200.150923283039
 20
-1101.297492881771
 10
1203.963212481813
 20
-1108.606106938303
 10
1211.401005489399
 20
-1114.547609180157
 10
1223.375163304125
 20
-1124.113181254179
 10
1234.880984670664
 20
-1134.272329930503
 10
1246.979564376965
 20
-1143.672283941545
 10
1253.971049530217
 20
-1149.104361131889
 10
1256.896764102832
 20
-1155.912703677608
 10
1256.940638227425
 20
-1164.375823310264
 10
1256.978715353638
 20
-1171.707443265743
 10
1256.94863198309
 20
-1179.03955141006
 10
1256.952720392474
 20
-1186.371415459958
 97
        0
 97
        0
 75
     2
 76
     1
 98
        0
  0
SPLINE
  5
97
330
8D
100
AcDbEntity
  8
katman 1
370
     0
100
AcDbSpline
210
0.0
220
0.0
230
1.0
 70
    11
 71
     3
 72
    62
 73
    58
 74
     0
 42
0.0000000001
 43
0.0000000001
 12
1.0
 22
0.0
 32
0.0
 13
1.0
 23
0.0
 33
0.0
 40
0.0
 40
0.0
 40
0.0
 40
0.0
 40
1.0
 40
1.0
 40
1.0
 40
2.0
 40
2.0
 40
2.0
 40
3.0
 40
3.0
 40
3.0
 40
4.0
 40
4.0
 40
4.0
 40
5.0
 40
5.0
 40
5.0
 40
6.0
 40
6.0
 40
6.0
 40
7.0
 40
7.0
 40
7.0
 40
8.0
 40
8.0
 40
8.0
 40
9.0
 40
9.0
 40
9.0
 40
10.0
 40
10.0
 40
10.0
 40
11.0
 40
11.0
 40
11.0
 40
12.0
 40
12.0
 40
12.0
 40
13.0
 40
13.0
 40
13.0
 40
14.0
 40
14.0
 40
14.0
 40
15.0
 40
15.0
 40
15.0
 40
16.0
 40
16.0
 40
16.0
 40
17.0
 40
17.0
 40
17.0
 40
18.0
 40
18.0
 40
18.0
 40
19.0
 40
19.0
 40
19.0
 40
19.0
 10
788.5174181263665
 20
-1114.175670309898
 30
0.0
 10
788.5172045527415
 20
-1145.998869891926
 30
0.0
 10
788.4583192533928
 20
-1177.822191521162
 30
0.0
 10
788.5470743496653
 20
-1209.64514700877
 30
0.0
 10
788.5811240875273
 20
-1221.8614013974
 30
0.0
 10
785.704439917009
 20
-1233.101095041031
 30
0.0
 10
778.0803496877506
 20
-1242.800308809205
 30
0.0
 10
769.2316588056619
 20
-1254.05733315655
 30
0.0
 10
757.7104906486729
 20
-1260.20576644173
 30
0.0
 10
743.2096653236003
 20
-1260.30132940659
 30
0.0
 10
739.8776726959932
 20
-1260.323297904259
 30
0.0
 10
736.539577964827
 20
-1260.184042038476
 30
0.0
 10
733.2142671406182
 20
-1260.336662073674
 30
0.0
 10
707.4828863405755
 20
-1261.516919610953
 30
0.0
 10
686.760813884046
 20
-1239.987608824289
 30
0.0
 10
686.0745713177494
 20
-1214.146248086781
 30
0.0
 10
685.6678050944756
 20
-1198.828468992488
 30
0.0
 10
685.9365875010108
 20
-1183.491223368314
 30
0.0
 10
686.0053276976078
 20
-1168.163192308442
 30
0.0
 10
686.0341296264087
 20
-1161.742898864606
 30
0.0
 10
688.2893908256901
 20
-1158.944112261546
 30
0.0
 10
694.652115228173
 20
-1157.090947435936
 30
0.0
 10
703.5999042720678
 20
-1154.484812352715
 30
0.0
 10
712.5579753604597
 20
-1151.911568992389
 30
0.0
 10
721.539875163251
 20
-1149.426138599141
 30
0.0
 10
728.5210172509678
 20
-1147.494314347154
 30
0.0
 10
731.755376221623
 20
-1149.896386496472
 30
0.0
 10
731.7865274602937
 20
-1157.145014349644
 30
0.0
 10
731.8603018923277
 20
-1174.305889374784
 30
0.0
 10
731.8323542580256
 20
-1191.467374635966
 30
0.0
 10
731.7979689044678
 20
-1208.628432731919
 30
0.0
 10
731.7909514853745
 20
-1212.136557715276
 30
0.0
 10
732.3814825573409
 20
-1214.960791161469
 30
0.0
 10
736.7452188547813
 20
-1215.176204485841
 30
0.0
 10
740.4517280883492
 20
-1215.359214276144
 30
0.0
 10
742.4142866351422
 20
-1213.727687182574
 30
0.0
 10
742.6217886666818
 20
-1210.038749258678
 30
0.0
 10
742.6965089247678
 20
-1208.709838220504
 30
0.0
 10
742.6449461496904
 20
-1207.373543326168
 30
0.0
 10
742.6449766602082
 20
-1206.040665753691
 30
0.0
 10
742.6456478915998
 20
-1142.727516494557
 30
0.0
 10
742.6433596027646
 20
-1079.414367235422
 30
0.0
 10
742.6478751593986
 20
-1016.101217976287
 30
0.0
 10
742.6486074118257
 20
-1005.665571347356
 30
0.0
 10
744.3806895071784
 20
-1003.953676166479
 30
0.0
 10
754.8408238972488
 20
-1003.953371048457
 30
0.0
 10
762.5047303522324
 20
-1003.95318797764
 30
0.0
 10
770.1686368072169
 20
-1003.940983256714
 30
0.0
 10
777.8325127516837
 20
-1003.956483252292
 30
0.0
 10
786.1353399598602
 20
-1003.973264743567
 30
0.0
 10
788.4785172161746
 20
-1006.256218816634
 30
0.0
 10
788.4978913949763
 20
-1014.707316799177
 30
0.0
 10
788.5487219176266
 20
-1036.866818350925
 30
0.0
 10
788.5168079160103
 20
-1059.026563997093
 30
0.0
 10
788.517570678955
 20
-1081.186187596049
 30
0.0
 10
788.5179368051695
 20
-1092.1827021752
 30
0.0
 10
788.5176316999914
 20
-1103.179155730748
 30
0.0
 10
788.5174181263665
 20
-1114.175670309898
 30
0.0
  0
SPLINE
  5
98
330
8D
100
AcDbEntity
  8
katman 1
370
     0
100
AcDbSpline
210
0.0
220
0.0
230
1.0
 70
    11
 71
     3
 72
    56
 73
    52
 74
     0
 42
0.0000000001
 43
0.0000000001
 12
1.0
 22
0.0
 32
0.0
 13
1.0
 23
0.0
 33
0.0
 40
0.0
 40
0.0
 40
0.0
 40
0.0
 40
1.0
 40
1.0
 40
1.0
 40
2.0
 40
2.0
 40
2.0
 40
3.0
 40
3.0
 40
3.0
 40
4.0
 40
4.0
 40
4.0
 40
5.0
 40
5.0
 40
5.0
 40
6.0
 40
6.0
 40
6.0
 40
7.0
 40
7.0
 40
7.0
 40
8.0
 40
8.0
 40
8.0
 40
9.0
 40
9.0
 40
9.0
 40
10.0
 40
10.0
 40
10.0
 40
11.0
 40
11.0
 40
11.0
 40
12.0
 40
12.0
 40
12.0
 40
13.0
 40
13.0
 40
13.0
 40
14.0
 40
14.0
 40
14.0
 40
15.0
 40
15.0
 40
15.0
 40
16.0
 40
16.0
 40
16.0
 40
17.0
 40
17.0
 40
17.0
 40
17.0
 10
780.9250588356172
 20
-1115.521301815741
 30
0.0
 10
780.9250588356172
 20
-1082.364187259958
 30
0.0
 10
780.8696517352973
 20
-1049.206767586154
 30
0.0
 10
781.0046302660321
 20
-1016.050202242812
 30
0.0
 10
781.0192753145748
 20
-1012.450541852497
 30
0.0
 10
780.3335819375989
 20
-1011.043581623991
 30
0.0
 10
776.3984268836575
 20
-1011.238124875574
 30
0.0
 10
769.4177424537074
 20
-1011.583152336192
 30
0.0
 10
762.3857393328235
 20
-1011.671880657334
 30
0.0
 10
755.417808299313
 20
-1011.216339448718
 30
0.0
 10
750.8006821515664
 20
-1010.914455676582
 30
0.0
 10
749.9967300076078
 20
-1012.49362451737
 30
0.0
 10
750.0063408207143
 20
-1016.771013060781
 30
0.0
 10
750.1476655391516
 20
-1079.752499028717
 30
0.0
 10
750.1044931564684
 20
-1142.734534209092
 30
0.0
 10
750.1000691313875
 20
-1205.716386318651
 30
0.0
 10
750.0999165787989
 20
-1207.715092441318
 30
0.0
 10
750.1745453053309
 20
-1209.725454072475
 30
0.0
 10
749.9933433401329
 20
-1211.710246813283
 30
0.0
 10
749.4285631451867
 20
-1217.89669780415
 30
0.0
 10
745.1360689068033
 20
-1222.100064715138
 30
0.0
 10
738.975507195245
 20
-1222.639513380123
 30
0.0
 10
729.8533810526578
 20
-1223.438312364819
 30
0.0
 10
724.2817638661409
 20
-1218.51181573889
 30
0.0
 10
724.2259906396066
 20
-1209.276503413163
 30
0.0
 10
724.1283264721378
 20
-1193.115072984765
 30
0.0
 10
724.1108744559579
 20
-1176.951811848226
 30
0.0
 10
724.267668006918
 20
-1160.791296773899
 30
0.0
 10
724.3015346816728
 20
-1157.299770211004
 30
0.0
 10
723.4875750878773
 20
-1156.51287082921
 30
0.0
 10
720.0874219635107
 20
-1157.588655955355
 30
0.0
 10
712.9502795982971
 20
-1159.846773421334
 30
0.0
 10
705.7480277881041
 20
-1161.948731483048
 30
0.0
 10
698.4724897141614
 20
-1163.699193582052
 30
0.0
 10
694.7301611326984
 20
-1164.599535844864
 30
0.0
 10
693.341718999297
 20
-1166.245952697962
 30
0.0
 10
693.4325793212975
 20
-1170.169526381687
 30
0.0
 10
693.6831622039672
 20
-1180.993954395763
 30
0.0
 10
693.485270985534
 20
-1191.82802413937
 30
0.0
 10
693.5311588043005
 20
-1202.658066325072
 30
0.0
 10
693.5572452970173
 20
-1208.812113781874
 30
0.0
 10
693.0849119709974
 20
-1215.006986030181
 30
0.0
 10
694.4198081456643
 20
-1221.08817130305
 30
0.0
 10
700.8563069801812
 20
-1250.410440496249
 30
0.0
 10
736.9281904300115
 20
-1264.097485803835
 30
0.0
 10
762.7994924646728
 20
-1246.837935609998
 30
0.0
 10
775.0735991798629
 20
-1238.649483221812
 30
0.0
 10
780.84814182025
 20
-1226.636315389416
 30
0.0
 10
780.8926261551987
 20
-1211.993396338799
 30
0.0
 10
780.990351343703
 20
-1179.836275592199
 30
0.0
 10
780.9229230993715
 20
-1147.678727680366
 30
0.0
 10
780.9250588356172
 20
-1115.521301815741
 30
0.0
  0
HATCH
  5
99
330
8D
100
AcDbEntity
  8
katman 1
 62
     7
420
 16777215
100
AcDbHatch
 10
0.0
 20
0.0
 30
0.0
210
0.0
220
0.0
230
1.0
  2
SOLID
 70
     1
 71
     0
 91
        2
 92
        1
 93
        1
 72
     4
 94
        3
 73
     0
 74
     1
 95
       62
 96
       58
 40
0.0
 40
0.0
 40
0.0
 40
0.0
 40
1.0
 40
1.0
 40
1.0
 40
2.0
 40
2.0
 40
2.0
 40
3.0
 40
3.0
 40
3.0
 40
4.0
 40
4.0
 40
4.0
 40
5.0
 40
5.0
 40
5.0
 40
6.0
 40
6.0
 40
6.0
 40
7.0
 40
7.0
 40
7.0
 40
8.0
 40
8.0
 40
8.0
 40
9.0
 40
9.0
 40
9.0
 40
10.0
 40
10.0
 40
10.0
 40
11.0
 40
11.0
 40
11.0
 40
12.0
 40
12.0
 40
12.0
 40
13.0
 40
13.0
 40
13.0
 40
14.0
 40
14.0
 40
14.0
 40
15.0
 40
15.0
 40
15.0
 40
16.0
 40
16.0
 40
16.0
 40
17.0
 40
17.0
 40
17.0
 40
18.0
 40
18.0
 40
18.0
 40
19.0
 40
19.0
 40
19.0
 40
19.0
 10
788.5174181263665
 20
-1114.175670309898
 10
788.5172045527415
 20
-1145.998869891926
 10
788.4583192533928
 20
-1177.822191521162
 10
788.5470743496653
 20
-1209.64514700877
 10
788.5811240875273
 20
-1221.8614013974
 10
785.704439917009
 20
-1233.101095041031
 10
778.0803496877506
 20
-1242.800308809205
 10
769.2316588056619
 20
-1254.05733315655
 10
757.7104906486729
 20
-1260.20576644173
 10
743.2096653236003
 20
-1260.30132940659
 10
739.8776726959932
 20
-1260.323297904259
 10
736.539577964827
 20
-1260.184042038476
 10
733.2142671406182
 20
-1260.336662073674
 10
707.4828863405755
 20
-1261.516919610953
 10
686.760813884046
 20
-1239.987608824289
 10
686.0745713177494
 20
-1214.146248086781
 10
685.6678050944756
 20
-1198.828468992488
 10
685.9365875010108
 20
-1183.491223368314
 10
686.0053276976078
 20
-1168.163192308442
 10
686.0341296264087
 20
-1161.742898864606
 10
688.2893908256901
 20
-1158.944112261546
 10
694.652115228173
 20
-1157.090947435936
 10
703.5999042720678
 20
-1154.484812352715
 10
712.5579753604597
 20
-1151.911568992389
 10
721.539875163251
 20
-1149.426138599141
 10
728.5210172509678
 20
-1147.494314347154
 10
731.755376221623
 20
-1149.896386496472
 10
731.7865274602937
 20
-1157.145014349644
 10
731.8603018923277
 20
-1174.305889374784
 10
731.8323542580256
 20
-1191.467374635966
 10
731.7979689044678
 20
-1208.628432731919
 10
731.7909514853745
 20
-1212.136557715276
 10
732.3814825573409
 20
-1214.960791161469
 10
736.7452188547813
 20
-1215.176204485841
 10
740.4517280883492
 20
-1215.359214276144
 10
742.4142866351422
 20
-1213.727687182574
 10
742.6217886666818
 20
-1210.038749258678
 10
742.6965089247678
 20
-1208.709838220504
 10
742.6449461496904
 20
-1207.373543326168
 10
742.6449766602082
 20
-1206.040665753691
 10
742.6456478915998
 20
-1142.727516494557
 10
742.6433596027646
 20
-1079.414367235422
 10
742.6478751593986
 20
-1016.101217976287
 10
742.6486074118257
 20
-1005.665571347356
 10
744.3806895071784
 20
-1003.953676166479
 10
754.8408238972488
 20
-1003.953371048457
 10
762.5047303522324
 20
-1003.95318797764
 10
770.1686368072169
 20
-1003.940983256714
 10
777.8325127516837
 20
-1003.956483252292
 10
786.1353399598602
 20
-1003.973264743567
 10
788.4785172161746
 20
-1006.256218816634
 10
788.4978913949763
 20
-1014.707316799177
 10
788.5487219176266
 20
-1036.866818350925
 10
788.5168079160103
 20
-1059.026563997093
 10
788.517570678955
 20
-1081.186187596049
 10
788.5179368051695
 20
-1092.1827021752
 10
788.5176316999914
 20
-1103.179155730748
 10
788.5174181263665
 20
-1114.175670309898
 97
        0
 97
        0
 92
        1
 93
        1
 72
     4
 94
        3
 73
     0
 74
     1
 95
       56
 96
       52
 40
0.0
 40
0.0
 40
0.0
 40
0.0
 40
1.0
 40
1.0
 40
1.0
 40
2.0
 40
2.0
 40
2.0
 40
3.0
 40
3.0
 40
3.0
 40
4.0
 40
4.0
 40
4.0
 40
5.0
 40
5.0
 40
5.0
 40
6.0
 40
6.0
 40
6.0
 40
7.0
 40
7.0
 40
7.0
 40
8.0
 40
8.0
 40
8.0
 40
9.0
 40
9.0
 40
9.0
 40
10.0
 40
10.0
 40
10.0
 40
11.0
 40
11.0
 40
11.0
 40
12.0
 40
12.0
 40
12.0
 40
13.0
 40
13.0
 40
13.0
 40
14.0
 40
14.0
 40
14.0
 40
15.0
 40
15.0
 40
15.0
 40
16.0
 40
16.0
 40
16.0
 40
17.0
 40
17.0
 40
17.0
 40
17.0
 10
780.9250588356172
 20
-1115.521301815741
 10
780.9250588356172
 20
-1082.364187259958
 10
780.8696517352973
 20
-1049.206767586154
 10
781.0046302660321
 20
-1016.050202242812
 10
781.0192753145748
 20
-1012.450541852497
 10
780.3335819375989
 20
-1011.043581623991
 10
776.3984268836575
 20
-1011.238124875574
 10
769.4177424537074
 20
-1011.583152336192
 10
762.3857393328235
 20
-1011.671880657334
 10
755.417808299313
 20
-1011.216339448718
 10
750.8006821515664
 20
-1010.914455676582
 10
749.9967300076078
 20
-1012.49362451737
 10
750.0063408207143
 20
-1016.771013060781
 10
750.1476655391516
 20
-1079.752499028717
 10
750.1044931564684
 20
-1142.734534209092
 10
750.1000691313875
 20
-1205.716386318651
 10
750.0999165787989
 20
-1207.715092441318
 10
750.1745453053309
 20
-1209.725454072475
 10
749.9933433401329
 20
-1211.710246813283
 10
749.4285631451867
 20
-1217.89669780415
 10
745.1360689068033
 20
-1222.100064715138
 10
738.975507195245
 20
-1222.639513380123
 10
729.8533810526578
 20
-1223.438312364819
 10
724.2817638661409
 20
-1218.51181573889
 10
724.2259906396066
 20
-1209.276503413163
 10
724.1283264721378
 20
-1193.115072984765
 10
724.1108744559579
 20
-1176.951811848226
 10
724.267668006918
 20
-1160.791296773899
 10
724.3015346816728
 20
-1157.299770211004
 10
723.4875750878773
 20
-1156.51287082921
 10
720.0874219635107
 20
-1157.588655955355
 10
712.9502795982971
 20
-1159.846773421334
 10
705.7480277881041
 20
-1161.948731483048
 10
698.4724897141614
 20
-1163.699193582052
 10
694.7301611326984
 20
-1164.599535844864
 10
693.341718999297
 20
-1166.245952697962
 10
693.4325793212975
 20
-1170.169526381687
 10
693.6831622039672
 20
-1180.993954395763
 10
693.485270985534
 20
-1191.82802413937
 10
693.5311588043005
 20
-1202.658066325072
 10
693.5572452970173
 20
-1208.812113781874
 10
693.0849119709974
 20
-1215.006986030181
 10
694.4198081456643
 20
-1221.08817130305
 10
700.8563069801812
 20
-1250.410440496249
 10
736.9281904300115
 20
-1264.097485803835
 10
762.7994924646728
 20
-1246.837935609998
 10
775.0735991798629
 20
-1238.649483221812
 10
780.84814182025
 20
-1226.636315389416
 10
780.8926261551987
 20
-1211.993396338799
 10
780.990351343703
 20
-1179.836275592199
 10
780.9229230993715
 20
-1147.678727680366
 10
780.9250588356172
 20
-1115.521301815741
 97
        0
 97
        0
 75
     2
 76
     1
 98
        0
  0
SPLINE
  5
9A
330
8D
100
AcDbEntity
  8
katman 1
370
     0
100
AcDbSpline
210
0.0
220
0.0
230
1.0
 70
    11
 71
     3
 72
    83
 73
    79
 74
     0
 42
0.0000000001
 43
0.0000000001
 12
1.0
 22
0.0
 32
0.0
 13
1.0
 23
0.0
 33
0.0
 40
0.0
 40
0.0
 40
0.0
 40
0.0
 40
1.0
 40
1.0
 40
1.0
 40
2.0
 40
2.0
 40
2.0
 40
3.0
 40
3.0
 40
3.0
 40
4.0
 40
4.0
 40
4.0
 40
5.0
 40
5.0
 40
5.0
 40
6.0
 40
6.0
 40
6.0
 40
7.0
 40
7.0
 40
7.0
 40
8.0
 40
8.0
 40
8.0
 40
9.0
 40
9.0
 40
9.0
 40
10.0
 40
10.0
 40
10.0
 40
11.0
 40
11.0
 40
11.0
 40
12.0
 40
12.0
 40
12.0
 40
13.0
 40
13.0
 40
13.0
 40
14.0
 40
14.0
 40
14.0
 40
15.0
 40
15.0
 40
15.0
 40
16.0
 40
16.0
 40
16.0
 40
17.0
 40
17.0
 40
17.0
 40
18.0
 40
18.0
 40
18.0
 40
19.0
 40
19.0
 40
19.0
 40
20.0
 40
20.0
 40
20.0
 40
21.0
 40
21.0
 40
21.0
 40
22.0
 40
22.0
 40
22.0
 40
23.0
 40
23.0
 40
23.0
 40
24.0
 40
24.0
 40
24.0
 40
25.0
 40
25.0
 40
25.0
 40
26.0
 40
26.0
 40
26.0
 40
26.0
 10
871.8561652372446
 20
-825.0010402150892
 30
0.0
 10
873.2466820858563
 20
-816.1525260073513
 30
0.0
 10
874.6446740113279
 20
-807.305171248101
 30
0.0
 10
876.0256105573517
 20
-798.4551619620488
 30
0.0
 10
877.434982905962
 20
-789.422875168947
 30
0.0
 10
878.8232114657385
 20
-788.2271786596939
 30
0.0
 10
887.9899439853461
 20
-788.223669802428
 30
0.0
 10
892.9870176112227
 20
-788.2217780706842
 30
0.0
 10
897.9841827686523
 20
-788.2093597671401
 30
0.0
 10
902.9811953734925
 20
-788.2261107466129
 30
0.0
 10
910.5530821067996
 20
-788.251527077944
 30
0.0
 10
913.060527990935
 20
-791.1668992776631
 30
0.0
 10
911.6098138907091
 20
-798.446893263621
 30
0.0
 10
906.893742133746
 20
-822.1136168262938
 30
0.0
 10
902.1258940280813
 20
-845.7700273997834
 30
0.0
 10
897.382301784065
 20
-869.4312893498409
 30
0.0
 10
896.2368759249184
 20
-875.144563310354
 30
0.0
 10
895.2120886531429
 20
-880.8845656096973
 30
0.0
 10
893.933942041579
 20
-886.5677854449259
 30
0.0
 10
893.1143074914726
 20
-890.2123286964506
 30
0.0
 10
893.2090731597509
 20
-893.7272272999244
 30
0.0
 10
893.9433392810606
 20
-897.3798866908646
 30
0.0
 10
899.8149053680427
 20
-926.5878281607756
 30
0.0
 10
905.5804168951618
 20
-955.817066868708
 30
0.0
 10
911.4013660331184
 20
-985.0351992805945
 30
0.0
 10
913.1475134771754
 20
-993.8000806381779
 30
0.0
 10
911.1874873033594
 20
-996.1997728669148
 30
0.0
 10
902.1363286251681
 20
-996.2050208969113
 30
0.0
 10
896.6395537388071
 20
-996.208194124355
 30
0.0
 10
891.1425042577866
 20
-996.2370582893482
 30
0.0
 10
885.6460344766047
 20
-996.1957453090063
 30
0.0
 10
879.5873168734543
 20
-996.1501606763441
 30
0.0
 10
877.5510449156627
 20
-994.5444465675382
 30
0.0
 10
876.5367532620094
 20
-988.603737632543
 30
0.0
 10
874.8881174328326
 20
-978.9475455056336
 30
0.0
 10
873.4093946772691
 20
-969.2623061429176
 30
0.0
 10
870.9143970843952
 20
-959.5465854896893
 30
0.0
 10
869.5644287139366
 20
-968.104627339354
 30
0.0
 10
868.1414791849065
 20
-976.6519595464079
 30
0.0
 10
866.8835610466422
 20
-985.2234571008985
 30
0.0
 10
865.4286975159957
 20
-995.1372298629785
 30
0.0
 10
864.2627685888901
 20
-996.2039224720274
 30
0.0
 10
854.0943147489616
 20
-996.2055090857493
 30
0.0
 10
849.097241123085
 20
-996.2063023926084
 30
0.0
 10
844.0999844341022
 20
-996.2320543537671
 30
0.0
 10
839.1030938713329
 20
-996.2003831029606
 30
0.0
 10
832.1927666954243
 20
-996.15656815483
 30
0.0
 10
829.7839613153274
 20
-993.2257264713362
 30
0.0
 10
831.1326177335213
 20
-986.3785729130677
 30
0.0
 10
835.5393738610555
 20
-964.0053972096821
 30
0.0
 10
839.9860682563867
 20
-941.6400630394919
 30
0.0
 10
844.4230908175759
 20
-919.2728676493634
 30
0.0
 10
845.523910299702
 20
-913.7236251381137
 30
0.0
 10
846.1001624493392
 20
-907.9969259845811
 30
0.0
 10
847.8724574071484
 20
-902.6695347879895
 30
0.0
 10
851.5503782855412
 20
-891.6141629421663
 30
0.0
 10
847.5847737348377
 20
-881.2727977823961
 30
0.0
 10
845.5910944598918
 20
-870.7939159295775
 30
0.0
 10
840.9872403873869
 20
-846.5954021642974
 30
0.0
 10
835.9983130697628
 20
-822.470177748186
 30
0.0
 10
831.1805192464635
 20
-798.3122751917917
 30
0.0
 10
829.7761506227716
 20
-791.2702732639182
 30
0.0
 10
832.2378002196929
 20
-788.2622977441624
 30
0.0
 10
839.4231797135444
 20
-788.2293449976587
 30
0.0
 10
845.5861212454902
 20
-788.2010910687122
 30
0.0
 10
851.7493983931327
 20
-788.2529916444555
 30
0.0
 10
857.9122483935262
 20
-788.2170182295222
 30
0.0
 10
862.6505928284814
 20
-788.1893440248195
 30
0.0
 10
865.414906761951
 20
-790.4491091281234
 30
0.0
 10
866.1608279010597
 20
-795.1326097603906
 30
0.0
 10
867.6269803232908
 20
-804.3379594962425
 30
0.0
 10
869.0735144825785
 20
-813.5464519477337
 30
0.0
 10
870.5508032438056
 20
-822.7500319990504
 30
0.0
 10
870.6726622518872
 20
-823.5090741053245
 30
0.0
 10
870.9666616013819
 20
-824.240442006896
 30
0.0
 10
871.1806928837304
 20
-824.984655377244
 30
0.0
 10
871.4058299945564
 20
-824.9901169898594
 30
0.0
 10
871.6309976159
 20
-824.9955786024748
 30
0.0
 10
871.8561652372446
 20
-825.0010402150892
 30
0.0
  0
SPLINE
  5
9B
330
8D
100
AcDbEntity
  8
katman 1
370
     0
100
AcDbSpline
210
0.0
220
0.0
230
1.0
 70
    11
 71
     3
 72
    83
 73
    79
 74
     0
 42
0.0000000001
 43
0.0000000001
 12
1.0
 22
0.0
 32
0.0
 13
1.0
 23
0.0
 33
0.0
 40
0.0
 40
0.0
 40
0.0
 40
0.0
 40
1.0
 40
1.0
 40
1.0
 40
2.0
 40
2.0
 40
2.0
 40
3.0
 40
3.0
 40
3.0
 40
4.0
 40
4.0
 40
4.0
 40
5.0
 40
5.0
 40
5.0
 40
6.0
 40
6.0
 40
6.0
 40
7.0
 40
7.0
 40
7.0
 40
8.0
 40
8.0
 40
8.0
 40
9.0
 40
9.0
 40
9.0
 40
10.0
 40
10.0
 40
10.0
 40
11.0
 40
11.0
 40
11.0
 40
12.0
 40
12.0
 40
12.0
 40
13.0
 40
13.0
 40
13.0
 40
14.0
 40
14.0
 40
14.0
 40
15.0
 40
15.0
 40
15.0
 40
16.0
 40
16.0
 40
16.0
 40
17.0
 40
17.0
 40
17.0
 40
18.0
 40
18.0
 40
18.0
 40
19.0
 40
19.0
 40
19.0
 40
20.0
 40
20.0
 40
20.0
 40
21.0
 40
21.0
 40
21.0
 40
22.0
 40
22.0
 40
22.0
 40
23.0
 40
23.0
 40
23.0
 40
24.0
 40
24.0
 40
24.0
 40
25.0
 40
25.0
 40
25.0
 40
26.0
 40
26.0
 40
26.0
 40
26.0
 10
870.9760283303458
 20
-910.2032344102217
 30
0.0
 10
871.2129425010417
 20
-910.1857816592956
 30
0.0
 10
871.4498871822561
 20
-910.1682983965684
 30
0.0
 10
871.6868318634697
 20
-910.1508456456422
 30
0.0
 10
872.085451778491
 20
-912.4367593635334
 30
0.0
 10
872.5176332630899
 20
-914.7173945396235
 30
0.0
 10
872.8774743099912
 20
-917.0094106179777
 30
0.0
 10
876.4140094489112
 20
-939.5350537975492
 30
0.0
 10
880.0120232811923
 20
-962.05163497183
 30
0.0
 10
883.3866696126797
 20
-984.601565546046
 30
0.0
 10
883.8905508141015
 20
-987.968542931877
 30
0.0
 10
885.1274777161216
 20
-989.0554953776691
 30
0.0
 10
888.4440015112059
 20
-988.8009659227273
 30
0.0
 10
892.2519277059318
 20
-988.5087238801234
 30
0.0
 10
896.1174882687783
 20
-988.5018892364051
 30
0.0
 10
899.9246822110772
 20
-988.7987690729633
 30
0.0
 10
903.6409242998234
 20
-989.0885701713805
 30
0.0
 10
904.3788821937869
 20
-987.8934228745702
 30
0.0
 10
903.6500774551623
 20
-984.3240912157626
 30
0.0
 10
898.7898129910891
 20
-960.5202781252729
 30
0.0
 10
893.9049875601895
 20
-936.7174109006546
 30
0.0
 10
889.4888341931737
 20
-912.8290801177418
 30
0.0
 10
887.8200614222505
 20
-903.8020718664438
 30
0.0
 10
884.4229898601825
 20
-895.0509513317038
 30
0.0
 10
886.4776596602051
 20
-885.3498153199816
 30
0.0
 10
892.4420997633624
 20
-857.1886727640085
 30
0.0
 10
897.7793656626791
 20
-828.8951700095777
 30
0.0
 10
903.5222994066271
 20
-800.6860934121623
 30
0.0
 10
904.2965037957338
 20
-796.883163394803
 30
0.0
 10
903.9315064713246
 20
-795.1237918495208
 30
0.0
 10
899.5031488971899
 20
-795.6083192703372
 30
0.0
 10
896.2118267898068
 20
-795.9684500731009
 30
0.0
 10
892.81945384748
 20
-795.9596016504283
 30
0.0
 10
889.5263316195469
 20
-795.6075259634763
 30
0.0
 10
885.4525367727347
 20
-795.1720615207887
 30
0.0
 10
883.7148407421073
 20
-796.3921979836987
 30
0.0
 10
883.1632410908505
 20
-800.72383651163
 30
0.0
 10
881.670666560206
 20
-812.4438164355515
 30
0.0
 10
879.6538298022524
 20
-824.0973111422209
 30
0.0
 10
877.8273481648348
 20
-835.7744219838851
 30
0.0
 10
875.815698194906
 20
-848.6352076846888
 30
0.0
 10
873.7844299620338
 20
-861.4929422052601
 30
0.0
 10
871.7617046741443
 20
-874.3520192451342
 30
0.0
 10
870.7231266483241
 20
-872.3559676492678
 30
0.0
 10
870.3416231337869
 20
-870.4059278512968
 30
0.0
 10
870.0364264242608
 20
-868.4439579386199
 30
0.0
 10
866.5057798152757
 20
-845.7467468946143
 30
0.0
 10
862.9011452006325
 20
-823.0602760050242
 30
0.0
 10
859.5490766523153
 20
-800.3366417402103
 30
0.0
 10
858.9943649282422
 20
-796.5762756870854
 30
0.0
 10
857.6210560116688
 20
-795.2431845319925
 30
0.0
 10
853.8598109091718
 20
-795.6073123808601
 30
0.0
 10
850.3949754870755
 20
-795.9427591355488
 30
0.0
 10
846.8485244298718
 20
-795.9345819725277
 30
0.0
 10
843.3810040822091
 20
-795.6135978121383
 30
0.0
 10
839.2082636261803
 20
-795.2273183947873
 30
0.0
 10
838.4005281780146
 20
-796.5803947803979
 30
0.0
 10
839.2282480153372
 20
-800.6197607539216
 30
0.0
 10
845.207455209108
 20
-829.7993567594804
 30
0.0
 10
850.9578945404355
 20
-859.0257883815975
 30
0.0
 10
856.8210702350234
 20
-888.2293361519769
 30
0.0
 10
857.32129017431
 20
-890.7208994174935
 30
0.0
 10
857.3258972624972
 20
-893.1285857384382
 30
0.0
 10
856.8281181646344
 20
-895.6199049095367
 30
0.0
 10
851.2529312475353
 20
-923.5235278539412
 30
0.0
 10
845.7371177980694
 20
-951.4390504012508
 30
0.0
 10
840.167544816245
 20
-979.3438327941467
 30
0.0
 10
838.2917581820675
 20
-988.7420171206495
 30
0.0
 10
838.2427888010025
 20
-988.7321923203044
 30
0.0
 10
847.788309399064
 20
-988.7321923203044
 30
0.0
 10
858.5972705391105
 20
-988.7321923203044
 30
0.0
 10
858.5985519808582
 20
-988.7324364147235
 30
0.0
 10
860.3263931142365
 20
-978.2488862561468
 30
0.0
 10
860.5429872800796
 20
-976.9346819066914
 30
0.0
 10
860.7362103892901
 20
-975.6166330701408
 30
0.0
 10
860.9421563844217
 20
-974.3007200597522
 30
0.0
 10
864.2866278138072
 20
-952.9348609981089
 30
0.0
 10
867.6313433273353
 20
-931.5690629600676
 30
0.0
 10
870.9760283303458
 20
-910.2032344102217
 30
0.0
  0
HATCH
  5
9C
330
8D
100
AcDbEntity
  8
katman 1
 62
     7
420
 16777215
100
AcDbHatch
 10
0.0
 20
0.0
 30
0.0
210
0.0
220
0.0
230
1.0
  2
SOLID
 70
     1
 71
     0
 91
        2
 92
        1
 93
        1
 72
     4
 94
        3
 73
     0
 74
     1
 95
       83
 96
       79
 40
0.0
 40
0.0
 40
0.0
 40
0.0
 40
1.0
 40
1.0
 40
1.0
 40
2.0
 40
2.0
 40
2.0
 40
3.0
 40
3.0
 40
3.0
 40
4.0
 40
4.0
 40
4.0
 40
5.0
 40
5.0
 40
5.0
 40
6.0
 40
6.0
 40
6.0
 40
7.0
 40
7.0
 40
7.0
 40
8.0
 40
8.0
 40
8.0
 40
9.0
 40
9.0
 40
9.0
 40
10.0
 40
10.0
 40
10.0
 40
11.0
 40
11.0
 40
11.0
 40
12.0
 40
12.0
 40
12.0
 40
13.0
 40
13.0
 40
13.0
 40
14.0
 40
14.0
 40
14.0
 40
15.0
 40
15.0
 40
15.0
 40
16.0
 40
16.0
 40
16.0
 40
17.0
 40
17.0
 40
17.0
 40
18.0
 40
18.0
 40
18.0
 40
19.0
 40
19.0
 40
19.0
 40
20.0
 40
20.0
 40
20.0
 40
21.0
 40
21.0
 40
21.0
 40
22.0
 40
22.0
 40
22.0
 40
23.0
 40
23.0
 40
23.0
 40
24.0
 40
24.0
 40
24.0
 40
25.0
 40
25.0
 40
25.0
 40
26.0
 40
26.0
 40
26.0
 40
26.0
 10
871.8561652372446
 20
-825.0010402150892
 10
873.2466820858563
 20
-816.1525260073513
 10
874.6446740113279
 20
-807.305171248101
 10
876.0256105573517
 20
-798.4551619620488
 10
877.434982905962
 20
-789.422875168947
 10
878.8232114657385
 20
-788.2271786596939
 10
887.9899439853461
 20
-788.223669802428
 10
892.9870176112227
 20
-788.2217780706842
 10
897.9841827686523
 20
-788.2093597671401
 10
902.9811953734925
 20
-788.2261107466129
 10
910.5530821067996
 20
-788.251527077944
 10
913.060527990935
 20
-791.1668992776631
 10
911.6098138907091
 20
-798.446893263621
 10
906.893742133746
 20
-822.1136168262938
 10
902.1258940280813
 20
-845.7700273997834
 10
897.382301784065
 20
-869.4312893498409
 10
896.2368759249184
 20
-875.144563310354
 10
895.2120886531429
 20
-880.8845656096973
 10
893.933942041579
 20
-886.5677854449259
 10
893.1143074914726
 20
-890.2123286964506
 10
893.2090731597509
 20
-893.7272272999244
 10
893.9433392810606
 20
-897.3798866908646
 10
899.8149053680427
 20
-926.5878281607756
 10
905.5804168951618
 20
-955.817066868708
 10
911.4013660331184
 20
-985.0351992805945
 10
913.1475134771754
 20
-993.8000806381779
 10
911.1874873033594
 20
-996.1997728669148
 10
902.1363286251681
 20
-996.2050208969113
 10
896.6395537388071
 20
-996.208194124355
 10
891.1425042577866
 20
-996.2370582893482
 10
885.6460344766047
 20
-996.1957453090063
 10
879.5873168734543
 20
-996.1501606763441
 10
877.5510449156627
 20
-994.5444465675382
 10
876.5367532620094
 20
-988.603737632543
 10
874.8881174328326
 20
-978.9475455056336
 10
873.4093946772691
 20
-969.2623061429176
 10
870.9143970843952
 20
-959.5465854896893
 10
869.5644287139366
 20
-968.104627339354
 10
868.1414791849065
 20
-976.6519595464079
 10
866.8835610466422
 20
-985.2234571008985
 10
865.4286975159957
 20
-995.1372298629785
 10
864.2627685888901
 20
-996.2039224720274
 10
854.0943147489616
 20
-996.2055090857493
 10
849.097241123085
 20
-996.2063023926084
 10
844.0999844341022
 20
-996.2320543537671
 10
839.1030938713329
 20
-996.2003831029606
 10
832.1927666954243
 20
-996.15656815483
 10
829.7839613153274
 20
-993.2257264713362
 10
831.1326177335213
 20
-986.3785729130677
 10
835.5393738610555
 20
-964.0053972096821
 10
839.9860682563867
 20
-941.6400630394919
 10
844.4230908175759
 20
-919.2728676493634
 10
845.523910299702
 20
-913.7236251381137
 10
846.1001624493392
 20
-907.9969259845811
 10
847.8724574071484
 20
-902.6695347879895
 10
851.5503782855412
 20
-891.6141629421663
 10
847.5847737348377
 20
-881.2727977823961
 10
845.5910944598918
 20
-870.7939159295775
 10
840.9872403873869
 20
-846.5954021642974
 10
835.9983130697628
 20
-822.470177748186
 10
831.1805192464635
 20
-798.3122751917917
 10
829.7761506227716
 20
-791.2702732639182
 10
832.2378002196929
 20
-788.2622977441624
 10
839.4231797135444
 20
-788.2293449976587
 10
845.5861212454902
 20
-788.2010910687122
 10
851.7493983931327
 20
-788.2529916444555
 10
857.9122483935262
 20
-788.2170182295222
 10
862.6505928284814
 20
-788.1893440248195
 10
865.414906761951
 20
-790.4491091281234
 10
866.1608279010597
 20
-795.1326097603906
 10
867.6269803232908
 20
-804.3379594962425
 10
869.0735144825785
 20
-813.5464519477337
 10
870.5508032438056
 20
-822.7500319990504
 10
870.6726622518872
 20
-823.5090741053245
 10
870.9666616013819
 20
-824.240442006896
 10
871.1806928837304
 20
-824.984655377244
 10
871.4058299945564
 20
-824.9901169898594
 10
871.6309976159
 20
-824.9955786024748
 10
871.8561652372446
 20
-825.0010402150892
 97
        0
 97
        0
 92
        1
 93
        1
 72
     4
 94
        3
 73
     0
 74
     1
 95
       83
 96
       79
 40
0.0
 40
0.0
 40
0.0
 40
0.0
 40
1.0
 40
1.0
 40
1.0
 40
2.0
 40
2.0
 40
2.0
 40
3.0
 40
3.0
 40
3.0
 40
4.0
 40
4.0
 40
4.0
 40
5.0
 40
5.0
 40
5.0
 40
6.0
 40
6.0
 40
6.0
 40
7.0
 40
7.0
 40
7.0
 40
8.0
 40
8.0
 40
8.0
 40
9.0
 40
9.0
 40
9.0
 40
10.0
 40
10.0
 40
10.0
 40
11.0
 40
11.0
 40
11.0
 40
12.0
 40
12.0
 40
12.0
 40
13.0
 40
13.0
 40
13.0
 40
14.0
 40
14.0
 40
14.0
 40
15.0
 40
15.0
 40
15.0
 40
16.0
 40
16.0
 40
16.0
 40
17.0
 40
17.0
 40
17.0
 40
18.0
 40
18.0
 40
18.0
 40
19.0
 40
19.0
 40
19.0
 40
20.0
 40
20.0
 40
20.0
 40
21.0
 40
21.0
 40
21.0
 40
22.0
 40
22.0
 40
22.0
 40
23.0
 40
23.0
 40
23.0
 40
24.0
 40
24.0
 40
24.0
 40
25.0
 40
25.0
 40
25.0
 40
26.0
 40
26.0
 40
26.0
 40
26.0
 10
870.9760283303458
 20
-910.2032344102217
 10
871.2129425010417
 20
-910.1857816592956
 10
871.4498871822561
 20
-910.1682983965684
 10
871.6868318634697
 20
-910.1508456456422
 10
872.085451778491
 20
-912.4367593635334
 10
872.5176332630899
 20
-914.7173945396235
 10
872.8774743099912
 20
-917.0094106179777
 10
876.4140094489112
 20
-939.5350537975492
 10
880.0120232811923
 20
-962.05163497183
 10
883.3866696126797
 20
-984.601565546046
 10
883.8905508141015
 20
-987.968542931877
 10
885.1274777161216
 20
-989.0554953776691
 10
888.4440015112059
 20
-988.8009659227273
 10
892.2519277059318
 20
-988.5087238801234
 10
896.1174882687783
 20
-988.5018892364051
 10
899.9246822110772
 20
-988.7987690729633
 10
903.6409242998234
 20
-989.0885701713805
 10
904.3788821937869
 20
-987.8934228745702
 10
903.6500774551623
 20
-984.3240912157626
 10
898.7898129910891
 20
-960.5202781252729
 10
893.9049875601895
 20
-936.7174109006546
 10
889.4888341931737
 20
-912.8290801177418
 10
887.8200614222505
 20
-903.8020718664438
 10
884.4229898601825
 20
-895.0509513317038
 10
886.4776596602051
 20
-885.3498153199816
 10
892.4420997633624
 20
-857.1886727640085
 10
897.7793656626791
 20
-828.8951700095777
 10
903.5222994066271
 20
-800.6860934121623
 10
904.2965037957338
 20
-796.883163394803
 10
903.9315064713246
 20
-795.1237918495208
 10
899.5031488971899
 20
-795.6083192703372
 10
896.2118267898068
 20
-795.9684500731009
 10
892.81945384748
 20
-795.9596016504283
 10
889.5263316195469
 20
-795.6075259634763
 10
885.4525367727347
 20
-795.1720615207887
 10
883.7148407421073
 20
-796.3921979836987
 10
883.1632410908505
 20
-800.72383651163
 10
881.670666560206
 20
-812.4438164355515
 10
879.6538298022524
 20
-824.0973111422209
 10
877.8273481648348
 20
-835.7744219838851
 10
875.815698194906
 20
-848.6352076846888
 10
873.7844299620338
 20
-861.4929422052601
 10
871.7617046741443
 20
-874.3520192451342
 10
870.7231266483241
 20
-872.3559676492678
 10
870.3416231337869
 20
-870.4059278512968
 10
870.0364264242608
 20
-868.4439579386199
 10
866.5057798152757
 20
-845.7467468946143
 10
862.9011452006325
 20
-823.0602760050242
 10
859.5490766523153
 20
-800.3366417402103
 10
858.9943649282422
 20
-796.5762756870854
 10
857.6210560116688
 20
-795.2431845319925
 10
853.8598109091718
 20
-795.6073123808601
 10
850.3949754870755
 20
-795.9427591355488
 10
846.8485244298718
 20
-795.9345819725277
 10
843.3810040822091
 20
-795.6135978121383
 10
839.2082636261803
 20
-795.2273183947873
 10
838.4005281780146
 20
-796.5803947803979
 10
839.2282480153372
 20
-800.6197607539216
 10
845.207455209108
 20
-829.7993567594804
 10
850.9578945404355
 20
-859.0257883815975
 10
856.8210702350234
 20
-888.2293361519769
 10
857.32129017431
 20
-890.7208994174935
 10
857.3258972624972
 20
-893.1285857384382
 10
856.8281181646344
 20
-895.6199049095367
 10
851.2529312475353
 20
-923.5235278539412
 10
845.7371177980694
 20
-951.4390504012508
 10
840.167544816245
 20
-979.3438327941467
 10
838.2917581820675
 20
-988.7420171206495
 10
838.2427888010025
 20
-988.7321923203044
 10
847.788309399064
 20
-988.7321923203044
 10
858.5972705391105
 20
-988.7321923203044
 10
858.5985519808582
 20
-988.7324364147235
 10
860.3263931142365
 20
-978.2488862561468
 10
860.5429872800796
 20
-976.9346819066914
 10
860.7362103892901
 20
-975.6166330701408
 10
860.9421563844217
 20
-974.3007200597522
 10
864.2866278138072
 20
-952.9348609981089
 10
867.6313433273353
 20
-931.5690629600676
 10
870.9760283303458
 20
-910.2032344102217
 97
        0
 97
        0
 75
     2
 76
     1
 98
        0
  0
SPLINE
  5
9D
330
8D
100
AcDbEntity
  8
katman 1
370
     0
100
AcDbSpline
210
0.0
220
0.0
230
1.0
 70
    11
 71
     3
 72
    56
 73
    52
 74
     0
 42
0.0000000001
 43
0.0000000001
 12
1.0
 22
0.0
 32
0.0
 13
1.0
 23
0.0
 33
0.0
 40
0.0
 40
0.0
 40
0.0
 40
0.0
 40
1.0
 40
1.0
 40
1.0
 40
2.0
 40
2.0
 40
2.0
 40
3.0
 40
3.0
 40
3.0
 40
4.0
 40
4.0
 40
4.0
 40
5.0
 40
5.0
 40
5.0
 40
6.0
 40
6.0
 40
6.0
 40
7.0
 40
7.0
 40
7.0
 40
8.0
 40
8.0
 40
8.0
 40
9.0
 40
9.0
 40
9.0
 40
10.0
 40
10.0
 40
10.0
 40
11.0
 40
11.0
 40
11.0
 40
12.0
 40
12.0
 40
12.0
 40
13.0
 40
13.0
 40
13.0
 40
14.0
 40
14.0
 40
14.0
 40
15.0
 40
15.0
 40
15.0
 40
16.0
 40
16.0
 40
16.0
 40
17.0
 40
17.0
 40
17.0
 40
17.0
 10
1162.717752060649
 20
-1152.410559007505
 30
0.0
 10
1162.71787410272
 20
-1183.722685900699
 30
0.0
 10
1162.723915185245
 20
-1215.03475177029
 30
0.0
 10
1162.714212840583
 20
-1246.346878663488
 30
0.0
 10
1162.711283830875
 20
-1255.705763788603
 30
0.0
 10
1160.546867698336
 20
-1257.878326160881
 30
0.0
 10
1151.297116059803
 20
-1257.888883244483
 30
0.0
 10
1143.969099895246
 20
-1257.897243478321
 30
0.0
 10
1136.641022709657
 20
-1257.892422613553
 30
0.0
 10
1129.313006545104
 20
-1257.890103716578
 30
0.0
 10
1119.304946497236
 20
-1257.886869465532
 30
0.0
 10
1116.840123806465
 20
-1255.471128028774
 30
0.0
 10
1116.839513596107
 20
-1245.613191864937
 30
0.0
 10
1116.835852333974
 20
-1183.488660376919
 30
0.0
 10
1116.837682965041
 20
-1121.364067865296
 30
0.0
 10
1116.83756092297
 20
-1059.239536377274
 30
0.0
 10
1116.837499901932
 20
-1052.53060128351
 30
0.0
 10
1116.83713377572
 20
-1052.535056006647
 30
0.0
 10
1109.906913742208
 20
-1052.52889262258
 30
0.0
 10
1105.74344848359
 20
-1052.525231206302
 30
0.0
 10
1101.578640762189
 20
-1052.566422139429
 30
0.0
 10
1097.416884092567
 20
-1052.476290275383
 30
0.0
 10
1092.685312992562
 20
-1052.373953690407
 30
0.0
 10
1089.670019539692
 20
-1049.87436582088
 30
0.0
 10
1089.57098239892
 20
-1045.180613223034
 30
0.0
 10
1089.332146065604
 20
-1033.864945191632
 30
0.0
 10
1089.325372730651
 20
-1022.537011415701
 30
0.0
 10
1089.578487986299
 20
-1011.221892596743
 30
0.0
 10
1089.683505188557
 20
-1006.52923842378
 30
0.0
 10
1092.73535024175
 20
-1003.988886786356
 30
0.0
 10
1097.467409510038
 20
-1003.982601355077
 30
0.0
 10
1125.780315731427
 20
-1003.944888767412
 30
0.0
 10
1154.093282973852
 20
-1003.921455703232
 30
0.0
 10
1182.405945111099
 20
-1004.004325758327
 30
0.0
 10
1187.392340055747
 20
-1004.018910399835
 30
0.0
 10
1190.280648733544
 20
-1006.656289568633
 30
0.0
 10
1190.399883837097
 20
-1011.721309777087
 30
0.0
 10
1190.658490985948
 20
-1022.706046800544
 30
0.0
 10
1190.66593555229
 20
-1033.705429489113
 30
0.0
 10
1190.402568762664
 20
-1044.689983441753
 30
0.0
 10
1190.276377261052
 20
-1049.952964223652
 30
0.0
 10
1187.387946541185
 20
-1052.331115119952
 30
0.0
 10
1181.946822839287
 20
-1052.484589485612
 30
0.0
 10
1177.120791176181
 20
-1052.620672123954
 30
0.0
 10
1172.26229632214
 20
-1052.834315763786
 30
0.0
 10
1167.46610394544
 20
-1052.436014696323
 30
0.0
 10
1163.297573940868
 20
-1052.08988881082
 30
0.0
 10
1162.625427233794
 20
-1053.754551721708
 30
0.0
 10
1162.641170660976
 20
-1057.475221920016
 30
0.0
 10
1162.774867749966
 20
-1089.119866434878
 30
0.0
 10
1162.717630018578
 20
-1120.765365280204
 30
0.0
 10
1162.717752060649
 20
-1152.410559007505
 30
0.0
  0
SPLINE
  5
9E
330
8D
100
AcDbEntity
  8
katman 1
370
     0
100
AcDbSpline
210
0.0
220
0.0
230
1.0
 70
    11
 71
     3
 72
    59
 73
    55
 74
     0
 42
0.0000000001
 43
0.0000000001
 12
1.0
 22
0.0
 32
0.0
 13
1.0
 23
0.0
 33
0.0
 40
0.0
 40
0.0
 40
0.0
 40
0.0
 40
1.0
 40
1.0
 40
1.0
 40
2.0
 40
2.0
 40
2.0
 40
3.0
 40
3.0
 40
3.0
 40
4.0
 40
4.0
 40
4.0
 40
5.0
 40
5.0
 40
5.0
 40
6.0
 40
6.0
 40
6.0
 40
7.0
 40
7.0
 40
7.0
 40
8.0
 40
8.0
 40
8.0
 40
9.0
 40
9.0
 40
9.0
 40
10.0
 40
10.0
 40
10.0
 40
11.0
 40
11.0
 40
11.0
 40
12.0
 40
12.0
 40
12.0
 40
13.0
 40
13.0
 40
13.0
 40
14.0
 40
14.0
 40
14.0
 40
15.0
 40
15.0
 40
15.0
 40
16.0
 40
16.0
 40
16.0
 40
17.0
 40
17.0
 40
17.0
 40
18.0
 40
18.0
 40
18.0
 40
18.0
 10
1155.089512400969
 20
-1147.897558326593
 30
0.0
 10
1155.089512400969
 20
-1115.091329497471
 30
0.0
 10
1155.138756376695
 20
-1082.284978621141
 30
0.0
 10
1155.015860011008
 20
-1049.479237980857
 30
0.0
 10
1155.003106614568
 20
-1046.077721234797
 30
0.0
 10
1155.759157245586
 20
-1044.83851489544
 30
0.0
 10
1159.371053363462
 20
-1045.002058155867
 30
0.0
 10
1166.018318854924
 20
-1045.303026573933
 30
0.0
 10
1172.692738707225
 20
-1044.956778641226
 30
0.0
 10
1179.347997954348
 20
-1045.150406538738
 30
0.0
 10
1182.205857135385
 20
-1045.233520688253
 30
0.0
 10
1183.026407001023
 20
-1044.312186305448
 30
0.0
 10
1182.974722183877
 20
-1041.498387895645
 30
0.0
 10
1182.812833376443
 20
-1032.675351042843
 30
0.0
 10
1182.825220646671
 20
-1023.84596773516
 30
0.0
 10
1182.969535395852
 20
-1015.022259622707
 30
0.0
 10
1183.01371462562
 20
-1012.319890314971
 30
0.0
 10
1182.418881570644
 20
-1011.257103216616
 30
0.0
 10
1179.432084941396
 20
-1011.269857149986
 30
0.0
 10
1153.122133192366
 20
-1011.38220160612
 30
0.0
 10
1126.811327148833
 20
-1011.37231578217
 30
0.0
 10
1100.501192336695
 20
-1011.280048091961
 30
0.0
 10
1097.689709142709
 20
-1011.270162268011
 30
0.0
 10
1096.754988919471
 20
-1012.068351016656
 30
0.0
 10
1096.807955178367
 20
-1014.933653348773
 30
0.0
 10
1096.971003385475
 20
-1023.756690201575
 30
0.0
 10
1097.022688202625
 20
-1032.588758547863
 30
0.0
 10
1096.788062320764
 20
-1041.408500126017
 30
0.0
 10
1096.699276713975
 20
-1044.746674370461
 30
0.0
 10
1098.059069471165
 20
-1045.217593527443
 30
0.0
 10
1100.891543901391
 20
-1045.14296165897
 30
0.0
 10
1107.381436142055
 20
-1044.972034542385
 30
0.0
 10
1113.888963462003
 20
-1045.303941928003
 30
0.0
 10
1120.369214379043
 20
-1045.001386896216
 30
0.0
 10
1123.840701094017
 20
-1044.839247178694
 30
0.0
 10
1124.494358427306
 20
-1046.122268466184
 30
0.0
 10
1124.464885267116
 20
-1049.251070723119
 30
0.0
 10
1124.326855684601
 20
-1063.90430276292
 30
0.0
 10
1124.404230357733
 20
-1078.559609605276
 30
0.0
 10
1124.4041693367
 20
-1093.214123140773
 30
0.0
 10
1124.404047294625
 20
-1144.005472822861
 30
0.0
 10
1124.441880336697
 20
-1194.796822504948
 30
0.0
 10
1124.323194422464
 20
-1245.58792809262
 30
0.0
 10
1124.314651477482
 20
-1249.229206581294
 30
0.0
 10
1125.06527123633
 20
-1250.55823966668
 30
0.0
 10
1128.959389643835
 20
-1250.361133423703
 30
0.0
 10
1135.769337216188
 20
-1250.016350057504
 30
0.0
 10
1142.622609723818
 20
-1250.007074469599
 30
0.0
 10
1149.431886064784
 20
-1250.358204290678
 30
0.0
 10
1153.786591248954
 20
-1250.582771155743
 30
0.0
 10
1155.251950397724
 20
-1249.578444670631
 30
0.0
 10
1155.216131049827
 20
-1244.816406659196
 30
0.0
 10
1154.973511412303
 20
-1212.511608789373
 30
0.0
 10
1155.089329337861
 20
-1180.204186904553
 30
0.0
 10
1155.089512400969
 20
-1147.897558326593
 30
0.0
  0
HATCH
  5
9F
330
8D
100
AcDbEntity
  8
katman 1
 62
     7
420
 16777215
100
AcDbHatch
 10
0.0
 20
0.0
 30
0.0
210
0.0
220
0.0
230
1.0
  2
SOLID
 70
     1
 71
     0
 91
        2
 92
        1
 93
        1
 72
     4
 94
        3
 73
     0
 74
     1
 95
       56
 96
       52
 40
0.0
 40
0.0
 40
0.0
 40
0.0
 40
1.0
 40
1.0
 40
1.0
 40
2.0
 40
2.0
 40
2.0
 40
3.0
 40
3.0
 40
3.0
 40
4.0
 40
4.0
 40
4.0
 40
5.0
 40
5.0
 40
5.0
 40
6.0
 40
6.0
 40
6.0
 40
7.0
 40
7.0
 40
7.0
 40
8.0
 40
8.0
 40
8.0
 40
9.0
 40
9.0
 40
9.0
 40
10.0
 40
10.0
 40
10.0
 40
11.0
 40
11.0
 40
11.0
 40
12.0
 40
12.0
 40
12.0
 40
13.0
 40
13.0
 40
13.0
 40
14.0
 40
14.0
 40
14.0
 40
15.0
 40
15.0
 40
15.0
 40
16.0
 40
16.0
 40
16.0
 40
17.0
 40
17.0
 40
17.0
 40
17.0
 10
1162.717752060649
 20
-1152.410559007505
 10
1162.71787410272
 20
-1183.722685900699
 10
1162.723915185245
 20
-1215.03475177029
 10
1162.714212840583
 20
-1246.346878663488
 10
1162.711283830875
 20
-1255.705763788603
 10
1160.546867698336
 20
-1257.878326160881
 10
1151.297116059803
 20
-1257.888883244483
 10
1143.969099895246
 20
-1257.897243478321
 10
1136.641022709657
 20
-1257.892422613553
 10
1129.313006545104
 20
-1257.890103716578
 10
1119.304946497236
 20
-1257.886869465532
 10
1116.840123806465
 20
-1255.471128028774
 10
1116.839513596107
 20
-1245.613191864937
 10
1116.835852333974
 20
-1183.488660376919
 10
1116.837682965041
 20
-1121.364067865296
 10
1116.83756092297
 20
-1059.239536377274
 10
1116.837499901932
 20
-1052.53060128351
 10
1116.83713377572
 20
-1052.535056006647
 10
1109.906913742208
 20
-1052.52889262258
 10
1105.74344848359
 20
-1052.525231206302
 10
1101.578640762189
 20
-1052.566422139429
 10
1097.416884092567
 20
-1052.476290275383
 10
1092.685312992562
 20
-1052.373953690407
 10
1089.670019539692
 20
-1049.87436582088
 10
1089.57098239892
 20
-1045.180613223034
 10
1089.332146065604
 20
-1033.864945191632
 10
1089.325372730651
 20
-1022.537011415701
 10
1089.578487986299
 20
-1011.221892596743
 10
1089.683505188557
 20
-1006.52923842378
 10
1092.73535024175
 20
-1003.988886786356
 10
1097.467409510038
 20
-1003.982601355077
 10
1125.780315731427
 20
-1003.944888767412
 10
1154.093282973852
 20
-1003.921455703232
 10
1182.405945111099
 20
-1004.004325758327
 10
1187.392340055747
 20
-1004.018910399835
 10
1190.280648733544
 20
-1006.656289568633
 10
1190.399883837097
 20
-1011.721309777087
 10
1190.658490985948
 20
-1022.706046800544
 10
1190.66593555229
 20
-1033.705429489113
 10
1190.402568762664
 20
-1044.689983441753
 10
1190.276377261052
 20
-1049.952964223652
 10
1187.387946541185
 20
-1052.331115119952
 10
1181.946822839287
 20
-1052.484589485612
 10
1177.120791176181
 20
-1052.620672123954
 10
1172.26229632214
 20
-1052.834315763786
 10
1167.46610394544
 20
-1052.436014696323
 10
1163.297573940868
 20
-1052.08988881082
 10
1162.625427233794
 20
-1053.754551721708
 10
1162.641170660976
 20
-1057.475221920016
 10
1162.774867749966
 20
-1089.119866434878
 10
1162.717630018578
 20
-1120.765365280204
 10
1162.717752060649
 20
-1152.410559007505
 97
        0
 97
        0
 92
        1
 93
        1
 72
     4
 94
        3
 73
     0
 74
     1
 95
       59
 96
       55
 40
0.0
 40
0.0
 40
0.0
 40
0.0
 40
1.0
 40
1.0
 40
1.0
 40
2.0
 40
2.0
 40
2.0
 40
3.0
 40
3.0
 40
3.0
 40
4.0
 40
4.0
 40
4.0
 40
5.0
 40
5.0
 40
5.0
 40
6.0
 40
6.0
 40
6.0
 40
7.0
 40
7.0
 40
7.0
 40
8.0
 40
8.0
 40
8.0
 40
9.0
 40
9.0
 40
9.0
 40
10.0
 40
10.0
 40
10.0
 40
11.0
 40
11.0
 40
11.0
 40
12.0
 40
12.0
 40
12.0
 40
13.0
 40
13.0
 40
13.0
 40
14.0
 40
14.0
 40
14.0
 40
15.0
 40
15.0
 40
15.0
 40
16.0
 40
16.0
 40
16.0
 40
17.0
 40
17.0
 40
17.0
 40
18.0
 40
18.0
 40
18.0
 40
18.0
 10
1155.089512400969
 20
-1147.897558326593
 10
1155.089512400969
 20
-1115.091329497471
 10
1155.138756376695
 20
-1082.284978621141
 10
1155.015860011008
 20
-1049.479237980857
 10
1155.003106614568
 20
-1046.077721234797
 10
1155.759157245586
 20
-1044.83851489544
 10
1159.371053363462
 20
-1045.002058155867
 10
1166.018318854924
 20
-1045.303026573933
 10
1172.692738707225
 20
-1044.956778641226
 10
1179.347997954348
 20
-1045.150406538738
 10
1182.205857135385
 20
-1045.233520688253
 10
1183.026407001023
 20
-1044.312186305448
 10
1182.974722183877
 20
-1041.498387895645
 10
1182.812833376443
 20
-1032.675351042843
 10
1182.825220646671
 20
-1023.84596773516
 10
1182.969535395852
 20
-1015.022259622707
 10
1183.01371462562
 20
-1012.319890314971
 10
1182.418881570644
 20
-1011.257103216616
 10
1179.432084941396
 20
-1011.269857149986
 10
1153.122133192366
 20
-1011.38220160612
 10
1126.811327148833
 20
-1011.37231578217
 10
1100.501192336695
 20
-1011.280048091961
 10
1097.689709142709
 20
-1011.270162268011
 10
1096.754988919471
 20
-1012.068351016656
 10
1096.807955178367
 20
-1014.933653348773
 10
1096.971003385475
 20
-1023.756690201575
 10
1097.022688202625
 20
-1032.588758547863
 10
1096.788062320764
 20
-1041.408500126017
 10
1096.699276713975
 20
-1044.746674370461
 10
1098.059069471165
 20
-1045.217593527443
 10
1100.891543901391
 20
-1045.14296165897
 10
1107.381436142055
 20
-1044.972034542385
 10
1113.888963462003
 20
-1045.303941928003
 10
1120.369214379043
 20
-1045.001386896216
 10
1123.840701094017
 20
-1044.839247178694
 10
1124.494358427306
 20
-1046.122268466184
 10
1124.464885267116
 20
-1049.251070723119
 10
1124.326855684601
 20
-1063.90430276292
 10
1124.404230357733
 20
-1078.559609605276
 10
1124.4041693367
 20
-1093.214123140773
 10
1124.404047294625
 20
-1144.005472822861
 10
1124.441880336697
 20
-1194.796822504948
 10
1124.323194422464
 20
-1245.58792809262
 10
1124.314651477482
 20
-1249.229206581294
 10
1125.06527123633
 20
-1250.55823966668
 10
1128.959389643835
 20
-1250.361133423703
 10
1135.769337216188
 20
-1250.016350057504
 10
1142.622609723818
 20
-1250.007074469599
 10
1149.431886064784
 20
-1250.358204290678
 10
1153.786591248954
 20
-1250.582771155743
 10
1155.251950397724
 20
-1249.578444670631
 10
1155.216131049827
 20
-1244.816406659196
 10
1154.973511412303
 20
-1212.511608789373
 10
1155.089329337861
 20
-1180.204186904553
 10
1155.089512400969
 20
-1147.897558326593
 97
        0
 97
        0
 75
     2
 76
     1
 98
        0
  0
SPLINE
  5
A0
330
8D
100
AcDbEntity
  8
katman 1
370
     0
100
AcDbSpline
210
0.0
220
0.0
230
1.0
 70
    11
 71
     3
 72
    65
 73
    61
 74
     0
 42
0.0000000001
 43
0.0000000001
 12
1.0
 22
0.0
 32
0.0
 13
1.0
 23
0.0
 33
0.0
 40
0.0
 40
0.0
 40
0.0
 40
0.0
 40
1.0
 40
1.0
 40
1.0
 40
2.0
 40
2.0
 40
2.0
 40
3.0
 40
3.0
 40
3.0
 40
4.0
 40
4.0
 40
4.0
 40
5.0
 40
5.0
 40
5.0
 40
6.0
 40
6.0
 40
6.0
 40
7.0
 40
7.0
 40
7.0
 40
8.0
 40
8.0
 40
8.0
 40
9.0
 40
9.0
 40
9.0
 40
10.0
 40
10.0
 40
10.0
 40
11.0
 40
11.0
 40
11.0
 40
12.0
 40
12.0
 40
12.0
 40
13.0
 40
13.0
 40
13.0
 40
14.0
 40
14.0
 40
14.0
 40
15.0
 40
15.0
 40
15.0
 40
16.0
 40
16.0
 40
16.0
 40
17.0
 40
17.0
 40
17.0
 40
18.0
 40
18.0
 40
18.0
 40
19.0
 40
19.0
 40
19.0
 40
20.0
 40
20.0
 40
20.0
 40
20.0
 10
1123.46115025262
 20
-953.8604365214369
 30
0.0
 10
1123.46115025262
 20
-965.1645100679552
 30
0.0
 10
1123.461089231583
 20
-975.7164676873281
 30
0.0
 10
1123.46115025262
 20
-986.2684253066973
 30
0.0
 10
1123.46115025262
 20
-994.2344466559834
 30
0.0
 10
1121.517325163753
 20
-996.1904972790098
 30
0.0
 10
1113.557009028369
 20
-996.2035563304007
 30
0.0
 10
1107.892243231017
 20
-996.2128929419114
 30
0.0
 10
1102.226562118132
 20
-996.2692177289891
 30
0.0
 10
1096.563077762527
 20
-996.1850051545907
 30
0.0
 10
1091.315756869677
 20
-996.1070169878649
 30
0.0
 10
1088.996774453975
 20
-993.8348030692168
 30
0.0
 10
1088.750615596386
 20
-988.5995880274268
 30
0.0
 10
1088.62552247342
 20
-985.9393250068924
 30
0.0
 10
1088.706619429722
 20
-983.2689930915903
 30
0.0
 10
1088.706558408689
 20
-980.6032379466405
 30
0.0
 10
1088.705215945905
 20
-920.2877512180776
 30
0.0
 10
1088.703873483122
 20
-859.9722950013165
 30
0.0
 10
1088.707412703185
 20
-799.6568082727536
 30
0.0
 10
1088.707961892505
 20
-789.5282019105498
 30
0.0
 10
1090.035840648081
 20
-788.2247072037062
 30
0.0
 10
1100.265040928942
 20
-788.2236392906252
 30
0.0
 10
1108.928807562661
 20
-788.2227239365557
 30
0.0
 10
1117.592513175347
 20
-788.2229985427766
 30
0.0
 10
1126.256279809066
 20
-788.2235172434157
 30
0.0
 10
1145.785757145935
 20
-788.2247072037062
 30
0.0
 10
1159.239492010722
 20
-799.468977617682
 30
0.0
 10
1162.859320863226
 20
-818.7723608898141
 30
0.0
 10
1163.569422654444
 20
-822.5591806755492
 30
0.0
 10
1163.783301384203
 20
-826.3692809664526
 30
0.0
 10
1163.778724806532
 20
-830.2100151068835
 30
0.0
 10
1163.76157789553
 20
-844.5390897588522
 30
0.0
 10
1163.690732473206
 20
-858.8687746468677
 30
0.0
 10
1163.795017423035
 20
-873.1970865037783
 30
0.0
 10
1163.890515343741
 20
-886.3250945692862
 30
0.0
 10
1160.097142666003
 20
-897.8479377384274
 30
0.0
 10
1150.112087548554
 20
-906.7610759434783
 30
0.0
 10
1147.897634166828
 20
-908.7378440802777
 30
0.0
 10
1148.741677131173
 20
-910.5753868630991
 30
0.0
 10
1149.253277493597
 20
-912.5898675875678
 30
0.0
 10
1155.31626656924
 20
-936.464346012227
 30
0.0
 10
1161.408301657826
 20
-960.3314405807241
 30
0.0
 10
1167.486301908222
 20
-984.2020440064871
 30
0.0
 10
1167.855967341857
 20
-985.6540396552145
 30
0.0
 10
1168.307095858007
 20
-987.1033502653399
 30
0.0
 10
1168.48710791301
 20
-988.5821963001063
 30
0.0
 10
1169.038799095819
 20
-993.1153957941524
 30
0.0
 10
1166.650618825755
 20
-996.0641173938047
 30
0.0
 10
1162.088625183667
 20
-996.1602905947138
 30
0.0
 10
1155.260676405811
 20
-996.3042452780528
 30
0.0
 10
1148.426869608538
 20
-996.2552433235278
 30
0.0
 10
1141.596663052365
 20
-996.1800012190097
 30
0.0
 10
1136.381927392526
 20
-996.1225780070481
 30
0.0
 10
1133.915213049648
 20
-992.8466478393339
 30
0.0
 10
1132.786384912186
 20
-988.2106235714737
 30
0.0
 10
1130.423589392925
 20
-978.5068330329477
 30
0.0
 10
1128.106193524152
 20
-968.7919361983795
 30
0.0
 10
1125.72002694826
 20
-959.0939734140984
 30
0.0
 10
1125.340598148934
 20
-957.551845901321
 30
0.0
 10
1125.321376522719
 20
-955.8365944221905
 30
0.0
 10
1123.46115025262
 20
-953.8604365214369
 30
0.0
  0
SPLINE
  5
A1
330
8D
100
AcDbEntity
  8
katman 1
370
     0
100
AcDbSpline
210
0.0
220
0.0
230
1.0
 70
    11
 71
     3
 72
    59
 73
    55
 74
     0
 42
0.0000000001
 43
0.0000000001
 12
1.0
 22
0.0
 32
0.0
 13
1.0
 23
0.0
 33
0.0
 40
0.0
 40
0.0
 40
0.0
 40
0.0
 40
1.0
 40
1.0
 40
1.0
 40
2.0
 40
2.0
 40
2.0
 40
3.0
 40
3.0
 40
3.0
 40
4.0
 40
4.0
 40
4.0
 40
5.0
 40
5.0
 40
5.0
 40
6.0
 40
6.0
 40
6.0
 40
7.0
 40
7.0
 40
7.0
 40
8.0
 40
8.0
 40
8.0
 40
9.0
 40
9.0
 40
9.0
 40
10.0
 40
10.0
 40
10.0
 40
11.0
 40
11.0
 40
11.0
 40
12.0
 40
12.0
 40
12.0
 40
13.0
 40
13.0
 40
13.0
 40
14.0
 40
14.0
 40
14.0
 40
15.0
 40
15.0
 40
15.0
 40
16.0
 40
16.0
 40
16.0
 40
17.0
 40
17.0
 40
17.0
 40
18.0
 40
18.0
 40
18.0
 40
18.0
 10
1115.927005029826
 20
-889.8488110836297
 30
0.0
 10
1116.137222497451
 20
-889.8708711167055
 30
0.0
 10
1116.347439965073
 20
-889.8929616615842
 30
0.0
 10
1116.557657432699
 20
-889.91502169466
 30
0.0
 10
1117.01806114626
 20
-891.6614562357599
 30
0.0
 10
1117.508853335545
 20
-893.4004764088959
 30
0.0
 10
1117.934353016746
 20
-895.1553932310408
 30
0.0
 10
1125.072227634388
 20
-924.5961397526416
 30
0.0
 10
1132.269902866912
 20
-954.0227287979678
 30
0.0
 10
1139.250953423074
 20
-983.5006386947925
 30
0.0
 10
1140.168587756347
 20
-987.3755155420176
 30
0.0
 10
1141.487618461757
 20
-989.3551823000407
 30
0.0
 10
1145.81407090645
 20
-988.8141470213295
 30
0.0
 10
1149.09492790623
 20
-988.4038853273587
 30
0.0
 10
1152.509359952925
 20
-988.4020546192178
 30
0.0
 10
1155.790705120988
 20
-988.8104856050513
 30
0.0
 10
1160.697345572113
 20
-989.4213318874672
 30
0.0
 10
1160.636507599625
 20
-987.3150411498236
 30
0.0
 10
1159.656021599691
 20
-983.5308453790885
 30
0.0
 10
1153.228004689121
 20
-958.7206310009306
 30
0.0
 10
1147.029304830317
 20
-933.8509491200521
 30
0.0
 10
1140.565956740138
 20
-909.0501018652058
 30
0.0
 10
1139.808014457016
 20
-906.1415948210079
 30
0.0
 10
1140.22338464631
 20
-904.7195922739584
 30
0.0
 10
1142.742332995655
 20
-902.9678181674526
 30
0.0
 10
1150.735661511295
 20
-897.4090864856835
 30
0.0
 10
1155.314802064386
 20
-889.3893033407148
 30
0.0
 10
1155.785274248818
 20
-879.816194851519
 30
0.0
 10
1156.709254769794
 20
-861.0154324989771
 30
0.0
 10
1156.816346687261
 20
-842.1551111083099
 30
0.0
 10
1155.795159656584
 20
-823.3634717846617
 30
0.0
 10
1154.863002316841
 20
-806.2090652616153
 30
0.0
 10
1143.001306270718
 20
-795.6885653104346
 30
0.0
 10
1126.029586661833
 20
-795.6798999585753
 30
0.0
 10
1117.865826393772
 20
-795.6757198416581
 30
0.0
 10
1109.6890076241
 20
-795.9548418092663
 30
0.0
 10
1101.543492645684
 20
-795.5693556987762
 30
0.0
 10
1097.083221069934
 20
-795.3583055621402
 30
0.0
 10
1096.024994270654
 20
-796.6688179835164
 30
0.0
 10
1096.037259498808
 20
-801.0869879828233
 30
0.0
 10
1096.197561759316
 20
-858.7350414173061
 30
0.0
 10
1096.115854592652
 20
-916.3837355996375
 30
0.0
 10
1096.195059896854
 20
-974.032155175747
 30
0.0
 10
1096.201589147662
 20
-978.7872364962523
 30
0.0
 10
1094.050109474669
 20
-984.9389650560834
 30
0.0
 10
1097.160351658928
 20
-987.9304642025845
 30
0.0
 10
1100.009606873944
 20
-990.6709122396123
 30
0.0
 10
1106.100116436639
 20
-988.2233775048435
 30
0.0
 10
1110.690362818208
 20
-988.8095702509809
 30
0.0
 10
1115.325276597829
 20
-989.4013771687487
 30
0.0
 10
1116.047948722375
 20
-987.5092182597791
 30
0.0
 10
1116.023845413314
 20
-983.31567614914
 30
0.0
 10
1115.845297863165
 20
-952.1608681086973
 30
0.0
 10
1115.927005029826
 20
-921.004595501744
 30
0.0
 10
1115.927005029826
 20
-889.8488110836297
 30
0.0
  0
HATCH
  5
A2
330
8D
100
AcDbEntity
  8
katman 1
 62
     7
420
 16777215
100
AcDbHatch
 10
0.0
 20
0.0
 30
0.0
210
0.0
220
0.0
230
1.0
  2
SOLID
 70
     1
 71
     0
 91
        2
 92
        1
 93
        1
 72
     4
 94
        3
 73
     0
 74
     1
 95
       65
 96
       61
 40
0.0
 40
0.0
 40
0.0
 40
0.0
 40
1.0
 40
1.0
 40
1.0
 40
2.0
 40
2.0
 40
2.0
 40
3.0
 40
3.0
 40
3.0
 40
4.0
 40
4.0
 40
4.0
 40
5.0
 40
5.0
 40
5.0
 40
6.0
 40
6.0
 40
6.0
 40
7.0
 40
7.0
 40
7.0
 40
8.0
 40
8.0
 40
8.0
 40
9.0
 40
9.0
 40
9.0
 40
10.0
 40
10.0
 40
10.0
 40
11.0
 40
11.0
 40
11.0
 40
12.0
 40
12.0
 40
12.0
 40
13.0
 40
13.0
 40
13.0
 40
14.0
 40
14.0
 40
14.0
 40
15.0
 40
15.0
 40
15.0
 40
16.0
 40
16.0
 40
16.0
 40
17.0
 40
17.0
 40
17.0
 40
18.0
 40
18.0
 40
18.0
 40
19.0
 40
19.0
 40
19.0
 40
20.0
 40
20.0
 40
20.0
 40
20.0
 10
1123.46115025262
 20
-953.8604365214369
 10
1123.46115025262
 20
-965.1645100679552
 10
1123.461089231583
 20
-975.7164676873281
 10
1123.46115025262
 20
-986.2684253066973
 10
1123.46115025262
 20
-994.2344466559834
 10
1121.517325163753
 20
-996.1904972790098
 10
1113.557009028369
 20
-996.2035563304007
 10
1107.892243231017
 20
-996.2128929419114
 10
1102.226562118132
 20
-996.2692177289891
 10
1096.563077762527
 20
-996.1850051545907
 10
1091.315756869677
 20
-996.1070169878649
 10
1088.996774453975
 20
-993.8348030692168
 10
1088.750615596386
 20
-988.5995880274268
 10
1088.62552247342
 20
-985.9393250068924
 10
1088.706619429722
 20
-983.2689930915903
 10
1088.706558408689
 20
-980.6032379466405
 10
1088.705215945905
 20
-920.2877512180776
 10
1088.703873483122
 20
-859.9722950013165
 10
1088.707412703185
 20
-799.6568082727536
 10
1088.707961892505
 20
-789.5282019105498
 10
1090.035840648081
 20
-788.2247072037062
 10
1100.265040928942
 20
-788.2236392906252
 10
1108.928807562661
 20
-788.2227239365557
 10
1117.592513175347
 20
-788.2229985427766
 10
1126.256279809066
 20
-788.2235172434157
 10
1145.785757145935
 20
-788.2247072037062
 10
1159.239492010722
 20
-799.468977617682
 10
1162.859320863226
 20
-818.7723608898141
 10
1163.569422654444
 20
-822.5591806755492
 10
1163.783301384203
 20
-826.3692809664526
 10
1163.778724806532
 20
-830.2100151068835
 10
1163.76157789553
 20
-844.5390897588522
 10
1163.690732473206
 20
-858.8687746468677
 10
1163.795017423035
 20
-873.1970865037783
 10
1163.890515343741
 20
-886.3250945692862
 10
1160.097142666003
 20
-897.8479377384274
 10
1150.112087548554
 20
-906.7610759434783
 10
1147.897634166828
 20
-908.7378440802777
 10
1148.741677131173
 20
-910.5753868630991
 10
1149.253277493597
 20
-912.5898675875678
 10
1155.31626656924
 20
-936.464346012227
 10
1161.408301657826
 20
-960.3314405807241
 10
1167.486301908222
 20
-984.2020440064871
 10
1167.855967341857
 20
-985.6540396552145
 10
1168.307095858007
 20
-987.1033502653399
 10
1168.48710791301
 20
-988.5821963001063
 10
1169.038799095819
 20
-993.1153957941524
 10
1166.650618825755
 20
-996.0641173938047
 10
1162.088625183667
 20
-996.1602905947138
 10
1155.260676405811
 20
-996.3042452780528
 10
1148.426869608538
 20
-996.2552433235278
 10
1141.596663052365
 20
-996.1800012190097
 10
1136.381927392526
 20
-996.1225780070481
 10
1133.915213049648
 20
-992.8466478393339
 10
1132.786384912186
 20
-988.2106235714737
 10
1130.423589392925
 20
-978.5068330329477
 10
1128.106193524152
 20
-968.7919361983795
 10
1125.72002694826
 20
-959.0939734140984
 10
1125.340598148934
 20
-957.551845901321
 10
1125.321376522719
 20
-955.8365944221905
 10
1123.46115025262
 20
-953.8604365214369
 97
        0
 97
        0
 92
        1
 93
        1
 72
     4
 94
        3
 73
     0
 74
     1
 95
       59
 96
       55
 40
0.0
 40
0.0
 40
0.0
 40
0.0
 40
1.0
 40
1.0
 40
1.0
 40
2.0
 40
2.0
 40
2.0
 40
3.0
 40
3.0
 40
3.0
 40
4.0
 40
4.0
 40
4.0
 40
5.0
 40
5.0
 40
5.0
 40
6.0
 40
6.0
 40
6.0
 40
7.0
 40
7.0
 40
7.0
 40
8.0
 40
8.0
 40
8.0
 40
9.0
 40
9.0
 40
9.0
 40
10.0
 40
10.0
 40
10.0
 40
11.0
 40
11.0
 40
11.0
 40
12.0
 40
12.0
 40
12.0
 40
13.0
 40
13.0
 40
13.0
 40
14.0
 40
14.0
 40
14.0
 40
15.0
 40
15.0
 40
15.0
 40
16.0
 40
16.0
 40
16.0
 40
17.0
 40
17.0
 40
17.0
 40
18.0
 40
18.0
 40
18.0
 40
18.0
 10
1115.927005029826
 20
-889.8488110836297
 10
1116.137222497451
 20
-889.8708711167055
 10
1116.347439965073
 20
-889.8929616615842
 10
1116.557657432699
 20
-889.91502169466
 10
1117.01806114626
 20
-891.6614562357599
 10
1117.508853335545
 20
-893.4004764088959
 10
1117.934353016746
 20
-895.1553932310408
 10
1125.072227634388
 20
-924.5961397526416
 10
1132.269902866912
 20
-954.0227287979678
 10
1139.250953423074
 20
-983.5006386947925
 10
1140.168587756347
 20
-987.3755155420176
 10
1141.487618461757
 20
-989.3551823000407
 10
1145.81407090645
 20
-988.8141470213295
 10
1149.09492790623
 20
-988.4038853273587
 10
1152.509359952925
 20
-988.4020546192178
 10
1155.790705120988
 20
-988.8104856050513
 10
1160.697345572113
 20
-989.4213318874672
 10
1160.636507599625
 20
-987.3150411498236
 10
1159.656021599691
 20
-983.5308453790885
 10
1153.228004689121
 20
-958.7206310009306
 10
1147.029304830317
 20
-933.8509491200521
 10
1140.565956740138
 20
-909.0501018652058
 10
1139.808014457016
 20
-906.1415948210079
 10
1140.22338464631
 20
-904.7195922739584
 10
1142.742332995655
 20
-902.9678181674526
 10
1150.735661511295
 20
-897.4090864856835
 10
1155.314802064386
 20
-889.3893033407148
 10
1155.785274248818
 20
-879.816194851519
 10
1156.709254769794
 20
-861.0154324989771
 10
1156.816346687261
 20
-842.1551111083099
 10
1155.795159656584
 20
-823.3634717846617
 10
1154.863002316841
 20
-806.2090652616153
 10
1143.001306270718
 20
-795.6885653104346
 10
1126.029586661833
 20
-795.6798999585753
 10
1117.865826393772
 20
-795.6757198416581
 10
1109.6890076241
 20
-795.9548418092663
 10
1101.543492645684
 20
-795.5693556987762
 10
1097.083221069934
 20
-795.3583055621402
 10
1096.024994270654
 20
-796.6688179835164
 10
1096.037259498808
 20
-801.0869879828233
 10
1096.197561759316
 20
-858.7350414173061
 10
1096.115854592652
 20
-916.3837355996375
 10
1096.195059896854
 20
-974.032155175747
 10
1096.201589147662
 20
-978.7872364962523
 10
1094.050109474669
 20
-984.9389650560834
 10
1097.160351658928
 20
-987.9304642025845
 10
1100.009606873944
 20
-990.6709122396123
 10
1106.100116436639
 20
-988.2233775048435
 10
1110.690362818208
 20
-988.8095702509809
 10
1115.325276597829
 20
-989.4013771687487
 10
1116.047948722375
 20
-987.5092182597791
 10
1116.023845413314
 20
-983.31567614914
 10
1115.845297863165
 20
-952.1608681086973
 10
1115.927005029826
 20
-921.004595501744
 10
1115.927005029826
 20
-889.8488110836297
 97
        0
 97
        0
 75
     2
 76
     1
 98
        0
  0
SPLINE
  5
A3
330
8D
100
AcDbEntity
  8
katman 1
370
     0
100
AcDbSpline
210
0.0
220
0.0
230
1.0
 70
    11
 71
     3
 72
    32
 73
    28
 74
     0
 42
0.0000000001
 43
0.0000000001
 12
1.0
 22
0.0
 32
0.0
 13
1.0
 23
0.0
 33
0.0
 40
0.0
 40
0.0
 40
0.0
 40
0.0
 40
1.0
 40
1.0
 40
1.0
 40
2.0
 40
2.0
 40
2.0
 40
3.0
 40
3.0
 40
3.0
 40
4.0
 40
4.0
 40
4.0
 40
5.0
 40
5.0
 40
5.0
 40
6.0
 40
6.0
 40
6.0
 40
7.0
 40
7.0
 40
7.0
 40
8.0
 40
8.0
 40
8.0
 40
9.0
 40
9.0
 40
9.0
 40
9.0
 10
797.3196414898493
 20
-1130.845793506545
 30
0.0
 10
797.3205873159013
 20
-1103.86792915628
 30
0.0
 10
797.244738168657
 20
-1076.8898207116
 30
0.0
 10
797.343958372534
 20
-1049.912322502962
 30
0.0
 10
797.4272825966391
 20
-1027.268110459583
 30
0.0
 10
811.054896902353
 20
-1008.21605290315
 30
0.0
 10
831.3811259009808
 20
-1002.987367387057
 30
0.0
 10
842.6258382562082
 20
-1000.094726480062
 30
0.0
 10
854.2580646979795
 20
-1000.112362301802
 30
0.0
 10
865.5079638412326
 20
-1002.945139052648
 30
0.0
 10
885.1702534620736
 20
-1007.896106144039
 30
0.0
 10
899.5803099966997
 20
-1026.545774051498
 30
0.0
 10
899.68044551611
 20
-1047.71785265662
 30
0.0
 10
899.9428054586488
 20
-1103.170856520515
 30
0.0
 10
900.1283704278922
 20
-1158.629291485224
 30
0.0
 10
899.6110340881214
 20
-1214.078755980052
 30
0.0
 10
899.3571865800477
 20
-1241.288815145959
 30
0.0
 10
876.9736028558309
 20
-1261.837598653321
 30
0.0
 10
852.1328545808092
 20
-1260.304685704843
 30
0.0
 10
846.493046387015
 20
-1259.956668087601
 30
0.0
 10
840.797312414099
 20
-1260.759555653807
 30
0.0
 10
835.184078881306
 20
-1259.735762638815
 30
0.0
 10
813.0226727476893
 20
-1255.69374213849
 30
0.0
 10
797.4295403749556
 20
-1236.027176883363
 30
0.0
 10
797.3411819154144
 20
-1211.779264510129
 30
0.0
 10
797.242846516554
 20
-1184.801766301491
 30
0.0
 10
797.3186651532806
 20
-1157.82365785681
 30
0.0
 10
797.3196414898493
 20
-1130.845793506545
 30
0.0
  0
SPLINE
  5
A4
330
8D
100
AcDbEntity
  8
katman 1
370
     0
100
AcDbSpline
210
0.0
220
0.0
230
1.0
 70
    11
 71
     3
 72
    38
 73
    34
 74
     0
 42
0.0000000001
 43
0.0000000001
 12
1.0
 22
0.0
 32
0.0
 13
1.0
 23
0.0
 33
0.0
 40
0.0
 40
0.0
 40
0.0
 40
0.0
 40
1.0
 40
1.0
 40
1.0
 40
2.0
 40
2.0
 40
2.0
 40
3.0
 40
3.0
 40
3.0
 40
4.0
 40
4.0
 40
4.0
 40
5.0
 40
5.0
 40
5.0
 40
6.0
 40
6.0
 40
6.0
 40
7.0
 40
7.0
 40
7.0
 40
8.0
 40
8.0
 40
8.0
 40
9.0
 40
9.0
 40
9.0
 40
10.0
 40
10.0
 40
10.0
 40
11.0
 40
11.0
 40
11.0
 40
11.0
 10
892.2429576137001
 20
-1131.062610373821
 30
0.0
 10
892.2429576137001
 20
-1104.742824575958
 30
0.0
 10
892.2438424187158
 20
-1078.422977754493
 30
0.0
 10
892.2419507666127
 20
-1052.103191956634
 30
0.0
 10
892.2417066824701
 20
-1048.270482420212
 30
0.0
 10
892.2320043378104
 20
-1044.433379184255
 30
0.0
 10
891.3616307966067
 20
-1040.671701123632
 30
0.0
 10
883.8674543521292
 20
-1008.282568632203
 30
0.0
 10
852.5191482466407
 20
-1002.540430506695
 30
0.0
 10
826.9679625647086
 20
-1012.938547618778
 30
0.0
 10
811.3693382987722
 20
-1019.286467067512
 30
0.0
 10
804.9218251673301
 20
-1033.568553543912
 30
0.0
 10
804.8805749472676
 20
-1050.232025167654
 30
0.0
 10
804.768387773328
 20
-1095.541807516038
 30
0.0
 10
804.8379517539051
 20
-1140.852139076858
 30
0.0
 10
804.8443894731608
 20
-1186.162226543263
 30
0.0
 10
804.8457319359431
 20
-1195.657011235908
 30
0.0
 10
804.6356365103911
 20
-1205.160278209598
 30
0.0
 10
804.959566677845
 20
-1214.644749913059
 30
0.0
 10
805.6228958452766
 20
-1234.066488466382
 30
0.0
 10
819.935715359682
 20
-1250.284060611044
 30
0.0
 10
838.3795979628057
 20
-1252.547670201442
 30
0.0
 10
845.155221202639
 20
-1253.379177838222
 30
0.0
 10
852.0216132329206
 20
-1253.216122766633
 30
0.0
 10
858.8264045277683
 20
-1252.553345396675
 30
0.0
 10
865.4587503760258
 20
-1251.907349517987
 30
0.0
 10
871.3842590584736
 20
-1249.293830578605
 30
0.0
 10
876.5469437749534
 20
-1245.133790426913
 30
0.0
 10
887.4056675695283
 20
-1236.383981899675
 30
0.0
 10
892.2700204429857
 20
-1224.833861179257
 30
0.0
 10
892.252537916288
 20
-1211.021534411353
 30
0.0
 10
892.2188237941218
 20
-1184.368559732175
 30
0.0
 10
892.2426830190398
 20
-1157.715585053
 30
0.0
 10
892.2429576137001
 20
-1131.062610373821
 30
0.0
  0
HATCH
  5
A5
330
8D
100
AcDbEntity
  8
katman 1
 62
     7
420
 16777215
100
AcDbHatch
 10
0.0
 20
0.0
 30
0.0
210
0.0
220
0.0
230
1.0
  2
SOLID
 70
     1
 71
     0
 91
        2
 92
        1
 93
        1
 72
     4
 94
        3
 73
     0
 74
     1
 95
       32
 96
       28
 40
0.0
 40
0.0
 40
0.0
 40
0.0
 40
1.0
 40
1.0
 40
1.0
 40
2.0
 40
2.0
 40
2.0
 40
3.0
 40
3.0
 40
3.0
 40
4.0
 40
4.0
 40
4.0
 40
5.0
 40
5.0
 40
5.0
 40
6.0
 40
6.0
 40
6.0
 40
7.0
 40
7.0
 40
7.0
 40
8.0
 40
8.0
 40
8.0
 40
9.0
 40
9.0
 40
9.0
 40
9.0
 10
797.3196414898493
 20
-1130.845793506545
 10
797.3205873159013
 20
-1103.86792915628
 10
797.244738168657
 20
-1076.8898207116
 10
797.343958372534
 20
-1049.912322502962
 10
797.4272825966391
 20
-1027.268110459583
 10
811.054896902353
 20
-1008.21605290315
 10
831.3811259009808
 20
-1002.987367387057
 10
842.6258382562082
 20
-1000.094726480062
 10
854.2580646979795
 20
-1000.112362301802
 10
865.5079638412326
 20
-1002.945139052648
 10
885.1702534620736
 20
-1007.896106144039
 10
899.5803099966997
 20
-1026.545774051498
 10
899.68044551611
 20
-1047.71785265662
 10
899.9428054586488
 20
-1103.170856520515
 10
900.1283704278922
 20
-1158.629291485224
 10
899.6110340881214
 20
-1214.078755980052
 10
899.3571865800477
 20
-1241.288815145959
 10
876.9736028558309
 20
-1261.837598653321
 10
852.1328545808092
 20
-1260.304685704843
 10
846.493046387015
 20
-1259.956668087601
 10
840.797312414099
 20
-1260.759555653807
 10
835.184078881306
 20
-1259.735762638815
 10
813.0226727476893
 20
-1255.69374213849
 10
797.4295403749556
 20
-1236.027176883363
 10
797.3411819154144
 20
-1211.779264510129
 10
797.242846516554
 20
-1184.801766301491
 10
797.3186651532806
 20
-1157.82365785681
 10
797.3196414898493
 20
-1130.845793506545
 97
        0
 97
        0
 92
        1
 93
        1
 72
     4
 94
        3
 73
     0
 74
     1
 95
       38
 96
       34
 40
0.0
 40
0.0
 40
0.0
 40
0.0
 40
1.0
 40
1.0
 40
1.0
 40
2.0
 40
2.0
 40
2.0
 40
3.0
 40
3.0
 40
3.0
 40
4.0
 40
4.0
 40
4.0
 40
5.0
 40
5.0
 40
5.0
 40
6.0
 40
6.0
 40
6.0
 40
7.0
 40
7.0
 40
7.0
 40
8.0
 40
8.0
 40
8.0
 40
9.0
 40
9.0
 40
9.0
 40
10.0
 40
10.0
 40
10.0
 40
11.0
 40
11.0
 40
11.0
 40
11.0
 10
892.2429576137001
 20
-1131.062610373821
 10
892.2429576137001
 20
-1104.742824575958
 10
892.2438424187158
 20
-1078.422977754493
 10
892.2419507666127
 20
-1052.103191956634
 10
892.2417066824701
 20
-1048.270482420212
 10
892.2320043378104
 20
-1044.433379184255
 10
891.3616307966067
 20
-1040.671701123632
 10
883.8674543521292
 20
-1008.282568632203
 10
852.5191482466407
 20
-1002.540430506695
 10
826.9679625647086
 20
-1012.938547618778
 10
811.3693382987722
 20
-1019.286467067512
 10
804.9218251673301
 20
-1033.568553543912
 10
804.8805749472676
 20
-1050.232025167654
 10
804.768387773328
 20
-1095.541807516038
 10
804.8379517539051
 20
-1140.852139076858
 10
804.8443894731608
 20
-1186.162226543263
 10
804.8457319359431
 20
-1195.657011235908
 10
804.6356365103911
 20
-1205.160278209598
 10
804.959566677845
 20
-1214.644749913059
 10
805.6228958452766
 20
-1234.066488466382
 10
819.935715359682
 20
-1250.284060611044
 10
838.3795979628057
 20
-1252.547670201442
 10
845.155221202639
 20
-1253.379177838222
 10
852.0216132329206
 20
-1253.216122766633
 10
858.8264045277683
 20
-1252.553345396675
 10
865.4587503760258
 20
-1251.907349517987
 10
871.3842590584736
 20
-1249.293830578605
 10
876.5469437749534
 20
-1245.133790426913
 10
887.4056675695283
 20
-1236.383981899675
 10
892.2700204429857
 20
-1224.833861179257
 10
892.252537916288
 20
-1211.021534411353
 10
892.2188237941218
 20
-1184.368559732175
 10
892.2426830190398
 20
-1157.715585053
 10
892.2429576137001
 20
-1131.062610373821
 97
        0
 97
        0
 75
     2
 76
     1
 98
        0
  0
SPLINE
  5
A6
330
8D
100
AcDbEntity
  8
katman 1
370
     0
100
AcDbSpline
210
0.0
220
0.0
230
1.0
 70
    11
 71
     3
 72
    80
 73
    76
 74
     0
 42
0.0000000001
 43
0.0000000001
 12
1.0
 22
0.0
 32
0.0
 13
1.0
 23
0.0
 33
0.0
 40
0.0
 40
0.0
 40
0.0
 40
0.0
 40
1.0
 40
1.0
 40
1.0
 40
2.0
 40
2.0
 40
2.0
 40
3.0
 40
3.0
 40
3.0
 40
4.0
 40
4.0
 40
4.0
 40
5.0
 40
5.0
 40
5.0
 40
6.0
 40
6.0
 40
6.0
 40
7.0
 40
7.0
 40
7.0
 40
8.0
 40
8.0
 40
8.0
 40
9.0
 40
9.0
 40
9.0
 40
10.0
 40
10.0
 40
10.0
 40
11.0
 40
11.0
 40
11.0
 40
12.0
 40
12.0
 40
12.0
 40
13.0
 40
13.0
 40
13.0
 40
14.0
 40
14.0
 40
14.0
 40
15.0
 40
15.0
 40
15.0
 40
16.0
 40
16.0
 40
16.0
 40
17.0
 40
17.0
 40
17.0
 40
18.0
 40
18.0
 40
18.0
 40
19.0
 40
19.0
 40
19.0
 40
20.0
 40
20.0
 40
20.0
 40
21.0
 40
21.0
 40
21.0
 40
22.0
 40
22.0
 40
22.0
 40
23.0
 40
23.0
 40
23.0
 40
24.0
 40
24.0
 40
24.0
 40
25.0
 40
25.0
 40
25.0
 40
25.0
 10
1009.493504535396
 20
-891.9284039942422
 30
0.0
 10
1009.492467177792
 20
-860.9445230703896
 30
0.0
 10
1009.484107295913
 20
-829.960642146536
 30
0.0
 10
1009.497653965816
 20
-798.9767612226815
 30
0.0
 10
1009.501681354166
 20
-789.7809921927583
 30
0.0
 10
1011.079868397748
 20
-788.2265684236481
 30
0.0
 10
1020.243824460234
 20
-788.2243410620786
 30
0.0
 10
1035.068824036905
 20
-788.220771181207
 30
0.0
 10
1049.893823613573
 20
-788.2073764999896
 30
0.0
 10
1064.718823190244
 20
-788.2304129107397
 30
0.0
 10
1071.898619259337
 20
-788.2415497185866
 30
0.0
 10
1073.973029364373
 20
-790.2531318218325
 30
0.0
 10
1074.032707937185
 20
-797.3812685676512
 30
0.0
 10
1074.098244529414
 20
-805.2099257828977
 30
0.0
 10
1074.125826037503
 20
-813.0408103597129
 30
0.0
 10
1074.011899764049
 20
-820.8684301736803
 30
0.0
 10
1073.922137820689
 20
-827.03413313897
 30
0.0
 10
1071.659477820842
 20
-829.1760921735231
 30
0.0
 10
1065.433989727411
 20
-829.2385193210666
 30
0.0
 10
1059.604528154989
 20
-829.297010446111
 30
0.0
 10
1053.771771446645
 20
-829.3472023609247
 30
0.0
 10
1047.944994799789
 20
-829.2081600777601
 30
0.0
 10
1045.390654249801
 20
-829.14722800853
 30
0.0
 10
1044.046055730472
 20
-829.5032092061783
 30
0.0
 10
1044.117694426262
 20
-832.6221561509656
 30
0.0
 10
1044.324372673822
 20
-841.6127333102986
 30
0.0
 10
1044.268111279001
 20
-850.6122199159081
 30
0.0
 10
1044.141065482894
 20
-859.605756720066
 30
0.0
 10
1044.104086735322
 20
-862.2232421937506
 30
0.0
 10
1044.959784717466
 20
-863.1400608298136
 30
0.0
 10
1047.581919638
 20
-863.0577399871581
 30
0.0
 10
1052.574111581031
 20
-862.9010313704512
 30
0.0
 10
1057.57612791079
 20
-862.9429240750342
 30
0.0
 10
1062.571614989742
 20
-863.0363512137337
 30
0.0
 10
1067.933533387437
 20
-863.1365824843488
 30
0.0
 10
1070.404824307981
 20
-865.271889945996
 30
0.0
 10
1070.528330884026
 20
-870.4894691660447
 30
0.0
 10
1070.733300542586
 20
-879.1466133496424
 30
0.0
 10
1070.729456217345
 20
-887.8155961125394
 30
0.0
 10
1070.526866379172
 20
-896.4728928551476
 30
0.0
 10
1070.40555656041
 20
-901.6598687374708
 30
0.0
 10
1067.881543465111
 20
-903.8845757799127
 30
0.0
 10
1062.572530305275
 20
-904.0009477939539
 30
0.0
 10
1057.577714457715
 20
-904.11039362887
 30
0.0
 10
1052.575148938635
 20
-904.1373660621202
 30
0.0
 10
1047.58289597457
 20
-903.9806269336104
 30
0.0
 10
1045.021782089632
 20
-903.9002283345008
 30
0.0
 10
1044.118487699725
 20
-904.693443659372
 30
0.0
 10
1044.137953410078
 20
-907.3505639642672
 30
0.0
 10
1044.246448811366
 20
-922.1754248921088
 30
0.0
 10
1044.245472474795
 20
-937.0018419218677
 30
0.0
 10
1044.139661999074
 20
-951.8267028497057
 30
0.0
 10
1044.120867520112
 20
-954.4605426494336
 30
0.0
 10
1044.972599134941
 20
-955.2996172131889
 30
0.0
 10
1047.567335610496
 20
-955.2350847512853
 30
0.0
 10
1053.560272537274
 20
-955.0859735733566
 30
0.0
 10
1059.559921777971
 20
-955.1419322188076
 30
0.0
 10
1065.555970777565
 20
-955.2044203899559
 30
0.0
 10
1071.53316427716
 20
-955.2667560020918
 30
0.0
 10
1073.89858370095
 20
-957.4020939755419
 30
0.0
 10
1073.997559820684
 20
-963.1901828753389
 30
0.0
 10
1074.139982917761
 20
-971.5167621926184
 30
0.0
 10
1074.135223276986
 20
-979.8489861933294
 30
0.0
 10
1074.004882344954
 20
-988.175840116829
 30
0.0
 10
1073.913961001919
 20
-993.9823581452283
 30
0.0
 10
1071.543598874247
 20
-996.1767059443619
 30
0.0
 10
1065.620347970118
 20
-996.191534680288
 30
0.0
 10
1049.796067914551
 20
-996.23132207051
 30
0.0
 10
1033.971482753808
 20
-996.2297964803938
 30
0.0
 10
1018.147141677204
 20
-996.1930602704042
 30
0.0
 10
1011.605076451109
 20
-996.1778653928477
 30
0.0
 10
1009.520414812094
 20
-993.9775372804606
 30
0.0
 10
1009.511627782966
 20
-986.8790274946941
 30
0.0
 10
1009.472452278114
 20
-955.2288603436127
 30
0.0
 10
1009.494602914037
 20
-923.5786016571246
 30
0.0
 10
1009.493504535396
 20
-891.9284039942422
 30
0.0
  0
SPLINE
  5
A7
330
8D
100
AcDbEntity
  8
katman 1
370
     0
100
AcDbSpline
210
0.0
220
0.0
230
1.0
 70
    11
 71
     3
 72
    80
 73
    76
 74
     0
 42
0.0000000001
 43
0.0000000001
 12
1.0
 22
0.0
 32
0.0
 13
1.0
 23
0.0
 33
0.0
 40
0.0
 40
0.0
 40
0.0
 40
0.0
 40
1.0
 40
1.0
 40
1.0
 40
2.0
 40
2.0
 40
2.0
 40
3.0
 40
3.0
 40
3.0
 40
4.0
 40
4.0
 40
4.0
 40
5.0
 40
5.0
 40
5.0
 40
6.0
 40
6.0
 40
6.0
 40
7.0
 40
7.0
 40
7.0
 40
8.0
 40
8.0
 40
8.0
 40
9.0
 40
9.0
 40
9.0
 40
10.0
 40
10.0
 40
10.0
 40
11.0
 40
11.0
 40
11.0
 40
12.0
 40
12.0
 40
12.0
 40
13.0
 40
13.0
 40
13.0
 40
14.0
 40
14.0
 40
14.0
 40
15.0
 40
15.0
 40
15.0
 40
16.0
 40
16.0
 40
16.0
 40
17.0
 40
17.0
 40
17.0
 40
18.0
 40
18.0
 40
18.0
 40
19.0
 40
19.0
 40
19.0
 40
20.0
 40
20.0
 40
20.0
 40
21.0
 40
21.0
 40
21.0
 40
22.0
 40
22.0
 40
22.0
 40
23.0
 40
23.0
 40
23.0
 40
24.0
 40
24.0
 40
24.0
 40
25.0
 40
25.0
 40
25.0
 40
25.0
 10
1016.976636172429
 20
-892.3051332174682
 30
0.0
 10
1016.976636172429
 20
-922.9652839187247
 30
0.0
 10
1017.02581912712
 20
-953.6256176907946
 30
0.0
 10
1016.906339939425
 20
-984.2853412268187
 30
0.0
 10
1016.893342458843
 20
-987.6306552330052
 30
0.0
 10
1017.56713673388
 20
-988.8903044799181
 30
0.0
 10
1021.22485964949
 20
-988.8323930791184
 30
0.0
 10
1035.051188957619
 20
-988.6134403856804
 30
0.0
 10
1048.883925474482
 20
-988.6644561191561
 30
0.0
 10
1062.712207455752
 20
-988.8078615900513
 30
0.0
 10
1065.689850929659
 20
-988.838678510393
 30
0.0
 10
1066.825635465182
 20
-988.1741924795051
 30
0.0
 10
1066.686446482989
 20
-984.9604453649144
 30
0.0
 10
1066.419906599513
 20
-978.806642002527
 30
0.0
 10
1066.400257826052
 20
-972.6231811682874
 30
0.0
 10
1066.692060418263
 20
-966.471696702879
 30
0.0
 10
1066.849250605956
 20
-963.1576878058722
 30
0.0
 10
1065.564513722547
 20
-962.6370649229129
 30
0.0
 10
1062.676632192
 20
-962.7080048633024
 30
0.0
 10
1055.349531342978
 20
-962.8879939851786
 30
0.0
 10
1048.011873854801
 20
-962.6431672833742
 30
0.0
 10
1040.685261174065
 20
-962.832706599379
 30
0.0
 10
1037.695352472001
 20
-962.9100845300554
 30
0.0
 10
1036.686491690518
 20
-962.133070972216
 30
0.0
 10
1036.710533978541
 20
-958.9600876255236
 30
0.0
 10
1036.859242242284
 20
-939.2987398885916
 30
0.0
 10
1036.841668184035
 20
-919.6353783727072
 30
0.0
 10
1036.723348396015
 20
-899.9736034705429
 30
0.0
 10
1036.706079442942
 20
-897.100337558023
 30
0.0
 10
1037.56366907719
 20
-896.2490277615389
 30
0.0
 10
1040.391444887679
 20
-896.3333013595411
 30
0.0
 10
1046.717556668806
 20
-896.5218948096726
 30
0.0
 10
1053.05642184637
 20
-896.2736507860091
 30
0.0
 10
1059.383326900959
 20
-896.4484223896898
 30
0.0
 10
1062.098274816632
 20
-896.523420399787
 30
0.0
 10
1063.182374535005
 20
-895.8741597582548
 30
0.0
 10
1063.0796761321
 20
-892.9200985931957
 30
0.0
 10
1062.859878361891
 20
-886.5957647676523
 30
0.0
 10
1062.863051455741
 20
-880.253367955137
 30
0.0
 10
1063.078943879675
 20
-873.9287290115708
 30
0.0
 10
1063.181337177401
 20
-870.9291747492553
 30
0.0
 10
1062.018825428288
 20
-870.321318623468
 30
0.0
 10
1059.312115352419
 20
-870.3943943900213
 30
0.0
 10
1052.984966213688
 20
-870.5652299712019
 30
0.0
 10
1046.645917973015
 20
-870.3129278778306
 30
0.0
 10
1040.320416402246
 20
-870.5111020338882
 30
0.0
 10
1037.482389057779
 20
-870.6000134258447
 30
0.0
 10
1036.693326046505
 20
-869.7197479289589
 30
0.0
 10
1036.722066954269
 20
-866.8943550342765
 30
0.0
 10
1036.86265942028
 20
-853.0653993341084
 30
0.0
 10
1036.858143863643
 20
-839.2335145009183
 30
0.0
 10
1036.725972300548
 20
-825.4044062417379
 30
0.0
 10
1036.698878960742
 20
-822.573551734441
 30
0.0
 10
1037.522296815056
 20
-821.6722941175603
 30
0.0
 10
1040.369477314864
 20
-821.7471090568451
 30
0.0
 10
1047.362854120216
 20
-821.9309121540109
 30
0.0
 10
1054.387961864079
 20
-821.4586504777271
 30
0.0
 10
1061.354306350662
 20
-821.9300273117442
 30
0.0
 10
1066.050851376236
 20
-822.2478382446925
 30
0.0
 10
1066.974526792033
 20
-820.5312137344572
 30
0.0
 10
1066.694013091404
 20
-816.3264737923682
 30
0.0
 10
1066.339908021848
 20
-811.0179083778066
 30
0.0
 10
1066.366269109225
 20
-805.6529266407579
 30
0.0
 10
1066.691816334122
 20
-800.3406692981152
 30
0.0
 10
1066.918570502392
 20
-796.6393740942794
 30
0.0
 10
1065.898664913464
 20
-795.4953340663515
 30
0.0
 10
1062.056963575535
 20
-795.5653586526723
 30
0.0
 10
1048.564907500393
 20
-795.811222755754
 30
0.0
 10
1035.063149080594
 20
-795.8050593716853
 30
0.0
 10
1021.570726879239
 20
-795.5683793211019
 30
0.0
 10
1017.76893329859
 20
-795.5017110330364
 30
0.0
 10
1016.870215486353
 20
-796.6064518595776
 30
0.0
 10
1016.889070986352
 20
-800.3251693025377
 30
0.0
 10
1017.044430542977
 20
-830.9845266969332
 30
0.0
 10
1016.976941277608
 20
-861.6449825162126
 30
0.0
 10
1016.976636172429
 20
-892.3051332174682
 30
0.0
  0
HATCH
  5
A8
330
8D
100
AcDbEntity
  8
katman 1
 62
     7
420
 16777215
100
AcDbHatch
 10
0.0
 20
0.0
 30
0.0
210
0.0
220
0.0
230
1.0
  2
SOLID
 70
     1
 71
     0
 91
        2
 92
        1
 93
        1
 72
     4
 94
        3
 73
     0
 74
     1
 95
       80
 96
       76
 40
0.0
 40
0.0
 40
0.0
 40
0.0
 40
1.0
 40
1.0
 40
1.0
 40
2.0
 40
2.0
 40
2.0
 40
3.0
 40
3.0
 40
3.0
 40
4.0
 40
4.0
 40
4.0
 40
5.0
 40
5.0
 40
5.0
 40
6.0
 40
6.0
 40
6.0
 40
7.0
 40
7.0
 40
7.0
 40
8.0
 40
8.0
 40
8.0
 40
9.0
 40
9.0
 40
9.0
 40
10.0
 40
10.0
 40
10.0
 40
11.0
 40
11.0
 40
11.0
 40
12.0
 40
12.0
 40
12.0
 40
13.0
 40
13.0
 40
13.0
 40
14.0
 40
14.0
 40
14.0
 40
15.0
 40
15.0
 40
15.0
 40
16.0
 40
16.0
 40
16.0
 40
17.0
 40
17.0
 40
17.0
 40
18.0
 40
18.0
 40
18.0
 40
19.0
 40
19.0
 40
19.0
 40
20.0
 40
20.0
 40
20.0
 40
21.0
 40
21.0
 40
21.0
 40
22.0
 40
22.0
 40
22.0
 40
23.0
 40
23.0
 40
23.0
 40
24.0
 40
24.0
 40
24.0
 40
25.0
 40
25.0
 40
25.0
 40
25.0
 10
1009.493504535396
 20
-891.9284039942422
 10
1009.492467177792
 20
-860.9445230703896
 10
1009.484107295913
 20
-829.960642146536
 10
1009.497653965816
 20
-798.9767612226815
 10
1009.501681354166
 20
-789.7809921927583
 10
1011.079868397748
 20
-788.2265684236481
 10
1020.243824460234
 20
-788.2243410620786
 10
1035.068824036905
 20
-788.220771181207
 10
1049.893823613573
 20
-788.2073764999896
 10
1064.718823190244
 20
-788.2304129107397
 10
1071.898619259337
 20
-788.2415497185866
 10
1073.973029364373
 20
-790.2531318218325
 10
1074.032707937185
 20
-797.3812685676512
 10
1074.098244529414
 20
-805.2099257828977
 10
1074.125826037503
 20
-813.0408103597129
 10
1074.011899764049
 20
-820.8684301736803
 10
1073.922137820689
 20
-827.03413313897
 10
1071.659477820842
 20
-829.1760921735231
 10
1065.433989727411
 20
-829.2385193210666
 10
1059.604528154989
 20
-829.297010446111
 10
1053.771771446645
 20
-829.3472023609247
 10
1047.944994799789
 20
-829.2081600777601
 10
1045.390654249801
 20
-829.14722800853
 10
1044.046055730472
 20
-829.5032092061783
 10
1044.117694426262
 20
-832.6221561509656
 10
1044.324372673822
 20
-841.6127333102986
 10
1044.268111279001
 20
-850.6122199159081
 10
1044.141065482894
 20
-859.605756720066
 10
1044.104086735322
 20
-862.2232421937506
 10
1044.959784717466
 20
-863.1400608298136
 10
1047.581919638
 20
-863.0577399871581
 10
1052.574111581031
 20
-862.9010313704512
 10
1057.57612791079
 20
-862.9429240750342
 10
1062.571614989742
 20
-863.0363512137337
 10
1067.933533387437
 20
-863.1365824843488
 10
1070.404824307981
 20
-865.271889945996
 10
1070.528330884026
 20
-870.4894691660447
 10
1070.733300542586
 20
-879.1466133496424
 10
1070.729456217345
 20
-887.8155961125394
 10
1070.526866379172
 20
-896.4728928551476
 10
1070.40555656041
 20
-901.6598687374708
 10
1067.881543465111
 20
-903.8845757799127
 10
1062.572530305275
 20
-904.0009477939539
 10
1057.577714457715
 20
-904.11039362887
 10
1052.575148938635
 20
-904.1373660621202
 10
1047.58289597457
 20
-903.9806269336104
 10
1045.021782089632
 20
-903.9002283345008
 10
1044.118487699725
 20
-904.693443659372
 10
1044.137953410078
 20
-907.3505639642672
 10
1044.246448811366
 20
-922.1754248921088
 10
1044.245472474795
 20
-937.0018419218677
 10
1044.139661999074
 20
-951.8267028497057
 10
1044.120867520112
 20
-954.4605426494336
 10
1044.972599134941
 20
-955.2996172131889
 10
1047.567335610496
 20
-955.2350847512853
 10
1053.560272537274
 20
-955.0859735733566
 10
1059.559921777971
 20
-955.1419322188076
 10
1065.555970777565
 20
-955.2044203899559
 10
1071.53316427716
 20
-955.2667560020918
 10
1073.89858370095
 20
-957.4020939755419
 10
1073.997559820684
 20
-963.1901828753389
 10
1074.139982917761
 20
-971.5167621926184
 10
1074.135223276986
 20
-979.8489861933294
 10
1074.004882344954
 20
-988.175840116829
 10
1073.913961001919
 20
-993.9823581452283
 10
1071.543598874247
 20
-996.1767059443619
 10
1065.620347970118
 20
-996.191534680288
 10
1049.796067914551
 20
-996.23132207051
 10
1033.971482753808
 20
-996.2297964803938
 10
1018.147141677204
 20
-996.1930602704042
 10
1011.605076451109
 20
-996.1778653928477
 10
1009.520414812094
 20
-993.9775372804606
 10
1009.511627782966
 20
-986.8790274946941
 10
1009.472452278114
 20
-955.2288603436127
 10
1009.494602914037
 20
-923.5786016571246
 10
1009.493504535396
 20
-891.9284039942422
 97
        0
 97
        0
 92
        1
 93
        1
 72
     4
 94
        3
 73
     0
 74
     1
 95
       80
 96
       76
 40
0.0
 40
0.0
 40
0.0
 40
0.0
 40
1.0
 40
1.0
 40
1.0
 40
2.0
 40
2.0
 40
2.0
 40
3.0
 40
3.0
 40
3.0
 40
4.0
 40
4.0
 40
4.0
 40
5.0
 40
5.0
 40
5.0
 40
6.0
 40
6.0
 40
6.0
 40
7.0
 40
7.0
 40
7.0
 40
8.0
 40
8.0
 40
8.0
 40
9.0
 40
9.0
 40
9.0
 40
10.0
 40
10.0
 40
10.0
 40
11.0
 40
11.0
 40
11.0
 40
12.0
 40
12.0
 40
12.0
 40
13.0
 40
13.0
 40
13.0
 40
14.0
 40
14.0
 40
14.0
 40
15.0
 40
15.0
 40
15.0
 40
16.0
 40
16.0
 40
16.0
 40
17.0
 40
17.0
 40
17.0
 40
18.0
 40
18.0
 40
18.0
 40
19.0
 40
19.0
 40
19.0
 40
20.0
 40
20.0
 40
20.0
 40
21.0
 40
21.0
 40
21.0
 40
22.0
 40
22.0
 40
22.0
 40
23.0
 40
23.0
 40
23.0
 40
24.0
 40
24.0
 40
24.0
 40
25.0
 40
25.0
 40
25.0
 40
25.0
 10
1016.976636172429
 20
-892.3051332174682
 10
1016.976636172429
 20
-922.9652839187247
 10
1017.02581912712
 20
-953.6256176907946
 10
1016.906339939425
 20
-984.2853412268187
 10
1016.893342458843
 20
-987.6306552330052
 10
1017.56713673388
 20
-988.8903044799181
 10
1021.22485964949
 20
-988.8323930791184
 10
1035.051188957619
 20
-988.6134403856804
 10
1048.883925474482
 20
-988.6644561191561
 10
1062.712207455752
 20
-988.8078615900513
 10
1065.689850929659
 20
-988.838678510393
 10
1066.825635465182
 20
-988.1741924795051
 10
1066.686446482989
 20
-984.9604453649144
 10
1066.419906599513
 20
-978.806642002527
 10
1066.400257826052
 20
-972.6231811682874
 10
1066.692060418263
 20
-966.471696702879
 10
1066.849250605956
 20
-963.1576878058722
 10
1065.564513722547
 20
-962.6370649229129
 10
1062.676632192
 20
-962.7080048633024
 10
1055.349531342978
 20
-962.8879939851786
 10
1048.011873854801
 20
-962.6431672833742
 10
1040.685261174065
 20
-962.832706599379
 10
1037.695352472001
 20
-962.9100845300554
 10
1036.686491690518
 20
-962.133070972216
 10
1036.710533978541
 20
-958.9600876255236
 10
1036.859242242284
 20
-939.2987398885916
 10
1036.841668184035
 20
-919.6353783727072
 10
1036.723348396015
 20
-899.9736034705429
 10
1036.706079442942
 20
-897.100337558023
 10
1037.56366907719
 20
-896.2490277615389
 10
1040.391444887679
 20
-896.3333013595411
 10
1046.717556668806
 20
-896.5218948096726
 10
1053.05642184637
 20
-896.2736507860091
 10
1059.383326900959
 20
-896.4484223896898
 10
1062.098274816632
 20
-896.523420399787
 10
1063.182374535005
 20
-895.8741597582548
 10
1063.0796761321
 20
-892.9200985931957
 10
1062.859878361891
 20
-886.5957647676523
 10
1062.863051455741
 20
-880.253367955137
 10
1063.078943879675
 20
-873.9287290115708
 10
1063.181337177401
 20
-870.9291747492553
 10
1062.018825428288
 20
-870.321318623468
 10
1059.312115352419
 20
-870.3943943900213
 10
1052.984966213688
 20
-870.5652299712019
 10
1046.645917973015
 20
-870.3129278778306
 10
1040.320416402246
 20
-870.5111020338882
 10
1037.482389057779
 20
-870.6000134258447
 10
1036.693326046505
 20
-869.7197479289589
 10
1036.722066954269
 20
-866.8943550342765
 10
1036.86265942028
 20
-853.0653993341084
 10
1036.858143863643
 20
-839.2335145009183
 10
1036.725972300548
 20
-825.4044062417379
 10
1036.698878960742
 20
-822.573551734441
 10
1037.522296815056
 20
-821.6722941175603
 10
1040.369477314864
 20
-821.7471090568451
 10
1047.362854120216
 20
-821.9309121540109
 10
1054.387961864079
 20
-821.4586504777271
 10
1061.354306350662
 20
-821.9300273117442
 10
1066.050851376236
 20
-822.2478382446925
 10
1066.974526792033
 20
-820.5312137344572
 10
1066.694013091404
 20
-816.3264737923682
 10
1066.339908021848
 20
-811.0179083778066
 10
1066.366269109225
 20
-805.6529266407579
 10
1066.691816334122
 20
-800.3406692981152
 10
1066.918570502392
 20
-796.6393740942794
 10
1065.898664913464
 20
-795.4953340663515
 10
1062.056963575535
 20
-795.5653586526723
 10
1048.564907500393
 20
-795.811222755754
 10
1035.063149080594
 20
-795.8050593716853
 10
1021.570726879239
 20
-795.5683793211019
 10
1017.76893329859
 20
-795.5017110330364
 10
1016.870215486353
 20
-796.6064518595776
 10
1016.889070986352
 20
-800.3251693025377
 10
1017.044430542977
 20
-830.9845266969332
 10
1016.976941277608
 20
-861.6449825162126
 10
1016.976636172429
 20
-892.3051332174682
 97
        0
 97
        0
 75
     2
 76
     1
 98
        0
  0
SPLINE
  5
A9
330
8D
100
AcDbEntity
  8
katman 1
370
     0
100
AcDbSpline
210
0.0
220
0.0
230
1.0
 70
    11
 71
     3
 72
    80
 73
    76
 74
     0
 42
0.0000000001
 43
0.0000000001
 12
1.0
 22
0.0
 32
0.0
 13
1.0
 23
0.0
 33
0.0
 40
0.0
 40
0.0
 40
0.0
 40
0.0
 40
1.0
 40
1.0
 40
1.0
 40
2.0
 40
2.0
 40
2.0
 40
3.0
 40
3.0
 40
3.0
 40
4.0
 40
4.0
 40
4.0
 40
5.0
 40
5.0
 40
5.0
 40
6.0
 40
6.0
 40
6.0
 40
7.0
 40
7.0
 40
7.0
 40
8.0
 40
8.0
 40
8.0
 40
9.0
 40
9.0
 40
9.0
 40
10.0
 40
10.0
 40
10.0
 40
11.0
 40
11.0
 40
11.0
 40
12.0
 40
12.0
 40
12.0
 40
13.0
 40
13.0
 40
13.0
 40
14.0
 40
14.0
 40
14.0
 40
15.0
 40
15.0
 40
15.0
 40
16.0
 40
16.0
 40
16.0
 40
17.0
 40
17.0
 40
17.0
 40
18.0
 40
18.0
 40
18.0
 40
19.0
 40
19.0
 40
19.0
 40
20.0
 40
20.0
 40
20.0
 40
21.0
 40
21.0
 40
21.0
 40
22.0
 40
22.0
 40
22.0
 40
23.0
 40
23.0
 40
23.0
 40
24.0
 40
24.0
 40
24.0
 40
25.0
 40
25.0
 40
25.0
 40
25.0
 10
757.1815603121395
 20
-892.0094433412005
 30
0.0
 10
757.1808890807479
 20
-860.8713252566276
 30
0.0
 10
757.1748479982234
 20
-829.7332376838567
 30
0.0
 10
757.1849164690966
 20
-798.5951195992839
 30
0.0
 10
757.1876319051808
 20
-790.1053021396001
 30
0.0
 10
759.0354709050562
 20
-788.231633382833
 30
0.0
 10
767.354438177148
 20
-788.2264158646358
 30
0.0
 10
782.5065715256396
 20
-788.2169266941155
 30
0.0
 10
797.6587658951667
 20
-788.2005723680722
 30
0.0
 10
812.8108077121051
 20
-788.2347455866693
 30
0.0
 10
819.5485979098703
 20
-788.2499709760259
 30
0.0
 10
821.7504199372297
 20
-790.4496278287625
 30
0.0
 10
821.8051558061579
 20
-797.2407312061723
 30
0.0
 10
821.8682210464449
 20
-805.0663677529892
 30
0.0
 10
821.8914395504889
 20
-812.8938044961433
 30
0.0
 10
821.7954534614983
 20
-820.7188002951116
 30
0.0
 10
821.7200009509852
 20
-826.8689727530209
 30
0.0
 10
819.3871362496866
 20
-829.1678234750943
 30
0.0
 10
813.315512697508
 20
-829.2357122352532
 30
0.0
 10
807.3219960708893
 20
-829.3027466649464
 30
0.0
 10
801.3241469507448
 20
-829.3621531440604
 30
0.0
 10
795.3342915862622
 20
-829.2006236625866
 30
0.0
 10
792.7418433995435
 20
-829.1306906116733
 30
0.0
 10
791.875863372904
 20
-829.9082228701527
 30
0.0
 10
791.920012092156
 20
-832.570072504408
 30
0.0
 10
792.0690559715958
 20
-841.5593681680439
 30
0.0
 10
792.0940135751543
 20
-850.5550407983637
 30
0.0
 10
791.9105538316389
 20
-859.5430549663015
 30
0.0
 10
791.8483428858499
 20
-862.5920078365707
 30
0.0
 10
793.1081526762182
 20
-863.1443935057423
 30
0.0
 10
795.7499668807322
 20
-863.0575264045419
 30
0.0
 10
800.5734051498248
 20
-862.8989870796959
 30
0.0
 10
805.4071864844491
 20
-862.9445412005571
 30
0.0
 10
810.2342249946414
 20
-863.0343069229784
 30
0.0
 10
815.8482518008968
 20
-863.1387183105116
 30
0.0
 10
818.1379746300299
 20
-865.2765277399485
 30
0.0
 10
818.2387203597964
 20
-870.9241097900704
 30
0.0
 10
818.3901135491069
 20
-879.4132559901027
 30
0.0
 10
818.402927966582
 20
-887.9102132115286
 30
0.0
 10
818.2148001138439
 20
-896.3981084276666
 30
0.0
 10
818.0975176834309
 20
-901.689221091302
 30
0.0
 10
815.7087882240448
 20
-903.8736525546801
 30
0.0
 10
810.3810110957638
 20
-903.9976830311052
 30
0.0
 10
805.38848353704
 20
-904.1138719743349
 30
0.0
 10
800.38799273317
 20
-904.131080630842
 30
0.0
 10
795.3973263160315
 20
-903.9811151224467
 30
0.0
 10
792.8623599448429
 20
-903.9049576638599
 30
0.0
 10
791.9022854813156
 20
-904.6452350117097
 30
0.0
 10
791.9225139546152
 20
-907.3356742047354
 30
0.0
 10
792.0338773445756
 20
-922.1545853311245
 30
0.0
 10
792.0313144610809
 20
-936.9751746066386
 30
0.0
 10
791.9244361172368
 20
-951.7941467566334
 30
0.0
 10
791.9055806172382
 20
-954.4063536885178
 30
0.0
 10
792.6889076511661
 20
-955.3052313848157
 30
0.0
 10
795.3233077998548
 20
-955.2370069948329
 30
0.0
 10
801.3135292905508
 20
-955.081854480045
 30
0.0
 10
807.3110427950005
 20
-955.1397048572389
 30
0.0
 10
813.3046204426537
 20
-955.202833776234
 30
0.0
 10
819.2098396307665
 20
-955.2650473411622
 30
0.0
 10
821.6824425035775
 20
-957.4945447365671
 30
0.0
 10
821.7798015658682
 20
-963.1987566917915
 30
0.0
 10
821.921919557768
 20
-971.5220712462242
 30
0.0
 10
821.9162751119757
 20
-979.8511220194914
 30
0.0
 10
821.7827305755773
 20
-988.1746806683432
 30
0.0
 10
821.6908634064894
 20
-993.9011967510623
 30
0.0
 10
819.2249118265581
 20
-996.1745090945942
 30
0.0
 10
813.3588986538152
 20
-996.1900701137774
 30
0.0
 10
797.7073386394995
 20
-996.2315051413234
 30
0.0
 10
782.0555650515598
 20
-996.2200327036544
 30
0.0
 10
766.4039440162087
 20
-996.198674442031
 30
0.0
 10
759.3712696639332
 20
-996.1890937361013
 30
0.0
 10
757.2025820589015
 20
-994.0508266296301
 30
0.0
 10
757.1956256608437
 20
-986.9224152775887
 30
0.0
 10
757.1646879957971
 20
-955.2847884772627
 30
0.0
 10
757.1822315435302
 20
-923.6471006533311
 30
0.0
 10
757.1815603121395
 20
-892.0094433412005
 30
0.0
  0
SPLINE
  5
AA
330
8D
100
AcDbEntity
  8
katman 1
370
     0
100
AcDbSpline
210
0.0
220
0.0
230
1.0
 70
    11
 71
     3
 72
    80
 73
    76
 74
     0
 42
0.0000000001
 43
0.0000000001
 12
1.0
 22
0.0
 32
0.0
 13
1.0
 23
0.0
 33
0.0
 40
0.0
 40
0.0
 40
0.0
 40
0.0
 40
1.0
 40
1.0
 40
1.0
 40
2.0
 40
2.0
 40
2.0
 40
3.0
 40
3.0
 40
3.0
 40
4.0
 40
4.0
 40
4.0
 40
5.0
 40
5.0
 40
5.0
 40
6.0
 40
6.0
 40
6.0
 40
7.0
 40
7.0
 40
7.0
 40
8.0
 40
8.0
 40
8.0
 40
9.0
 40
9.0
 40
9.0
 40
10.0
 40
10.0
 40
10.0
 40
11.0
 40
11.0
 40
11.0
 40
12.0
 40
12.0
 40
12.0
 40
13.0
 40
13.0
 40
13.0
 40
14.0
 40
14.0
 40
14.0
 40
15.0
 40
15.0
 40
15.0
 40
16.0
 40
16.0
 40
16.0
 40
17.0
 40
17.0
 40
17.0
 40
18.0
 40
18.0
 40
18.0
 40
19.0
 40
19.0
 40
19.0
 40
20.0
 40
20.0
 40
20.0
 40
21.0
 40
21.0
 40
21.0
 40
22.0
 40
22.0
 40
22.0
 40
23.0
 40
23.0
 40
23.0
 40
24.0
 40
24.0
 40
24.0
 40
25.0
 40
25.0
 40
25.0
 40
25.0
 10
764.747833110172
 20
-892.166548611337
 30
0.0
 10
764.747833110172
 20
-922.8144030562607
 30
0.0
 10
764.7494196570979
 20
-953.4622880129818
 30
0.0
 10
764.744782058392
 20
-984.1101424579056
 30
0.0
 10
764.7444159321785
 20
-986.5811712804634
 30
0.0
 10
764.1165704969462
 20
-988.9285662800239
 30
0.0
 10
768.3031627280552
 20
-988.8486863815551
 30
0.0
 10
782.4554053872935
 20
-988.5784738602224
 30
0.0
 10
796.6166791597998
 20
-988.6701923379906
 30
0.0
 10
810.7727661442814
 20
-988.8045663154035
 30
0.0
 10
813.7425073940803
 20
-988.8327592207452
 30
0.0
 10
814.4153558430644
 20
-987.7234721356572
 30
0.0
 10
814.3426187686355
 20
-985.0077386585062
 30
0.0
 10
814.1776483989061
 20
-978.8492975021682
 30
0.0
 10
814.0998160680047
 20
-972.6751732794392
 30
0.0
 10
814.3669051408024
 20
-966.5238718848441
 30
0.0
 10
814.5085349644178
 20
-963.2617940753798
 30
0.0
 10
813.2433248123989
 20
-962.6493306674447
 30
0.0
 10
810.3412864015918
 20
-962.7145649008007
 30
0.0
 10
802.8500084563047
 20
-962.8831120968089
 30
0.0
 10
795.3510418605329
 20
-962.6893011284801
 30
0.0
 10
787.8580248157314
 20
-962.8142469589757
 30
0.0
 10
785.2966058256134
 20
-962.8569634822188
 30
0.0
 10
784.3907180416936
 20
-962.0913613384464
 30
0.0
 10
784.4040816484885
 20
-959.4137676141972
 30
0.0
 10
784.5031492997769
 20
-939.5930872455565
 30
0.0
 10
784.5127296023647
 20
-919.7713694756412
 30
0.0
 10
784.3969726978421
 20
-899.9509026896185
 30
0.0
 10
784.379856297358
 20
-897.0253395479258
 30
0.0
 10
785.3622644599127
 20
-896.2589746090953
 30
0.0
 10
788.1402776158739
 20
-896.3367491932031
 30
0.0
 10
794.4645282554147
 20
-896.5137176466515
 30
0.0
 10
800.7993355341132
 20
-896.29430727618
 30
0.0
 10
807.125172720579
 20
-896.440428297482
 30
0.0
 10
809.7210075747726
 20
-896.5003534772359
 30
0.0
 10
811.0523035083397
 20
-896.1157216972088
 30
0.0
 10
810.9290715269572
 20
-892.9952796741081
 30
0.0
 10
810.6794344703394
 20
-886.6757056897268
 30
0.0
 10
810.7112569404017
 20
-880.3346513965134
 30
0.0
 10
810.9186369298704
 20
-874.0119957200977
 30
0.0
 10
811.0145619978248
 20
-871.087531003288
 30
0.0
 10
809.9846489590591
 20
-870.3200981513755
 30
0.0
 10
807.2079477553634
 20
-870.3937841539746
 30
0.0
 10
800.7167740729537
 20
-870.566023278062
 30
0.0
 10
794.2147996672438
 20
-870.3317536598606
 30
0.0
 10
787.7237175163873
 20
-870.5056404212737
 30
0.0
 10
785.0769300974725
 20
-870.5765193380594
 30
0.0
 10
784.3795511921799
 20
-869.7194733227379
 30
0.0
 10
784.4022510174209
 20
-867.1258785902683
 30
0.0
 10
784.5232252204869
 20
-853.3020793846918
 30
0.0
 10
784.5485184397412
 20
-839.4756256523142
 30
0.0
 10
784.3892230263218
 20
-825.6526197535986
 30
0.0
 10
784.3534646994631
 20
-822.550759418109
 30
0.0
 10
785.2731737479444
 20
-821.6508443205312
 30
0.0
 10
788.3395112970902
 20
-821.7388708702192
 30
0.0
 10
795.6620050579231
 20
-821.9489751409837
 30
0.0
 10
802.9976183414083
 20
-821.6848649801159
 30
0.0
 10
810.3216681386484
 20
-821.866166109492
 30
0.0
 10
813.2884498682215
 20
-821.9396080176721
 30
0.0
 10
814.482448471701
 20
-821.1943572460459
 30
0.0
 10
814.3591249587644
 20
-817.9948286313347
 30
0.0
 10
814.1219056828904
 20
-811.8410862925539
 30
0.0
 10
814.1269399183266
 20
-805.6655585269182
 30
0.0
 10
814.3585452589259
 20
-799.511389022904
 30
0.0
 10
814.4772311731576
 20
-796.3578111824854
 30
0.0
 10
813.3691806983134
 20
-795.5692336515667
 30
0.0
 10
810.3580671863801
 20
-795.6007828551647
 30
0.0
 10
796.8683909316278
 20
-795.7419914762941
 30
0.0
 10
783.3727041048687
 20
-795.8376764883642
 30
0.0
 10
769.8874518751973
 20
-795.5553507815121
 30
0.0
 10
765.7436964110757
 20
-795.4686057275212
 30
0.0
 10
764.625180828627
 20
-796.5450316015113
 30
0.0
 10
764.6501994532209
 20
-800.7232567873862
 30
0.0
 10
764.8327133706844
 20
-831.2034488785685
 30
0.0
 10
764.7484433205282
 20
-861.6852580952727
 30
0.0
 10
764.747833110172
 20
-892.166548611337
 30
0.0
  0
HATCH
  5
AB
330
8D
100
AcDbEntity
  8
katman 1
 62
     7
420
 16777215
100
AcDbHatch
 10
0.0
 20
0.0
 30
0.0
210
0.0
220
0.0
230
1.0
  2
SOLID
 70
     1
 71
     0
 91
        2
 92
        1
 93
        1
 72
     4
 94
        3
 73
     0
 74
     1
 95
       80
 96
       76
 40
0.0
 40
0.0
 40
0.0
 40
0.0
 40
1.0
 40
1.0
 40
1.0
 40
2.0
 40
2.0
 40
2.0
 40
3.0
 40
3.0
 40
3.0
 40
4.0
 40
4.0
 40
4.0
 40
5.0
 40
5.0
 40
5.0
 40
6.0
 40
6.0
 40
6.0
 40
7.0
 40
7.0
 40
7.0
 40
8.0
 40
8.0
 40
8.0
 40
9.0
 40
9.0
 40
9.0
 40
10.0
 40
10.0
 40
10.0
 40
11.0
 40
11.0
 40
11.0
 40
12.0
 40
12.0
 40
12.0
 40
13.0
 40
13.0
 40
13.0
 40
14.0
 40
14.0
 40
14.0
 40
15.0
 40
15.0
 40
15.0
 40
16.0
 40
16.0
 40
16.0
 40
17.0
 40
17.0
 40
17.0
 40
18.0
 40
18.0
 40
18.0
 40
19.0
 40
19.0
 40
19.0
 40
20.0
 40
20.0
 40
20.0
 40
21.0
 40
21.0
 40
21.0
 40
22.0
 40
22.0
 40
22.0
 40
23.0
 40
23.0
 40
23.0
 40
24.0
 40
24.0
 40
24.0
 40
25.0
 40
25.0
 40
25.0
 40
25.0
 10
757.1815603121395
 20
-892.0094433412005
 10
757.1808890807479
 20
-860.8713252566276
 10
757.1748479982234
 20
-829.7332376838567
 10
757.1849164690966
 20
-798.5951195992839
 10
757.1876319051808
 20
-790.1053021396001
 10
759.0354709050562
 20
-788.231633382833
 10
767.354438177148
 20
-788.2264158646358
 10
782.5065715256396
 20
-788.2169266941155
 10
797.6587658951667
 20
-788.2005723680722
 10
812.8108077121051
 20
-788.2347455866693
 10
819.5485979098703
 20
-788.2499709760259
 10
821.7504199372297
 20
-790.4496278287625
 10
821.8051558061579
 20
-797.2407312061723
 10
821.8682210464449
 20
-805.0663677529892
 10
821.8914395504889
 20
-812.8938044961433
 10
821.7954534614983
 20
-820.7188002951116
 10
821.7200009509852
 20
-826.8689727530209
 10
819.3871362496866
 20
-829.1678234750943
 10
813.315512697508
 20
-829.2357122352532
 10
807.3219960708893
 20
-829.3027466649464
 10
801.3241469507448
 20
-829.3621531440604
 10
795.3342915862622
 20
-829.2006236625866
 10
792.7418433995435
 20
-829.1306906116733
 10
791.875863372904
 20
-829.9082228701527
 10
791.920012092156
 20
-832.570072504408
 10
792.0690559715958
 20
-841.5593681680439
 10
792.0940135751543
 20
-850.5550407983637
 10
791.9105538316389
 20
-859.5430549663015
 10
791.8483428858499
 20
-862.5920078365707
 10
793.1081526762182
 20
-863.1443935057423
 10
795.7499668807322
 20
-863.0575264045419
 10
800.5734051498248
 20
-862.8989870796959
 10
805.4071864844491
 20
-862.9445412005571
 10
810.2342249946414
 20
-863.0343069229784
 10
815.8482518008968
 20
-863.1387183105116
 10
818.1379746300299
 20
-865.2765277399485
 10
818.2387203597964
 20
-870.9241097900704
 10
818.3901135491069
 20
-879.4132559901027
 10
818.402927966582
 20
-887.9102132115286
 10
818.2148001138439
 20
-896.3981084276666
 10
818.0975176834309
 20
-901.689221091302
 10
815.7087882240448
 20
-903.8736525546801
 10
810.3810110957638
 20
-903.9976830311052
 10
805.38848353704
 20
-904.1138719743349
 10
800.38799273317
 20
-904.131080630842
 10
795.3973263160315
 20
-903.9811151224467
 10
792.8623599448429
 20
-903.9049576638599
 10
791.9022854813156
 20
-904.6452350117097
 10
791.9225139546152
 20
-907.3356742047354
 10
792.0338773445756
 20
-922.1545853311245
 10
792.0313144610809
 20
-936.9751746066386
 10
791.9244361172368
 20
-951.7941467566334
 10
791.9055806172382
 20
-954.4063536885178
 10
792.6889076511661
 20
-955.3052313848157
 10
795.3233077998548
 20
-955.2370069948329
 10
801.3135292905508
 20
-955.081854480045
 10
807.3110427950005
 20
-955.1397048572389
 10
813.3046204426537
 20
-955.202833776234
 10
819.2098396307665
 20
-955.2650473411622
 10
821.6824425035775
 20
-957.4945447365671
 10
821.7798015658682
 20
-963.1987566917915
 10
821.921919557768
 20
-971.5220712462242
 10
821.9162751119757
 20
-979.8511220194914
 10
821.7827305755773
 20
-988.1746806683432
 10
821.6908634064894
 20
-993.9011967510623
 10
819.2249118265581
 20
-996.1745090945942
 10
813.3588986538152
 20
-996.1900701137774
 10
797.7073386394995
 20
-996.2315051413234
 10
782.0555650515598
 20
-996.2200327036544
 10
766.4039440162087
 20
-996.198674442031
 10
759.3712696639332
 20
-996.1890937361013
 10
757.2025820589015
 20
-994.0508266296301
 10
757.1956256608437
 20
-986.9224152775887
 10
757.1646879957971
 20
-955.2847884772627
 10
757.1822315435302
 20
-923.6471006533311
 10
757.1815603121395
 20
-892.0094433412005
 97
        0
 97
        0
 92
        1
 93
        1
 72
     4
 94
        3
 73
     0
 74
     1
 95
       80
 96
       76
 40
0.0
 40
0.0
 40
0.0
 40
0.0
 40
1.0
 40
1.0
 40
1.0
 40
2.0
 40
2.0
 40
2.0
 40
3.0
 40
3.0
 40
3.0
 40
4.0
 40
4.0
 40
4.0
 40
5.0
 40
5.0
 40
5.0
 40
6.0
 40
6.0
 40
6.0
 40
7.0
 40
7.0
 40
7.0
 40
8.0
 40
8.0
 40
8.0
 40
9.0
 40
9.0
 40
9.0
 40
10.0
 40
10.0
 40
10.0
 40
11.0
 40
11.0
 40
11.0
 40
12.0
 40
12.0
 40
12.0
 40
13.0
 40
13.0
 40
13.0
 40
14.0
 40
14.0
 40
14.0
 40
15.0
 40
15.0
 40
15.0
 40
16.0
 40
16.0
 40
16.0
 40
17.0
 40
17.0
 40
17.0
 40
18.0
 40
18.0
 40
18.0
 40
19.0
 40
19.0
 40
19.0
 40
20.0
 40
20.0
 40
20.0
 40
21.0
 40
21.0
 40
21.0
 40
22.0
 40
22.0
 40
22.0
 40
23.0
 40
23.0
 40
23.0
 40
24.0
 40
24.0
 40
24.0
 40
25.0
 40
25.0
 40
25.0
 40
25.0
 10
764.747833110172
 20
-892.166548611337
 10
764.747833110172
 20
-922.8144030562607
 10
764.7494196570979
 20
-953.4622880129818
 10
764.744782058392
 20
-984.1101424579056
 10
764.7444159321785
 20
-986.5811712804634
 10
764.1165704969462
 20
-988.9285662800239
 10
768.3031627280552
 20
-988.8486863815551
 10
782.4554053872935
 20
-988.5784738602224
 10
796.6166791597998
 20
-988.6701923379906
 10
810.7727661442814
 20
-988.8045663154035
 10
813.7425073940803
 20
-988.8327592207452
 10
814.4153558430644
 20
-987.7234721356572
 10
814.3426187686355
 20
-985.0077386585062
 10
814.1776483989061
 20
-978.8492975021682
 10
814.0998160680047
 20
-972.6751732794392
 10
814.3669051408024
 20
-966.5238718848441
 10
814.5085349644178
 20
-963.2617940753798
 10
813.2433248123989
 20
-962.6493306674447
 10
810.3412864015918
 20
-962.7145649008007
 10
802.8500084563047
 20
-962.8831120968089
 10
795.3510418605329
 20
-962.6893011284801
 10
787.8580248157314
 20
-962.8142469589757
 10
785.2966058256134
 20
-962.8569634822188
 10
784.3907180416936
 20
-962.0913613384464
 10
784.4040816484885
 20
-959.4137676141972
 10
784.5031492997769
 20
-939.5930872455565
 10
784.5127296023647
 20
-919.7713694756412
 10
784.3969726978421
 20
-899.9509026896185
 10
784.379856297358
 20
-897.0253395479258
 10
785.3622644599127
 20
-896.2589746090953
 10
788.1402776158739
 20
-896.3367491932031
 10
794.4645282554147
 20
-896.5137176466515
 10
800.7993355341132
 20
-896.29430727618
 10
807.125172720579
 20
-896.440428297482
 10
809.7210075747726
 20
-896.5003534772359
 10
811.0523035083397
 20
-896.1157216972088
 10
810.9290715269572
 20
-892.9952796741081
 10
810.6794344703394
 20
-886.6757056897268
 10
810.7112569404017
 20
-880.3346513965134
 10
810.9186369298704
 20
-874.0119957200977
 10
811.0145619978248
 20
-871.087531003288
 10
809.9846489590591
 20
-870.3200981513755
 10
807.2079477553634
 20
-870.3937841539746
 10
800.7167740729537
 20
-870.566023278062
 10
794.2147996672438
 20
-870.3317536598606
 10
787.7237175163873
 20
-870.5056404212737
 10
785.0769300974725
 20
-870.5765193380594
 10
784.3795511921799
 20
-869.7194733227379
 10
784.4022510174209
 20
-867.1258785902683
 10
784.5232252204869
 20
-853.3020793846918
 10
784.5485184397412
 20
-839.4756256523142
 10
784.3892230263218
 20
-825.6526197535986
 10
784.3534646994631
 20
-822.550759418109
 10
785.2731737479444
 20
-821.6508443205312
 10
788.3395112970902
 20
-821.7388708702192
 10
795.6620050579231
 20
-821.9489751409837
 10
802.9976183414083
 20
-821.6848649801159
 10
810.3216681386484
 20
-821.866166109492
 10
813.2884498682215
 20
-821.9396080176721
 10
814.482448471701
 20
-821.1943572460459
 10
814.3591249587644
 20
-817.9948286313347
 10
814.1219056828904
 20
-811.8410862925539
 10
814.1269399183266
 20
-805.6655585269182
 10
814.3585452589259
 20
-799.511389022904
 10
814.4772311731576
 20
-796.3578111824854
 10
813.3691806983134
 20
-795.5692336515667
 10
810.3580671863801
 20
-795.6007828551647
 10
796.8683909316278
 20
-795.7419914762941
 10
783.3727041048687
 20
-795.8376764883642
 10
769.8874518751973
 20
-795.5553507815121
 10
765.7436964110757
 20
-795.4686057275212
 10
764.625180828627
 20
-796.5450316015113
 10
764.6501994532209
 20
-800.7232567873862
 10
764.8327133706844
 20
-831.2034488785685
 10
764.7484433205282
 20
-861.6852580952727
 10
764.747833110172
 20
-892.166548611337
 97
        0
 97
        0
 75
     2
 76
     1
 98
        0
  0
SPLINE
  5
AC
330
8D
100
AcDbEntity
  8
katman 1
370
     0
100
AcDbSpline
210
0.0
220
0.0
230
1.0
 70
    11
 71
     3
 72
    35
 73
    31
 74
     0
 42
0.0000000001
 43
0.0000000001
 12
1.0
 22
0.0
 32
0.0
 13
1.0
 23
0.0
 33
0.0
 40
0.0
 40
0.0
 40
0.0
 40
0.0
 40
1.0
 40
1.0
 40
1.0
 40
2.0
 40
2.0
 40
2.0
 40
3.0
 40
3.0
 40
3.0
 40
4.0
 40
4.0
 40
4.0
 40
5.0
 40
5.0
 40
5.0
 40
6.0
 40
6.0
 40
6.0
 40
7.0
 40
7.0
 40
7.0
 40
8.0
 40
8.0
 40
8.0
 40
9.0
 40
9.0
 40
9.0
 40
10.0
 40
10.0
 40
10.0
 40
10.0
 10
956.058604085928
 20
-1131.186244196815
 30
0.0
 10
956.0587871490352
 20
-1169.508030507426
 30
0.0
 10
956.0633027056692
 20
-1207.829877841643
 30
0.0
 10
956.0556750762198
 20
-1246.151664152254
 30
0.0
 10
956.0537224030804
 20
-1255.873517677752
 30
0.0
 10
954.0073819744166
 20
-1257.930196224825
 30
0.0
 10
944.3749674216688
 20
-1257.947160786913
 30
0.0
 10
936.8775873728218
 20
-1257.960341885515
 30
0.0
 10
929.380085281904
 20
-1257.962233617258
 30
0.0
 10
921.882705233058
 20
-1257.946916692494
 30
0.0
 10
912.3556129877461
 20
-1257.927450162613
 30
0.0
 10
910.2914849272065
 20
-1255.811639742649
 30
0.0
 10
910.2895322540671
 20
-1246.046032292626
 30
0.0
 10
910.2832165768832
 20
-1214.55553340308
 30
0.0
 10
910.2869998810902
 20
-1183.065034513529
 30
0.0
 10
910.2870609021256
 20
-1151.574535623982
 30
0.0
 10
910.2871524336788
 20
-1106.254867451647
 30
0.0
 10
910.2831555558478
 20
-1060.935199279316
 30
0.0
 10
910.2906916537431
 20
-1015.615531106985
 30
0.0
 10
910.2923392217044
 20
-1005.831799646385
 30
0.0
 10
912.1903680233563
 20
-1003.957398606362
 30
0.0
 10
921.9879360089408
 20
-1003.953981284503
 30
0.0
 10
929.8185824436869
 20
-1003.951235222292
 30
0.0
 10
937.649228878433
 20
-1003.940617115088
 30
0.0
 10
945.4798448026622
 20
-1003.956727346711
 30
0.0
 10
953.785692552101
 20
-1003.973752932405
 30
0.0
 10
956.0459117105247
 20
-1006.236813310359
 30
0.0
 10
956.0500611409452
 20
-1014.721413251846
 30
0.0
 10
956.0690386830147
 20
-1053.543043908037
 30
0.0
 10
956.0584210228217
 20
-1092.364613540623
 30
0.0
 10
956.058604085928
 20
-1131.186244196815
 30
0.0
  0
SPLINE
  5
AD
330
8D
100
AcDbEntity
  8
katman 1
370
     0
100
AcDbSpline
210
0.0
220
0.0
230
1.0
 70
    11
 71
     3
 72
    35
 73
    31
 74
     0
 42
0.0000000001
 43
0.0000000001
 12
1.0
 22
0.0
 32
0.0
 13
1.0
 23
0.0
 33
0.0
 40
0.0
 40
0.0
 40
0.0
 40
0.0
 40
1.0
 40
1.0
 40
1.0
 40
2.0
 40
2.0
 40
2.0
 40
3.0
 40
3.0
 40
3.0
 40
4.0
 40
4.0
 40
4.0
 40
5.0
 40
5.0
 40
5.0
 40
6.0
 40
6.0
 40
6.0
 40
7.0
 40
7.0
 40
7.0
 40
8.0
 40
8.0
 40
8.0
 40
9.0
 40
9.0
 40
9.0
 40
10.0
 40
10.0
 40
10.0
 40
10.0
 10
917.8332272689304
 20
-1131.025080856969
 30
0.0
 10
917.8332272689304
 20
-1169.338690004559
 30
0.0
 10
917.882989923457
 20
-1207.652482222962
 30
0.0
 10
917.7493843660232
 20
-1245.965603181714
 30
0.0
 10
917.737210669422
 20
-1249.45352935194
 30
0.0
 10
918.5630998756769
 20
-1250.503989682158
 30
0.0
 10
922.1077508123308
 20
-1250.352773189865
 30
0.0
 10
929.0911201678464
 20
-1250.054916975634
 30
0.0
 10
936.1164414853329
 20
-1249.941840236243
 30
0.0
 10
943.085257323859
 20
-1250.377731844164
 30
0.0
 10
947.7967830136704
 20
-1250.672414830955
 30
0.0
 10
948.7604272077806
 20
-1249.075121979586
 30
0.0
 10
948.7522503890104
 20
-1244.605203963547
 30
0.0
 10
948.613671617175
 20
-1168.811079918869
 30
0.0
 10
948.6530301851335
 20
-1093.016650756166
 30
0.0
 10
948.6528471220272
 20
-1017.222282617069
 30
0.0
 10
948.6528471220272
 20
-1016.389371437384
 30
0.0
 10
948.5752893857862
 20
-1015.548405141883
 30
0.0
 10
948.6634037611848
 20
-1014.725013644518
 30
0.0
 10
948.9397680313932
 20
-1012.142982885129
 30
0.0
 10
947.9052173939226
 20
-1011.226713461507
 30
0.0
 10
945.2539449288906
 20
-1011.282244941725
 30
0.0
 10
937.9279119479934
 20
-1011.435902378202
 30
0.0
 10
930.5846710350588
 20
-1011.5858983984
 30
0.0
 10
923.2718491083688
 20
-1011.239040229644
 30
0.0
 10
919.0405894792048
 20
-1011.038333593995
 30
0.0
 10
917.6790271119826
 20
-1011.96082742529
 30
0.0
 10
917.7062424938576
 20
-1016.584707995826
 30
0.0
 10
917.9308304153637
 20
-1054.730441207059
 30
0.0
 10
917.8332272689304
 20
-1092.878066150039
 30
0.0
 10
917.8332272689304
 20
-1131.025080856969
 30
0.0
  0
HATCH
  5
AE
330
8D
100
AcDbEntity
  8
katman 1
 62
     7
420
 16777215
100
AcDbHatch
 10
0.0
 20
0.0
 30
0.0
210
0.0
220
0.0
230
1.0
  2
SOLID
 70
     1
 71
     0
 91
        2
 92
        1
 93
        1
 72
     4
 94
        3
 73
     0
 74
     1
 95
       35
 96
       31
 40
0.0
 40
0.0
 40
0.0
 40
0.0
 40
1.0
 40
1.0
 40
1.0
 40
2.0
 40
2.0
 40
2.0
 40
3.0
 40
3.0
 40
3.0
 40
4.0
 40
4.0
 40
4.0
 40
5.0
 40
5.0
 40
5.0
 40
6.0
 40
6.0
 40
6.0
 40
7.0
 40
7.0
 40
7.0
 40
8.0
 40
8.0
 40
8.0
 40
9.0
 40
9.0
 40
9.0
 40
10.0
 40
10.0
 40
10.0
 40
10.0
 10
956.058604085928
 20
-1131.186244196815
 10
956.0587871490352
 20
-1169.508030507426
 10
956.0633027056692
 20
-1207.829877841643
 10
956.0556750762198
 20
-1246.151664152254
 10
956.0537224030804
 20
-1255.873517677752
 10
954.0073819744166
 20
-1257.930196224825
 10
944.3749674216688
 20
-1257.947160786913
 10
936.8775873728218
 20
-1257.960341885515
 10
929.380085281904
 20
-1257.962233617258
 10
921.882705233058
 20
-1257.946916692494
 10
912.3556129877461
 20
-1257.927450162613
 10
910.2914849272065
 20
-1255.811639742649
 10
910.2895322540671
 20
-1246.046032292626
 10
910.2832165768832
 20
-1214.55553340308
 10
910.2869998810902
 20
-1183.065034513529
 10
910.2870609021256
 20
-1151.574535623982
 10
910.2871524336788
 20
-1106.254867451647
 10
910.2831555558478
 20
-1060.935199279316
 10
910.2906916537431
 20
-1015.615531106985
 10
910.2923392217044
 20
-1005.831799646385
 10
912.1903680233563
 20
-1003.957398606362
 10
921.9879360089408
 20
-1003.953981284503
 10
929.8185824436869
 20
-1003.951235222292
 10
937.649228878433
 20
-1003.940617115088
 10
945.4798448026622
 20
-1003.956727346711
 10
953.785692552101
 20
-1003.973752932405
 10
956.0459117105247
 20
-1006.236813310359
 10
956.0500611409452
 20
-1014.721413251846
 10
956.0690386830147
 20
-1053.543043908037
 10
956.0584210228217
 20
-1092.364613540623
 10
956.058604085928
 20
-1131.186244196815
 97
        0
 97
        0
 92
        1
 93
        1
 72
     4
 94
        3
 73
     0
 74
     1
 95
       35
 96
       31
 40
0.0
 40
0.0
 40
0.0
 40
0.0
 40
1.0
 40
1.0
 40
1.0
 40
2.0
 40
2.0
 40
2.0
 40
3.0
 40
3.0
 40
3.0
 40
4.0
 40
4.0
 40
4.0
 40
5.0
 40
5.0
 40
5.0
 40
6.0
 40
6.0
 40
6.0
 40
7.0
 40
7.0
 40
7.0
 40
8.0
 40
8.0
 40
8.0
 40
9.0
 40
9.0
 40
9.0
 40
10.0
 40
10.0
 40
10.0
 40
10.0
 10
917.8332272689304
 20
-1131.025080856969
 10
917.8332272689304
 20
-1169.338690004559
 10
917.882989923457
 20
-1207.652482222962
 10
917.7493843660232
 20
-1245.965603181714
 10
917.737210669422
 20
-1249.45352935194
 10
918.5630998756769
 20
-1250.503989682158
 10
922.1077508123308
 20
-1250.352773189865
 10
929.0911201678464
 20
-1250.054916975634
 10
936.1164414853329
 20
-1249.941840236243
 10
943.085257323859
 20
-1250.377731844164
 10
947.7967830136704
 20
-1250.672414830955
 10
948.7604272077806
 20
-1249.075121979586
 10
948.7522503890104
 20
-1244.605203963547
 10
948.613671617175
 20
-1168.811079918869
 10
948.6530301851335
 20
-1093.016650756166
 10
948.6528471220272
 20
-1017.222282617069
 10
948.6528471220272
 20
-1016.389371437384
 10
948.5752893857862
 20
-1015.548405141883
 10
948.6634037611848
 20
-1014.725013644518
 10
948.9397680313932
 20
-1012.142982885129
 10
947.9052173939226
 20
-1011.226713461507
 10
945.2539449288906
 20
-1011.282244941725
 10
937.9279119479934
 20
-1011.435902378202
 10
930.5846710350588
 20
-1011.5858983984
 10
923.2718491083688
 20
-1011.239040229644
 10
919.0405894792048
 20
-1011.038333593995
 10
917.6790271119826
 20
-1011.96082742529
 10
917.7062424938576
 20
-1016.584707995826
 10
917.9308304153637
 20
-1054.730441207059
 10
917.8332272689304
 20
-1092.878066150039
 10
917.8332272689304
 20
-1131.025080856969
 97
        0
 97
        0
 75
     2
 76
     1
 98
        0
  0
SPLINE
  5
AF
330
8D
100
AcDbEntity
  8
katman 1
370
     0
100
AcDbSpline
210
0.0
220
0.0
230
1.0
 70
    11
 71
     3
 72
    53
 73
    49
 74
     0
 42
0.0000000001
 43
0.0000000001
 12
1.0
 22
0.0
 32
0.0
 13
1.0
 23
0.0
 33
0.0
 40
0.0
 40
0.0
 40
0.0
 40
0.0
 40
1.0
 40
1.0
 40
1.0
 40
2.0
 40
2.0
 40
2.0
 40
3.0
 40
3.0
 40
3.0
 40
4.0
 40
4.0
 40
4.0
 40
5.0
 40
5.0
 40
5.0
 40
6.0
 40
6.0
 40
6.0
 40
7.0
 40
7.0
 40
7.0
 40
8.0
 40
8.0
 40
8.0
 40
9.0
 40
9.0
 40
9.0
 40
10.0
 40
10.0
 40
10.0
 40
11.0
 40
11.0
 40
11.0
 40
12.0
 40
12.0
 40
12.0
 40
13.0
 40
13.0
 40
13.0
 40
14.0
 40
14.0
 40
14.0
 40
15.0
 40
15.0
 40
15.0
 40
16.0
 40
16.0
 40
16.0
 40
16.0
 10
1189.999829927739
 20
-909.9097413837217
 30
0.0
 10
1189.999646864631
 20
-884.7618223775034
 30
0.0
 10
1189.916231108975
 20
-859.6133236470405
 30
0.0
 10
1190.087273071746
 20
-834.4665946011119
 30
0.0
 10
1190.113695180156
 20
-830.580245316215
 30
0.0
 10
1189.569814689905
 20
-829.0354022530328
 30
0.0
 10
1185.104234284056
 20
-829.1251069518494
 30
0.0
 10
1170.503914160447
 20
-829.4183253721285
 30
0.0
 10
1170.483228029381
 20
-829.1929652002054
 30
0.0
 10
1170.486950312552
 20
-814.3800038752688
 30
0.0
 10
1170.488536859477
 20
-808.218023349862
 30
0.0
 10
1170.377722658835
 20
-802.0525034553866
 30
0.0
 10
1170.551205463031
 20
-795.8951607239323
 30
0.0
 10
1170.701439252665
 20
-790.5624909855387
 30
0.0
 10
1173.002786589081
 20
-788.2802386839257
 30
0.0
 10
1178.30813848678
 20
-788.259490658349
 30
0.0
 10
1197.792460257311
 20
-788.183394223367
 30
0.0
 10
1217.277514280267
 20
-788.1822042630774
 30
0.0
 10
1236.761836050795
 20
-788.2566225489318
 30
0.0
 10
1241.986945286688
 20
-788.2765467558456
 30
0.0
 10
1244.437977223417
 20
-790.6322714774406
 30
0.0
 10
1244.553856170009
 20
-795.9152985134624
 30
0.0
 10
1244.740153391682
 20
-804.4048108551224
 30
0.0
 10
1244.73533272987
 20
-812.9039344145131
 30
0.0
 10
1244.563680556741
 20
-821.393995968614
 30
0.0
 10
1244.452195124708
 20
-826.9042443965009
 30
0.0
 10
1241.985114655621
 20
-829.0776610992434
 30
0.0
 10
1236.418836809717
 20
-829.2482830978079
 30
0.0
 10
1236.08608910262
 20
-829.2584740397824
 30
0.0
 10
1235.752792206204
 20
-829.2482830978079
 30
0.0
 10
1235.419739393928
 20
-829.2515478606565
 30
0.0
 10
1224.80329962118
 20
-829.3560202717945
 30
0.0
 10
1224.803360642218
 20
-829.3561118072012
 30
0.0
 10
1224.803360642218
 20
-839.7842525327651
 30
0.0
 10
1224.80317757911
 20
-888.2481314222041
 30
0.0
 10
1224.805740462605
 20
-936.7120408234468
 30
0.0
 10
1224.800492653543
 20
-985.1759197128877
 30
0.0
 10
1224.799455295939
 20
-994.6404366976303
 30
0.0
 10
1223.23310633326
 20
-996.2019697166788
 30
0.0
 10
1213.83373111545
 20
-996.2053870385416
 30
0.0
 10
1208.837633826144
 20
-996.2072177466789
 30
0.0
 10
1203.84135347373
 20
-996.2388889974854
 30
0.0
 10
1198.8455612896
 20
-996.1981252295873
 30
0.0
 10
1192.579189102322
 20
-996.1469874489039
 30
0.0
 10
1190.019966869484
 20
-993.4873956880174
 30
0.0
 10
1190.012217197964
 20
-986.8523601794686
 30
0.0
 10
1189.982194848453
 20
-961.204840922087
 30
0.0
 10
1190.000074011881
 20
-935.5572911529043
 30
0.0
 10
1189.999829927739
 20
-909.9097413837217
 30
0.0
  0
SPLINE
  5
B0
330
8D
100
AcDbEntity
  8
katman 1
370
     0
100
AcDbSpline
210
0.0
220
0.0
230
1.0
 70
    11
 71
     3
 72
    56
 73
    52
 74
     0
 42
0.0000000001
 43
0.0000000001
 12
1.0
 22
0.0
 32
0.0
 13
1.0
 23
0.0
 33
0.0
 40
0.0
 40
0.0
 40
0.0
 40
0.0
 40
1.0
 40
1.0
 40
1.0
 40
2.0
 40
2.0
 40
2.0
 40
3.0
 40
3.0
 40
3.0
 40
4.0
 40
4.0
 40
4.0
 40
5.0
 40
5.0
 40
5.0
 40
6.0
 40
6.0
 40
6.0
 40
7.0
 40
7.0
 40
7.0
 40
8.0
 40
8.0
 40
8.0
 40
9.0
 40
9.0
 40
9.0
 40
10.0
 40
10.0
 40
10.0
 40
11.0
 40
11.0
 40
11.0
 40
12.0
 40
12.0
 40
12.0
 40
13.0
 40
13.0
 40
13.0
 40
14.0
 40
14.0
 40
14.0
 40
15.0
 40
15.0
 40
15.0
 40
16.0
 40
16.0
 40
16.0
 40
17.0
 40
17.0
 40
17.0
 40
17.0
 10
1217.194220566678
 20
-905.7576037888311
 30
0.0
 10
1217.194220566678
 20
-879.4521280262561
 30
0.0
 10
1217.2919762657
 20
-853.1459199804267
 30
0.0
 10
1217.094573215552
 20
-826.8419392961669
 30
0.0
 10
1217.062964319117
 20
-822.6321038830902
 30
0.0
 10
1218.277282927447
 20
-821.3280294520027
 30
0.0
 10
1222.370573995133
 20
-821.7000903694725
 30
0.0
 10
1226.168218145362
 20
-822.0452703891006
 30
0.0
 10
1230.025601889436
 20
-821.6722636057584
 30
0.0
 10
1233.849851211187
 20
-821.8077054962496
 30
0.0
 10
1236.127400343717
 20
-821.8883481897774
 30
0.0
 10
1237.141814039442
 20
-821.2896456046856
 30
0.0
 10
1237.086406939121
 20
-818.7711404177217
 30
0.0
 10
1236.94020053784
 20
-812.1147771593496
 30
0.0
 10
1236.953747207739
 20
-805.451396186445
 30
0.0
 10
1237.082745676988
 20
-798.7942701330157
 30
0.0
 10
1237.129060643005
 20
-796.4033347915447
 30
0.0
 10
1236.326267898719
 20
-795.6469777238744
 30
0.0
 10
1233.946081384318
 20
-795.6572907130576
 30
0.0
 10
1216.299225037612
 20
-795.73378380147
 30
0.0
 10
1198.651697459518
 20
-795.7303054560052
 30
0.0
 10
1181.004780091778
 20
-795.6575958310805
 30
0.0
 10
1178.560277405857
 20
-795.6475574481183
 30
0.0
 10
1177.864149431793
 20
-796.5817678115027
 30
0.0
 10
1177.903996168039
 20
-798.9052415580472
 30
0.0
 10
1178.018288567706
 20
-805.5629473357212
 30
0.0
 10
1178.003643519165
 20
-812.2245586240915
 30
0.0
 10
1177.914430765126
 20
-818.8829966850208
 30
0.0
 10
1177.885506794253
 20
-821.0423474468953
 30
0.0
 10
1178.695744104876
 20
-821.8512763499602
 30
0.0
 10
1180.825683352305
 20
-821.7993452624141
 30
0.0
 10
1184.652495557548
 20
-821.7060096591222
 30
0.0
 10
1188.526904170558
 20
-822.136348119021
 30
0.0
 10
1192.301238285188
 20
-821.6816917526749
 30
0.0
 10
1196.949820776783
 20
-821.1216781329231
 30
0.0
 10
1197.683476687736
 20
-822.9855526011461
 30
0.0
 10
1197.670601249229
 20
-827.2084470656155
 30
0.0
 10
1197.521160733057
 20
-876.1561516044176
 30
0.0
 10
1197.546423441792
 20
-925.104527402872
 30
0.0
 10
1197.620380936933
 20
-974.0525980832999
 30
0.0
 10
1197.627581419132
 20
-978.819945148337
 30
0.0
 10
1195.451876395007
 20
-985.3336047072689
 30
0.0
 10
1198.557969148842
 20
-987.8818894132955
 30
0.0
 10
1201.482341258677
 20
-990.2810324295888
 30
0.0
 10
1207.769521619095
 20
-988.3922298188727
 30
0.0
 10
1212.54472275955
 20
-988.7849167147097
 30
0.0
 10
1216.230271267392
 20
-989.0880209589404
 30
0.0
 10
1217.314309964728
 20
-987.992342137687
 30
0.0
 10
1217.28825398253
 20
-984.1739731483567
 30
0.0
 10
1217.109645411347
 20
-958.0361597395195
 30
0.0
 10
1217.194525671857
 20
-931.8966071579553
 30
0.0
 10
1217.194220566678
 20
-905.7576037888311
 30
0.0
  0
HATCH
  5
B1
330
8D
100
AcDbEntity
  8
katman 1
 62
     7
420
 16777215
100
AcDbHatch
 10
0.0
 20
0.0
 30
0.0
210
0.0
220
0.0
230
1.0
  2
SOLID
 70
     1
 71
     0
 91
        2
 92
        1
 93
        1
 72
     4
 94
        3
 73
     0
 74
     1
 95
       53
 96
       49
 40
0.0
 40
0.0
 40
0.0
 40
0.0
 40
1.0
 40
1.0
 40
1.0
 40
2.0
 40
2.0
 40
2.0
 40
3.0
 40
3.0
 40
3.0
 40
4.0
 40
4.0
 40
4.0
 40
5.0
 40
5.0
 40
5.0
 40
6.0
 40
6.0
 40
6.0
 40
7.0
 40
7.0
 40
7.0
 40
8.0
 40
8.0
 40
8.0
 40
9.0
 40
9.0
 40
9.0
 40
10.0
 40
10.0
 40
10.0
 40
11.0
 40
11.0
 40
11.0
 40
12.0
 40
12.0
 40
12.0
 40
13.0
 40
13.0
 40
13.0
 40
14.0
 40
14.0
 40
14.0
 40
15.0
 40
15.0
 40
15.0
 40
16.0
 40
16.0
 40
16.0
 40
16.0
 10
1189.999829927739
 20
-909.9097413837217
 10
1189.999646864631
 20
-884.7618223775034
 10
1189.916231108975
 20
-859.6133236470405
 10
1190.087273071746
 20
-834.4665946011119
 10
1190.113695180156
 20
-830.580245316215
 10
1189.569814689905
 20
-829.0354022530328
 10
1185.104234284056
 20
-829.1251069518494
 10
1170.503914160447
 20
-829.4183253721285
 10
1170.483228029381
 20
-829.1929652002054
 10
1170.486950312552
 20
-814.3800038752688
 10
1170.488536859477
 20
-808.218023349862
 10
1170.377722658835
 20
-802.0525034553866
 10
1170.551205463031
 20
-795.8951607239323
 10
1170.701439252665
 20
-790.5624909855387
 10
1173.002786589081
 20
-788.2802386839257
 10
1178.30813848678
 20
-788.259490658349
 10
1197.792460257311
 20
-788.183394223367
 10
1217.277514280267
 20
-788.1822042630774
 10
1236.761836050795
 20
-788.2566225489318
 10
1241.986945286688
 20
-788.2765467558456
 10
1244.437977223417
 20
-790.6322714774406
 10
1244.553856170009
 20
-795.9152985134624
 10
1244.740153391682
 20
-804.4048108551224
 10
1244.73533272987
 20
-812.9039344145131
 10
1244.563680556741
 20
-821.393995968614
 10
1244.452195124708
 20
-826.9042443965009
 10
1241.985114655621
 20
-829.0776610992434
 10
1236.418836809717
 20
-829.2482830978079
 10
1236.08608910262
 20
-829.2584740397824
 10
1235.752792206204
 20
-829.2482830978079
 10
1235.419739393928
 20
-829.2515478606565
 10
1224.80329962118
 20
-829.3560202717945
 10
1224.803360642218
 20
-829.3561118072012
 10
1224.803360642218
 20
-839.7842525327651
 10
1224.80317757911
 20
-888.2481314222041
 10
1224.805740462605
 20
-936.7120408234468
 10
1224.800492653543
 20
-985.1759197128877
 10
1224.799455295939
 20
-994.6404366976303
 10
1223.23310633326
 20
-996.2019697166788
 10
1213.83373111545
 20
-996.2053870385416
 10
1208.837633826144
 20
-996.2072177466789
 10
1203.84135347373
 20
-996.2388889974854
 10
1198.8455612896
 20
-996.1981252295873
 10
1192.579189102322
 20
-996.1469874489039
 10
1190.019966869484
 20
-993.4873956880174
 10
1190.012217197964
 20
-986.8523601794686
 10
1189.982194848453
 20
-961.204840922087
 10
1190.000074011881
 20
-935.5572911529043
 10
1189.999829927739
 20
-909.9097413837217
 97
        0
 97
        0
 92
        1
 93
        1
 72
     4
 94
        3
 73
     0
 74
     1
 95
       56
 96
       52
 40
0.0
 40
0.0
 40
0.0
 40
0.0
 40
1.0
 40
1.0
 40
1.0
 40
2.0
 40
2.0
 40
2.0
 40
3.0
 40
3.0
 40
3.0
 40
4.0
 40
4.0
 40
4.0
 40
5.0
 40
5.0
 40
5.0
 40
6.0
 40
6.0
 40
6.0
 40
7.0
 40
7.0
 40
7.0
 40
8.0
 40
8.0
 40
8.0
 40
9.0
 40
9.0
 40
9.0
 40
10.0
 40
10.0
 40
10.0
 40
11.0
 40
11.0
 40
11.0
 40
12.0
 40
12.0
 40
12.0
 40
13.0
 40
13.0
 40
13.0
 40
14.0
 40
14.0
 40
14.0
 40
15.0
 40
15.0
 40
15.0
 40
16.0
 40
16.0
 40
16.0
 40
17.0
 40
17.0
 40
17.0
 40
17.0
 10
1217.194220566678
 20
-905.7576037888311
 10
1217.194220566678
 20
-879.4521280262561
 10
1217.2919762657
 20
-853.1459199804267
 10
1217.094573215552
 20
-826.8419392961669
 10
1217.062964319117
 20
-822.6321038830902
 10
1218.277282927447
 20
-821.3280294520027
 10
1222.370573995133
 20
-821.7000903694725
 10
1226.168218145362
 20
-822.0452703891006
 10
1230.025601889436
 20
-821.6722636057584
 10
1233.849851211187
 20
-821.8077054962496
 10
1236.127400343717
 20
-821.8883481897774
 10
1237.141814039442
 20
-821.2896456046856
 10
1237.086406939121
 20
-818.7711404177217
 10
1236.94020053784
 20
-812.1147771593496
 10
1236.953747207739
 20
-805.451396186445
 10
1237.082745676988
 20
-798.7942701330157
 10
1237.129060643005
 20
-796.4033347915447
 10
1236.326267898719
 20
-795.6469777238744
 10
1233.946081384318
 20
-795.6572907130576
 10
1216.299225037612
 20
-795.73378380147
 10
1198.651697459518
 20
-795.7303054560052
 10
1181.004780091778
 20
-795.6575958310805
 10
1178.560277405857
 20
-795.6475574481183
 10
1177.864149431793
 20
-796.5817678115027
 10
1177.903996168039
 20
-798.9052415580472
 10
1178.018288567706
 20
-805.5629473357212
 10
1178.003643519165
 20
-812.2245586240915
 10
1177.914430765126
 20
-818.8829966850208
 10
1177.885506794253
 20
-821.0423474468953
 10
1178.695744104876
 20
-821.8512763499602
 10
1180.825683352305
 20
-821.7993452624141
 10
1184.652495557548
 20
-821.7060096591222
 10
1188.526904170558
 20
-822.136348119021
 10
1192.301238285188
 20
-821.6816917526749
 10
1196.949820776783
 20
-821.1216781329231
 10
1197.683476687736
 20
-822.9855526011461
 10
1197.670601249229
 20
-827.2084470656155
 10
1197.521160733057
 20
-876.1561516044176
 10
1197.546423441792
 20
-925.104527402872
 10
1197.620380936933
 20
-974.0525980832999
 10
1197.627581419132
 20
-978.819945148337
 10
1195.451876395007
 20
-985.3336047072689
 10
1198.557969148842
 20
-987.8818894132955
 10
1201.482341258677
 20
-990.2810324295888
 10
1207.769521619095
 20
-988.3922298188727
 10
1212.54472275955
 20
-988.7849167147097
 10
1216.230271267392
 20
-989.0880209589404
 10
1217.314309964728
 20
-987.992342137687
 10
1217.28825398253
 20
-984.1739731483567
 10
1217.109645411347
 20
-958.0361597395195
 10
1217.194525671857
 20
-931.8966071579553
 10
1217.194220566678
 20
-905.7576037888311
 97
        0
 97
        0
 75
     2
 76
     1
 98
        0
  0
SPLINE
  5
B2
330
8D
100
AcDbEntity
  8
katman 1
370
     0
100
AcDbSpline
210
0.0
220
0.0
230
1.0
 70
    11
 71
     3
 72
    50
 73
    46
 74
     0
 42
0.0000000001
 43
0.0000000001
 12
1.0
 22
0.0
 32
0.0
 13
1.0
 23
0.0
 33
0.0
 40
0.0
 40
0.0
 40
0.0
 40
0.0
 40
1.0
 40
1.0
 40
1.0
 40
2.0
 40
2.0
 40
2.0
 40
3.0
 40
3.0
 40
3.0
 40
4.0
 40
4.0
 40
4.0
 40
5.0
 40
5.0
 40
5.0
 40
6.0
 40
6.0
 40
6.0
 40
7.0
 40
7.0
 40
7.0
 40
8.0
 40
8.0
 40
8.0
 40
9.0
 40
9.0
 40
9.0
 40
10.0
 40
10.0
 40
10.0
 40
11.0
 40
11.0
 40
11.0
 40
12.0
 40
12.0
 40
12.0
 40
13.0
 40
13.0
 40
13.0
 40
14.0
 40
14.0
 40
14.0
 40
15.0
 40
15.0
 40
15.0
 40
15.0
 10
924.4733838097436
 20
-892.1211470494882
 30
0.0
 10
924.4736889149217
 20
-861.151454113713
 30
0.0
 10
924.4669766010065
 20
-830.181761177937
 30
0.0
 10
924.477655282235
 20
-799.212068242161
 30
0.0
 10
924.4809504181576
 20
-789.7203042179462
 30
0.0
 10
925.9982689787348
 20
-788.2261412584157
 30
0.0
 10
935.4835618146635
 20
-788.2238223614395
 30
0.0
 10
944.3078747930322
 20
-788.2216865352766
 30
0.0
 10
953.1322182819185
 20
-788.2231511017881
 30
0.0
 10
961.9565312602872
 20
-788.2234562198119
 30
0.0
 10
982.1327095323877
 20
-788.2241579912643
 30
0.0
 10
996.1283722142916
 20
-800.5200481839456
 30
0.0
 10
998.9510222577892
 20
-820.6300414621674
 30
0.0
 10
999.8825693871759
 20
-827.266907678857
 30
0.0
 10
999.6358003192317
 20
-833.9294953449016
 30
0.0
 10
999.5446959130886
 20
-840.5783221881011
 30
0.0
 10
999.3553476396401
 20
-854.387445216762
 30
0.0
 10
1000.547027443766
 20
-868.2473398844804
 30
0.0
 10
998.8699863225202
 20
-881.9951341904816
 30
0.0
 10
997.5274014973684
 20
-893.0005887277102
 30
0.0
 10
992.4110927679403
 20
-902.2018193702488
 30
0.0
 10
983.3754639433073
 20
-908.9288174509884
 30
0.0
 10
977.9794347867137
 20
-912.9461233914362
 30
0.0
 10
971.844868036319
 20
-915.0332222054212
 30
0.0
 10
965.1282216273876
 20
-914.4257627330653
 30
0.0
 10
960.4518135435601
 20
-914.0028691529324
 30
0.0
 10
958.9480721634036
 20
-915.2387497058362
 30
0.0
 10
959.0203210695472
 20
-920.262975634595
 30
0.0
 10
959.3364710549622
 20
-942.2368738928408
 30
0.0
 10
959.1673207442946
 20
-964.2179119128295
 30
0.0
 10
959.1506009805416
 20
-986.1963564296229
 30
0.0
 10
959.1443158138754
 20
-994.4173343990797
 30
0.0
 10
957.3625015745138
 20
-996.192022869126
 30
0.0
 10
949.2526228808865
 20
-996.2041665664465
 30
0.0
 10
944.2577155017734
 20
-996.2116724698162
 30
0.0
 10
939.262838633179
 20
-996.2131980599324
 30
0.0
 10
934.2679312540668
 20
-996.2042275900521
 30
0.0
 10
926.4239822335603
 20
-996.1901921609851
 30
0.0
 10
924.4982193712303
 20
-994.3560667000229
 30
0.0
 10
924.4874491584478
 20
-986.5287520040793
 30
0.0
 10
924.4514467474473
 20
-960.3877043441998
 30
0.0
 10
924.4733532992259
 20
-934.2465651489101
 30
0.0
 10
924.4731092150832
 20
-908.1054869772297
 30
0.0
 10
924.4730481940478
 20
-902.777363497381
 30
0.0
 10
924.4730787045655
 20
-897.4492705293369
 30
0.0
 10
924.4733838097436
 20
-892.1211470494882
 30
0.0
  0
SPLINE
  5
B3
330
8D
100
AcDbEntity
  8
katman 1
370
     0
100
AcDbSpline
210
0.0
220
0.0
230
1.0
 70
    11
 71
     3
 72
    47
 73
    43
 74
     0
 42
0.0000000001
 43
0.0000000001
 12
1.0
 22
0.0
 32
0.0
 13
1.0
 23
0.0
 33
0.0
 40
0.0
 40
0.0
 40
0.0
 40
0.0
 40
1.0
 40
1.0
 40
1.0
 40
2.0
 40
2.0
 40
2.0
 40
3.0
 40
3.0
 40
3.0
 40
4.0
 40
4.0
 40
4.0
 40
5.0
 40
5.0
 40
5.0
 40
6.0
 40
6.0
 40
6.0
 40
7.0
 40
7.0
 40
7.0
 40
8.0
 40
8.0
 40
8.0
 40
9.0
 40
9.0
 40
9.0
 40
10.0
 40
10.0
 40
10.0
 40
11.0
 40
11.0
 40
11.0
 40
12.0
 40
12.0
 40
12.0
 40
13.0
 40
13.0
 40
13.0
 40
14.0
 40
14.0
 40
14.0
 40
14.0
 10
991.9695445543775
 20
-851.6564558384525
 30
0.0
 10
991.9600862938605
 20
-851.6564558384525
 30
0.0
 10
991.9506280333435
 20
-851.6564558384525
 30
0.0
 10
991.9411697728256
 20
-851.6564253266497
 30
0.0
 10
991.9411697728256
 20
-843.1602309002828
 30
0.0
 10
992.1559638181188
 20
-834.6574764364159
 30
0.0
 10
991.8976617744474
 20
-826.1690930314417
 30
0.0
 10
991.3124090220599
 20
-806.9353682040019
 30
0.0
 10
979.6466515212287
 20
-795.6602808696853
 30
0.0
 10
960.6421991746156
 20
-795.6610436647425
 30
0.0
 10
952.9791165036122
 20
-795.6613487827663
 30
0.0
 10
945.3041042201494
 20
-795.9181361110777
 30
0.0
 10
937.6575582497917
 20
-795.5627651494751
 30
0.0
 10
933.20534145074
 20
-795.3558341061525
 30
0.0
 10
931.8316053869166
 20
-796.4813534700725
 30
0.0
 10
931.8465250301197
 20
-801.2083944442484
 30
0.0
 10
932.0280931215311
 20
-858.6833239123762
 30
0.0
 10
931.9378124993691
 20
-916.1590466873649
 30
0.0
 10
932.0121056102053
 20
-973.634464344329
 30
0.0
 10
932.0184517979078
 20
-978.5417995584057
 30
0.0
 10
929.8004591961153
 20
-985.2771578729798
 30
0.0
 10
933.02499378004
 20
-987.8674268189961
 30
0.0
 10
936.106861182745
 20
-990.3430934355047
 30
0.0
 10
942.5761283133761
 20
-988.4198735117707
 30
0.0
 10
947.5262767628801
 20
-988.8115230063295
 30
0.0
 10
951.1703309665172
 20
-989.0997985146341
 30
0.0
 10
951.8688387609682
 20
-987.6793520695055
 30
0.0
 10
951.8471762933323
 20
-984.3093235034385
 30
0.0
 10
951.7024343969024
 20
-961.8198673214201
 30
0.0
 10
951.7719373564441
 20
-939.3290075964933
 30
0.0
 10
951.7718153143733
 20
-916.8386055485998
 30
0.0
 10
951.7717542933378
 20
-907.1323130422852
 30
0.0
 10
951.7853619842754
 20
-906.807881048232
 30
0.0
 10
961.6457511260041
 20
-907.2190275844723
 30
0.0
 10
972.0387928874379
 20
-907.6524477364064
 30
0.0
 10
980.2131708156894
 20
-904.1840796314673
 30
0.0
 10
985.9756312910285
 20
-895.4500762178313
 30
0.0
 10
989.9296113344508
 20
-889.4571921008728
 30
0.0
 10
991.9054724670032
 20
-882.8184036406365
 30
0.0
 10
991.9564860527598
 20
-875.6460552932585
 30
0.0
 10
992.0134186789701
 20
-867.6498882832839
 30
0.0
 10
991.9695445543775
 20
-859.6530195018568
 30
0.0
 10
991.9695445543775
 20
-851.6564558384525
 30
0.0
  0
HATCH
  5
B4
330
8D
100
AcDbEntity
  8
katman 1
 62
     7
420
 16777215
100
AcDbHatch
 10
0.0
 20
0.0
 30
0.0
210
0.0
220
0.0
230
1.0
  2
SOLID
 70
     1
 71
     0
 91
        2
 92
        1
 93
        1
 72
     4
 94
        3
 73
     0
 74
     1
 95
       50
 96
       46
 40
0.0
 40
0.0
 40
0.0
 40
0.0
 40
1.0
 40
1.0
 40
1.0
 40
2.0
 40
2.0
 40
2.0
 40
3.0
 40
3.0
 40
3.0
 40
4.0
 40
4.0
 40
4.0
 40
5.0
 40
5.0
 40
5.0
 40
6.0
 40
6.0
 40
6.0
 40
7.0
 40
7.0
 40
7.0
 40
8.0
 40
8.0
 40
8.0
 40
9.0
 40
9.0
 40
9.0
 40
10.0
 40
10.0
 40
10.0
 40
11.0
 40
11.0
 40
11.0
 40
12.0
 40
12.0
 40
12.0
 40
13.0
 40
13.0
 40
13.0
 40
14.0
 40
14.0
 40
14.0
 40
15.0
 40
15.0
 40
15.0
 40
15.0
 10
924.4733838097436
 20
-892.1211470494882
 10
924.4736889149217
 20
-861.151454113713
 10
924.4669766010065
 20
-830.181761177937
 10
924.477655282235
 20
-799.212068242161
 10
924.4809504181576
 20
-789.7203042179462
 10
925.9982689787348
 20
-788.2261412584157
 10
935.4835618146635
 20
-788.2238223614395
 10
944.3078747930322
 20
-788.2216865352766
 10
953.1322182819185
 20
-788.2231511017881
 10
961.9565312602872
 20
-788.2234562198119
 10
982.1327095323877
 20
-788.2241579912643
 10
996.1283722142916
 20
-800.5200481839456
 10
998.9510222577892
 20
-820.6300414621674
 10
999.8825693871759
 20
-827.266907678857
 10
999.6358003192317
 20
-833.9294953449016
 10
999.5446959130886
 20
-840.5783221881011
 10
999.3553476396401
 20
-854.387445216762
 10
1000.547027443766
 20
-868.2473398844804
 10
998.8699863225202
 20
-881.9951341904816
 10
997.5274014973684
 20
-893.0005887277102
 10
992.4110927679403
 20
-902.2018193702488
 10
983.3754639433073
 20
-908.9288174509884
 10
977.9794347867137
 20
-912.9461233914362
 10
971.844868036319
 20
-915.0332222054212
 10
965.1282216273876
 20
-914.4257627330653
 10
960.4518135435601
 20
-914.0028691529324
 10
958.9480721634036
 20
-915.2387497058362
 10
959.0203210695472
 20
-920.262975634595
 10
959.3364710549622
 20
-942.2368738928408
 10
959.1673207442946
 20
-964.2179119128295
 10
959.1506009805416
 20
-986.1963564296229
 10
959.1443158138754
 20
-994.4173343990797
 10
957.3625015745138
 20
-996.192022869126
 10
949.2526228808865
 20
-996.2041665664465
 10
944.2577155017734
 20
-996.2116724698162
 10
939.262838633179
 20
-996.2131980599324
 10
934.2679312540668
 20
-996.2042275900521
 10
926.4239822335603
 20
-996.1901921609851
 10
924.4982193712303
 20
-994.3560667000229
 10
924.4874491584478
 20
-986.5287520040793
 10
924.4514467474473
 20
-960.3877043441998
 10
924.4733532992259
 20
-934.2465651489101
 10
924.4731092150832
 20
-908.1054869772297
 10
924.4730481940478
 20
-902.777363497381
 10
924.4730787045655
 20
-897.4492705293369
 10
924.4733838097436
 20
-892.1211470494882
 97
        0
 97
        0
 92
        1
 93
        1
 72
     4
 94
        3
 73
     0
 74
     1
 95
       47
 96
       43
 40
0.0
 40
0.0
 40
0.0
 40
0.0
 40
1.0
 40
1.0
 40
1.0
 40
2.0
 40
2.0
 40
2.0
 40
3.0
 40
3.0
 40
3.0
 40
4.0
 40
4.0
 40
4.0
 40
5.0
 40
5.0
 40
5.0
 40
6.0
 40
6.0
 40
6.0
 40
7.0
 40
7.0
 40
7.0
 40
8.0
 40
8.0
 40
8.0
 40
9.0
 40
9.0
 40
9.0
 40
10.0
 40
10.0
 40
10.0
 40
11.0
 40
11.0
 40
11.0
 40
12.0
 40
12.0
 40
12.0
 40
13.0
 40
13.0
 40
13.0
 40
14.0
 40
14.0
 40
14.0
 40
14.0
 10
991.9695445543775
 20
-851.6564558384525
 10
991.9600862938605
 20
-851.6564558384525
 10
991.9506280333435
 20
-851.6564558384525
 10
991.9411697728256
 20
-851.6564253266497
 10
991.9411697728256
 20
-843.1602309002828
 10
992.1559638181188
 20
-834.6574764364159
 10
991.8976617744474
 20
-826.1690930314417
 10
991.3124090220599
 20
-806.9353682040019
 10
979.6466515212287
 20
-795.6602808696853
 10
960.6421991746156
 20
-795.6610436647425
 10
952.9791165036122
 20
-795.6613487827663
 10
945.3041042201494
 20
-795.9181361110777
 10
937.6575582497917
 20
-795.5627651494751
 10
933.20534145074
 20
-795.3558341061525
 10
931.8316053869166
 20
-796.4813534700725
 10
931.8465250301197
 20
-801.2083944442484
 10
932.0280931215311
 20
-858.6833239123762
 10
931.9378124993691
 20
-916.1590466873649
 10
932.0121056102053
 20
-973.634464344329
 10
932.0184517979078
 20
-978.5417995584057
 10
929.8004591961153
 20
-985.2771578729798
 10
933.02499378004
 20
-987.8674268189961
 10
936.106861182745
 20
-990.3430934355047
 10
942.5761283133761
 20
-988.4198735117707
 10
947.5262767628801
 20
-988.8115230063295
 10
951.1703309665172
 20
-989.0997985146341
 10
951.8688387609682
 20
-987.6793520695055
 10
951.8471762933323
 20
-984.3093235034385
 10
951.7024343969024
 20
-961.8198673214201
 10
951.7719373564441
 20
-939.3290075964933
 10
951.7718153143733
 20
-916.8386055485998
 10
951.7717542933378
 20
-907.1323130422852
 10
951.7853619842754
 20
-906.807881048232
 10
961.6457511260041
 20
-907.2190275844723
 10
972.0387928874379
 20
-907.6524477364064
 10
980.2131708156894
 20
-904.1840796314673
 10
985.9756312910285
 20
-895.4500762178313
 10
989.9296113344508
 20
-889.4571921008728
 10
991.9054724670032
 20
-882.8184036406365
 10
991.9564860527598
 20
-875.6460552932585
 10
992.0134186789701
 20
-867.6498882832839
 10
991.9695445543775
 20
-859.6530195018568
 10
991.9695445543775
 20
-851.6564558384525
 97
        0
 97
        0
 75
     2
 76
     1
 98
        0
  0
SPLINE
  5
B5
330
8D
100
AcDbEntity
  8
katman 1
370
     0
100
AcDbSpline
210
0.0
220
0.0
230
1.0
 70
    11
 71
     3
 72
    80
 73
    76
 74
     0
 42
0.0000000001
 43
0.0000000001
 12
1.0
 22
0.0
 32
0.0
 13
1.0
 23
0.0
 33
0.0
 40
0.0
 40
0.0
 40
0.0
 40
0.0
 40
1.0
 40
1.0
 40
1.0
 40
2.0
 40
2.0
 40
2.0
 40
3.0
 40
3.0
 40
3.0
 40
4.0
 40
4.0
 40
4.0
 40
5.0
 40
5.0
 40
5.0
 40
6.0
 40
6.0
 40
6.0
 40
7.0
 40
7.0
 40
7.0
 40
8.0
 40
8.0
 40
8.0
 40
9.0
 40
9.0
 40
9.0
 40
10.0
 40
10.0
 40
10.0
 40
11.0
 40
11.0
 40
11.0
 40
12.0
 40
12.0
 40
12.0
 40
13.0
 40
13.0
 40
13.0
 40
14.0
 40
14.0
 40
14.0
 40
15.0
 40
15.0
 40
15.0
 40
16.0
 40
16.0
 40
16.0
 40
17.0
 40
17.0
 40
17.0
 40
18.0
 40
18.0
 40
18.0
 40
19.0
 40
19.0
 40
19.0
 40
20.0
 40
20.0
 40
20.0
 40
21.0
 40
21.0
 40
21.0
 40
22.0
 40
22.0
 40
22.0
 40
23.0
 40
23.0
 40
23.0
 40
24.0
 40
24.0
 40
24.0
 40
25.0
 40
25.0
 40
25.0
 40
25.0
 10
1043.842123429517
 20
-1147.652060365141
 30
0.0
 10
1043.842123429517
 20
-1145.570606234585
 30
0.0
 10
1043.842123429517
 20
-1143.48915210403
 30
0.0
 10
1043.842123429517
 20
-1141.407697973475
 30
0.0
 10
1043.841635261233
 20
-1099.754450014927
 30
0.0
 10
1043.90204608647
 20
-1058.100896938358
 30
0.0
 10
1043.74595427742
 20
-1016.448259215857
 30
0.0
 10
1043.730393913342
 20
-1012.300057643464
 30
0.0
 10
1044.820900840452
 20
-1011.028447770044
 30
0.0
 10
1048.976067238233
 20
-1011.240809914179
 30
0.0
 10
1055.789126883403
 20
-1011.58907162584
 30
0.0
 10
1062.644169001062
 20
-1011.57088659166
 30
0.0
 10
1069.459547445585
 20
-1011.245935896968
 30
0.0
 10
1073.490352972822
 20
-1011.053772565967
 30
0.0
 10
1074.814814550402
 20
-1012.080738808399
 30
0.0
 10
1074.769109794743
 20
-1016.359591918321
 30
0.0
 10
1074.539609679872
 20
-1037.850213739646
 30
0.0
 10
1074.6636044242
 20
-1059.344680048063
 30
0.0
 10
1074.6636044242
 20
-1080.837742813575
 30
0.0
 10
1074.663543403163
 20
-1135.486821709987
 30
0.0
 10
1074.592881043944
 20
-1190.136144700817
 30
0.0
 10
1074.787965294741
 20
-1244.784552337576
 30
0.0
 10
1074.804990163673
 20
-1249.549275387613
 30
0.0
 10
1073.37764712008
 20
-1250.731851821871
 30
0.0
 10
1068.996092680245
 20
-1250.340019256499
 30
0.0
 10
1065.02929821935
 20
-1249.985289042743
 30
0.0
 10
1060.972924878199
 20
-1249.94403708601
 30
0.0
 10
1057.01571071989
 20
-1250.348440513939
 30
0.0
 10
1052.340828161952
 20
-1250.826133291033
 30
0.0
 10
1050.255007123258
 20
-1249.051505844593
 30
0.0
 10
1048.93493906024
 20
-1244.545766972631
 30
0.0
 10
1037.332033226074
 20
-1204.941935752206
 30
0.0
 10
1025.518360734961
 20
-1165.399799396069
 30
0.0
 10
1013.739104107925
 20
-1125.847716192377
 30
0.0
 10
1012.182762595083
 20
-1120.621776738491
 30
0.0
 10
1010.469658041802
 20
-1115.44245931855
 30
0.0
 10
1008.130355621248
 20
-1110.397210757998
 30
0.0
 10
1008.130355621248
 20
-1116.153689430594
 30
0.0
 10
1008.130416642281
 20
-1121.910229126792
 30
0.0
 10
1008.130355621248
 20
-1127.666707799388
 30
0.0
 10
1008.130294600211
 20
-1166.820795053642
 30
0.0
 10
1008.067076807336
 20
-1205.975065378709
 30
0.0
 10
1008.225243331599
 20
-1245.128542396913
 30
0.0
 10
1008.241535948102
 20
-1249.163789277125
 30
0.0
 10
1007.46046669249
 20
-1250.614808548176
 30
0.0
 10
1003.133098932263
 20
-1250.375901136023
 30
0.0
 10
995.8246705201373
 20
-1249.972291014958
 30
0.0
 10
988.4726120675587
 20
-1250.103064599694
 30
0.0
 10
981.1495996279236
 20
-1250.34032437452
 30
0.0
 10
978.0060399582326
 20
-1250.442233794263
 30
0.0
 10
977.2603629032674
 20
-1249.431499830665
 30
0.0
 10
977.2908734210641
 20
-1246.415408171491
 30
0.0
 10
977.4390324954884
 20
-1231.754914322741
 30
0.0
 10
977.3577524760758
 20
-1217.09216260062
 30
0.0
 10
977.3577524760758
 20
-1202.430204185359
 30
0.0
 10
977.3576304340049
 20
-1140.616771033776
 30
0.0
 10
977.4079117673346
 20
-1078.803154811379
 30
0.0
 10
977.2545048838501
 20
-1016.990087801427
 30
0.0
 10
977.2432159922655
 20
-1012.434370597268
 30
0.0
 10
978.3491002203455
 20
-1010.817977357652
 30
0.0
 10
983.0045780889632
 20
-1011.242762669528
 30
0.0
 10
987.6310709656736
 20
-1011.665046013615
 30
0.0
 10
992.3432983973944
 20
-1011.58272517096
 30
0.0
 10
996.9859008275007
 20
-1011.260154396849
 30
0.0
 10
1001.088833218811
 20
-1010.975052115984
 30
0.0
 10
1002.444415524544
 20
-1013.123815282455
 30
0.0
 10
1003.466578891788
 20
-1016.545958006882
 30
0.0
 10
1013.89720961115
 20
-1051.467570090736
 30
0.0
 10
1024.419921073222
 20
-1086.36178257611
 30
0.0
 10
1034.92939097057
 20
-1121.259839548573
 30
0.0
 10
1037.594850826379
 20
-1130.110825212301
 30
0.0
 10
1040.304367869885
 20
-1138.948568753822
 30
0.0
 10
1042.993625929572
 20
-1147.792414655803
 30
0.0
 10
1043.276458429555
 20
-1147.745670574652
 30
0.0
 10
1043.559290929534
 20
-1147.698865469894
 30
0.0
 10
1043.842123429517
 20
-1147.652060365141
 30
0.0
  0
HATCH
  5
B6
330
8D
100
AcDbEntity
  8
katman 1
 62
    40
420
 15977984
100
AcDbHatch
 10
0.0
 20
0.0
 30
0.0
210
0.0
220
0.0
230
1.0
  2
SOLID
 70
     1
 71
     0
 91
        1
 92
        1
 93
        1
 72
     4
 94
        3
 73
     0
 74
     1
 95
       80
 96
       76
 40
0.0
 40
0.0
 40
0.0
 40
0.0
 40
1.0
 40
1.0
 40
1.0
 40
2.0
 40
2.0
 40
2.0
 40
3.0
 40
3.0
 40
3.0
 40
4.0
 40
4.0
 40
4.0
 40
5.0
 40
5.0
 40
5.0
 40
6.0
 40
6.0
 40
6.0
 40
7.0
 40
7.0
 40
7.0
 40
8.0
 40
8.0
 40
8.0
 40
9.0
 40
9.0
 40
9.0
 40
10.0
 40
10.0
 40
10.0
 40
11.0
 40
11.0
 40
11.0
 40
12.0
 40
12.0
 40
12.0
 40
13.0
 40
13.0
 40
13.0
 40
14.0
 40
14.0
 40
14.0
 40
15.0
 40
15.0
 40
15.0
 40
16.0
 40
16.0
 40
16.0
 40
17.0
 40
17.0
 40
17.0
 40
18.0
 40
18.0
 40
18.0
 40
19.0
 40
19.0
 40
19.0
 40
20.0
 40
20.0
 40
20.0
 40
21.0
 40
21.0
 40
21.0
 40
22.0
 40
22.0
 40
22.0
 40
23.0
 40
23.0
 40
23.0
 40
24.0
 40
24.0
 40
24.0
 40
25.0
 40
25.0
 40
25.0
 40
25.0
 10
1043.842123429517
 20
-1147.652060365141
 10
1043.842123429517
 20
-1145.570606234585
 10
1043.842123429517
 20
-1143.48915210403
 10
1043.842123429517
 20
-1141.407697973475
 10
1043.841635261233
 20
-1099.754450014927
 10
1043.90204608647
 20
-1058.100896938358
 10
1043.74595427742
 20
-1016.448259215857
 10
1043.730393913342
 20
-1012.300057643464
 10
1044.820900840452
 20
-1011.028447770044
 10
1048.976067238233
 20
-1011.240809914179
 10
1055.789126883403
 20
-1011.58907162584
 10
1062.644169001062
 20
-1011.57088659166
 10
1069.459547445585
 20
-1011.245935896968
 10
1073.490352972822
 20
-1011.053772565967
 10
1074.814814550402
 20
-1012.080738808399
 10
1074.769109794743
 20
-1016.359591918321
 10
1074.539609679872
 20
-1037.850213739646
 10
1074.6636044242
 20
-1059.344680048063
 10
1074.6636044242
 20
-1080.837742813575
 10
1074.663543403163
 20
-1135.486821709987
 10
1074.592881043944
 20
-1190.136144700817
 10
1074.787965294741
 20
-1244.784552337576
 10
1074.804990163673
 20
-1249.549275387613
 10
1073.37764712008
 20
-1250.731851821871
 10
1068.996092680245
 20
-1250.340019256499
 10
1065.02929821935
 20
-1249.985289042743
 10
1060.972924878199
 20
-1249.94403708601
 10
1057.01571071989
 20
-1250.348440513939
 10
1052.340828161952
 20
-1250.826133291033
 10
1050.255007123258
 20
-1249.051505844593
 10
1048.93493906024
 20
-1244.545766972631
 10
1037.332033226074
 20
-1204.941935752206
 10
1025.518360734961
 20
-1165.399799396069
 10
1013.739104107925
 20
-1125.847716192377
 10
1012.182762595083
 20
-1120.621776738491
 10
1010.469658041802
 20
-1115.44245931855
 10
1008.130355621248
 20
-1110.397210757998
 10
1008.130355621248
 20
-1116.153689430594
 10
1008.130416642281
 20
-1121.910229126792
 10
1008.130355621248
 20
-1127.666707799388
 10
1008.130294600211
 20
-1166.820795053642
 10
1008.067076807336
 20
-1205.975065378709
 10
1008.225243331599
 20
-1245.128542396913
 10
1008.241535948102
 20
-1249.163789277125
 10
1007.46046669249
 20
-1250.614808548176
 10
1003.133098932263
 20
-1250.375901136023
 10
995.8246705201373
 20
-1249.972291014958
 10
988.4726120675587
 20
-1250.103064599694
 10
981.1495996279236
 20
-1250.34032437452
 10
978.0060399582326
 20
-1250.442233794263
 10
977.2603629032674
 20
-1249.431499830665
 10
977.2908734210641
 20
-1246.415408171491
 10
977.4390324954884
 20
-1231.754914322741
 10
977.3577524760758
 20
-1217.09216260062
 10
977.3577524760758
 20
-1202.430204185359
 10
977.3576304340049
 20
-1140.616771033776
 10
977.4079117673346
 20
-1078.803154811379
 10
977.2545048838501
 20
-1016.990087801427
 10
977.2432159922655
 20
-1012.434370597268
 10
978.3491002203455
 20
-1010.817977357652
 10
983.0045780889632
 20
-1011.242762669528
 10
987.6310709656736
 20
-1011.665046013615
 10
992.3432983973944
 20
-1011.58272517096
 10
996.9859008275007
 20
-1011.260154396849
 10
1001.088833218811
 20
-1010.975052115984
 10
1002.444415524544
 20
-1013.123815282455
 10
1003.466578891788
 20
-1016.545958006882
 10
1013.89720961115
 20
-1051.467570090736
 10
1024.419921073222
 20
-1086.36178257611
 10
1034.92939097057
 20
-1121.259839548573
 10
1037.594850826379
 20
-1130.110825212301
 10
1040.304367869885
 20
-1138.948568753822
 10
1042.993625929572
 20
-1147.792414655803
 10
1043.276458429555
 20
-1147.745670574652
 10
1043.559290929534
 20
-1147.698865469894
 10
1043.842123429517
 20
-1147.652060365141
 97
        0
 97
        0
 75
     2
 76
     1
 98
        0
  0
SPLINE
  5
B7
330
8D
100
AcDbEntity
  8
katman 1
370
     0
100
AcDbSpline
210
0.0
220
0.0
230
1.0
 70
    11
 71
     3
 72
   101
 73
    97
 74
     0
 42
0.0000000001
 43
0.0000000001
 12
1.0
 22
0.0
 32
0.0
 13
1.0
 23
0.0
 33
0.0
 40
0.0
 40
0.0
 40
0.0
 40
0.0
 40
1.0
 40
1.0
 40
1.0
 40
2.0
 40
2.0
 40
2.0
 40
3.0
 40
3.0
 40
3.0
 40
4.0
 40
4.0
 40
4.0
 40
5.0
 40
5.0
 40
5.0
 40
6.0
 40
6.0
 40
6.0
 40
7.0
 40
7.0
 40
7.0
 40
8.0
 40
8.0
 40
8.0
 40
9.0
 40
9.0
 40
9.0
 40
10.0
 40
10.0
 40
10.0
 40
11.0
 40
11.0
 40
11.0
 40
12.0
 40
12.0
 40
12.0
 40
13.0
 40
13.0
 40
13.0
 40
14.0
 40
14.0
 40
14.0
 40
15.0
 40
15.0
 40
15.0
 40
16.0
 40
16.0
 40
16.0
 40
17.0
 40
17.0
 40
17.0
 40
18.0
 40
18.0
 40
18.0
 40
19.0
 40
19.0
 40
19.0
 40
20.0
 40
20.0
 40
20.0
 40
21.0
 40
21.0
 40
21.0
 40
22.0
 40
22.0
 40
22.0
 40
23.0
 40
23.0
 40
23.0
 40
24.0
 40
24.0
 40
24.0
 40
25.0
 40
25.0
 40
25.0
 40
26.0
 40
26.0
 40
26.0
 40
27.0
 40
27.0
 40
27.0
 40
28.0
 40
28.0
 40
28.0
 40
29.0
 40
29.0
 40
29.0
 40
30.0
 40
30.0
 40
30.0
 40
31.0
 40
31.0
 40
31.0
 40
32.0
 40
32.0
 40
32.0
 40
32.0
 10
1256.950645677265
 20
-1186.371415459958
 30
0.0
 10
1256.94863198309
 20
-1179.03955141006
 30
0.0
 10
1256.978715353638
 20
-1171.707443265743
 30
0.0
 10
1256.940638227425
 20
-1164.375823310264
 30
0.0
 10
1256.896764102832
 20
-1155.912703677608
 30
0.0
 10
1253.971049530217
 20
-1149.104361131889
 30
0.0
 10
1246.979564376965
 20
-1143.672283941545
 30
0.0
 10
1234.880984670664
 20
-1134.272329930503
 30
0.0
 10
1223.375163304125
 20
-1124.113181254179
 30
0.0
 10
1211.401005489399
 20
-1114.547609180157
 30
0.0
 10
1203.963212481813
 20
-1108.606106938303
 30
0.0
 10
1200.150923283039
 20
-1101.297492881771
 30
0.0
 10
1200.271256765234
 20
-1091.716786953799
 30
0.0
 10
1200.449133083992
 20
-1077.555222096558
 30
0.0
 10
1200.088132637415
 20
-1063.384930863856
 30
0.0
 10
1200.388722258751
 20
-1049.227515611728
 30
0.0
 10
1200.798844638983
 20
-1029.912568366519
 30
0.0
 10
1212.389973413283
 20
-1014.10684452955
 30
0.0
 10
1229.403614473624
 20
-1010.104306301422
 30
0.0
 10
1239.021200914722
 20
-1007.8416730887
 30
0.0
 10
1249.029505046732
 20
-1007.867608120672
 30
0.0
 10
1258.653681759672
 20
-1010.085388983985
 30
0.0
 10
1274.821144119422
 20
-1013.810880047062
 30
0.0
 10
1286.808787583013
 20
-1029.232338245631
 30
0.0
 10
1287.654295052213
 20
-1046.657018313614
 30
0.0
 10
1287.936029173554
 20
-1052.463475318407
 30
0.0
 10
1289.434034576367
 20
-1059.246981257042
 30
0.0
 10
1287.047623916333
 20
-1063.863050806183
 30
0.0
 10
1284.529590882521
 20
-1068.733893904686
 30
0.0
 10
1276.733848480137
 20
-1067.880844935469
 30
0.0
 10
1271.34904719409
 20
-1069.828901466288
 30
0.0
 10
1267.75893558592
 20
-1071.127727867377
 30
0.0
 10
1263.972885432453
 20
-1071.874656788132
 30
0.0
 10
1260.3373741738
 20
-1073.061199756688
 30
0.0
 10
1257.638413769451
 20
-1073.942197536831
 30
0.0
 10
1256.839709434553
 20
-1073.158837524108
 30
0.0
 10
1256.910432814806
 20
-1070.37982256895
 30
0.0
 10
1257.067073813178
 20
-1064.218452279587
 30
0.0
 10
1257.038821073696
 20
-1058.048660732788
 30
0.0
 10
1256.932095282442
 20
-1051.885032570055
 30
0.0
 10
1256.790953627111
 20
-1043.725444346866
 30
0.0
 10
1252.16366747694
 20
-1039.171435803637
 30
0.0
 10
1244.186082388482
 20
-1039.14318187469
 30
0.0
 10
1236.153822452132
 20
-1039.114744874929
 30
0.0
 10
1231.303443395824
 20
-1043.598881390848
 30
0.0
 10
1231.169502222692
 20
-1051.657231453948
 30
0.0
 10
1230.99778902853
 20
-1061.985659609534
 30
0.0
 10
1231.034767776102
 20
-1072.320373196399
 30
0.0
 10
1231.162850929813
 20
-1082.650143871288
 30
0.0
 10
1231.256884345665
 20
-1090.236964541356
 30
0.0
 10
1234.238677249996
 20
-1096.315037610388
 30
0.0
 10
1240.428101911388
 20
-1101.108929943446
 30
0.0
 10
1252.543828528695
 20
-1110.492956793674
 30
0.0
 10
1264.117871413026
 20
-1120.58925115722
 30
0.0
 10
1276.401344857179
 20
-1129.739374530876
 30
0.0
 10
1284.285811845322
 20
-1135.612652382748
 30
0.0
 10
1287.610237864516
 20
-1143.228886430254
 30
0.0
 10
1287.698291218876
 20
-1152.463466472727
 30
0.0
 10
1287.89520610074
 20
-1173.124045223783
 30
0.0
 10
1288.096514497167
 20
-1193.795608223674
 30
0.0
 10
1287.641358592668
 20
-1214.448253906128
 30
0.0
 10
1287.154776854837
 20
-1236.522810600221
 30
0.0
 10
1269.895343063123
 20
-1252.870363022761
 30
0.0
 10
1247.925390428682
 20
-1252.905756713451
 30
0.0
 10
1245.425968810727
 20
-1252.909784271356
 30
0.0
 10
1242.926547192772
 20
-1252.908746870078
 30
0.0
 10
1240.427125574821
 20
-1252.905573642638
 30
0.0
 10
1218.764230791494
 20
-1252.878051996944
 30
0.0
 10
1202.156440638893
 20
-1237.909388944779
 30
0.0
 10
1200.688701669736
 20
-1216.166861683512
 30
0.0
 10
1199.871141834839
 20
-1204.054896635207
 30
0.0
 10
1200.41618172477
 20
-1191.852433581225
 30
0.0
 10
1200.28346097235
 20
-1179.691466578395
 30
0.0
 10
1200.255635380119
 20
-1177.138544078418
 30
0.0
 10
1201.244786367108
 20
-1175.79370587943
 30
0.0
 10
1203.796075865317
 20
-1175.112438357268
 30
0.0
 10
1211.675539128541
 20
-1173.008527540205
 30
0.0
 10
1219.535292597266
 20
-1170.811494702466
 30
0.0
 10
1227.325726169554
 20
-1168.401733578965
 30
0.0
 10
1230.729479535021
 20
-1167.348832304564
 30
0.0
 10
1231.211179590005
 20
-1168.573331955206
 30
0.0
 10
1231.180119882887
 20
-1171.623779903788
 30
0.0
 10
1231.049595887751
 20
-1184.453260495411
 30
0.0
 10
1231.088283224319
 20
-1197.285121007619
 30
0.0
 10
1231.146253208131
 20
-1210.115700024126
 30
0.0
 10
1231.171149790654
 20
-1215.622592153755
 30
0.0
 10
1233.590084662661
 20
-1219.800024032771
 30
0.0
 10
1238.786697074931
 20
-1221.922547049249
 30
0.0
 10
1243.770101988834
 20
-1223.957928358301
 30
0.0
 10
1250.363913053112
 20
-1222.537237818753
 30
0.0
 10
1253.662344111144
 20
-1219.011904178889
 30
0.0
 10
1256.072491954023
 20
-1216.435975779961
 30
0.0
 10
1256.990797518683
 20
-1213.351903825223
 30
0.0
 10
1256.968463819656
 20
-1209.866723717209
 30
0.0
 10
1256.918304528397
 20
-1202.035259416149
 30
0.0
 10
1256.952720392474
 20
-1194.203245902649
 30
0.0
 10
1256.950645677265
 20
-1186.371415459958
 30
0.0
  0
HATCH
  5
B8
330
8D
100
AcDbEntity
  8
katman 1
 62
    40
420
 15977984
100
AcDbHatch
 10
0.0
 20
0.0
 30
0.0
210
0.0
220
0.0
230
1.0
  2
SOLID
 70
     1
 71
     0
 91
        1
 92
        1
 93
        1
 72
     4
 94
        3
 73
     0
 74
     1
 95
      101
 96
       97
 40
0.0
 40
0.0
 40
0.0
 40
0.0
 40
1.0
 40
1.0
 40
1.0
 40
2.0
 40
2.0
 40
2.0
 40
3.0
 40
3.0
 40
3.0
 40
4.0
 40
4.0
 40
4.0
 40
5.0
 40
5.0
 40
5.0
 40
6.0
 40
6.0
 40
6.0
 40
7.0
 40
7.0
 40
7.0
 40
8.0
 40
8.0
 40
8.0
 40
9.0
 40
9.0
 40
9.0
 40
10.0
 40
10.0
 40
10.0
 40
11.0
 40
11.0
 40
11.0
 40
12.0
 40
12.0
 40
12.0
 40
13.0
 40
13.0
 40
13.0
 40
14.0
 40
14.0
 40
14.0
 40
15.0
 40
15.0
 40
15.0
 40
16.0
 40
16.0
 40
16.0
 40
17.0
 40
17.0
 40
17.0
 40
18.0
 40
18.0
 40
18.0
 40
19.0
 40
19.0
 40
19.0
 40
20.0
 40
20.0
 40
20.0
 40
21.0
 40
21.0
 40
21.0
 40
22.0
 40
22.0
 40
22.0
 40
23.0
 40
23.0
 40
23.0
 40
24.0
 40
24.0
 40
24.0
 40
25.0
 40
25.0
 40
25.0
 40
26.0
 40
26.0
 40
26.0
 40
27.0
 40
27.0
 40
27.0
 40
28.0
 40
28.0
 40
28.0
 40
29.0
 40
29.0
 40
29.0
 40
30.0
 40
30.0
 40
30.0
 40
31.0
 40
31.0
 40
31.0
 40
32.0
 40
32.0
 40
32.0
 40
32.0
 10
1256.950645677265
 20
-1186.371415459958
 10
1256.94863198309
 20
-1179.03955141006
 10
1256.978715353638
 20
-1171.707443265743
 10
1256.940638227425
 20
-1164.375823310264
 10
1256.896764102832
 20
-1155.912703677608
 10
1253.971049530217
 20
-1149.104361131889
 10
1246.979564376965
 20
-1143.672283941545
 10
1234.880984670664
 20
-1134.272329930503
 10
1223.375163304125
 20
-1124.113181254179
 10
1211.401005489399
 20
-1114.547609180157
 10
1203.963212481813
 20
-1108.606106938303
 10
1200.150923283039
 20
-1101.297492881771
 10
1200.271256765234
 20
-1091.716786953799
 10
1200.449133083992
 20
-1077.555222096558
 10
1200.088132637415
 20
-1063.384930863856
 10
1200.388722258751
 20
-1049.227515611728
 10
1200.798844638983
 20
-1029.912568366519
 10
1212.389973413283
 20
-1014.10684452955
 10
1229.403614473624
 20
-1010.104306301422
 10
1239.021200914722
 20
-1007.8416730887
 10
1249.029505046732
 20
-1007.867608120672
 10
1258.653681759672
 20
-1010.085388983985
 10
1274.821144119422
 20
-1013.810880047062
 10
1286.808787583013
 20
-1029.232338245631
 10
1287.654295052213
 20
-1046.657018313614
 10
1287.936029173554
 20
-1052.463475318407
 10
1289.434034576367
 20
-1059.246981257042
 10
1287.047623916333
 20
-1063.863050806183
 10
1284.529590882521
 20
-1068.733893904686
 10
1276.733848480137
 20
-1067.880844935469
 10
1271.34904719409
 20
-1069.828901466288
 10
1267.75893558592
 20
-1071.127727867377
 10
1263.972885432453
 20
-1071.874656788132
 10
1260.3373741738
 20
-1073.061199756688
 10
1257.638413769451
 20
-1073.942197536831
 10
1256.839709434553
 20
-1073.158837524108
 10
1256.910432814806
 20
-1070.37982256895
 10
1257.067073813178
 20
-1064.218452279587
 10
1257.038821073696
 20
-1058.048660732788
 10
1256.932095282442
 20
-1051.885032570055
 10
1256.790953627111
 20
-1043.725444346866
 10
1252.16366747694
 20
-1039.171435803637
 10
1244.186082388482
 20
-1039.14318187469
 10
1236.153822452132
 20
-1039.114744874929
 10
1231.303443395824
 20
-1043.598881390848
 10
1231.169502222692
 20
-1051.657231453948
 10
1230.99778902853
 20
-1061.985659609534
 10
1231.034767776102
 20
-1072.320373196399
 10
1231.162850929813
 20
-1082.650143871288
 10
1231.256884345665
 20
-1090.236964541356
 10
1234.238677249996
 20
-1096.315037610388
 10
1240.428101911388
 20
-1101.108929943446
 10
1252.543828528695
 20
-1110.492956793674
 10
1264.117871413026
 20
-1120.58925115722
 10
1276.401344857179
 20
-1129.739374530876
 10
1284.285811845322
 20
-1135.612652382748
 10
1287.610237864516
 20
-1143.228886430254
 10
1287.698291218876
 20
-1152.463466472727
 10
1287.89520610074
 20
-1173.124045223783
 10
1288.096514497167
 20
-1193.795608223674
 10
1287.641358592668
 20
-1214.448253906128
 10
1287.154776854837
 20
-1236.522810600221
 10
1269.895343063123
 20
-1252.870363022761
 10
1247.925390428682
 20
-1252.905756713451
 10
1245.425968810727
 20
-1252.909784271356
 10
1242.926547192772
 20
-1252.908746870078
 10
1240.427125574821
 20
-1252.905573642638
 10
1218.764230791494
 20
-1252.878051996944
 10
1202.156440638893
 20
-1237.909388944779
 10
1200.688701669736
 20
-1216.166861683512
 10
1199.871141834839
 20
-1204.054896635207
 10
1200.41618172477
 20
-1191.852433581225
 10
1200.28346097235
 20
-1179.691466578395
 10
1200.255635380119
 20
-1177.138544078418
 10
1201.244786367108
 20
-1175.79370587943
 10
1203.796075865317
 20
-1175.112438357268
 10
1211.675539128541
 20
-1173.008527540205
 10
1219.535292597266
 20
-1170.811494702466
 10
1227.325726169554
 20
-1168.401733578965
 10
1230.729479535021
 20
-1167.348832304564
 10
1231.211179590005
 20
-1168.573331955206
 10
1231.180119882887
 20
-1171.623779903788
 10
1231.049595887751
 20
-1184.453260495411
 10
1231.088283224319
 20
-1197.285121007619
 10
1231.146253208131
 20
-1210.115700024126
 10
1231.171149790654
 20
-1215.622592153755
 10
1233.590084662661
 20
-1219.800024032771
 10
1238.786697074931
 20
-1221.922547049249
 10
1243.770101988834
 20
-1223.957928358301
 10
1250.363913053112
 20
-1222.537237818753
 10
1253.662344111144
 20
-1219.011904178889
 10
1256.072491954023
 20
-1216.435975779961
 10
1256.990797518683
 20
-1213.351903825223
 10
1256.968463819656
 20
-1209.866723717209
 10
1256.918304528397
 20
-1202.035259416149
 10
1256.952720392474
 20
-1194.203245902649
 10
1256.950645677265
 20
-1186.371415459958
 97
        0
 97
        0
 75
     2
 76
     1
 98
        0
  0
SPLINE
  5
B9
330
8D
100
AcDbEntity
  8
katman 1
370
     0
100
AcDbSpline
210
0.0
220
0.0
230
1.0
 70
    11
 71
     3
 72
    56
 73
    52
 74
     0
 42
0.0000000001
 43
0.0000000001
 12
1.0
 22
0.0
 32
0.0
 13
1.0
 23
0.0
 33
0.0
 40
0.0
 40
0.0
 40
0.0
 40
0.0
 40
1.0
 40
1.0
 40
1.0
 40
2.0
 40
2.0
 40
2.0
 40
3.0
 40
3.0
 40
3.0
 40
4.0
 40
4.0
 40
4.0
 40
5.0
 40
5.0
 40
5.0
 40
6.0
 40
6.0
 40
6.0
 40
7.0
 40
7.0
 40
7.0
 40
8.0
 40
8.0
 40
8.0
 40
9.0
 40
9.0
 40
9.0
 40
10.0
 40
10.0
 40
10.0
 40
11.0
 40
11.0
 40
11.0
 40
12.0
 40
12.0
 40
12.0
 40
13.0
 40
13.0
 40
13.0
 40
14.0
 40
14.0
 40
14.0
 40
15.0
 40
15.0
 40
15.0
 40
16.0
 40
16.0
 40
16.0
 40
17.0
 40
17.0
 40
17.0
 40
17.0
 10
780.9239909674943
 20
-1115.521301815741
 30
0.0
 10
780.9229230993715
 20
-1147.678727680366
 30
0.0
 10
780.990351343703
 20
-1179.836275592199
 30
0.0
 10
780.8926261551987
 20
-1211.993396338799
 30
0.0
 10
780.84814182025
 20
-1226.636315389416
 30
0.0
 10
775.0735991798629
 20
-1238.649483221812
 30
0.0
 10
762.7994924646728
 20
-1246.837935609998
 30
0.0
 10
736.9281904300115
 20
-1264.097485803835
 30
0.0
 10
700.8563069801812
 20
-1250.410440496249
 30
0.0
 10
694.4198081456643
 20
-1221.08817130305
 30
0.0
 10
693.0849119709974
 20
-1215.006986030181
 30
0.0
 10
693.5572452970173
 20
-1208.812113781874
 30
0.0
 10
693.5311588043005
 20
-1202.658066325072
 30
0.0
 10
693.485270985534
 20
-1191.82802413937
 30
0.0
 10
693.6831622039672
 20
-1180.993954395763
 30
0.0
 10
693.4325793212975
 20
-1170.169526381687
 30
0.0
 10
693.341718999297
 20
-1166.245952697962
 30
0.0
 10
694.7301611326984
 20
-1164.599535844864
 30
0.0
 10
698.4724897141614
 20
-1163.699193582052
 30
0.0
 10
705.7480277881041
 20
-1161.948731483048
 30
0.0
 10
712.9502795982971
 20
-1159.846773421334
 30
0.0
 10
720.0874219635107
 20
-1157.588655955355
 30
0.0
 10
723.4875750878773
 20
-1156.51287082921
 30
0.0
 10
724.3015346816728
 20
-1157.299770211004
 30
0.0
 10
724.267668006918
 20
-1160.791296773899
 30
0.0
 10
724.1108744559579
 20
-1176.951811848226
 30
0.0
 10
724.1283264721378
 20
-1193.115072984765
 30
0.0
 10
724.2259906396066
 20
-1209.276503413163
 30
0.0
 10
724.2817638661409
 20
-1218.51181573889
 30
0.0
 10
729.8533810526578
 20
-1223.438312364819
 30
0.0
 10
738.975507195245
 20
-1222.639513380123
 30
0.0
 10
745.1360689068033
 20
-1222.100064715138
 30
0.0
 10
749.4285631451867
 20
-1217.89669780415
 30
0.0
 10
749.9933433401329
 20
-1211.710246813283
 30
0.0
 10
750.1745453053309
 20
-1209.725454072475
 30
0.0
 10
750.0999165787989
 20
-1207.715092441318
 30
0.0
 10
750.1000691313875
 20
-1205.716386318651
 30
0.0
 10
750.1044931564684
 20
-1142.734534209092
 30
0.0
 10
750.1476655391516
 20
-1079.752499028717
 30
0.0
 10
750.0063408207143
 20
-1016.771013060781
 30
0.0
 10
749.9967300076078
 20
-1012.49362451737
 30
0.0
 10
750.8006821515664
 20
-1010.914455676582
 30
0.0
 10
755.417808299313
 20
-1011.216339448718
 30
0.0
 10
762.3857393328235
 20
-1011.671880657334
 30
0.0
 10
769.4177424537074
 20
-1011.583152336192
 30
0.0
 10
776.3984268836575
 20
-1011.238124875574
 30
0.0
 10
780.3335819375989
 20
-1011.043581623991
 30
0.0
 10
781.0192753145748
 20
-1012.450541852497
 30
0.0
 10
781.0046302660321
 20
-1016.050202242812
 30
0.0
 10
780.8696517352973
 20
-1049.206767586154
 30
0.0
 10
780.9250588356172
 20
-1082.364187259958
 30
0.0
 10
780.9239909674943
 20
-1115.521301815741
 30
0.0
  0
HATCH
  5
BA
330
8D
100
AcDbEntity
  8
katman 1
 62
    40
420
 15977984
100
AcDbHatch
 10
0.0
 20
0.0
 30
0.0
210
0.0
220
0.0
230
1.0
  2
SOLID
 70
     1
 71
     0
 91
        1
 92
        1
 93
        1
 72
     4
 94
        3
 73
     0
 74
     1
 95
       56
 96
       52
 40
0.0
 40
0.0
 40
0.0
 40
0.0
 40
1.0
 40
1.0
 40
1.0
 40
2.0
 40
2.0
 40
2.0
 40
3.0
 40
3.0
 40
3.0
 40
4.0
 40
4.0
 40
4.0
 40
5.0
 40
5.0
 40
5.0
 40
6.0
 40
6.0
 40
6.0
 40
7.0
 40
7.0
 40
7.0
 40
8.0
 40
8.0
 40
8.0
 40
9.0
 40
9.0
 40
9.0
 40
10.0
 40
10.0
 40
10.0
 40
11.0
 40
11.0
 40
11.0
 40
12.0
 40
12.0
 40
12.0
 40
13.0
 40
13.0
 40
13.0
 40
14.0
 40
14.0
 40
14.0
 40
15.0
 40
15.0
 40
15.0
 40
16.0
 40
16.0
 40
16.0
 40
17.0
 40
17.0
 40
17.0
 40
17.0
 10
780.9239909674943
 20
-1115.521301815741
 10
780.9229230993715
 20
-1147.678727680366
 10
780.990351343703
 20
-1179.836275592199
 10
780.8926261551987
 20
-1211.993396338799
 10
780.84814182025
 20
-1226.636315389416
 10
775.0735991798629
 20
-1238.649483221812
 10
762.7994924646728
 20
-1246.837935609998
 10
736.9281904300115
 20
-1264.097485803835
 10
700.8563069801812
 20
-1250.410440496249
 10
694.4198081456643
 20
-1221.08817130305
 10
693.0849119709974
 20
-1215.006986030181
 10
693.5572452970173
 20
-1208.812113781874
 10
693.5311588043005
 20
-1202.658066325072
 10
693.485270985534
 20
-1191.82802413937
 10
693.6831622039672
 20
-1180.993954395763
 10
693.4325793212975
 20
-1170.169526381687
 10
693.341718999297
 20
-1166.245952697962
 10
694.7301611326984
 20
-1164.599535844864
 10
698.4724897141614
 20
-1163.699193582052
 10
705.7480277881041
 20
-1161.948731483048
 10
712.9502795982971
 20
-1159.846773421334
 10
720.0874219635107
 20
-1157.588655955355
 10
723.4875750878773
 20
-1156.51287082921
 10
724.3015346816728
 20
-1157.299770211004
 10
724.267668006918
 20
-1160.791296773899
 10
724.1108744559579
 20
-1176.951811848226
 10
724.1283264721378
 20
-1193.115072984765
 10
724.2259906396066
 20
-1209.276503413163
 10
724.2817638661409
 20
-1218.51181573889
 10
729.8533810526578
 20
-1223.438312364819
 10
738.975507195245
 20
-1222.639513380123
 10
745.1360689068033
 20
-1222.100064715138
 10
749.4285631451867
 20
-1217.89669780415
 10
749.9933433401329
 20
-1211.710246813283
 10
750.1745453053309
 20
-1209.725454072475
 10
750.0999165787989
 20
-1207.715092441318
 10
750.1000691313875
 20
-1205.716386318651
 10
750.1044931564684
 20
-1142.734534209092
 10
750.1476655391516
 20
-1079.752499028717
 10
750.0063408207143
 20
-1016.771013060781
 10
749.9967300076078
 20
-1012.49362451737
 10
750.8006821515664
 20
-1010.914455676582
 10
755.417808299313
 20
-1011.216339448718
 10
762.3857393328235
 20
-1011.671880657334
 10
769.4177424537074
 20
-1011.583152336192
 10
776.3984268836575
 20
-1011.238124875574
 10
780.3335819375989
 20
-1011.043581623991
 10
781.0192753145748
 20
-1012.450541852497
 10
781.0046302660321
 20
-1016.050202242812
 10
780.8696517352973
 20
-1049.206767586154
 10
780.9250588356172
 20
-1082.364187259958
 10
780.9239909674943
 20
-1115.521301815741
 97
        0
 97
        0
 75
     2
 76
     1
 98
        0
  0
SPLINE
  5
BB
330
8D
100
AcDbEntity
  8
katman 1
370
     0
100
AcDbSpline
210
0.0
220
0.0
230
1.0
 70
    11
 71
     3
 72
    83
 73
    79
 74
     0
 42
0.0000000001
 43
0.0000000001
 12
1.0
 22
0.0
 32
0.0
 13
1.0
 23
0.0
 33
0.0
 40
0.0
 40
0.0
 40
0.0
 40
0.0
 40
1.0
 40
1.0
 40
1.0
 40
2.0
 40
2.0
 40
2.0
 40
3.0
 40
3.0
 40
3.0
 40
4.0
 40
4.0
 40
4.0
 40
5.0
 40
5.0
 40
5.0
 40
6.0
 40
6.0
 40
6.0
 40
7.0
 40
7.0
 40
7.0
 40
8.0
 40
8.0
 40
8.0
 40
9.0
 40
9.0
 40
9.0
 40
10.0
 40
10.0
 40
10.0
 40
11.0
 40
11.0
 40
11.0
 40
12.0
 40
12.0
 40
12.0
 40
13.0
 40
13.0
 40
13.0
 40
14.0
 40
14.0
 40
14.0
 40
15.0
 40
15.0
 40
15.0
 40
16.0
 40
16.0
 40
16.0
 40
17.0
 40
17.0
 40
17.0
 40
18.0
 40
18.0
 40
18.0
 40
19.0
 40
19.0
 40
19.0
 40
20.0
 40
20.0
 40
20.0
 40
21.0
 40
21.0
 40
21.0
 40
22.0
 40
22.0
 40
22.0
 40
23.0
 40
23.0
 40
23.0
 40
24.0
 40
24.0
 40
24.0
 40
25.0
 40
25.0
 40
25.0
 40
26.0
 40
26.0
 40
26.0
 40
26.0
 10
870.9760283303458
 20
-910.2032344102217
 30
0.0
 10
867.6313433273353
 20
-931.5690629600676
 30
0.0
 10
864.2866278138072
 20
-952.9348609981089
 30
0.0
 10
860.9421563844217
 20
-974.3007200597522
 30
0.0
 10
860.7362103892901
 20
-975.6166330701408
 30
0.0
 10
860.5429872800796
 20
-976.9346819066914
 30
0.0
 10
860.3263931142365
 20
-978.2488862561468
 30
0.0
 10
858.5985519808582
 20
-988.7324364147235
 30
0.0
 10
858.5972705391105
 20
-988.7321923203044
 30
0.0
 10
847.788309399064
 20
-988.7321923203044
 30
0.0
 10
838.2427888010025
 20
-988.7321923203044
 30
0.0
 10
838.2917581820675
 20
-988.7420171206495
 30
0.0
 10
840.167544816245
 20
-979.3438327941467
 30
0.0
 10
845.7371177980694
 20
-951.4390504012508
 30
0.0
 10
851.2529312475353
 20
-923.5235278539412
 30
0.0
 10
856.8281181646344
 20
-895.6199049095367
 30
0.0
 10
857.3258972624972
 20
-893.1285857384382
 30
0.0
 10
857.32129017431
 20
-890.7208994174935
 30
0.0
 10
856.8210702350234
 20
-888.2293361519769
 30
0.0
 10
850.9578945404355
 20
-859.0257883815975
 30
0.0
 10
845.207455209108
 20
-829.7993567594804
 30
0.0
 10
839.2282480153372
 20
-800.6197607539216
 30
0.0
 10
838.4005281780146
 20
-796.5803947803979
 30
0.0
 10
839.2082636261803
 20
-795.2273183947873
 30
0.0
 10
843.3810040822091
 20
-795.6135978121383
 30
0.0
 10
846.8485244298718
 20
-795.9345819725277
 30
0.0
 10
850.3949754870755
 20
-795.9427591355488
 30
0.0
 10
853.8598109091718
 20
-795.6073123808601
 30
0.0
 10
857.6210560116688
 20
-795.2431845319925
 30
0.0
 10
858.9943649282422
 20
-796.5762756870854
 30
0.0
 10
859.5490766523153
 20
-800.3366417402103
 30
0.0
 10
862.9011452006325
 20
-823.0602760050242
 30
0.0
 10
866.5057798152757
 20
-845.7467468946143
 30
0.0
 10
870.0364264242608
 20
-868.4439579386199
 30
0.0
 10
870.3416231337869
 20
-870.4059278512968
 30
0.0
 10
870.7231266483241
 20
-872.3559676492678
 30
0.0
 10
871.7617046741443
 20
-874.3520192451342
 30
0.0
 10
873.7844299620338
 20
-861.4929422052601
 30
0.0
 10
875.815698194906
 20
-848.6352076846888
 30
0.0
 10
877.8273481648348
 20
-835.7744219838851
 30
0.0
 10
879.6538298022524
 20
-824.0973111422209
 30
0.0
 10
881.670666560206
 20
-812.4438164355515
 30
0.0
 10
883.1632410908505
 20
-800.72383651163
 30
0.0
 10
883.7148407421073
 20
-796.3921979836987
 30
0.0
 10
885.4525367727347
 20
-795.1720615207887
 30
0.0
 10
889.5263316195469
 20
-795.6075259634763
 30
0.0
 10
892.81945384748
 20
-795.9596016504283
 30
0.0
 10
896.2118267898068
 20
-795.9684500731009
 30
0.0
 10
899.5031488971899
 20
-795.6083192703372
 30
0.0
 10
903.9315064713246
 20
-795.1237918495208
 30
0.0
 10
904.2965037957338
 20
-796.883163394803
 30
0.0
 10
903.5222994066271
 20
-800.6860934121623
 30
0.0
 10
897.7793656626791
 20
-828.8951700095777
 30
0.0
 10
892.4420997633624
 20
-857.1886727640085
 30
0.0
 10
886.4776596602051
 20
-885.3498153199816
 30
0.0
 10
884.4229898601825
 20
-895.0509513317038
 30
0.0
 10
887.8200614222505
 20
-903.8020718664438
 30
0.0
 10
889.4888341931737
 20
-912.8290801177418
 30
0.0
 10
893.9049875601895
 20
-936.7174109006546
 30
0.0
 10
898.7898129910891
 20
-960.5202781252729
 30
0.0
 10
903.6500774551623
 20
-984.3240912157626
 30
0.0
 10
904.3788821937869
 20
-987.8934228745702
 30
0.0
 10
903.6409242998234
 20
-989.0885701713805
 30
0.0
 10
899.9246822110772
 20
-988.7987690729633
 30
0.0
 10
896.1174882687783
 20
-988.5018892364051
 30
0.0
 10
892.2519277059318
 20
-988.5087238801234
 30
0.0
 10
888.4440015112059
 20
-988.8009659227273
 30
0.0
 10
885.1274777161216
 20
-989.0554953776691
 30
0.0
 10
883.8905508141015
 20
-987.968542931877
 30
0.0
 10
883.3866696126797
 20
-984.601565546046
 30
0.0
 10
880.0120232811923
 20
-962.05163497183
 30
0.0
 10
876.4140094489112
 20
-939.5350537975492
 30
0.0
 10
872.8774743099912
 20
-917.0094106179777
 30
0.0
 10
872.5176332630899
 20
-914.7173945396235
 30
0.0
 10
872.085451778491
 20
-912.4367593635334
 30
0.0
 10
871.6868318634697
 20
-910.1508456456422
 30
0.0
 10
871.4498871822561
 20
-910.1682983965684
 30
0.0
 10
871.2129425010417
 20
-910.1857816592956
 30
0.0
 10
870.9760283303458
 20
-910.2032344102217
 30
0.0
  0
HATCH
  5
BC
330
8D
100
AcDbEntity
  8
katman 1
 62
   230
420
 15663230
100
AcDbHatch
 10
0.0
 20
0.0
 30
0.0
210
0.0
220
0.0
230
1.0
  2
SOLID
 70
     1
 71
     0
 91
        1
 92
        1
 93
        1
 72
     4
 94
        3
 73
     0
 74
     1
 95
       83
 96
       79
 40
0.0
 40
0.0
 40
0.0
 40
0.0
 40
1.0
 40
1.0
 40
1.0
 40
2.0
 40
2.0
 40
2.0
 40
3.0
 40
3.0
 40
3.0
 40
4.0
 40
4.0
 40
4.0
 40
5.0
 40
5.0
 40
5.0
 40
6.0
 40
6.0
 40
6.0
 40
7.0
 40
7.0
 40
7.0
 40
8.0
 40
8.0
 40
8.0
 40
9.0
 40
9.0
 40
9.0
 40
10.0
 40
10.0
 40
10.0
 40
11.0
 40
11.0
 40
11.0
 40
12.0
 40
12.0
 40
12.0
 40
13.0
 40
13.0
 40
13.0
 40
14.0
 40
14.0
 40
14.0
 40
15.0
 40
15.0
 40
15.0
 40
16.0
 40
16.0
 40
16.0
 40
17.0
 40
17.0
 40
17.0
 40
18.0
 40
18.0
 40
18.0
 40
19.0
 40
19.0
 40
19.0
 40
20.0
 40
20.0
 40
20.0
 40
21.0
 40
21.0
 40
21.0
 40
22.0
 40
22.0
 40
22.0
 40
23.0
 40
23.0
 40
23.0
 40
24.0
 40
24.0
 40
24.0
 40
25.0
 40
25.0
 40
25.0
 40
26.0
 40
26.0
 40
26.0
 40
26.0
 10
870.9760283303458
 20
-910.2032344102217
 10
867.6313433273353
 20
-931.5690629600676
 10
864.2866278138072
 20
-952.9348609981089
 10
860.9421563844217
 20
-974.3007200597522
 10
860.7362103892901
 20
-975.6166330701408
 10
860.5429872800796
 20
-976.9346819066914
 10
860.3263931142365
 20
-978.2488862561468
 10
858.5985519808582
 20
-988.7324364147235
 10
858.5972705391105
 20
-988.7321923203044
 10
847.788309399064
 20
-988.7321923203044
 10
838.2427888010025
 20
-988.7321923203044
 10
838.2917581820675
 20
-988.7420171206495
 10
840.167544816245
 20
-979.3438327941467
 10
845.7371177980694
 20
-951.4390504012508
 10
851.2529312475353
 20
-923.5235278539412
 10
856.8281181646344
 20
-895.6199049095367
 10
857.3258972624972
 20
-893.1285857384382
 10
857.32129017431
 20
-890.7208994174935
 10
856.8210702350234
 20
-888.2293361519769
 10
850.9578945404355
 20
-859.0257883815975
 10
845.207455209108
 20
-829.7993567594804
 10
839.2282480153372
 20
-800.6197607539216
 10
838.4005281780146
 20
-796.5803947803979
 10
839.2082636261803
 20
-795.2273183947873
 10
843.3810040822091
 20
-795.6135978121383
 10
846.8485244298718
 20
-795.9345819725277
 10
850.3949754870755
 20
-795.9427591355488
 10
853.8598109091718
 20
-795.6073123808601
 10
857.6210560116688
 20
-795.2431845319925
 10
858.9943649282422
 20
-796.5762756870854
 10
859.5490766523153
 20
-800.3366417402103
 10
862.9011452006325
 20
-823.0602760050242
 10
866.5057798152757
 20
-845.7467468946143
 10
870.0364264242608
 20
-868.4439579386199
 10
870.3416231337869
 20
-870.4059278512968
 10
870.7231266483241
 20
-872.3559676492678
 10
871.7617046741443
 20
-874.3520192451342
 10
873.7844299620338
 20
-861.4929422052601
 10
875.815698194906
 20
-848.6352076846888
 10
877.8273481648348
 20
-835.7744219838851
 10
879.6538298022524
 20
-824.0973111422209
 10
881.670666560206
 20
-812.4438164355515
 10
883.1632410908505
 20
-800.72383651163
 10
883.7148407421073
 20
-796.3921979836987
 10
885.4525367727347
 20
-795.1720615207887
 10
889.5263316195469
 20
-795.6075259634763
 10
892.81945384748
 20
-795.9596016504283
 10
896.2118267898068
 20
-795.9684500731009
 10
899.5031488971899
 20
-795.6083192703372
 10
903.9315064713246
 20
-795.1237918495208
 10
904.2965037957338
 20
-796.883163394803
 10
903.5222994066271
 20
-800.6860934121623
 10
897.7793656626791
 20
-828.8951700095777
 10
892.4420997633624
 20
-857.1886727640085
 10
886.4776596602051
 20
-885.3498153199816
 10
884.4229898601825
 20
-895.0509513317038
 10
887.8200614222505
 20
-903.8020718664438
 10
889.4888341931737
 20
-912.8290801177418
 10
893.9049875601895
 20
-936.7174109006546
 10
898.7898129910891
 20
-960.5202781252729
 10
903.6500774551623
 20
-984.3240912157626
 10
904.3788821937869
 20
-987.8934228745702
 10
903.6409242998234
 20
-989.0885701713805
 10
899.9246822110772
 20
-988.7987690729633
 10
896.1174882687783
 20
-988.5018892364051
 10
892.2519277059318
 20
-988.5087238801234
 10
888.4440015112059
 20
-988.8009659227273
 10
885.1274777161216
 20
-989.0554953776691
 10
883.8905508141015
 20
-987.968542931877
 10
883.3866696126797
 20
-984.601565546046
 10
880.0120232811923
 20
-962.05163497183
 10
876.4140094489112
 20
-939.5350537975492
 10
872.8774743099912
 20
-917.0094106179777
 10
872.5176332630899
 20
-914.7173945396235
 10
872.085451778491
 20
-912.4367593635334
 10
871.6868318634697
 20
-910.1508456456422
 10
871.4498871822561
 20
-910.1682983965684
 10
871.2129425010417
 20
-910.1857816592956
 10
870.9760283303458
 20
-910.2032344102217
 97
        0
 97
        0
 75
     2
 76
     1
 98
        0
  0
SPLINE
  5
BD
330
8D
100
AcDbEntity
  8
katman 1
370
     0
100
AcDbSpline
210
0.0
220
0.0
230
1.0
 70
    11
 71
     3
 72
    59
 73
    55
 74
     0
 42
0.0000000001
 43
0.0000000001
 12
1.0
 22
0.0
 32
0.0
 13
1.0
 23
0.0
 33
0.0
 40
0.0
 40
0.0
 40
0.0
 40
0.0
 40
1.0
 40
1.0
 40
1.0
 40
2.0
 40
2.0
 40
2.0
 40
3.0
 40
3.0
 40
3.0
 40
4.0
 40
4.0
 40
4.0
 40
5.0
 40
5.0
 40
5.0
 40
6.0
 40
6.0
 40
6.0
 40
7.0
 40
7.0
 40
7.0
 40
8.0
 40
8.0
 40
8.0
 40
9.0
 40
9.0
 40
9.0
 40
10.0
 40
10.0
 40
10.0
 40
11.0
 40
11.0
 40
11.0
 40
12.0
 40
12.0
 40
12.0
 40
13.0
 40
13.0
 40
13.0
 40
14.0
 40
14.0
 40
14.0
 40
15.0
 40
15.0
 40
15.0
 40
16.0
 40
16.0
 40
16.0
 40
17.0
 40
17.0
 40
17.0
 40
18.0
 40
18.0
 40
18.0
 40
18.0
 10
1155.089451379932
 20
-1147.897558326593
 30
0.0
 10
1155.089329337861
 20
-1180.204186904553
 30
0.0
 10
1154.973511412303
 20
-1212.511608789373
 30
0.0
 10
1155.216131049827
 20
-1244.816406659196
 30
0.0
 10
1155.251950397724
 20
-1249.578444670631
 30
0.0
 10
1153.786591248954
 20
-1250.582771155743
 30
0.0
 10
1149.431886064784
 20
-1250.358204290678
 30
0.0
 10
1142.622609723818
 20
-1250.007074469599
 30
0.0
 10
1135.769337216188
 20
-1250.016350057504
 30
0.0
 10
1128.959389643835
 20
-1250.361133423703
 30
0.0
 10
1125.06527123633
 20
-1250.55823966668
 30
0.0
 10
1124.314651477482
 20
-1249.229206581294
 30
0.0
 10
1124.323194422464
 20
-1245.58792809262
 30
0.0
 10
1124.441880336697
 20
-1194.796822504948
 30
0.0
 10
1124.404047294625
 20
-1144.005472822861
 30
0.0
 10
1124.4041693367
 20
-1093.214123140773
 30
0.0
 10
1124.404230357733
 20
-1078.559609605276
 30
0.0
 10
1124.326855684601
 20
-1063.90430276292
 30
0.0
 10
1124.464885267116
 20
-1049.251070723119
 30
0.0
 10
1124.494358427306
 20
-1046.122268466184
 30
0.0
 10
1123.840701094017
 20
-1044.839247178694
 30
0.0
 10
1120.369214379043
 20
-1045.001386896216
 30
0.0
 10
1113.888963462003
 20
-1045.303941928003
 30
0.0
 10
1107.381436142055
 20
-1044.972034542385
 30
0.0
 10
1100.891543901391
 20
-1045.14296165897
 30
0.0
 10
1098.059069471165
 20
-1045.217593527443
 30
0.0
 10
1096.699276713975
 20
-1044.746674370461
 30
0.0
 10
1096.788062320764
 20
-1041.408500126017
 30
0.0
 10
1097.022688202625
 20
-1032.588758547863
 30
0.0
 10
1096.971003385475
 20
-1023.756690201575
 30
0.0
 10
1096.807955178367
 20
-1014.933653348773
 30
0.0
 10
1096.754988919471
 20
-1012.068351016656
 30
0.0
 10
1097.689709142709
 20
-1011.270162268011
 30
0.0
 10
1100.501192336695
 20
-1011.280048091961
 30
0.0
 10
1126.811327148833
 20
-1011.37231578217
 30
0.0
 10
1153.122133192366
 20
-1011.38220160612
 30
0.0
 10
1179.432084941396
 20
-1011.269857149986
 30
0.0
 10
1182.418881570644
 20
-1011.257103216616
 30
0.0
 10
1183.01371462562
 20
-1012.319890314971
 30
0.0
 10
1182.969535395852
 20
-1015.022259622707
 30
0.0
 10
1182.825220646671
 20
-1023.84596773516
 30
0.0
 10
1182.812833376443
 20
-1032.675351042843
 30
0.0
 10
1182.974722183877
 20
-1041.498387895645
 30
0.0
 10
1183.026407001023
 20
-1044.312186305448
 30
0.0
 10
1182.205857135385
 20
-1045.233520688253
 30
0.0
 10
1179.347997954348
 20
-1045.150406538738
 30
0.0
 10
1172.692738707225
 20
-1044.956778641226
 30
0.0
 10
1166.018318854924
 20
-1045.303026573933
 30
0.0
 10
1159.371053363462
 20
-1045.002058155867
 30
0.0
 10
1155.759157245586
 20
-1044.83851489544
 30
0.0
 10
1155.003106614568
 20
-1046.077721234797
 30
0.0
 10
1155.015860011008
 20
-1049.479237980857
 30
0.0
 10
1155.138756376695
 20
-1082.284978621141
 30
0.0
 10
1155.089512400969
 20
-1115.091329497471
 30
0.0
 10
1155.089451379932
 20
-1147.897558326593
 30
0.0
  0
HATCH
  5
BE
330
8D
100
AcDbEntity
  8
katman 1
 62
    40
420
 15977984
100
AcDbHatch
 10
0.0
 20
0.0
 30
0.0
210
0.0
220
0.0
230
1.0
  2
SOLID
 70
     1
 71
     0
 91
        1
 92
        1
 93
        1
 72
     4
 94
        3
 73
     0
 74
     1
 95
       59
 96
       55
 40
0.0
 40
0.0
 40
0.0
 40
0.0
 40
1.0
 40
1.0
 40
1.0
 40
2.0
 40
2.0
 40
2.0
 40
3.0
 40
3.0
 40
3.0
 40
4.0
 40
4.0
 40
4.0
 40
5.0
 40
5.0
 40
5.0
 40
6.0
 40
6.0
 40
6.0
 40
7.0
 40
7.0
 40
7.0
 40
8.0
 40
8.0
 40
8.0
 40
9.0
 40
9.0
 40
9.0
 40
10.0
 40
10.0
 40
10.0
 40
11.0
 40
11.0
 40
11.0
 40
12.0
 40
12.0
 40
12.0
 40
13.0
 40
13.0
 40
13.0
 40
14.0
 40
14.0
 40
14.0
 40
15.0
 40
15.0
 40
15.0
 40
16.0
 40
16.0
 40
16.0
 40
17.0
 40
17.0
 40
17.0
 40
18.0
 40
18.0
 40
18.0
 40
18.0
 10
1155.089451379932
 20
-1147.897558326593
 10
1155.089329337861
 20
-1180.204186904553
 10
1154.973511412303
 20
-1212.511608789373
 10
1155.216131049827
 20
-1244.816406659196
 10
1155.251950397724
 20
-1249.578444670631
 10
1153.786591248954
 20
-1250.582771155743
 10
1149.431886064784
 20
-1250.358204290678
 10
1142.622609723818
 20
-1250.007074469599
 10
1135.769337216188
 20
-1250.016350057504
 10
1128.959389643835
 20
-1250.361133423703
 10
1125.06527123633
 20
-1250.55823966668
 10
1124.314651477482
 20
-1249.229206581294
 10
1124.323194422464
 20
-1245.58792809262
 10
1124.441880336697
 20
-1194.796822504948
 10
1124.404047294625
 20
-1144.005472822861
 10
1124.4041693367
 20
-1093.214123140773
 10
1124.404230357733
 20
-1078.559609605276
 10
1124.326855684601
 20
-1063.90430276292
 10
1124.464885267116
 20
-1049.251070723119
 10
1124.494358427306
 20
-1046.122268466184
 10
1123.840701094017
 20
-1044.839247178694
 10
1120.369214379043
 20
-1045.001386896216
 10
1113.888963462003
 20
-1045.303941928003
 10
1107.381436142055
 20
-1044.972034542385
 10
1100.891543901391
 20
-1045.14296165897
 10
1098.059069471165
 20
-1045.217593527443
 10
1096.699276713975
 20
-1044.746674370461
 10
1096.788062320764
 20
-1041.408500126017
 10
1097.022688202625
 20
-1032.588758547863
 10
1096.971003385475
 20
-1023.756690201575
 10
1096.807955178367
 20
-1014.933653348773
 10
1096.754988919471
 20
-1012.068351016656
 10
1097.689709142709
 20
-1011.270162268011
 10
1100.501192336695
 20
-1011.280048091961
 10
1126.811327148833
 20
-1011.37231578217
 10
1153.122133192366
 20
-1011.38220160612
 10
1179.432084941396
 20
-1011.269857149986
 10
1182.418881570644
 20
-1011.257103216616
 10
1183.01371462562
 20
-1012.319890314971
 10
1182.969535395852
 20
-1015.022259622707
 10
1182.825220646671
 20
-1023.84596773516
 10
1182.812833376443
 20
-1032.675351042843
 10
1182.974722183877
 20
-1041.498387895645
 10
1183.026407001023
 20
-1044.312186305448
 10
1182.205857135385
 20
-1045.233520688253
 10
1179.347997954348
 20
-1045.150406538738
 10
1172.692738707225
 20
-1044.956778641226
 10
1166.018318854924
 20
-1045.303026573933
 10
1159.371053363462
 20
-1045.002058155867
 10
1155.759157245586
 20
-1044.83851489544
 10
1155.003106614568
 20
-1046.077721234797
 10
1155.015860011008
 20
-1049.479237980857
 10
1155.138756376695
 20
-1082.284978621141
 10
1155.089512400969
 20
-1115.091329497471
 10
1155.089451379932
 20
-1147.897558326593
 97
        0
 97
        0
 75
     2
 76
     1
 98
        0
  0
SPLINE
  5
BF
330
8D
100
AcDbEntity
  8
katman 1
370
     0
100
AcDbSpline
210
0.0
220
0.0
230
1.0
 70
    11
 71
     3
 72
    59
 73
    55
 74
     0
 42
0.0000000001
 43
0.0000000001
 12
1.0
 22
0.0
 32
0.0
 13
1.0
 23
0.0
 33
0.0
 40
0.0
 40
0.0
 40
0.0
 40
0.0
 40
1.0
 40
1.0
 40
1.0
 40
2.0
 40
2.0
 40
2.0
 40
3.0
 40
3.0
 40
3.0
 40
4.0
 40
4.0
 40
4.0
 40
5.0
 40
5.0
 40
5.0
 40
6.0
 40
6.0
 40
6.0
 40
7.0
 40
7.0
 40
7.0
 40
8.0
 40
8.0
 40
8.0
 40
9.0
 40
9.0
 40
9.0
 40
10.0
 40
10.0
 40
10.0
 40
11.0
 40
11.0
 40
11.0
 40
12.0
 40
12.0
 40
12.0
 40
13.0
 40
13.0
 40
13.0
 40
14.0
 40
14.0
 40
14.0
 40
15.0
 40
15.0
 40
15.0
 40
16.0
 40
16.0
 40
16.0
 40
17.0
 40
17.0
 40
17.0
 40
18.0
 40
18.0
 40
18.0
 40
18.0
 10
1115.927005029826
 20
-889.8488110836297
 30
0.0
 10
1115.927005029826
 20
-921.004595501744
 30
0.0
 10
1115.845297863165
 20
-952.1608681086973
 30
0.0
 10
1116.023845413314
 20
-983.31567614914
 30
0.0
 10
1116.047948722375
 20
-987.5092182597791
 30
0.0
 10
1115.325276597829
 20
-989.4013771687487
 30
0.0
 10
1110.690362818208
 20
-988.8095702509809
 30
0.0
 10
1106.100116436639
 20
-988.2233775048435
 30
0.0
 10
1100.009606873944
 20
-990.6709122396123
 30
0.0
 10
1097.160351658928
 20
-987.9304642025845
 30
0.0
 10
1094.050109474669
 20
-984.9389650560834
 30
0.0
 10
1096.201589147662
 20
-978.7872364962523
 30
0.0
 10
1096.195059896854
 20
-974.032155175747
 30
0.0
 10
1096.115854592652
 20
-916.3837355996375
 30
0.0
 10
1096.197561759316
 20
-858.7350414173061
 30
0.0
 10
1096.037259498808
 20
-801.0869879828233
 30
0.0
 10
1096.024994270654
 20
-796.6688179835164
 30
0.0
 10
1097.083221069934
 20
-795.3583055621402
 30
0.0
 10
1101.543492645684
 20
-795.5693556987762
 30
0.0
 10
1109.6890076241
 20
-795.9548418092663
 30
0.0
 10
1117.865826393772
 20
-795.6757198416581
 30
0.0
 10
1126.029586661833
 20
-795.6798999585753
 30
0.0
 10
1143.001306270718
 20
-795.6885653104346
 30
0.0
 10
1154.863002316841
 20
-806.2090652616153
 30
0.0
 10
1155.795159656584
 20
-823.3634717846617
 30
0.0
 10
1156.816346687261
 20
-842.1551111083099
 30
0.0
 10
1156.709254769794
 20
-861.0154324989771
 30
0.0
 10
1155.785274248818
 20
-879.816194851519
 30
0.0
 10
1155.314802064386
 20
-889.3893033407148
 30
0.0
 10
1150.735661511295
 20
-897.4090864856835
 30
0.0
 10
1142.742332995655
 20
-902.9678181674526
 30
0.0
 10
1140.22338464631
 20
-904.7195922739584
 30
0.0
 10
1139.808014457016
 20
-906.1415948210079
 30
0.0
 10
1140.565956740138
 20
-909.0501018652058
 30
0.0
 10
1147.029304830317
 20
-933.8509491200521
 30
0.0
 10
1153.228004689121
 20
-958.7206310009306
 30
0.0
 10
1159.656021599691
 20
-983.5308453790885
 30
0.0
 10
1160.636507599625
 20
-987.3150411498236
 30
0.0
 10
1160.697345572113
 20
-989.4213318874672
 30
0.0
 10
1155.790705120988
 20
-988.8104856050513
 30
0.0
 10
1152.509359952925
 20
-988.4020546192178
 30
0.0
 10
1149.09492790623
 20
-988.4038853273587
 30
0.0
 10
1145.81407090645
 20
-988.8141470213295
 30
0.0
 10
1141.487618461757
 20
-989.3551823000407
 30
0.0
 10
1140.168587756347
 20
-987.3755155420176
 30
0.0
 10
1139.250953423074
 20
-983.5006386947925
 30
0.0
 10
1132.269902866912
 20
-954.0227287979678
 30
0.0
 10
1125.072227634388
 20
-924.5961397526416
 30
0.0
 10
1117.934353016746
 20
-895.1553932310408
 30
0.0
 10
1117.508853335545
 20
-893.4004764088959
 30
0.0
 10
1117.01806114626
 20
-891.6614562357599
 30
0.0
 10
1116.557657432699
 20
-889.91502169466
 30
0.0
 10
1116.347439965073
 20
-889.8929616615842
 30
0.0
 10
1116.137222497451
 20
-889.8708711167055
 30
0.0
 10
1115.927005029826
 20
-889.8488110836297
 30
0.0
  0
SPLINE
  5
C0
330
8D
100
AcDbEntity
  8
katman 1
370
     0
100
AcDbSpline
210
0.0
220
0.0
230
1.0
 70
    11
 71
     3
 72
    29
 73
    25
 74
     0
 42
0.0000000001
 43
0.0000000001
 12
1.0
 22
0.0
 32
0.0
 13
1.0
 23
0.0
 33
0.0
 40
0.0
 40
0.0
 40
0.0
 40
0.0
 40
1.0
 40
1.0
 40
1.0
 40
2.0
 40
2.0
 40
2.0
 40
3.0
 40
3.0
 40
3.0
 40
4.0
 40
4.0
 40
4.0
 40
5.0
 40
5.0
 40
5.0
 40
6.0
 40
6.0
 40
6.0
 40
7.0
 40
7.0
 40
7.0
 40
8.0
 40
8.0
 40
8.0
 40
8.0
 10
1115.927066050863
 20
-851.764742224881
 30
0.0
 10
1115.927066050863
 20
-861.4052512853968
 30
0.0
 10
1116.005905228852
 20
-871.0468282589945
 30
0.0
 10
1115.874465918179
 20
-880.6855371231741
 30
0.0
 10
1115.839378822715
 20
-883.2611909158804
 30
0.0
 10
1116.551494308103
 20
-884.3895783892194
 30
0.0
 10
1119.22525302475
 20
-884.093278276905
 30
0.0
 10
1120.702999443743
 20
-883.9295519456646
 30
0.0
 10
1122.21381926403
 20
-884.0660922610396
 30
0.0
 10
1123.709688930598
 20
-884.0639259230757
 30
0.0
 10
1133.092832552938
 20
-884.0504091946477
 30
0.0
 10
1136.537164907077
 20
-880.5925676615107
 30
0.0
 10
1136.559498606104
 20
-871.0577514842244
 30
0.0
 10
1136.587507261444
 20
-859.0903208435011
 30
0.0
 10
1136.566943172445
 20
-847.1227071319636
 30
0.0
 10
1136.566760109341
 20
-835.1551849558336
 30
0.0
 10
1136.566516025199
 20
-820.8480482897321
 30
0.0
 10
1134.327837292338
 20
-818.7792870689409
 30
0.0
 10
1120.101393053817
 20
-818.7687910089426
 30
0.0
 10
1116.403030128502
 20
-818.7660449467348
 30
0.0
 10
1115.781958028219
 20
-820.0504087535246
 30
0.0
 10
1115.853657745043
 20
-823.3434255305383
 30
0.0
 10
1116.059908845353
 20
-832.8132515688858
 30
0.0
 10
1115.926333798434
 20
-842.2904309515925
 30
0.0
 10
1115.927066050863
 20
-851.764742224881
 30
0.0
  0
HATCH
  5
C1
330
8D
100
AcDbEntity
  8
katman 1
 62
   230
420
 15663230
100
AcDbHatch
 10
0.0
 20
0.0
 30
0.0
210
0.0
220
0.0
230
1.0
  2
SOLID
 70
     1
 71
     0
 91
        2
 92
        1
 93
        1
 72
     4
 94
        3
 73
     0
 74
     1
 95
       59
 96
       55
 40
0.0
 40
0.0
 40
0.0
 40
0.0
 40
1.0
 40
1.0
 40
1.0
 40
2.0
 40
2.0
 40
2.0
 40
3.0
 40
3.0
 40
3.0
 40
4.0
 40
4.0
 40
4.0
 40
5.0
 40
5.0
 40
5.0
 40
6.0
 40
6.0
 40
6.0
 40
7.0
 40
7.0
 40
7.0
 40
8.0
 40
8.0
 40
8.0
 40
9.0
 40
9.0
 40
9.0
 40
10.0
 40
10.0
 40
10.0
 40
11.0
 40
11.0
 40
11.0
 40
12.0
 40
12.0
 40
12.0
 40
13.0
 40
13.0
 40
13.0
 40
14.0
 40
14.0
 40
14.0
 40
15.0
 40
15.0
 40
15.0
 40
16.0
 40
16.0
 40
16.0
 40
17.0
 40
17.0
 40
17.0
 40
18.0
 40
18.0
 40
18.0
 40
18.0
 10
1115.927005029826
 20
-889.8488110836297
 10
1115.927005029826
 20
-921.004595501744
 10
1115.845297863165
 20
-952.1608681086973
 10
1116.023845413314
 20
-983.31567614914
 10
1116.047948722375
 20
-987.5092182597791
 10
1115.325276597829
 20
-989.4013771687487
 10
1110.690362818208
 20
-988.8095702509809
 10
1106.100116436639
 20
-988.2233775048435
 10
1100.009606873944
 20
-990.6709122396123
 10
1097.160351658928
 20
-987.9304642025845
 10
1094.050109474669
 20
-984.9389650560834
 10
1096.201589147662
 20
-978.7872364962523
 10
1096.195059896854
 20
-974.032155175747
 10
1096.115854592652
 20
-916.3837355996375
 10
1096.197561759316
 20
-858.7350414173061
 10
1096.037259498808
 20
-801.0869879828233
 10
1096.024994270654
 20
-796.6688179835164
 10
1097.083221069934
 20
-795.3583055621402
 10
1101.543492645684
 20
-795.5693556987762
 10
1109.6890076241
 20
-795.9548418092663
 10
1117.865826393772
 20
-795.6757198416581
 10
1126.029586661833
 20
-795.6798999585753
 10
1143.001306270718
 20
-795.6885653104346
 10
1154.863002316841
 20
-806.2090652616153
 10
1155.795159656584
 20
-823.3634717846617
 10
1156.816346687261
 20
-842.1551111083099
 10
1156.709254769794
 20
-861.0154324989771
 10
1155.785274248818
 20
-879.816194851519
 10
1155.314802064386
 20
-889.3893033407148
 10
1150.735661511295
 20
-897.4090864856835
 10
1142.742332995655
 20
-902.9678181674526
 10
1140.22338464631
 20
-904.7195922739584
 10
1139.808014457016
 20
-906.1415948210079
 10
1140.565956740138
 20
-909.0501018652058
 10
1147.029304830317
 20
-933.8509491200521
 10
1153.228004689121
 20
-958.7206310009306
 10
1159.656021599691
 20
-983.5308453790885
 10
1160.636507599625
 20
-987.3150411498236
 10
1160.697345572113
 20
-989.4213318874672
 10
1155.790705120988
 20
-988.8104856050513
 10
1152.509359952925
 20
-988.4020546192178
 10
1149.09492790623
 20
-988.4038853273587
 10
1145.81407090645
 20
-988.8141470213295
 10
1141.487618461757
 20
-989.3551823000407
 10
1140.168587756347
 20
-987.3755155420176
 10
1139.250953423074
 20
-983.5006386947925
 10
1132.269902866912
 20
-954.0227287979678
 10
1125.072227634388
 20
-924.5961397526416
 10
1117.934353016746
 20
-895.1553932310408
 10
1117.508853335545
 20
-893.4004764088959
 10
1117.01806114626
 20
-891.6614562357599
 10
1116.557657432699
 20
-889.91502169466
 10
1116.347439965073
 20
-889.8929616615842
 10
1116.137222497451
 20
-889.8708711167055
 10
1115.927005029826
 20
-889.8488110836297
 97
        0
 97
        0
 92
        1
 93
        1
 72
     4
 94
        3
 73
     0
 74
     1
 95
       29
 96
       25
 40
0.0
 40
0.0
 40
0.0
 40
0.0
 40
1.0
 40
1.0
 40
1.0
 40
2.0
 40
2.0
 40
2.0
 40
3.0
 40
3.0
 40
3.0
 40
4.0
 40
4.0
 40
4.0
 40
5.0
 40
5.0
 40
5.0
 40
6.0
 40
6.0
 40
6.0
 40
7.0
 40
7.0
 40
7.0
 40
8.0
 40
8.0
 40
8.0
 40
8.0
 10
1115.927066050863
 20
-851.764742224881
 10
1115.927066050863
 20
-861.4052512853968
 10
1116.005905228852
 20
-871.0468282589945
 10
1115.874465918179
 20
-880.6855371231741
 10
1115.839378822715
 20
-883.2611909158804
 10
1116.551494308103
 20
-884.3895783892194
 10
1119.22525302475
 20
-884.093278276905
 10
1120.702999443743
 20
-883.9295519456646
 10
1122.21381926403
 20
-884.0660922610396
 10
1123.709688930598
 20
-884.0639259230757
 10
1133.092832552938
 20
-884.0504091946477
 10
1136.537164907077
 20
-880.5925676615107
 10
1136.559498606104
 20
-871.0577514842244
 10
1136.587507261444
 20
-859.0903208435011
 10
1136.566943172445
 20
-847.1227071319636
 10
1136.566760109341
 20
-835.1551849558336
 10
1136.566516025199
 20
-820.8480482897321
 10
1134.327837292338
 20
-818.7792870689409
 10
1120.101393053817
 20
-818.7687910089426
 10
1116.403030128502
 20
-818.7660449467348
 10
1115.781958028219
 20
-820.0504087535246
 10
1115.853657745043
 20
-823.3434255305383
 10
1116.059908845353
 20
-832.8132515688858
 10
1115.926333798434
 20
-842.2904309515925
 10
1115.927066050863
 20
-851.764742224881
 97
        0
 97
        0
 75
     2
 76
     1
 98
        0
  0
SPLINE
  5
C2
330
8D
100
AcDbEntity
  8
katman 1
370
     0
100
AcDbSpline
210
0.0
220
0.0
230
1.0
 70
    11
 71
     3
 72
    38
 73
    34
 74
     0
 42
0.0000000001
 43
0.0000000001
 12
1.0
 22
0.0
 32
0.0
 13
1.0
 23
0.0
 33
0.0
 40
0.0
 40
0.0
 40
0.0
 40
0.0
 40
1.0
 40
1.0
 40
1.0
 40
2.0
 40
2.0
 40
2.0
 40
3.0
 40
3.0
 40
3.0
 40
4.0
 40
4.0
 40
4.0
 40
5.0
 40
5.0
 40
5.0
 40
6.0
 40
6.0
 40
6.0
 40
7.0
 40
7.0
 40
7.0
 40
8.0
 40
8.0
 40
8.0
 40
9.0
 40
9.0
 40
9.0
 40
10.0
 40
10.0
 40
10.0
 40
11.0
 40
11.0
 40
11.0
 40
11.0
 10
892.2428050611106
 20
-1131.062610373821
 30
0.0
 10
892.2426830190398
 20
-1157.715585053
 30
0.0
 10
892.2188237941218
 20
-1184.368559732175
 30
0.0
 10
892.252537916288
 20
-1211.021534411353
 30
0.0
 10
892.2700204429857
 20
-1224.833861179257
 30
0.0
 10
887.4056675695283
 20
-1236.383981899675
 30
0.0
 10
876.5469437749534
 20
-1245.133790426913
 30
0.0
 10
871.3842590584736
 20
-1249.293830578605
 30
0.0
 10
865.4587503760258
 20
-1251.907349517987
 30
0.0
 10
858.8264045277683
 20
-1252.553345396675
 30
0.0
 10
852.0216132329206
 20
-1253.216122766633
 30
0.0
 10
845.155221202639
 20
-1253.379177838222
 30
0.0
 10
838.3795979628057
 20
-1252.547670201442
 30
0.0
 10
819.935715359682
 20
-1250.284060611044
 30
0.0
 10
805.6228958452766
 20
-1234.066488466382
 30
0.0
 10
804.959566677845
 20
-1214.644749913059
 30
0.0
 10
804.6356365103911
 20
-1205.160278209598
 30
0.0
 10
804.8457319359431
 20
-1195.657011235908
 30
0.0
 10
804.8443894731608
 20
-1186.162226543263
 30
0.0
 10
804.8379517539051
 20
-1140.852139076858
 30
0.0
 10
804.768387773328
 20
-1095.541807516038
 30
0.0
 10
804.8805749472676
 20
-1050.232025167654
 30
0.0
 10
804.9218251673301
 20
-1033.568553543912
 30
0.0
 10
811.3693382987722
 20
-1019.286467067512
 30
0.0
 10
826.9679625647086
 20
-1012.938547618778
 30
0.0
 10
852.5191482466407
 20
-1002.540430506695
 30
0.0
 10
883.8674543521292
 20
-1008.282568632203
 30
0.0
 10
891.3616307966067
 20
-1040.671701123632
 30
0.0
 10
892.2320043378104
 20
-1044.433379184255
 30
0.0
 10
892.2417066824701
 20
-1048.270482420212
 30
0.0
 10
892.2419507666127
 20
-1052.103191956634
 30
0.0
 10
892.2438424187158
 20
-1078.422977754493
 30
0.0
 10
892.2429576137001
 20
-1104.742824575958
 30
0.0
 10
892.2428050611106
 20
-1131.062610373821
 30
0.0
  0
SPLINE
  5
C3
330
8D
100
AcDbEntity
  8
katman 1
370
     0
100
AcDbSpline
210
0.0
220
0.0
230
1.0
 70
    11
 71
     3
 72
    32
 73
    28
 74
     0
 42
0.0000000001
 43
0.0000000001
 12
1.0
 22
0.0
 32
0.0
 13
1.0
 23
0.0
 33
0.0
 40
0.0
 40
0.0
 40
0.0
 40
0.0
 40
1.0
 40
1.0
 40
1.0
 40
2.0
 40
2.0
 40
2.0
 40
3.0
 40
3.0
 40
3.0
 40
4.0
 40
4.0
 40
4.0
 40
5.0
 40
5.0
 40
5.0
 40
6.0
 40
6.0
 40
6.0
 40
7.0
 40
7.0
 40
7.0
 40
8.0
 40
8.0
 40
8.0
 40
9.0
 40
9.0
 40
9.0
 40
9.0
 10
861.4420101974947
 20
-1131.180996166815
 30
0.0
 10
861.4420101974947
 20
-1117.351155624379
 30
0.0
 10
861.4420407080124
 20
-1103.521254058342
 30
0.0
 10
861.4420101974947
 20
-1089.691413515906
 30
0.0
 10
861.441979686977
 20
-1077.194572593155
 30
0.0
 10
861.5126420461957
 20
-1064.697121434361
 30
0.0
 10
861.4172966780789
 20
-1052.201012794867
 30
0.0
 10
861.3524008067243
 20
-1043.697739630359
 30
0.0
 10
856.6767249753248
 20
-1039.087162205633
 30
0.0
 10
848.4607612113159
 20
-1039.107238971559
 30
0.0
 10
840.1232740549212
 20
-1039.127620855506
 30
0.0
 10
835.6984862113686
 20
-1043.823509279515
 30
0.0
 10
835.694458823019
 20
-1052.84725276797
 30
0.0
 10
835.6734675867747
 20
-1100.168678243201
 30
0.0
 10
835.6842988205926
 20
-1147.490164742037
 30
0.0
 10
835.685000562502
 20
-1194.811590217272
 30
0.0
 10
835.6850615835383
 20
-1200.143588696013
 30
0.0
 10
835.5847735115385
 20
-1205.478333236962
 30
0.0
 10
835.7230471781959
 20
-1210.806853370243
 30
0.0
 10
835.8725182048847
 20
-1216.567542671557
 30
0.0
 10
839.32600371436
 20
-1220.986811095747
 30
0.0
 10
844.3874545327881
 20
-1222.264584353237
 30
0.0
 10
854.1875854018681
 20
-1224.738603332422
 30
0.0
 10
861.3988683253292
 20
-1219.274854891268
 30
0.0
 10
861.421598661088
 20
-1209.161351871211
 30
0.0
 10
861.4800568131877
 20
-1183.167981334551
 30
0.0
 10
861.4411559029959
 20
-1157.174488750683
 30
0.0
 10
861.4420101974947
 20
-1131.180996166815
 30
0.0
  0
HATCH
  5
C4
330
8D
100
AcDbEntity
  8
katman 1
 62
    40
420
 15977984
100
AcDbHatch
 10
0.0
 20
0.0
 30
0.0
210
0.0
220
0.0
230
1.0
  2
SOLID
 70
     1
 71
     0
 91
        2
 92
        1
 93
        1
 72
     4
 94
        3
 73
     0
 74
     1
 95
       38
 96
       34
 40
0.0
 40
0.0
 40
0.0
 40
0.0
 40
1.0
 40
1.0
 40
1.0
 40
2.0
 40
2.0
 40
2.0
 40
3.0
 40
3.0
 40
3.0
 40
4.0
 40
4.0
 40
4.0
 40
5.0
 40
5.0
 40
5.0
 40
6.0
 40
6.0
 40
6.0
 40
7.0
 40
7.0
 40
7.0
 40
8.0
 40
8.0
 40
8.0
 40
9.0
 40
9.0
 40
9.0
 40
10.0
 40
10.0
 40
10.0
 40
11.0
 40
11.0
 40
11.0
 40
11.0
 10
892.2428050611106
 20
-1131.062610373821
 10
892.2426830190398
 20
-1157.715585053
 10
892.2188237941218
 20
-1184.368559732175
 10
892.252537916288
 20
-1211.021534411353
 10
892.2700204429857
 20
-1224.833861179257
 10
887.4056675695283
 20
-1236.383981899675
 10
876.5469437749534
 20
-1245.133790426913
 10
871.3842590584736
 20
-1249.293830578605
 10
865.4587503760258
 20
-1251.907349517987
 10
858.8264045277683
 20
-1252.553345396675
 10
852.0216132329206
 20
-1253.216122766633
 10
845.155221202639
 20
-1253.379177838222
 10
838.3795979628057
 20
-1252.547670201442
 10
819.935715359682
 20
-1250.284060611044
 10
805.6228958452766
 20
-1234.066488466382
 10
804.959566677845
 20
-1214.644749913059
 10
804.6356365103911
 20
-1205.160278209598
 10
804.8457319359431
 20
-1195.657011235908
 10
804.8443894731608
 20
-1186.162226543263
 10
804.8379517539051
 20
-1140.852139076858
 10
804.768387773328
 20
-1095.541807516038
 10
804.8805749472676
 20
-1050.232025167654
 10
804.9218251673301
 20
-1033.568553543912
 10
811.3693382987722
 20
-1019.286467067512
 10
826.9679625647086
 20
-1012.938547618778
 10
852.5191482466407
 20
-1002.540430506695
 10
883.8674543521292
 20
-1008.282568632203
 10
891.3616307966067
 20
-1040.671701123632
 10
892.2320043378104
 20
-1044.433379184255
 10
892.2417066824701
 20
-1048.270482420212
 10
892.2419507666127
 20
-1052.103191956634
 10
892.2438424187158
 20
-1078.422977754493
 10
892.2429576137001
 20
-1104.742824575958
 10
892.2428050611106
 20
-1131.062610373821
 97
        0
 97
        0
 92
        1
 93
        1
 72
     4
 94
        3
 73
     0
 74
     1
 95
       32
 96
       28
 40
0.0
 40
0.0
 40
0.0
 40
0.0
 40
1.0
 40
1.0
 40
1.0
 40
2.0
 40
2.0
 40
2.0
 40
3.0
 40
3.0
 40
3.0
 40
4.0
 40
4.0
 40
4.0
 40
5.0
 40
5.0
 40
5.0
 40
6.0
 40
6.0
 40
6.0
 40
7.0
 40
7.0
 40
7.0
 40
8.0
 40
8.0
 40
8.0
 40
9.0
 40
9.0
 40
9.0
 40
9.0
 10
861.4420101974947
 20
-1131.180996166815
 10
861.4420101974947
 20
-1117.351155624379
 10
861.4420407080124
 20
-1103.521254058342
 10
861.4420101974947
 20
-1089.691413515906
 10
861.441979686977
 20
-1077.194572593155
 10
861.5126420461957
 20
-1064.697121434361
 10
861.4172966780789
 20
-1052.201012794867
 10
861.3524008067243
 20
-1043.697739630359
 10
856.6767249753248
 20
-1039.087162205633
 10
848.4607612113159
 20
-1039.107238971559
 10
840.1232740549212
 20
-1039.127620855506
 10
835.6984862113686
 20
-1043.823509279515
 10
835.694458823019
 20
-1052.84725276797
 10
835.6734675867747
 20
-1100.168678243201
 10
835.6842988205926
 20
-1147.490164742037
 10
835.685000562502
 20
-1194.811590217272
 10
835.6850615835383
 20
-1200.143588696013
 10
835.5847735115385
 20
-1205.478333236962
 10
835.7230471781959
 20
-1210.806853370243
 10
835.8725182048847
 20
-1216.567542671557
 10
839.32600371436
 20
-1220.986811095747
 10
844.3874545327881
 20
-1222.264584353237
 10
854.1875854018681
 20
-1224.738603332422
 10
861.3988683253292
 20
-1219.274854891268
 10
861.421598661088
 20
-1209.161351871211
 10
861.4800568131877
 20
-1183.167981334551
 10
861.4411559029959
 20
-1157.174488750683
 10
861.4420101974947
 20
-1131.180996166815
 97
        0
 97
        0
 75
     2
 76
     1
 98
        0
  0
SPLINE
  5
C5
330
8D
100
AcDbEntity
  8
katman 1
370
     0
100
AcDbSpline
210
0.0
220
0.0
230
1.0
 70
    11
 71
     3
 72
    80
 73
    76
 74
     0
 42
0.0000000001
 43
0.0000000001
 12
1.0
 22
0.0
 32
0.0
 13
1.0
 23
0.0
 33
0.0
 40
0.0
 40
0.0
 40
0.0
 40
0.0
 40
1.0
 40
1.0
 40
1.0
 40
2.0
 40
2.0
 40
2.0
 40
3.0
 40
3.0
 40
3.0
 40
4.0
 40
4.0
 40
4.0
 40
5.0
 40
5.0
 40
5.0
 40
6.0
 40
6.0
 40
6.0
 40
7.0
 40
7.0
 40
7.0
 40
8.0
 40
8.0
 40
8.0
 40
9.0
 40
9.0
 40
9.0
 40
10.0
 40
10.0
 40
10.0
 40
11.0
 40
11.0
 40
11.0
 40
12.0
 40
12.0
 40
12.0
 40
13.0
 40
13.0
 40
13.0
 40
14.0
 40
14.0
 40
14.0
 40
15.0
 40
15.0
 40
15.0
 40
16.0
 40
16.0
 40
16.0
 40
17.0
 40
17.0
 40
17.0
 40
18.0
 40
18.0
 40
18.0
 40
19.0
 40
19.0
 40
19.0
 40
20.0
 40
20.0
 40
20.0
 40
21.0
 40
21.0
 40
21.0
 40
22.0
 40
22.0
 40
22.0
 40
23.0
 40
23.0
 40
23.0
 40
24.0
 40
24.0
 40
24.0
 40
25.0
 40
25.0
 40
25.0
 40
25.0
 10
1016.976758214503
 20
-892.3051332174682
 30
0.0
 10
1016.976941277608
 20
-861.6449825162126
 30
0.0
 10
1017.044430542977
 20
-830.9845266969332
 30
0.0
 10
1016.889070986352
 20
-800.3251693025377
 30
0.0
 10
1016.870215486353
 20
-796.6064518595776
 30
0.0
 10
1017.76893329859
 20
-795.5017110330364
 30
0.0
 10
1021.570726879239
 20
-795.5683793211019
 30
0.0
 10
1035.063149080594
 20
-795.8050593716853
 30
0.0
 10
1048.564907500393
 20
-795.811222755754
 30
0.0
 10
1062.056963575535
 20
-795.5653586526723
 30
0.0
 10
1065.898664913464
 20
-795.4953340663515
 30
0.0
 10
1066.918570502392
 20
-796.6393740942794
 30
0.0
 10
1066.691816334122
 20
-800.3406692981152
 30
0.0
 10
1066.366269109225
 20
-805.6529266407579
 30
0.0
 10
1066.339908021848
 20
-811.0179083778066
 30
0.0
 10
1066.694013091404
 20
-816.3264737923682
 30
0.0
 10
1066.974526792033
 20
-820.5312137344572
 30
0.0
 10
1066.050851376236
 20
-822.2478382446925
 30
0.0
 10
1061.354306350662
 20
-821.9300273117442
 30
0.0
 10
1054.387961864079
 20
-821.4586504777271
 30
0.0
 10
1047.362854120216
 20
-821.9309121540109
 30
0.0
 10
1040.369477314864
 20
-821.7471090568451
 30
0.0
 10
1037.522296815056
 20
-821.6722941175603
 30
0.0
 10
1036.698878960742
 20
-822.573551734441
 30
0.0
 10
1036.725972300548
 20
-825.4044062417379
 30
0.0
 10
1036.858143863643
 20
-839.2335145009183
 30
0.0
 10
1036.86265942028
 20
-853.0653993341084
 30
0.0
 10
1036.722066954269
 20
-866.8943550342765
 30
0.0
 10
1036.693326046505
 20
-869.7197479289589
 30
0.0
 10
1037.482389057779
 20
-870.6000134258447
 30
0.0
 10
1040.320416402246
 20
-870.5111020338882
 30
0.0
 10
1046.645917973015
 20
-870.3129278778306
 30
0.0
 10
1052.984966213688
 20
-870.5652299712019
 30
0.0
 10
1059.312115352419
 20
-870.3943943900213
 30
0.0
 10
1062.018825428288
 20
-870.321318623468
 30
0.0
 10
1063.181337177401
 20
-870.9291747492553
 30
0.0
 10
1063.078943879675
 20
-873.9287290115708
 30
0.0
 10
1062.863051455741
 20
-880.253367955137
 30
0.0
 10
1062.859878361891
 20
-886.5957647676523
 30
0.0
 10
1063.0796761321
 20
-892.9200985931957
 30
0.0
 10
1063.182374535005
 20
-895.8741597582548
 30
0.0
 10
1062.098274816632
 20
-896.523420399787
 30
0.0
 10
1059.383326900959
 20
-896.4484223896898
 30
0.0
 10
1053.05642184637
 20
-896.2736507860091
 30
0.0
 10
1046.717556668806
 20
-896.5218948096726
 30
0.0
 10
1040.391444887679
 20
-896.3333013595411
 30
0.0
 10
1037.56366907719
 20
-896.2490277615389
 30
0.0
 10
1036.706079442942
 20
-897.100337558023
 30
0.0
 10
1036.723348396015
 20
-899.9736034705429
 30
0.0
 10
1036.841668184035
 20
-919.6353783727072
 30
0.0
 10
1036.859242242284
 20
-939.2987398885916
 30
0.0
 10
1036.710533978541
 20
-958.9600876255236
 30
0.0
 10
1036.686491690518
 20
-962.133070972216
 30
0.0
 10
1037.695352472001
 20
-962.9100845300554
 30
0.0
 10
1040.685261174065
 20
-962.832706599379
 30
0.0
 10
1048.011873854801
 20
-962.6431672833742
 30
0.0
 10
1055.349531342978
 20
-962.8879939851786
 30
0.0
 10
1062.676632192
 20
-962.7080048633024
 30
0.0
 10
1065.564513722547
 20
-962.6370649229129
 30
0.0
 10
1066.849250605956
 20
-963.1576878058722
 30
0.0
 10
1066.692060418263
 20
-966.471696702879
 30
0.0
 10
1066.400257826052
 20
-972.6231811682874
 30
0.0
 10
1066.419906599513
 20
-978.806642002527
 30
0.0
 10
1066.686446482989
 20
-984.9604453649144
 30
0.0
 10
1066.825635465182
 20
-988.1741924795051
 30
0.0
 10
1065.689850929659
 20
-988.838678510393
 30
0.0
 10
1062.712207455752
 20
-988.8078615900513
 30
0.0
 10
1048.883925474482
 20
-988.6644561191561
 30
0.0
 10
1035.051188957619
 20
-988.6134403856804
 30
0.0
 10
1021.22485964949
 20
-988.8323930791184
 30
0.0
 10
1017.56713673388
 20
-988.8903044799181
 30
0.0
 10
1016.893342458843
 20
-987.6306552330052
 30
0.0
 10
1016.906339939425
 20
-984.2853412268187
 30
0.0
 10
1017.02581912712
 20
-953.6256176907946
 30
0.0
 10
1016.976636172429
 20
-922.9652839187247
 30
0.0
 10
1016.976758214503
 20
-892.3051332174682
 30
0.0
  0
HATCH
  5
C6
330
8D
100
AcDbEntity
  8
katman 1
 62
   230
420
 15663230
100
AcDbHatch
 10
0.0
 20
0.0
 30
0.0
210
0.0
220
0.0
230
1.0
  2
SOLID
 70
     1
 71
     0
 91
        1
 92
        1
 93
        1
 72
     4
 94
        3
 73
     0
 74
     1
 95
       80
 96
       76
 40
0.0
 40
0.0
 40
0.0
 40
0.0
 40
1.0
 40
1.0
 40
1.0
 40
2.0
 40
2.0
 40
2.0
 40
3.0
 40
3.0
 40
3.0
 40
4.0
 40
4.0
 40
4.0
 40
5.0
 40
5.0
 40
5.0
 40
6.0
 40
6.0
 40
6.0
 40
7.0
 40
7.0
 40
7.0
 40
8.0
 40
8.0
 40
8.0
 40
9.0
 40
9.0
 40
9.0
 40
10.0
 40
10.0
 40
10.0
 40
11.0
 40
11.0
 40
11.0
 40
12.0
 40
12.0
 40
12.0
 40
13.0
 40
13.0
 40
13.0
 40
14.0
 40
14.0
 40
14.0
 40
15.0
 40
15.0
 40
15.0
 40
16.0
 40
16.0
 40
16.0
 40
17.0
 40
17.0
 40
17.0
 40
18.0
 40
18.0
 40
18.0
 40
19.0
 40
19.0
 40
19.0
 40
20.0
 40
20.0
 40
20.0
 40
21.0
 40
21.0
 40
21.0
 40
22.0
 40
22.0
 40
22.0
 40
23.0
 40
23.0
 40
23.0
 40
24.0
 40
24.0
 40
24.0
 40
25.0
 40
25.0
 40
25.0
 40
25.0
 10
1016.976758214503
 20
-892.3051332174682
 10
1016.976941277608
 20
-861.6449825162126
 10
1017.044430542977
 20
-830.9845266969332
 10
1016.889070986352
 20
-800.3251693025377
 10
1016.870215486353
 20
-796.6064518595776
 10
1017.76893329859
 20
-795.5017110330364
 10
1021.570726879239
 20
-795.5683793211019
 10
1035.063149080594
 20
-795.8050593716853
 10
1048.564907500393
 20
-795.811222755754
 10
1062.056963575535
 20
-795.5653586526723
 10
1065.898664913464
 20
-795.4953340663515
 10
1066.918570502392
 20
-796.6393740942794
 10
1066.691816334122
 20
-800.3406692981152
 10
1066.366269109225
 20
-805.6529266407579
 10
1066.339908021848
 20
-811.0179083778066
 10
1066.694013091404
 20
-816.3264737923682
 10
1066.974526792033
 20
-820.5312137344572
 10
1066.050851376236
 20
-822.2478382446925
 10
1061.354306350662
 20
-821.9300273117442
 10
1054.387961864079
 20
-821.4586504777271
 10
1047.362854120216
 20
-821.9309121540109
 10
1040.369477314864
 20
-821.7471090568451
 10
1037.522296815056
 20
-821.6722941175603
 10
1036.698878960742
 20
-822.573551734441
 10
1036.725972300548
 20
-825.4044062417379
 10
1036.858143863643
 20
-839.2335145009183
 10
1036.86265942028
 20
-853.0653993341084
 10
1036.722066954269
 20
-866.8943550342765
 10
1036.693326046505
 20
-869.7197479289589
 10
1037.482389057779
 20
-870.6000134258447
 10
1040.320416402246
 20
-870.5111020338882
 10
1046.645917973015
 20
-870.3129278778306
 10
1052.984966213688
 20
-870.5652299712019
 10
1059.312115352419
 20
-870.3943943900213
 10
1062.018825428288
 20
-870.321318623468
 10
1063.181337177401
 20
-870.9291747492553
 10
1063.078943879675
 20
-873.9287290115708
 10
1062.863051455741
 20
-880.253367955137
 10
1062.859878361891
 20
-886.5957647676523
 10
1063.0796761321
 20
-892.9200985931957
 10
1063.182374535005
 20
-895.8741597582548
 10
1062.098274816632
 20
-896.523420399787
 10
1059.383326900959
 20
-896.4484223896898
 10
1053.05642184637
 20
-896.2736507860091
 10
1046.717556668806
 20
-896.5218948096726
 10
1040.391444887679
 20
-896.3333013595411
 10
1037.56366907719
 20
-896.2490277615389
 10
1036.706079442942
 20
-897.100337558023
 10
1036.723348396015
 20
-899.9736034705429
 10
1036.841668184035
 20
-919.6353783727072
 10
1036.859242242284
 20
-939.2987398885916
 10
1036.710533978541
 20
-958.9600876255236
 10
1036.686491690518
 20
-962.133070972216
 10
1037.695352472001
 20
-962.9100845300554
 10
1040.685261174065
 20
-962.832706599379
 10
1048.011873854801
 20
-962.6431672833742
 10
1055.349531342978
 20
-962.8879939851786
 10
1062.676632192
 20
-962.7080048633024
 10
1065.564513722547
 20
-962.6370649229129
 10
1066.849250605956
 20
-963.1576878058722
 10
1066.692060418263
 20
-966.471696702879
 10
1066.400257826052
 20
-972.6231811682874
 10
1066.419906599513
 20
-978.806642002527
 10
1066.686446482989
 20
-984.9604453649144
 10
1066.825635465182
 20
-988.1741924795051
 10
1065.689850929659
 20
-988.838678510393
 10
1062.712207455752
 20
-988.8078615900513
 10
1048.883925474482
 20
-988.6644561191561
 10
1035.051188957619
 20
-988.6134403856804
 10
1021.22485964949
 20
-988.8323930791184
 10
1017.56713673388
 20
-988.8903044799181
 10
1016.893342458843
 20
-987.6306552330052
 10
1016.906339939425
 20
-984.2853412268187
 10
1017.02581912712
 20
-953.6256176907946
 10
1016.976636172429
 20
-922.9652839187247
 10
1016.976758214503
 20
-892.3051332174682
 97
        0
 97
        0
 75
     2
 76
     1
 98
        0
  0
SPLINE
  5
C7
330
8D
100
AcDbEntity
  8
katman 1
370
     0
100
AcDbSpline
210
0.0
220
0.0
230
1.0
 70
    11
 71
     3
 72
    80
 73
    76
 74
     0
 42
0.0000000001
 43
0.0000000001
 12
1.0
 22
0.0
 32
0.0
 13
1.0
 23
0.0
 33
0.0
 40
0.0
 40
0.0
 40
0.0
 40
0.0
 40
1.0
 40
1.0
 40
1.0
 40
2.0
 40
2.0
 40
2.0
 40
3.0
 40
3.0
 40
3.0
 40
4.0
 40
4.0
 40
4.0
 40
5.0
 40
5.0
 40
5.0
 40
6.0
 40
6.0
 40
6.0
 40
7.0
 40
7.0
 40
7.0
 40
8.0
 40
8.0
 40
8.0
 40
9.0
 40
9.0
 40
9.0
 40
10.0
 40
10.0
 40
10.0
 40
11.0
 40
11.0
 40
11.0
 40
12.0
 40
12.0
 40
12.0
 40
13.0
 40
13.0
 40
13.0
 40
14.0
 40
14.0
 40
14.0
 40
15.0
 40
15.0
 40
15.0
 40
16.0
 40
16.0
 40
16.0
 40
17.0
 40
17.0
 40
17.0
 40
18.0
 40
18.0
 40
18.0
 40
19.0
 40
19.0
 40
19.0
 40
20.0
 40
20.0
 40
20.0
 40
21.0
 40
21.0
 40
21.0
 40
22.0
 40
22.0
 40
22.0
 40
23.0
 40
23.0
 40
23.0
 40
24.0
 40
24.0
 40
24.0
 40
25.0
 40
25.0
 40
25.0
 40
25.0
 10
764.7481382153501
 20
-892.166548611337
 30
0.0
 10
764.7484433205282
 20
-861.6852580952727
 30
0.0
 10
764.8327133706844
 20
-831.2034488785685
 30
0.0
 10
764.6501994532209
 20
-800.7232567873862
 30
0.0
 10
764.625180828627
 20
-796.5450316015113
 30
0.0
 10
765.7436964110757
 20
-795.4686057275212
 30
0.0
 10
769.8874518751973
 20
-795.5553507815121
 30
0.0
 10
783.3727041048687
 20
-795.8376764883642
 30
0.0
 10
796.8683909316278
 20
-795.7419914762941
 30
0.0
 10
810.3580671863801
 20
-795.6007828551647
 30
0.0
 10
813.3691806983134
 20
-795.5692336515667
 30
0.0
 10
814.4772311731576
 20
-796.3578111824854
 30
0.0
 10
814.3585452589259
 20
-799.511389022904
 30
0.0
 10
814.1269399183266
 20
-805.6655585269182
 30
0.0
 10
814.1219056828904
 20
-811.8410862925539
 30
0.0
 10
814.3591249587644
 20
-817.9948286313347
 30
0.0
 10
814.482448471701
 20
-821.1943572460459
 30
0.0
 10
813.2884498682215
 20
-821.9396080176721
 30
0.0
 10
810.3216681386484
 20
-821.866166109492
 30
0.0
 10
802.9976183414083
 20
-821.6848649801159
 30
0.0
 10
795.6620050579231
 20
-821.9489751409837
 30
0.0
 10
788.3395112970902
 20
-821.7388708702192
 30
0.0
 10
785.2731737479444
 20
-821.6508443205312
 30
0.0
 10
784.3534646994631
 20
-822.550759418109
 30
0.0
 10
784.3892230263218
 20
-825.6526197535986
 30
0.0
 10
784.5485184397412
 20
-839.4756256523142
 30
0.0
 10
784.5232252204869
 20
-853.3020793846918
 30
0.0
 10
784.4022510174209
 20
-867.1258785902683
 30
0.0
 10
784.3795511921799
 20
-869.7194733227379
 30
0.0
 10
785.0769300974725
 20
-870.5765193380594
 30
0.0
 10
787.7237175163873
 20
-870.5056404212737
 30
0.0
 10
794.2147996672438
 20
-870.3317536598606
 30
0.0
 10
800.7167740729537
 20
-870.566023278062
 30
0.0
 10
807.2079477553634
 20
-870.3937841539746
 30
0.0
 10
809.9846489590591
 20
-870.3200981513755
 30
0.0
 10
811.0145619978248
 20
-871.087531003288
 30
0.0
 10
810.9186369298704
 20
-874.0119957200977
 30
0.0
 10
810.7112569404017
 20
-880.3346513965134
 30
0.0
 10
810.6794344703394
 20
-886.6757056897268
 30
0.0
 10
810.9290715269572
 20
-892.9952796741081
 30
0.0
 10
811.0523035083397
 20
-896.1157216972088
 30
0.0
 10
809.7210075747726
 20
-896.5003534772359
 30
0.0
 10
807.125172720579
 20
-896.440428297482
 30
0.0
 10
800.7993355341132
 20
-896.29430727618
 30
0.0
 10
794.4645282554147
 20
-896.5137176466515
 30
0.0
 10
788.1402776158739
 20
-896.3367491932031
 30
0.0
 10
785.3622644599127
 20
-896.2589746090953
 30
0.0
 10
784.379856297358
 20
-897.0253395479258
 30
0.0
 10
784.3969726978421
 20
-899.9509026896185
 30
0.0
 10
784.5127296023647
 20
-919.7713694756412
 30
0.0
 10
784.5031492997769
 20
-939.5930872455565
 30
0.0
 10
784.4040816484885
 20
-959.4137676141972
 30
0.0
 10
784.3907180416936
 20
-962.0913613384464
 30
0.0
 10
785.2966058256134
 20
-962.8569634822188
 30
0.0
 10
787.8580248157314
 20
-962.8142469589757
 30
0.0
 10
795.3510418605329
 20
-962.6893011284801
 30
0.0
 10
802.8500084563047
 20
-962.8831120968089
 30
0.0
 10
810.3412864015918
 20
-962.7145649008007
 30
0.0
 10
813.2433248123989
 20
-962.6493306674447
 30
0.0
 10
814.5085349644178
 20
-963.2617940753798
 30
0.0
 10
814.3669051408024
 20
-966.5238718848441
 30
0.0
 10
814.0998160680047
 20
-972.6751732794392
 30
0.0
 10
814.1776483989061
 20
-978.8492975021682
 30
0.0
 10
814.3426187686355
 20
-985.0077386585062
 30
0.0
 10
814.4153558430644
 20
-987.7234721356572
 30
0.0
 10
813.7425073940803
 20
-988.8327592207452
 30
0.0
 10
810.7727661442814
 20
-988.8045663154035
 30
0.0
 10
796.6166791597998
 20
-988.6701923379906
 30
0.0
 10
782.4554053872935
 20
-988.5784738602224
 30
0.0
 10
768.3031627280552
 20
-988.8486863815551
 30
0.0
 10
764.1165704969462
 20
-988.9285662800239
 30
0.0
 10
764.7444159321785
 20
-986.5811712804634
 30
0.0
 10
764.744782058392
 20
-984.1101424579056
 30
0.0
 10
764.7494196570979
 20
-953.4622880129818
 30
0.0
 10
764.747833110172
 20
-922.8144030562607
 30
0.0
 10
764.7481382153501
 20
-892.166548611337
 30
0.0
  0
HATCH
  5
C8
330
8D
100
AcDbEntity
  8
katman 1
 62
   230
420
 15663230
100
AcDbHatch
 10
0.0
 20
0.0
 30
0.0
210
0.0
220
0.0
230
1.0
  2
SOLID
 70
     1
 71
     0
 91
        1
 92
        1
 93
        1
 72
     4
 94
        3
 73
     0
 74
     1
 95
       80
 96
       76
 40
0.0
 40
0.0
 40
0.0
 40
0.0
 40
1.0
 40
1.0
 40
1.0
 40
2.0
 40
2.0
 40
2.0
 40
3.0
 40
3.0
 40
3.0
 40
4.0
 40
4.0
 40
4.0
 40
5.0
 40
5.0
 40
5.0
 40
6.0
 40
6.0
 40
6.0
 40
7.0
 40
7.0
 40
7.0
 40
8.0
 40
8.0
 40
8.0
 40
9.0
 40
9.0
 40
9.0
 40
10.0
 40
10.0
 40
10.0
 40
11.0
 40
11.0
 40
11.0
 40
12.0
 40
12.0
 40
12.0
 40
13.0
 40
13.0
 40
13.0
 40
14.0
 40
14.0
 40
14.0
 40
15.0
 40
15.0
 40
15.0
 40
16.0
 40
16.0
 40
16.0
 40
17.0
 40
17.0
 40
17.0
 40
18.0
 40
18.0
 40
18.0
 40
19.0
 40
19.0
 40
19.0
 40
20.0
 40
20.0
 40
20.0
 40
21.0
 40
21.0
 40
21.0
 40
22.0
 40
22.0
 40
22.0
 40
23.0
 40
23.0
 40
23.0
 40
24.0
 40
24.0
 40
24.0
 40
25.0
 40
25.0
 40
25.0
 40
25.0
 10
764.7481382153501
 20
-892.166548611337
 10
764.7484433205282
 20
-861.6852580952727
 10
764.8327133706844
 20
-831.2034488785685
 10
764.6501994532209
 20
-800.7232567873862
 10
764.625180828627
 20
-796.5450316015113
 10
765.7436964110757
 20
-795.4686057275212
 10
769.8874518751973
 20
-795.5553507815121
 10
783.3727041048687
 20
-795.8376764883642
 10
796.8683909316278
 20
-795.7419914762941
 10
810.3580671863801
 20
-795.6007828551647
 10
813.3691806983134
 20
-795.5692336515667
 10
814.4772311731576
 20
-796.3578111824854
 10
814.3585452589259
 20
-799.511389022904
 10
814.1269399183266
 20
-805.6655585269182
 10
814.1219056828904
 20
-811.8410862925539
 10
814.3591249587644
 20
-817.9948286313347
 10
814.482448471701
 20
-821.1943572460459
 10
813.2884498682215
 20
-821.9396080176721
 10
810.3216681386484
 20
-821.866166109492
 10
802.9976183414083
 20
-821.6848649801159
 10
795.6620050579231
 20
-821.9489751409837
 10
788.3395112970902
 20
-821.7388708702192
 10
785.2731737479444
 20
-821.6508443205312
 10
784.3534646994631
 20
-822.550759418109
 10
784.3892230263218
 20
-825.6526197535986
 10
784.5485184397412
 20
-839.4756256523142
 10
784.5232252204869
 20
-853.3020793846918
 10
784.4022510174209
 20
-867.1258785902683
 10
784.3795511921799
 20
-869.7194733227379
 10
785.0769300974725
 20
-870.5765193380594
 10
787.7237175163873
 20
-870.5056404212737
 10
794.2147996672438
 20
-870.3317536598606
 10
800.7167740729537
 20
-870.566023278062
 10
807.2079477553634
 20
-870.3937841539746
 10
809.9846489590591
 20
-870.3200981513755
 10
811.0145619978248
 20
-871.087531003288
 10
810.9186369298704
 20
-874.0119957200977
 10
810.7112569404017
 20
-880.3346513965134
 10
810.6794344703394
 20
-886.6757056897268
 10
810.9290715269572
 20
-892.9952796741081
 10
811.0523035083397
 20
-896.1157216972088
 10
809.7210075747726
 20
-896.5003534772359
 10
807.125172720579
 20
-896.440428297482
 10
800.7993355341132
 20
-896.29430727618
 10
794.4645282554147
 20
-896.5137176466515
 10
788.1402776158739
 20
-896.3367491932031
 10
785.3622644599127
 20
-896.2589746090953
 10
784.379856297358
 20
-897.0253395479258
 10
784.3969726978421
 20
-899.9509026896185
 10
784.5127296023647
 20
-919.7713694756412
 10
784.5031492997769
 20
-939.5930872455565
 10
784.4040816484885
 20
-959.4137676141972
 10
784.3907180416936
 20
-962.0913613384464
 10
785.2966058256134
 20
-962.8569634822188
 10
787.8580248157314
 20
-962.8142469589757
 10
795.3510418605329
 20
-962.6893011284801
 10
802.8500084563047
 20
-962.8831120968089
 10
810.3412864015918
 20
-962.7145649008007
 10
813.2433248123989
 20
-962.6493306674447
 10
814.5085349644178
 20
-963.2617940753798
 10
814.3669051408024
 20
-966.5238718848441
 10
814.0998160680047
 20
-972.6751732794392
 10
814.1776483989061
 20
-978.8492975021682
 10
814.3426187686355
 20
-985.0077386585062
 10
814.4153558430644
 20
-987.7234721356572
 10
813.7425073940803
 20
-988.8327592207452
 10
810.7727661442814
 20
-988.8045663154035
 10
796.6166791597998
 20
-988.6701923379906
 10
782.4554053872935
 20
-988.5784738602224
 10
768.3031627280552
 20
-988.8486863815551
 10
764.1165704969462
 20
-988.9285662800239
 10
764.7444159321785
 20
-986.5811712804634
 10
764.744782058392
 20
-984.1101424579056
 10
764.7494196570979
 20
-953.4622880129818
 10
764.747833110172
 20
-922.8144030562607
 10
764.7481382153501
 20
-892.166548611337
 97
        0
 97
        0
 75
     2
 76
     1
 98
        0
  0
SPLINE
  5
C9
330
8D
100
AcDbEntity
  8
katman 1
370
     0
100
AcDbSpline
210
0.0
220
0.0
230
1.0
 70
    11
 71
     3
 72
    35
 73
    31
 74
     0
 42
0.0000000001
 43
0.0000000001
 12
1.0
 22
0.0
 32
0.0
 13
1.0
 23
0.0
 33
0.0
 40
0.0
 40
0.0
 40
0.0
 40
0.0
 40
1.0
 40
1.0
 40
1.0
 40
2.0
 40
2.0
 40
2.0
 40
3.0
 40
3.0
 40
3.0
 40
4.0
 40
4.0
 40
4.0
 40
5.0
 40
5.0
 40
5.0
 40
6.0
 40
6.0
 40
6.0
 40
7.0
 40
7.0
 40
7.0
 40
8.0
 40
8.0
 40
8.0
 40
9.0
 40
9.0
 40
9.0
 40
10.0
 40
10.0
 40
10.0
 40
10.0
 10
917.8332272689304
 20
-1131.025080856969
 30
0.0
 10
917.8332272689304
 20
-1092.878066150039
 30
0.0
 10
917.9308304153637
 20
-1054.730441207059
 30
0.0
 10
917.7062424938576
 20
-1016.584707995826
 30
0.0
 10
917.6790271119826
 20
-1011.96082742529
 30
0.0
 10
919.0405894792048
 20
-1011.038333593995
 30
0.0
 10
923.2718491083688
 20
-1011.239040229644
 30
0.0
 10
930.5846710350588
 20
-1011.5858983984
 30
0.0
 10
937.9279119479934
 20
-1011.435902378202
 30
0.0
 10
945.2539449288906
 20
-1011.282244941725
 30
0.0
 10
947.9052173939226
 20
-1011.226713461507
 30
0.0
 10
948.9397680313932
 20
-1012.142982885129
 30
0.0
 10
948.6634037611848
 20
-1014.725013644518
 30
0.0
 10
948.5752893857862
 20
-1015.548405141883
 30
0.0
 10
948.6528471220272
 20
-1016.389371437384
 30
0.0
 10
948.6528471220272
 20
-1017.222282617069
 30
0.0
 10
948.6530301851335
 20
-1093.016650756166
 30
0.0
 10
948.613671617175
 20
-1168.811079918869
 30
0.0
 10
948.7522503890104
 20
-1244.605203963547
 30
0.0
 10
948.7604272077806
 20
-1249.075121979586
 30
0.0
 10
947.7967830136704
 20
-1250.672414830955
 30
0.0
 10
943.085257323859
 20
-1250.377731844164
 30
0.0
 10
936.1164414853329
 20
-1249.941840236243
 30
0.0
 10
929.0911201678464
 20
-1250.054916975634
 30
0.0
 10
922.1077508123308
 20
-1250.352773189865
 30
0.0
 10
918.5630998756769
 20
-1250.503989682158
 30
0.0
 10
917.737210669422
 20
-1249.45352935194
 30
0.0
 10
917.7493843660232
 20
-1245.965603181714
 30
0.0
 10
917.882989923457
 20
-1207.652482222962
 30
0.0
 10
917.8332272689304
 20
-1169.338690004559
 30
0.0
 10
917.8332272689304
 20
-1131.025080856969
 30
0.0
  0
HATCH
  5
CA
330
8D
100
AcDbEntity
  8
katman 1
 62
    40
420
 15977984
100
AcDbHatch
 10
0.0
 20
0.0
 30
0.0
210
0.0
220
0.0
230
1.0
  2
SOLID
 70
     1
 71
     0
 91
        1
 92
        1
 93
        1
 72
     4
 94
        3
 73
     0
 74
     1
 95
       35
 96
       31
 40
0.0
 40
0.0
 40
0.0
 40
0.0
 40
1.0
 40
1.0
 40
1.0
 40
2.0
 40
2.0
 40
2.0
 40
3.0
 40
3.0
 40
3.0
 40
4.0
 40
4.0
 40
4.0
 40
5.0
 40
5.0
 40
5.0
 40
6.0
 40
6.0
 40
6.0
 40
7.0
 40
7.0
 40
7.0
 40
8.0
 40
8.0
 40
8.0
 40
9.0
 40
9.0
 40
9.0
 40
10.0
 40
10.0
 40
10.0
 40
10.0
 10
917.8332272689304
 20
-1131.025080856969
 10
917.8332272689304
 20
-1092.878066150039
 10
917.9308304153637
 20
-1054.730441207059
 10
917.7062424938576
 20
-1016.584707995826
 10
917.6790271119826
 20
-1011.96082742529
 10
919.0405894792048
 20
-1011.038333593995
 10
923.2718491083688
 20
-1011.239040229644
 10
930.5846710350588
 20
-1011.5858983984
 10
937.9279119479934
 20
-1011.435902378202
 10
945.2539449288906
 20
-1011.282244941725
 10
947.9052173939226
 20
-1011.226713461507
 10
948.9397680313932
 20
-1012.142982885129
 10
948.6634037611848
 20
-1014.725013644518
 10
948.5752893857862
 20
-1015.548405141883
 10
948.6528471220272
 20
-1016.389371437384
 10
948.6528471220272
 20
-1017.222282617069
 10
948.6530301851335
 20
-1093.016650756166
 10
948.613671617175
 20
-1168.811079918869
 10
948.7522503890104
 20
-1244.605203963547
 10
948.7604272077806
 20
-1249.075121979586
 10
947.7967830136704
 20
-1250.672414830955
 10
943.085257323859
 20
-1250.377731844164
 10
936.1164414853329
 20
-1249.941840236243
 10
929.0911201678464
 20
-1250.054916975634
 10
922.1077508123308
 20
-1250.352773189865
 10
918.5630998756769
 20
-1250.503989682158
 10
917.737210669422
 20
-1249.45352935194
 10
917.7493843660232
 20
-1245.965603181714
 10
917.882989923457
 20
-1207.652482222962
 10
917.8332272689304
 20
-1169.338690004559
 10
917.8332272689304
 20
-1131.025080856969
 97
        0
 97
        0
 75
     2
 76
     1
 98
        0
  0
SPLINE
  5
CB
330
8D
100
AcDbEntity
  8
katman 1
370
     0
100
AcDbSpline
210
0.0
220
0.0
230
1.0
 70
    11
 71
     3
 72
    56
 73
    52
 74
     0
 42
0.0000000001
 43
0.0000000001
 12
1.0
 22
0.0
 32
0.0
 13
1.0
 23
0.0
 33
0.0
 40
0.0
 40
0.0
 40
0.0
 40
0.0
 40
1.0
 40
1.0
 40
1.0
 40
2.0
 40
2.0
 40
2.0
 40
3.0
 40
3.0
 40
3.0
 40
4.0
 40
4.0
 40
4.0
 40
5.0
 40
5.0
 40
5.0
 40
6.0
 40
6.0
 40
6.0
 40
7.0
 40
7.0
 40
7.0
 40
8.0
 40
8.0
 40
8.0
 40
9.0
 40
9.0
 40
9.0
 40
10.0
 40
10.0
 40
10.0
 40
11.0
 40
11.0
 40
11.0
 40
12.0
 40
12.0
 40
12.0
 40
13.0
 40
13.0
 40
13.0
 40
14.0
 40
14.0
 40
14.0
 40
15.0
 40
15.0
 40
15.0
 40
16.0
 40
16.0
 40
16.0
 40
17.0
 40
17.0
 40
17.0
 40
17.0
 10
1217.194342608749
 20
-905.7576037888311
 30
0.0
 10
1217.194525671857
 20
-931.8966071579553
 30
0.0
 10
1217.109645411347
 20
-958.0361597395195
 30
0.0
 10
1217.28825398253
 20
-984.1739731483567
 30
0.0
 10
1217.314309964728
 20
-987.992342137687
 30
0.0
 10
1216.230271267392
 20
-989.0880209589404
 30
0.0
 10
1212.54472275955
 20
-988.7849167147097
 30
0.0
 10
1207.769521619095
 20
-988.3922298188727
 30
0.0
 10
1201.482341258677
 20
-990.2810324295888
 30
0.0
 10
1198.557969148842
 20
-987.8818894132955
 30
0.0
 10
1195.451876395007
 20
-985.3336047072689
 30
0.0
 10
1197.627581419132
 20
-978.819945148337
 30
0.0
 10
1197.620380936933
 20
-974.0525980832999
 30
0.0
 10
1197.546423441792
 20
-925.104527402872
 30
0.0
 10
1197.521160733057
 20
-876.1561516044176
 30
0.0
 10
1197.670601249229
 20
-827.2084470656155
 30
0.0
 10
1197.683476687736
 20
-822.9855526011461
 30
0.0
 10
1196.949820776783
 20
-821.1216781329231
 30
0.0
 10
1192.301238285188
 20
-821.6816917526749
 30
0.0
 10
1188.526904170558
 20
-822.136348119021
 30
0.0
 10
1184.652495557548
 20
-821.7060096591222
 30
0.0
 10
1180.825683352305
 20
-821.7993452624141
 30
0.0
 10
1178.695744104876
 20
-821.8512763499602
 30
0.0
 10
1177.885506794253
 20
-821.0423474468953
 30
0.0
 10
1177.914430765126
 20
-818.8829966850208
 30
0.0
 10
1178.003643519165
 20
-812.2245586240915
 30
0.0
 10
1178.018288567706
 20
-805.5629473357212
 30
0.0
 10
1177.903996168039
 20
-798.9052415580472
 30
0.0
 10
1177.864149431793
 20
-796.5817678115027
 30
0.0
 10
1178.560277405857
 20
-795.6475574481183
 30
0.0
 10
1181.004780091778
 20
-795.6575958310805
 30
0.0
 10
1198.651697459518
 20
-795.7303054560052
 30
0.0
 10
1216.299225037612
 20
-795.73378380147
 30
0.0
 10
1233.946081384318
 20
-795.6572907130576
 30
0.0
 10
1236.326267898719
 20
-795.6469777238744
 30
0.0
 10
1237.129060643005
 20
-796.4033347915447
 30
0.0
 10
1237.082745676988
 20
-798.7942701330157
 30
0.0
 10
1236.953747207739
 20
-805.451396186445
 30
0.0
 10
1236.94020053784
 20
-812.1147771593496
 30
0.0
 10
1237.086406939121
 20
-818.7711404177217
 30
0.0
 10
1237.141814039442
 20
-821.2896456046856
 30
0.0
 10
1236.127400343717
 20
-821.8883481897774
 30
0.0
 10
1233.849851211187
 20
-821.8077054962496
 30
0.0
 10
1230.025601889436
 20
-821.6722636057584
 30
0.0
 10
1226.168218145362
 20
-822.0452703891006
 30
0.0
 10
1222.370573995133
 20
-821.7000903694725
 30
0.0
 10
1218.277282927447
 20
-821.3280294520027
 30
0.0
 10
1217.062964319117
 20
-822.6321038830902
 30
0.0
 10
1217.094573215552
 20
-826.8419392961669
 30
0.0
 10
1217.2919762657
 20
-853.1459199804267
 30
0.0
 10
1217.194220566678
 20
-879.4521280262561
 30
0.0
 10
1217.194342608749
 20
-905.7576037888311
 30
0.0
  0
HATCH
  5
CC
330
8D
100
AcDbEntity
  8
katman 1
 62
   230
420
 15663230
100
AcDbHatch
 10
0.0
 20
0.0
 30
0.0
210
0.0
220
0.0
230
1.0
  2
SOLID
 70
     1
 71
     0
 91
        1
 92
        1
 93
        1
 72
     4
 94
        3
 73
     0
 74
     1
 95
       56
 96
       52
 40
0.0
 40
0.0
 40
0.0
 40
0.0
 40
1.0
 40
1.0
 40
1.0
 40
2.0
 40
2.0
 40
2.0
 40
3.0
 40
3.0
 40
3.0
 40
4.0
 40
4.0
 40
4.0
 40
5.0
 40
5.0
 40
5.0
 40
6.0
 40
6.0
 40
6.0
 40
7.0
 40
7.0
 40
7.0
 40
8.0
 40
8.0
 40
8.0
 40
9.0
 40
9.0
 40
9.0
 40
10.0
 40
10.0
 40
10.0
 40
11.0
 40
11.0
 40
11.0
 40
12.0
 40
12.0
 40
12.0
 40
13.0
 40
13.0
 40
13.0
 40
14.0
 40
14.0
 40
14.0
 40
15.0
 40
15.0
 40
15.0
 40
16.0
 40
16.0
 40
16.0
 40
17.0
 40
17.0
 40
17.0
 40
17.0
 10
1217.194342608749
 20
-905.7576037888311
 10
1217.194525671857
 20
-931.8966071579553
 10
1217.109645411347
 20
-958.0361597395195
 10
1217.28825398253
 20
-984.1739731483567
 10
1217.314309964728
 20
-987.992342137687
 10
1216.230271267392
 20
-989.0880209589404
 10
1212.54472275955
 20
-988.7849167147097
 10
1207.769521619095
 20
-988.3922298188727
 10
1201.482341258677
 20
-990.2810324295888
 10
1198.557969148842
 20
-987.8818894132955
 10
1195.451876395007
 20
-985.3336047072689
 10
1197.627581419132
 20
-978.819945148337
 10
1197.620380936933
 20
-974.0525980832999
 10
1197.546423441792
 20
-925.104527402872
 10
1197.521160733057
 20
-876.1561516044176
 10
1197.670601249229
 20
-827.2084470656155
 10
1197.683476687736
 20
-822.9855526011461
 10
1196.949820776783
 20
-821.1216781329231
 10
1192.301238285188
 20
-821.6816917526749
 10
1188.526904170558
 20
-822.136348119021
 10
1184.652495557548
 20
-821.7060096591222
 10
1180.825683352305
 20
-821.7993452624141
 10
1178.695744104876
 20
-821.8512763499602
 10
1177.885506794253
 20
-821.0423474468953
 10
1177.914430765126
 20
-818.8829966850208
 10
1178.003643519165
 20
-812.2245586240915
 10
1178.018288567706
 20
-805.5629473357212
 10
1177.903996168039
 20
-798.9052415580472
 10
1177.864149431793
 20
-796.5817678115027
 10
1178.560277405857
 20
-795.6475574481183
 10
1181.004780091778
 20
-795.6575958310805
 10
1198.651697459518
 20
-795.7303054560052
 10
1216.299225037612
 20
-795.73378380147
 10
1233.946081384318
 20
-795.6572907130576
 10
1236.326267898719
 20
-795.6469777238744
 10
1237.129060643005
 20
-796.4033347915447
 10
1237.082745676988
 20
-798.7942701330157
 10
1236.953747207739
 20
-805.451396186445
 10
1236.94020053784
 20
-812.1147771593496
 10
1237.086406939121
 20
-818.7711404177217
 10
1237.141814039442
 20
-821.2896456046856
 10
1236.127400343717
 20
-821.8883481897774
 10
1233.849851211187
 20
-821.8077054962496
 10
1230.025601889436
 20
-821.6722636057584
 10
1226.168218145362
 20
-822.0452703891006
 10
1222.370573995133
 20
-821.7000903694725
 10
1218.277282927447
 20
-821.3280294520027
 10
1217.062964319117
 20
-822.6321038830902
 10
1217.094573215552
 20
-826.8419392961669
 10
1217.2919762657
 20
-853.1459199804267
 10
1217.194220566678
 20
-879.4521280262561
 10
1217.194342608749
 20
-905.7576037888311
 97
        0
 97
        0
 75
     2
 76
     1
 98
        0
  0
SPLINE
  5
CD
330
8D
100
AcDbEntity
  8
katman 1
370
     0
100
AcDbSpline
210
0.0
220
0.0
230
1.0
 70
    11
 71
     3
 72
    47
 73
    43
 74
     0
 42
0.0000000001
 43
0.0000000001
 12
1.0
 22
0.0
 32
0.0
 13
1.0
 23
0.0
 33
0.0
 40
0.0
 40
0.0
 40
0.0
 40
0.0
 40
1.0
 40
1.0
 40
1.0
 40
2.0
 40
2.0
 40
2.0
 40
3.0
 40
3.0
 40
3.0
 40
4.0
 40
4.0
 40
4.0
 40
5.0
 40
5.0
 40
5.0
 40
6.0
 40
6.0
 40
6.0
 40
7.0
 40
7.0
 40
7.0
 40
8.0
 40
8.0
 40
8.0
 40
9.0
 40
9.0
 40
9.0
 40
10.0
 40
10.0
 40
10.0
 40
11.0
 40
11.0
 40
11.0
 40
12.0
 40
12.0
 40
12.0
 40
13.0
 40
13.0
 40
13.0
 40
14.0
 40
14.0
 40
14.0
 40
14.0
 10
991.9695445543775
 20
-851.6564558384525
 30
0.0
 10
991.9695445543775
 20
-859.6530195018568
 30
0.0
 10
992.0134186789701
 20
-867.6498882832839
 30
0.0
 10
991.9564860527598
 20
-875.6460552932585
 30
0.0
 10
991.9054724670032
 20
-882.8184036406365
 30
0.0
 10
989.9296113344508
 20
-889.4571921008728
 30
0.0
 10
985.9756312910285
 20
-895.4500762178313
 30
0.0
 10
980.2131708156894
 20
-904.1840796314673
 30
0.0
 10
972.0387928874379
 20
-907.6524477364064
 30
0.0
 10
961.6457511260041
 20
-907.2190275844723
 30
0.0
 10
951.7853619842754
 20
-906.807881048232
 30
0.0
 10
951.7717542933378
 20
-907.1323130422852
 30
0.0
 10
951.7718153143733
 20
-916.8386055485998
 30
0.0
 10
951.7719373564441
 20
-939.3290075964933
 30
0.0
 10
951.7024343969024
 20
-961.8198673214201
 30
0.0
 10
951.8471762933323
 20
-984.3093235034385
 30
0.0
 10
951.8688387609682
 20
-987.6793520695055
 30
0.0
 10
951.1703309665172
 20
-989.0997985146341
 30
0.0
 10
947.5262767628801
 20
-988.8115230063295
 30
0.0
 10
942.5761283133761
 20
-988.4198735117707
 30
0.0
 10
936.106861182745
 20
-990.3430934355047
 30
0.0
 10
933.02499378004
 20
-987.8674268189961
 30
0.0
 10
929.8004591961153
 20
-985.2771578729798
 30
0.0
 10
932.0184517979078
 20
-978.5417995584057
 30
0.0
 10
932.0121056102053
 20
-973.634464344329
 30
0.0
 10
931.9378124993691
 20
-916.1590466873649
 30
0.0
 10
932.0280931215311
 20
-858.6833239123762
 30
0.0
 10
931.8465250301197
 20
-801.2083944442484
 30
0.0
 10
931.8316053869166
 20
-796.4813534700725
 30
0.0
 10
933.20534145074
 20
-795.3558341061525
 30
0.0
 10
937.6575582497917
 20
-795.5627651494751
 30
0.0
 10
945.3041042201494
 20
-795.9181361110777
 30
0.0
 10
952.9791165036122
 20
-795.6613487827663
 30
0.0
 10
960.6421991746156
 20
-795.6610436647425
 30
0.0
 10
979.6466515212287
 20
-795.6602808696853
 30
0.0
 10
991.3124090220599
 20
-806.9353682040019
 30
0.0
 10
991.8976617744474
 20
-826.1690930314417
 30
0.0
 10
992.1559638181188
 20
-834.6574764364159
 30
0.0
 10
991.9411697728256
 20
-843.1602309002828
 30
0.0
 10
991.9411697728256
 20
-851.6564253266497
 30
0.0
 10
991.9506280333435
 20
-851.6564558384525
 30
0.0
 10
991.9600862938605
 20
-851.6564558384525
 30
0.0
 10
991.9695445543775
 20
-851.6564558384525
 30
0.0
  0
SPLINE
  5
CE
330
8D
100
AcDbEntity
  8
katman 1
370
     0
100
AcDbSpline
210
0.0
220
0.0
230
1.0
 70
    11
 71
     3
 72
    29
 73
    25
 74
     0
 42
0.0000000001
 43
0.0000000001
 12
1.0
 22
0.0
 32
0.0
 13
1.0
 23
0.0
 33
0.0
 40
0.0
 40
0.0
 40
0.0
 40
0.0
 40
1.0
 40
1.0
 40
1.0
 40
2.0
 40
2.0
 40
2.0
 40
3.0
 40
3.0
 40
3.0
 40
4.0
 40
4.0
 40
4.0
 40
5.0
 40
5.0
 40
5.0
 40
6.0
 40
6.0
 40
6.0
 40
7.0
 40
7.0
 40
7.0
 40
8.0
 40
8.0
 40
8.0
 40
8.0
 10
951.7718153143733
 20
-851.5942727853271
 30
0.0
 10
951.7718153143733
 20
-859.5921484562314
 30
0.0
 10
951.7718763354087
 20
-867.5900546389385
 30
0.0
 10
951.7718153143733
 20
-875.5879303098418
 30
0.0
 10
951.7717542933378
 20
-884.1247359450954
 30
0.0
 10
951.7716932723024
 20
-884.1247359450954
 30
0.0
 10
960.4379617684808
 20
-884.0645056473195
 30
0.0
 10
968.3805818035426
 20
-884.0093097969257
 30
0.0
 10
972.1334975346808
 20
-880.4948078468824
 30
0.0
 10
972.2010478210841
 20
-872.5408691713164
 30
0.0
 10
972.3214423243126
 20
-858.3789686842501
 30
0.0
 10
972.3332804052179
 20
-844.214352646778
 30
0.0
 10
972.1970814537708
 20
-830.0527572777346
 30
0.0
 10
972.1223917062025
 20
-822.2889986660193
 30
0.0
 10
968.5133025559617
 20
-818.9722131950002
 30
0.0
 10
960.6880259723475
 20
-818.8905025883914
 30
0.0
 10
959.3552045128899
 20
-818.8765892065339
 30
0.0
 10
958.0019410065088
 20
-819.0359523500429
 30
0.0
 10
956.6931008140409
 20
-818.8578854717125
 30
0.0
 10
952.9731364421241
 20
-818.3517251830526
 30
0.0
 10
951.5101571137438
 20
-819.4716303753466
 30
0.0
 10
951.6631978710147
 20
-823.6056744714651
 30
0.0
 10
952.0080887641952
 20
-832.9237958286849
 30
0.0
 10
951.7715102091952
 20
-842.2633974947385
 30
0.0
 10
951.7718153143733
 20
-851.5942727853271
 30
0.0
  0
HATCH
  5
CF
330
8D
100
AcDbEntity
  8
katman 1
 62
   230
420
 15663230
100
AcDbHatch
 10
0.0
 20
0.0
 30
0.0
210
0.0
220
0.0
230
1.0
  2
SOLID
 70
     1
 71
     0
 91
        2
 92
        1
 93
        1
 72
     4
 94
        3
 73
     0
 74
     1
 95
       47
 96
       43
 40
0.0
 40
0.0
 40
0.0
 40
0.0
 40
1.0
 40
1.0
 40
1.0
 40
2.0
 40
2.0
 40
2.0
 40
3.0
 40
3.0
 40
3.0
 40
4.0
 40
4.0
 40
4.0
 40
5.0
 40
5.0
 40
5.0
 40
6.0
 40
6.0
 40
6.0
 40
7.0
 40
7.0
 40
7.0
 40
8.0
 40
8.0
 40
8.0
 40
9.0
 40
9.0
 40
9.0
 40
10.0
 40
10.0
 40
10.0
 40
11.0
 40
11.0
 40
11.0
 40
12.0
 40
12.0
 40
12.0
 40
13.0
 40
13.0
 40
13.0
 40
14.0
 40
14.0
 40
14.0
 40
14.0
 10
991.9695445543775
 20
-851.6564558384525
 10
991.9695445543775
 20
-859.6530195018568
 10
992.0134186789701
 20
-867.6498882832839
 10
991.9564860527598
 20
-875.6460552932585
 10
991.9054724670032
 20
-882.8184036406365
 10
989.9296113344508
 20
-889.4571921008728
 10
985.9756312910285
 20
-895.4500762178313
 10
980.2131708156894
 20
-904.1840796314673
 10
972.0387928874379
 20
-907.6524477364064
 10
961.6457511260041
 20
-907.2190275844723
 10
951.7853619842754
 20
-906.807881048232
 10
951.7717542933378
 20
-907.1323130422852
 10
951.7718153143733
 20
-916.8386055485998
 10
951.7719373564441
 20
-939.3290075964933
 10
951.7024343969024
 20
-961.8198673214201
 10
951.8471762933323
 20
-984.3093235034385
 10
951.8688387609682
 20
-987.6793520695055
 10
951.1703309665172
 20
-989.0997985146341
 10
947.5262767628801
 20
-988.8115230063295
 10
942.5761283133761
 20
-988.4198735117707
 10
936.106861182745
 20
-990.3430934355047
 10
933.02499378004
 20
-987.8674268189961
 10
929.8004591961153
 20
-985.2771578729798
 10
932.0184517979078
 20
-978.5417995584057
 10
932.0121056102053
 20
-973.634464344329
 10
931.9378124993691
 20
-916.1590466873649
 10
932.0280931215311
 20
-858.6833239123762
 10
931.8465250301197
 20
-801.2083944442484
 10
931.8316053869166
 20
-796.4813534700725
 10
933.20534145074
 20
-795.3558341061525
 10
937.6575582497917
 20
-795.5627651494751
 10
945.3041042201494
 20
-795.9181361110777
 10
952.9791165036122
 20
-795.6613487827663
 10
960.6421991746156
 20
-795.6610436647425
 10
979.6466515212287
 20
-795.6602808696853
 10
991.3124090220599
 20
-806.9353682040019
 10
991.8976617744474
 20
-826.1690930314417
 10
992.1559638181188
 20
-834.6574764364159
 10
991.9411697728256
 20
-843.1602309002828
 10
991.9411697728256
 20
-851.6564253266497
 10
991.9506280333435
 20
-851.6564558384525
 10
991.9600862938605
 20
-851.6564558384525
 10
991.9695445543775
 20
-851.6564558384525
 97
        0
 97
        0
 92
        1
 93
        1
 72
     4
 94
        3
 73
     0
 74
     1
 95
       29
 96
       25
 40
0.0
 40
0.0
 40
0.0
 40
0.0
 40
1.0
 40
1.0
 40
1.0
 40
2.0
 40
2.0
 40
2.0
 40
3.0
 40
3.0
 40
3.0
 40
4.0
 40
4.0
 40
4.0
 40
5.0
 40
5.0
 40
5.0
 40
6.0
 40
6.0
 40
6.0
 40
7.0
 40
7.0
 40
7.0
 40
8.0
 40
8.0
 40
8.0
 40
8.0
 10
951.7718153143733
 20
-851.5942727853271
 10
951.7718153143733
 20
-859.5921484562314
 10
951.7718763354087
 20
-867.5900546389385
 10
951.7718153143733
 20
-875.5879303098418
 10
951.7717542933378
 20
-884.1247359450954
 10
951.7716932723024
 20
-884.1247359450954
 10
960.4379617684808
 20
-884.0645056473195
 10
968.3805818035426
 20
-884.0093097969257
 10
972.1334975346808
 20
-880.4948078468824
 10
972.2010478210841
 20
-872.5408691713164
 10
972.3214423243126
 20
-858.3789686842501
 10
972.3332804052179
 20
-844.214352646778
 10
972.1970814537708
 20
-830.0527572777346
 10
972.1223917062025
 20
-822.2889986660193
 10
968.5133025559617
 20
-818.9722131950002
 10
960.6880259723475
 20
-818.8905025883914
 10
959.3552045128899
 20
-818.8765892065339
 10
958.0019410065088
 20
-819.0359523500429
 10
956.6931008140409
 20
-818.8578854717125
 10
952.9731364421241
 20
-818.3517251830526
 10
951.5101571137438
 20
-819.4716303753466
 10
951.6631978710147
 20
-823.6056744714651
 10
952.0080887641952
 20
-832.9237958286849
 10
951.7715102091952
 20
-842.2633974947385
 10
951.7718153143733
 20
-851.5942727853271
 97
        0
 97
        0
 75
     2
 76
     1
 98
        0
  0
SPLINE
  5
D0
330
8D
100
AcDbEntity
  8
katman 1
370
     0
100
AcDbSpline
210
0.0
220
0.0
230
1.0
 70
    11
 71
     3
 72
    29
 73
    25
 74
     0
 42
0.0000000001
 43
0.0000000001
 12
1.0
 22
0.0
 32
0.0
 13
1.0
 23
0.0
 33
0.0
 40
0.0
 40
0.0
 40
0.0
 40
0.0
 40
1.0
 40
1.0
 40
1.0
 40
2.0
 40
2.0
 40
2.0
 40
3.0
 40
3.0
 40
3.0
 40
4.0
 40
4.0
 40
4.0
 40
5.0
 40
5.0
 40
5.0
 40
6.0
 40
6.0
 40
6.0
 40
7.0
 40
7.0
 40
7.0
 40
8.0
 40
8.0
 40
8.0
 40
8.0
 10
1115.92669992465
 20
-851.764742224881
 30
0.0
 10
1115.926333798434
 20
-842.2904309515925
 30
0.0
 10
1116.059908845353
 20
-832.8132515688858
 30
0.0
 10
1115.853657745043
 20
-823.3434255305383
 30
0.0
 10
1115.781958028219
 20
-820.0504087535246
 30
0.0
 10
1116.403030128502
 20
-818.7660449467348
 30
0.0
 10
1120.101393053817
 20
-818.7687910089426
 30
0.0
 10
1134.327837292338
 20
-818.7792870689409
 30
0.0
 10
1136.566516025199
 20
-820.8480482897321
 30
0.0
 10
1136.566760109341
 20
-835.1551849558336
 30
0.0
 10
1136.566943172445
 20
-847.1227071319636
 30
0.0
 10
1136.587507261444
 20
-859.0903208435011
 30
0.0
 10
1136.559498606104
 20
-871.0577514842244
 30
0.0
 10
1136.537164907077
 20
-880.5925676615107
 30
0.0
 10
1133.092832552938
 20
-884.0504091946477
 30
0.0
 10
1123.709688930598
 20
-884.0639259230757
 30
0.0
 10
1122.21381926403
 20
-884.0660922610396
 30
0.0
 10
1120.702999443743
 20
-883.9295519456646
 30
0.0
 10
1119.22525302475
 20
-884.093278276905
 30
0.0
 10
1116.551494308103
 20
-884.3895783892194
 30
0.0
 10
1115.839378822715
 20
-883.2611909158804
 30
0.0
 10
1115.874465918179
 20
-880.6855371231741
 30
0.0
 10
1116.005905228852
 20
-871.0468282589945
 30
0.0
 10
1115.927066050863
 20
-861.4052512853968
 30
0.0
 10
1115.92669992465
 20
-851.764742224881
 30
0.0
  0
SPLINE
  5
D1
330
8D
100
AcDbEntity
  8
katman 1
370
     0
100
AcDbSpline
210
0.0
220
0.0
230
1.0
 70
    11
 71
     3
 72
    26
 73
    22
 74
     0
 42
0.0000000001
 43
0.0000000001
 12
1.0
 22
0.0
 32
0.0
 13
1.0
 23
0.0
 33
0.0
 40
0.0
 40
0.0
 40
0.0
 40
0.0
 40
1.0
 40
1.0
 40
1.0
 40
2.0
 40
2.0
 40
2.0
 40
3.0
 40
3.0
 40
3.0
 40
4.0
 40
4.0
 40
4.0
 40
5.0
 40
5.0
 40
5.0
 40
6.0
 40
6.0
 40
6.0
 40
7.0
 40
7.0
 40
7.0
 40
7.0
 10
1123.44394232058
 20
-851.293090784643
 30
0.0
 10
1123.44394232058
 20
-858.4500916954548
 30
0.0
 10
1123.408367056829
 20
-865.6074282360914
 30
0.0
 10
1123.47335445974
 20
-872.7638189108575
 30
0.0
 10
1123.486718066535
 20
-874.238088175277
 30
0.0
 10
1122.718341186326
 20
-876.3102056943226
 30
0.0
 10
1125.467827008146
 20
-876.4300865656314
 30
0.0
 10
1128.127001697289
 20
-876.5459703908373
 30
0.0
 10
1128.970007304026
 20
-875.0739284879864
 30
0.0
 10
1128.968054630888
 20
-872.7095079027304
 30
0.0
 10
1128.956216549985
 20
-858.3956281283163
 30
0.0
 10
1128.961891506293
 20
-844.0817788657041
 30
0.0
 10
1128.948161773285
 20
-829.76789909129
 30
0.0
 10
1128.946087058073
 20
-827.613430217787
 30
0.0
 10
1128.040717952957
 20
-826.3563744740713
 30
0.0
 10
1125.666145373831
 20
-826.3339482993679
 30
0.0
 10
1122.917330783399
 20
-826.3079522437929
 30
0.0
 10
1123.470425450028
 20
-828.2749566038519
 30
0.0
 10
1123.461760462975
 20
-829.8221490758124
 30
0.0
 10
1123.421852705698
 20
-836.978936404008
 30
0.0
 10
1123.444186404726
 20
-844.1360898738312
 30
0.0
 10
1123.44394232058
 20
-851.293090784643
 30
0.0
  0
HATCH
  5
D2
330
8D
100
AcDbEntity
  8
katman 1
 62
     7
420
 16777215
100
AcDbHatch
 10
0.0
 20
0.0
 30
0.0
210
0.0
220
0.0
230
1.0
  2
SOLID
 70
     1
 71
     0
 91
        2
 92
        1
 93
        1
 72
     4
 94
        3
 73
     0
 74
     1
 95
       29
 96
       25
 40
0.0
 40
0.0
 40
0.0
 40
0.0
 40
1.0
 40
1.0
 40
1.0
 40
2.0
 40
2.0
 40
2.0
 40
3.0
 40
3.0
 40
3.0
 40
4.0
 40
4.0
 40
4.0
 40
5.0
 40
5.0
 40
5.0
 40
6.0
 40
6.0
 40
6.0
 40
7.0
 40
7.0
 40
7.0
 40
8.0
 40
8.0
 40
8.0
 40
8.0
 10
1115.92669992465
 20
-851.764742224881
 10
1115.926333798434
 20
-842.2904309515925
 10
1116.059908845353
 20
-832.8132515688858
 10
1115.853657745043
 20
-823.3434255305383
 10
1115.781958028219
 20
-820.0504087535246
 10
1116.403030128502
 20
-818.7660449467348
 10
1120.101393053817
 20
-818.7687910089426
 10
1134.327837292338
 20
-818.7792870689409
 10
1136.566516025199
 20
-820.8480482897321
 10
1136.566760109341
 20
-835.1551849558336
 10
1136.566943172445
 20
-847.1227071319636
 10
1136.587507261444
 20
-859.0903208435011
 10
1136.559498606104
 20
-871.0577514842244
 10
1136.537164907077
 20
-880.5925676615107
 10
1133.092832552938
 20
-884.0504091946477
 10
1123.709688930598
 20
-884.0639259230757
 10
1122.21381926403
 20
-884.0660922610396
 10
1120.702999443743
 20
-883.9295519456646
 10
1119.22525302475
 20
-884.093278276905
 10
1116.551494308103
 20
-884.3895783892194
 10
1115.839378822715
 20
-883.2611909158804
 10
1115.874465918179
 20
-880.6855371231741
 10
1116.005905228852
 20
-871.0468282589945
 10
1115.927066050863
 20
-861.4052512853968
 10
1115.92669992465
 20
-851.764742224881
 97
        0
 97
        0
 92
        1
 93
        1
 72
     4
 94
        3
 73
     0
 74
     1
 95
       26
 96
       22
 40
0.0
 40
0.0
 40
0.0
 40
0.0
 40
1.0
 40
1.0
 40
1.0
 40
2.0
 40
2.0
 40
2.0
 40
3.0
 40
3.0
 40
3.0
 40
4.0
 40
4.0
 40
4.0
 40
5.0
 40
5.0
 40
5.0
 40
6.0
 40
6.0
 40
6.0
 40
7.0
 40
7.0
 40
7.0
 40
7.0
 10
1123.44394232058
 20
-851.293090784643
 10
1123.44394232058
 20
-858.4500916954548
 10
1123.408367056829
 20
-865.6074282360914
 10
1123.47335445974
 20
-872.7638189108575
 10
1123.486718066535
 20
-874.238088175277
 10
1122.718341186326
 20
-876.3102056943226
 10
1125.467827008146
 20
-876.4300865656314
 10
1128.127001697289
 20
-876.5459703908373
 10
1128.970007304026
 20
-875.0739284879864
 10
1128.968054630888
 20
-872.7095079027304
 10
1128.956216549985
 20
-858.3956281283163
 10
1128.961891506293
 20
-844.0817788657041
 10
1128.948161773285
 20
-829.76789909129
 10
1128.946087058073
 20
-827.613430217787
 10
1128.040717952957
 20
-826.3563744740713
 10
1125.666145373831
 20
-826.3339482993679
 10
1122.917330783399
 20
-826.3079522437929
 10
1123.470425450028
 20
-828.2749566038519
 10
1123.461760462975
 20
-829.8221490758124
 10
1123.421852705698
 20
-836.978936404008
 10
1123.444186404726
 20
-844.1360898738312
 10
1123.44394232058
 20
-851.293090784643
 97
        0
 97
        0
 75
     2
 76
     1
 98
        0
  0
SPLINE
  5
D3
330
8D
100
AcDbEntity
  8
katman 1
370
     0
100
AcDbSpline
210
0.0
220
0.0
230
1.0
 70
    11
 71
     3
 72
    32
 73
    28
 74
     0
 42
0.0000000001
 43
0.0000000001
 12
1.0
 22
0.0
 32
0.0
 13
1.0
 23
0.0
 33
0.0
 40
0.0
 40
0.0
 40
0.0
 40
0.0
 40
1.0
 40
1.0
 40
1.0
 40
2.0
 40
2.0
 40
2.0
 40
3.0
 40
3.0
 40
3.0
 40
4.0
 40
4.0
 40
4.0
 40
5.0
 40
5.0
 40
5.0
 40
6.0
 40
6.0
 40
6.0
 40
7.0
 40
7.0
 40
7.0
 40
8.0
 40
8.0
 40
8.0
 40
9.0
 40
9.0
 40
9.0
 40
9.0
 10
861.4415830502458
 20
-1131.180996166815
 30
0.0
 10
861.4411559029959
 20
-1157.174488750683
 30
0.0
 10
861.4800568131877
 20
-1183.167981334551
 30
0.0
 10
861.421598661088
 20
-1209.161351871211
 30
0.0
 10
861.3988683253292
 20
-1219.274854891268
 30
0.0
 10
854.1875854018681
 20
-1224.738603332422
 30
0.0
 10
844.3874545327881
 20
-1222.264584353237
 30
0.0
 10
839.32600371436
 20
-1220.986811095747
 30
0.0
 10
835.8725182048847
 20
-1216.567542671557
 30
0.0
 10
835.7230471781959
 20
-1210.806853370243
 30
0.0
 10
835.5847735115385
 20
-1205.478333236962
 30
0.0
 10
835.6850615835383
 20
-1200.143588696013
 30
0.0
 10
835.685000562502
 20
-1194.811590217272
 30
0.0
 10
835.6842988205926
 20
-1147.490164742037
 30
0.0
 10
835.6734675867747
 20
-1100.168678243201
 30
0.0
 10
835.694458823019
 20
-1052.84725276797
 30
0.0
 10
835.6984862113686
 20
-1043.823509279515
 30
0.0
 10
840.1232740549212
 20
-1039.127620855506
 30
0.0
 10
848.4607612113159
 20
-1039.107238971559
 30
0.0
 10
856.6767249753248
 20
-1039.087162205633
 30
0.0
 10
861.3524008067243
 20
-1043.697739630359
 30
0.0
 10
861.4172966780789
 20
-1052.201012794867
 30
0.0
 10
861.5126420461957
 20
-1064.697121434361
 30
0.0
 10
861.441979686977
 20
-1077.194572593155
 30
0.0
 10
861.4420101974947
 20
-1089.691413515906
 30
0.0
 10
861.4420407080124
 20
-1103.521254058342
 30
0.0
 10
861.4420101974947
 20
-1117.351155624379
 30
0.0
 10
861.4415830502458
 20
-1131.180996166815
 30
0.0
  0
SPLINE
  5
D4
330
8D
100
AcDbEntity
  8
katman 1
370
     0
100
AcDbSpline
210
0.0
220
0.0
230
1.0
 70
    11
 71
     3
 72
    29
 73
    25
 74
     0
 42
0.0000000001
 43
0.0000000001
 12
1.0
 22
0.0
 32
0.0
 13
1.0
 23
0.0
 33
0.0
 40
0.0
 40
0.0
 40
0.0
 40
0.0
 40
1.0
 40
1.0
 40
1.0
 40
2.0
 40
2.0
 40
2.0
 40
3.0
 40
3.0
 40
3.0
 40
4.0
 40
4.0
 40
4.0
 40
5.0
 40
5.0
 40
5.0
 40
6.0
 40
6.0
 40
6.0
 40
7.0
 40
7.0
 40
7.0
 40
8.0
 40
8.0
 40
8.0
 40
8.0
 10
843.0761429883787
 20
-1131.179653647512
 30
0.0
 10
843.0761429883787
 20
-1156.840933727741
 30
0.0
 10
843.0629624446901
 20
-1182.502274831571
 30
0.0
 10
843.0866080959831
 20
-1208.163554911796
 30
0.0
 10
843.0917338629733
 20
-1213.721828916532
 30
0.0
 10
845.0293653167255
 20
-1215.726454328847
 30
0.0
 10
849.588582501693
 20
-1215.152344256425
 30
0.0
 10
853.9964370078678
 20
-1214.597212525045
 30
0.0
 10
853.9559800612687
 20
-1211.359971322669
 30
0.0
 10
853.955217298324
 20
-1208.065367931937
 30
0.0
 10
853.9435622805249
 20
-1156.576152307221
 30
0.0
 10
853.9471625216256
 20
-1105.086997706112
 30
0.0
 10
853.9466438428226
 20
-1053.597782081397
 30
0.0
 10
853.9466438428226
 20
-1052.931282271555
 30
0.0
 10
853.9536307513981
 20
-1052.264294272874
 30
0.0
 10
853.9326395151538
 20
-1051.598343675472
 30
0.0
 10
853.8217337829601
 20
-1048.078441136418
 30
0.0
 10
851.8974964465206
 20
-1046.538815591433
 30
0.0
 10
848.4841627784663
 20
-1046.555414011895
 30
0.0
 10
843.5446319891562
 20
-1046.57945731212
 30
0.0
 10
843.0472495280246
 20
-1049.825607960775
 30
0.0
 10
843.053626226244
 20
-1053.695969061257
 30
0.0
 10
843.0961578880533
 20
-1079.523782558535
 30
0.0
 10
843.0757158411297
 20
-1105.351718103026
 30
0.0
 10
843.0761429883787
 20
-1131.179653647512
 30
0.0
  0
HATCH
  5
D5
330
8D
100
AcDbEntity
  8
katman 1
 62
     7
420
 16777215
100
AcDbHatch
 10
0.0
 20
0.0
 30
0.0
210
0.0
220
0.0
230
1.0
  2
SOLID
 70
     1
 71
     0
 91
        2
 92
        1
 93
        1
 72
     4
 94
        3
 73
     0
 74
     1
 95
       32
 96
       28
 40
0.0
 40
0.0
 40
0.0
 40
0.0
 40
1.0
 40
1.0
 40
1.0
 40
2.0
 40
2.0
 40
2.0
 40
3.0
 40
3.0
 40
3.0
 40
4.0
 40
4.0
 40
4.0
 40
5.0
 40
5.0
 40
5.0
 40
6.0
 40
6.0
 40
6.0
 40
7.0
 40
7.0
 40
7.0
 40
8.0
 40
8.0
 40
8.0
 40
9.0
 40
9.0
 40
9.0
 40
9.0
 10
861.4415830502458
 20
-1131.180996166815
 10
861.4411559029959
 20
-1157.174488750683
 10
861.4800568131877
 20
-1183.167981334551
 10
861.421598661088
 20
-1209.161351871211
 10
861.3988683253292
 20
-1219.274854891268
 10
854.1875854018681
 20
-1224.738603332422
 10
844.3874545327881
 20
-1222.264584353237
 10
839.32600371436
 20
-1220.986811095747
 10
835.8725182048847
 20
-1216.567542671557
 10
835.7230471781959
 20
-1210.806853370243
 10
835.5847735115385
 20
-1205.478333236962
 10
835.6850615835383
 20
-1200.143588696013
 10
835.685000562502
 20
-1194.811590217272
 10
835.6842988205926
 20
-1147.490164742037
 10
835.6734675867747
 20
-1100.168678243201
 10
835.694458823019
 20
-1052.84725276797
 10
835.6984862113686
 20
-1043.823509279515
 10
840.1232740549212
 20
-1039.127620855506
 10
848.4607612113159
 20
-1039.107238971559
 10
856.6767249753248
 20
-1039.087162205633
 10
861.3524008067243
 20
-1043.697739630359
 10
861.4172966780789
 20
-1052.201012794867
 10
861.5126420461957
 20
-1064.697121434361
 10
861.441979686977
 20
-1077.194572593155
 10
861.4420101974947
 20
-1089.691413515906
 10
861.4420407080124
 20
-1103.521254058342
 10
861.4420101974947
 20
-1117.351155624379
 10
861.4415830502458
 20
-1131.180996166815
 97
        0
 97
        0
 92
        1
 93
        1
 72
     4
 94
        3
 73
     0
 74
     1
 95
       29
 96
       25
 40
0.0
 40
0.0
 40
0.0
 40
0.0
 40
1.0
 40
1.0
 40
1.0
 40
2.0
 40
2.0
 40
2.0
 40
3.0
 40
3.0
 40
3.0
 40
4.0
 40
4.0
 40
4.0
 40
5.0
 40
5.0
 40
5.0
 40
6.0
 40
6.0
 40
6.0
 40
7.0
 40
7.0
 40
7.0
 40
8.0
 40
8.0
 40
8.0
 40
8.0
 10
843.0761429883787
 20
-1131.179653647512
 10
843.0761429883787
 20
-1156.840933727741
 10
843.0629624446901
 20
-1182.502274831571
 10
843.0866080959831
 20
-1208.163554911796
 10
843.0917338629733
 20
-1213.721828916532
 10
845.0293653167255
 20
-1215.726454328847
 10
849.588582501693
 20
-1215.152344256425
 10
853.9964370078678
 20
-1214.597212525045
 10
853.9559800612687
 20
-1211.359971322669
 10
853.955217298324
 20
-1208.065367931937
 10
853.9435622805249
 20
-1156.576152307221
 10
853.9471625216256
 20
-1105.086997706112
 10
853.9466438428226
 20
-1053.597782081397
 10
853.9466438428226
 20
-1052.931282271555
 10
853.9536307513981
 20
-1052.264294272874
 10
853.9326395151538
 20
-1051.598343675472
 10
853.8217337829601
 20
-1048.078441136418
 10
851.8974964465206
 20
-1046.538815591433
 10
848.4841627784663
 20
-1046.555414011895
 10
843.5446319891562
 20
-1046.57945731212
 10
843.0472495280246
 20
-1049.825607960775
 10
843.053626226244
 20
-1053.695969061257
 10
843.0961578880533
 20
-1079.523782558535
 10
843.0757158411297
 20
-1105.351718103026
 10
843.0761429883787
 20
-1131.179653647512
 97
        0
 97
        0
 75
     2
 76
     1
 98
        0
  0
SPLINE
  5
D6
330
8D
100
AcDbEntity
  8
katman 1
370
     0
100
AcDbSpline
210
0.0
220
0.0
230
1.0
 70
    11
 71
     3
 72
    29
 73
    25
 74
     0
 42
0.0000000001
 43
0.0000000001
 12
1.0
 22
0.0
 32
0.0
 13
1.0
 23
0.0
 33
0.0
 40
0.0
 40
0.0
 40
0.0
 40
0.0
 40
1.0
 40
1.0
 40
1.0
 40
2.0
 40
2.0
 40
2.0
 40
3.0
 40
3.0
 40
3.0
 40
4.0
 40
4.0
 40
4.0
 40
5.0
 40
5.0
 40
5.0
 40
6.0
 40
6.0
 40
6.0
 40
7.0
 40
7.0
 40
7.0
 40
8.0
 40
8.0
 40
8.0
 40
8.0
 10
951.771632251266
 20
-851.5942727853271
 30
0.0
 10
951.7715102091952
 20
-842.2633974947385
 30
0.0
 10
952.0080887641952
 20
-832.9237958286849
 30
0.0
 10
951.6631978710147
 20
-823.6056744714651
 30
0.0
 10
951.5101571137438
 20
-819.4716303753466
 30
0.0
 10
952.9731364421241
 20
-818.3517251830526
 30
0.0
 10
956.6931008140409
 20
-818.8578854717125
 30
0.0
 10
958.0019410065088
 20
-819.0359523500429
 30
0.0
 10
959.3552045128899
 20
-818.8765892065339
 30
0.0
 10
960.6880259723475
 20
-818.8905025883914
 30
0.0
 10
968.5133025559617
 20
-818.9722131950002
 30
0.0
 10
972.1223917062025
 20
-822.2889986660193
 30
0.0
 10
972.1970814537708
 20
-830.0527572777346
 30
0.0
 10
972.3332804052179
 20
-844.214352646778
 30
0.0
 10
972.3214423243126
 20
-858.3789686842501
 30
0.0
 10
972.2010478210841
 20
-872.5408691713164
 30
0.0
 10
972.1334975346808
 20
-880.4948078468824
 30
0.0
 10
968.3805818035426
 20
-884.0093097969257
 30
0.0
 10
960.4379617684808
 20
-884.0645056473195
 30
0.0
 10
951.7716932723024
 20
-884.1247359450954
 30
0.0
 10
951.7717542933378
 20
-884.1247359450954
 30
0.0
 10
951.7718153143733
 20
-875.5879303098418
 30
0.0
 10
951.7718763354087
 20
-867.5900546389385
 30
0.0
 10
951.7718153143733
 20
-859.5921484562314
 30
0.0
 10
951.771632251266
 20
-851.5942727853271
 30
0.0
  0
SPLINE
  5
D7
330
8D
100
AcDbEntity
  8
katman 1
370
     0
100
AcDbSpline
210
0.0
220
0.0
230
1.0
 70
    11
 71
     3
 72
    26
 73
    22
 74
     0
 42
0.0000000001
 43
0.0000000001
 12
1.0
 22
0.0
 32
0.0
 13
1.0
 23
0.0
 33
0.0
 40
0.0
 40
0.0
 40
0.0
 40
0.0
 40
1.0
 40
1.0
 40
1.0
 40
2.0
 40
2.0
 40
2.0
 40
3.0
 40
3.0
 40
3.0
 40
4.0
 40
4.0
 40
4.0
 40
5.0
 40
5.0
 40
5.0
 40
6.0
 40
6.0
 40
6.0
 40
7.0
 40
7.0
 40
7.0
 40
7.0
 10
959.1413868041664
 20
-851.2112581308247
 30
0.0
 10
959.1413868041664
 20
-858.3563289269305
 30
0.0
 10
959.1138663171141
 20
-865.5015522820468
 30
0.0
 10
959.1618898721263
 20
-872.6462874483268
 30
0.0
 10
959.17305672164
 20
-874.3038716210758
 30
0.0
 10
958.3702029563219
 20
-876.5375186215952
 30
0.0
 10
961.4829470030381
 20
-876.4799733624222
 30
0.0
 10
963.8414100287682
 20
-876.4363719969097
 30
0.0
 10
964.7818052083167
 20
-875.1808418433102
 30
0.0
 10
964.7842460497404
 20
-873.0498670575926
 30
0.0
 10
964.8010268345288
 20
-858.5938022843748
 30
0.0
 10
964.8009658134933
 20
-844.137737511157
 30
0.0
 10
964.7677703701302
 20
-829.681733761543
 30
0.0
 10
964.7628276662472
 20
-827.533367248503
 30
0.0
 10
963.7307178702004
 20
-826.3322396384383
 30
0.0
 10
961.387327040261
 20
-826.3217435784409
 30
0.0
 10
958.6918448349415
 20
-826.3096914165244
 30
0.0
 10
959.1534079481789
 20
-828.1779900960837
 30
0.0
 10
959.1497466860428
 20
-829.776106766114
 30
0.0
 10
959.133332027468
 20
-836.921116538615
 30
0.0
 10
959.1426072248787
 20
-844.0661873347199
 30
0.0
 10
959.1413868041664
 20
-851.2112581308247
 30
0.0
  0
HATCH
  5
D8
330
8D
100
AcDbEntity
  8
katman 1
 62
     7
420
 16777215
100
AcDbHatch
 10
0.0
 20
0.0
 30
0.0
210
0.0
220
0.0
230
1.0
  2
SOLID
 70
     1
 71
     0
 91
        2
 92
        1
 93
        1
 72
     4
 94
        3
 73
     0
 74
     1
 95
       29
 96
       25
 40
0.0
 40
0.0
 40
0.0
 40
0.0
 40
1.0
 40
1.0
 40
1.0
 40
2.0
 40
2.0
 40
2.0
 40
3.0
 40
3.0
 40
3.0
 40
4.0
 40
4.0
 40
4.0
 40
5.0
 40
5.0
 40
5.0
 40
6.0
 40
6.0
 40
6.0
 40
7.0
 40
7.0
 40
7.0
 40
8.0
 40
8.0
 40
8.0
 40
8.0
 10
951.771632251266
 20
-851.5942727853271
 10
951.7715102091952
 20
-842.2633974947385
 10
952.0080887641952
 20
-832.9237958286849
 10
951.6631978710147
 20
-823.6056744714651
 10
951.5101571137438
 20
-819.4716303753466
 10
952.9731364421241
 20
-818.3517251830526
 10
956.6931008140409
 20
-818.8578854717125
 10
958.0019410065088
 20
-819.0359523500429
 10
959.3552045128899
 20
-818.8765892065339
 10
960.6880259723475
 20
-818.8905025883914
 10
968.5133025559617
 20
-818.9722131950002
 10
972.1223917062025
 20
-822.2889986660193
 10
972.1970814537708
 20
-830.0527572777346
 10
972.3332804052179
 20
-844.214352646778
 10
972.3214423243126
 20
-858.3789686842501
 10
972.2010478210841
 20
-872.5408691713164
 10
972.1334975346808
 20
-880.4948078468824
 10
968.3805818035426
 20
-884.0093097969257
 10
960.4379617684808
 20
-884.0645056473195
 10
951.7716932723024
 20
-884.1247359450954
 10
951.7717542933378
 20
-884.1247359450954
 10
951.7718153143733
 20
-875.5879303098418
 10
951.7718763354087
 20
-867.5900546389385
 10
951.7718153143733
 20
-859.5921484562314
 10
951.771632251266
 20
-851.5942727853271
 97
        0
 97
        0
 92
        1
 93
        1
 72
     4
 94
        3
 73
     0
 74
     1
 95
       26
 96
       22
 40
0.0
 40
0.0
 40
0.0
 40
0.0
 40
1.0
 40
1.0
 40
1.0
 40
2.0
 40
2.0
 40
2.0
 40
3.0
 40
3.0
 40
3.0
 40
4.0
 40
4.0
 40
4.0
 40
5.0
 40
5.0
 40
5.0
 40
6.0
 40
6.0
 40
6.0
 40
7.0
 40
7.0
 40
7.0
 40
7.0
 10
959.1413868041664
 20
-851.2112581308247
 10
959.1413868041664
 20
-858.3563289269305
 10
959.1138663171141
 20
-865.5015522820468
 10
959.1618898721263
 20
-872.6462874483268
 10
959.17305672164
 20
-874.3038716210758
 10
958.3702029563219
 20
-876.5375186215952
 10
961.4829470030381
 20
-876.4799733624222
 10
963.8414100287682
 20
-876.4363719969097
 10
964.7818052083167
 20
-875.1808418433102
 10
964.7842460497404
 20
-873.0498670575926
 10
964.8010268345288
 20
-858.5938022843748
 10
964.8009658134933
 20
-844.137737511157
 10
964.7677703701302
 20
-829.681733761543
 10
964.7628276662472
 20
-827.533367248503
 10
963.7307178702004
 20
-826.3322396384383
 10
961.387327040261
 20
-826.3217435784409
 10
958.6918448349415
 20
-826.3096914165244
 10
959.1534079481789
 20
-828.1779900960837
 10
959.1497466860428
 20
-829.776106766114
 10
959.133332027468
 20
-836.921116538615
 10
959.1426072248787
 20
-844.0661873347199
 10
959.1413868041664
 20
-851.2112581308247
 97
        0
 97
        0
 75
     2
 76
     1
 98
        0
  0
ENDBLK
  5
90
330
8D
100
AcDbEntity
  8
0
100
AcDbBlockEnd
  0
ENDSEC
  0
SECTION
  2
ENTITIES
  0
INSERT
  5
42
330
1F
100
AcDbEntity
  8
katman 1
100
AcDbBlockReference
  2
block 2
 10
0.0
 20
0.0
 30
0.0
  0
INSERT
  5
8E
330
1F
100
AcDbEntity
  8
katman 1
100
AcDbBlockReference
  2
block 3
 10
0.0
 20
0.0
 30
0.0
  0
ENDSEC
  0
SECTION
  2
OBJECTS
  0
DICTIONARY
  5
C
330
0
100
AcDbDictionary
281
     1
  3
ACAD_GROUP
350
D
  3
ACAD_LAYOUT
350
1A
  3
ACAD_MATERIAL
350
3B
  3
ACAD_MLEADERSTYLE
350
DA
  3
ACAD_MLINESTYLE
350
17
  3
ACAD_PLOTSETTINGS
350
19
  3
ACAD_PLOTSTYLENAME
350
E
  3
ACAD_TABLESTYLE
350
D9
  3
ACAD_VISUALSTYLE
350
2A
  0
SUN
  5
3F
330
29
100
AcDbSun
 90
        1
290
     0
 63
     7
421
 16777215
 40
1.0
291
     1
 91
  2455826
 92
 54000000
292
     0
 70
     2
 71
   256
280
     1
  0
DICTIONARY
  5
D
102
{ACAD_REACTORS
330
C
102
}
330
C
100
AcDbDictionary
281
     1
  0
DICTIONARY
  5
1A
102
{ACAD_REACTORS
330
C
102
}
330
C
100
AcDbDictionary
281
     1
  3
Layout1
350
1E
  3
Layout2
350
26
  3
Model
350
22
  0
DICTIONARY
  5
3B
102
{ACAD_REACTORS
330
C
102
}
330
C
100
AcDbDictionary
281
     1
  3
ByBlock
350
3D
  3
ByLayer
350
3C
  3
Global
350
3E
  0
DICTIONARY
  5
DA
102
{ACAD_REACTORS
330
C
102
}
330
C
100
AcDbDictionary
281
     1
  0
DICTIONARY
  5
17
102
{ACAD_REACTORS
330
C
102
}
330
C
100
AcDbDictionary
281
     1
  3
Standard
350
18
  0
DICTIONARY
  5
19
102
{ACAD_REACTORS
330
C
102
}
330
C
100
AcDbDictionary
281
     1
  0
ACDBDICTIONARYWDFLT
  5
E
102
{ACAD_REACTORS
330
C
102
}
330
C
100
AcDbDictionary
281
     1
  3
Normal
350
F
100
AcDbDictionaryWithDefault
340
F
  0
DICTIONARY
  5
D9
102
{ACAD_REACTORS
330
C
102
}
330
C
100
AcDbDictionary
281
     1
  0
DICTIONARY
  5
2A
102
{ACAD_REACTORS
330
C
102
}
330
C
100
AcDbDictionary
281
     1
  3
2dWireframe
350
2F
  3
3D Hidden
350
31
  3
3dWireframe
350
30
  3
Basic
350
32
  3
Brighten
350
36
  3
ColorChange
350
3A
  3
Conceptual
350
34
  3
Dim
350
35
  3
Facepattern
350
39
  3
Flat
350
2B
  3
FlatWithEdges
350
2C
  3
Gouraud
350
2D
  3
GouraudWithEdges
350
2E
  3
Linepattern
350
38
  3
Realistic
350
33
  3
Thicken
350
37
  0
LAYOUT
  5
1E
102
{ACAD_REACTORS
330
1A
102
}
330
1A
100
AcDbPlotSettings
  1

  2
none_device
  4

  6

 40
0.0
 41
0.0
 42
0.0
 43
0.0
 44
0.0
 45
0.0
 46
0.0
 47
0.0
 48
0.0
 49
0.0
140
0.0
141
0.0
142
1.0
143
1.0
 70
   688
 72
     0
 73
     0
 74
     5
  7

 75
    16
 76
     0
 77
     2
 78
   300
147
1.0
148
0.0
149
0.0
100
AcDbLayout
  1
Layout1
 70
     1
 71
     1
 10
0.0
 20
0.0
 11
12.0
 21
9.0
 12
0.0
 22
0.0
 32
0.0
 14
1.000000000000000E+20
 24
1.000000000000000E+20
 34
1.000000000000000E+20
 15
-1.000000000000000E+20
 25
-1.000000000000000E+20
 35
-1.000000000000000E+20
146
0.0
 13
0.0
 23
0.0
 33
0.0
 16
1.0
 26
0.0
 36
0.0
 17
0.0
 27
1.0
 37
0.0
 76
     0
330
1B
  0
LAYOUT
  5
26
102
{ACAD_REACTORS
330
1A
102
}
330
1A
100
AcDbPlotSettings
  1

  2
none_device
  4

  6

 40
0.0
 41
0.0
 42
0.0
 43
0.0
 44
0.0
 45
0.0
 46
0.0
 47
0.0
 48
0.0
 49
0.0
140
0.0
141
0.0
142
1.0
143
1.0
 70
   688
 72
     0
 73
     0
 74
     5
  7

 75
    16
 76
     0
 77
     2
 78
   300
147
1.0
148
0.0
149
0.0
100
AcDbLayout
  1
Layout2
 70
     1
 71
     2
 10
0.0
 20
0.0
 11
0.0
 21
0.0
 12
0.0
 22
0.0
 32
0.0
 14
0.0
 24
0.0
 34
0.0
 15
0.0
 25
0.0
 35
0.0
146
0.0
 13
0.0
 23
0.0
 33
0.0
 16
1.0
 26
0.0
 36
0.0
 17
0.0
 27
1.0
 37
0.0
 76
     0
330
23
  0
LAYOUT
  5
22
102
{ACAD_REACTORS
330
1A
102
}
330
1A
100
AcDbPlotSettings
  1

  2
none_device
  4

  6

 40
0.0
 41
0.0
 42
0.0
 43
0.0
 44
0.0
 45
0.0
 46
0.0
 47
0.0
 48
0.0
 49
0.0
140
0.0
141
0.0
142
1.0
143
1.0
 70
  1712
 72
     0
 73
     0
 74
     0
  7

 75
     0
 76
     0
 77
     2
 78
   300
147
1.0
148
0.0
149
0.0
100
AcDbLayout
  1
Model
 70
     1
 71
     0
 10
0.0
 20
0.0
 11
12.0
 21
9.0
 12
0.0
 22
0.0
 32
0.0
 14
1.000000000000000E+20
 24
1.000000000000000E+20
 34
1.000000000000000E+20
 15
-1.000000000000000E+20
 25
-1.000000000000000E+20
 35
-1.000000000000000E+20
146
0.0
 13
0.0
 23
0.0
 33
0.0
 16
1.0
 26
0.0
 36
0.0
 17
0.0
 27
1.0
 37
0.0
 76
     0
330
1F
331
29
  0
MATERIAL
  5
3D
102
{ACAD_REACTORS
330
3B
102
}
330
3B
100
AcDbMaterial
  1
ByBlock
 72
     1
 94
      127
  0
MATERIAL
  5
3C
102
{ACAD_REACTORS
330
3B
102
}
330
3B
100
AcDbMaterial
  1
ByLayer
 72
     1
 94
      127
  0
MATERIAL
  5
3E
102
{ACAD_REACTORS
330
3B
102
}
330
3B
100
AcDbMaterial
  1
Global
 72
     1
 94
      127
  0
MLINESTYLE
  5
18
102
{ACAD_REACTORS
330
17
102
}
330
17
100
AcDbMlineStyle
  2
Standard
 70
     0
  3

 62
   256
 51
90.0
 52
90.0
 71
     2
 49
0.5
 62
   256
  6
BYLAYER
 49
-0.5
 62
   256
  6
BYLAYER
  0
ACDBPLACEHOLDER
  5
F
102
{ACAD_REACTORS
330
E
102
}
330
E
  0
VISUALSTYLE
  5
2F
102
{ACAD_REACTORS
330
2A
102
}
330
2A
100
AcDbVisualStyle
  2
2dWireframe
 70
     4
177
     2
291
     0
 71
     0
176
     1
 72
     2
176
     1
 73
     0
176
     1
 90
        0
176
     1
 40
-0.6
176
     1
 41
-30.0
176
     1
 62
     5
 63
     7
421
 16777215
176
     1
 74
     1
176
     1
 91
        4
176
     1
 64
     7
176
     1
 65
   257
176
     1
 75
     1
176
     1
175
     1
176
     1
 42
1.0
176
     1
 92
        0
176
     1
 66
   257
176
     1
 43
1.0
176
     1
 76
     1
176
     1
 77
     6
176
     1
 78
     2
176
     1
 67
     7
176
     1
 79
     5
176
     1
170
     0
176
     1
171
     0
176
     1
290
     0
176
     1
 93
        1
176
     1
 44
0.0
176
     1
173
     0
176
     1
  0
VISUALSTYLE
  5
31
102
{ACAD_REACTORS
330
2A
102
}
330
2A
100
AcDbVisualStyle
  2
3D Hidden
 70
     6
177
     2
291
     0
 71
     1
176
     1
 72
     2
176
     1
 73
     2
176
     1
 90
        0
176
     1
 40
-0.6
176
     1
 41
-30.0
176
     1
 62
     5
 63
     7
421
 16777215
176
     1
 74
     2
176
     1
 91
        2
176
     1
 64
     7
176
     1
 65
   257
176
     1
 75
     2
176
     1
175
     1
176
     1
 42
40.0
176
     1
 92
        0
176
     1
 66
   257
176
     1
 43
1.0
176
     1
 76
     1
176
     1
 77
     6
176
     1
 78
     2
176
     1
 67
     7
176
     1
 79
     3
176
     1
170
     0
176
     1
171
     0
176
     1
290
     0
176
     1
 93
        1
176
     1
 44
0.0
176
     1
173
     0
176
     1
  0
VISUALSTYLE
  5
30
102
{ACAD_REACTORS
330
2A
102
}
330
2A
100
AcDbVisualStyle
  2
3dWireframe
 70
     5
177
     2
291
     0
 71
     0
176
     1
 72
     2
176
     1
 73
     0
176
     1
 90
        0
176
     1
 40
-0.6
176
     1
 41
-30.0
176
     1
 62
     5
 63
     7
421
 16777215
176
     1
 74
     1
176
     1
 91
        4
176
     1
 64
     7
176
     1
 65
   257
176
     1
 75
     1
176
     1
175
     1
176
     1
 42
1.0
176
     1
 92
        0
176
     1
 66
   257
176
     1
 43
1.0
176
     1
 76
     1
176
     1
 77
     6
176
     1
 78
     2
176
     1
 67
     7
176
     1
 79
     5
176
     1
170
     0
176
     1
171
     0
176
     1
290
     0
176
     1
 93
        1
176
     1
 44
0.0
176
     1
173
     0
176
     1
  0
VISUALSTYLE
  5
32
102
{ACAD_REACTORS
330
2A
102
}
330
2A
100
AcDbVisualStyle
  2
Basic
 70
     7
177
     2
291
     1
 71
     1
176
     1
 72
     0
176
     1
 73
     1
176
     1
 90
        0
176
     1
 40
-0.6
176
     1
 41
-30.0
176
     1
 62
     5
 63
     7
421
 16777215
176
     1
 74
     0
176
     1
 91
        4
176
     1
 64
     7
176
     1
 65
   257
176
     1
 75
     1
176
     1
175
     1
176
     1
 42
1.0
176
     1
 92
        8
176
     1
 66
     7
176
     1
 43
1.0
176
     1
 76
     1
176
     1
 77
     6
176
     1
 78
     2
176
     1
 67
     7
176
     1
 79
     5
176
     1
170
     0
176
     1
171
     0
176
     1
290
     0
176
     1
 93
        1
176
     1
 44
0.0
176
     1
173
     0
176
     1
  0
VISUALSTYLE
  5
36
102
{ACAD_REACTORS
330
2A
102
}
330
2A
100
AcDbVisualStyle
  2
Brighten
 70
    12
177
     2
291
     1
 71
     2
176
     1
 72
     2
176
     1
 73
     0
176
     1
 90
        0
176
     1
 40
-0.6
176
     1
 41
-30.0
176
     1
 62
     5
 63
     7
421
 16777215
176
     1
 74
     1
176
     1
 91
        4
176
     1
 64
     7
176
     1
 65
   257
176
     1
 75
     1
176
     1
175
     1
176
     1
 42
1.0
176
     1
 92
        8
176
     1
 66
     7
176
     1
 43
1.0
176
     1
 76
     1
176
     1
 77
     6
176
     1
 78
     2
176
     1
 67
     7
176
     1
 79
     5
176
     1
170
     0
176
     1
171
     0
176
     1
290
     0
176
     1
 93
        1
176
     1
 44
50.0
176
     1
173
     0
176
     1
  0
VISUALSTYLE
  5
3A
102
{ACAD_REACTORS
330
2A
102
}
330
2A
100
AcDbVisualStyle
  2
ColorChange
 70
    16
177
     2
291
     1
 71
     2
176
     1
 72
     2
176
     1
 73
     3
176
     1
 90
        0
176
     1
 40
-0.6
176
     1
 41
-30.0
176
     1
 62
     5
 63
     8
421
  8421504
176
     1
 74
     1
176
     1
 91
        4
176
     1
 64
     7
176
     1
 65
   257
176
     1
 75
     1
176
     1
175
     1
176
     1
 42
1.0
176
     1
 92
        8
176
     1
 66
     8
424
  8421504
176
     1
 43
1.0
176
     1
 76
     1
176
     1
 77
     6
176
     1
 78
     2
176
     1
 67
     7
176
     1
 79
     5
176
     1
170
     0
176
     1
171
     0
176
     1
290
     0
176
     1
 93
        1
176
     1
 44
0.0
176
     1
173
     0
176
     1
  0
VISUALSTYLE
  5
34
102
{ACAD_REACTORS
330
2A
102
}
330
2A
100
AcDbVisualStyle
  2
Conceptual
 70
     9
177
     2
291
     0
 71
     3
176
     1
 72
     2
176
     1
 73
     0
176
     1
 90
        0
176
     1
 40
-0.6
176
     1
 41
-30.0
176
     1
 62
     5
 63
     7
421
 16777215
176
     1
 74
     2
176
     1
 91
        2
176
     1
 64
     7
176
     1
 65
   257
176
     1
 75
     1
176
     1
175
     1
176
     1
 42
40.0
176
     1
 92
        8
176
     1
 66
     7
176
     1
 43
1.0
176
     1
 76
     1
176
     1
 77
     6
176
     1
 78
     2
176
     1
 67
     7
176
     1
 79
     3
176
     1
170
     0
176
     1
171
     0
176
     1
290
     0
176
     1
 93
        1
176
     1
 44
0.0
176
     1
173
     0
176
     1
  0
VISUALSTYLE
  5
35
102
{ACAD_REACTORS
330
2A
102
}
330
2A
100
AcDbVisualStyle
  2
Dim
 70
    11
177
     2
291
     1
 71
     2
176
     1
 72
     2
176
     1
 73
     0
176
     1
 90
        0
176
     1
 40
-0.6
176
     1
 41
-30.0
176
     1
 62
     5
 63
     7
421
 16777215
176
     1
 74
     1
176
     1
 91
        4
176
     1
 64
     7
176
     1
 65
   257
176
     1
 75
     1
176
     1
175
     1
176
     1
 42
1.0
176
     1
 92
        8
176
     1
 66
     7
176
     1
 43
1.0
176
     1
 76
     1
176
     1
 77
     6
176
     1
 78
     2
176
     1
 67
     7
176
     1
 79
     5
176
     1
170
     0
176
     1
171
     0
176
     1
290
     0
176
     1
 93
        1
176
     1
 44
-50.0
176
     1
173
     0
176
     1
  0
VISUALSTYLE
  5
39
102
{ACAD_REACTORS
330
2A
102
}
330
2A
100
AcDbVisualStyle
  2
Facepattern
 70
    15
177
     2
291
     1
 71
     2
176
     1
 72
     2
176
     1
 73
     0
176
     1
 90
        0
176
     1
 40
-0.6
176
     1
 41
-30.0
176
     1
 62
     5
 63
     7
421
 16777215
176
     1
 74
     1
176
     1
 91
        4
176
     1
 64
     7
176
     1
 65
   257
176
     1
 75
     1
176
     1
175
     1
176
     1
 42
1.0
176
     1
 92
        8
176
     1
 66
     7
176
     1
 43
1.0
176
     1
 76
     1
176
     1
 77
     6
176
     1
 78
     2
176
     1
 67
     7
176
     1
 79
     5
176
     1
170
     0
176
     1
171
     0
176
     1
290
     0
176
     1
 93
        1
176
     1
 44
0.0
176
     1
173
     0
176
     1
  0
VISUALSTYLE
  5
2B
102
{ACAD_REACTORS
330
2A
102
}
330
2A
100
AcDbVisualStyle
  2
Flat
 70
     0
177
     2
291
     1
 71
     2
176
     1
 72
     1
176
     1
 73
     1
176
     1
 90
        2
176
     1
 40
-0.6
176
     1
 41
30.0
176
     1
 62
     5
 63
     7
421
 16777215
176
     1
 74
     0
176
     1
 91
        4
176
     1
 64
     7
176
     1
 65
   257
176
     1
 75
     1
176
     1
175
     1
176
     1
 42
1.0
176
     1
 92
        8
176
     1
 66
     7
176
     1
 43
1.0
176
     1
 76
     1
176
     1
 77
     6
176
     1
 78
     2
176
     1
 67
     7
176
     1
 79
     5
176
     1
170
     0
176
     1
171
     0
176
     1
290
     0
176
     1
 93
       13
176
     1
 44
0.0
176
     1
173
     0
176
     1
  0
VISUALSTYLE
  5
2C
102
{ACAD_REACTORS
330
2A
102
}
330
2A
100
AcDbVisualStyle
  2
FlatWithEdges
 70
     1
177
     2
291
     1
 71
     2
176
     1
 72
     1
176
     1
 73
     1
176
     1
 90
        2
176
     1
 40
-0.6
176
     1
 41
30.0
176
     1
 62
     5
 63
     7
421
 16777215
176
     1
 74
     1
176
     1
 91
        4
176
     1
 64
     7
176
     1
 65
   257
176
     1
 75
     1
176
     1
175
     1
176
     1
 42
1.0
176
     1
 92
        0
176
     1
 66
   257
176
     1
 43
1.0
176
     1
 76
     1
176
     1
 77
     6
176
     1
 78
     2
176
     1
 67
     7
176
     1
 79
     5
176
     1
170
     0
176
     1
171
     0
176
     1
290
     0
176
     1
 93
       13
176
     1
 44
0.0
176
     1
173
     0
176
     1
  0
VISUALSTYLE
  5
2D
102
{ACAD_REACTORS
330
2A
102
}
330
2A
100
AcDbVisualStyle
  2
Gouraud
 70
     2
177
     2
291
     1
 71
     2
176
     1
 72
     2
176
     1
 73
     1
176
     1
 90
        2
176
     1
 40
-0.6
176
     1
 41
30.0
176
     1
 62
     5
 63
     7
421
 16777215
176
     1
 74
     0
176
     1
 91
        4
176
     1
 64
     7
176
     1
 65
   257
176
     1
 75
     1
176
     1
175
     1
176
     1
 42
1.0
176
     1
 92
        0
176
     1
 66
     7
176
     1
 43
1.0
176
     1
 76
     1
176
     1
 77
     6
176
     1
 78
     2
176
     1
 67
     7
176
     1
 79
     5
176
     1
170
     0
176
     1
171
     0
176
     1
290
     0
176
     1
 93
       13
176
     1
 44
0.0
176
     1
173
     0
176
     1
  0
VISUALSTYLE
  5
2E
102
{ACAD_REACTORS
330
2A
102
}
330
2A
100
AcDbVisualStyle
  2
GouraudWithEdges
 70
     3
177
     2
291
     1
 71
     2
176
     1
 72
     2
176
     1
 73
     1
176
     1
 90
        2
176
     1
 40
-0.6
176
     1
 41
30.0
176
     1
 62
     5
 63
     7
421
 16777215
176
     1
 74
     1
176
     1
 91
        4
176
     1
 64
     7
176
     1
 65
   257
176
     1
 75
     1
176
     1
175
     1
176
     1
 42
1.0
176
     1
 92
        0
176
     1
 66
   257
176
     1
 43
1.0
176
     1
 76
     1
176
     1
 77
     6
176
     1
 78
     2
176
     1
 67
     7
176
     1
 79
     5
176
     1
170
     0
176
     1
171
     0
176
     1
290
     0
176
     1
 93
       13
176
     1
 44
0.0
176
     1
173
     0
176
     1
  0
VISUALSTYLE
  5
38
102
{ACAD_REACTORS
330
2A
102
}
330
2A
100
AcDbVisualStyle
  2
Linepattern
 70
    14
177
     2
291
     1
 71
     2
176
     1
 72
     2
176
     1
 73
     0
176
     1
 90
        0
176
     1
 40
-0.6
176
     1
 41
-30.0
176
     1
 62
     5
 63
     7
421
 16777215
176
     1
 74
     1
176
     1
 91
        4
176
     1
 64
     7
176
     1
 65
   257
176
     1
 75
     7
176
     1
175
     7
176
     1
 42
1.0
176
     1
 92
        8
176
     1
 66
     7
176
     1
 43
1.0
176
     1
 76
     1
176
     1
 77
     6
176
     1
 78
     2
176
     1
 67
     7
176
     1
 79
     5
176
     1
170
     0
176
     1
171
     0
176
     1
290
     0
176
     1
 93
        1
176
     1
 44
0.0
176
     1
173
     0
176
     1
  0
VISUALSTYLE
  5
33
102
{ACAD_REACTORS
330
2A
102
}
330
2A
100
AcDbVisualStyle
  2
Realistic
 70
     8
177
     2
291
     0
 71
     2
176
     1
 72
     2
176
     1
 73
     0
176
     1
 90
        0
176
     1
 40
-0.6
176
     1
 41
-30.0
176
     1
 62
     5
 63
     7
421
 16777215
176
     1
 74
     1
176
     1
 91
        0
176
     1
 64
     7
176
     1
 65
   257
176
     1
 75
     1
176
     1
175
     1
176
     1
 42
1.0
176
     1
 92
        8
176
     1
 66
     8
424
  7895160
176
     1
 43
1.0
176
     1
 76
     1
176
     1
 77
     6
176
     1
 78
     2
176
     1
 67
     7
176
     1
 79
     5
176
     1
170
     0
176
     1
171
     0
176
     1
290
     0
176
     1
 93
       13
176
     1
 44
0.0
176
     1
173
     0
176
     1
  0
VISUALSTYLE
  5
37
102
{ACAD_REACTORS
330
2A
102
}
330
2A
100
AcDbVisualStyle
  2
Thicken
 70
    13
177
     2
291
     1
 71
     2
176
     1
 72
     2
176
     1
 73
     0
176
     1
 90
        0
176
     1
 40
-0.6
176
     1
 41
-30.0
176
     1
 62
     5
 63
     7
421
 16777215
176
     1
 74
     1
176
     1
 91
        4
176
     1
 64
     7
176
     1
 65
   257
176
     1
 75
     1
176
     1
175
     1
176
     1
 42
1.0
176
     1
 92
       12
176
     1
 66
     7
176
     1
 43
1.0
176
     1
 76
     1
176
     1
 77
     6
176
     1
 78
     2
176
     1
 67
     7
176
     1
 79
     5
176
     1
170
     0
176
     1
171
     0
176
     1
290
     0
176
     1
 93
        1
176
     1
 44
0.0
176
     1
173
     0
176
     1
  0
ENDSEC
  0
EOF
