  0
SECTION
  2
HEADER
  9
$ACADVER
  1
AC1024
  9
$ACADMAINTVER
 70
     6
  9
$DWGCODEPAGE
  3
ANSI_1254
  9
$INSBASE
 10
0.0
 20
0.0
 30
0.0
  9
$EXTMIN
 10
1.000000000000000E+20
 20
1.000000000000000E+20
 30
1.000000000000000E+20
  9
$EXTMAX
 10
-1.000000000000000E+20
 20
-1.000000000000000E+20
 30
-1.000000000000000E+20
  9
$LIMMIN
 10
0.0
 20
0.0
  9
$LIMMAX
 10
12.0
 20
9.0
  9
$ORTHOMODE
 70
     0
  9
$REGENMODE
 70
     1
  9
$FILLMODE
 70
     1
  9
$QTEXTMODE
 70
     0
  9
$MIRRTEXT
 70
     1
  9
$LTSCALE
 40
1.0
  9
$ATTMODE
 70
     1
  9
$TEXTSIZE
 40
0.2
  9
$TRACEWID
 40
0.05
  9
$TEXTSTYLE
  7
Standard
  9
$CLAYER
  8
0
  9
$CELTYPE
  6
ByLayer
  9
$CECOLOR
 62
   256
  9
$CELTSCALE
 40
1.0
  9
$DISPSILH
 70
     0
  9
$DIMSCALE
 40
1.0
  9
$DIMASZ
 40
0.18
  9
$DIMEXO
 40
0.0625
  9
$DIMDLI
 40
0.38
  9
$DIMRND
 40
0.0
  9
$DIMDLE
 40
0.0
  9
$DIMEXE
 40
0.18
  9
$DIMTP
 40
0.0
  9
$DIMTM
 40
0.0
  9
$DIMTXT
 40
0.18
  9
$DIMCEN
 40
0.09
  9
$DIMTSZ
 40
0.0
  9
$DIMTOL
 70
     0
  9
$DIMLIM
 70
     0
  9
$DIMTIH
 70
     1
  9
$DIMTOH
 70
     1
  9
$DIMSE1
 70
     0
  9
$DIMSE2
 70
     0
  9
$DIMTAD
 70
     0
  9
$DIMZIN
 70
     0
  9
$DIMBLK
  1

  9
$DIMASO
 70
     1
  9
$DIMSHO
 70
     1
  9
$DIMPOST
  1

  9
$DIMAPOST
  1

  9
$DIMALT
 70
     0
  9
$DIMALTD
 70
     2
  9
$DIMALTF
 40
25.4
  9
$DIMLFAC
 40
1.0
  9
$DIMTOFL
 70
     0
  9
$DIMTVP
 40
0.0
  9
$DIMTIX
 70
     0
  9
$DIMSOXD
 70
     0
  9
$DIMSAH
 70
     0
  9
$DIMBLK1
  1

  9
$DIMBLK2
  1

  9
$DIMSTYLE
  2
Standard
  9
$DIMCLRD
 70
     0
  9
$DIMCLRE
 70
     0
  9
$DIMCLRT
 70
     0
  9
$DIMTFAC
 40
1.0
  9
$DIMGAP
 40
0.09
  9
$DIMJUST
 70
     0
  9
$DIMSD1
 70
     0
  9
$DIMSD2
 70
     0
  9
$DIMTOLJ
 70
     1
  9
$DIMTZIN
 70
     0
  9
$DIMALTZ
 70
     0
  9
$DIMALTTZ
 70
     0
  9
$DIMUPT
 70
     0
  9
$DIMDEC
 70
     4
  9
$DIMTDEC
 70
     4
  9
$DIMALTU
 70
     2
  9
$DIMALTTD
 70
     2
  9
$DIMTXSTY
  7
Standard
  9
$DIMAUNIT
 70
     0
  9
$DIMADEC
 70
     0
  9
$DIMALTRND
 40
0.0
  9
$DIMAZIN
 70
     0
  9
$DIMDSEP
 70
    46
  9
$DIMATFIT
 70
     3
  9
$DIMFRAC
 70
     0
  9
$DIMLDRBLK
  1

  9
$DIMLUNIT
 70
     2
  9
$DIMLWD
 70
    -2
  9
$DIMLWE
 70
    -2
  9
$DIMTMOVE
 70
     0
  9
$DIMFXL
 40
1.0
  9
$DIMFXLON
 70
     0
  9
$DIMJOGANG
 40
0.7853981633974483
  9
$DIMTFILL
 70
     0
  9
$DIMTFILLCLR
 70
     0
  9
$DIMARCSYM
 70
     0
  9
$DIMLTYPE
  6

  9
$DIMLTEX1
  6

  9
$DIMLTEX2
  6

  9
$DIMTXTDIRECTION
 70
     0
  9
$LUNITS
 70
     2
  9
$LUPREC
 70
     4
  9
$SKETCHINC
 40
0.1
  9
$FILLETRAD
 40
0.5
  9
$AUNITS
 70
     0
  9
$AUPREC
 70
     0
  9
$MENU
  1
.
  9
$ELEVATION
 40
0.0
  9
$PELEVATION
 40
0.0
  9
$THICKNESS
 40
0.0
  9
$LIMCHECK
 70
     0
  9
$CHAMFERA
 40
0.5
  9
$CHAMFERB
 40
0.5
  9
$CHAMFERC
 40
1.0
  9
$CHAMFERD
 40
0.0
  9
$SKPOLY
 70
     0
  9
$TDCREATE
 40
2459351.687528275
  9
$TDUCREATE
 40
2459351.562528275
  9
$TDUPDATE
 40
2459351.687528333
  9
$TDUUPDATE
 40
2459351.562528333
  9
$TDINDWG
 40
0.0000000116
  9
$TDUSRTIMER
 40
0.0000000116
  9
$USRTIMER
 70
     1
  9
$ANGBASE
 50
0.0
  9
$ANGDIR
 70
     0
  9
$PDMODE
 70
     0
  9
$PDSIZE
 40
0.0
  9
$PLINEWID
 40
0.0
  9
$SPLFRAME
 70
     0
  9
$SPLINETYPE
 70
     6
  9
$SPLINESEGS
 70
     8
  9
$HANDSEED
  5
82
  9
$SURFTAB1
 70
     6
  9
$SURFTAB2
 70
     6
  9
$SURFTYPE
 70
     6
  9
$SURFU
 70
     6
  9
$SURFV
 70
     6
  9
$UCSBASE
  2

  9
$UCSNAME
  2

  9
$UCSORG
 10
0.0
 20
0.0
 30
0.0
  9
$UCSXDIR
 10
1.0
 20
0.0
 30
0.0
  9
$UCSYDIR
 10
0.0
 20
1.0
 30
0.0
  9
$UCSORTHOREF
  2

  9
$UCSORTHOVIEW
 70
     0
  9
$UCSORGTOP
 10
0.0
 20
0.0
 30
0.0
  9
$UCSORGBOTTOM
 10
0.0
 20
0.0
 30
0.0
  9
$UCSORGLEFT
 10
0.0
 20
0.0
 30
0.0
  9
$UCSORGRIGHT
 10
0.0
 20
0.0
 30
0.0
  9
$UCSORGFRONT
 10
0.0
 20
0.0
 30
0.0
  9
$UCSORGBACK
 10
0.0
 20
0.0
 30
0.0
  9
$PUCSBASE
  2

  9
$PUCSNAME
  2

  9
$PUCSORG
 10
0.0
 20
0.0
 30
0.0
  9
$PUCSXDIR
 10
1.0
 20
0.0
 30
0.0
  9
$PUCSYDIR
 10
0.0
 20
1.0
 30
0.0
  9
$PUCSORTHOREF
  2

  9
$PUCSORTHOVIEW
 70
     0
  9
$PUCSORGTOP
 10
0.0
 20
0.0
 30
0.0
  9
$PUCSORGBOTTOM
 10
0.0
 20
0.0
 30
0.0
  9
$PUCSORGLEFT
 10
0.0
 20
0.0
 30
0.0
  9
$PUCSORGRIGHT
 10
0.0
 20
0.0
 30
0.0
  9
$PUCSORGFRONT
 10
0.0
 20
0.0
 30
0.0
  9
$PUCSORGBACK
 10
0.0
 20
0.0
 30
0.0
  9
$USERI1
 70
     0
  9
$USERI2
 70
     0
  9
$USERI3
 70
     0
  9
$USERI4
 70
     0
  9
$USERI5
 70
     0
  9
$USERR1
 40
0.0
  9
$USERR2
 40
0.0
  9
$USERR3
 40
0.0
  9
$USERR4
 40
0.0
  9
$USERR5
 40
0.0
  9
$WORLDVIEW
 70
     1
  9
$SHADEDGE
 70
     3
  9
$SHADEDIF
 70
    70
  9
$TILEMODE
 70
     1
  9
$MAXACTVP
 70
    64
  9
$PINSBASE
 10
0.0
 20
0.0
 30
0.0
  9
$PLIMCHECK
 70
     0
  9
$PEXTMIN
 10
1.000000000000000E+20
 20
1.000000000000000E+20
 30
1.000000000000000E+20
  9
$PEXTMAX
 10
-1.000000000000000E+20
 20
-1.000000000000000E+20
 30
-1.000000000000000E+20
  9
$PLIMMIN
 10
0.0
 20
0.0
  9
$PLIMMAX
 10
12.0
 20
9.0
  9
$UNITMODE
 70
     0
  9
$VISRETAIN
 70
     1
  9
$PLINEGEN
 70
     0
  9
$PSLTSCALE
 70
     1
  9
$TREEDEPTH
 70
  3020
  9
$CMLSTYLE
  2
Standard
  9
$CMLJUST
 70
     0
  9
$CMLSCALE
 40
1.0
  9
$PROXYGRAPHICS
 70
     1
  9
$MEASUREMENT
 70
     0
  9
$CELWEIGHT
370
    -1
  9
$ENDCAPS
280
     0
  9
$JOINSTYLE
280
     0
  9
$LWDISPLAY
290
     1
  9
$INSUNITS
 70
     0
  9
$HYPERLINKBASE
  1

  9
$STYLESHEET
  1

  9
$XEDIT
290
     1
  9
$CEPSNTYPE
380
     0
  9
$PSTYLEMODE
290
     1
  9
$FINGERPRINTGUID
  2
{B4E49664-BB90-48E2-9CC7-E8939CBD6EC4}
  9
$VERSIONGUID
  2
{FAEB1C32-E019-11D5-929B-00C0DF256EC4}
  9
$EXTNAMES
290
     1
  9
$PSVPSCALE
 40
0.0
  9
$OLESTARTUP
290
     0
  9
$SORTENTS
280
   127
  9
$INDEXCTL
280
     0
  9
$HIDETEXT
280
     1
  9
$XCLIPFRAME
280
     2
  9
$HALOGAP
280
     0
  9
$OBSCOLOR
 70
   257
  9
$OBSLTYPE
280
     0
  9
$INTERSECTIONDISPLAY
280
     0
  9
$INTERSECTIONCOLOR
 70
   257
  9
$DIMASSOC
280
     2
  9
$PROJECTNAME
  1

  9
$CAMERADISPLAY
290
     0
  9
$LENSLENGTH
 40
50.0
  9
$CAMERAHEIGHT
 40
0.0
  9
$STEPSPERSEC
 40
2.0
  9
$STEPSIZE
 40
6.0
  9
$3DDWFPREC
 40
2.0
  9
$PSOLWIDTH
 40
0.25
  9
$PSOLHEIGHT
 40
4.0
  9
$LOFTANG1
 40
1.570796326794897
  9
$LOFTANG2
 40
1.570796326794897
  9
$LOFTMAG1
 40
0.0
  9
$LOFTMAG2
 40
0.0
  9
$LOFTPARAM
 70
     7
  9
$LOFTNORMALS
280
     1
  9
$LATITUDE
 40
37.795
  9
$LONGITUDE
 40
-122.394
  9
$NORTHDIRECTION
 40
0.0
  9
$TIMEZONE
 70
 -8000
  9
$LIGHTGLYPHDISPLAY
280
     1
  9
$TILEMODELIGHTSYNCH
280
     1
  9
$CMATERIAL
347
3C
  9
$SOLIDHIST
280
     1
  9
$SHOWHIST
280
     1
  9
$DWFFRAME
280
     2
  9
$DGNFRAME
280
     2
  9
$REALWORLDSCALE
290
     1
  9
$INTERFERECOLOR
 62
   256
  9
$CSHADOW
280
     0
  9
$SHADOWPLANELOCATION
 40
0.0
  0
ENDSEC
  0
SECTION
  2
CLASSES
  0
CLASS
  1
ACDBDICTIONARYWDFLT
  2
AcDbDictionaryWithDefault
  3
ObjectDBX Classes
 90
        0
 91
        4
280
     0
281
     0
  0
CLASS
  1
VISUALSTYLE
  2
AcDbVisualStyle
  3
ObjectDBX Classes
 90
     4095
 91
        4
280
     0
281
     0
  0
CLASS
  1
MATERIAL
  2
AcDbMaterial
  3
ObjectDBX Classes
 90
     1153
 91
        4
280
     0
281
     0
  0
CLASS
  1
SUN
  2
AcDbSun
  3
SCENEOE
 90
     1024
 91
        4
280
     0
281
     0
  0
ENDSEC
  0
SECTION
  2
TABLES
  0
TABLE
  2
VPORT
  5
8
330
0
100
AcDbSymbolTable
 70
     1
  0
VPORT
  5
29
330
8
100
AcDbSymbolTableRecord
100
AcDbViewportTableRecord
  2
*Active
 70
     0
 10
0.0
 20
0.0
 11
1.0
 21
1.0
 12
0.0
 22
0.0
 13
0.0
 23
0.0
 14
0.5
 24
0.5
 15
0.5
 25
0.5
 16
0.0
 26
0.0
 36
1.0
 17
992.6840788374043
 27
-924.4762261354695
 37
0.0
 40
858.7939106787826
 41
1.105466801603712
 42
50.0
 43
0.0
 44
0.0
 50
0.0
 51
0.0
 71
     0
 72
   100
 73
     1
 74
     3
 75
     0
 76
     0
 77
     0
 78
     0
281
     0
 65
     1
110
0.0
120
0.0
130
0.0
111
1.0
121
0.0
131
0.0
112
0.0
122
1.0
132
0.0
 79
     0
146
0.0
 60
     3
 61
     5
292
     1
282
     1
141
0.0
142
0.0
 63
   250
361
3F
  0
ENDTAB
  0
TABLE
  2
LTYPE
  5
5
330
0
100
AcDbSymbolTable
 70
     1
  0
LTYPE
  5
14
330
5
100
AcDbSymbolTableRecord
100
AcDbLinetypeTableRecord
  2
ByBlock
 70
     0
  3

 72
    65
 73
     0
 40
0.0
  0
LTYPE
  5
15
330
5
100
AcDbSymbolTableRecord
100
AcDbLinetypeTableRecord
  2
ByLayer
 70
     0
  3

 72
    65
 73
     0
 40
0.0
  0
LTYPE
  5
16
330
5
100
AcDbSymbolTableRecord
100
AcDbLinetypeTableRecord
  2
Continuous
 70
     0
  3
Solid line
 72
    65
 73
     0
 40
0.0
  0
ENDTAB
  0
TABLE
  2
LAYER
  5
2
330
0
100
AcDbSymbolTable
 70
     2
  0
LAYER
  5
10
330
2
100
AcDbSymbolTableRecord
100
AcDbLayerTableRecord
  2
0
 70
     0
 62
     7
  6
Continuous
370
    -3
390
F
347
3E
  0
LAYER
  5
40
330
2
100
AcDbSymbolTableRecord
100
AcDbLayerTableRecord
  2
katman 1
 70
     0
 62
     7
  6
Continuous
370
    -3
390
F
347
3E
  0
ENDTAB
  0
TABLE
  2
STYLE
  5
3
330
0
100
AcDbSymbolTable
 70
     1
  0
STYLE
  5
11
330
3
100
AcDbSymbolTableRecord
100
AcDbTextStyleTableRecord
  2
Standard
 70
     0
 40
0.0
 41
1.0
 50
0.0
 71
     0
 42
0.2
  3
txt
  4

  0
ENDTAB
  0
TABLE
  2
VIEW
  5
6
330
0
100
AcDbSymbolTable
 70
     0
  0
ENDTAB
  0
TABLE
  2
UCS
  5
7
330
0
100
AcDbSymbolTable
 70
     0
  0
ENDTAB
  0
TABLE
  2
APPID
  5
9
330
0
100
AcDbSymbolTable
 70
     1
  0
APPID
  5
12
330
9
100
AcDbSymbolTableRecord
100
AcDbRegAppTableRecord
  2
ACAD
 70
     0
  0
ENDTAB
  0
TABLE
  2
DIMSTYLE
  5
A
330
0
100
AcDbSymbolTable
 70
     1
100
AcDbDimStyleTable
  0
DIMSTYLE
105
27
330
A
100
AcDbSymbolTableRecord
100
AcDbDimStyleTableRecord
  2
Standard
 70
     0
178
     0
340
11
  0
ENDTAB
  0
TABLE
  2
BLOCK_RECORD
  5
1
330
0
100
AcDbSymbolTable
 70
     2
  0
BLOCK_RECORD
  5
1F
330
1
100
AcDbSymbolTableRecord
100
AcDbBlockTableRecord
  2
*Model_Space
340
22
 70
     0
280
     1
281
     0
  0
BLOCK_RECORD
  5
1B
330
1
100
AcDbSymbolTableRecord
100
AcDbBlockTableRecord
  2
*Paper_Space
340
1E
 70
     0
280
     1
281
     0
  0
BLOCK_RECORD
  5
23
330
1
100
AcDbSymbolTableRecord
100
AcDbBlockTableRecord
  2
*Paper_Space0
340
26
 70
     0
280
     1
281
     0
  0
BLOCK_RECORD
  5
41
330
1
100
AcDbSymbolTableRecord
100
AcDbBlockTableRecord
  2
block 2
340
0
102
{BLKREFS
331
42
102
}
 70
     0
280
     1
281
     0
  0
ENDTAB
  0
ENDSEC
  0
SECTION
  2
BLOCKS
  0
BLOCK
  5
20
330
1F
100
AcDbEntity
  8
0
100
AcDbBlockBegin
  2
*Model_Space
 70
     0
 10
0.0
 20
0.0
 30
0.0
  3
*Model_Space
  1

  0
ENDBLK
  5
21
330
1F
100
AcDbEntity
  8
0
100
AcDbBlockEnd
  0
BLOCK
  5
1C
330
1B
100
AcDbEntity
 67
     1
  8
0
100
AcDbBlockBegin
  2
*Paper_Space
 70
     0
 10
0.0
 20
0.0
 30
0.0
  3
*Paper_Space
  1

  0
ENDBLK
  5
1D
330
1B
100
AcDbEntity
 67
     1
  8
0
100
AcDbBlockEnd
  0
BLOCK
  5
24
330
23
100
AcDbEntity
  8
0
100
AcDbBlockBegin
  2
*Paper_Space0
 70
     0
 10
0.0
 20
0.0
 30
0.0
  3
*Paper_Space0
  1

  0
ENDBLK
  5
25
330
23
100
AcDbEntity
  8
0
100
AcDbBlockEnd
  0
BLOCK
  5
43
330
41
100
AcDbEntity
  8
0
100
AcDbBlockBegin
  2
block 2
 70
     0
 10
0.0
 20
0.0
 30
0.0
  3
block 2
  1

  0
SPLINE
  5
45
330
41
100
AcDbEntity
  8
katman 1
370
     0
100
AcDbSpline
210
0.0
220
0.0
230
1.0
 70
    11
 71
     3
 72
   353
 73
   349
 74
     0
 42
0.0000000001
 43
0.0000000001
 12
1.0
 22
0.0
 32
0.0
 13
1.0
 23
0.0
 33
0.0
 40
0.0
 40
0.0
 40
0.0
 40
0.0
 40
1.0
 40
1.0
 40
1.0
 40
2.0
 40
2.0
 40
2.0
 40
3.0
 40
3.0
 40
3.0
 40
4.0
 40
4.0
 40
4.0
 40
5.0
 40
5.0
 40
5.0
 40
6.0
 40
6.0
 40
6.0
 40
7.0
 40
7.0
 40
7.0
 40
8.0
 40
8.0
 40
8.0
 40
9.0
 40
9.0
 40
9.0
 40
10.0
 40
10.0
 40
10.0
 40
11.0
 40
11.0
 40
11.0
 40
12.0
 40
12.0
 40
12.0
 40
13.0
 40
13.0
 40
13.0
 40
14.0
 40
14.0
 40
14.0
 40
15.0
 40
15.0
 40
15.0
 40
16.0
 40
16.0
 40
16.0
 40
17.0
 40
17.0
 40
17.0
 40
18.0
 40
18.0
 40
18.0
 40
19.0
 40
19.0
 40
19.0
 40
20.0
 40
20.0
 40
20.0
 40
21.0
 40
21.0
 40
21.0
 40
22.0
 40
22.0
 40
22.0
 40
23.0
 40
23.0
 40
23.0
 40
24.0
 40
24.0
 40
24.0
 40
25.0
 40
25.0
 40
25.0
 40
26.0
 40
26.0
 40
26.0
 40
27.0
 40
27.0
 40
27.0
 40
28.0
 40
28.0
 40
28.0
 40
29.0
 40
29.0
 40
29.0
 40
30.0
 40
30.0
 40
30.0
 40
31.0
 40
31.0
 40
31.0
 40
32.0
 40
32.0
 40
32.0
 40
33.0
 40
33.0
 40
33.0
 40
34.0
 40
34.0
 40
34.0
 40
35.0
 40
35.0
 40
35.0
 40
36.0
 40
36.0
 40
36.0
 40
37.0
 40
37.0
 40
37.0
 40
38.0
 40
38.0
 40
38.0
 40
39.0
 40
39.0
 40
39.0
 40
40.0
 40
40.0
 40
40.0
 40
41.0
 40
41.0
 40
41.0
 40
42.0
 40
42.0
 40
42.0
 40
43.0
 40
43.0
 40
43.0
 40
44.0
 40
44.0
 40
44.0
 40
45.0
 40
45.0
 40
45.0
 40
46.0
 40
46.0
 40
46.0
 40
47.0
 40
47.0
 40
47.0
 40
48.0
 40
48.0
 40
48.0
 40
49.0
 40
49.0
 40
49.0
 40
50.0
 40
50.0
 40
50.0
 40
51.0
 40
51.0
 40
51.0
 40
52.0
 40
52.0
 40
52.0
 40
53.0
 40
53.0
 40
53.0
 40
54.0
 40
54.0
 40
54.0
 40
55.0
 40
55.0
 40
55.0
 40
56.0
 40
56.0
 40
56.0
 40
57.0
 40
57.0
 40
57.0
 40
58.0
 40
58.0
 40
58.0
 40
59.0
 40
59.0
 40
59.0
 40
60.0
 40
60.0
 40
60.0
 40
61.0
 40
61.0
 40
61.0
 40
62.0
 40
62.0
 40
62.0
 40
63.0
 40
63.0
 40
63.0
 40
64.0
 40
64.0
 40
64.0
 40
65.0
 40
65.0
 40
65.0
 40
66.0
 40
66.0
 40
66.0
 40
67.0
 40
67.0
 40
67.0
 40
68.0
 40
68.0
 40
68.0
 40
69.0
 40
69.0
 40
69.0
 40
70.0
 40
70.0
 40
70.0
 40
71.0
 40
71.0
 40
71.0
 40
72.0
 40
72.0
 40
72.0
 40
73.0
 40
73.0
 40
73.0
 40
74.0
 40
74.0
 40
74.0
 40
75.0
 40
75.0
 40
75.0
 40
76.0
 40
76.0
 40
76.0
 40
77.0
 40
77.0
 40
77.0
 40
78.0
 40
78.0
 40
78.0
 40
79.0
 40
79.0
 40
79.0
 40
80.0
 40
80.0
 40
80.0
 40
81.0
 40
81.0
 40
81.0
 40
82.0
 40
82.0
 40
82.0
 40
83.0
 40
83.0
 40
83.0
 40
84.0
 40
84.0
 40
84.0
 40
85.0
 40
85.0
 40
85.0
 40
86.0
 40
86.0
 40
86.0
 40
87.0
 40
87.0
 40
87.0
 40
88.0
 40
88.0
 40
88.0
 40
89.0
 40
89.0
 40
89.0
 40
90.0
 40
90.0
 40
90.0
 40
91.0
 40
91.0
 40
91.0
 40
92.0
 40
92.0
 40
92.0
 40
93.0
 40
93.0
 40
93.0
 40
94.0
 40
94.0
 40
94.0
 40
95.0
 40
95.0
 40
95.0
 40
96.0
 40
96.0
 40
96.0
 40
97.0
 40
97.0
 40
97.0
 40
98.0
 40
98.0
 40
98.0
 40
99.0
 40
99.0
 40
99.0
 40
100.0
 40
100.0
 40
100.0
 40
101.0
 40
101.0
 40
101.0
 40
102.0
 40
102.0
 40
102.0
 40
103.0
 40
103.0
 40
103.0
 40
104.0
 40
104.0
 40
104.0
 40
105.0
 40
105.0
 40
105.0
 40
106.0
 40
106.0
 40
106.0
 40
107.0
 40
107.0
 40
107.0
 40
108.0
 40
108.0
 40
108.0
 40
109.0
 40
109.0
 40
109.0
 40
110.0
 40
110.0
 40
110.0
 40
111.0
 40
111.0
 40
111.0
 40
112.0
 40
112.0
 40
112.0
 40
113.0
 40
113.0
 40
113.0
 40
114.0
 40
114.0
 40
114.0
 40
115.0
 40
115.0
 40
115.0
 40
116.0
 40
116.0
 40
116.0
 40
116.0
 10
763.4506272160588
 20
-1179.496863523667
 30
0.0
 10
766.5301185828102
 20
-1177.95713986655
 30
0.0
 10
768.8397334368301
 20
-1177.187219301301
 30
0.0
 10
770.7644173765711
 20
-1176.03245592681
 30
0.0
 10
770.7644173765711
 20
-1175.647495644185
 30
0.0
 10
770.7644173765711
 20
-1174.877633815628
 30
0.0
 10
770.7644173765711
 20
-1174.492732269695
 30
0.0
 10
748.0531410139565
 20
-1170.258404107586
 30
0.0
 10
725.3418793355149
 20
-1165.639174399546
 30
0.0
 10
703.7854103999107
 20
-1156.400714983465
 30
0.0
 10
704.5552869126413
 20
-1155.245892872283
 30
0.0
 10
705.7100943396508
 20
-1154.0910707611
 30
0.0
 10
707.249847365114
 20
-1151.781485275425
 30
0.0
 10
692.6222523599154
 20
-1151.396524992801
 30
0.0
 10
680.6892031230163
 20
-1144.467709799086
 30
0.0
 10
667.6013611432809
 20
-1139.848421354354
 30
0.0
 10
669.9109759973007
 20
-1138.308697697237
 30
0.0
 10
671.450729022763
 20
-1137.538777131987
 30
0.0
 10
673.7603438767828
 20
-1135.999053474872
 30
0.0
 10
659.517679785864
 20
-1130.225001655648
 30
0.0
 10
645.6599612933969
 20
-1124.835910119051
 30
0.0
 10
631.4172972024771
 20
-1119.44675984576
 30
0.0
 10
634.1118576549497
 20
-1117.137115623393
 30
0.0
 10
636.0365415946908
 20
-1115.212431683653
 30
0.0
 10
637.576287278067
 20
-1113.672708026535
 30
0.0
 10
623.3336231871472
 20
-1108.283616489938
 30
0.0
 10
609.8608429510459
 20
-1103.279426499272
 30
0.0
 10
596.3880553728577
 20
-1097.890276225982
 30
0.0
 10
596.3880553728577
 20
-1097.505315943356
 30
0.0
 10
596.3880553728577
 20
-1097.120414397423
 30
0.0
 10
596.3880553728577
 20
-1096.350552568865
 30
0.0
 10
599.4675467396091
 20
-1094.81082891175
 30
0.0
 10
602.5470454484475
 20
-1093.271046517941
 30
0.0
 10
605.626536815198
 20
-1091.346362578201
 30
0.0
 10
605.626536815198
 20
-1090.961402295576
 30
0.0
 10
605.626536815198
 20
-1090.576500749641
 30
0.0
 10
605.626536815198
 20
-1089.806638921084
 30
0.0
 10
584.4550134780457
 20
-1081.338041333562
 30
0.0
 10
563.2834901408933
 20
-1073.254345291971
 30
0.0
 10
542.4969050601057
 20
-1064.785747704449
 30
0.0
 10
542.4969050601057
 20
-1064.400787421824
 30
0.0
 10
542.4969050601057
 20
-1064.400787421824
 30
0.0
 10
542.4969050601057
 20
-1064.015885875891
 30
0.0
 10
543.2667779017938
 20
-1064.015885875891
 30
0.0
 10
544.4215889998468
 20
-1063.630925593267
 30
0.0
 10
545.1914618415349
 20
-1063.630925593267
 30
0.0
 10
552.1203247588119
 20
-1064.785747704449
 30
0.0
 10
558.6642494197231
 20
-1066.325471361564
 30
0.0
 10
565.5931123369992
 20
-1067.480293472749
 30
0.0
 10
569.0575419601164
 20
-1068.250155301306
 30
0.0
 10
572.9069098395994
 20
-1068.635115583931
 30
0.0
 10
576.3713431337583
 20
-1069.404977412489
 30
0.0
 10
580.9905838549294
 20
-1070.174839241048
 30
0.0
 10
585.9947591614218
 20
-1070.559799523673
 30
0.0
 10
590.6140035536346
 20
-1071.714621634856
 30
0.0
 10
595.2332479458482
 20
-1072.484483463413
 30
0.0
 10
599.8524849959749
 20
-1074.024265857222
 30
0.0
 10
604.0867911318228
 20
-1074.79412768578
 30
0.0
 10
607.55122075494
 20
-1075.563989514338
 30
0.0
 10
611.4005886344221
 20
-1075.948949796963
 30
0.0
 10
615.2499565139042
 20
-1076.333851342895
 30
0.0
 10
614.8650182575384
 20
-1074.79412768578
 30
0.0
 10
614.8650182575384
 20
-1073.639305574598
 30
0.0
 10
614.4800800011726
 20
-1071.329661352231
 30
0.0
 10
625.6432453832549
 20
-1073.639305574598
 30
0.0
 10
636.4214725089696
 20
-1076.333851342895
 30
0.0
 10
648.3545217458686
 20
-1078.64343682857
 30
0.0
 10
647.9695908315898
 20
-1076.333792606203
 30
0.0
 10
647.1997143188592
 20
-1074.409108666463
 30
0.0
 10
646.4298378061285
 20
-1071.329661352231
 30
0.0
 10
649.8942747713318
 20
-1071.714621634856
 30
0.0
 10
652.9737661380823
 20
-1072.099523180788
 30
0.0
 10
655.6683265905549
 20
-1072.869385009346
 30
0.0
 10
659.517694470037
 20
-1073.639246837905
 30
0.0
 10
663.7519932637988
 20
-1074.409108666463
 30
0.0
 10
667.6013611432809
 20
-1075.563930777646
 30
0.0
 10
673.7603438767828
 20
-1077.103654434761
 30
0.0
 10
679.534395696006
 20
-1079.028338374503
 30
0.0
 10
685.6933931136819
 20
-1080.568120768312
 30
0.0
 10
686.4632696264125
 20
-1080.953081050937
 30
0.0
 10
688.3879535661545
 20
-1080.953081050937
 30
0.0
 10
688.7728844804333
 20
-1080.953081050937
 30
0.0
 10
689.1578153947121
 20
-1079.41335739382
 30
0.0
 10
689.1578153947121
 20
-1077.48867345408
 30
0.0
 10
689.5427609931648
 20
-1075.179029231713
 30
0.0
 10
694.5469362996564
 20
-1076.333851342895
 30
0.0
 10
700.3209881188795
 20
-1077.103713171455
 30
0.0
 10
705.7101090238248
 20
-1078.258535282637
 30
0.0
 10
711.4841608430479
 20
-1079.798258939752
 30
0.0
 10
717.258212662271
 20
-1081.338041333562
 30
0.0
 10
723.0322644814951
 20
-1083.262725273304
 30
0.0
 10
730.3460693261804
 20
-1085.572369495669
 30
0.0
 10
737.274928572414
 20
-1088.266915263968
 30
0.0
 10
744.5887187329263
 20
-1090.961461032268
 30
0.0
 10
746.1284717583885
 20
-1091.346421314893
 30
0.0
 10
748.0531556981296
 20
-1091.731322860825
 30
0.0
 10
749.5928940394188
 20
-1092.11628314345
 30
0.0
 10
748.8230175266872
 20
-1090.576559486335
 30
0.0
 10
748.0531410139565
 20
-1088.651875546593
 30
0.0
 10
747.6682100996777
 20
-1087.112093152784
 30
0.0
 10
747.6682100996777
 20
-1086.727132870159
 30
0.0
 10
747.2832791853989
 20
-1086.342231324226
 30
0.0
 10
746.5134026726682
 20
-1084.802448930419
 30
0.0
 10
751.9025235776116
 20
-1086.342172587534
 30
0.0
 10
756.9066988841041
 20
-1087.496994698718
 30
0.0
 10
761.5259432763178
 20
-1089.421678638459
 30
0.0
 10
775.3836764529578
 20
-1095.580690740308
 30
0.0
 10
789.2413949454249
 20
-1102.509505934022
 30
0.0
 10
803.0991134378919
 20
-1108.668518035871
 30
0.0
 10
803.8689752664504
 20
-1109.053478318496
 30
0.0
 10
805.4087282919118
 20
-1109.053478318496
 30
0.0
 10
805.7936592061906
 20
-1108.668518035871
 30
0.0
 10
806.1785901204703
 20
-1107.898656207311
 30
0.0
 10
806.1785901204703
 20
-1106.743834096129
 30
0.0
 10
805.7936592061906
 20
-1105.589011984946
 30
0.0
 10
805.4087282919118
 20
-1104.434189873762
 30
0.0
 10
804.6388370950081
 20
-1103.664328045204
 30
0.0
 10
804.2539061807292
 20
-1102.509505934022
 30
0.0
 10
820.0363086129364
 20
-1108.668518035871
 30
0.0
 10
832.739234362567
 20
-1119.831661391692
 30
0.0
 10
846.596952855034
 20
-1129.070120807773
 30
0.0
 10
846.9818837693128
 20
-1128.685160525147
 30
0.0
 10
847.3668146835917
 20
-1128.685160525147
 30
0.0
 10
847.7517749662175
 20
-1128.300258979214
 30
0.0
 10
846.9819131376589
 20
-1125.990614756847
 30
0.0
 10
846.596952855034
 20
-1123.296068988549
 30
0.0
 10
845.8270910264764
 20
-1120.986483502875
 30
0.0
 10
846.2120219407552
 20
-1120.60152322025
 30
0.0
 10
846.596952855034
 20
-1120.216621674317
 30
0.0
 10
846.9819131376589
 20
-1119.831661391692
 30
0.0
 10
863.5342067667716
 20
-1130.609903201581
 30
0.0
 10
879.7015401132594
 20
-1141.38814501147
 30
0.0
 10
897.0236955709297
 20
-1152.551288367291
 30
0.0
 10
897.0236955709297
 20
-1149.856742598993
 30
0.0
 10
896.6387646566509
 20
-1148.316960205184
 30
0.0
 10
896.6387646566509
 20
-1146.007374719509
 30
0.0
 10
899.7182707075744
 20
-1147.547098376626
 30
0.0
 10
902.0278855615943
 20
-1148.701920487809
 30
0.0
 10
905.1073622441727
 20
-1150.241702881618
 30
0.0
 10
905.1073622441727
 20
-1148.317018941876
 30
0.0
 10
905.1073622441727
 20
-1147.547157113318
 30
0.0
 10
904.7224313298939
 20
-1146.007374719509
 30
0.0
 10
907.8019373808183
 20
-1146.007374719509
 30
0.0
 10
910.8814140633967
 20
-1146.007374719509
 30
0.0
 10
913.5759892000415
 20
-1146.007374719509
 30
0.0
 10
913.9609201143212
 20
-1145.622414436884
 30
0.0
 10
913.9609201143212
 20
-1144.852552608327
 30
0.0
 10
914.3458510286
 20
-1144.467651062394
 30
0.0
 10
899.7182413392284
 20
-1131.764725312763
 30
0.0
 10
883.5509079927415
 20
-1120.601581956942
 30
0.0
 10
868.538367389091
 20
-1106.743834096129
 30
0.0
 10
871.2329131573897
 20
-1106.358873813504
 30
0.0
 10
873.5425573797565
 20
-1105.973972267571
 30
0.0
 10
877.0069649766137
 20
-1105.204110439014
 30
0.0
 10
875.8521428654303
 20
-1103.664386781897
 30
0.0
 10
875.0822810368718
 20
-1102.124604388089
 30
0.0
 10
873.9274589256893
 20
-1101.354742559532
 30
0.0
 10
866.9985849952827
 20
-1096.73551285149
 30
0.0
 10
860.0697404332223
 20
-1092.11628314345
 30
0.0
 10
853.1408665028157
 20
-1087.112093152784
 30
0.0
 10
843.5174468041096
 20
-1080.183219222377
 30
0.0
 10
834.2789580196832
 20
-1073.254345291971
 30
0.0
 10
825.0404692352568
 20
-1066.325530098256
 30
0.0
 10
825.0404692352568
 20
-1065.940569815633
 30
0.0
 10
825.4254001495356
 20
-1065.555668269699
 30
0.0
 10
825.4254001495356
 20
-1065.170707987074
 30
0.0
 10
829.2747680290177
 20
-1065.170707987074
 30
0.0
 10
832.7392049942209
 20
-1065.170707987074
 30
0.0
 10
838.1283258991652
 20
-1065.170707987074
 30
0.0
 10
836.2036419594242
 20
-1062.861063764707
 30
0.0
 10
835.4337801308666
 20
-1061.321340107592
 30
0.0
 10
834.2789580196832
 20
-1060.166517996409
 30
0.0
 10
825.0404692352568
 20
-1052.082821954818
 30
0.0
 10
815.8019804508294
 20
-1044.384086195854
 30
0.0
 10
806.9484519490279
 20
-1036.68535043689
 30
0.0
 10
803.4840149838246
 20
-1033.605844385966
 30
0.0
 10
800.0195780186214
 20
-1030.526338335041
 30
0.0
 10
796.5551704217642
 20
-1027.446891020809
 30
0.0
 10
796.9401013360439
 20
-1027.061930738184
 30
0.0
 10
796.9401013360439
 20
-1026.292068909626
 30
0.0
 10
797.3250322503227
 20
-1025.907167363694
 30
0.0
 10
798.864785275784
 20
-1025.907167363694
 30
0.0
 10
800.0195780186214
 20
-1025.907167363694
 30
0.0
 10
801.5593310440836
 20
-1025.907167363694
 30
0.0
 10
802.7141531552661
 20
-1025.907167363694
 30
0.0
 10
803.4840149838246
 20
-1025.137305535136
 30
0.0
 10
804.6388370950081
 20
-1024.752345252509
 30
0.0
 10
804.2539061807292
 20
-1023.597523141327
 30
0.0
 10
803.8689752664504
 20
-1022.057799484212
 30
0.0
 10
803.0990840695458
 20
-1021.287937655652
 30
0.0
 10
791.9359113453775
 20
-1010.509695845765
 30
0.0
 10
780.3878077069312
 20
-999.7314540358748
 30
0.0
 10
769.2246349827628
 20
-988.5683106800534
 30
0.0
 10
764.6053905905501
 20
-983.5641206893888
 30
0.0
 10
760.756022711068
 20
-977.7900688701648
 30
0.0
 10
756.1367783188543
 20
-971.6310861366619
 30
0.0
 10
759.9861461983364
 20
-971.2461552223831
 30
0.0
 10
762.6807066508081
 20
-971.2461552223831
 30
0.0
 10
767.2999510430218
 20
-970.8612243081043
 30
0.0
 10
751.9024795250925
 20
-955.0788218758971
 30
0.0
 10
740.3543758866454
 20
-938.1415973325056
 30
0.0
 10
730.7309561879401
 20
-919.2796888493685
 30
0.0
 10
733.4255166404128
 20
-918.8947579350897
 30
0.0
 10
735.3502005801529
 20
-918.8947579350897
 30
0.0
 10
738.4296919469052
 20
-918.5098270208109
 30
0.0
 10
737.2748845198948
 20
-916.9700739953478
 30
0.0
 10
736.8899389214421
 20
-915.4303209698865
 30
0.0
 10
735.7351314944326
 20
-914.6604591413288
 30
0.0
 10
726.1117117957265
 20
-905.0370394426227
 30
0.0
 10
718.4129760367623
 20
-894.643757915359
 30
0.0
 10
711.8690477048076
 20
-882.710693994286
 30
0.0
 10
711.4841167905288
 20
-882.3257630800072
 30
0.0
 10
711.099171192076
 20
-881.9408321657284
 30
0.0
 10
711.099171192076
 20
-881.5558718831035
 30
0.0
 10
708.0196798253255
 20
-875.3968891496006
 30
0.0
 10
708.0196798253255
 20
-875.7818200638794
 30
0.0
 10
714.948539071559
 20
-875.0119582353218
 30
0.0
 10
716.1033464985685
 20
-875.0119582353218
 30
0.0
 10
717.2581539255789
 20
-874.2420964067642
 30
0.0
 10
718.0280304383105
 20
-873.8571361241393
 30
0.0
 10
717.6430995240316
 20
-872.7023140129568
 30
0.0
 10
717.2581539255789
 20
-871.5475212701185
 30
0.0
 10
716.4882774128473
 20
-870.7776300732148
 30
0.0
 10
706.8648577141421
 20
-859.6144573490474
 30
0.0
 10
699.166121955177
 20
-846.9115609677629
 30
0.0
 10
692.6221936232232
 20
-833.8237043038534
 30
0.0
 10
692.2372627089444
 20
-833.0538424752958
 30
0.0
 10
693.3920701359539
 20
-830.7441982529308
 30
0.0
 10
694.5468775629643
 20
-830.3592673386502
 30
0.0
 10
696.0866305884265
 20
-829.5894055100925
 30
0.0
 10
697.6263689297157
 20
-829.9743364243714
 30
0.0
 10
700.7058602964662
 20
-829.5894055100925
 30
0.0
 10
686.4632696264125
 20
-810.34250737599
 30
0.0
 10
672.9904820482252
 20
-791.0956679785777
 30
0.0
 10
659.1327488715851
 20
-771.4638976668866
 30
0.0
 10
659.517679785864
 20
-771.0789667526078
 30
0.0
 10
659.9026253843158
 20
-770.694035838329
 30
0.0
 10
660.6725018970465
 20
-770.3090755557041
 30
0.0
 10
683.383778259662
 20
-782.2421101084292
 30
0.0
 10
704.1703559983625
 20
-796.8697197977999
 30
0.0
 10
720.7226349433022
 20
-817.6563122206753
 30
0.0
 10
721.8774423703117
 20
-814.9617664523757
 30
0.0
 10
723.0322497973211
 20
-813.0370825126338
 30
0.0
 10
723.8021263100527
 20
-811.1123985728937
 30
0.0
 10
724.1870572243315
 20
-809.1877146331517
 30
0.0
 10
723.8021263100527
 20
-806.8780997791328
 30
0.0
 10
723.8021263100527
 20
-804.9534158393908
 30
0.0
 10
724.5720028227843
 20
-804.9534158393908
 30
0.0
 10
724.9569337370631
 20
-804.568484925112
 30
0.0
 10
724.9569337370631
 20
-804.9534158393908
 30
0.0
 10
735.7351608627787
 20
-814.5768355380969
 30
0.0
 10
745.3585805614839
 20
-824.9701170653607
 30
0.0
 10
753.057316320449
 20
-837.6730428149895
 30
0.0
 10
753.8271928331797
 20
-838.8278649261738
 30
0.0
 10
754.98200026019
 20
-839.2127958404526
 30
0.0
 10
755.7518767729216
 20
-839.9826576690102
 30
0.0
 10
756.5217532856523
 20
-838.8278355578277
 30
0.0
 10
757.2916297983829
 20
-838.0579737292683
 30
0.0
 10
757.6765607126617
 20
-836.9031516180858
 30
0.0
 10
758.4464372253933
 20
-835.3633985926244
 30
0.0
 10
758.8313681396721
 20
-833.8236455671613
 30
0.0
 10
759.9861755666825
 20
-830.7441688845829
 30
0.0
 10
770.7644173765711
 20
-843.0621343515886
 30
0.0
 10
780.3878370752773
 20
-854.6102379900349
 30
0.0
 10
790.781118602541
 20
-866.5433019111078
 30
0.0
 10
791.9359407137235
 20
-864.2336870570871
 30
0.0
 10
792.7058025422821
 20
-861.9240722030663
 30
0.0
 10
793.8606246534655
 20
-859.2294970664225
 30
0.0
 10
805.7936592061906
 20
-871.9324228160513
 30
0.0
 10
816.9568319303589
 20
-885.4052103942395
 30
0.0
 10
822.7308837495821
 20
-902.7273658519098
 30
0.0
 10
823.5007455781406
 20
-902.342434937631
 30
0.0
 10
823.8857058607655
 20
-901.9575040233522
 30
0.0
 10
824.655567689324
 20
-901.9575040233522
 30
0.0
 10
824.655567689324
 20
-900.032820083612
 30
0.0
 10
825.0404986036028
 20
-898.1081361438701
 30
0.0
 10
825.4254295178816
 20
-894.6436991786668
 30
0.0
 10
831.1994813371048
 20
-901.5725731090733
 30
0.0
 10
836.5886022420491
 20
-906.9616646456707
 30
0.0
 10
840.4379701215312
 20
-913.5056076617984
 30
0.0
 10
848.1367058804963
 20
-925.8235731288041
 30
0.0
 10
855.0655798109028
 20
-938.9114297927172
 30
0.0
 10
862.379355287243
 20
-951.614355542346
 30
0.0
 10
863.5341773984255
 20
-953.5390394820879
 30
0.0
 10
863.1492171158006
 20
-957.38840736157
 30
0.0
 10
867.7684761921864
 20
-956.2335852503875
 30
0.0
 10
867.7684761921864
 20
-953.5390394820879
 30
0.0
 10
867.7684761921864
 20
-951.2293952597211
 30
0.0
 10
867.7684761921864
 20
-948.5348494914215
 30
0.0
 10
868.1534071064652
 20
-948.5348494914215
 30
0.0
 10
868.538338020745
 20
-948.1499185771427
 30
0.0
 10
869.3082292176496
 20
-948.1499185771427
 30
0.0
 10
876.6220340623349
 20
-955.8486543361068
 30
0.0
 10
881.6261946846535
 20
-965.0871431205342
 30
0.0
 10
886.6303846753199
 20
-974.7105628192403
 30
0.0
 10
891.2496143833596
 20
-984.3339825179464
 30
0.0
 10
895.4839425454666
 20
-993.9574022166526
 30
0.0
 10
900.4881031677869
 20
-1004.735644026541
 30
0.0
 10
902.0278561932482
 20
-1001.656137975617
 30
0.0
 10
903.1826489360856
 20
-999.7314540358748
 30
0.0
 10
904.7224019615478
 20
-997.4218685502019
 30
0.0
 10
915.8855746857153
 20
-1019.363253715912
 30
0.0
 10
921.6596265049393
 20
-1042.844421275431
 30
0.0
 10
929.7432931781823
 20
-1065.555668269699
 30
0.0
 10
930.1282240924611
 20
-1065.555668269699
 30
0.0
 10
930.5131550067399
 20
-1065.555668269699
 30
0.0
 10
931.2830462036445
 20
-1065.170707987074
 30
0.0
 10
932.052908032203
 20
-1063.246024047334
 30
0.0
 10
933.2077301433856
 20
-1061.321340107592
 30
0.0
 10
934.7474831688478
 20
-1058.241834056667
 30
0.0
 10
941.6763570992553
 20
-1074.79412768578
 30
0.0
 10
948.220270747036
 20
-1090.576500749641
 30
0.0
 10
954.7641843948168
 20
-1107.128794378754
 30
0.0
 10
956.3039374202799
 20
-1104.819150156389
 30
0.0
 10
957.4587301631163
 20
-1102.894466216647
 30
0.0
 10
958.9984831885786
 20
-1100.584880730974
 30
0.0
 10
969.0068338015635
 20
-1133.689467989198
 30
0.0
 10
974.7808856207866
 20
-1167.178956793356
 30
0.0
 10
987.4838113704172
 20
-1199.128721940397
 30
0.0
 10
963.2327819823404
 20
-1181.036704654169
 30
0.0
 10
936.6721671085888
 20
-1167.178956793356
 30
0.0
 10
910.4964537807709
 20
-1152.551347103985
 30
0.0
 10
910.1115228664921
 20
-1153.321208932543
 30
0.0
 10
909.7265919522124
 20
-1154.0910707611
 30
0.0
 10
908.9567007553087
 20
-1154.86099132635
 30
0.0
 10
933.9775919719432
 20
-1173.722870441135
 30
0.0
 10
958.9984831885786
 20
-1192.584808292615
 30
0.0
 10
985.9440583449541
 20
-1209.137101921728
 30
0.0
 10
981.7097595511932
 20
-1208.752141639103
 30
0.0
 10
977.4754607574323
 20
-1207.597378264611
 30
0.0
 10
973.6260928779502
 20
-1207.597378264611
 30
0.0
 10
961.3081274109445
 20
-1207.212417981988
 30
0.0
 10
948.9901325755945
 20
-1207.212417981988
 30
0.0
 10
936.6721671085888
 20
-1207.597378264611
 30
0.0
 10
919.7349425651973
 20
-1207.982338547237
 30
0.0
 10
902.7977180218058
 20
-1208.752200375795
 30
0.0
 10
885.4755625641355
 20
-1209.522062204353
 30
0.0
 10
886.6303846753199
 20
-1207.212417981988
 30
0.0
 10
887.4002465038775
 20
-1206.057654607495
 30
0.0
 10
888.55506861506
 20
-1203.74801038513
 30
0.0
 10
865.4588613381666
 20
-1202.978148556573
 30
0.0
 10
842.747584975552
 20
-1201.823326445388
 30
0.0
 10
820.0363086129364
 20
-1198.358918848531
 30
0.0
 10
821.9609925526784
 20
-1196.049274626166
 30
0.0
 10
823.1158146638609
 20
-1194.894511251674
 30
0.0
 10
824.6555383209779
 20
-1192.584867029309
 30
0.0
 10
803.4840443521716
 20
-1189.505243504998
 30
0.0
 10
783.4673431262017
 20
-1186.810697736699
 30
0.0
 10
763.4506272160588
 20
-1179.496863523667
 30
0.0
  0
SPLINE
  5
46
330
41
100
AcDbEntity
  8
katman 1
370
     0
100
AcDbSpline
210
0.0
220
0.0
230
1.0
 70
    11
 71
     3
 72
   239
 73
   235
 74
     0
 42
0.0000000001
 43
0.0000000001
 12
1.0
 22
0.0
 32
0.0
 13
1.0
 23
0.0
 33
0.0
 40
0.0
 40
0.0
 40
0.0
 40
0.0
 40
1.0
 40
1.0
 40
1.0
 40
2.0
 40
2.0
 40
2.0
 40
3.0
 40
3.0
 40
3.0
 40
4.0
 40
4.0
 40
4.0
 40
5.0
 40
5.0
 40
5.0
 40
6.0
 40
6.0
 40
6.0
 40
7.0
 40
7.0
 40
7.0
 40
8.0
 40
8.0
 40
8.0
 40
9.0
 40
9.0
 40
9.0
 40
10.0
 40
10.0
 40
10.0
 40
11.0
 40
11.0
 40
11.0
 40
12.0
 40
12.0
 40
12.0
 40
13.0
 40
13.0
 40
13.0
 40
14.0
 40
14.0
 40
14.0
 40
15.0
 40
15.0
 40
15.0
 40
16.0
 40
16.0
 40
16.0
 40
17.0
 40
17.0
 40
17.0
 40
18.0
 40
18.0
 40
18.0
 40
19.0
 40
19.0
 40
19.0
 40
20.0
 40
20.0
 40
20.0
 40
21.0
 40
21.0
 40
21.0
 40
22.0
 40
22.0
 40
22.0
 40
23.0
 40
23.0
 40
23.0
 40
24.0
 40
24.0
 40
24.0
 40
25.0
 40
25.0
 40
25.0
 40
26.0
 40
26.0
 40
26.0
 40
27.0
 40
27.0
 40
27.0
 40
28.0
 40
28.0
 40
28.0
 40
29.0
 40
29.0
 40
29.0
 40
30.0
 40
30.0
 40
30.0
 40
31.0
 40
31.0
 40
31.0
 40
32.0
 40
32.0
 40
32.0
 40
33.0
 40
33.0
 40
33.0
 40
34.0
 40
34.0
 40
34.0
 40
35.0
 40
35.0
 40
35.0
 40
36.0
 40
36.0
 40
36.0
 40
37.0
 40
37.0
 40
37.0
 40
38.0
 40
38.0
 40
38.0
 40
39.0
 40
39.0
 40
39.0
 40
40.0
 40
40.0
 40
40.0
 40
41.0
 40
41.0
 40
41.0
 40
42.0
 40
42.0
 40
42.0
 40
43.0
 40
43.0
 40
43.0
 40
44.0
 40
44.0
 40
44.0
 40
45.0
 40
45.0
 40
45.0
 40
46.0
 40
46.0
 40
46.0
 40
47.0
 40
47.0
 40
47.0
 40
48.0
 40
48.0
 40
48.0
 40
49.0
 40
49.0
 40
49.0
 40
50.0
 40
50.0
 40
50.0
 40
51.0
 40
51.0
 40
51.0
 40
52.0
 40
52.0
 40
52.0
 40
53.0
 40
53.0
 40
53.0
 40
54.0
 40
54.0
 40
54.0
 40
55.0
 40
55.0
 40
55.0
 40
56.0
 40
56.0
 40
56.0
 40
57.0
 40
57.0
 40
57.0
 40
58.0
 40
58.0
 40
58.0
 40
59.0
 40
59.0
 40
59.0
 40
60.0
 40
60.0
 40
60.0
 40
61.0
 40
61.0
 40
61.0
 40
62.0
 40
62.0
 40
62.0
 40
63.0
 40
63.0
 40
63.0
 40
64.0
 40
64.0
 40
64.0
 40
65.0
 40
65.0
 40
65.0
 40
66.0
 40
66.0
 40
66.0
 40
67.0
 40
67.0
 40
67.0
 40
68.0
 40
68.0
 40
68.0
 40
69.0
 40
69.0
 40
69.0
 40
70.0
 40
70.0
 40
70.0
 40
71.0
 40
71.0
 40
71.0
 40
72.0
 40
72.0
 40
72.0
 40
73.0
 40
73.0
 40
73.0
 40
74.0
 40
74.0
 40
74.0
 40
75.0
 40
75.0
 40
75.0
 40
76.0
 40
76.0
 40
76.0
 40
77.0
 40
77.0
 40
77.0
 40
78.0
 40
78.0
 40
78.0
 40
78.0
 10
709.5594769033069
 20
-828.4345246622179
 30
0.0
 10
709.174545989028
 20
-828.8194555764967
 30
0.0
 10
708.7896003905753
 20
-828.8194555764967
 30
0.0
 10
708.7896003905753
 20
-829.2043864907755
 30
0.0
 10
723.8021409942257
 20
-849.6060479993703
 30
0.0
 10
738.8146669137031
 20
-870.0076801396172
 30
0.0
 10
753.8272075173536
 20
-890.0244107339349
 30
0.0
 10
753.4422766030748
 20
-890.4093416482137
 30
0.0
 10
753.057331004622
 20
-890.4093416482137
 30
0.0
 10
753.057331004622
 20
-890.7942725624926
 30
0.0
 10
750.7477161506022
 20
-890.0244107339349
 30
0.0
 10
748.4380866124084
 20
-888.8695886227506
 30
0.0
 10
746.5134026726682
 20
-888.099726794193
 30
0.0
 10
751.5175779791598
 20
-891.9490946736751
 30
0.0
 10
757.2916297983829
 20
-895.4135316388783
 30
0.0
 10
761.5259432763178
 20
-900.4176922611987
 30
0.0
 10
770.7644173765711
 20
-911.5808649853643
 30
0.0
 10
779.2330443324408
 20
-923.5138995380912
 30
0.0
 10
788.0865728342415
 20
-935.4469340908217
 30
0.0
 10
788.4715037485203
 20
-936.2167959193794
 30
0.0
 10
788.8564346627991
 20
-936.9866871162831
 30
0.0
 10
789.6263258597046
 20
-938.5264401417444
 30
0.0
 10
786.931780091405
 20
-937.7565783131868
 30
0.0
 10
785.0070961516631
 20
-936.9866871162831
 30
0.0
 10
783.0824122119229
 20
-936.2168252877254
 30
0.0
 10
781.157728272181
 20
-935.8318943734448
 30
0.0
 10
779.6179752467197
 20
-935.0620031765411
 30
0.0
 10
777.6932913069777
 20
-934.2921413479835
 30
0.0
 10
778.0782222212565
 20
-935.446963459166
 30
0.0
 10
778.4631531355362
 20
-935.8318943734448
 30
0.0
 10
778.8481134181611
 20
-935.8318943734448
 30
0.0
 10
785.3920270659428
 20
-938.9114004243711
 30
0.0
 10
792.3209009963493
 20
-940.0661931672075
 30
0.0
 10
796.94013070439
 20
-946.6101361833353
 30
0.0
 10
803.8690046347965
 20
-956.6184867963202
 30
0.0
 10
811.1827801111358
 20
-965.8569755807457
 30
0.0
 10
818.4965849558212
 20
-975.4803952794518
 30
0.0
 10
821.9610219210244
 20
-980.0996249874916
 30
0.0
 10
825.4254588862277
 20
-984.7188840638792
 30
0.0
 10
828.8898664830849
 20
-989.7230740545438
 30
0.0
 10
828.5049355688061
 20
-990.1080343371686
 30
0.0
 10
828.5049355688061
 20
-990.4929358831032
 30
0.0
 10
828.1200046545273
 20
-990.4929358831032
 30
0.0
 10
825.0404986036028
 20
-989.7230740545438
 30
0.0
 10
821.9610219210244
 20
-988.9532122259861
 30
0.0
 10
818.4965849558212
 20
-988.1832916607364
 30
0.0
 10
818.8815158701
 20
-989.3381137719189
 30
0.0
 10
818.8815158701
 20
-989.3381137719189
 30
0.0
 10
818.8815158701
 20
-989.3381137719189
 30
0.0
 10
819.2664467843788
 20
-989.7230740545438
 30
0.0
 10
820.0363379812834
 20
-989.7230740545438
 30
0.0
 10
820.4212688955622
 20
-990.1079756004765
 30
0.0
 10
826.5802516290642
 20
-992.0326595402184
 30
0.0
 10
832.3543034482882
 20
-993.5723831973337
 30
0.0
 10
836.5886022420491
 20
-999.7313952991826
 30
0.0
 10
843.9024070867345
 20
-1010.124676826446
 30
0.0
 10
851.9860737599793
 20
-1020.133056807777
 30
0.0
 10
859.6848095189434
 20
-1030.141378052416
 30
0.0
 10
863.1492464841467
 20
-1034.760607760456
 30
0.0
 10
866.2287231667251
 20
-1038.994935922565
 30
0.0
 10
869.6931601319284
 20
-1043.614165630604
 30
0.0
 10
869.3082292176496
 20
-1043.999125913229
 30
0.0
 10
869.3082292176496
 20
-1044.384027459162
 30
0.0
 10
868.9232983033698
 20
-1044.768987741787
 30
0.0
 10
864.3040685953292
 20
-1043.614165630604
 30
0.0
 10
859.6848095189434
 20
-1042.074441973487
 30
0.0
 10
855.0655798109028
 20
-1040.919619862305
 30
0.0
 10
855.0655798109028
 20
-1041.30458014493
 30
0.0
 10
854.680648896624
 20
-1041.689481690863
 30
0.0
 10
854.680648896624
 20
-1042.074441973487
 30
0.0
 10
855.4505107251825
 20
-1042.459402256114
 30
0.0
 10
855.8354710078074
 20
-1042.459402256114
 30
0.0
 10
856.605332836365
 20
-1042.844303802045
 30
0.0
 10
861.9944537413103
 20
-1044.768987741787
 30
0.0
 10
868.9232983033698
 20
-1045.153948024412
 30
0.0
 10
872.7726661828528
 20
-1049.003315903894
 30
0.0
 10
882.0111549672793
 20
-1059.011695885225
 30
0.0
 10
890.0948216405232
 20
-1070.559799523673
 30
0.0
 10
898.563419228045
 20
-1081.33798259687
 30
0.0
 10
898.1784883137661
 20
-1081.722942879494
 30
0.0
 10
897.7935573994873
 20
-1082.107844425427
 30
0.0
 10
897.7935573994873
 20
-1082.877706253985
 30
0.0
 10
893.1743276914476
 20
-1081.722884142802
 30
0.0
 10
888.55506861506
 20
-1080.183160485685
 30
0.0
 10
883.9358389070203
 20
-1079.028338374503
 30
0.0
 10
883.9358389070203
 20
-1079.413298657128
 30
0.0
 10
883.9358389070203
 20
-1079.79820020306
 30
0.0
 10
883.5509079927415
 20
-1080.183160485685
 30
0.0
 10
886.2454537610402
 20
-1080.953022314243
 30
0.0
 10
888.5550979834061
 20
-1081.722884142802
 30
0.0
 10
891.2496437517057
 20
-1082.877706253985
 30
0.0
 10
896.2538337423712
 20
-1085.187350476352
 30
0.0
 10
902.0278855615943
 20
-1085.572252022284
 30
0.0
 10
905.8772534410764
 20
-1090.961402295576
 30
0.0
 10
912.421167088858
 20
-1100.199861711655
 30
0.0
 10
919.7349719335434
 20
-1109.053419581804
 30
0.0
 10
926.6638458639509
 20
-1117.90697745195
 30
0.0
 10
927.4337076925085
 20
-1118.67683928051
 30
0.0
 10
927.8186679751343
 20
-1120.216621674317
 30
0.0
 10
928.9734607179707
 20
-1122.141305614059
 30
0.0
 10
923.9692707273052
 20
-1120.601581956942
 30
0.0
 10
920.504863130448
 20
-1119.061799563133
 30
0.0
 10
916.6554952509659
 20
-1117.90697745195
 30
0.0
 10
916.6554952509659
 20
-1118.291937734575
 30
0.0
 10
916.2705643366871
 20
-1118.67683928051
 30
0.0
 10
916.2705643366871
 20
-1119.061799563133
 30
0.0
 10
917.0404261652448
 20
-1119.44675984576
 30
0.0
 10
917.4253864478706
 20
-1119.831661391692
 30
0.0
 10
918.1952482764282
 20
-1119.831661391692
 30
0.0
 10
927.4337370608555
 20
-1122.52620715999
 30
0.0
 10
935.5174037340985
 20
-1126.760535322099
 30
0.0
 10
940.9065246390428
 20
-1135.614093192245
 30
0.0
 10
942.446277664505
 20
-1138.308638960545
 30
0.0
 10
944.7558925185258
 20
-1140.618283182912
 30
0.0
 10
946.6805764582659
 20
-1142.927868668587
 30
0.0
 10
947.8353985694494
 20
-1144.467592325702
 30
0.0
 10
948.9901913122867
 20
-1145.622414436884
 30
0.0
 10
950.1450134234692
 20
-1147.162196830694
 30
0.0
 10
945.9107146297083
 20
-1139.463461071729
 30
0.0
 10
940.9065246390428
 20
-1132.919547423948
 30
0.0
 10
935.9023640167234
 20
-1125.990673493541
 30
0.0
 10
933.2078182484247
 20
-1122.141305614059
 30
0.0
 10
930.1283121975002
 20
-1118.676898017202
 30
0.0
 10
930.8981740260588
 20
-1113.672708026535
 30
0.0
 10
930.8981740260588
 20
-1113.672708026535
 30
0.0
 10
930.513243111779
 20
-1113.287747743911
 30
0.0
 10
930.1283121975002
 20
-1112.902846197978
 30
0.0
 10
929.3584503689417
 20
-1113.672708026535
 30
0.0
 10
928.9734900863168
 20
-1114.442569855093
 30
0.0
 10
927.8186973434804
 20
-1115.597391966277
 30
0.0
 10
920.8898234130738
 20
-1106.358932550196
 30
0.0
 10
914.3459097652922
 20
-1097.505374680048
 30
0.0
 10
907.4170358348856
 20
-1088.651816809901
 30
0.0
 10
905.1074209808648
 20
-1085.572310758977
 30
0.0
 10
903.5676679554035
 20
-1082.492804708052
 30
0.0
 10
903.9525988696823
 20
-1078.64343682857
 30
0.0
 10
903.9525988696823
 20
-1076.333792606203
 30
0.0
 10
903.9525988696823
 20
-1074.024207120528
 30
0.0
 10
903.5676679554035
 20
-1071.714562898163
 30
0.0
 10
903.1827370411247
 20
-1071.714562898163
 30
0.0
 10
902.797806126845
 20
-1071.714562898163
 30
0.0
 10
902.4128458442201
 20
-1071.714562898163
 30
0.0
 10
902.4128458442201
 20
-1074.409108666463
 30
0.0
 10
902.0279149299404
 20
-1076.718752888828
 30
0.0
 10
902.0279149299404
 20
-1079.413298657128
 30
0.0
 10
901.6429840156616
 20
-1079.798258939752
 30
0.0
 10
901.2580531013828
 20
-1079.798258939752
 30
0.0
 10
900.8730928187579
 20
-1080.183160485685
 30
0.0
 10
900.488161904479
 20
-1079.413298657128
 30
0.0
 10
900.1032309902002
 20
-1078.64343682857
 30
0.0
 10
899.3333397932956
 20
-1077.87351626332
 30
0.0
 10
889.7099200945904
 20
-1064.785688967757
 30
0.0
 10
879.7015694816055
 20
-1052.082763218126
 30
0.0
 10
870.4630806971782
 20
-1038.994877185871
 30
0.0
 10
868.9233276717168
 20
-1037.070193246131
 30
0.0
 10
868.5383967574371
 20
-1033.990687195206
 30
0.0
 10
868.5383967574371
 20
-1031.681101709532
 30
0.0
 10
868.1534658431583
 20
-1023.597405667942
 30
0.0
 10
868.5383967574371
 20
-1015.128808080419
 30
0.0
 10
868.5383967574371
 20
-1007.045170775522
 30
0.0
 10
867.7685349288795
 20
-1007.045170775522
 30
0.0
 10
867.3835746462537
 20
-1007.045170775522
 30
0.0
 10
866.6137128176961
 20
-1007.045170775522
 30
0.0
 10
866.6137128176961
 20
-1015.513768363046
 30
0.0
 10
866.6137128176961
 20
-1024.367326233192
 30
0.0
 10
866.6137128176961
 20
-1033.605785649273
 30
0.0
 10
865.4588907065136
 20
-1032.835923820716
 30
0.0
 10
865.0739597922338
 20
-1032.450963538089
 30
0.0
 10
864.689028877955
 20
-1032.066061992156
 30
0.0
 10
854.6806782649701
 20
-1018.978234696595
 30
0.0
 10
844.672327651986
 20
-1005.505447118407
 30
0.0
 10
835.0489079532799
 20
-992.0326595402184
 30
0.0
 10
833.5091549278177
 20
-990.1079756004765
 30
0.0
 10
833.5091549278177
 20
-987.4134298321769
 30
0.0
 10
833.124224013538
 20
-984.7188546955331
 30
0.0
 10
832.3543621849803
 20
-981.2544177303298
 30
0.0
 10
832.3543621849803
 20
-977.7899807651265
 30
0.0
 10
831.9694019023555
 20
-974.3255731682693
 30
0.0
 10
831.5844709880766
 20
-974.3255731682693
 30
0.0
 10
831.5844709880766
 20
-974.3255731682693
 30
0.0
 10
831.1995400737978
 20
-974.3255731682693
 30
0.0
 10
831.1995400737978
 20
-977.7900101334726
 30
0.0
 10
831.1995400737978
 20
-981.6393780129547
 30
0.0
 10
831.1995400737978
 20
-985.103814978158
 30
0.0
 10
830.4296782452402
 20
-984.7188840638792
 30
0.0
 10
830.0447179626144
 20
-985.103814978158
 30
0.0
 10
830.0447179626144
 20
-984.7188840638792
 30
0.0
 10
820.806229178188
 20
-972.7858495111541
 30
0.0
 10
811.5677403937607
 20
-960.4678546758023
 30
0.0
 10
802.7142118919592
 20
-948.1498892087966
 30
0.0
 10
801.9443500634006
 20
-946.9950670976141
 30
0.0
 10
801.5593897807757
 20
-945.8402743547776
 30
0.0
 10
801.5593897807757
 20
-944.3005213293145
 30
0.0
 10
800.7895279522181
 20
-938.5264695100923
 30
0.0
 10
800.0196367553144
 20
-933.137348605147
 30
0.0
 10
799.2497749267559
 20
-927.3632967859194
 30
0.0
 10
798.8648440124771
 20
-927.3632967859194
 30
0.0
 10
798.8648440124771
 20
-927.3632967859194
 30
0.0
 10
798.4799130981974
 20
-927.3632967859194
 30
0.0
 10
798.4799130981974
 20
-931.5975955796857
 30
0.0
 10
798.4799130981974
 20
-936.2168546560715
 30
0.0
 10
798.4799130981974
 20
-941.6059461926689
 30
0.0
 10
796.940160072736
 20
-940.0661931672075
 30
0.0
 10
795.7853673298987
 20
-939.2963313386499
 30
0.0
 10
795.4004070472738
 20
-938.5264401417444
 30
0.0
 10
788.4715331168663
 20
-929.6728822715941
 30
0.0
 10
781.5426885548068
 20
-920.8193537697916
 30
0.0
 10
774.998745538679
 20
-911.5808649853643
 30
0.0
 10
771.5343085734758
 20
-906.5766749946997
 30
0.0
 10
768.0698716082725
 20
-901.1875834581024
 30
0.0
 10
765.3753258399738
 20
-895.7984625531572
 30
0.0
 10
764.2205184129634
 20
-893.1039167848576
 30
0.0
 10
764.2205184129634
 20
-889.6394798196543
 30
0.0
 10
763.8355728145107
 20
-886.9449046830086
 30
0.0
 10
763.4506419002319
 20
-886.9449046830086
 30
0.0
 10
763.4506419002319
 20
-886.9449046830086
 30
0.0
 10
763.06569630178
 20
-886.9449046830086
 30
0.0
 10
763.06569630178
 20
-889.2545195370294
 30
0.0
 10
762.6807653875012
 20
-891.1792034767714
 30
0.0
 10
762.2958197890493
 20
-894.6436404419746
 30
0.0
 10
760.3711358493074
 20
-892.7189565022327
 30
0.0
 10
759.6012593365767
 20
-891.5641343910502
 30
0.0
 10
758.8313828238461
 20
-890.4093416482137
 30
0.0
 10
754.5970840300843
 20
-885.0202207432685
 30
0.0
 10
750.3627705521503
 20
-880.01606012095
 30
0.0
 10
746.5134026726682
 20
-874.242008301726
 30
0.0
 10
740.7393508534442
 20
-865.3884504315774
 30
0.0
 10
731.1159311547381
 20
-858.459605869517
 30
0.0
 10
729.9611237277286
 20
-845.7566801198882
 30
0.0
 10
729.1912472149979
 20
-847.6813640596283
 30
0.0
 10
728.8063163007182
 20
-848.451225888186
 30
0.0
 10
728.0364397879875
 20
-849.9909789136491
 30
0.0
 10
720.7226349433022
 20
-842.6772034373098
 30
0.0
 10
715.3335287225309
 20
-835.3633985926244
 30
0.0
 10
709.5594769033069
 20
-828.4345246622179
 30
0.0
  0
SPLINE
  5
47
330
41
100
AcDbEntity
  8
katman 1
370
     0
100
AcDbSpline
210
0.0
220
0.0
230
1.0
 70
    11
 71
     3
 72
   116
 73
   112
 74
     0
 42
0.0000000001
 43
0.0000000001
 12
1.0
 22
0.0
 32
0.0
 13
1.0
 23
0.0
 33
0.0
 40
0.0
 40
0.0
 40
0.0
 40
0.0
 40
1.0
 40
1.0
 40
1.0
 40
2.0
 40
2.0
 40
2.0
 40
3.0
 40
3.0
 40
3.0
 40
4.0
 40
4.0
 40
4.0
 40
5.0
 40
5.0
 40
5.0
 40
6.0
 40
6.0
 40
6.0
 40
7.0
 40
7.0
 40
7.0
 40
8.0
 40
8.0
 40
8.0
 40
9.0
 40
9.0
 40
9.0
 40
10.0
 40
10.0
 40
10.0
 40
11.0
 40
11.0
 40
11.0
 40
12.0
 40
12.0
 40
12.0
 40
13.0
 40
13.0
 40
13.0
 40
14.0
 40
14.0
 40
14.0
 40
15.0
 40
15.0
 40
15.0
 40
16.0
 40
16.0
 40
16.0
 40
17.0
 40
17.0
 40
17.0
 40
18.0
 40
18.0
 40
18.0
 40
19.0
 40
19.0
 40
19.0
 40
20.0
 40
20.0
 40
20.0
 40
21.0
 40
21.0
 40
21.0
 40
22.0
 40
22.0
 40
22.0
 40
23.0
 40
23.0
 40
23.0
 40
24.0
 40
24.0
 40
24.0
 40
25.0
 40
25.0
 40
25.0
 40
26.0
 40
26.0
 40
26.0
 40
27.0
 40
27.0
 40
27.0
 40
28.0
 40
28.0
 40
28.0
 40
29.0
 40
29.0
 40
29.0
 40
30.0
 40
30.0
 40
30.0
 40
31.0
 40
31.0
 40
31.0
 40
32.0
 40
32.0
 40
32.0
 40
33.0
 40
33.0
 40
33.0
 40
34.0
 40
34.0
 40
34.0
 40
35.0
 40
35.0
 40
35.0
 40
36.0
 40
36.0
 40
36.0
 40
37.0
 40
37.0
 40
37.0
 40
37.0
 10
721.8774570544847
 20
-1126.760535322099
 30
0.0
 10
726.8816323609772
 20
-1127.145495604724
 30
0.0
 10
731.8858076674696
 20
-1126.760535322099
 30
0.0
 10
736.5050520596833
 20
-1127.915357433281
 30
0.0
 10
744.2037878186475
 20
-1129.840041373023
 30
0.0
 10
751.9025235776116
 20
-1132.919547423948
 30
0.0
 10
759.6012593365767
 20
-1135.614093192245
 30
0.0
 10
765.3753111557999
 20
-1137.538777131987
 30
0.0
 10
770.3794864622923
 20
-1139.848421354354
 30
0.0
 10
776.5384691957952
 20
-1141.773105294094
 30
0.0
 10
796.1702395074853
 20
-1147.162196830694
 30
0.0
 10
815.4170789048967
 20
-1154.0910707611
 30
0.0
 10
835.0488492165878
 20
-1160.250082862949
 30
0.0
 10
851.2161825630747
 20
-1165.639174399546
 30
0.0
 10
867.7684761921864
 20
-1171.028324672838
 30
0.0
 10
883.9358095386742
 20
-1176.417416209435
 30
0.0
 10
887.0153155895987
 20
-1177.572238320619
 30
0.0
 10
890.0947922721762
 20
-1179.111961977735
 30
0.0
 10
893.5592292373804
 20
-1180.266784088919
 30
0.0
 10
895.8688440913993
 20
-1181.036645917477
 30
0.0
 10
898.1784589454201
 20
-1181.036645917477
 30
0.0
 10
900.1031428851611
 20
-1181.421606200101
 30
0.0
 10
910.1114934981451
 20
-1184.501112251026
 30
0.0
 10
919.7349131968513
 20
-1187.965519847883
 30
0.0
 10
929.7432638098362
 20
-1191.045025898806
 30
0.0
 10
930.8980859210196
 20
-1191.429986181432
 30
0.0
 10
932.4378095781358
 20
-1191.429986181432
 30
0.0
 10
933.2077007750395
 20
-1191.429986181432
 30
0.0
 10
929.3583328955574
 20
-1187.965578584575
 30
0.0
 10
925.1240341017965
 20
-1184.886072533651
 30
0.0
 10
920.5047750254089
 20
-1180.651744371542
 30
0.0
 10
922.044528050872
 20
-1182.576428311284
 30
0.0
 10
922.8143898794297
 20
-1184.116151968399
 30
0.0
 10
924.3541429048919
 20
-1186.040835908141
 30
0.0
 10
921.6595971365932
 20
-1185.655875625516
 30
0.0
 10
920.5047750254089
 20
-1185.655875625516
 30
0.0
 10
919.3499529142264
 20
-1185.270974079584
 30
0.0
 10
913.1909701807235
 20
-1183.346290139842
 30
0.0
 10
907.4169183615004
 20
-1180.651744371542
 30
0.0
 10
901.2579356279984
 20
-1179.111961977735
 30
0.0
 10
895.4838838087744
 20
-1177.572238320619
 30
0.0
 10
890.4796938181089
 20
-1173.722870441135
 30
0.0
 10
884.320711084607
 20
-1172.952949875886
 30
0.0
 10
877.7767974368253
 20
-1172.183088047328
 30
0.0
 10
871.6177853349764
 20
-1169.103581996404
 30
0.0
 10
865.4588026014735
 20
-1167.178898056663
 30
0.0
 10
856.6052447313268
 20
-1164.099392005737
 30
0.0
 10
846.2119632040631
 20
-1162.944569894555
 30
0.0
 10
841.2077732133966
 20
-1152.936248649916
 30
0.0
 10
841.2077732133966
 20
-1152.936248649916
 30
0.0
 10
840.8228422991178
 20
-1152.936248649916
 30
0.0
 10
840.437911384839
 20
-1152.936248649916
 30
0.0
 10
841.5927334960224
 20
-1154.860932589658
 30
0.0
 10
842.7475262388598
 20
-1156.7856165294
 30
0.0
 10
844.2872792643211
 20
-1159.480162297697
 30
0.0
 10
843.1324571531386
 20
-1159.480162297697
 30
0.0
 10
842.362595324581
 20
-1159.480162297697
 30
0.0
 10
841.9776644103013
 20
-1159.480162297697
 30
0.0
 10
834.6638595656159
 20
-1157.170518075331
 30
0.0
 10
826.9651238066508
 20
-1154.860932589658
 30
0.0
 10
819.6513189619654
 20
-1151.781426538733
 30
0.0
 10
811.9525832030013
 20
-1148.701920487809
 30
0.0
 10
803.0990253328528
 20
-1147.932058659251
 30
0.0
 10
796.9400425993508
 20
-1141.38814501147
 30
0.0
 10
796.9400425993508
 20
-1141.38814501147
 30
0.0
 10
796.555111685072
 20
-1141.38814501147
 30
0.0
 10
796.1701807707923
 20
-1141.003184728845
 30
0.0
 10
796.1701807707923
 20
-1141.773046557402
 30
0.0
 10
796.1701807707923
 20
-1142.54290838596
 30
0.0
 10
796.1701807707923
 20
-1143.697730497144
 30
0.0
 10
791.1659907801277
 20
-1142.158006840027
 30
0.0
 10
786.5467610720871
 20
-1140.61822444622
 30
0.0
 10
781.9275313640464
 20
-1139.078500789103
 30
0.0
 10
766.1451289318393
 20
-1132.919488687254
 30
0.0
 10
748.4380278757162
 20
-1130.609903201581
 30
0.0
 10
733.4255019562388
 20
-1120.216621674317
 30
0.0
 10
734.1953784689704
 20
-1121.3714437855
 30
0.0
 10
734.5803093832492
 20
-1122.526265896684
 30
0.0
 10
734.965254981702
 20
-1123.296127725242
 30
0.0
 10
734.5803240674222
 20
-1123.296127725242
 30
0.0
 10
734.5803240674222
 20
-1123.681088007866
 30
0.0
 10
734.1953784689704
 20
-1123.681088007866
 30
0.0
 10
723.0322057448029
 20
-1120.216680411009
 30
0.0
 10
712.2539786190864
 20
-1116.367312531527
 30
0.0
 10
701.090805894919
 20
-1113.287806480603
 30
0.0
 10
690.3125787692024
 20
-1110.208300429678
 30
0.0
 10
679.9192825577666
 20
-1105.204110439014
 30
0.0
 10
669.14105543205
 20
-1102.509564670714
 30
0.0
 10
654.5134604268524
 20
-1099.045157073857
 30
0.0
 10
640.6557345922984
 20
-1093.656006800566
 30
0.0
 10
626.4130705013795
 20
-1089.036777092526
 30
0.0
 10
625.6431939886479
 20
-1088.651816809901
 30
0.0
 10
624.4883865616384
 20
-1089.036777092526
 30
0.0
 10
623.7185100489078
 20
-1089.421737375151
 30
0.0
 10
623.7185100489078
 20
-1089.806697657776
 30
0.0
 10
623.7185100489078
 20
-1089.806697657776
 30
0.0
 10
623.7185100489078
 20
-1090.19159920371
 30
0.0
 10
643.350287702684
 20
-1096.73551285149
 30
0.0
 10
662.9820580143751
 20
-1103.664386781897
 30
0.0
 10
683.7686504372487
 20
-1110.593260712303
 30
0.0
 10
681.074089984776
 20
-1111.363122540861
 30
0.0
 10
679.5343516434868
 20
-1112.13298436942
 30
0.0
 10
677.9945986180246
 20
-1112.517944652045
 30
0.0
 10
696.0866305884265
 20
-1110.97822099493
 30
0.0
 10
710.7142255936242
 20
-1121.371502522194
 30
0.0
 10
727.2665045385638
 20
-1124.835910119051
 30
0.0
 10
727.2665045385638
 20
-1125.220870401676
 30
0.0
 10
727.2665045385638
 20
-1125.605771947608
 30
0.0
 10
727.2665045385638
 20
-1125.990732230233
 30
0.0
 10
724.9569484212361
 20
-1125.990673493541
 30
0.0
 10
723.4171953957739
 20
-1126.375633776166
 30
0.0
 10
721.8774570544847
 20
-1126.760535322099
 30
0.0
  0
HATCH
  5
48
330
41
100
AcDbEntity
  8
katman 1
 62
    96
420
    32768
100
AcDbHatch
 10
0.0
 20
0.0
 30
0.0
210
0.0
220
0.0
230
1.0
  2
SOLID
 70
     1
 71
     0
 91
        3
 92
        1
 93
        1
 72
     4
 94
        3
 73
     0
 74
     1
 95
      353
 96
      349
 40
0.0
 40
0.0
 40
0.0
 40
0.0
 40
1.0
 40
1.0
 40
1.0
 40
2.0
 40
2.0
 40
2.0
 40
3.0
 40
3.0
 40
3.0
 40
4.0
 40
4.0
 40
4.0
 40
5.0
 40
5.0
 40
5.0
 40
6.0
 40
6.0
 40
6.0
 40
7.0
 40
7.0
 40
7.0
 40
8.0
 40
8.0
 40
8.0
 40
9.0
 40
9.0
 40
9.0
 40
10.0
 40
10.0
 40
10.0
 40
11.0
 40
11.0
 40
11.0
 40
12.0
 40
12.0
 40
12.0
 40
13.0
 40
13.0
 40
13.0
 40
14.0
 40
14.0
 40
14.0
 40
15.0
 40
15.0
 40
15.0
 40
16.0
 40
16.0
 40
16.0
 40
17.0
 40
17.0
 40
17.0
 40
18.0
 40
18.0
 40
18.0
 40
19.0
 40
19.0
 40
19.0
 40
20.0
 40
20.0
 40
20.0
 40
21.0
 40
21.0
 40
21.0
 40
22.0
 40
22.0
 40
22.0
 40
23.0
 40
23.0
 40
23.0
 40
24.0
 40
24.0
 40
24.0
 40
25.0
 40
25.0
 40
25.0
 40
26.0
 40
26.0
 40
26.0
 40
27.0
 40
27.0
 40
27.0
 40
28.0
 40
28.0
 40
28.0
 40
29.0
 40
29.0
 40
29.0
 40
30.0
 40
30.0
 40
30.0
 40
31.0
 40
31.0
 40
31.0
 40
32.0
 40
32.0
 40
32.0
 40
33.0
 40
33.0
 40
33.0
 40
34.0
 40
34.0
 40
34.0
 40
35.0
 40
35.0
 40
35.0
 40
36.0
 40
36.0
 40
36.0
 40
37.0
 40
37.0
 40
37.0
 40
38.0
 40
38.0
 40
38.0
 40
39.0
 40
39.0
 40
39.0
 40
40.0
 40
40.0
 40
40.0
 40
41.0
 40
41.0
 40
41.0
 40
42.0
 40
42.0
 40
42.0
 40
43.0
 40
43.0
 40
43.0
 40
44.0
 40
44.0
 40
44.0
 40
45.0
 40
45.0
 40
45.0
 40
46.0
 40
46.0
 40
46.0
 40
47.0
 40
47.0
 40
47.0
 40
48.0
 40
48.0
 40
48.0
 40
49.0
 40
49.0
 40
49.0
 40
50.0
 40
50.0
 40
50.0
 40
51.0
 40
51.0
 40
51.0
 40
52.0
 40
52.0
 40
52.0
 40
53.0
 40
53.0
 40
53.0
 40
54.0
 40
54.0
 40
54.0
 40
55.0
 40
55.0
 40
55.0
 40
56.0
 40
56.0
 40
56.0
 40
57.0
 40
57.0
 40
57.0
 40
58.0
 40
58.0
 40
58.0
 40
59.0
 40
59.0
 40
59.0
 40
60.0
 40
60.0
 40
60.0
 40
61.0
 40
61.0
 40
61.0
 40
62.0
 40
62.0
 40
62.0
 40
63.0
 40
63.0
 40
63.0
 40
64.0
 40
64.0
 40
64.0
 40
65.0
 40
65.0
 40
65.0
 40
66.0
 40
66.0
 40
66.0
 40
67.0
 40
67.0
 40
67.0
 40
68.0
 40
68.0
 40
68.0
 40
69.0
 40
69.0
 40
69.0
 40
70.0
 40
70.0
 40
70.0
 40
71.0
 40
71.0
 40
71.0
 40
72.0
 40
72.0
 40
72.0
 40
73.0
 40
73.0
 40
73.0
 40
74.0
 40
74.0
 40
74.0
 40
75.0
 40
75.0
 40
75.0
 40
76.0
 40
76.0
 40
76.0
 40
77.0
 40
77.0
 40
77.0
 40
78.0
 40
78.0
 40
78.0
 40
79.0
 40
79.0
 40
79.0
 40
80.0
 40
80.0
 40
80.0
 40
81.0
 40
81.0
 40
81.0
 40
82.0
 40
82.0
 40
82.0
 40
83.0
 40
83.0
 40
83.0
 40
84.0
 40
84.0
 40
84.0
 40
85.0
 40
85.0
 40
85.0
 40
86.0
 40
86.0
 40
86.0
 40
87.0
 40
87.0
 40
87.0
 40
88.0
 40
88.0
 40
88.0
 40
89.0
 40
89.0
 40
89.0
 40
90.0
 40
90.0
 40
90.0
 40
91.0
 40
91.0
 40
91.0
 40
92.0
 40
92.0
 40
92.0
 40
93.0
 40
93.0
 40
93.0
 40
94.0
 40
94.0
 40
94.0
 40
95.0
 40
95.0
 40
95.0
 40
96.0
 40
96.0
 40
96.0
 40
97.0
 40
97.0
 40
97.0
 40
98.0
 40
98.0
 40
98.0
 40
99.0
 40
99.0
 40
99.0
 40
100.0
 40
100.0
 40
100.0
 40
101.0
 40
101.0
 40
101.0
 40
102.0
 40
102.0
 40
102.0
 40
103.0
 40
103.0
 40
103.0
 40
104.0
 40
104.0
 40
104.0
 40
105.0
 40
105.0
 40
105.0
 40
106.0
 40
106.0
 40
106.0
 40
107.0
 40
107.0
 40
107.0
 40
108.0
 40
108.0
 40
108.0
 40
109.0
 40
109.0
 40
109.0
 40
110.0
 40
110.0
 40
110.0
 40
111.0
 40
111.0
 40
111.0
 40
112.0
 40
112.0
 40
112.0
 40
113.0
 40
113.0
 40
113.0
 40
114.0
 40
114.0
 40
114.0
 40
115.0
 40
115.0
 40
115.0
 40
116.0
 40
116.0
 40
116.0
 40
116.0
 10
763.4506272160588
 20
-1179.496863523667
 10
766.5301185828102
 20
-1177.95713986655
 10
768.8397334368301
 20
-1177.187219301301
 10
770.7644173765711
 20
-1176.03245592681
 10
770.7644173765711
 20
-1175.647495644185
 10
770.7644173765711
 20
-1174.877633815628
 10
770.7644173765711
 20
-1174.492732269695
 10
748.0531410139565
 20
-1170.258404107586
 10
725.3418793355149
 20
-1165.639174399546
 10
703.7854103999107
 20
-1156.400714983465
 10
704.5552869126413
 20
-1155.245892872283
 10
705.7100943396508
 20
-1154.0910707611
 10
707.249847365114
 20
-1151.781485275425
 10
692.6222523599154
 20
-1151.396524992801
 10
680.6892031230163
 20
-1144.467709799086
 10
667.6013611432809
 20
-1139.848421354354
 10
669.9109759973007
 20
-1138.308697697237
 10
671.450729022763
 20
-1137.538777131987
 10
673.7603438767828
 20
-1135.999053474872
 10
659.517679785864
 20
-1130.225001655648
 10
645.6599612933969
 20
-1124.835910119051
 10
631.4172972024771
 20
-1119.44675984576
 10
634.1118576549497
 20
-1117.137115623393
 10
636.0365415946908
 20
-1115.212431683653
 10
637.576287278067
 20
-1113.672708026535
 10
623.3336231871472
 20
-1108.283616489938
 10
609.8608429510459
 20
-1103.279426499272
 10
596.3880553728577
 20
-1097.890276225982
 10
596.3880553728577
 20
-1097.505315943356
 10
596.3880553728577
 20
-1097.120414397423
 10
596.3880553728577
 20
-1096.350552568865
 10
599.4675467396091
 20
-1094.81082891175
 10
602.5470454484475
 20
-1093.271046517941
 10
605.626536815198
 20
-1091.346362578201
 10
605.626536815198
 20
-1090.961402295576
 10
605.626536815198
 20
-1090.576500749641
 10
605.626536815198
 20
-1089.806638921084
 10
584.4550134780457
 20
-1081.338041333562
 10
563.2834901408933
 20
-1073.254345291971
 10
542.4969050601057
 20
-1064.785747704449
 10
542.4969050601057
 20
-1064.400787421824
 10
542.4969050601057
 20
-1064.400787421824
 10
542.4969050601057
 20
-1064.015885875891
 10
543.2667779017938
 20
-1064.015885875891
 10
544.4215889998468
 20
-1063.630925593267
 10
545.1914618415349
 20
-1063.630925593267
 10
552.1203247588119
 20
-1064.785747704449
 10
558.6642494197231
 20
-1066.325471361564
 10
565.5931123369992
 20
-1067.480293472749
 10
569.0575419601164
 20
-1068.250155301306
 10
572.9069098395994
 20
-1068.635115583931
 10
576.3713431337583
 20
-1069.404977412489
 10
580.9905838549294
 20
-1070.174839241048
 10
585.9947591614218
 20
-1070.559799523673
 10
590.6140035536346
 20
-1071.714621634856
 10
595.2332479458482
 20
-1072.484483463413
 10
599.8524849959749
 20
-1074.024265857222
 10
604.0867911318228
 20
-1074.79412768578
 10
607.55122075494
 20
-1075.563989514338
 10
611.4005886344221
 20
-1075.948949796963
 10
615.2499565139042
 20
-1076.333851342895
 10
614.8650182575384
 20
-1074.79412768578
 10
614.8650182575384
 20
-1073.639305574598
 10
614.4800800011726
 20
-1071.329661352231
 10
625.6432453832549
 20
-1073.639305574598
 10
636.4214725089696
 20
-1076.333851342895
 10
648.3545217458686
 20
-1078.64343682857
 10
647.9695908315898
 20
-1076.333792606203
 10
647.1997143188592
 20
-1074.409108666463
 10
646.4298378061285
 20
-1071.329661352231
 10
649.8942747713318
 20
-1071.714621634856
 10
652.9737661380823
 20
-1072.099523180788
 10
655.6683265905549
 20
-1072.869385009346
 10
659.517694470037
 20
-1073.639246837905
 10
663.7519932637988
 20
-1074.409108666463
 10
667.6013611432809
 20
-1075.563930777646
 10
673.7603438767828
 20
-1077.103654434761
 10
679.534395696006
 20
-1079.028338374503
 10
685.6933931136819
 20
-1080.568120768312
 10
686.4632696264125
 20
-1080.953081050937
 10
688.3879535661545
 20
-1080.953081050937
 10
688.7728844804333
 20
-1080.953081050937
 10
689.1578153947121
 20
-1079.41335739382
 10
689.1578153947121
 20
-1077.48867345408
 10
689.5427609931648
 20
-1075.179029231713
 10
694.5469362996564
 20
-1076.333851342895
 10
700.3209881188795
 20
-1077.103713171455
 10
705.7101090238248
 20
-1078.258535282637
 10
711.4841608430479
 20
-1079.798258939752
 10
717.258212662271
 20
-1081.338041333562
 10
723.0322644814951
 20
-1083.262725273304
 10
730.3460693261804
 20
-1085.572369495669
 10
737.274928572414
 20
-1088.266915263968
 10
744.5887187329263
 20
-1090.961461032268
 10
746.1284717583885
 20
-1091.346421314893
 10
748.0531556981296
 20
-1091.731322860825
 10
749.5928940394188
 20
-1092.11628314345
 10
748.8230175266872
 20
-1090.576559486335
 10
748.0531410139565
 20
-1088.651875546593
 10
747.6682100996777
 20
-1087.112093152784
 10
747.6682100996777
 20
-1086.727132870159
 10
747.2832791853989
 20
-1086.342231324226
 10
746.5134026726682
 20
-1084.802448930419
 10
751.9025235776116
 20
-1086.342172587534
 10
756.9066988841041
 20
-1087.496994698718
 10
761.5259432763178
 20
-1089.421678638459
 10
775.3836764529578
 20
-1095.580690740308
 10
789.2413949454249
 20
-1102.509505934022
 10
803.0991134378919
 20
-1108.668518035871
 10
803.8689752664504
 20
-1109.053478318496
 10
805.4087282919118
 20
-1109.053478318496
 10
805.7936592061906
 20
-1108.668518035871
 10
806.1785901204703
 20
-1107.898656207311
 10
806.1785901204703
 20
-1106.743834096129
 10
805.7936592061906
 20
-1105.589011984946
 10
805.4087282919118
 20
-1104.434189873762
 10
804.6388370950081
 20
-1103.664328045204
 10
804.2539061807292
 20
-1102.509505934022
 10
820.0363086129364
 20
-1108.668518035871
 10
832.739234362567
 20
-1119.831661391692
 10
846.596952855034
 20
-1129.070120807773
 10
846.9818837693128
 20
-1128.685160525147
 10
847.3668146835917
 20
-1128.685160525147
 10
847.7517749662175
 20
-1128.300258979214
 10
846.9819131376589
 20
-1125.990614756847
 10
846.596952855034
 20
-1123.296068988549
 10
845.8270910264764
 20
-1120.986483502875
 10
846.2120219407552
 20
-1120.60152322025
 10
846.596952855034
 20
-1120.216621674317
 10
846.9819131376589
 20
-1119.831661391692
 10
863.5342067667716
 20
-1130.609903201581
 10
879.7015401132594
 20
-1141.38814501147
 10
897.0236955709297
 20
-1152.551288367291
 10
897.0236955709297
 20
-1149.856742598993
 10
896.6387646566509
 20
-1148.316960205184
 10
896.6387646566509
 20
-1146.007374719509
 10
899.7182707075744
 20
-1147.547098376626
 10
902.0278855615943
 20
-1148.701920487809
 10
905.1073622441727
 20
-1150.241702881618
 10
905.1073622441727
 20
-1148.317018941876
 10
905.1073622441727
 20
-1147.547157113318
 10
904.7224313298939
 20
-1146.007374719509
 10
907.8019373808183
 20
-1146.007374719509
 10
910.8814140633967
 20
-1146.007374719509
 10
913.5759892000415
 20
-1146.007374719509
 10
913.9609201143212
 20
-1145.622414436884
 10
913.9609201143212
 20
-1144.852552608327
 10
914.3458510286
 20
-1144.467651062394
 10
899.7182413392284
 20
-1131.764725312763
 10
883.5509079927415
 20
-1120.601581956942
 10
868.538367389091
 20
-1106.743834096129
 10
871.2329131573897
 20
-1106.358873813504
 10
873.5425573797565
 20
-1105.973972267571
 10
877.0069649766137
 20
-1105.204110439014
 10
875.8521428654303
 20
-1103.664386781897
 10
875.0822810368718
 20
-1102.124604388089
 10
873.9274589256893
 20
-1101.354742559532
 10
866.9985849952827
 20
-1096.73551285149
 10
860.0697404332223
 20
-1092.11628314345
 10
853.1408665028157
 20
-1087.112093152784
 10
843.5174468041096
 20
-1080.183219222377
 10
834.2789580196832
 20
-1073.254345291971
 10
825.0404692352568
 20
-1066.325530098256
 10
825.0404692352568
 20
-1065.940569815633
 10
825.4254001495356
 20
-1065.555668269699
 10
825.4254001495356
 20
-1065.170707987074
 10
829.2747680290177
 20
-1065.170707987074
 10
832.7392049942209
 20
-1065.170707987074
 10
838.1283258991652
 20
-1065.170707987074
 10
836.2036419594242
 20
-1062.861063764707
 10
835.4337801308666
 20
-1061.321340107592
 10
834.2789580196832
 20
-1060.166517996409
 10
825.0404692352568
 20
-1052.082821954818
 10
815.8019804508294
 20
-1044.384086195854
 10
806.9484519490279
 20
-1036.68535043689
 10
803.4840149838246
 20
-1033.605844385966
 10
800.0195780186214
 20
-1030.526338335041
 10
796.5551704217642
 20
-1027.446891020809
 10
796.9401013360439
 20
-1027.061930738184
 10
796.9401013360439
 20
-1026.292068909626
 10
797.3250322503227
 20
-1025.907167363694
 10
798.864785275784
 20
-1025.907167363694
 10
800.0195780186214
 20
-1025.907167363694
 10
801.5593310440836
 20
-1025.907167363694
 10
802.7141531552661
 20
-1025.907167363694
 10
803.4840149838246
 20
-1025.137305535136
 10
804.6388370950081
 20
-1024.752345252509
 10
804.2539061807292
 20
-1023.597523141327
 10
803.8689752664504
 20
-1022.057799484212
 10
803.0990840695458
 20
-1021.287937655652
 10
791.9359113453775
 20
-1010.509695845765
 10
780.3878077069312
 20
-999.7314540358748
 10
769.2246349827628
 20
-988.5683106800534
 10
764.6053905905501
 20
-983.5641206893888
 10
760.756022711068
 20
-977.7900688701648
 10
756.1367783188543
 20
-971.6310861366619
 10
759.9861461983364
 20
-971.2461552223831
 10
762.6807066508081
 20
-971.2461552223831
 10
767.2999510430218
 20
-970.8612243081043
 10
751.9024795250925
 20
-955.0788218758971
 10
740.3543758866454
 20
-938.1415973325056
 10
730.7309561879401
 20
-919.2796888493685
 10
733.4255166404128
 20
-918.8947579350897
 10
735.3502005801529
 20
-918.8947579350897
 10
738.4296919469052
 20
-918.5098270208109
 10
737.2748845198948
 20
-916.9700739953478
 10
736.8899389214421
 20
-915.4303209698865
 10
735.7351314944326
 20
-914.6604591413288
 10
726.1117117957265
 20
-905.0370394426227
 10
718.4129760367623
 20
-894.643757915359
 10
711.8690477048076
 20
-882.710693994286
 10
711.4841167905288
 20
-882.3257630800072
 10
711.099171192076
 20
-881.9408321657284
 10
711.099171192076
 20
-881.5558718831035
 10
708.0196798253255
 20
-875.3968891496006
 10
708.0196798253255
 20
-875.7818200638794
 10
714.948539071559
 20
-875.0119582353218
 10
716.1033464985685
 20
-875.0119582353218
 10
717.2581539255789
 20
-874.2420964067642
 10
718.0280304383105
 20
-873.8571361241393
 10
717.6430995240316
 20
-872.7023140129568
 10
717.2581539255789
 20
-871.5475212701185
 10
716.4882774128473
 20
-870.7776300732148
 10
706.8648577141421
 20
-859.6144573490474
 10
699.166121955177
 20
-846.9115609677629
 10
692.6221936232232
 20
-833.8237043038534
 10
692.2372627089444
 20
-833.0538424752958
 10
693.3920701359539
 20
-830.7441982529308
 10
694.5468775629643
 20
-830.3592673386502
 10
696.0866305884265
 20
-829.5894055100925
 10
697.6263689297157
 20
-829.9743364243714
 10
700.7058602964662
 20
-829.5894055100925
 10
686.4632696264125
 20
-810.34250737599
 10
672.9904820482252
 20
-791.0956679785777
 10
659.1327488715851
 20
-771.4638976668866
 10
659.517679785864
 20
-771.0789667526078
 10
659.9026253843158
 20
-770.694035838329
 10
660.6725018970465
 20
-770.3090755557041
 10
683.383778259662
 20
-782.2421101084292
 10
704.1703559983625
 20
-796.8697197977999
 10
720.7226349433022
 20
-817.6563122206753
 10
721.8774423703117
 20
-814.9617664523757
 10
723.0322497973211
 20
-813.0370825126338
 10
723.8021263100527
 20
-811.1123985728937
 10
724.1870572243315
 20
-809.1877146331517
 10
723.8021263100527
 20
-806.8780997791328
 10
723.8021263100527
 20
-804.9534158393908
 10
724.5720028227843
 20
-804.9534158393908
 10
724.9569337370631
 20
-804.568484925112
 10
724.9569337370631
 20
-804.9534158393908
 10
735.7351608627787
 20
-814.5768355380969
 10
745.3585805614839
 20
-824.9701170653607
 10
753.057316320449
 20
-837.6730428149895
 10
753.8271928331797
 20
-838.8278649261738
 10
754.98200026019
 20
-839.2127958404526
 10
755.7518767729216
 20
-839.9826576690102
 10
756.5217532856523
 20
-838.8278355578277
 10
757.2916297983829
 20
-838.0579737292683
 10
757.6765607126617
 20
-836.9031516180858
 10
758.4464372253933
 20
-835.3633985926244
 10
758.8313681396721
 20
-833.8236455671613
 10
759.9861755666825
 20
-830.7441688845829
 10
770.7644173765711
 20
-843.0621343515886
 10
780.3878370752773
 20
-854.6102379900349
 10
790.781118602541
 20
-866.5433019111078
 10
791.9359407137235
 20
-864.2336870570871
 10
792.7058025422821
 20
-861.9240722030663
 10
793.8606246534655
 20
-859.2294970664225
 10
805.7936592061906
 20
-871.9324228160513
 10
816.9568319303589
 20
-885.4052103942395
 10
822.7308837495821
 20
-902.7273658519098
 10
823.5007455781406
 20
-902.342434937631
 10
823.8857058607655
 20
-901.9575040233522
 10
824.655567689324
 20
-901.9575040233522
 10
824.655567689324
 20
-900.032820083612
 10
825.0404986036028
 20
-898.1081361438701
 10
825.4254295178816
 20
-894.6436991786668
 10
831.1994813371048
 20
-901.5725731090733
 10
836.5886022420491
 20
-906.9616646456707
 10
840.4379701215312
 20
-913.5056076617984
 10
848.1367058804963
 20
-925.8235731288041
 10
855.0655798109028
 20
-938.9114297927172
 10
862.379355287243
 20
-951.614355542346
 10
863.5341773984255
 20
-953.5390394820879
 10
863.1492171158006
 20
-957.38840736157
 10
867.7684761921864
 20
-956.2335852503875
 10
867.7684761921864
 20
-953.5390394820879
 10
867.7684761921864
 20
-951.2293952597211
 10
867.7684761921864
 20
-948.5348494914215
 10
868.1534071064652
 20
-948.5348494914215
 10
868.538338020745
 20
-948.1499185771427
 10
869.3082292176496
 20
-948.1499185771427
 10
876.6220340623349
 20
-955.8486543361068
 10
881.6261946846535
 20
-965.0871431205342
 10
886.6303846753199
 20
-974.7105628192403
 10
891.2496143833596
 20
-984.3339825179464
 10
895.4839425454666
 20
-993.9574022166526
 10
900.4881031677869
 20
-1004.735644026541
 10
902.0278561932482
 20
-1001.656137975617
 10
903.1826489360856
 20
-999.7314540358748
 10
904.7224019615478
 20
-997.4218685502019
 10
915.8855746857153
 20
-1019.363253715912
 10
921.6596265049393
 20
-1042.844421275431
 10
929.7432931781823
 20
-1065.555668269699
 10
930.1282240924611
 20
-1065.555668269699
 10
930.5131550067399
 20
-1065.555668269699
 10
931.2830462036445
 20
-1065.170707987074
 10
932.052908032203
 20
-1063.246024047334
 10
933.2077301433856
 20
-1061.321340107592
 10
934.7474831688478
 20
-1058.241834056667
 10
941.6763570992553
 20
-1074.79412768578
 10
948.220270747036
 20
-1090.576500749641
 10
954.7641843948168
 20
-1107.128794378754
 10
956.3039374202799
 20
-1104.819150156389
 10
957.4587301631163
 20
-1102.894466216647
 10
958.9984831885786
 20
-1100.584880730974
 10
969.0068338015635
 20
-1133.689467989198
 10
974.7808856207866
 20
-1167.178956793356
 10
987.4838113704172
 20
-1199.128721940397
 10
963.2327819823404
 20
-1181.036704654169
 10
936.6721671085888
 20
-1167.178956793356
 10
910.4964537807709
 20
-1152.551347103985
 10
910.1115228664921
 20
-1153.321208932543
 10
909.7265919522124
 20
-1154.0910707611
 10
908.9567007553087
 20
-1154.86099132635
 10
933.9775919719432
 20
-1173.722870441135
 10
958.9984831885786
 20
-1192.584808292615
 10
985.9440583449541
 20
-1209.137101921728
 10
981.7097595511932
 20
-1208.752141639103
 10
977.4754607574323
 20
-1207.597378264611
 10
973.6260928779502
 20
-1207.597378264611
 10
961.3081274109445
 20
-1207.212417981988
 10
948.9901325755945
 20
-1207.212417981988
 10
936.6721671085888
 20
-1207.597378264611
 10
919.7349425651973
 20
-1207.982338547237
 10
902.7977180218058
 20
-1208.752200375795
 10
885.4755625641355
 20
-1209.522062204353
 10
886.6303846753199
 20
-1207.212417981988
 10
887.4002465038775
 20
-1206.057654607495
 10
888.55506861506
 20
-1203.74801038513
 10
865.4588613381666
 20
-1202.978148556573
 10
842.747584975552
 20
-1201.823326445388
 10
820.0363086129364
 20
-1198.358918848531
 10
821.9609925526784
 20
-1196.049274626166
 10
823.1158146638609
 20
-1194.894511251674
 10
824.6555383209779
 20
-1192.584867029309
 10
803.4840443521716
 20
-1189.505243504998
 10
783.4673431262017
 20
-1186.810697736699
 10
763.4506272160588
 20
-1179.496863523667
 97
        0
 97
        0
 92
        1
 93
        1
 72
     4
 94
        3
 73
     0
 74
     1
 95
      239
 96
      235
 40
0.0
 40
0.0
 40
0.0
 40
0.0
 40
1.0
 40
1.0
 40
1.0
 40
2.0
 40
2.0
 40
2.0
 40
3.0
 40
3.0
 40
3.0
 40
4.0
 40
4.0
 40
4.0
 40
5.0
 40
5.0
 40
5.0
 40
6.0
 40
6.0
 40
6.0
 40
7.0
 40
7.0
 40
7.0
 40
8.0
 40
8.0
 40
8.0
 40
9.0
 40
9.0
 40
9.0
 40
10.0
 40
10.0
 40
10.0
 40
11.0
 40
11.0
 40
11.0
 40
12.0
 40
12.0
 40
12.0
 40
13.0
 40
13.0
 40
13.0
 40
14.0
 40
14.0
 40
14.0
 40
15.0
 40
15.0
 40
15.0
 40
16.0
 40
16.0
 40
16.0
 40
17.0
 40
17.0
 40
17.0
 40
18.0
 40
18.0
 40
18.0
 40
19.0
 40
19.0
 40
19.0
 40
20.0
 40
20.0
 40
20.0
 40
21.0
 40
21.0
 40
21.0
 40
22.0
 40
22.0
 40
22.0
 40
23.0
 40
23.0
 40
23.0
 40
24.0
 40
24.0
 40
24.0
 40
25.0
 40
25.0
 40
25.0
 40
26.0
 40
26.0
 40
26.0
 40
27.0
 40
27.0
 40
27.0
 40
28.0
 40
28.0
 40
28.0
 40
29.0
 40
29.0
 40
29.0
 40
30.0
 40
30.0
 40
30.0
 40
31.0
 40
31.0
 40
31.0
 40
32.0
 40
32.0
 40
32.0
 40
33.0
 40
33.0
 40
33.0
 40
34.0
 40
34.0
 40
34.0
 40
35.0
 40
35.0
 40
35.0
 40
36.0
 40
36.0
 40
36.0
 40
37.0
 40
37.0
 40
37.0
 40
38.0
 40
38.0
 40
38.0
 40
39.0
 40
39.0
 40
39.0
 40
40.0
 40
40.0
 40
40.0
 40
41.0
 40
41.0
 40
41.0
 40
42.0
 40
42.0
 40
42.0
 40
43.0
 40
43.0
 40
43.0
 40
44.0
 40
44.0
 40
44.0
 40
45.0
 40
45.0
 40
45.0
 40
46.0
 40
46.0
 40
46.0
 40
47.0
 40
47.0
 40
47.0
 40
48.0
 40
48.0
 40
48.0
 40
49.0
 40
49.0
 40
49.0
 40
50.0
 40
50.0
 40
50.0
 40
51.0
 40
51.0
 40
51.0
 40
52.0
 40
52.0
 40
52.0
 40
53.0
 40
53.0
 40
53.0
 40
54.0
 40
54.0
 40
54.0
 40
55.0
 40
55.0
 40
55.0
 40
56.0
 40
56.0
 40
56.0
 40
57.0
 40
57.0
 40
57.0
 40
58.0
 40
58.0
 40
58.0
 40
59.0
 40
59.0
 40
59.0
 40
60.0
 40
60.0
 40
60.0
 40
61.0
 40
61.0
 40
61.0
 40
62.0
 40
62.0
 40
62.0
 40
63.0
 40
63.0
 40
63.0
 40
64.0
 40
64.0
 40
64.0
 40
65.0
 40
65.0
 40
65.0
 40
66.0
 40
66.0
 40
66.0
 40
67.0
 40
67.0
 40
67.0
 40
68.0
 40
68.0
 40
68.0
 40
69.0
 40
69.0
 40
69.0
 40
70.0
 40
70.0
 40
70.0
 40
71.0
 40
71.0
 40
71.0
 40
72.0
 40
72.0
 40
72.0
 40
73.0
 40
73.0
 40
73.0
 40
74.0
 40
74.0
 40
74.0
 40
75.0
 40
75.0
 40
75.0
 40
76.0
 40
76.0
 40
76.0
 40
77.0
 40
77.0
 40
77.0
 40
78.0
 40
78.0
 40
78.0
 40
78.0
 10
709.5594769033069
 20
-828.4345246622179
 10
709.174545989028
 20
-828.8194555764967
 10
708.7896003905753
 20
-828.8194555764967
 10
708.7896003905753
 20
-829.2043864907755
 10
723.8021409942257
 20
-849.6060479993703
 10
738.8146669137031
 20
-870.0076801396172
 10
753.8272075173536
 20
-890.0244107339349
 10
753.4422766030748
 20
-890.4093416482137
 10
753.057331004622
 20
-890.4093416482137
 10
753.057331004622
 20
-890.7942725624926
 10
750.7477161506022
 20
-890.0244107339349
 10
748.4380866124084
 20
-888.8695886227506
 10
746.5134026726682
 20
-888.099726794193
 10
751.5175779791598
 20
-891.9490946736751
 10
757.2916297983829
 20
-895.4135316388783
 10
761.5259432763178
 20
-900.4176922611987
 10
770.7644173765711
 20
-911.5808649853643
 10
779.2330443324408
 20
-923.5138995380912
 10
788.0865728342415
 20
-935.4469340908217
 10
788.4715037485203
 20
-936.2167959193794
 10
788.8564346627991
 20
-936.9866871162831
 10
789.6263258597046
 20
-938.5264401417444
 10
786.931780091405
 20
-937.7565783131868
 10
785.0070961516631
 20
-936.9866871162831
 10
783.0824122119229
 20
-936.2168252877254
 10
781.157728272181
 20
-935.8318943734448
 10
779.6179752467197
 20
-935.0620031765411
 10
777.6932913069777
 20
-934.2921413479835
 10
778.0782222212565
 20
-935.446963459166
 10
778.4631531355362
 20
-935.8318943734448
 10
778.8481134181611
 20
-935.8318943734448
 10
785.3920270659428
 20
-938.9114004243711
 10
792.3209009963493
 20
-940.0661931672075
 10
796.94013070439
 20
-946.6101361833353
 10
803.8690046347965
 20
-956.6184867963202
 10
811.1827801111358
 20
-965.8569755807457
 10
818.4965849558212
 20
-975.4803952794518
 10
821.9610219210244
 20
-980.0996249874916
 10
825.4254588862277
 20
-984.7188840638792
 10
828.8898664830849
 20
-989.7230740545438
 10
828.5049355688061
 20
-990.1080343371686
 10
828.5049355688061
 20
-990.4929358831032
 10
828.1200046545273
 20
-990.4929358831032
 10
825.0404986036028
 20
-989.7230740545438
 10
821.9610219210244
 20
-988.9532122259861
 10
818.4965849558212
 20
-988.1832916607364
 10
818.8815158701
 20
-989.3381137719189
 10
818.8815158701
 20
-989.3381137719189
 10
818.8815158701
 20
-989.3381137719189
 10
819.2664467843788
 20
-989.7230740545438
 10
820.0363379812834
 20
-989.7230740545438
 10
820.4212688955622
 20
-990.1079756004765
 10
826.5802516290642
 20
-992.0326595402184
 10
832.3543034482882
 20
-993.5723831973337
 10
836.5886022420491
 20
-999.7313952991826
 10
843.9024070867345
 20
-1010.124676826446
 10
851.9860737599793
 20
-1020.133056807777
 10
859.6848095189434
 20
-1030.141378052416
 10
863.1492464841467
 20
-1034.760607760456
 10
866.2287231667251
 20
-1038.994935922565
 10
869.6931601319284
 20
-1043.614165630604
 10
869.3082292176496
 20
-1043.999125913229
 10
869.3082292176496
 20
-1044.384027459162
 10
868.9232983033698
 20
-1044.768987741787
 10
864.3040685953292
 20
-1043.614165630604
 10
859.6848095189434
 20
-1042.074441973487
 10
855.0655798109028
 20
-1040.919619862305
 10
855.0655798109028
 20
-1041.30458014493
 10
854.680648896624
 20
-1041.689481690863
 10
854.680648896624
 20
-1042.074441973487
 10
855.4505107251825
 20
-1042.459402256114
 10
855.8354710078074
 20
-1042.459402256114
 10
856.605332836365
 20
-1042.844303802045
 10
861.9944537413103
 20
-1044.768987741787
 10
868.9232983033698
 20
-1045.153948024412
 10
872.7726661828528
 20
-1049.003315903894
 10
882.0111549672793
 20
-1059.011695885225
 10
890.0948216405232
 20
-1070.559799523673
 10
898.563419228045
 20
-1081.33798259687
 10
898.1784883137661
 20
-1081.722942879494
 10
897.7935573994873
 20
-1082.107844425427
 10
897.7935573994873
 20
-1082.877706253985
 10
893.1743276914476
 20
-1081.722884142802
 10
888.55506861506
 20
-1080.183160485685
 10
883.9358389070203
 20
-1079.028338374503
 10
883.9358389070203
 20
-1079.413298657128
 10
883.9358389070203
 20
-1079.79820020306
 10
883.5509079927415
 20
-1080.183160485685
 10
886.2454537610402
 20
-1080.953022314243
 10
888.5550979834061
 20
-1081.722884142802
 10
891.2496437517057
 20
-1082.877706253985
 10
896.2538337423712
 20
-1085.187350476352
 10
902.0278855615943
 20
-1085.572252022284
 10
905.8772534410764
 20
-1090.961402295576
 10
912.421167088858
 20
-1100.199861711655
 10
919.7349719335434
 20
-1109.053419581804
 10
926.6638458639509
 20
-1117.90697745195
 10
927.4337076925085
 20
-1118.67683928051
 10
927.8186679751343
 20
-1120.216621674317
 10
928.9734607179707
 20
-1122.141305614059
 10
923.9692707273052
 20
-1120.601581956942
 10
920.504863130448
 20
-1119.061799563133
 10
916.6554952509659
 20
-1117.90697745195
 10
916.6554952509659
 20
-1118.291937734575
 10
916.2705643366871
 20
-1118.67683928051
 10
916.2705643366871
 20
-1119.061799563133
 10
917.0404261652448
 20
-1119.44675984576
 10
917.4253864478706
 20
-1119.831661391692
 10
918.1952482764282
 20
-1119.831661391692
 10
927.4337370608555
 20
-1122.52620715999
 10
935.5174037340985
 20
-1126.760535322099
 10
940.9065246390428
 20
-1135.614093192245
 10
942.446277664505
 20
-1138.308638960545
 10
944.7558925185258
 20
-1140.618283182912
 10
946.6805764582659
 20
-1142.927868668587
 10
947.8353985694494
 20
-1144.467592325702
 10
948.9901913122867
 20
-1145.622414436884
 10
950.1450134234692
 20
-1147.162196830694
 10
945.9107146297083
 20
-1139.463461071729
 10
940.9065246390428
 20
-1132.919547423948
 10
935.9023640167234
 20
-1125.990673493541
 10
933.2078182484247
 20
-1122.141305614059
 10
930.1283121975002
 20
-1118.676898017202
 10
930.8981740260588
 20
-1113.672708026535
 10
930.8981740260588
 20
-1113.672708026535
 10
930.513243111779
 20
-1113.287747743911
 10
930.1283121975002
 20
-1112.902846197978
 10
929.3584503689417
 20
-1113.672708026535
 10
928.9734900863168
 20
-1114.442569855093
 10
927.8186973434804
 20
-1115.597391966277
 10
920.8898234130738
 20
-1106.358932550196
 10
914.3459097652922
 20
-1097.505374680048
 10
907.4170358348856
 20
-1088.651816809901
 10
905.1074209808648
 20
-1085.572310758977
 10
903.5676679554035
 20
-1082.492804708052
 10
903.9525988696823
 20
-1078.64343682857
 10
903.9525988696823
 20
-1076.333792606203
 10
903.9525988696823
 20
-1074.024207120528
 10
903.5676679554035
 20
-1071.714562898163
 10
903.1827370411247
 20
-1071.714562898163
 10
902.797806126845
 20
-1071.714562898163
 10
902.4128458442201
 20
-1071.714562898163
 10
902.4128458442201
 20
-1074.409108666463
 10
902.0279149299404
 20
-1076.718752888828
 10
902.0279149299404
 20
-1079.413298657128
 10
901.6429840156616
 20
-1079.798258939752
 10
901.2580531013828
 20
-1079.798258939752
 10
900.8730928187579
 20
-1080.183160485685
 10
900.488161904479
 20
-1079.413298657128
 10
900.1032309902002
 20
-1078.64343682857
 10
899.3333397932956
 20
-1077.87351626332
 10
889.7099200945904
 20
-1064.785688967757
 10
879.7015694816055
 20
-1052.082763218126
 10
870.4630806971782
 20
-1038.994877185871
 10
868.9233276717168
 20
-1037.070193246131
 10
868.5383967574371
 20
-1033.990687195206
 10
868.5383967574371
 20
-1031.681101709532
 10
868.1534658431583
 20
-1023.597405667942
 10
868.5383967574371
 20
-1015.128808080419
 10
868.5383967574371
 20
-1007.045170775522
 10
867.7685349288795
 20
-1007.045170775522
 10
867.3835746462537
 20
-1007.045170775522
 10
866.6137128176961
 20
-1007.045170775522
 10
866.6137128176961
 20
-1015.513768363046
 10
866.6137128176961
 20
-1024.367326233192
 10
866.6137128176961
 20
-1033.605785649273
 10
865.4588907065136
 20
-1032.835923820716
 10
865.0739597922338
 20
-1032.450963538089
 10
864.689028877955
 20
-1032.066061992156
 10
854.6806782649701
 20
-1018.978234696595
 10
844.672327651986
 20
-1005.505447118407
 10
835.0489079532799
 20
-992.0326595402184
 10
833.5091549278177
 20
-990.1079756004765
 10
833.5091549278177
 20
-987.4134298321769
 10
833.124224013538
 20
-984.7188546955331
 10
832.3543621849803
 20
-981.2544177303298
 10
832.3543621849803
 20
-977.7899807651265
 10
831.9694019023555
 20
-974.3255731682693
 10
831.5844709880766
 20
-974.3255731682693
 10
831.5844709880766
 20
-974.3255731682693
 10
831.1995400737978
 20
-974.3255731682693
 10
831.1995400737978
 20
-977.7900101334726
 10
831.1995400737978
 20
-981.6393780129547
 10
831.1995400737978
 20
-985.103814978158
 10
830.4296782452402
 20
-984.7188840638792
 10
830.0447179626144
 20
-985.103814978158
 10
830.0447179626144
 20
-984.7188840638792
 10
820.806229178188
 20
-972.7858495111541
 10
811.5677403937607
 20
-960.4678546758023
 10
802.7142118919592
 20
-948.1498892087966
 10
801.9443500634006
 20
-946.9950670976141
 10
801.5593897807757
 20
-945.8402743547776
 10
801.5593897807757
 20
-944.3005213293145
 10
800.7895279522181
 20
-938.5264695100923
 10
800.0196367553144
 20
-933.137348605147
 10
799.2497749267559
 20
-927.3632967859194
 10
798.8648440124771
 20
-927.3632967859194
 10
798.8648440124771
 20
-927.3632967859194
 10
798.4799130981974
 20
-927.3632967859194
 10
798.4799130981974
 20
-931.5975955796857
 10
798.4799130981974
 20
-936.2168546560715
 10
798.4799130981974
 20
-941.6059461926689
 10
796.940160072736
 20
-940.0661931672075
 10
795.7853673298987
 20
-939.2963313386499
 10
795.4004070472738
 20
-938.5264401417444
 10
788.4715331168663
 20
-929.6728822715941
 10
781.5426885548068
 20
-920.8193537697916
 10
774.998745538679
 20
-911.5808649853643
 10
771.5343085734758
 20
-906.5766749946997
 10
768.0698716082725
 20
-901.1875834581024
 10
765.3753258399738
 20
-895.7984625531572
 10
764.2205184129634
 20
-893.1039167848576
 10
764.2205184129634
 20
-889.6394798196543
 10
763.8355728145107
 20
-886.9449046830086
 10
763.4506419002319
 20
-886.9449046830086
 10
763.4506419002319
 20
-886.9449046830086
 10
763.06569630178
 20
-886.9449046830086
 10
763.06569630178
 20
-889.2545195370294
 10
762.6807653875012
 20
-891.1792034767714
 10
762.2958197890493
 20
-894.6436404419746
 10
760.3711358493074
 20
-892.7189565022327
 10
759.6012593365767
 20
-891.5641343910502
 10
758.8313828238461
 20
-890.4093416482137
 10
754.5970840300843
 20
-885.0202207432685
 10
750.3627705521503
 20
-880.01606012095
 10
746.5134026726682
 20
-874.242008301726
 10
740.7393508534442
 20
-865.3884504315774
 10
731.1159311547381
 20
-858.459605869517
 10
729.9611237277286
 20
-845.7566801198882
 10
729.1912472149979
 20
-847.6813640596283
 10
728.8063163007182
 20
-848.451225888186
 10
728.0364397879875
 20
-849.9909789136491
 10
720.7226349433022
 20
-842.6772034373098
 10
715.3335287225309
 20
-835.3633985926244
 10
709.5594769033069
 20
-828.4345246622179
 97
        0
 97
        0
 92
        1
 93
        1
 72
     4
 94
        3
 73
     0
 74
     1
 95
      116
 96
      112
 40
0.0
 40
0.0
 40
0.0
 40
0.0
 40
1.0
 40
1.0
 40
1.0
 40
2.0
 40
2.0
 40
2.0
 40
3.0
 40
3.0
 40
3.0
 40
4.0
 40
4.0
 40
4.0
 40
5.0
 40
5.0
 40
5.0
 40
6.0
 40
6.0
 40
6.0
 40
7.0
 40
7.0
 40
7.0
 40
8.0
 40
8.0
 40
8.0
 40
9.0
 40
9.0
 40
9.0
 40
10.0
 40
10.0
 40
10.0
 40
11.0
 40
11.0
 40
11.0
 40
12.0
 40
12.0
 40
12.0
 40
13.0
 40
13.0
 40
13.0
 40
14.0
 40
14.0
 40
14.0
 40
15.0
 40
15.0
 40
15.0
 40
16.0
 40
16.0
 40
16.0
 40
17.0
 40
17.0
 40
17.0
 40
18.0
 40
18.0
 40
18.0
 40
19.0
 40
19.0
 40
19.0
 40
20.0
 40
20.0
 40
20.0
 40
21.0
 40
21.0
 40
21.0
 40
22.0
 40
22.0
 40
22.0
 40
23.0
 40
23.0
 40
23.0
 40
24.0
 40
24.0
 40
24.0
 40
25.0
 40
25.0
 40
25.0
 40
26.0
 40
26.0
 40
26.0
 40
27.0
 40
27.0
 40
27.0
 40
28.0
 40
28.0
 40
28.0
 40
29.0
 40
29.0
 40
29.0
 40
30.0
 40
30.0
 40
30.0
 40
31.0
 40
31.0
 40
31.0
 40
32.0
 40
32.0
 40
32.0
 40
33.0
 40
33.0
 40
33.0
 40
34.0
 40
34.0
 40
34.0
 40
35.0
 40
35.0
 40
35.0
 40
36.0
 40
36.0
 40
36.0
 40
37.0
 40
37.0
 40
37.0
 40
37.0
 10
721.8774570544847
 20
-1126.760535322099
 10
726.8816323609772
 20
-1127.145495604724
 10
731.8858076674696
 20
-1126.760535322099
 10
736.5050520596833
 20
-1127.915357433281
 10
744.2037878186475
 20
-1129.840041373023
 10
751.9025235776116
 20
-1132.919547423948
 10
759.6012593365767
 20
-1135.614093192245
 10
765.3753111557999
 20
-1137.538777131987
 10
770.3794864622923
 20
-1139.848421354354
 10
776.5384691957952
 20
-1141.773105294094
 10
796.1702395074853
 20
-1147.162196830694
 10
815.4170789048967
 20
-1154.0910707611
 10
835.0488492165878
 20
-1160.250082862949
 10
851.2161825630747
 20
-1165.639174399546
 10
867.7684761921864
 20
-1171.028324672838
 10
883.9358095386742
 20
-1176.417416209435
 10
887.0153155895987
 20
-1177.572238320619
 10
890.0947922721762
 20
-1179.111961977735
 10
893.5592292373804
 20
-1180.266784088919
 10
895.8688440913993
 20
-1181.036645917477
 10
898.1784589454201
 20
-1181.036645917477
 10
900.1031428851611
 20
-1181.421606200101
 10
910.1114934981451
 20
-1184.501112251026
 10
919.7349131968513
 20
-1187.965519847883
 10
929.7432638098362
 20
-1191.045025898806
 10
930.8980859210196
 20
-1191.429986181432
 10
932.4378095781358
 20
-1191.429986181432
 10
933.2077007750395
 20
-1191.429986181432
 10
929.3583328955574
 20
-1187.965578584575
 10
925.1240341017965
 20
-1184.886072533651
 10
920.5047750254089
 20
-1180.651744371542
 10
922.044528050872
 20
-1182.576428311284
 10
922.8143898794297
 20
-1184.116151968399
 10
924.3541429048919
 20
-1186.040835908141
 10
921.6595971365932
 20
-1185.655875625516
 10
920.5047750254089
 20
-1185.655875625516
 10
919.3499529142264
 20
-1185.270974079584
 10
913.1909701807235
 20
-1183.346290139842
 10
907.4169183615004
 20
-1180.651744371542
 10
901.2579356279984
 20
-1179.111961977735
 10
895.4838838087744
 20
-1177.572238320619
 10
890.4796938181089
 20
-1173.722870441135
 10
884.320711084607
 20
-1172.952949875886
 10
877.7767974368253
 20
-1172.183088047328
 10
871.6177853349764
 20
-1169.103581996404
 10
865.4588026014735
 20
-1167.178898056663
 10
856.6052447313268
 20
-1164.099392005737
 10
846.2119632040631
 20
-1162.944569894555
 10
841.2077732133966
 20
-1152.936248649916
 10
841.2077732133966
 20
-1152.936248649916
 10
840.8228422991178
 20
-1152.936248649916
 10
840.437911384839
 20
-1152.936248649916
 10
841.5927334960224
 20
-1154.860932589658
 10
842.7475262388598
 20
-1156.7856165294
 10
844.2872792643211
 20
-1159.480162297697
 10
843.1324571531386
 20
-1159.480162297697
 10
842.362595324581
 20
-1159.480162297697
 10
841.9776644103013
 20
-1159.480162297697
 10
834.6638595656159
 20
-1157.170518075331
 10
826.9651238066508
 20
-1154.860932589658
 10
819.6513189619654
 20
-1151.781426538733
 10
811.9525832030013
 20
-1148.701920487809
 10
803.0990253328528
 20
-1147.932058659251
 10
796.9400425993508
 20
-1141.38814501147
 10
796.9400425993508
 20
-1141.38814501147
 10
796.555111685072
 20
-1141.38814501147
 10
796.1701807707923
 20
-1141.003184728845
 10
796.1701807707923
 20
-1141.773046557402
 10
796.1701807707923
 20
-1142.54290838596
 10
796.1701807707923
 20
-1143.697730497144
 10
791.1659907801277
 20
-1142.158006840027
 10
786.5467610720871
 20
-1140.61822444622
 10
781.9275313640464
 20
-1139.078500789103
 10
766.1451289318393
 20
-1132.919488687254
 10
748.4380278757162
 20
-1130.609903201581
 10
733.4255019562388
 20
-1120.216621674317
 10
734.1953784689704
 20
-1121.3714437855
 10
734.5803093832492
 20
-1122.526265896684
 10
734.965254981702
 20
-1123.296127725242
 10
734.5803240674222
 20
-1123.296127725242
 10
734.5803240674222
 20
-1123.681088007866
 10
734.1953784689704
 20
-1123.681088007866
 10
723.0322057448029
 20
-1120.216680411009
 10
712.2539786190864
 20
-1116.367312531527
 10
701.090805894919
 20
-1113.287806480603
 10
690.3125787692024
 20
-1110.208300429678
 10
679.9192825577666
 20
-1105.204110439014
 10
669.14105543205
 20
-1102.509564670714
 10
654.5134604268524
 20
-1099.045157073857
 10
640.6557345922984
 20
-1093.656006800566
 10
626.4130705013795
 20
-1089.036777092526
 10
625.6431939886479
 20
-1088.651816809901
 10
624.4883865616384
 20
-1089.036777092526
 10
623.7185100489078
 20
-1089.421737375151
 10
623.7185100489078
 20
-1089.806697657776
 10
623.7185100489078
 20
-1089.806697657776
 10
623.7185100489078
 20
-1090.19159920371
 10
643.350287702684
 20
-1096.73551285149
 10
662.9820580143751
 20
-1103.664386781897
 10
683.7686504372487
 20
-1110.593260712303
 10
681.074089984776
 20
-1111.363122540861
 10
679.5343516434868
 20
-1112.13298436942
 10
677.9945986180246
 20
-1112.517944652045
 10
696.0866305884265
 20
-1110.97822099493
 10
710.7142255936242
 20
-1121.371502522194
 10
727.2665045385638
 20
-1124.835910119051
 10
727.2665045385638
 20
-1125.220870401676
 10
727.2665045385638
 20
-1125.605771947608
 10
727.2665045385638
 20
-1125.990732230233
 10
724.9569484212361
 20
-1125.990673493541
 10
723.4171953957739
 20
-1126.375633776166
 10
721.8774570544847
 20
-1126.760535322099
 97
        0
 97
        0
 75
     2
 76
     1
 98
        0
  0
SPLINE
  5
49
330
41
100
AcDbEntity
  8
katman 1
370
     0
100
AcDbSpline
210
0.0
220
0.0
230
1.0
 70
    11
 71
     3
 72
   335
 73
   331
 74
     0
 42
0.0000000001
 43
0.0000000001
 12
1.0
 22
0.0
 32
0.0
 13
1.0
 23
0.0
 33
0.0
 40
0.0
 40
0.0
 40
0.0
 40
0.0
 40
1.0
 40
1.0
 40
1.0
 40
2.0
 40
2.0
 40
2.0
 40
3.0
 40
3.0
 40
3.0
 40
4.0
 40
4.0
 40
4.0
 40
5.0
 40
5.0
 40
5.0
 40
6.0
 40
6.0
 40
6.0
 40
7.0
 40
7.0
 40
7.0
 40
8.0
 40
8.0
 40
8.0
 40
9.0
 40
9.0
 40
9.0
 40
10.0
 40
10.0
 40
10.0
 40
11.0
 40
11.0
 40
11.0
 40
12.0
 40
12.0
 40
12.0
 40
13.0
 40
13.0
 40
13.0
 40
14.0
 40
14.0
 40
14.0
 40
15.0
 40
15.0
 40
15.0
 40
16.0
 40
16.0
 40
16.0
 40
17.0
 40
17.0
 40
17.0
 40
18.0
 40
18.0
 40
18.0
 40
19.0
 40
19.0
 40
19.0
 40
20.0
 40
20.0
 40
20.0
 40
21.0
 40
21.0
 40
21.0
 40
22.0
 40
22.0
 40
22.0
 40
23.0
 40
23.0
 40
23.0
 40
24.0
 40
24.0
 40
24.0
 40
25.0
 40
25.0
 40
25.0
 40
26.0
 40
26.0
 40
26.0
 40
27.0
 40
27.0
 40
27.0
 40
28.0
 40
28.0
 40
28.0
 40
29.0
 40
29.0
 40
29.0
 40
30.0
 40
30.0
 40
30.0
 40
31.0
 40
31.0
 40
31.0
 40
32.0
 40
32.0
 40
32.0
 40
33.0
 40
33.0
 40
33.0
 40
34.0
 40
34.0
 40
34.0
 40
35.0
 40
35.0
 40
35.0
 40
36.0
 40
36.0
 40
36.0
 40
37.0
 40
37.0
 40
37.0
 40
38.0
 40
38.0
 40
38.0
 40
39.0
 40
39.0
 40
39.0
 40
40.0
 40
40.0
 40
40.0
 40
41.0
 40
41.0
 40
41.0
 40
42.0
 40
42.0
 40
42.0
 40
43.0
 40
43.0
 40
43.0
 40
44.0
 40
44.0
 40
44.0
 40
45.0
 40
45.0
 40
45.0
 40
46.0
 40
46.0
 40
46.0
 40
47.0
 40
47.0
 40
47.0
 40
48.0
 40
48.0
 40
48.0
 40
49.0
 40
49.0
 40
49.0
 40
50.0
 40
50.0
 40
50.0
 40
51.0
 40
51.0
 40
51.0
 40
52.0
 40
52.0
 40
52.0
 40
53.0
 40
53.0
 40
53.0
 40
54.0
 40
54.0
 40
54.0
 40
55.0
 40
55.0
 40
55.0
 40
56.0
 40
56.0
 40
56.0
 40
57.0
 40
57.0
 40
57.0
 40
58.0
 40
58.0
 40
58.0
 40
59.0
 40
59.0
 40
59.0
 40
60.0
 40
60.0
 40
60.0
 40
61.0
 40
61.0
 40
61.0
 40
62.0
 40
62.0
 40
62.0
 40
63.0
 40
63.0
 40
63.0
 40
64.0
 40
64.0
 40
64.0
 40
65.0
 40
65.0
 40
65.0
 40
66.0
 40
66.0
 40
66.0
 40
67.0
 40
67.0
 40
67.0
 40
68.0
 40
68.0
 40
68.0
 40
69.0
 40
69.0
 40
69.0
 40
70.0
 40
70.0
 40
70.0
 40
71.0
 40
71.0
 40
71.0
 40
72.0
 40
72.0
 40
72.0
 40
73.0
 40
73.0
 40
73.0
 40
74.0
 40
74.0
 40
74.0
 40
75.0
 40
75.0
 40
75.0
 40
76.0
 40
76.0
 40
76.0
 40
77.0
 40
77.0
 40
77.0
 40
78.0
 40
78.0
 40
78.0
 40
79.0
 40
79.0
 40
79.0
 40
80.0
 40
80.0
 40
80.0
 40
81.0
 40
81.0
 40
81.0
 40
82.0
 40
82.0
 40
82.0
 40
83.0
 40
83.0
 40
83.0
 40
84.0
 40
84.0
 40
84.0
 40
85.0
 40
85.0
 40
85.0
 40
86.0
 40
86.0
 40
86.0
 40
87.0
 40
87.0
 40
87.0
 40
88.0
 40
88.0
 40
88.0
 40
89.0
 40
89.0
 40
89.0
 40
90.0
 40
90.0
 40
90.0
 40
91.0
 40
91.0
 40
91.0
 40
92.0
 40
92.0
 40
92.0
 40
93.0
 40
93.0
 40
93.0
 40
94.0
 40
94.0
 40
94.0
 40
95.0
 40
95.0
 40
95.0
 40
96.0
 40
96.0
 40
96.0
 40
97.0
 40
97.0
 40
97.0
 40
98.0
 40
98.0
 40
98.0
 40
99.0
 40
99.0
 40
99.0
 40
100.0
 40
100.0
 40
100.0
 40
101.0
 40
101.0
 40
101.0
 40
102.0
 40
102.0
 40
102.0
 40
103.0
 40
103.0
 40
103.0
 40
104.0
 40
104.0
 40
104.0
 40
105.0
 40
105.0
 40
105.0
 40
106.0
 40
106.0
 40
106.0
 40
107.0
 40
107.0
 40
107.0
 40
108.0
 40
108.0
 40
108.0
 40
109.0
 40
109.0
 40
109.0
 40
110.0
 40
110.0
 40
110.0
 40
110.0
 10
1058.312215594906
 20
-1064.400787421824
 30
0.0
 10
1065.625991071247
 20
-1040.919619862305
 30
0.0
 10
1071.785003173094
 20
-1018.593333150662
 30
0.0
 10
1082.948146528917
 20
-996.6518892482582
 30
0.0
 10
1084.1029686401
 20
-998.5765731880001
 30
0.0
 10
1084.487870186033
 20
-999.7313952991826
 30
0.0
 10
1085.257790751282
 20
-1000.50125712774
 30
0.0
 10
1085.642751033909
 20
-1001.271118956298
 30
0.0
 10
1086.412612862467
 20
-1002.040980784857
 30
0.0
 10
1087.182474691024
 20
-1002.810901350107
 30
0.0
 10
1087.952336519582
 20
-1002.041039521549
 30
0.0
 10
1089.492118913389
 20
-1001.656079238925
 30
0.0
 10
1089.877020459324
 20
-1000.50125712774
 30
0.0
 10
1095.266111995921
 20
-985.4887165240907
 30
0.0
 10
1102.194985926328
 20
-971.2460671173449
 30
0.0
 10
1110.663583513851
 20
-957.7732795391566
 30
0.0
 10
1112.973227736216
 20
-954.3088425739534
 30
0.0
 10
1115.667773504516
 20
-950.8444056087501
 30
0.0
 10
1118.362319272816
 20
-947.3799980118929
 30
0.0
 10
1119.517141383998
 20
-950.8444349770962
 30
0.0
 10
1120.287003212556
 20
-953.9239116596746
 30
0.0
 10
1121.44182532374
 20
-957.003417710599
 30
0.0
 10
1132.989928962186
 20
-935.446963459166
 30
0.0
 10
1144.922992883257
 20
-914.6603710362906
 30
0.0
 10
1161.475227775678
 20
-896.183393467436
 30
0.0
 10
1162.245089604236
 20
-897.7231464928991
 30
0.0
 10
1162.630049886862
 20
-898.8779392357355
 30
0.0
 10
1163.39991171542
 20
-899.6478304326392
 30
0.0
 10
1163.784871998045
 20
-900.4176922611987
 30
0.0
 10
1164.554733826602
 20
-901.1875834581024
 30
0.0
 10
1165.709555937785
 20
-902.7273364835637
 30
0.0
 10
1171.483607757009
 20
-885.7901119401722
 30
0.0
 10
1181.49198773834
 20
-872.7022552762646
 30
0.0
 10
1194.194854751277
 20
-859.9993588949801
 30
0.0
 10
1195.349676862461
 20
-862.3089737490009
 30
0.0
 10
1196.119538691019
 20
-864.233657688741
 30
0.0
 10
1197.274360802203
 20
-867.3131637396655
 30
0.0
 10
1207.282740783532
 20
-854.9951982726598
 30
0.0
 10
1215.751338371056
 20
-841.9073416087522
 30
0.0
 10
1228.454264120686
 20
-831.8989909957672
 30
0.0
 10
1229.993987777802
 20
-834.9784970466917
 30
0.0
 10
1231.148809888986
 20
-837.6730428149895
 30
0.0
 10
1232.303632000168
 20
-840.367588583289
 30
0.0
 10
1242.312011981499
 20
-828.0496231162833
 30
0.0
 10
1252.320333226136
 20
-816.1165591952122
 30
0.0
 10
1261.943752924843
 20
-804.5684555567659
 30
0.0
 10
1262.328713207469
 20
-804.9533864710447
 30
0.0
 10
1263.098575036027
 20
-804.9533864710447
 30
0.0
 10
1263.483476581958
 20
-805.3383173853235
 30
0.0
 10
1264.253338410517
 20
-808.417823436248
 30
0.0
 10
1264.638298693142
 20
-811.8822310331052
 30
0.0
 10
1265.4081605217
 20
-814.9617370840297
 30
0.0
 10
1265.793120804326
 20
-815.7315989125873
 30
0.0
 10
1266.178022350257
 20
-817.2713519380486
 30
0.0
 10
1266.947884178815
 20
-817.2713519380486
 30
0.0
 10
1267.717746007374
 20
-817.6562828523274
 30
0.0
 10
1269.257528401184
 20
-816.8864210237698
 30
0.0
 10
1269.642429947115
 20
-816.1165298268661
 30
0.0
 10
1280.420671757005
 20
-801.4889201374954
 30
0.0
 10
1294.663321163749
 20
-791.0956386102316
 30
0.0
 10
1309.675832399054
 20
-781.8571498258043
 30
0.0
 10
1315.834844500903
 20
-778.0077819463222
 30
0.0
 10
1321.99379786606
 20
-774.1584140668401
 30
0.0
 10
1328.152809967907
 20
-770.309046187358
 30
0.0
 10
1328.537770250532
 20
-770.6939771016368
 30
0.0
 10
1328.922671796467
 20
-771.0789080159157
 30
0.0
 10
1329.30763207909
 20
-771.0789080159157
 30
0.0
 10
1324.688402371052
 20
-778.0077819463222
 30
0.0
 10
1320.06917266301
 20
-785.3215574226615
 30
0.0
 10
1315.064982672346
 20
-792.250431353068
 30
0.0
 10
1307.366246913381
 20
-803.0286731629567
 30
0.0
 10
1299.282550871791
 20
-813.8068856044993
 30
0.0
 10
1291.583815112826
 20
-824.9700583286685
 30
0.0
 10
1287.349486950719
 20
-831.1290410621696
 30
0.0
 10
1287.349486950719
 20
-831.1290410621696
 30
0.0
 10
1295.048222709684
 20
-831.8989322590751
 30
0.0
 10
1295.818084538241
 20
-831.8989322590751
 30
0.0
 10
1296.203044820866
 20
-831.8989322590751
 30
0.0
 10
1296.972906649424
 20
-831.8989322590751
 30
0.0
 10
1290.044032719017
 20
-847.6813346912822
 30
0.0
 10
1280.805573302936
 20
-861.9240134663742
 30
0.0
 10
1269.25746966449
 20
-875.3968010445624
 30
0.0
 10
1271.18215360423
 20
-876.16666287312
 30
0.0
 10
1271.952015432789
 20
-876.5516231557449
 30
0.0
 10
1272.721877261347
 20
-876.5516231557449
 30
0.0
 10
1279.650751191753
 20
-877.3214849843043
 30
0.0
 10
1280.035652737686
 20
-877.3214849843043
 30
0.0
 10
1276.956205423456
 20
-883.4804970861514
 30
0.0
 10
1270.797193321607
 20
-895.0286007245995
 30
0.0
 10
1262.713556016708
 20
-905.4218822518633
 30
0.0
 10
1253.475037863936
 20
-915.0453019505694
 30
0.0
 10
1252.320215752752
 20
-916.2001240617519
 30
0.0
 10
1251.16539364157
 20
-917.739847718869
 30
0.0
 10
1249.625669984453
 20
-920.049491941234
 30
0.0
 10
1253.09007758131
 20
-920.4344228555128
 30
0.0
 10
1255.399721803677
 20
-920.4344228555128
 30
0.0
 10
1258.479227854601
 20
-920.8193537697916
 30
0.0
 10
1253.090136318002
 20
-930.0578425542226
 30
0.0
 10
1248.085946327337
 20
-939.2963313386499
 30
0.0
 10
1242.311894508115
 20
-947.7649289261717
 30
0.0
 10
1236.537842688891
 20
-956.2335265136935
 30
0.0
 10
1229.608968758484
 20
-963.9322622726595
 30
0.0
 10
1222.680094828076
 20
-972.7858201428062
 30
0.0
 10
1225.759600879002
 20
-972.7858201428062
 30
0.0
 10
1228.4541466473
 20
-973.170751057085
 30
0.0
 10
1232.303514526782
 20
-973.170751057085
 30
0.0
 10
1219.215687231221
 20
-994.3422450258913
 30
0.0
 10
1199.968847833808
 20
-1008.969854715264
 30
0.0
 10
1182.261732093513
 20
-1027.061872001492
 30
0.0
 10
1186.49606025562
 20
-1027.446832284117
 30
0.0
 10
1189.19060602392
 20
-1027.446832284117
 30
0.0
 10
1192.270112074844
 20
-1027.446832284117
 30
0.0
 10
1192.655072357469
 20
-1027.831792566742
 30
0.0
 10
1192.655072357469
 20
-1028.216694112674
 30
0.0
 10
1193.039973903402
 20
-1028.601654395301
 30
0.0
 10
1179.182226042589
 20
-1040.919619862305
 30
0.0
 10
1165.324536918468
 20
-1052.852683783378
 30
0.0
 10
1151.466789057655
 20
-1065.170649250382
 30
0.0
 10
1151.466789057655
 20
-1065.555609533007
 30
0.0
 10
1151.85174934028
 20
-1065.940511078939
 30
0.0
 10
1151.85174934028
 20
-1066.325471361564
 30
0.0
 10
1155.316156937137
 20
-1066.325471361564
 30
0.0
 10
1158.780623270686
 20
-1066.325471361564
 30
0.0
 10
1162.629991150168
 20
-1066.325471361564
 30
0.0
 10
1162.629991150168
 20
-1066.710431644191
 30
0.0
 10
1163.014951432793
 20
-1067.095333190122
 30
0.0
 10
1163.014951432793
 20
-1067.480293472749
 30
0.0
 10
1147.23251963224
 20
-1081.722942879494
 30
0.0
 10
1128.755600800079
 20
-1092.886144972008
 30
0.0
 10
1111.433445342409
 20
-1105.204110439014
 30
0.0
 10
1111.818405625034
 20
-1105.589070721639
 30
0.0
 10
1111.818405625034
 20
-1105.973972267571
 30
0.0
 10
1112.203307170967
 20
-1106.358932550196
 30
0.0
 10
1114.512951393332
 20
-1106.743892832821
 30
0.0
 10
1116.822536879006
 20
-1107.128794378754
 30
0.0
 10
1119.902042929931
 20
-1107.513754661381
 30
0.0
 10
1118.747220818748
 20
-1108.668576772563
 30
0.0
 10
1118.362319272816
 20
-1109.823398883746
 30
0.0
 10
1117.592398707564
 20
-1110.593260712303
 30
0.0
 10
1104.119611129376
 20
-1121.371502522194
 30
0.0
 10
1090.646823551189
 20
-1131.764784049457
 30
0.0
 10
1077.558996255626
 20
-1142.543025859346
 30
0.0
 10
1076.789134427068
 20
-1143.312887687904
 30
0.0
 10
1076.404174144442
 20
-1144.852670081713
 30
0.0
 10
1075.634312315884
 20
-1145.62253191027
 30
0.0
 10
1076.789134427068
 20
-1146.007492192895
 30
0.0
 10
1077.943956538251
 20
-1146.777354021453
 30
0.0
 10
1078.713818366808
 20
-1146.777354021453
 30
0.0
 10
1081.408364135108
 20
-1147.162314304078
 30
0.0
 10
1084.872830468657
 20
-1146.007492192895
 30
0.0
 10
1085.642692297215
 20
-1150.24176161831
 30
0.0
 10
1088.337238065515
 20
-1148.702037961193
 30
0.0
 10
1090.646882287881
 20
-1147.547215850011
 30
0.0
 10
1093.341428056181
 20
-1146.007433456201
 30
0.0
 10
1093.341428056181
 20
-1147.932117395943
 30
0.0
 10
1093.341428056181
 20
-1149.471841053059
 30
0.0
 10
1093.341428056181
 20
-1152.16644555805
 30
0.0
 10
1110.278623231225
 20
-1141.003302202229
 30
0.0
 10
1126.446015314405
 20
-1130.22506039234
 30
0.0
 10
1142.613348660892
 20
-1119.446818582452
 30
0.0
 10
1142.998308943517
 20
-1119.831778865077
 30
0.0
 10
1143.38321048945
 20
-1119.831778865077
 30
0.0
 10
1143.768170772075
 20
-1120.216680411009
 30
0.0
 10
1143.38321048945
 20
-1122.911226179309
 30
0.0
 10
1142.613348660892
 20
-1125.220870401676
 30
0.0
 10
1141.843486832335
 20
-1129.070238281158
 30
0.0
 10
1156.855998067638
 20
-1119.061858299827
 30
0.0
 10
1170.713745928451
 20
-1109.823398883746
 30
0.0
 10
1184.18653350664
 20
-1100.584939467666
 30
0.0
 10
1184.571493789264
 20
-1100.969899750291
 30
0.0
 10
1184.956395335197
 20
-1101.354801296224
 30
0.0
 10
1185.341355617822
 20
-1101.739761578849
 30
0.0
 10
1184.956395335197
 20
-1102.894583690031
 30
0.0
 10
1184.18653350664
 20
-1103.664445518589
 30
0.0
 10
1183.801631960707
 20
-1104.819267629773
 30
0.0
 10
1183.416671678082
 20
-1105.974089740956
 30
0.0
 10
1183.801631960707
 20
-1107.12891185214
 30
0.0
 10
1183.801631960707
 20
-1108.28367522663
 30
0.0
 10
1184.956454071889
 20
-1108.28367522663
 30
0.0
 10
1185.726315900447
 20
-1108.28367522663
 30
0.0
 10
1186.881138011631
 20
-1107.898714944005
 30
0.0
 10
1202.663569812186
 20
-1100.584939467666
 30
0.0
 10
1218.061041330115
 20
-1093.65606553726
 30
0.0
 10
1233.843414393976
 20
-1086.342231324226
 30
0.0
 10
1236.537960162275
 20
-1085.187409213044
 30
0.0
 10
1239.6174662132
 20
-1084.802507667111
 30
0.0
 10
1242.696972264124
 20
-1084.032587101861
 30
0.0
 10
1241.157248607007
 20
-1086.342231324226
 30
0.0
 10
1240.002426495825
 20
-1088.266915263968
 30
0.0
 10
1238.847604384642
 20
-1090.576500749641
 30
0.0
 10
1239.232564667267
 20
-1090.961461032268
 30
0.0
 10
1239.6174662132
 20
-1091.346362578201
 30
0.0
 10
1239.6174662132
 20
-1092.116224406758
 30
0.0
 10
1259.249265893235
 20
-1084.802448930419
 30
0.0
 10
1278.496105290647
 20
-1077.103713171455
 30
0.0
 10
1300.052530173733
 20
-1074.409108666463
 30
0.0
 10
1299.667569891109
 20
-1075.948832323578
 30
0.0
 10
1298.89770806255
 20
-1077.103654434761
 30
0.0
 10
1299.282668345175
 20
-1077.488614717386
 30
0.0
 10
1300.052530173733
 20
-1078.64343682857
 30
0.0
 10
1301.592312567542
 20
-1080.183160485685
 30
0.0
 10
1302.362174396099
 20
-1079.798258939752
 30
0.0
 10
1310.060910155065
 20
-1077.488614717386
 30
0.0
 10
1317.374685631403
 20
-1074.794068949088
 30
0.0
 10
1325.073421390367
 20
-1072.869385009346
 30
0.0
 10
1330.462512926966
 20
-1071.329661352231
 30
0.0
 10
1336.23656474619
 20
-1071.329661352231
 30
0.0
 10
1342.395576848037
 20
-1070.174839241048
 30
0.0
 10
1341.62571501948
 20
-1073.254345291971
 30
0.0
 10
1340.855853190922
 20
-1075.179029231713
 30
0.0
 10
1340.085932625672
 20
-1077.488614717386
 30
0.0
 10
1351.63403626412
 20
-1074.794068949088
 30
0.0
 10
1362.797179619942
 20
-1072.484424726721
 30
0.0
 10
1374.345283258388
 20
-1069.789878958421
 30
0.0
 10
1373.960322975763
 20
-1072.099523180788
 30
0.0
 10
1373.960322975763
 20
-1073.254286555279
 30
0.0
 10
1373.575421429829
 20
-1074.794068949088
 30
0.0
 10
1373.960381712455
 20
-1074.794068949088
 30
0.0
 10
1374.730243541013
 20
-1075.179029231713
 30
0.0
 10
1375.115145086946
 20
-1075.179029231713
 30
0.0
 10
1380.88919690617
 20
-1074.409167403155
 30
0.0
 10
1386.663248725392
 20
-1073.639305574598
 30
0.0
 10
1392.052340261991
 20
-1072.484483463413
 30
0.0
 10
1396.671569970031
 20
-1071.714621634856
 30
0.0
 10
1400.90589813214
 20
-1070.174839241048
 30
0.0
 10
1405.525127840177
 20
-1069.020075866556
 30
0.0
 10
1408.989535437035
 20
-1068.250214037998
 30
0.0
 10
1412.454001770584
 20
-1067.865253755373
 30
0.0
 10
1415.918409367441
 20
-1067.095391926816
 30
0.0
 10
1421.30750090404
 20
-1066.325530098256
 30
0.0
 10
1426.311690894705
 20
-1065.555668269699
 30
0.0
 10
1431.700841167996
 20
-1064.785747704449
 30
0.0
 10
1435.935169330103
 20
-1064.015885875891
 30
0.0
 10
1440.169438755518
 20
-1063.246024047334
 30
0.0
 10
1444.403766917627
 20
-1062.861063764707
 30
0.0
 10
1445.173628746184
 20
-1062.861063764707
 30
0.0
 10
1446.328450857367
 20
-1062.861063764707
 30
0.0
 10
1447.483272968551
 20
-1064.015885875891
 30
0.0
 10
1426.311749631399
 20
-1072.484483463413
 30
0.0
 10
1405.525186576871
 20
-1080.568179505004
 30
0.0
 10
1382.81388084591
 20
-1089.421737375151
 30
0.0
 10
1387.048209008019
 20
-1091.731381597518
 30
0.0
 10
1390.127656322249
 20
-1093.271105254633
 30
0.0
 10
1394.746944766983
 20
-1095.965651022932
 30
0.0
 10
1380.119335077612
 20
-1101.739702842156
 30
0.0
 10
1366.261645953491
 20
-1106.743892832821
 30
0.0
 10
1352.403898092678
 20
-1112.13298436942
 30
0.0
 10
1353.943621749793
 20
-1113.672708026535
 30
0.0
 10
1355.868305689535
 20
-1115.212490420345
 30
0.0
 10
1358.562910194527
 20
-1117.907036188644
 30
0.0
 10
1344.320260787779
 20
-1123.681088007866
 30
0.0
 10
1330.847473209593
 20
-1128.685277998531
 30
0.0
 10
1316.21986352022
 20
-1134.459329817755
 30
0.0
 10
1318.529507742587
 20
-1135.999053474872
 30
0.0
 10
1320.069231399702
 20
-1136.768974040122
 30
0.0
 10
1322.378875622069
 20
-1138.308697697237
 30
0.0
 10
1309.291048326506
 20
-1142.927927405279
 30
0.0
 10
1297.74294468806
 20
-1149.856801335685
 30
0.0
 10
1282.730374716062
 20
-1150.24176161831
 30
0.0
 10
1284.270098373179
 20
-1152.16644555805
 30
0.0
 10
1285.040018938429
 20
-1153.321267669235
 30
0.0
 10
1286.194782312919
 20
-1154.86099132635
 30
0.0
 10
1264.638298693142
 20
-1164.099450742431
 30
0.0
 10
1242.312011981499
 20
-1168.718739187163
 30
0.0
 10
1218.83084442198
 20
-1174.107830723762
 30
0.0
 10
1221.140488644345
 20
-1175.262652834945
 30
0.0
 10
1223.065172584087
 20
-1176.417474946127
 30
0.0
 10
1226.529580180944
 20
-1177.957198603244
 30
0.0
 10
1219.600706250538
 20
-1179.881882542984
 30
0.0
 10
1213.826654431314
 20
-1182.191526765351
 30
0.0
 10
1207.667701066159
 20
-1183.731250422468
 30
0.0
 10
1202.27860952956
 20
-1185.270974079584
 30
0.0
 10
1197.274419538895
 20
-1186.040894644833
 30
0.0
 10
1191.885269265604
 20
-1187.195658019325
 30
0.0
 10
1184.956395335197
 20
-1188.350480130508
 30
0.0
 10
1178.027521404791
 20
-1188.735381676441
 30
0.0
 10
1171.098706211076
 20
-1189.505302241691
 30
0.0
 10
1169.558982553961
 20
-1189.505302241691
 30
0.0
 10
1168.019200160152
 20
-1190.275164070248
 30
0.0
 10
1166.479476503036
 20
-1190.660124352875
 30
0.0
 10
1167.249338331594
 20
-1192.19984800999
 30
0.0
 10
1168.404160442777
 20
-1193.354670121174
 30
0.0
 10
1169.558982553961
 20
-1195.664314343539
 30
0.0
 10
1147.232637105624
 20
-1199.128721940397
 30
0.0
 10
1124.906291657289
 20
-1200.283544051581
 30
0.0
 10
1101.425182834462
 20
-1201.053405880139
 30
0.0
 10
1102.580004945645
 20
-1202.978089819879
 30
0.0
 10
1103.349866774204
 20
-1204.517813476996
 30
0.0
 10
1104.889590431319
 20
-1206.827457699361
 30
0.0
 10
1090.646941024574
 20
-1206.442497416736
 30
0.0
 10
1077.559054992318
 20
-1205.672635588178
 30
0.0
 10
1064.08626741413
 20
-1205.287734042246
 30
0.0
 10
1055.617669826608
 20
-1204.902773759619
 30
0.0
 10
1047.149072239084
 20
-1204.517872213688
 30
0.0
 10
1038.680415914871
 20
-1204.517872213688
 30
0.0
 10
1028.67203593354
 20
-1204.902832496313
 30
0.0
 10
1018.663714688901
 20
-1205.67269432487
 30
0.0
 10
1009.040294990195
 20
-1206.442556153428
 30
0.0
 10
1007.500541964733
 20
-1206.442556153428
 30
0.0
 10
1005.96078893927
 20
-1206.442556153428
 30
0.0
 10
1002.881312256693
 20
-1206.442556153428
 30
0.0
 10
1032.136502267089
 20
-1189.505360978383
 30
0.0
 10
1057.927255312281
 20
-1169.873561298347
 30
0.0
 10
1084.1029686401
 20
-1150.626721900935
 30
0.0
 10
1083.718008357475
 20
-1149.856860072377
 30
0.0
 10
1083.333106811542
 20
-1149.08699824382
 30
0.0
 10
1082.948146528917
 20
-1148.317077678568
 30
0.0
 10
1068.70549712217
 20
-1154.86099132635
 30
0.0
 10
1055.232709543983
 20
-1163.329588913872
 30
0.0
 10
1041.37496168317
 20
-1171.028324672838
 30
0.0
 10
1027.517213822355
 20
-1179.112020714427
 30
0.0
 10
1014.429386526794
 20
-1188.350480130508
 30
0.0
 10
1000.956598948605
 20
-1197.204038000655
 30
0.0
 10
1014.044426244167
 20
-1166.024134682171
 30
0.0
 10
1020.203438346016
 20
-1132.149744332082
 30
0.0
 10
1030.211818327347
 20
-1098.660196791232
 30
0.0
 10
1031.751541984464
 20
-1100.969841013597
 30
0.0
 10
1032.521462549714
 20
-1102.124604388089
 30
0.0
 10
1034.446146489456
 20
-1105.204110439014
 30
0.0
 10
1035.600968600638
 20
-1103.279426499272
 30
0.0
 10
1036.370830429196
 20
-1102.124604388089
 30
0.0
 10
1036.755790711821
 20
-1100.584880730974
 30
0.0
 10
1040.605158591305
 20
-1090.576500749641
 30
0.0
 10
1044.454526470785
 20
-1080.568179505004
 30
0.0
 10
1048.303894350269
 20
-1070.944759806298
 30
0.0
 10
1050.228578290009
 20
-1066.325530098256
 30
0.0
 10
1052.153262229751
 20
-1062.091201936149
 30
0.0
 10
1054.077946169491
 20
-1057.47197222811
 30
0.0
 10
1054.462847715424
 20
-1060.551419542342
 30
0.0
 10
1056.387531655166
 20
-1062.476103482082
 30
0.0
 10
1058.312215594906
 20
-1064.400787421824
 30
0.0
  0
SPLINE
  5
4A
330
41
100
AcDbEntity
  8
katman 1
370
     0
100
AcDbSpline
210
0.0
220
0.0
230
1.0
 70
    11
 71
     3
 72
   218
 73
   214
 74
     0
 42
0.0000000001
 43
0.0000000001
 12
1.0
 22
0.0
 32
0.0
 13
1.0
 23
0.0
 33
0.0
 40
0.0
 40
0.0
 40
0.0
 40
0.0
 40
1.0
 40
1.0
 40
1.0
 40
2.0
 40
2.0
 40
2.0
 40
3.0
 40
3.0
 40
3.0
 40
4.0
 40
4.0
 40
4.0
 40
5.0
 40
5.0
 40
5.0
 40
6.0
 40
6.0
 40
6.0
 40
7.0
 40
7.0
 40
7.0
 40
8.0
 40
8.0
 40
8.0
 40
9.0
 40
9.0
 40
9.0
 40
10.0
 40
10.0
 40
10.0
 40
11.0
 40
11.0
 40
11.0
 40
12.0
 40
12.0
 40
12.0
 40
13.0
 40
13.0
 40
13.0
 40
14.0
 40
14.0
 40
14.0
 40
15.0
 40
15.0
 40
15.0
 40
16.0
 40
16.0
 40
16.0
 40
17.0
 40
17.0
 40
17.0
 40
18.0
 40
18.0
 40
18.0
 40
19.0
 40
19.0
 40
19.0
 40
20.0
 40
20.0
 40
20.0
 40
21.0
 40
21.0
 40
21.0
 40
22.0
 40
22.0
 40
22.0
 40
23.0
 40
23.0
 40
23.0
 40
24.0
 40
24.0
 40
24.0
 40
25.0
 40
25.0
 40
25.0
 40
26.0
 40
26.0
 40
26.0
 40
27.0
 40
27.0
 40
27.0
 40
28.0
 40
28.0
 40
28.0
 40
29.0
 40
29.0
 40
29.0
 40
30.0
 40
30.0
 40
30.0
 40
31.0
 40
31.0
 40
31.0
 40
32.0
 40
32.0
 40
32.0
 40
33.0
 40
33.0
 40
33.0
 40
34.0
 40
34.0
 40
34.0
 40
35.0
 40
35.0
 40
35.0
 40
36.0
 40
36.0
 40
36.0
 40
37.0
 40
37.0
 40
37.0
 40
38.0
 40
38.0
 40
38.0
 40
39.0
 40
39.0
 40
39.0
 40
40.0
 40
40.0
 40
40.0
 40
41.0
 40
41.0
 40
41.0
 40
42.0
 40
42.0
 40
42.0
 40
43.0
 40
43.0
 40
43.0
 40
44.0
 40
44.0
 40
44.0
 40
45.0
 40
45.0
 40
45.0
 40
46.0
 40
46.0
 40
46.0
 40
47.0
 40
47.0
 40
47.0
 40
48.0
 40
48.0
 40
48.0
 40
49.0
 40
49.0
 40
49.0
 40
50.0
 40
50.0
 40
50.0
 40
51.0
 40
51.0
 40
51.0
 40
52.0
 40
52.0
 40
52.0
 40
53.0
 40
53.0
 40
53.0
 40
54.0
 40
54.0
 40
54.0
 40
55.0
 40
55.0
 40
55.0
 40
56.0
 40
56.0
 40
56.0
 40
57.0
 40
57.0
 40
57.0
 40
58.0
 40
58.0
 40
58.0
 40
59.0
 40
59.0
 40
59.0
 40
60.0
 40
60.0
 40
60.0
 40
61.0
 40
61.0
 40
61.0
 40
62.0
 40
62.0
 40
62.0
 40
63.0
 40
63.0
 40
63.0
 40
64.0
 40
64.0
 40
64.0
 40
65.0
 40
65.0
 40
65.0
 40
66.0
 40
66.0
 40
66.0
 40
67.0
 40
67.0
 40
67.0
 40
68.0
 40
68.0
 40
68.0
 40
69.0
 40
69.0
 40
69.0
 40
70.0
 40
70.0
 40
70.0
 40
71.0
 40
71.0
 40
71.0
 40
71.0
 10
1120.287003212556
 20
-1032.06612072885
 30
0.0
 10
1119.902042929931
 20
-1032.06612072885
 30
0.0
 10
1119.132181101373
 20
-1032.06612072885
 30
0.0
 10
1118.74727955544
 20
-1032.06612072885
 30
0.0
 10
1118.74727955544
 20
-1023.597523141327
 30
0.0
 10
1118.74727955544
 20
-1015.128925553805
 30
0.0
 10
1118.74727955544
 20
-1006.275367683656
 30
0.0
 10
1118.362319272816
 20
-1006.275367683656
 30
0.0
 10
1117.592457444258
 20
-1006.275367683656
 30
0.0
 10
1117.207555898323
 20
-1006.275367683656
 30
0.0
 10
1117.207555898323
 20
-1010.509695845765
 30
0.0
 10
1117.207555898323
 20
-1014.74396527118
 30
0.0
 10
1117.207555898323
 20
-1018.978293433287
 30
0.0
 10
1117.207555898323
 20
-1027.831851303436
 30
0.0
 10
1117.977417726883
 20
-1036.685409173582
 30
0.0
 10
1111.048543796476
 20
-1043.999184649922
 30
0.0
 10
1106.04435380581
 20
-1049.388276186521
 30
0.0
 10
1101.810084380395
 20
-1055.932248570993
 30
0.0
 10
1097.190795935661
 20
-1061.706300390217
 30
0.0
 10
1092.956467773554
 20
-1067.480352209441
 30
0.0
 10
1088.72219834814
 20
-1073.254404028663
 30
0.0
 10
1084.1029686401
 20
-1078.643495565262
 30
0.0
 10
1083.718008357475
 20
-1078.643495565262
 30
0.0
 10
1083.333106811542
 20
-1078.258535282637
 30
0.0
 10
1082.948146528917
 20
-1078.258535282637
 30
0.0
 10
1082.948146528917
 20
-1071.714621634856
 30
0.0
 10
1082.948146528917
 20
-1065.170707987074
 30
0.0
 10
1082.948146528917
 20
-1058.241834056667
 30
0.0
 10
1082.563186246291
 20
-1058.241834056667
 30
0.0
 10
1081.793324417733
 20
-1058.241834056667
 30
0.0
 10
1081.4084228718
 20
-1058.241834056667
 30
0.0
 10
1081.4084228718
 20
-1065.555609533007
 30
0.0
 10
1081.4084228718
 20
-1072.484483463413
 30
0.0
 10
1081.4084228718
 20
-1079.798317676446
 30
0.0
 10
1081.4084228718
 20
-1081.338041333562
 30
0.0
 10
1080.638561043243
 20
-1083.262725273304
 30
0.0
 10
1079.48373893206
 20
-1084.802507667111
 30
0.0
 10
1072.939825284278
 20
-1094.04096708319
 30
0.0
 10
1066.010951353872
 20
-1103.279485235964
 30
0.0
 10
1059.082077423465
 20
-1112.133043106112
 30
0.0
 10
1058.69711714084
 20
-1112.90290493467
 30
0.0
 10
1057.542353766348
 20
-1113.287865217295
 30
0.0
 10
1056.387531655166
 20
-1114.442687328479
 30
0.0
 10
1056.002571372541
 20
-1110.208359166372
 30
0.0
 10
1055.232709543983
 20
-1106.743951569515
 30
0.0
 10
1054.847807998049
 20
-1103.279543972658
 30
0.0
 10
1054.462847715424
 20
-1103.279543972658
 30
0.0
 10
1053.692985886866
 20
-1103.279543972658
 30
0.0
 10
1053.308084340933
 20
-1102.894583690031
 30
0.0
 10
1057.157452220416
 20
-1115.212549157037
 30
0.0
 10
1050.613538572634
 20
-1124.066107027185
 30
0.0
 10
1043.299704359602
 20
-1132.534704614707
 30
0.0
 10
1040.605158591305
 20
-1135.614210665632
 30
0.0
 10
1038.680474651563
 20
-1139.078618262489
 30
0.0
 10
1036.370830429196
 20
-1142.543084596038
 30
0.0
 10
1045.609289845277
 20
-1132.534704614707
 30
0.0
 10
1052.538163775684
 20
-1119.831837601769
 30
0.0
 10
1068.320595576239
 20
-1118.292055207961
 30
0.0
 10
1067.935635293612
 20
-1117.907094925336
 30
0.0
 10
1067.550733747679
 20
-1117.137233096779
 30
0.0
 10
1067.550733747679
 20
-1116.752331550844
 30
0.0
 10
1063.701365868197
 20
-1117.907153662029
 30
0.0
 10
1060.23695827134
 20
-1119.061975773211
 30
0.0
 10
1055.232768280675
 20
-1120.601699430328
 30
0.0
 10
1056.387590391858
 20
-1118.677015490586
 30
0.0
 10
1056.772491937791
 20
-1117.522193379402
 30
0.0
 10
1057.54241250304
 20
-1116.752331550844
 30
0.0
 10
1064.471286433447
 20
-1107.898773680698
 30
0.0
 10
1071.400160363854
 20
-1099.045215810549
 30
0.0
 10
1077.944074011637
 20
-1090.191716677095
 30
0.0
 10
1080.638619779935
 20
-1086.342348797612
 30
0.0
 10
1084.103086113484
 20
-1084.41766485787
 30
0.0
 10
1088.722315821524
 20
-1082.877941200755
 30
0.0
 10
1094.496367640748
 20
-1080.953257261013
 30
0.0
 10
1100.270419459972
 20
-1078.643613038646
 30
0.0
 10
1105.659510996569
 20
-1076.718929098906
 30
0.0
 10
1105.659510996569
 20
-1076.333968816281
 30
0.0
 10
1105.274550713944
 20
-1075.949067270349
 30
0.0
 10
1105.274550713944
 20
-1075.564106987724
 30
0.0
 10
1098.730637066163
 20
-1077.488790927464
 30
0.0
 10
1092.571624964316
 20
-1079.413474867206
 30
0.0
 10
1084.87288920535
 20
-1081.723119089573
 30
0.0
 10
1086.027711316532
 20
-1079.413474867206
 30
0.0
 10
1086.412612862467
 20
-1078.643613038646
 30
0.0
 10
1087.182533427716
 20
-1077.873751210089
 30
0.0
 10
1094.111407358123
 20
-1069.020193339942
 30
0.0
 10
1100.655321005905
 20
-1059.781733923861
 30
0.0
 10
1107.584194936311
 20
-1051.313136336339
 30
0.0
 10
1109.508878876051
 20
-1048.61859056804
 30
0.0
 10
1112.973286472909
 20
-1047.078808174232
 30
0.0
 10
1116.052792523833
 20
-1045.539084517115
 30
0.0
 10
1122.211804625682
 20
-1043.229440294748
 30
0.0
 10
1128.755718273464
 20
-1041.304756355008
 30
0.0
 10
1134.91467163862
 20
-1038.995170869333
 30
0.0
 10
1134.91467163862
 20
-1038.610210586708
 30
0.0
 10
1134.529711355994
 20
-1038.225309040776
 30
0.0
 10
1134.529711355994
 20
-1037.840348758151
 30
0.0
 10
1127.985797708214
 20
-1039.765032697891
 30
0.0
 10
1121.441884060432
 20
-1041.689716637633
 30
0.0
 10
1114.513010130026
 20
-1043.614400577375
 30
0.0
 10
1114.513010130026
 20
-1041.689716637633
 30
0.0
 10
1114.89797041265
 20
-1040.919854809075
 30
0.0
 10
1115.667832241208
 20
-1040.149992980518
 30
0.0
 10
1126.830975597029
 20
-1025.522383291145
 30
0.0
 10
1137.60921740692
 20
-1010.894773601774
 30
0.0
 10
1148.772419499433
 20
-996.6521241950286
 30
0.0
 10
1150.697103439174
 20
-993.957578426729
 30
0.0
 10
1154.161511036031
 20
-992.8027563155465
 30
0.0
 10
1157.241017086955
 20
-991.2630326584294
 30
0.0
 10
1159.935562855255
 20
-990.1082105472469
 30
0.0
 10
1162.630108623554
 20
-989.3383487186893
 30
0.0
 10
1165.324713128546
 20
-988.5684868901317
 30
0.0
 10
1165.324713128546
 20
-988.1835266075068
 30
0.0
 10
1164.939752845919
 20
-987.7986250615722
 30
0.0
 10
1164.939752845919
 20
-987.4136647789473
 30
0.0
 10
1161.860246794997
 20
-988.1835266075068
 30
0.0
 10
1158.78074074407
 20
-988.5684868901317
 30
0.0
 10
1155.316333147215
 20
-989.3383487186893
 30
0.0
 10
1158.010878915513
 20
-983.9492278137441
 30
0.0
 10
1161.090384966437
 20
-979.7149290199832
 30
0.0
 10
1164.169891017362
 20
-975.8655611405011
 30
0.0
 10
1171.098764947768
 20
-967.0120032703526
 30
0.0
 10
1178.412540424108
 20
-958.5434056828308
 30
0.0
 10
1184.571552525957
 20
-949.3049168984035
 30
0.0
 10
1188.805880688065
 20
-942.7610032506236
 30
0.0
 10
1193.810011942038
 20
-938.9116353711397
 30
0.0
 10
1200.738885872444
 20
-936.9869514313996
 30
0.0
 10
1204.203293469302
 20
-935.8321293202152
 30
0.0
 10
1207.282799520226
 20
-934.2924056631
 30
0.0
 10
1210.362305571151
 20
-932.7526526376387
 30
0.0
 10
1210.362305571151
 20
-932.3677217233599
 30
0.0
 10
1209.977345288524
 20
-932.3677217233599
 30
0.0
 10
1209.977345288524
 20
-931.9827908090792
 30
0.0
 10
1204.973155297859
 20
-933.9074747488212
 30
0.0
 10
1199.968965307195
 20
-935.4472277742825
 30
0.0
 10
1194.194913487971
 20
-937.3719117140245
 30
0.0
 10
1194.579873770595
 20
-936.2170896028401
 30
0.0
 10
1194.579873770595
 20
-935.4472277742825
 30
0.0
 10
1194.964775316528
 20
-935.0622968600037
 30
0.0
 10
1199.199103478635
 20
-929.6731759550566
 30
0.0
 10
1203.048471358117
 20
-923.8991241358326
 30
0.0
 10
1207.282740783532
 20
-918.5100032308874
 30
0.0
 10
1216.521200199613
 20
-907.3468305067199
 30
0.0
 10
1222.680212301462
 20
-893.4891120142529
 30
0.0
 10
1237.307821990833
 20
-887.7150601950307
 30
0.0
 10
1237.307821990833
 20
-887.7150601950307
 30
0.0
 10
1237.307821990833
 20
-887.3301292807519
 30
0.0
 10
1237.692782273458
 20
-886.5602380838463
 30
0.0
 10
1234.99823650516
 20
-887.7150601950307
 30
0.0
 10
1232.303690736861
 20
-888.4849220235883
 30
0.0
 10
1229.994046514494
 20
-889.6397441347708
 30
0.0
 10
1229.994046514494
 20
-889.254813220492
 30
0.0
 10
1229.609086231869
 20
-889.254813220492
 30
0.0
 10
1229.609086231869
 20
-888.8698823062132
 30
0.0
 10
1243.466834092682
 20
-870.0079738230816
 30
0.0
 10
1257.709483499428
 20
-851.1460653399481
 30
0.0
 10
1271.567172623549
 20
-832.6691171394414
 30
0.0
 10
1271.182212340924
 20
-832.2841862251626
 30
0.0
 10
1270.797310794991
 20
-832.2841862251626
 30
0.0
 10
1270.412350512364
 20
-831.8992553108837
 30
0.0
 10
1266.178022350257
 20
-837.2883762158272
 30
0.0
 10
1261.943752924843
 20
-842.6774971207724
 30
0.0
 10
1257.324523216803
 20
-848.4515489399946
 30
0.0
 10
1256.554661388245
 20
-846.5268650002545
 30
0.0
 10
1256.16970110562
 20
-845.7570031716969
 30
0.0
 10
1255.784799559686
 20
-844.6021810605125
 30
0.0
 10
1255.014937731128
 20
-851.5310549909191
 30
0.0
 10
1251.165569851648
 20
-856.9201465275182
 30
0.0
 10
1247.316201972164
 20
-861.9243365181828
 30
0.0
 10
1240.772288324384
 20
-870.3929341057064
 30
0.0
 10
1234.228374676601
 20
-878.8615610615743
 30
0.0
 10
1227.684402292129
 20
-887.7150895633768
 30
0.0
 10
1224.219994695271
 20
-892.3343192714165
 30
0.0
 10
1220.370626815788
 20
-895.7987562366197
 30
0.0
 10
1216.906160482238
 20
-900.8029462272862
 30
0.0
 10
1208.822464440649
 20
-913.5058719769149
 30
0.0
 10
1199.199044741943
 20
-925.053975615363
 30
0.0
 10
1189.960585325862
 20
-936.9870101680917
 30
0.0
 10
1188.805763214679
 20
-938.526763193553
 30
0.0
 10
1187.266039557564
 20
-939.6815559363913
 30
0.0
 10
1185.341355617822
 20
-941.9912001587581
 30
0.0
 10
1186.111217446381
 20
-935.0623262283498
 30
0.0
 10
1186.496177729005
 20
-929.6732346917488
 30
0.0
 10
1187.266039557564
 20
-924.2841137868054
 30
0.0
 10
1186.881079274939
 20
-924.2841137868054
 30
0.0
 10
1186.111217446381
 20
-924.2841137868054
 30
0.0
 10
1185.726315900447
 20
-924.2841137868054
 30
0.0
 10
1185.726315900447
 20
-926.9786595551031
 30
0.0
 10
1185.726315900447
 20
-929.6732346917488
 30
0.0
 10
1185.341355617822
 20
-932.367780460052
 30
0.0
 10
1184.18653350664
 20
-939.6815853047374
 30
0.0
 10
1183.416671678082
 20
-947.3803210637016
 30
0.0
 10
1177.642619858858
 20
-953.5393037972044
 30
0.0
 10
1173.793251979376
 20
-957.7736025909653
 30
0.0
 10
1170.328844382519
 20
-962.7777925816299
 30
0.0
 10
1166.864378048969
 20
-967.3970222896714
 30
0.0
 10
1162.630049886862
 20
-972.7861431946149
 30
0.0
 10
1158.395780461447
 20
-978.1752640995601
 30
0.0
 10
1154.161452299339
 20
-983.9493159187841
 30
0.0
 10
1153.776492016714
 20
-983.9493159187841
 30
0.0
 10
1153.391590470781
 20
-983.5643850045053
 30
0.0
 10
1153.006630188156
 20
-983.5643850045053
 30
0.0
 10
1153.006630188156
 20
-979.3300862107426
 30
0.0
 10
1153.006630188156
 20
-975.0957874169817
 30
0.0
 10
1153.006630188156
 20
-970.8614592548747
 30
0.0
 10
1151.851808076972
 20
-974.325896220078
 30
0.0
 10
1151.851808076972
 20
-978.1752640995601
 30
0.0
 10
1151.081946248414
 20
-981.6397010647634
 30
0.0
 10
1150.696985965789
 20
-984.7192071156878
 30
0.0
 10
1150.312084419857
 20
-988.5685456268238
 30
0.0
 10
1148.387400480115
 20
-991.2631501318156
 30
0.0
 10
1140.68866472115
 20
-1005.505447118407
 30
0.0
 10
1130.295383193887
 20
-1018.593333150662
 30
0.0
 10
1120.287003212556
 20
-1032.06612072885
 30
0.0
  0
SPLINE
  5
4B
330
41
100
AcDbEntity
  8
katman 1
370
     0
100
AcDbSpline
210
0.0
220
0.0
230
1.0
 70
    11
 71
     3
 72
   119
 73
   115
 74
     0
 42
0.0000000001
 43
0.0000000001
 12
1.0
 22
0.0
 32
0.0
 13
1.0
 23
0.0
 33
0.0
 40
0.0
 40
0.0
 40
0.0
 40
0.0
 40
1.0
 40
1.0
 40
1.0
 40
2.0
 40
2.0
 40
2.0
 40
3.0
 40
3.0
 40
3.0
 40
4.0
 40
4.0
 40
4.0
 40
5.0
 40
5.0
 40
5.0
 40
6.0
 40
6.0
 40
6.0
 40
7.0
 40
7.0
 40
7.0
 40
8.0
 40
8.0
 40
8.0
 40
9.0
 40
9.0
 40
9.0
 40
10.0
 40
10.0
 40
10.0
 40
11.0
 40
11.0
 40
11.0
 40
12.0
 40
12.0
 40
12.0
 40
13.0
 40
13.0
 40
13.0
 40
14.0
 40
14.0
 40
14.0
 40
15.0
 40
15.0
 40
15.0
 40
16.0
 40
16.0
 40
16.0
 40
17.0
 40
17.0
 40
17.0
 40
18.0
 40
18.0
 40
18.0
 40
19.0
 40
19.0
 40
19.0
 40
20.0
 40
20.0
 40
20.0
 40
21.0
 40
21.0
 40
21.0
 40
22.0
 40
22.0
 40
22.0
 40
23.0
 40
23.0
 40
23.0
 40
24.0
 40
24.0
 40
24.0
 40
25.0
 40
25.0
 40
25.0
 40
26.0
 40
26.0
 40
26.0
 40
27.0
 40
27.0
 40
27.0
 40
28.0
 40
28.0
 40
28.0
 40
29.0
 40
29.0
 40
29.0
 40
30.0
 40
30.0
 40
30.0
 40
31.0
 40
31.0
 40
31.0
 40
32.0
 40
32.0
 40
32.0
 40
33.0
 40
33.0
 40
33.0
 40
34.0
 40
34.0
 40
34.0
 40
35.0
 40
35.0
 40
35.0
 40
36.0
 40
36.0
 40
36.0
 40
37.0
 40
37.0
 40
37.0
 40
38.0
 40
38.0
 40
38.0
 40
38.0
 10
1362.027317791384
 20
-1089.421678638459
 30
0.0
 10
1362.027317791384
 20
-1089.036718355834
 30
0.0
 10
1361.642357508757
 20
-1088.651816809901
 30
0.0
 10
1361.642357508757
 20
-1088.266856527276
 30
0.0
 10
1327.383006876042
 20
-1097.890276225982
 30
0.0
 10
1293.893459335191
 20
-1110.208241692986
 30
0.0
 10
1260.019068985101
 20
-1120.60152322025
 30
0.0
 10
1260.019068985101
 20
-1120.216562937625
 30
0.0
 10
1259.634108702478
 20
-1119.831661391692
 30
0.0
 10
1259.634108702478
 20
-1119.446701109067
 30
0.0
 10
1260.019068985101
 20
-1118.67683928051
 30
0.0
 10
1260.78893081366
 20
-1117.90697745195
 30
0.0
 10
1261.173832359593
 20
-1117.137056886701
 30
0.0
 10
1256.939504197486
 20
-1119.446701109067
 30
0.0
 10
1252.705234772071
 20
-1122.526148423298
 30
0.0
 10
1247.701044781405
 20
-1124.45083236304
 30
0.0
 10
1233.458395374659
 20
-1129.455022353704
 30
0.0
 10
1219.215745967913
 20
-1134.074252061746
 30
0.0
 10
1204.973037824475
 20
-1138.693481769786
 30
0.0
 10
1202.663393602108
 20
-1139.463343598343
 30
0.0
 10
1200.353808116433
 20
-1139.848303880968
 30
0.0
 10
1198.044163894068
 20
-1140.618165709526
 30
0.0
 10
1198.044163894068
 20
-1140.233205426901
 30
0.0
 10
1197.659203611442
 20
-1139.848303880968
 30
0.0
 10
1197.659203611442
 20
-1139.463343598343
 30
0.0
 10
1199.968847833808
 20
-1136.768797830046
 30
0.0
 10
1202.278433319483
 20
-1133.689291779119
 30
0.0
 10
1204.972979087783
 20
-1130.994746010821
 30
0.0
 10
1202.278433319483
 20
-1132.919429950562
 30
0.0
 10
1199.968789097116
 20
-1135.613975718861
 30
0.0
 10
1197.274243328817
 20
-1137.923619941228
 30
0.0
 10
1194.194737277892
 20
-1140.233264163595
 30
0.0
 10
1191.115231226968
 20
-1142.927809931893
 30
0.0
 10
1187.650823630112
 20
-1144.46753358901
 30
0.0
 10
1176.872581820222
 20
-1148.316901468492
 30
0.0
 10
1166.094340010333
 20
-1151.781309065349
 30
0.0
 10
1155.316156937137
 20
-1155.245775398898
 30
0.0
 10
1153.776433280022
 20
-1155.630735681523
 30
0.0
 10
1151.85174934028
 20
-1155.245775398898
 30
0.0
 10
1149.927065400538
 20
-1154.860815116273
 30
0.0
 10
1148.002381460798
 20
-1156.015637227456
 30
0.0
 10
1145.307835692498
 20
-1158.325222713131
 30
0.0
 10
1142.228329641574
 20
-1159.480044824313
 30
0.0
 10
1131.83504811431
 20
-1163.329412703795
 30
0.0
 10
1121.441766587046
 20
-1166.40891875472
 30
0.0
 10
1111.04842632309
 20
-1169.873326351577
 30
0.0
 10
1109.12374238335
 20
-1170.258286634202
 30
0.0
 10
1107.199058443608
 20
-1170.258286634202
 30
0.0
 10
1104.50451267531
 20
-1170.258286634202
 30
0.0
 10
1101.040105078453
 20
-1173.337792685126
 30
0.0
 10
1074.864391750634
 20
-1183.346113929765
 30
0.0
 10
1070.245162042593
 20
-1182.576252101208
 30
0.0
 10
1071.015023871152
 20
-1181.421429990023
 30
0.0
 10
1071.78488569971
 20
-1180.266607878841
 30
0.0
 10
1072.55480626496
 20
-1179.11184450435
 30
0.0
 10
1067.550616274295
 20
-1186.425619980688
 30
0.0
 10
1059.082018686771
 20
-1187.580442091872
 30
0.0
 10
1050.228460816625
 20
-1190.659948142797
 30
0.0
 10
1054.847690524664
 20
-1191.814770253979
 30
0.0
 10
1057.927196575589
 20
-1192.199671799914
 30
0.0
 10
1061.006702626513
 20
-1192.969592365163
 30
0.0
 10
1061.006702626513
 20
-1192.584632082537
 30
0.0
 10
1061.006702626513
 20
-1192.584632082537
 30
0.0
 10
1061.391662909138
 20
-1192.199730536606
 30
0.0
 10
1060.236840797956
 20
-1191.814770253979
 30
0.0
 10
1058.69711714084
 20
-1191.044908425421
 30
0.0
 10
1057.157334747031
 20
-1190.660006879489
 30
0.0
 10
1057.542295029656
 20
-1190.275046596864
 30
0.0
 10
1057.542295029656
 20
-1189.890145050931
 30
0.0
 10
1057.927196575589
 20
-1189.505184768306
 30
0.0
 10
1069.860260496662
 20
-1185.655816888822
 30
0.0
 10
1082.178225963666
 20
-1181.806449009342
 30
0.0
 10
1094.111231148046
 20
-1177.957081129858
 30
0.0
 10
1097.960599027527
 20
-1176.802259018676
 30
0.0
 10
1101.425006624384
 20
-1175.26253536156
 30
0.0
 10
1105.274374503868
 20
-1177.572120847235
 30
0.0
 10
1105.659334786493
 20
-1177.957081129858
 30
0.0
 10
1106.814098160983
 20
-1177.572120847235
 30
0.0
 10
1108.738782100725
 20
-1177.187160564608
 30
0.0
 10
1106.814098160983
 20
-1176.417298736051
 30
0.0
 10
1105.659276049799
 20
-1175.647436907493
 30
0.0
 10
1104.119552392684
 20
-1175.262476624866
 30
0.0
 10
1104.889414221241
 20
-1174.877516342243
 30
0.0
 10
1104.889414221241
 20
-1174.492614796309
 30
0.0
 10
1105.274374503868
 20
-1174.107654513684
 30
0.0
 10
1116.822478142314
 20
-1170.258286634202
 30
0.0
 10
1127.985621498136
 20
-1166.40891875472
 30
0.0
 10
1139.533725136582
 20
-1163.329412703795
 30
0.0
 10
1148.38728300673
 20
-1161.019768481428
 30
0.0
 10
1156.086018765694
 20
-1155.630676944831
 30
0.0
 10
1165.709438464401
 20
-1156.785499056014
 30
0.0
 10
1166.094398747025
 20
-1156.785499056014
 30
0.0
 10
1166.864260575585
 20
-1156.015637227456
 30
0.0
 10
1167.249162121516
 20
-1155.630676944831
 30
0.0
 10
1168.4039842327
 20
-1154.860815116273
 30
0.0
 10
1169.173846061258
 20
-1153.705993005089
 30
0.0
 10
1170.32866817244
 20
-1153.321032722464
 30
0.0
 10
1189.575507569853
 20
-1146.777119074683
 30
0.0
 10
1209.20730724989
 20
-1141.00306725546
 30
0.0
 10
1228.4541466473
 20
-1134.074193325054
 30
0.0
 10
1242.696796054046
 20
-1129.070003334387
 30
0.0
 10
1257.709366026043
 20
-1125.60559573753
 30
0.0
 10
1271.567055150164
 20
-1119.831543918306
 30
0.0
 10
1279.265790909129
 20
-1116.752037867383
 30
0.0
 10
1287.349486950719
 20
-1114.442452381709
 30
0.0
 10
1295.433124255615
 20
-1112.132808159342
 30
0.0
 10
1300.822215792214
 20
-1110.593084502227
 30
0.0
 10
1306.596267611436
 20
-1109.438262391042
 30
0.0
 10
1312.370319430662
 20
-1107.513578451302
 30
0.0
 10
1317.759410967259
 20
-1105.58889451156
 30
0.0
 10
1322.763600957926
 20
-1102.894348743263
 30
0.0
 10
1327.76779094859
 20
-1100.969664803521
 30
0.0
 10
1338.931110514488
 20
-1097.120414397423
 30
0.0
 10
1350.479214152936
 20
-1093.271046517941
 30
0.0
 10
1362.027317791384
 20
-1089.421678638459
 30
0.0
  0
SPLINE
  5
4C
330
41
100
AcDbEntity
  8
katman 1
370
     0
100
AcDbSpline
210
0.0
220
0.0
230
1.0
 70
    11
 71
     3
 72
    14
 73
    10
 74
     0
 42
0.0000000001
 43
0.0000000001
 12
1.0
 22
0.0
 32
0.0
 13
1.0
 23
0.0
 33
0.0
 40
0.0
 40
0.0
 40
0.0
 40
0.0
 40
1.0
 40
1.0
 40
1.0
 40
2.0
 40
2.0
 40
2.0
 40
3.0
 40
3.0
 40
3.0
 40
3.0
 10
1031.751541984464
 20
-1157.170576812025
 30
0.0
 10
1030.211818327347
 20
-1154.476031043725
 30
0.0
 10
1029.056996216164
 20
-1152.166386821358
 30
0.0
 10
1027.517213822355
 20
-1149.086880770434
 30
0.0
 10
1027.517213822355
 20
-1152.166386821358
 30
0.0
 10
1027.13225353973
 20
-1154.475972307033
 30
0.0
 10
1027.13225353973
 20
-1157.555478357957
 30
0.0
 10
1029.441956498789
 20
-1157.555478357957
 30
0.0
 10
1030.596778609972
 20
-1157.170576812025
 30
0.0
 10
1031.751541984464
 20
-1157.170576812025
 30
0.0
  0
HATCH
  5
4D
330
41
100
AcDbEntity
  8
katman 1
 62
    96
420
    32768
100
AcDbHatch
 10
0.0
 20
0.0
 30
0.0
210
0.0
220
0.0
230
1.0
  2
SOLID
 70
     1
 71
     0
 91
        4
 92
        1
 93
        1
 72
     4
 94
        3
 73
     0
 74
     1
 95
      335
 96
      331
 40
0.0
 40
0.0
 40
0.0
 40
0.0
 40
1.0
 40
1.0
 40
1.0
 40
2.0
 40
2.0
 40
2.0
 40
3.0
 40
3.0
 40
3.0
 40
4.0
 40
4.0
 40
4.0
 40
5.0
 40
5.0
 40
5.0
 40
6.0
 40
6.0
 40
6.0
 40
7.0
 40
7.0
 40
7.0
 40
8.0
 40
8.0
 40
8.0
 40
9.0
 40
9.0
 40
9.0
 40
10.0
 40
10.0
 40
10.0
 40
11.0
 40
11.0
 40
11.0
 40
12.0
 40
12.0
 40
12.0
 40
13.0
 40
13.0
 40
13.0
 40
14.0
 40
14.0
 40
14.0
 40
15.0
 40
15.0
 40
15.0
 40
16.0
 40
16.0
 40
16.0
 40
17.0
 40
17.0
 40
17.0
 40
18.0
 40
18.0
 40
18.0
 40
19.0
 40
19.0
 40
19.0
 40
20.0
 40
20.0
 40
20.0
 40
21.0
 40
21.0
 40
21.0
 40
22.0
 40
22.0
 40
22.0
 40
23.0
 40
23.0
 40
23.0
 40
24.0
 40
24.0
 40
24.0
 40
25.0
 40
25.0
 40
25.0
 40
26.0
 40
26.0
 40
26.0
 40
27.0
 40
27.0
 40
27.0
 40
28.0
 40
28.0
 40
28.0
 40
29.0
 40
29.0
 40
29.0
 40
30.0
 40
30.0
 40
30.0
 40
31.0
 40
31.0
 40
31.0
 40
32.0
 40
32.0
 40
32.0
 40
33.0
 40
33.0
 40
33.0
 40
34.0
 40
34.0
 40
34.0
 40
35.0
 40
35.0
 40
35.0
 40
36.0
 40
36.0
 40
36.0
 40
37.0
 40
37.0
 40
37.0
 40
38.0
 40
38.0
 40
38.0
 40
39.0
 40
39.0
 40
39.0
 40
40.0
 40
40.0
 40
40.0
 40
41.0
 40
41.0
 40
41.0
 40
42.0
 40
42.0
 40
42.0
 40
43.0
 40
43.0
 40
43.0
 40
44.0
 40
44.0
 40
44.0
 40
45.0
 40
45.0
 40
45.0
 40
46.0
 40
46.0
 40
46.0
 40
47.0
 40
47.0
 40
47.0
 40
48.0
 40
48.0
 40
48.0
 40
49.0
 40
49.0
 40
49.0
 40
50.0
 40
50.0
 40
50.0
 40
51.0
 40
51.0
 40
51.0
 40
52.0
 40
52.0
 40
52.0
 40
53.0
 40
53.0
 40
53.0
 40
54.0
 40
54.0
 40
54.0
 40
55.0
 40
55.0
 40
55.0
 40
56.0
 40
56.0
 40
56.0
 40
57.0
 40
57.0
 40
57.0
 40
58.0
 40
58.0
 40
58.0
 40
59.0
 40
59.0
 40
59.0
 40
60.0
 40
60.0
 40
60.0
 40
61.0
 40
61.0
 40
61.0
 40
62.0
 40
62.0
 40
62.0
 40
63.0
 40
63.0
 40
63.0
 40
64.0
 40
64.0
 40
64.0
 40
65.0
 40
65.0
 40
65.0
 40
66.0
 40
66.0
 40
66.0
 40
67.0
 40
67.0
 40
67.0
 40
68.0
 40
68.0
 40
68.0
 40
69.0
 40
69.0
 40
69.0
 40
70.0
 40
70.0
 40
70.0
 40
71.0
 40
71.0
 40
71.0
 40
72.0
 40
72.0
 40
72.0
 40
73.0
 40
73.0
 40
73.0
 40
74.0
 40
74.0
 40
74.0
 40
75.0
 40
75.0
 40
75.0
 40
76.0
 40
76.0
 40
76.0
 40
77.0
 40
77.0
 40
77.0
 40
78.0
 40
78.0
 40
78.0
 40
79.0
 40
79.0
 40
79.0
 40
80.0
 40
80.0
 40
80.0
 40
81.0
 40
81.0
 40
81.0
 40
82.0
 40
82.0
 40
82.0
 40
83.0
 40
83.0
 40
83.0
 40
84.0
 40
84.0
 40
84.0
 40
85.0
 40
85.0
 40
85.0
 40
86.0
 40
86.0
 40
86.0
 40
87.0
 40
87.0
 40
87.0
 40
88.0
 40
88.0
 40
88.0
 40
89.0
 40
89.0
 40
89.0
 40
90.0
 40
90.0
 40
90.0
 40
91.0
 40
91.0
 40
91.0
 40
92.0
 40
92.0
 40
92.0
 40
93.0
 40
93.0
 40
93.0
 40
94.0
 40
94.0
 40
94.0
 40
95.0
 40
95.0
 40
95.0
 40
96.0
 40
96.0
 40
96.0
 40
97.0
 40
97.0
 40
97.0
 40
98.0
 40
98.0
 40
98.0
 40
99.0
 40
99.0
 40
99.0
 40
100.0
 40
100.0
 40
100.0
 40
101.0
 40
101.0
 40
101.0
 40
102.0
 40
102.0
 40
102.0
 40
103.0
 40
103.0
 40
103.0
 40
104.0
 40
104.0
 40
104.0
 40
105.0
 40
105.0
 40
105.0
 40
106.0
 40
106.0
 40
106.0
 40
107.0
 40
107.0
 40
107.0
 40
108.0
 40
108.0
 40
108.0
 40
109.0
 40
109.0
 40
109.0
 40
110.0
 40
110.0
 40
110.0
 40
110.0
 10
1058.312215594906
 20
-1064.400787421824
 10
1065.625991071247
 20
-1040.919619862305
 10
1071.785003173094
 20
-1018.593333150662
 10
1082.948146528917
 20
-996.6518892482582
 10
1084.1029686401
 20
-998.5765731880001
 10
1084.487870186033
 20
-999.7313952991826
 10
1085.257790751282
 20
-1000.50125712774
 10
1085.642751033909
 20
-1001.271118956298
 10
1086.412612862467
 20
-1002.040980784857
 10
1087.182474691024
 20
-1002.810901350107
 10
1087.952336519582
 20
-1002.041039521549
 10
1089.492118913389
 20
-1001.656079238925
 10
1089.877020459324
 20
-1000.50125712774
 10
1095.266111995921
 20
-985.4887165240907
 10
1102.194985926328
 20
-971.2460671173449
 10
1110.663583513851
 20
-957.7732795391566
 10
1112.973227736216
 20
-954.3088425739534
 10
1115.667773504516
 20
-950.8444056087501
 10
1118.362319272816
 20
-947.3799980118929
 10
1119.517141383998
 20
-950.8444349770962
 10
1120.287003212556
 20
-953.9239116596746
 10
1121.44182532374
 20
-957.003417710599
 10
1132.989928962186
 20
-935.446963459166
 10
1144.922992883257
 20
-914.6603710362906
 10
1161.475227775678
 20
-896.183393467436
 10
1162.245089604236
 20
-897.7231464928991
 10
1162.630049886862
 20
-898.8779392357355
 10
1163.39991171542
 20
-899.6478304326392
 10
1163.784871998045
 20
-900.4176922611987
 10
1164.554733826602
 20
-901.1875834581024
 10
1165.709555937785
 20
-902.7273364835637
 10
1171.483607757009
 20
-885.7901119401722
 10
1181.49198773834
 20
-872.7022552762646
 10
1194.194854751277
 20
-859.9993588949801
 10
1195.349676862461
 20
-862.3089737490009
 10
1196.119538691019
 20
-864.233657688741
 10
1197.274360802203
 20
-867.3131637396655
 10
1207.282740783532
 20
-854.9951982726598
 10
1215.751338371056
 20
-841.9073416087522
 10
1228.454264120686
 20
-831.8989909957672
 10
1229.993987777802
 20
-834.9784970466917
 10
1231.148809888986
 20
-837.6730428149895
 10
1232.303632000168
 20
-840.367588583289
 10
1242.312011981499
 20
-828.0496231162833
 10
1252.320333226136
 20
-816.1165591952122
 10
1261.943752924843
 20
-804.5684555567659
 10
1262.328713207469
 20
-804.9533864710447
 10
1263.098575036027
 20
-804.9533864710447
 10
1263.483476581958
 20
-805.3383173853235
 10
1264.253338410517
 20
-808.417823436248
 10
1264.638298693142
 20
-811.8822310331052
 10
1265.4081605217
 20
-814.9617370840297
 10
1265.793120804326
 20
-815.7315989125873
 10
1266.178022350257
 20
-817.2713519380486
 10
1266.947884178815
 20
-817.2713519380486
 10
1267.717746007374
 20
-817.6562828523274
 10
1269.257528401184
 20
-816.8864210237698
 10
1269.642429947115
 20
-816.1165298268661
 10
1280.420671757005
 20
-801.4889201374954
 10
1294.663321163749
 20
-791.0956386102316
 10
1309.675832399054
 20
-781.8571498258043
 10
1315.834844500903
 20
-778.0077819463222
 10
1321.99379786606
 20
-774.1584140668401
 10
1328.152809967907
 20
-770.309046187358
 10
1328.537770250532
 20
-770.6939771016368
 10
1328.922671796467
 20
-771.0789080159157
 10
1329.30763207909
 20
-771.0789080159157
 10
1324.688402371052
 20
-778.0077819463222
 10
1320.06917266301
 20
-785.3215574226615
 10
1315.064982672346
 20
-792.250431353068
 10
1307.366246913381
 20
-803.0286731629567
 10
1299.282550871791
 20
-813.8068856044993
 10
1291.583815112826
 20
-824.9700583286685
 10
1287.349486950719
 20
-831.1290410621696
 10
1287.349486950719
 20
-831.1290410621696
 10
1295.048222709684
 20
-831.8989322590751
 10
1295.818084538241
 20
-831.8989322590751
 10
1296.203044820866
 20
-831.8989322590751
 10
1296.972906649424
 20
-831.8989322590751
 10
1290.044032719017
 20
-847.6813346912822
 10
1280.805573302936
 20
-861.9240134663742
 10
1269.25746966449
 20
-875.3968010445624
 10
1271.18215360423
 20
-876.16666287312
 10
1271.952015432789
 20
-876.5516231557449
 10
1272.721877261347
 20
-876.5516231557449
 10
1279.650751191753
 20
-877.3214849843043
 10
1280.035652737686
 20
-877.3214849843043
 10
1276.956205423456
 20
-883.4804970861514
 10
1270.797193321607
 20
-895.0286007245995
 10
1262.713556016708
 20
-905.4218822518633
 10
1253.475037863936
 20
-915.0453019505694
 10
1252.320215752752
 20
-916.2001240617519
 10
1251.16539364157
 20
-917.739847718869
 10
1249.625669984453
 20
-920.049491941234
 10
1253.09007758131
 20
-920.4344228555128
 10
1255.399721803677
 20
-920.4344228555128
 10
1258.479227854601
 20
-920.8193537697916
 10
1253.090136318002
 20
-930.0578425542226
 10
1248.085946327337
 20
-939.2963313386499
 10
1242.311894508115
 20
-947.7649289261717
 10
1236.537842688891
 20
-956.2335265136935
 10
1229.608968758484
 20
-963.9322622726595
 10
1222.680094828076
 20
-972.7858201428062
 10
1225.759600879002
 20
-972.7858201428062
 10
1228.4541466473
 20
-973.170751057085
 10
1232.303514526782
 20
-973.170751057085
 10
1219.215687231221
 20
-994.3422450258913
 10
1199.968847833808
 20
-1008.969854715264
 10
1182.261732093513
 20
-1027.061872001492
 10
1186.49606025562
 20
-1027.446832284117
 10
1189.19060602392
 20
-1027.446832284117
 10
1192.270112074844
 20
-1027.446832284117
 10
1192.655072357469
 20
-1027.831792566742
 10
1192.655072357469
 20
-1028.216694112674
 10
1193.039973903402
 20
-1028.601654395301
 10
1179.182226042589
 20
-1040.919619862305
 10
1165.324536918468
 20
-1052.852683783378
 10
1151.466789057655
 20
-1065.170649250382
 10
1151.466789057655
 20
-1065.555609533007
 10
1151.85174934028
 20
-1065.940511078939
 10
1151.85174934028
 20
-1066.325471361564
 10
1155.316156937137
 20
-1066.325471361564
 10
1158.780623270686
 20
-1066.325471361564
 10
1162.629991150168
 20
-1066.325471361564
 10
1162.629991150168
 20
-1066.710431644191
 10
1163.014951432793
 20
-1067.095333190122
 10
1163.014951432793
 20
-1067.480293472749
 10
1147.23251963224
 20
-1081.722942879494
 10
1128.755600800079
 20
-1092.886144972008
 10
1111.433445342409
 20
-1105.204110439014
 10
1111.818405625034
 20
-1105.589070721639
 10
1111.818405625034
 20
-1105.973972267571
 10
1112.203307170967
 20
-1106.358932550196
 10
1114.512951393332
 20
-1106.743892832821
 10
1116.822536879006
 20
-1107.128794378754
 10
1119.902042929931
 20
-1107.513754661381
 10
1118.747220818748
 20
-1108.668576772563
 10
1118.362319272816
 20
-1109.823398883746
 10
1117.592398707564
 20
-1110.593260712303
 10
1104.119611129376
 20
-1121.371502522194
 10
1090.646823551189
 20
-1131.764784049457
 10
1077.558996255626
 20
-1142.543025859346
 10
1076.789134427068
 20
-1143.312887687904
 10
1076.404174144442
 20
-1144.852670081713
 10
1075.634312315884
 20
-1145.62253191027
 10
1076.789134427068
 20
-1146.007492192895
 10
1077.943956538251
 20
-1146.777354021453
 10
1078.713818366808
 20
-1146.777354021453
 10
1081.408364135108
 20
-1147.162314304078
 10
1084.872830468657
 20
-1146.007492192895
 10
1085.642692297215
 20
-1150.24176161831
 10
1088.337238065515
 20
-1148.702037961193
 10
1090.646882287881
 20
-1147.547215850011
 10
1093.341428056181
 20
-1146.007433456201
 10
1093.341428056181
 20
-1147.932117395943
 10
1093.341428056181
 20
-1149.471841053059
 10
1093.341428056181
 20
-1152.16644555805
 10
1110.278623231225
 20
-1141.003302202229
 10
1126.446015314405
 20
-1130.22506039234
 10
1142.613348660892
 20
-1119.446818582452
 10
1142.998308943517
 20
-1119.831778865077
 10
1143.38321048945
 20
-1119.831778865077
 10
1143.768170772075
 20
-1120.216680411009
 10
1143.38321048945
 20
-1122.911226179309
 10
1142.613348660892
 20
-1125.220870401676
 10
1141.843486832335
 20
-1129.070238281158
 10
1156.855998067638
 20
-1119.061858299827
 10
1170.713745928451
 20
-1109.823398883746
 10
1184.18653350664
 20
-1100.584939467666
 10
1184.571493789264
 20
-1100.969899750291
 10
1184.956395335197
 20
-1101.354801296224
 10
1185.341355617822
 20
-1101.739761578849
 10
1184.956395335197
 20
-1102.894583690031
 10
1184.18653350664
 20
-1103.664445518589
 10
1183.801631960707
 20
-1104.819267629773
 10
1183.416671678082
 20
-1105.974089740956
 10
1183.801631960707
 20
-1107.12891185214
 10
1183.801631960707
 20
-1108.28367522663
 10
1184.956454071889
 20
-1108.28367522663
 10
1185.726315900447
 20
-1108.28367522663
 10
1186.881138011631
 20
-1107.898714944005
 10
1202.663569812186
 20
-1100.584939467666
 10
1218.061041330115
 20
-1093.65606553726
 10
1233.843414393976
 20
-1086.342231324226
 10
1236.537960162275
 20
-1085.187409213044
 10
1239.6174662132
 20
-1084.802507667111
 10
1242.696972264124
 20
-1084.032587101861
 10
1241.157248607007
 20
-1086.342231324226
 10
1240.002426495825
 20
-1088.266915263968
 10
1238.847604384642
 20
-1090.576500749641
 10
1239.232564667267
 20
-1090.961461032268
 10
1239.6174662132
 20
-1091.346362578201
 10
1239.6174662132
 20
-1092.116224406758
 10
1259.249265893235
 20
-1084.802448930419
 10
1278.496105290647
 20
-1077.103713171455
 10
1300.052530173733
 20
-1074.409108666463
 10
1299.667569891109
 20
-1075.948832323578
 10
1298.89770806255
 20
-1077.103654434761
 10
1299.282668345175
 20
-1077.488614717386
 10
1300.052530173733
 20
-1078.64343682857
 10
1301.592312567542
 20
-1080.183160485685
 10
1302.362174396099
 20
-1079.798258939752
 10
1310.060910155065
 20
-1077.488614717386
 10
1317.374685631403
 20
-1074.794068949088
 10
1325.073421390367
 20
-1072.869385009346
 10
1330.462512926966
 20
-1071.329661352231
 10
1336.23656474619
 20
-1071.329661352231
 10
1342.395576848037
 20
-1070.174839241048
 10
1341.62571501948
 20
-1073.254345291971
 10
1340.855853190922
 20
-1075.179029231713
 10
1340.085932625672
 20
-1077.488614717386
 10
1351.63403626412
 20
-1074.794068949088
 10
1362.797179619942
 20
-1072.484424726721
 10
1374.345283258388
 20
-1069.789878958421
 10
1373.960322975763
 20
-1072.099523180788
 10
1373.960322975763
 20
-1073.254286555279
 10
1373.575421429829
 20
-1074.794068949088
 10
1373.960381712455
 20
-1074.794068949088
 10
1374.730243541013
 20
-1075.179029231713
 10
1375.115145086946
 20
-1075.179029231713
 10
1380.88919690617
 20
-1074.409167403155
 10
1386.663248725392
 20
-1073.639305574598
 10
1392.052340261991
 20
-1072.484483463413
 10
1396.671569970031
 20
-1071.714621634856
 10
1400.90589813214
 20
-1070.174839241048
 10
1405.525127840177
 20
-1069.020075866556
 10
1408.989535437035
 20
-1068.250214037998
 10
1412.454001770584
 20
-1067.865253755373
 10
1415.918409367441
 20
-1067.095391926816
 10
1421.30750090404
 20
-1066.325530098256
 10
1426.311690894705
 20
-1065.555668269699
 10
1431.700841167996
 20
-1064.785747704449
 10
1435.935169330103
 20
-1064.015885875891
 10
1440.169438755518
 20
-1063.246024047334
 10
1444.403766917627
 20
-1062.861063764707
 10
1445.173628746184
 20
-1062.861063764707
 10
1446.328450857367
 20
-1062.861063764707
 10
1447.483272968551
 20
-1064.015885875891
 10
1426.311749631399
 20
-1072.484483463413
 10
1405.525186576871
 20
-1080.568179505004
 10
1382.81388084591
 20
-1089.421737375151
 10
1387.048209008019
 20
-1091.731381597518
 10
1390.127656322249
 20
-1093.271105254633
 10
1394.746944766983
 20
-1095.965651022932
 10
1380.119335077612
 20
-1101.739702842156
 10
1366.261645953491
 20
-1106.743892832821
 10
1352.403898092678
 20
-1112.13298436942
 10
1353.943621749793
 20
-1113.672708026535
 10
1355.868305689535
 20
-1115.212490420345
 10
1358.562910194527
 20
-1117.907036188644
 10
1344.320260787779
 20
-1123.681088007866
 10
1330.847473209593
 20
-1128.685277998531
 10
1316.21986352022
 20
-1134.459329817755
 10
1318.529507742587
 20
-1135.999053474872
 10
1320.069231399702
 20
-1136.768974040122
 10
1322.378875622069
 20
-1138.308697697237
 10
1309.291048326506
 20
-1142.927927405279
 10
1297.74294468806
 20
-1149.856801335685
 10
1282.730374716062
 20
-1150.24176161831
 10
1284.270098373179
 20
-1152.16644555805
 10
1285.040018938429
 20
-1153.321267669235
 10
1286.194782312919
 20
-1154.86099132635
 10
1264.638298693142
 20
-1164.099450742431
 10
1242.312011981499
 20
-1168.718739187163
 10
1218.83084442198
 20
-1174.107830723762
 10
1221.140488644345
 20
-1175.262652834945
 10
1223.065172584087
 20
-1176.417474946127
 10
1226.529580180944
 20
-1177.957198603244
 10
1219.600706250538
 20
-1179.881882542984
 10
1213.826654431314
 20
-1182.191526765351
 10
1207.667701066159
 20
-1183.731250422468
 10
1202.27860952956
 20
-1185.270974079584
 10
1197.274419538895
 20
-1186.040894644833
 10
1191.885269265604
 20
-1187.195658019325
 10
1184.956395335197
 20
-1188.350480130508
 10
1178.027521404791
 20
-1188.735381676441
 10
1171.098706211076
 20
-1189.505302241691
 10
1169.558982553961
 20
-1189.505302241691
 10
1168.019200160152
 20
-1190.275164070248
 10
1166.479476503036
 20
-1190.660124352875
 10
1167.249338331594
 20
-1192.19984800999
 10
1168.404160442777
 20
-1193.354670121174
 10
1169.558982553961
 20
-1195.664314343539
 10
1147.232637105624
 20
-1199.128721940397
 10
1124.906291657289
 20
-1200.283544051581
 10
1101.425182834462
 20
-1201.053405880139
 10
1102.580004945645
 20
-1202.978089819879
 10
1103.349866774204
 20
-1204.517813476996
 10
1104.889590431319
 20
-1206.827457699361
 10
1090.646941024574
 20
-1206.442497416736
 10
1077.559054992318
 20
-1205.672635588178
 10
1064.08626741413
 20
-1205.287734042246
 10
1055.617669826608
 20
-1204.902773759619
 10
1047.149072239084
 20
-1204.517872213688
 10
1038.680415914871
 20
-1204.517872213688
 10
1028.67203593354
 20
-1204.902832496313
 10
1018.663714688901
 20
-1205.67269432487
 10
1009.040294990195
 20
-1206.442556153428
 10
1007.500541964733
 20
-1206.442556153428
 10
1005.96078893927
 20
-1206.442556153428
 10
1002.881312256693
 20
-1206.442556153428
 10
1032.136502267089
 20
-1189.505360978383
 10
1057.927255312281
 20
-1169.873561298347
 10
1084.1029686401
 20
-1150.626721900935
 10
1083.718008357475
 20
-1149.856860072377
 10
1083.333106811542
 20
-1149.08699824382
 10
1082.948146528917
 20
-1148.317077678568
 10
1068.70549712217
 20
-1154.86099132635
 10
1055.232709543983
 20
-1163.329588913872
 10
1041.37496168317
 20
-1171.028324672838
 10
1027.517213822355
 20
-1179.112020714427
 10
1014.429386526794
 20
-1188.350480130508
 10
1000.956598948605
 20
-1197.204038000655
 10
1014.044426244167
 20
-1166.024134682171
 10
1020.203438346016
 20
-1132.149744332082
 10
1030.211818327347
 20
-1098.660196791232
 10
1031.751541984464
 20
-1100.969841013597
 10
1032.521462549714
 20
-1102.124604388089
 10
1034.446146489456
 20
-1105.204110439014
 10
1035.600968600638
 20
-1103.279426499272
 10
1036.370830429196
 20
-1102.124604388089
 10
1036.755790711821
 20
-1100.584880730974
 10
1040.605158591305
 20
-1090.576500749641
 10
1044.454526470785
 20
-1080.568179505004
 10
1048.303894350269
 20
-1070.944759806298
 10
1050.228578290009
 20
-1066.325530098256
 10
1052.153262229751
 20
-1062.091201936149
 10
1054.077946169491
 20
-1057.47197222811
 10
1054.462847715424
 20
-1060.551419542342
 10
1056.387531655166
 20
-1062.476103482082
 10
1058.312215594906
 20
-1064.400787421824
 97
        0
 97
        0
 92
        1
 93
        1
 72
     4
 94
        3
 73
     0
 74
     1
 95
      218
 96
      214
 40
0.0
 40
0.0
 40
0.0
 40
0.0
 40
1.0
 40
1.0
 40
1.0
 40
2.0
 40
2.0
 40
2.0
 40
3.0
 40
3.0
 40
3.0
 40
4.0
 40
4.0
 40
4.0
 40
5.0
 40
5.0
 40
5.0
 40
6.0
 40
6.0
 40
6.0
 40
7.0
 40
7.0
 40
7.0
 40
8.0
 40
8.0
 40
8.0
 40
9.0
 40
9.0
 40
9.0
 40
10.0
 40
10.0
 40
10.0
 40
11.0
 40
11.0
 40
11.0
 40
12.0
 40
12.0
 40
12.0
 40
13.0
 40
13.0
 40
13.0
 40
14.0
 40
14.0
 40
14.0
 40
15.0
 40
15.0
 40
15.0
 40
16.0
 40
16.0
 40
16.0
 40
17.0
 40
17.0
 40
17.0
 40
18.0
 40
18.0
 40
18.0
 40
19.0
 40
19.0
 40
19.0
 40
20.0
 40
20.0
 40
20.0
 40
21.0
 40
21.0
 40
21.0
 40
22.0
 40
22.0
 40
22.0
 40
23.0
 40
23.0
 40
23.0
 40
24.0
 40
24.0
 40
24.0
 40
25.0
 40
25.0
 40
25.0
 40
26.0
 40
26.0
 40
26.0
 40
27.0
 40
27.0
 40
27.0
 40
28.0
 40
28.0
 40
28.0
 40
29.0
 40
29.0
 40
29.0
 40
30.0
 40
30.0
 40
30.0
 40
31.0
 40
31.0
 40
31.0
 40
32.0
 40
32.0
 40
32.0
 40
33.0
 40
33.0
 40
33.0
 40
34.0
 40
34.0
 40
34.0
 40
35.0
 40
35.0
 40
35.0
 40
36.0
 40
36.0
 40
36.0
 40
37.0
 40
37.0
 40
37.0
 40
38.0
 40
38.0
 40
38.0
 40
39.0
 40
39.0
 40
39.0
 40
40.0
 40
40.0
 40
40.0
 40
41.0
 40
41.0
 40
41.0
 40
42.0
 40
42.0
 40
42.0
 40
43.0
 40
43.0
 40
43.0
 40
44.0
 40
44.0
 40
44.0
 40
45.0
 40
45.0
 40
45.0
 40
46.0
 40
46.0
 40
46.0
 40
47.0
 40
47.0
 40
47.0
 40
48.0
 40
48.0
 40
48.0
 40
49.0
 40
49.0
 40
49.0
 40
50.0
 40
50.0
 40
50.0
 40
51.0
 40
51.0
 40
51.0
 40
52.0
 40
52.0
 40
52.0
 40
53.0
 40
53.0
 40
53.0
 40
54.0
 40
54.0
 40
54.0
 40
55.0
 40
55.0
 40
55.0
 40
56.0
 40
56.0
 40
56.0
 40
57.0
 40
57.0
 40
57.0
 40
58.0
 40
58.0
 40
58.0
 40
59.0
 40
59.0
 40
59.0
 40
60.0
 40
60.0
 40
60.0
 40
61.0
 40
61.0
 40
61.0
 40
62.0
 40
62.0
 40
62.0
 40
63.0
 40
63.0
 40
63.0
 40
64.0
 40
64.0
 40
64.0
 40
65.0
 40
65.0
 40
65.0
 40
66.0
 40
66.0
 40
66.0
 40
67.0
 40
67.0
 40
67.0
 40
68.0
 40
68.0
 40
68.0
 40
69.0
 40
69.0
 40
69.0
 40
70.0
 40
70.0
 40
70.0
 40
71.0
 40
71.0
 40
71.0
 40
71.0
 10
1120.287003212556
 20
-1032.06612072885
 10
1119.902042929931
 20
-1032.06612072885
 10
1119.132181101373
 20
-1032.06612072885
 10
1118.74727955544
 20
-1032.06612072885
 10
1118.74727955544
 20
-1023.597523141327
 10
1118.74727955544
 20
-1015.128925553805
 10
1118.74727955544
 20
-1006.275367683656
 10
1118.362319272816
 20
-1006.275367683656
 10
1117.592457444258
 20
-1006.275367683656
 10
1117.207555898323
 20
-1006.275367683656
 10
1117.207555898323
 20
-1010.509695845765
 10
1117.207555898323
 20
-1014.74396527118
 10
1117.207555898323
 20
-1018.978293433287
 10
1117.207555898323
 20
-1027.831851303436
 10
1117.977417726883
 20
-1036.685409173582
 10
1111.048543796476
 20
-1043.999184649922
 10
1106.04435380581
 20
-1049.388276186521
 10
1101.810084380395
 20
-1055.932248570993
 10
1097.190795935661
 20
-1061.706300390217
 10
1092.956467773554
 20
-1067.480352209441
 10
1088.72219834814
 20
-1073.254404028663
 10
1084.1029686401
 20
-1078.643495565262
 10
1083.718008357475
 20
-1078.643495565262
 10
1083.333106811542
 20
-1078.258535282637
 10
1082.948146528917
 20
-1078.258535282637
 10
1082.948146528917
 20
-1071.714621634856
 10
1082.948146528917
 20
-1065.170707987074
 10
1082.948146528917
 20
-1058.241834056667
 10
1082.563186246291
 20
-1058.241834056667
 10
1081.793324417733
 20
-1058.241834056667
 10
1081.4084228718
 20
-1058.241834056667
 10
1081.4084228718
 20
-1065.555609533007
 10
1081.4084228718
 20
-1072.484483463413
 10
1081.4084228718
 20
-1079.798317676446
 10
1081.4084228718
 20
-1081.338041333562
 10
1080.638561043243
 20
-1083.262725273304
 10
1079.48373893206
 20
-1084.802507667111
 10
1072.939825284278
 20
-1094.04096708319
 10
1066.010951353872
 20
-1103.279485235964
 10
1059.082077423465
 20
-1112.133043106112
 10
1058.69711714084
 20
-1112.90290493467
 10
1057.542353766348
 20
-1113.287865217295
 10
1056.387531655166
 20
-1114.442687328479
 10
1056.002571372541
 20
-1110.208359166372
 10
1055.232709543983
 20
-1106.743951569515
 10
1054.847807998049
 20
-1103.279543972658
 10
1054.462847715424
 20
-1103.279543972658
 10
1053.692985886866
 20
-1103.279543972658
 10
1053.308084340933
 20
-1102.894583690031
 10
1057.157452220416
 20
-1115.212549157037
 10
1050.613538572634
 20
-1124.066107027185
 10
1043.299704359602
 20
-1132.534704614707
 10
1040.605158591305
 20
-1135.614210665632
 10
1038.680474651563
 20
-1139.078618262489
 10
1036.370830429196
 20
-1142.543084596038
 10
1045.609289845277
 20
-1132.534704614707
 10
1052.538163775684
 20
-1119.831837601769
 10
1068.320595576239
 20
-1118.292055207961
 10
1067.935635293612
 20
-1117.907094925336
 10
1067.550733747679
 20
-1117.137233096779
 10
1067.550733747679
 20
-1116.752331550844
 10
1063.701365868197
 20
-1117.907153662029
 10
1060.23695827134
 20
-1119.061975773211
 10
1055.232768280675
 20
-1120.601699430328
 10
1056.387590391858
 20
-1118.677015490586
 10
1056.772491937791
 20
-1117.522193379402
 10
1057.54241250304
 20
-1116.752331550844
 10
1064.471286433447
 20
-1107.898773680698
 10
1071.400160363854
 20
-1099.045215810549
 10
1077.944074011637
 20
-1090.191716677095
 10
1080.638619779935
 20
-1086.342348797612
 10
1084.103086113484
 20
-1084.41766485787
 10
1088.722315821524
 20
-1082.877941200755
 10
1094.496367640748
 20
-1080.953257261013
 10
1100.270419459972
 20
-1078.643613038646
 10
1105.659510996569
 20
-1076.718929098906
 10
1105.659510996569
 20
-1076.333968816281
 10
1105.274550713944
 20
-1075.949067270349
 10
1105.274550713944
 20
-1075.564106987724
 10
1098.730637066163
 20
-1077.488790927464
 10
1092.571624964316
 20
-1079.413474867206
 10
1084.87288920535
 20
-1081.723119089573
 10
1086.027711316532
 20
-1079.413474867206
 10
1086.412612862467
 20
-1078.643613038646
 10
1087.182533427716
 20
-1077.873751210089
 10
1094.111407358123
 20
-1069.020193339942
 10
1100.655321005905
 20
-1059.781733923861
 10
1107.584194936311
 20
-1051.313136336339
 10
1109.508878876051
 20
-1048.61859056804
 10
1112.973286472909
 20
-1047.078808174232
 10
1116.052792523833
 20
-1045.539084517115
 10
1122.211804625682
 20
-1043.229440294748
 10
1128.755718273464
 20
-1041.304756355008
 10
1134.91467163862
 20
-1038.995170869333
 10
1134.91467163862
 20
-1038.610210586708
 10
1134.529711355994
 20
-1038.225309040776
 10
1134.529711355994
 20
-1037.840348758151
 10
1127.985797708214
 20
-1039.765032697891
 10
1121.441884060432
 20
-1041.689716637633
 10
1114.513010130026
 20
-1043.614400577375
 10
1114.513010130026
 20
-1041.689716637633
 10
1114.89797041265
 20
-1040.919854809075
 10
1115.667832241208
 20
-1040.149992980518
 10
1126.830975597029
 20
-1025.522383291145
 10
1137.60921740692
 20
-1010.894773601774
 10
1148.772419499433
 20
-996.6521241950286
 10
1150.697103439174
 20
-993.957578426729
 10
1154.161511036031
 20
-992.8027563155465
 10
1157.241017086955
 20
-991.2630326584294
 10
1159.935562855255
 20
-990.1082105472469
 10
1162.630108623554
 20
-989.3383487186893
 10
1165.324713128546
 20
-988.5684868901317
 10
1165.324713128546
 20
-988.1835266075068
 10
1164.939752845919
 20
-987.7986250615722
 10
1164.939752845919
 20
-987.4136647789473
 10
1161.860246794997
 20
-988.1835266075068
 10
1158.78074074407
 20
-988.5684868901317
 10
1155.316333147215
 20
-989.3383487186893
 10
1158.010878915513
 20
-983.9492278137441
 10
1161.090384966437
 20
-979.7149290199832
 10
1164.169891017362
 20
-975.8655611405011
 10
1171.098764947768
 20
-967.0120032703526
 10
1178.412540424108
 20
-958.5434056828308
 10
1184.571552525957
 20
-949.3049168984035
 10
1188.805880688065
 20
-942.7610032506236
 10
1193.810011942038
 20
-938.9116353711397
 10
1200.738885872444
 20
-936.9869514313996
 10
1204.203293469302
 20
-935.8321293202152
 10
1207.282799520226
 20
-934.2924056631
 10
1210.362305571151
 20
-932.7526526376387
 10
1210.362305571151
 20
-932.3677217233599
 10
1209.977345288524
 20
-932.3677217233599
 10
1209.977345288524
 20
-931.9827908090792
 10
1204.973155297859
 20
-933.9074747488212
 10
1199.968965307195
 20
-935.4472277742825
 10
1194.194913487971
 20
-937.3719117140245
 10
1194.579873770595
 20
-936.2170896028401
 10
1194.579873770595
 20
-935.4472277742825
 10
1194.964775316528
 20
-935.0622968600037
 10
1199.199103478635
 20
-929.6731759550566
 10
1203.048471358117
 20
-923.8991241358326
 10
1207.282740783532
 20
-918.5100032308874
 10
1216.521200199613
 20
-907.3468305067199
 10
1222.680212301462
 20
-893.4891120142529
 10
1237.307821990833
 20
-887.7150601950307
 10
1237.307821990833
 20
-887.7150601950307
 10
1237.307821990833
 20
-887.3301292807519
 10
1237.692782273458
 20
-886.5602380838463
 10
1234.99823650516
 20
-887.7150601950307
 10
1232.303690736861
 20
-888.4849220235883
 10
1229.994046514494
 20
-889.6397441347708
 10
1229.994046514494
 20
-889.254813220492
 10
1229.609086231869
 20
-889.254813220492
 10
1229.609086231869
 20
-888.8698823062132
 10
1243.466834092682
 20
-870.0079738230816
 10
1257.709483499428
 20
-851.1460653399481
 10
1271.567172623549
 20
-832.6691171394414
 10
1271.182212340924
 20
-832.2841862251626
 10
1270.797310794991
 20
-832.2841862251626
 10
1270.412350512364
 20
-831.8992553108837
 10
1266.178022350257
 20
-837.2883762158272
 10
1261.943752924843
 20
-842.6774971207724
 10
1257.324523216803
 20
-848.4515489399946
 10
1256.554661388245
 20
-846.5268650002545
 10
1256.16970110562
 20
-845.7570031716969
 10
1255.784799559686
 20
-844.6021810605125
 10
1255.014937731128
 20
-851.5310549909191
 10
1251.165569851648
 20
-856.9201465275182
 10
1247.316201972164
 20
-861.9243365181828
 10
1240.772288324384
 20
-870.3929341057064
 10
1234.228374676601
 20
-878.8615610615743
 10
1227.684402292129
 20
-887.7150895633768
 10
1224.219994695271
 20
-892.3343192714165
 10
1220.370626815788
 20
-895.7987562366197
 10
1216.906160482238
 20
-900.8029462272862
 10
1208.822464440649
 20
-913.5058719769149
 10
1199.199044741943
 20
-925.053975615363
 10
1189.960585325862
 20
-936.9870101680917
 10
1188.805763214679
 20
-938.526763193553
 10
1187.266039557564
 20
-939.6815559363913
 10
1185.341355617822
 20
-941.9912001587581
 10
1186.111217446381
 20
-935.0623262283498
 10
1186.496177729005
 20
-929.6732346917488
 10
1187.266039557564
 20
-924.2841137868054
 10
1186.881079274939
 20
-924.2841137868054
 10
1186.111217446381
 20
-924.2841137868054
 10
1185.726315900447
 20
-924.2841137868054
 10
1185.726315900447
 20
-926.9786595551031
 10
1185.726315900447
 20
-929.6732346917488
 10
1185.341355617822
 20
-932.367780460052
 10
1184.18653350664
 20
-939.6815853047374
 10
1183.416671678082
 20
-947.3803210637016
 10
1177.642619858858
 20
-953.5393037972044
 10
1173.793251979376
 20
-957.7736025909653
 10
1170.328844382519
 20
-962.7777925816299
 10
1166.864378048969
 20
-967.3970222896714
 10
1162.630049886862
 20
-972.7861431946149
 10
1158.395780461447
 20
-978.1752640995601
 10
1154.161452299339
 20
-983.9493159187841
 10
1153.776492016714
 20
-983.9493159187841
 10
1153.391590470781
 20
-983.5643850045053
 10
1153.006630188156
 20
-983.5643850045053
 10
1153.006630188156
 20
-979.3300862107426
 10
1153.006630188156
 20
-975.0957874169817
 10
1153.006630188156
 20
-970.8614592548747
 10
1151.851808076972
 20
-974.325896220078
 10
1151.851808076972
 20
-978.1752640995601
 10
1151.081946248414
 20
-981.6397010647634
 10
1150.696985965789
 20
-984.7192071156878
 10
1150.312084419857
 20
-988.5685456268238
 10
1148.387400480115
 20
-991.2631501318156
 10
1140.68866472115
 20
-1005.505447118407
 10
1130.295383193887
 20
-1018.593333150662
 10
1120.287003212556
 20
-1032.06612072885
 97
        0
 97
        0
 92
        1
 93
        1
 72
     4
 94
        3
 73
     0
 74
     1
 95
      119
 96
      115
 40
0.0
 40
0.0
 40
0.0
 40
0.0
 40
1.0
 40
1.0
 40
1.0
 40
2.0
 40
2.0
 40
2.0
 40
3.0
 40
3.0
 40
3.0
 40
4.0
 40
4.0
 40
4.0
 40
5.0
 40
5.0
 40
5.0
 40
6.0
 40
6.0
 40
6.0
 40
7.0
 40
7.0
 40
7.0
 40
8.0
 40
8.0
 40
8.0
 40
9.0
 40
9.0
 40
9.0
 40
10.0
 40
10.0
 40
10.0
 40
11.0
 40
11.0
 40
11.0
 40
12.0
 40
12.0
 40
12.0
 40
13.0
 40
13.0
 40
13.0
 40
14.0
 40
14.0
 40
14.0
 40
15.0
 40
15.0
 40
15.0
 40
16.0
 40
16.0
 40
16.0
 40
17.0
 40
17.0
 40
17.0
 40
18.0
 40
18.0
 40
18.0
 40
19.0
 40
19.0
 40
19.0
 40
20.0
 40
20.0
 40
20.0
 40
21.0
 40
21.0
 40
21.0
 40
22.0
 40
22.0
 40
22.0
 40
23.0
 40
23.0
 40
23.0
 40
24.0
 40
24.0
 40
24.0
 40
25.0
 40
25.0
 40
25.0
 40
26.0
 40
26.0
 40
26.0
 40
27.0
 40
27.0
 40
27.0
 40
28.0
 40
28.0
 40
28.0
 40
29.0
 40
29.0
 40
29.0
 40
30.0
 40
30.0
 40
30.0
 40
31.0
 40
31.0
 40
31.0
 40
32.0
 40
32.0
 40
32.0
 40
33.0
 40
33.0
 40
33.0
 40
34.0
 40
34.0
 40
34.0
 40
35.0
 40
35.0
 40
35.0
 40
36.0
 40
36.0
 40
36.0
 40
37.0
 40
37.0
 40
37.0
 40
38.0
 40
38.0
 40
38.0
 40
38.0
 10
1362.027317791384
 20
-1089.421678638459
 10
1362.027317791384
 20
-1089.036718355834
 10
1361.642357508757
 20
-1088.651816809901
 10
1361.642357508757
 20
-1088.266856527276
 10
1327.383006876042
 20
-1097.890276225982
 10
1293.893459335191
 20
-1110.208241692986
 10
1260.019068985101
 20
-1120.60152322025
 10
1260.019068985101
 20
-1120.216562937625
 10
1259.634108702478
 20
-1119.831661391692
 10
1259.634108702478
 20
-1119.446701109067
 10
1260.019068985101
 20
-1118.67683928051
 10
1260.78893081366
 20
-1117.90697745195
 10
1261.173832359593
 20
-1117.137056886701
 10
1256.939504197486
 20
-1119.446701109067
 10
1252.705234772071
 20
-1122.526148423298
 10
1247.701044781405
 20
-1124.45083236304
 10
1233.458395374659
 20
-1129.455022353704
 10
1219.215745967913
 20
-1134.074252061746
 10
1204.973037824475
 20
-1138.693481769786
 10
1202.663393602108
 20
-1139.463343598343
 10
1200.353808116433
 20
-1139.848303880968
 10
1198.044163894068
 20
-1140.618165709526
 10
1198.044163894068
 20
-1140.233205426901
 10
1197.659203611442
 20
-1139.848303880968
 10
1197.659203611442
 20
-1139.463343598343
 10
1199.968847833808
 20
-1136.768797830046
 10
1202.278433319483
 20
-1133.689291779119
 10
1204.972979087783
 20
-1130.994746010821
 10
1202.278433319483
 20
-1132.919429950562
 10
1199.968789097116
 20
-1135.613975718861
 10
1197.274243328817
 20
-1137.923619941228
 10
1194.194737277892
 20
-1140.233264163595
 10
1191.115231226968
 20
-1142.927809931893
 10
1187.650823630112
 20
-1144.46753358901
 10
1176.872581820222
 20
-1148.316901468492
 10
1166.094340010333
 20
-1151.781309065349
 10
1155.316156937137
 20
-1155.245775398898
 10
1153.776433280022
 20
-1155.630735681523
 10
1151.85174934028
 20
-1155.245775398898
 10
1149.927065400538
 20
-1154.860815116273
 10
1148.002381460798
 20
-1156.015637227456
 10
1145.307835692498
 20
-1158.325222713131
 10
1142.228329641574
 20
-1159.480044824313
 10
1131.83504811431
 20
-1163.329412703795
 10
1121.441766587046
 20
-1166.40891875472
 10
1111.04842632309
 20
-1169.873326351577
 10
1109.12374238335
 20
-1170.258286634202
 10
1107.199058443608
 20
-1170.258286634202
 10
1104.50451267531
 20
-1170.258286634202
 10
1101.040105078453
 20
-1173.337792685126
 10
1074.864391750634
 20
-1183.346113929765
 10
1070.245162042593
 20
-1182.576252101208
 10
1071.015023871152
 20
-1181.421429990023
 10
1071.78488569971
 20
-1180.266607878841
 10
1072.55480626496
 20
-1179.11184450435
 10
1067.550616274295
 20
-1186.425619980688
 10
1059.082018686771
 20
-1187.580442091872
 10
1050.228460816625
 20
-1190.659948142797
 10
1054.847690524664
 20
-1191.814770253979
 10
1057.927196575589
 20
-1192.199671799914
 10
1061.006702626513
 20
-1192.969592365163
 10
1061.006702626513
 20
-1192.584632082537
 10
1061.006702626513
 20
-1192.584632082537
 10
1061.391662909138
 20
-1192.199730536606
 10
1060.236840797956
 20
-1191.814770253979
 10
1058.69711714084
 20
-1191.044908425421
 10
1057.157334747031
 20
-1190.660006879489
 10
1057.542295029656
 20
-1190.275046596864
 10
1057.542295029656
 20
-1189.890145050931
 10
1057.927196575589
 20
-1189.505184768306
 10
1069.860260496662
 20
-1185.655816888822
 10
1082.178225963666
 20
-1181.806449009342
 10
1094.111231148046
 20
-1177.957081129858
 10
1097.960599027527
 20
-1176.802259018676
 10
1101.425006624384
 20
-1175.26253536156
 10
1105.274374503868
 20
-1177.572120847235
 10
1105.659334786493
 20
-1177.957081129858
 10
1106.814098160983
 20
-1177.572120847235
 10
1108.738782100725
 20
-1177.187160564608
 10
1106.814098160983
 20
-1176.417298736051
 10
1105.659276049799
 20
-1175.647436907493
 10
1104.119552392684
 20
-1175.262476624866
 10
1104.889414221241
 20
-1174.877516342243
 10
1104.889414221241
 20
-1174.492614796309
 10
1105.274374503868
 20
-1174.107654513684
 10
1116.822478142314
 20
-1170.258286634202
 10
1127.985621498136
 20
-1166.40891875472
 10
1139.533725136582
 20
-1163.329412703795
 10
1148.38728300673
 20
-1161.019768481428
 10
1156.086018765694
 20
-1155.630676944831
 10
1165.709438464401
 20
-1156.785499056014
 10
1166.094398747025
 20
-1156.785499056014
 10
1166.864260575585
 20
-1156.015637227456
 10
1167.249162121516
 20
-1155.630676944831
 10
1168.4039842327
 20
-1154.860815116273
 10
1169.173846061258
 20
-1153.705993005089
 10
1170.32866817244
 20
-1153.321032722464
 10
1189.575507569853
 20
-1146.777119074683
 10
1209.20730724989
 20
-1141.00306725546
 10
1228.4541466473
 20
-1134.074193325054
 10
1242.696796054046
 20
-1129.070003334387
 10
1257.709366026043
 20
-1125.60559573753
 10
1271.567055150164
 20
-1119.831543918306
 10
1279.265790909129
 20
-1116.752037867383
 10
1287.349486950719
 20
-1114.442452381709
 10
1295.433124255615
 20
-1112.132808159342
 10
1300.822215792214
 20
-1110.593084502227
 10
1306.596267611436
 20
-1109.438262391042
 10
1312.370319430662
 20
-1107.513578451302
 10
1317.759410967259
 20
-1105.58889451156
 10
1322.763600957926
 20
-1102.894348743263
 10
1327.76779094859
 20
-1100.969664803521
 10
1338.931110514488
 20
-1097.120414397423
 10
1350.479214152936
 20
-1093.271046517941
 10
1362.027317791384
 20
-1089.421678638459
 97
        0
 97
        0
 92
        1
 93
        1
 72
     4
 94
        3
 73
     0
 74
     1
 95
       14
 96
       10
 40
0.0
 40
0.0
 40
0.0
 40
0.0
 40
1.0
 40
1.0
 40
1.0
 40
2.0
 40
2.0
 40
2.0
 40
3.0
 40
3.0
 40
3.0
 40
3.0
 10
1031.751541984464
 20
-1157.170576812025
 10
1030.211818327347
 20
-1154.476031043725
 10
1029.056996216164
 20
-1152.166386821358
 10
1027.517213822355
 20
-1149.086880770434
 10
1027.517213822355
 20
-1152.166386821358
 10
1027.13225353973
 20
-1154.475972307033
 10
1027.13225353973
 20
-1157.555478357957
 10
1029.441956498789
 20
-1157.555478357957
 10
1030.596778609972
 20
-1157.170576812025
 10
1031.751541984464
 20
-1157.170576812025
 97
        0
 97
        0
 75
     2
 76
     1
 98
        0
  0
SPLINE
  5
4E
330
41
100
AcDbEntity
  8
katman 1
370
     0
100
AcDbSpline
210
0.0
220
0.0
230
1.0
 70
    11
 71
     3
 72
  1373
 73
  1369
 74
     0
 42
0.0000000001
 43
0.0000000001
 12
1.0
 22
0.0
 32
0.0
 13
1.0
 23
0.0
 33
0.0
 40
0.0
 40
0.0
 40
0.0
 40
0.0
 40
1.0
 40
1.0
 40
1.0
 40
2.0
 40
2.0
 40
2.0
 40
3.0
 40
3.0
 40
3.0
 40
4.0
 40
4.0
 40
4.0
 40
5.0
 40
5.0
 40
5.0
 40
6.0
 40
6.0
 40
6.0
 40
7.0
 40
7.0
 40
7.0
 40
8.0
 40
8.0
 40
8.0
 40
9.0
 40
9.0
 40
9.0
 40
10.0
 40
10.0
 40
10.0
 40
11.0
 40
11.0
 40
11.0
 40
12.0
 40
12.0
 40
12.0
 40
13.0
 40
13.0
 40
13.0
 40
14.0
 40
14.0
 40
14.0
 40
15.0
 40
15.0
 40
15.0
 40
16.0
 40
16.0
 40
16.0
 40
17.0
 40
17.0
 40
17.0
 40
18.0
 40
18.0
 40
18.0
 40
19.0
 40
19.0
 40
19.0
 40
20.0
 40
20.0
 40
20.0
 40
21.0
 40
21.0
 40
21.0
 40
22.0
 40
22.0
 40
22.0
 40
23.0
 40
23.0
 40
23.0
 40
24.0
 40
24.0
 40
24.0
 40
25.0
 40
25.0
 40
25.0
 40
26.0
 40
26.0
 40
26.0
 40
27.0
 40
27.0
 40
27.0
 40
28.0
 40
28.0
 40
28.0
 40
29.0
 40
29.0
 40
29.0
 40
30.0
 40
30.0
 40
30.0
 40
31.0
 40
31.0
 40
31.0
 40
32.0
 40
32.0
 40
32.0
 40
33.0
 40
33.0
 40
33.0
 40
34.0
 40
34.0
 40
34.0
 40
35.0
 40
35.0
 40
35.0
 40
36.0
 40
36.0
 40
36.0
 40
37.0
 40
37.0
 40
37.0
 40
38.0
 40
38.0
 40
38.0
 40
39.0
 40
39.0
 40
39.0
 40
40.0
 40
40.0
 40
40.0
 40
41.0
 40
41.0
 40
41.0
 40
42.0
 40
42.0
 40
42.0
 40
43.0
 40
43.0
 40
43.0
 40
44.0
 40
44.0
 40
44.0
 40
45.0
 40
45.0
 40
45.0
 40
46.0
 40
46.0
 40
46.0
 40
47.0
 40
47.0
 40
47.0
 40
48.0
 40
48.0
 40
48.0
 40
49.0
 40
49.0
 40
49.0
 40
50.0
 40
50.0
 40
50.0
 40
51.0
 40
51.0
 40
51.0
 40
52.0
 40
52.0
 40
52.0
 40
53.0
 40
53.0
 40
53.0
 40
54.0
 40
54.0
 40
54.0
 40
55.0
 40
55.0
 40
55.0
 40
56.0
 40
56.0
 40
56.0
 40
57.0
 40
57.0
 40
57.0
 40
58.0
 40
58.0
 40
58.0
 40
59.0
 40
59.0
 40
59.0
 40
60.0
 40
60.0
 40
60.0
 40
61.0
 40
61.0
 40
61.0
 40
62.0
 40
62.0
 40
62.0
 40
63.0
 40
63.0
 40
63.0
 40
64.0
 40
64.0
 40
64.0
 40
65.0
 40
65.0
 40
65.0
 40
66.0
 40
66.0
 40
66.0
 40
67.0
 40
67.0
 40
67.0
 40
68.0
 40
68.0
 40
68.0
 40
69.0
 40
69.0
 40
69.0
 40
70.0
 40
70.0
 40
70.0
 40
71.0
 40
71.0
 40
71.0
 40
72.0
 40
72.0
 40
72.0
 40
73.0
 40
73.0
 40
73.0
 40
74.0
 40
74.0
 40
74.0
 40
75.0
 40
75.0
 40
75.0
 40
76.0
 40
76.0
 40
76.0
 40
77.0
 40
77.0
 40
77.0
 40
78.0
 40
78.0
 40
78.0
 40
79.0
 40
79.0
 40
79.0
 40
80.0
 40
80.0
 40
80.0
 40
81.0
 40
81.0
 40
81.0
 40
82.0
 40
82.0
 40
82.0
 40
83.0
 40
83.0
 40
83.0
 40
84.0
 40
84.0
 40
84.0
 40
85.0
 40
85.0
 40
85.0
 40
86.0
 40
86.0
 40
86.0
 40
87.0
 40
87.0
 40
87.0
 40
88.0
 40
88.0
 40
88.0
 40
89.0
 40
89.0
 40
89.0
 40
90.0
 40
90.0
 40
90.0
 40
91.0
 40
91.0
 40
91.0
 40
92.0
 40
92.0
 40
92.0
 40
93.0
 40
93.0
 40
93.0
 40
94.0
 40
94.0
 40
94.0
 40
95.0
 40
95.0
 40
95.0
 40
96.0
 40
96.0
 40
96.0
 40
97.0
 40
97.0
 40
97.0
 40
98.0
 40
98.0
 40
98.0
 40
99.0
 40
99.0
 40
99.0
 40
100.0
 40
100.0
 40
100.0
 40
101.0
 40
101.0
 40
101.0
 40
102.0
 40
102.0
 40
102.0
 40
103.0
 40
103.0
 40
103.0
 40
104.0
 40
104.0
 40
104.0
 40
105.0
 40
105.0
 40
105.0
 40
106.0
 40
106.0
 40
106.0
 40
107.0
 40
107.0
 40
107.0
 40
108.0
 40
108.0
 40
108.0
 40
109.0
 40
109.0
 40
109.0
 40
110.0
 40
110.0
 40
110.0
 40
111.0
 40
111.0
 40
111.0
 40
112.0
 40
112.0
 40
112.0
 40
113.0
 40
113.0
 40
113.0
 40
114.0
 40
114.0
 40
114.0
 40
115.0
 40
115.0
 40
115.0
 40
116.0
 40
116.0
 40
116.0
 40
117.0
 40
117.0
 40
117.0
 40
118.0
 40
118.0
 40
118.0
 40
119.0
 40
119.0
 40
119.0
 40
120.0
 40
120.0
 40
120.0
 40
121.0
 40
121.0
 40
121.0
 40
122.0
 40
122.0
 40
122.0
 40
123.0
 40
123.0
 40
123.0
 40
124.0
 40
124.0
 40
124.0
 40
125.0
 40
125.0
 40
125.0
 40
126.0
 40
126.0
 40
126.0
 40
127.0
 40
127.0
 40
127.0
 40
128.0
 40
128.0
 40
128.0
 40
129.0
 40
129.0
 40
129.0
 40
130.0
 40
130.0
 40
130.0
 40
131.0
 40
131.0
 40
131.0
 40
132.0
 40
132.0
 40
132.0
 40
133.0
 40
133.0
 40
133.0
 40
134.0
 40
134.0
 40
134.0
 40
135.0
 40
135.0
 40
135.0
 40
136.0
 40
136.0
 40
136.0
 40
137.0
 40
137.0
 40
137.0
 40
138.0
 40
138.0
 40
138.0
 40
139.0
 40
139.0
 40
139.0
 40
140.0
 40
140.0
 40
140.0
 40
141.0
 40
141.0
 40
141.0
 40
142.0
 40
142.0
 40
142.0
 40
143.0
 40
143.0
 40
143.0
 40
144.0
 40
144.0
 40
144.0
 40
145.0
 40
145.0
 40
145.0
 40
146.0
 40
146.0
 40
146.0
 40
147.0
 40
147.0
 40
147.0
 40
148.0
 40
148.0
 40
148.0
 40
149.0
 40
149.0
 40
149.0
 40
150.0
 40
150.0
 40
150.0
 40
151.0
 40
151.0
 40
151.0
 40
152.0
 40
152.0
 40
152.0
 40
153.0
 40
153.0
 40
153.0
 40
154.0
 40
154.0
 40
154.0
 40
155.0
 40
155.0
 40
155.0
 40
156.0
 40
156.0
 40
156.0
 40
157.0
 40
157.0
 40
157.0
 40
158.0
 40
158.0
 40
158.0
 40
159.0
 40
159.0
 40
159.0
 40
160.0
 40
160.0
 40
160.0
 40
161.0
 40
161.0
 40
161.0
 40
162.0
 40
162.0
 40
162.0
 40
163.0
 40
163.0
 40
163.0
 40
164.0
 40
164.0
 40
164.0
 40
165.0
 40
165.0
 40
165.0
 40
166.0
 40
166.0
 40
166.0
 40
167.0
 40
167.0
 40
167.0
 40
168.0
 40
168.0
 40
168.0
 40
169.0
 40
169.0
 40
169.0
 40
170.0
 40
170.0
 40
170.0
 40
171.0
 40
171.0
 40
171.0
 40
172.0
 40
172.0
 40
172.0
 40
173.0
 40
173.0
 40
173.0
 40
174.0
 40
174.0
 40
174.0
 40
175.0
 40
175.0
 40
175.0
 40
176.0
 40
176.0
 40
176.0
 40
177.0
 40
177.0
 40
177.0
 40
178.0
 40
178.0
 40
178.0
 40
179.0
 40
179.0
 40
179.0
 40
180.0
 40
180.0
 40
180.0
 40
181.0
 40
181.0
 40
181.0
 40
182.0
 40
182.0
 40
182.0
 40
183.0
 40
183.0
 40
183.0
 40
184.0
 40
184.0
 40
184.0
 40
185.0
 40
185.0
 40
185.0
 40
186.0
 40
186.0
 40
186.0
 40
187.0
 40
187.0
 40
187.0
 40
188.0
 40
188.0
 40
188.0
 40
189.0
 40
189.0
 40
189.0
 40
190.0
 40
190.0
 40
190.0
 40
191.0
 40
191.0
 40
191.0
 40
192.0
 40
192.0
 40
192.0
 40
193.0
 40
193.0
 40
193.0
 40
194.0
 40
194.0
 40
194.0
 40
195.0
 40
195.0
 40
195.0
 40
196.0
 40
196.0
 40
196.0
 40
197.0
 40
197.0
 40
197.0
 40
198.0
 40
198.0
 40
198.0
 40
199.0
 40
199.0
 40
199.0
 40
200.0
 40
200.0
 40
200.0
 40
201.0
 40
201.0
 40
201.0
 40
202.0
 40
202.0
 40
202.0
 40
203.0
 40
203.0
 40
203.0
 40
204.0
 40
204.0
 40
204.0
 40
205.0
 40
205.0
 40
205.0
 40
206.0
 40
206.0
 40
206.0
 40
207.0
 40
207.0
 40
207.0
 40
208.0
 40
208.0
 40
208.0
 40
209.0
 40
209.0
 40
209.0
 40
210.0
 40
210.0
 40
210.0
 40
211.0
 40
211.0
 40
211.0
 40
212.0
 40
212.0
 40
212.0
 40
213.0
 40
213.0
 40
213.0
 40
214.0
 40
214.0
 40
214.0
 40
215.0
 40
215.0
 40
215.0
 40
216.0
 40
216.0
 40
216.0
 40
217.0
 40
217.0
 40
217.0
 40
218.0
 40
218.0
 40
218.0
 40
219.0
 40
219.0
 40
219.0
 40
220.0
 40
220.0
 40
220.0
 40
221.0
 40
221.0
 40
221.0
 40
222.0
 40
222.0
 40
222.0
 40
223.0
 40
223.0
 40
223.0
 40
224.0
 40
224.0
 40
224.0
 40
225.0
 40
225.0
 40
225.0
 40
226.0
 40
226.0
 40
226.0
 40
227.0
 40
227.0
 40
227.0
 40
228.0
 40
228.0
 40
228.0
 40
229.0
 40
229.0
 40
229.0
 40
230.0
 40
230.0
 40
230.0
 40
231.0
 40
231.0
 40
231.0
 40
232.0
 40
232.0
 40
232.0
 40
233.0
 40
233.0
 40
233.0
 40
234.0
 40
234.0
 40
234.0
 40
235.0
 40
235.0
 40
235.0
 40
236.0
 40
236.0
 40
236.0
 40
237.0
 40
237.0
 40
237.0
 40
238.0
 40
238.0
 40
238.0
 40
239.0
 40
239.0
 40
239.0
 40
240.0
 40
240.0
 40
240.0
 40
241.0
 40
241.0
 40
241.0
 40
242.0
 40
242.0
 40
242.0
 40
243.0
 40
243.0
 40
243.0
 40
244.0
 40
244.0
 40
244.0
 40
245.0
 40
245.0
 40
245.0
 40
246.0
 40
246.0
 40
246.0
 40
247.0
 40
247.0
 40
247.0
 40
248.0
 40
248.0
 40
248.0
 40
249.0
 40
249.0
 40
249.0
 40
250.0
 40
250.0
 40
250.0
 40
251.0
 40
251.0
 40
251.0
 40
252.0
 40
252.0
 40
252.0
 40
253.0
 40
253.0
 40
253.0
 40
254.0
 40
254.0
 40
254.0
 40
255.0
 40
255.0
 40
255.0
 40
256.0
 40
256.0
 40
256.0
 40
257.0
 40
257.0
 40
257.0
 40
258.0
 40
258.0
 40
258.0
 40
259.0
 40
259.0
 40
259.0
 40
260.0
 40
260.0
 40
260.0
 40
261.0
 40
261.0
 40
261.0
 40
262.0
 40
262.0
 40
262.0
 40
263.0
 40
263.0
 40
263.0
 40
264.0
 40
264.0
 40
264.0
 40
265.0
 40
265.0
 40
265.0
 40
266.0
 40
266.0
 40
266.0
 40
267.0
 40
267.0
 40
267.0
 40
268.0
 40
268.0
 40
268.0
 40
269.0
 40
269.0
 40
269.0
 40
270.0
 40
270.0
 40
270.0
 40
271.0
 40
271.0
 40
271.0
 40
272.0
 40
272.0
 40
272.0
 40
273.0
 40
273.0
 40
273.0
 40
274.0
 40
274.0
 40
274.0
 40
275.0
 40
275.0
 40
275.0
 40
276.0
 40
276.0
 40
276.0
 40
277.0
 40
277.0
 40
277.0
 40
278.0
 40
278.0
 40
278.0
 40
279.0
 40
279.0
 40
279.0
 40
280.0
 40
280.0
 40
280.0
 40
281.0
 40
281.0
 40
281.0
 40
282.0
 40
282.0
 40
282.0
 40
283.0
 40
283.0
 40
283.0
 40
284.0
 40
284.0
 40
284.0
 40
285.0
 40
285.0
 40
285.0
 40
286.0
 40
286.0
 40
286.0
 40
287.0
 40
287.0
 40
287.0
 40
288.0
 40
288.0
 40
288.0
 40
289.0
 40
289.0
 40
289.0
 40
290.0
 40
290.0
 40
290.0
 40
291.0
 40
291.0
 40
291.0
 40
292.0
 40
292.0
 40
292.0
 40
293.0
 40
293.0
 40
293.0
 40
294.0
 40
294.0
 40
294.0
 40
295.0
 40
295.0
 40
295.0
 40
296.0
 40
296.0
 40
296.0
 40
297.0
 40
297.0
 40
297.0
 40
298.0
 40
298.0
 40
298.0
 40
299.0
 40
299.0
 40
299.0
 40
300.0
 40
300.0
 40
300.0
 40
301.0
 40
301.0
 40
301.0
 40
302.0
 40
302.0
 40
302.0
 40
303.0
 40
303.0
 40
303.0
 40
304.0
 40
304.0
 40
304.0
 40
305.0
 40
305.0
 40
305.0
 40
306.0
 40
306.0
 40
306.0
 40
307.0
 40
307.0
 40
307.0
 40
308.0
 40
308.0
 40
308.0
 40
309.0
 40
309.0
 40
309.0
 40
310.0
 40
310.0
 40
310.0
 40
311.0
 40
311.0
 40
311.0
 40
312.0
 40
312.0
 40
312.0
 40
313.0
 40
313.0
 40
313.0
 40
314.0
 40
314.0
 40
314.0
 40
315.0
 40
315.0
 40
315.0
 40
316.0
 40
316.0
 40
316.0
 40
317.0
 40
317.0
 40
317.0
 40
318.0
 40
318.0
 40
318.0
 40
319.0
 40
319.0
 40
319.0
 40
320.0
 40
320.0
 40
320.0
 40
321.0
 40
321.0
 40
321.0
 40
322.0
 40
322.0
 40
322.0
 40
323.0
 40
323.0
 40
323.0
 40
324.0
 40
324.0
 40
324.0
 40
325.0
 40
325.0
 40
325.0
 40
326.0
 40
326.0
 40
326.0
 40
327.0
 40
327.0
 40
327.0
 40
328.0
 40
328.0
 40
328.0
 40
329.0
 40
329.0
 40
329.0
 40
330.0
 40
330.0
 40
330.0
 40
331.0
 40
331.0
 40
331.0
 40
332.0
 40
332.0
 40
332.0
 40
333.0
 40
333.0
 40
333.0
 40
334.0
 40
334.0
 40
334.0
 40
335.0
 40
335.0
 40
335.0
 40
336.0
 40
336.0
 40
336.0
 40
337.0
 40
337.0
 40
337.0
 40
338.0
 40
338.0
 40
338.0
 40
339.0
 40
339.0
 40
339.0
 40
340.0
 40
340.0
 40
340.0
 40
341.0
 40
341.0
 40
341.0
 40
342.0
 40
342.0
 40
342.0
 40
343.0
 40
343.0
 40
343.0
 40
344.0
 40
344.0
 40
344.0
 40
345.0
 40
345.0
 40
345.0
 40
346.0
 40
346.0
 40
346.0
 40
347.0
 40
347.0
 40
347.0
 40
348.0
 40
348.0
 40
348.0
 40
349.0
 40
349.0
 40
349.0
 40
350.0
 40
350.0
 40
350.0
 40
351.0
 40
351.0
 40
351.0
 40
352.0
 40
352.0
 40
352.0
 40
353.0
 40
353.0
 40
353.0
 40
354.0
 40
354.0
 40
354.0
 40
355.0
 40
355.0
 40
355.0
 40
356.0
 40
356.0
 40
356.0
 40
357.0
 40
357.0
 40
357.0
 40
358.0
 40
358.0
 40
358.0
 40
359.0
 40
359.0
 40
359.0
 40
360.0
 40
360.0
 40
360.0
 40
361.0
 40
361.0
 40
361.0
 40
362.0
 40
362.0
 40
362.0
 40
363.0
 40
363.0
 40
363.0
 40
364.0
 40
364.0
 40
364.0
 40
365.0
 40
365.0
 40
365.0
 40
366.0
 40
366.0
 40
366.0
 40
367.0
 40
367.0
 40
367.0
 40
368.0
 40
368.0
 40
368.0
 40
369.0
 40
369.0
 40
369.0
 40
370.0
 40
370.0
 40
370.0
 40
371.0
 40
371.0
 40
371.0
 40
372.0
 40
372.0
 40
372.0
 40
373.0
 40
373.0
 40
373.0
 40
374.0
 40
374.0
 40
374.0
 40
375.0
 40
375.0
 40
375.0
 40
376.0
 40
376.0
 40
376.0
 40
377.0
 40
377.0
 40
377.0
 40
378.0
 40
378.0
 40
378.0
 40
379.0
 40
379.0
 40
379.0
 40
380.0
 40
380.0
 40
380.0
 40
381.0
 40
381.0
 40
381.0
 40
382.0
 40
382.0
 40
382.0
 40
383.0
 40
383.0
 40
383.0
 40
384.0
 40
384.0
 40
384.0
 40
385.0
 40
385.0
 40
385.0
 40
386.0
 40
386.0
 40
386.0
 40
387.0
 40
387.0
 40
387.0
 40
388.0
 40
388.0
 40
388.0
 40
389.0
 40
389.0
 40
389.0
 40
390.0
 40
390.0
 40
390.0
 40
391.0
 40
391.0
 40
391.0
 40
392.0
 40
392.0
 40
392.0
 40
393.0
 40
393.0
 40
393.0
 40
394.0
 40
394.0
 40
394.0
 40
395.0
 40
395.0
 40
395.0
 40
396.0
 40
396.0
 40
396.0
 40
397.0
 40
397.0
 40
397.0
 40
398.0
 40
398.0
 40
398.0
 40
399.0
 40
399.0
 40
399.0
 40
400.0
 40
400.0
 40
400.0
 40
401.0
 40
401.0
 40
401.0
 40
402.0
 40
402.0
 40
402.0
 40
403.0
 40
403.0
 40
403.0
 40
404.0
 40
404.0
 40
404.0
 40
405.0
 40
405.0
 40
405.0
 40
406.0
 40
406.0
 40
406.0
 40
407.0
 40
407.0
 40
407.0
 40
408.0
 40
408.0
 40
408.0
 40
409.0
 40
409.0
 40
409.0
 40
410.0
 40
410.0
 40
410.0
 40
411.0
 40
411.0
 40
411.0
 40
412.0
 40
412.0
 40
412.0
 40
413.0
 40
413.0
 40
413.0
 40
414.0
 40
414.0
 40
414.0
 40
415.0
 40
415.0
 40
415.0
 40
416.0
 40
416.0
 40
416.0
 40
417.0
 40
417.0
 40
417.0
 40
418.0
 40
418.0
 40
418.0
 40
419.0
 40
419.0
 40
419.0
 40
420.0
 40
420.0
 40
420.0
 40
421.0
 40
421.0
 40
421.0
 40
422.0
 40
422.0
 40
422.0
 40
423.0
 40
423.0
 40
423.0
 40
424.0
 40
424.0
 40
424.0
 40
425.0
 40
425.0
 40
425.0
 40
426.0
 40
426.0
 40
426.0
 40
427.0
 40
427.0
 40
427.0
 40
428.0
 40
428.0
 40
428.0
 40
429.0
 40
429.0
 40
429.0
 40
430.0
 40
430.0
 40
430.0
 40
431.0
 40
431.0
 40
431.0
 40
432.0
 40
432.0
 40
432.0
 40
433.0
 40
433.0
 40
433.0
 40
434.0
 40
434.0
 40
434.0
 40
435.0
 40
435.0
 40
435.0
 40
436.0
 40
436.0
 40
436.0
 40
437.0
 40
437.0
 40
437.0
 40
438.0
 40
438.0
 40
438.0
 40
439.0
 40
439.0
 40
439.0
 40
440.0
 40
440.0
 40
440.0
 40
441.0
 40
441.0
 40
441.0
 40
442.0
 40
442.0
 40
442.0
 40
443.0
 40
443.0
 40
443.0
 40
444.0
 40
444.0
 40
444.0
 40
445.0
 40
445.0
 40
445.0
 40
446.0
 40
446.0
 40
446.0
 40
447.0
 40
447.0
 40
447.0
 40
448.0
 40
448.0
 40
448.0
 40
449.0
 40
449.0
 40
449.0
 40
450.0
 40
450.0
 40
450.0
 40
451.0
 40
451.0
 40
451.0
 40
452.0
 40
452.0
 40
452.0
 40
453.0
 40
453.0
 40
453.0
 40
454.0
 40
454.0
 40
454.0
 40
455.0
 40
455.0
 40
455.0
 40
456.0
 40
456.0
 40
456.0
 40
456.0
 10
813.4923949651557
 20
-1084.032587101861
 30
0.0
 10
811.5677110254146
 20
-1080.183219222377
 30
0.0
 10
806.9484813173749
 20
-1075.563989514338
 30
0.0
 10
806.9484813173749
 20
-1070.944759806298
 30
0.0
 10
806.9484813173749
 20
-1059.781616450477
 30
0.0
 10
797.3250616186688
 20
-1057.47197222811
 30
0.0
 10
791.5510097994447
 20
-1051.312960126261
 30
0.0
 10
788.0865728342415
 20
-1047.848552529404
 30
0.0
 10
784.2372049547594
 20
-1044.769046478479
 30
0.0
 10
781.157728272181
 20
-1040.919678598997
 30
0.0
 10
778.8481134181611
 20
-1037.840172548073
 30
0.0
 10
776.9234294784201
 20
-1033.99080466859
 30
0.0
 10
776.5384985641413
 20
-1030.526397071733
 30
0.0
 10
776.1535676498625
 20
-1024.752345252509
 30
0.0
 10
772.6891306846592
 20
-1021.287937655652
 30
0.0
 10
769.2246937194559
 20
-1017.438569776172
 30
0.0
 10
764.6054493272422
 20
-1012.434379785505
 30
0.0
 10
759.216343106471
 20
-1007.815150077466
 30
0.0
 10
754.5970987142573
 20
-1002.426058540867
 30
0.0
 10
749.207977809313
 20
-996.6520067216443
 30
0.0
 10
744.2038025028205
 20
-990.4929946197954
 30
0.0
 10
739.5845581106078
 20
-983.9490809720137
 30
0.0
 10
737.6598741708658
 20
-981.2545352037141
 30
0.0
 10
736.8899976581351
 20
-977.0202070416071
 30
0.0
 10
736.5050667438554
 20
-973.5557994447499
 30
0.0
 10
736.5050667438554
 20
-969.321500650989
 30
0.0
 10
734.9653137183941
 20
-966.2419946000646
 30
0.0
 10
732.6556988643733
 20
-963.1625179174862
 30
0.0
 10
726.1117705324195
 20
-952.3842761075975
 30
0.0
 10
719.5678422004648
 20
-941.606063666055
 30
0.0
 10
713.0239285526832
 20
-930.8278218561645
 30
0.0
 10
712.6389976384044
 20
-930.0579600276069
 30
0.0
 10
711.8691211256737
 20
-929.2880688306996
 30
0.0
 10
711.8691211256737
 20
-928.1332760878631
 30
0.0
 10
711.8691211256737
 20
-917.3550342779745
 30
0.0
 10
704.1703853667086
 20
-910.426189715914
 30
0.0
 10
699.1662100602161
 20
-902.3425230426692
 30
0.0
 10
693.7770891552718
 20
-893.4889651725225
 30
0.0
 10
688.3879829345005
 20
-884.2505057564413
 30
0.0
 10
689.9277212757897
 20
-872.702402117995
 30
0.0
 10
690.3126521900685
 20
-870.3927872639742
 30
0.0
 10
687.618106421769
 20
-867.3132812130498
 30
0.0
 10
686.0783533963076
 20
-864.6187354447502
 30
0.0
 10
681.0741780898152
 20
-854.9953157460459
 30
0.0
 10
676.0700027833227
 20
-844.986965133061
 30
0.0
 10
671.0658127926572
 20
-835.3635454343548
 30
0.0
 10
670.2959362799265
 20
-833.4388614946147
 30
0.0
 10
669.9110053656468
 20
-830.7443157263151
 30
0.0
 10
670.6808818783775
 20
-829.204562700852
 30
0.0
 10
672.2206349038406
 20
-824.5853329928123
 30
0.0
 10
669.526074451368
 20
-821.8907578561666
 30
0.0
 10
667.2164449131742
 20
-818.4263208909633
 30
0.0
 10
659.1327782399312
 20
-806.4932863382382
 30
0.0
 10
650.6641659682355
 20
-794.9451826997902
 30
0.0
 10
643.3503611235501
 20
-782.2422569501614
 30
0.0
 10
637.5763093043261
 20
-772.6188372514553
 30
0.0
 10
640.6558006710775
 20
-759.5309805875459
 30
0.0
 10
648.7394820284944
 20
-754.5268199652273
 30
0.0
 10
655.2834103604491
 20
-749.9075902571858
 30
0.0
 10
662.9821461194133
 20
-749.5226299745609
 30
0.0
 10
669.9110053656468
 20
-753.371997854043
 30
0.0
 10
681.0741780898152
 20
-759.5309805875459
 30
0.0
 10
691.8524052155308
 20
-766.4598545179524
 30
0.0
 10
702.6306323412464
 20
-773.3886990800129
 30
0.0
 10
706.4800002207285
 20
-775.6983139340336
 30
0.0
 10
709.5594915874799
 20
-779.1627508992369
 30
0.0
 10
713.0239285526832
 20
-781.8572966675347
 30
0.0
 10
715.7184890051558
 20
-783.7819806072766
 30
0.0
 10
718.4130494576275
 20
-785.3217336327398
 30
0.0
 10
722.6473482513884
 20
-784.5518424358343
 30
0.0
 10
729.5762074976228
 20
-783.3970203246517
 30
0.0
 10
735.7352049152978
 20
-786.4765263755762
 30
0.0
 10
740.7393802217903
 20
-791.8656472805196
 30
0.0
 10
746.8983629552931
 20
-798.4095609283013
 30
0.0
 10
753.0573603729681
 20
-804.953503944429
 30
0.0
 10
759.216343106471
 20
-811.4974175922107
 30
0.0
 10
759.9862196192025
 20
-812.2672794207683
 30
0.0
 10
761.141027046212
 20
-813.0371706176738
 30
0.0
 10
762.2958344732215
 20
-813.0371706176738
 30
0.0
 10
773.074061598938
 20
-815.7317163859716
 30
0.0
 10
780.3878664436234
 20
-822.6605903163781
 30
0.0
 10
786.931780091405
 20
-831.1291879039018
 30
0.0
 10
789.2413949454249
 20
-834.2086939548262
 30
0.0
 10
793.0907628249079
 20
-838.0580618343083
 30
0.0
 10
796.5551997901111
 20
-838.8279236628659
 30
0.0
 10
806.5635504030952
 20
-841.1375385168867
 30
0.0
 10
811.9526713080395
 20
-848.4513433615721
 30
0.0
 10
817.7267231272635
 20
-855.7651482062574
 30
0.0
 10
822.3459528353033
 20
-861.5392000254797
 30
0.0
 10
826.1953207147853
 20
-868.0831136732631
 30
0.0
 10
830.814579791172
 20
-874.2421257751103
 30
0.0
 10
831.5844416197306
 20
-875.3969478862928
 30
0.0
 10
832.7392637309131
 20
-876.1668097148522
 30
0.0
 10
833.8940858420965
 20
-876.9366715434098
 30
0.0
 10
836.2037006961164
 20
-878.4764245688712
 30
0.0
 10
838.5133155501371
 20
-880.0161775943343
 30
0.0
 10
840.4379994898782
 20
-881.9408615340762
 30
0.0
 10
852.3710340426042
 20
-895.0287181979838
 30
0.0
 10
863.1492758524928
 20
-909.2713676047297
 30
0.0
 10
871.2329425257358
 20
-925.0537700369387
 30
0.0
 10
872.0028043542943
 20
-926.5935230624
 30
0.0
 10
873.1576264654777
 20
-928.1332760878631
 30
0.0
 10
874.3124485766602
 20
-928.9031379164207
 30
0.0
 10
883.9358682753664
 20
-932.7525057959065
 30
0.0
 10
889.7099200945904
 20
-940.4512415548706
 30
0.0
 10
894.714110085255
 20
-948.9198391423943
 30
0.0
 10
899.3333397932956
 20
-957.0035058156373
 30
0.0
 10
903.5676679554035
 20
-965.4721327715051
 30
0.0
 10
908.1868976634432
 20
-973.5557994447499
 30
0.0
 10
908.9567594920009
 20
-975.0955524702113
 30
0.0
 10
910.8814434317428
 20
-977.0202364099532
 30
0.0
 10
912.4211964572041
 20
-977.7900982385108
 30
0.0
 10
917.8103173621494
 20
-980.4846440068104
 30
0.0
 10
921.2747543273526
 20
-985.1039030831962
 30
0.0
 10
923.5843691813725
 20
-990.1080930738626
 30
0.0
 10
927.4337370608555
 20
-998.9616509440093
 30
0.0
 10
930.513243111779
 20
-1008.200110360091
 30
0.0
 10
933.9776507086362
 20
-1017.053668230237
 30
0.0
 10
933.9776507086362
 20
-1017.438628512864
 30
0.0
 10
934.3625816229151
 20
-1017.438628512864
 30
0.0
 10
935.5174037340985
 20
-1018.208490341422
 30
0.0
 10
935.5174037340985
 20
-1014.744082744564
 30
0.0
 10
936.2872655626561
 20
-1011.279616411015
 30
0.0
 10
935.5174037340985
 20
-1008.200110360091
 30
0.0
 10
933.2077888800777
 20
-999.346552489942
 30
0.0
 10
930.1282828291542
 20
-990.4929946197954
 30
0.0
 10
928.2035988894131
 20
-981.6394661179929
 30
0.0
 10
927.4337370608555
 20
-976.6352761273283
 30
0.0
 10
928.5885298036919
 20
-971.2461845907292
 30
0.0
 10
928.9734607179707
 20
-965.8570636857839
 30
0.0
 10
928.9734607179707
 20
-963.547448831765
 30
0.0
 10
929.7433225465284
 20
-961.2378339777442
 30
0.0
 10
929.3583916322495
 20
-959.3131500380041
 30
0.0
 10
927.0487767782297
 20
-948.9198685107403
 30
0.0
 10
924.354201641585
 20
-938.5265576151305
 30
0.0
 10
925.1240928384887
 20
-927.3633848909594
 30
0.0
 10
925.1240928384887
 20
-925.8236318654963
 30
0.0
 10
924.7391619242098
 20
-924.2838788400331
 30
0.0
 10
925.5090237527675
 20
-923.1290860971967
 30
0.0
 10
929.3583916322495
 20
-914.27552822705
 30
0.0
 10
925.8939546670463
 20
-906.1918615538052
 30
0.0
 10
925.1240928384887
 20
-897.7232639662834
 30
0.0
 10
924.354231009931
 20
-890.0245282073192
 30
0.0
 10
924.7391619242098
 20
-882.7107233626339
 30
0.0
 10
924.7391619242098
 20
-875.0119876036697
 30
0.0
 10
924.7391619242098
 20
-873.8571654924854
 30
0.0
 10
925.1240928384887
 20
-872.7023727496489
 30
0.0
 10
925.1240928384887
 20
-871.9324815527434
 30
0.0
 10
923.5843398130264
 20
-863.8488148795004
 30
0.0
 10
922.0445867875642
 20
-855.7651482062574
 30
0.0
 10
920.504863130448
 20
-847.6814521646666
 30
0.0
 10
919.3500410192646
 20
-841.9074003454443
 30
0.0
 10
920.1199322161692
 20
-836.1333485262203
 30
0.0
 10
922.8144779844679
 20
-831.1291585355539
 30
0.0
 10
925.5090237527675
 20
-826.5099288275142
 30
0.0
 10
925.5090237527675
 20
-822.2756006654072
 30
0.0
 10
924.7391619242098
 20
-816.8865091288098
 30
0.0
 10
923.9693000956522
 20
-810.3425954810282
 30
0.0
 10
924.354231009931
 20
-803.7986524649004
 30
0.0
 10
924.7391619242098
 20
-797.2547388171188
 30
0.0
 10
925.1240928384887
 20
-792.2505488264524
 30
0.0
 10
924.7391619242098
 20
-786.4764970072301
 30
0.0
 10
926.6638458639509
 20
-781.8572672991904
 30
0.0
 10
930.1282828291542
 20
-773.3886697116668
 30
0.0
 10
928.5885298036919
 20
-764.5351118415201
 30
0.0
 10
929.3583916322495
 20
-756.0665142539965
 30
0.0
 10
930.1282534608072
 20
-747.5979166664729
 30
0.0
 10
930.8981446577118
 20
-739.129289710605
 30
0.0
 10
932.0529374005491
 20
-730.6606921230832
 30
0.0
 10
932.4378683148279
 20
-728.3510772690624
 30
0.0
 10
933.2077595117316
 20
-726.0414477308695
 30
0.0
 10
934.7474831688478
 20
-724.5017093895804
 30
0.0
 10
939.3667128768884
 20
-719.8824649973667
 30
0.0
 10
939.3667128768884
 20
-714.1084131781427
 30
0.0
 10
940.1366040737921
 20
-708.3343613589204
 30
0.0
 10
941.2914261849755
 20
-697.5561342332039
 30
0.0
 10
941.6763570992553
 20
-686.7779071074874
 30
0.0
 10
950.9148458836808
 20
-678.6942257500705
 30
0.0
 10
953.2244607377015
 20
-676.7695418103303
 30
0.0
 10
953.2244607377015
 20
-671.7653665038379
 30
0.0
 10
953.6093916519803
 20
-667.9159986243558
 30
0.0
 10
954.7642137631638
 20
-659.44738635266
 30
0.0
 10
955.1491446774426
 20
-650.9787740809643
 30
0.0
 10
957.0738286171836
 20
-642.8951074077213
 30
0.0
 10
957.8436904457412
 20
-639.430670442518
 30
0.0
 10
960.5382655823869
 20
-636.7361246742184
 30
0.0
 10
962.4629495221288
 20
-633.656618623294
 30
0.0
 10
963.6177716333113
 20
-631.7319346835538
 30
0.0
 10
965.5424555730524
 20
-629.8072507438119
 30
0.0
 10
965.9273864873321
 20
-627.4976358897911
 30
0.0
 10
969.0068925382566
 20
-610.5604186884866
 30
0.0
 10
971.7014383065552
 20
-593.6232014871821
 30
0.0
 10
975.5508061860373
 20
-577.0709152001564
 30
0.0
 10
977.4754901257784
 20
-567.832433757816
 30
0.0
 10
983.6344728592812
 20
-562.058381938592
 30
0.0
 10
993.6428234722662
 20
-561.2885054258622
 30
0.0
 10
1000.571697402673
 20
-560.5186289131307
 30
0.0
 10
1009.040294990195
 20
-563.2131893656024
 30
0.0
 10
1012.119801041119
 20
-569.7571176975571
 30
0.0
 10
1013.659524698236
 20
-573.2215473206743
 30
0.0
 10
1015.199307092043
 20
-577.0709152001564
 30
0.0
 10
1015.584208637976
 20
-580.5353448232727
 30
0.0
 10
1017.123932295091
 20
-590.5437027783446
 30
0.0
 10
1017.893852860343
 20
-600.5520607334156
 30
0.0
 10
1019.433576517458
 20
-610.5604113463996
 30
0.0
 10
1019.818536800083
 20
-614.4097792258835
 30
0.0
 10
1021.743220739825
 20
-618.2591471053638
 30
0.0
 10
1022.513082568383
 20
-622.1085149848477
 30
0.0
 10
1023.28294439694
 20
-626.7277593770596
 30
0.0
 10
1023.667904679565
 20
-631.7319346835538
 30
0.0
 10
1024.437766508123
 20
-636.7361099900445
 30
0.0
 10
1025.207628336682
 20
-640.5854778695284
 30
0.0
 10
1026.74741073049
 20
-644.0499148347299
 30
0.0
 10
1028.672094670232
 20
-647.514337115761
 30
0.0
 10
1031.751600721156
 20
-653.288388934985
 30
0.0
 10
1033.676284660898
 20
-660.2172481812177
 30
0.0
 10
1034.831106772081
 20
-666.7611765131733
 30
0.0
 10
1035.985928883263
 20
-672.1502974181167
 30
0.0
 10
1036.370830429196
 20
-676.3845962118794
 30
0.0
 10
1040.990118873928
 20
-680.2339640913597
 30
0.0
 10
1046.764170693152
 20
-684.8532084835733
 30
0.0
 10
1047.918992804336
 20
-692.5519442425393
 30
0.0
 10
1048.688854632894
 20
-699.8657344030507
 30
0.0
 10
1049.458716461451
 20
-706.7945936492852
 30
0.0
 10
1049.843676744076
 20
-713.7234528955178
 30
0.0
 10
1050.613538572634
 20
-721.0372577402031
 30
0.0
 10
1050.613538572634
 20
-721.8071342529347
 30
0.0
 10
1051.383400401191
 20
-722.9619416799451
 30
0.0
 10
1052.153262229751
 20
-723.7318181926748
 30
0.0
 10
1057.927314048975
 20
-728.3510625848903
 30
0.0
 10
1059.46703770609
 20
-734.5100453183913
 30
0.0
 10
1059.851997988715
 20
-741.0539736503451
 30
0.0
 10
1060.23695827134
 20
-752.6020772887932
 30
0.0
 10
1061.006820099898
 20
-764.1501809272395
 30
0.0
 10
1061.39172164583
 20
-776.0832154799664
 30
0.0
 10
1061.39172164583
 20
-776.853077308524
 30
0.0
 10
1061.776681928455
 20
-777.6229685054277
 30
0.0
 10
1061.776681928455
 20
-778.3928303339853
 30
0.0
 10
1062.93150403964
 20
-783.3970203246517
 30
0.0
 10
1064.471227696755
 20
-788.4011809469703
 30
0.0
 10
1064.856187979382
 20
-793.4053709376367
 30
0.0
 10
1065.241148262006
 20
-798.4095609283013
 30
0.0
 10
1064.856187979382
 20
-803.4137215506198
 30
0.0
 10
1064.856187979382
 20
-808.802842455565
 30
0.0
 10
1064.856187979382
 20
-814.5768942747891
 30
0.0
 10
1066.011010090564
 20
-820.3509460940113
 30
0.0
 10
1066.780871919122
 20
-826.5099288275142
 30
0.0
 10
1068.320595576239
 20
-837.6731015516816
 30
0.0
 10
1067.935694030304
 20
-849.2212051901297
 30
0.0
 10
1067.550733747679
 20
-860.3843779142971
 30
0.0
 10
1067.165773465054
 20
-866.1584297335212
 30
0.0
 10
1065.241089525312
 20
-871.9324815527434
 30
0.0
 10
1064.086326150822
 20
-877.3216024576886
 30
0.0
 10
1063.701365868197
 20
-878.86135548315
 30
0.0
 10
1064.086326150822
 20
-880.7860394228919
 30
0.0
 10
1064.856187979382
 20
-881.9408321657284
 30
0.0
 10
1066.780871919122
 20
-887.7148839849524
 30
0.0
 10
1067.550733747679
 20
-893.8738667184552
 30
0.0
 10
1066.011010090564
 20
-900.0328494519563
 30
0.0
 10
1064.856187979382
 20
-905.4219703569015
 30
0.0
 10
1063.701365868197
 20
-910.42613097922
 30
0.0
 10
1063.316464322264
 20
-915.8152518841653
 30
0.0
 10
1062.93150403964
 20
-917.3550049096266
 30
0.0
 10
1063.316464322264
 20
-919.6646197636474
 30
0.0
 10
1064.471286433447
 20
-920.8194418748317
 30
0.0
 10
1068.705614595556
 20
-926.9784246083327
 30
0.0
 10
1069.860377970046
 20
-933.9072985387429
 30
0.0
 10
1067.935694030304
 20
-940.8361431008034
 30
0.0
 10
1065.626049807939
 20
-948.9198097740482
 30
0.0
 10
1063.316464322264
 20
-957.0034764472912
 30
0.0
 10
1061.006820099898
 20
-965.0871724888802
 30
0.0
 10
1060.621859817273
 20
-966.2419946000646
 30
0.0
 10
1060.23695827134
 20
-967.7817182571798
 30
0.0
 10
1060.621859817273
 20
-968.5516094540835
 30
0.0
 10
1063.316405585572
 20
-978.1750291527896
 30
0.0
 10
1060.621859817273
 20
-987.0285870229382
 30
0.0
 10
1058.312215594906
 20
-996.2670464390176
 30
0.0
 10
1058.312215594906
 20
-997.0369082675752
 30
0.0
 10
1057.927255312281
 20
-997.8067700961346
 30
0.0
 10
1058.697175877533
 20
-998.5766906613844
 30
0.0
 10
1060.236899534648
 20
-995.1122830645272
 30
0.0
 10
1061.776681928455
 20
-992.0327770136028
 30
0.0
 10
1063.316405585572
 20
-988.5683106800534
 30
0.0
 10
1065.241089525312
 20
-983.9490809720137
 30
0.0
 10
1068.70549712217
 20
-980.8695749210892
 30
0.0
 10
1073.324785566903
 20
-978.9448909813473
 30
0.0
 10
1074.864509224019
 20
-978.1750291527896
 30
0.0
 10
1076.404291617828
 20
-977.0202070416071
 30
0.0
 10
1077.174153446385
 20
-975.480454016144
 30
0.0
 10
1083.718067094167
 20
-963.9323503776977
 30
0.0
 10
1089.877079196016
 20
-952.3842467392496
 30
0.0
 10
1096.420992843796
 20
-940.8361431008034
 30
0.0
 10
1099.885400440653
 20
-935.0620912815793
 30
0.0
 10
1104.119728602762
 20
-930.4428615735396
 30
0.0
 10
1111.433504079101
 20
-928.5181776337959
 30
0.0
 10
1113.358188018843
 20
-928.133246719517
 30
0.0
 10
1114.897911675958
 20
-925.4386715828714
 30
0.0
 10
1115.667832241208
 20
-923.5139876431294
 30
0.0
 10
1123.366568000172
 20
-908.8863779537587
 30
0.0
 10
1132.605027416254
 20
-895.4135903755705
 30
0.0
 10
1144.538091337326
 20
-883.8654867371242
 30
0.0
 10
1146.462775277067
 20
-881.9408027973823
 30
0.0
 10
1149.542281327991
 20
-880.401049771921
 30
0.0
 10
1151.466965267733
 20
-878.476365832179
 30
0.0
 10
1153.776609490098
 20
-876.1667509781582
 30
0.0
 10
1155.70129342984
 20
-873.8571361241393
 30
0.0
 10
1157.241017086955
 20
-871.1625609874936
 30
0.0
 10
1162.630108623554
 20
-862.3090031173451
 30
0.0
 10
1169.174081008028
 20
-854.2253364441021
 30
0.0
 10
1176.872816766992
 20
-847.2964918820417
 30
0.0
 10
1178.412540424108
 20
-846.1416697708592
 30
0.0
 10
1179.567362535292
 20
-844.2169858311172
 30
0.0
 10
1181.107144929099
 20
-843.8320549168384
 30
0.0
 10
1194.194972224663
 20
-840.3676179516351
 30
0.0
 10
1199.969024043887
 20
-828.8195143131888
 30
0.0
 10
1209.207542196658
 20
-821.1207785542247
 30
0.0
 10
1213.8267719047
 20
-817.2714106747408
 30
0.0
 10
1218.061100066807
 20
-814.1919046238181
 30
0.0
 10
1223.835151886031
 20
-813.4220427952605
 30
0.0
 10
1225.759835825771
 20
-813.0371118809799
 30
0.0
 10
1227.684519765513
 20
-811.4973588555185
 30
0.0
 10
1228.839341876695
 20
-810.3425367443342
 30
0.0
 10
1235.383255524477
 20
-803.4136628139277
 30
0.0
 10
1241.542267626326
 20
-796.0998873375902
 30
0.0
 10
1248.086181274108
 20
-789.5559443214624
 30
0.0
 10
1252.705410982147
 20
-785.3216455276997
 30
0.0
 10
1258.864423083996
 20
-784.551754330796
 30
0.0
 10
1265.023376449153
 20
-785.3216455276997
 30
0.0
 10
1266.948060388893
 20
-785.7065764419785
 30
0.0
 10
1269.642606157193
 20
-784.9367146134209
 30
0.0
 10
1270.797428268375
 20
-783.7818925022384
 30
0.0
 10
1284.655176129188
 20
-771.8488579495115
 30
0.0
 10
1300.052647647119
 20
-761.8405073365284
 30
0.0
 10
1316.219980993606
 20
-753.7568112949375
 30
0.0
 10
1325.843400692311
 20
-749.1375815868978
 30
0.0
 10
1337.776464613384
 20
-752.2170582694744
 30
0.0
 10
1342.780595867356
 20
-759.9157940284404
 30
0.0
 10
1346.629963746838
 20
-766.459707676222
 30
0.0
 10
1347.399825575398
 20
-773.7735125209074
 30
0.0
 10
1343.93541797854
 20
-780.3174555370351
 30
0.0
 10
1339.701089816432
 20
-788.4011222102781
 30
0.0
 10
1334.311998279834
 20
-796.4847888835211
 30
0.0
 10
1329.307808289168
 20
-804.1835246424853
 30
0.0
 10
1324.688578581128
 20
-811.1123985728937
 30
0.0
 10
1319.684388590464
 20
-817.6563122206753
 30
0.0
 10
1315.065158882422
 20
-824.5851861510819
 30
0.0
 10
1314.680198599797
 20
-825.3550479796395
 30
0.0
 10
1313.910336771238
 20
-826.509870090822
 30
0.0
 10
1314.295297053864
 20
-827.2797319193796
 30
0.0
 10
1316.60494127623
 20
-836.518220703807
 30
0.0
 10
1312.755573396749
 20
-844.2169564627711
 30
0.0
 10
1308.52124523464
 20
-851.5307613074565
 30
0.0
 10
1305.826699466343
 20
-856.149991015498
 30
0.0
 10
1303.132153698043
 20
-860.384319177605
 30
0.0
 10
1300.437549193051
 20
-865.0035488856447
 30
0.0
 10
1298.127904970685
 20
-868.467985850848
 30
0.0
 10
1296.588181313567
 20
-871.5474625334264
 30
0.0
 10
1297.358043142127
 20
-876.166721609814
 30
0.0
 10
1298.512865253309
 20
-884.250388283057
 30
0.0
 10
1294.663497373827
 20
-891.1792622134635
 30
0.0
 10
1290.42916921172
 20
-897.7231758612452
 30
0.0
 10
1286.194841049612
 20
-904.6520497916517
 30
0.0
 10
1281.190709795639
 20
-911.1959634394334
 30
0.0
 10
1276.186519804975
 20
-918.12483736984
 30
0.0
 10
1275.801559522348
 20
-918.5097682841188
 30
0.0
 10
1275.416657976417
 20
-919.2796594810225
 30
0.0
 10
1275.416657976417
 20
-919.6645903953013
 30
0.0
 10
1275.03169769379
 20
-931.9825558623088
 30
0.0
 10
1267.717922217453
 20
-941.6059755610149
 30
0.0
 10
1261.943870398227
 20
-951.614355542346
 30
0.0
 10
1258.864364347304
 20
-957.0034764472912
 30
0.0
 10
1254.630094921889
 20
-962.3925973522346
 30
0.0
 10
1251.16562858834
 20
-967.7816888888337
 30
0.0
 10
1250.010806477156
 20
-969.3214419142969
 30
0.0
 10
1249.240944648598
 20
-971.246125854037
 30
0.0
 10
1249.240944648598
 20
-973.1708097937772
 30
0.0
 10
1248.855984365973
 20
-983.9490516036676
 30
0.0
 10
1243.466892829376
 20
-992.0327182769106
 30
0.0
 10
1236.153117353035
 20
-999.3464937532499
 30
0.0
 10
1227.299559482888
 20
-1008.584953169331
 30
0.0
 10
1218.44600161274
 20
-1018.208372868037
 30
0.0
 10
1209.977404025218
 20
-1027.831792566742
 30
0.0
 10
1208.822581914033
 20
-1029.371516223859
 30
0.0
 10
1209.207542196658
 20
-1032.06612072885
 30
0.0
 10
1208.437680368101
 20
-1033.99080466859
 30
0.0
 10
1206.897956710985
 20
-1037.455212265448
 30
0.0
 10
1205.358174317176
 20
-1041.30458014493
 30
0.0
 10
1202.663628548878
 20
-1043.999184649922
 30
0.0
 10
1196.50461644703
 20
-1050.543098297703
 30
0.0
 10
1189.575801253315
 20
-1056.317150116927
 30
0.0
 10
1183.031828868841
 20
-1062.861063764707
 30
0.0
 10
1182.261967040284
 20
-1063.630925593267
 30
0.0
 10
1181.492105211724
 20
-1064.785747704449
 30
0.0
 10
1181.492105211724
 20
-1065.555609533007
 30
0.0
 10
1181.877065494351
 20
-1074.024207120528
 30
0.0
 10
1179.182460989359
 20
-1080.953081050937
 30
0.0
 10
1171.86868551302
 20
-1085.187409213044
 30
0.0
 10
1177.642737332242
 20
-1085.187409213044
 30
0.0
 10
1183.416789151466
 20
-1085.957271041601
 30
0.0
 10
1189.19084097069
 20
-1084.802448930419
 30
0.0
 10
1194.964892789912
 20
-1083.647626819235
 30
0.0
 10
1199.969082780579
 20
-1080.183219222377
 30
0.0
 10
1205.358174317176
 20
-1078.258535282637
 30
0.0
 10
1214.981594015882
 20
-1074.79412768578
 30
0.0
 10
1224.220053431964
 20
-1071.329661352231
 30
0.0
 10
1233.84347313067
 20
-1068.250155301306
 30
0.0
 10
1236.153117353035
 20
-1067.480293472749
 30
0.0
 10
1238.847663121334
 20
-1067.095333190122
 30
0.0
 10
1240.772347061076
 20
-1067.865195018681
 30
0.0
 10
1249.625904931223
 20
-1070.944701069606
 30
0.0
 10
1257.324640690189
 20
-1066.325471361564
 30
0.0
 10
1265.408277995084
 20
-1064.400787421824
 30
0.0
 10
1276.186519804975
 20
-1061.706241653525
 30
0.0
 10
1287.349663160796
 20
-1059.011695885225
 30
0.0
 10
1298.127904970685
 20
-1057.087011945485
 30
0.0
 10
1300.822450738984
 20
-1056.702051662858
 30
0.0
 10
1303.901956789909
 20
-1057.856873774042
 30
0.0
 10
1306.596502558208
 20
-1058.241834056667
 30
0.0
 10
1309.291048326506
 20
-1058.241834056667
 30
0.0
 10
1312.37055437743
 20
-1058.626794339292
 30
0.0
 10
1314.680198599797
 20
-1057.856873774042
 30
0.0
 10
1326.61326252087
 20
-1054.777367723118
 30
0.0
 10
1338.161366159316
 20
-1051.697861672194
 30
0.0
 10
1350.47933162632
 20
-1056.702051662858
 30
0.0
 10
1353.17387739462
 20
-1057.856873774042
 30
0.0
 10
1356.638343728169
 20
-1055.932189834301
 30
0.0
 10
1359.717791042402
 20
-1055.932189834301
 30
0.0
 10
1366.646664972808
 20
-1055.932189834301
 30
0.0
 10
1373.575538903215
 20
-1055.932189834301
 30
0.0
 10
1380.504354096929
 20
-1055.932189834301
 30
0.0
 10
1385.508544087596
 20
-1055.547229551676
 30
0.0
 10
1390.51273407826
 20
-1055.162328005743
 30
0.0
 10
1395.516865332233
 20
-1054.392466177185
 30
0.0
 10
1412.069158961345
 20
-1051.697920408886
 30
0.0
 10
1428.236492307831
 20
-1048.618414357963
 30
0.0
 10
1444.788785936944
 20
-1045.538908307037
 30
0.0
 10
1454.027245353025
 20
-1043.999184649922
 30
0.0
 10
1462.880803223172
 20
-1049.003315903894
 30
0.0
 10
1465.575348991471
 20
-1056.317150116927
 30
0.0
 10
1469.424716870955
 20
-1066.710431644191
 30
0.0
 10
1467.115072648587
 20
-1076.71881162552
 30
0.0
 10
1458.261573515134
 20
-1081.338041333562
 30
0.0
 10
1446.328509594061
 20
-1087.497053435411
 30
0.0
 10
1434.010544127055
 20
-1092.886144972008
 30
0.0
 10
1421.692578660051
 20
-1098.275236508607
 30
0.0
 10
1419.382934437685
 20
-1099.43005861979
 30
0.0
 10
1416.688388669385
 20
-1099.43005861979
 30
0.0
 10
1414.763704729645
 20
-1100.969782276905
 30
0.0
 10
1413.22398107253
 20
-1102.124604388089
 30
0.0
 10
1411.299297132788
 20
-1103.664328045204
 30
0.0
 10
1410.914336850161
 20
-1105.589011984946
 30
0.0
 10
1409.374613193046
 20
-1110.593201975611
 30
0.0
 10
1406.680008688054
 20
-1114.442569855093
 30
0.0
 10
1402.060778980014
 20
-1116.367253794835
 30
0.0
 10
1393.977082938425
 20
-1120.216621674317
 30
0.0
 10
1385.508485350902
 20
-1123.296127725242
 30
0.0
 10
1377.039887763378
 20
-1127.145495604724
 30
0.0
 10
1375.500164106263
 20
-1127.915357433281
 30
0.0
 10
1374.34534199508
 20
-1129.455139827091
 30
0.0
 10
1372.805559601271
 20
-1130.609903201581
 30
0.0
 10
1369.726053550348
 20
-1133.689409252505
 30
0.0
 10
1366.646547499422
 20
-1137.153816849363
 30
0.0
 10
1363.182139902565
 20
-1139.078500789103
 30
0.0
 10
1355.483404143601
 20
-1142.927868668587
 30
0.0
 10
1347.399708102012
 20
-1146.007374719509
 30
0.0
 10
1339.700972343047
 20
-1149.086880770434
 30
0.0
 10
1338.931110514488
 20
-1149.471841053059
 30
0.0
 10
1337.776288403305
 20
-1150.241702881618
 30
0.0
 10
1337.391328120681
 20
-1151.011564710176
 30
0.0
 10
1335.081683898316
 20
-1156.400656246773
 30
0.0
 10
1330.847414472899
 20
-1159.480162297697
 30
0.0
 10
1325.458264199609
 20
-1161.404846237439
 30
0.0
 10
1317.759528440645
 20
-1164.484352288364
 30
0.0
 10
1309.675832399054
 20
-1167.178898056663
 30
0.0
 10
1301.592195094156
 20
-1170.258404107586
 30
0.0
 10
1300.822333265598
 20
-1170.643364390213
 30
0.0
 10
1300.05247143704
 20
-1170.643364390213
 30
0.0
 10
1299.667511154415
 20
-1171.028265936146
 30
0.0
 10
1291.583815112826
 20
-1179.881823806292
 30
0.0
 10
1280.035711474378
 20
-1181.036645917477
 30
0.0
 10
1269.642429947115
 20
-1184.501053514334
 30
0.0
 10
1261.173832359593
 20
-1187.580559565256
 30
0.0
 10
1252.320274489444
 20
-1189.120283222373
 30
0.0
 10
1243.851676901922
 20
-1191.42992744474
 30
0.0
 10
1242.696854790738
 20
-1191.814887727365
 30
0.0
 10
1241.542032679556
 20
-1191.814887727365
 30
0.0
 10
1240.772170850998
 20
-1192.584749555923
 30
0.0
 10
1232.688474809409
 20
-1201.823208972004
 30
0.0
 10
1221.140371170961
 20
-1202.978031083187
 30
0.0
 10
1210.362188097764
 20
-1206.057537134111
 30
0.0
 10
1202.6634523388
 20
-1207.982221073853
 30
0.0
 10
1194.194854751277
 20
-1208.367181356476
 30
0.0
 10
1186.496118992312
 20
-1210.291865296218
 30
0.0
 10
1183.41661294139
 20
-1211.061727124776
 30
0.0
 10
1180.72206717309
 20
-1214.141233175702
 30
0.0
 10
1177.642561122166
 20
-1215.296055286883
 30
0.0
 10
1172.253469585567
 20
-1217.220739226625
 30
0.0
 10
1166.479417766344
 20
-1218.76046288374
 30
0.0
 10
1160.70536594712
 20
-1220.685146823482
 30
0.0
 10
1161.090326229745
 20
-1221.070107106108
 30
0.0
 10
1161.475227775678
 20
-1222.224870480597
 30
0.0
 10
1162.245089604236
 20
-1222.994791045849
 30
0.0
 10
1154.161393562646
 20
-1227.229119207956
 30
0.0
 10
1147.617479914865
 20
-1223.764652874406
 30
0.0
 10
1140.303704438526
 20
-1221.070107106108
 30
0.0
 10
1132.604968679561
 20
-1218.375561337809
 30
0.0
 10
1124.521272637972
 20
-1217.220739226625
 30
0.0
 10
1116.437635333074
 20
-1215.681015569509
 30
0.0
 10
1115.282813221891
 20
-1215.296055286883
 30
0.0
 10
1114.512951393332
 20
-1214.911153740952
 30
0.0
 10
1113.743089564774
 20
-1213.756331629767
 30
0.0
 10
1116.822595615698
 20
-1213.756331629767
 30
0.0
 10
1119.902101666623
 20
-1214.141291912394
 30
0.0
 10
1122.596647434922
 20
-1213.756331629767
 30
0.0
 10
1134.914612901928
 20
-1212.601509518585
 30
0.0
 10
1147.232578368932
 20
-1211.061785861468
 30
0.0
 10
1159.55060257263
 20
-1210.29192403291
 30
0.0
 10
1165.324654391854
 20
-1209.906963750285
 30
0.0
 10
1171.098706211076
 20
-1209.522062204353
 30
0.0
 10
1176.102896201741
 20
-1206.057595870803
 30
0.0
 10
1178.79744197004
 20
-1204.132911931061
 30
0.0
 10
1181.876948020965
 20
-1202.208227991321
 30
0.0
 10
1184.956454071889
 20
-1201.438366162763
 30
0.0
 10
1189.960644062556
 20
-1200.283544051581
 30
0.0
 10
1195.349735599153
 20
-1200.283544051581
 30
0.0
 10
1200.353925589819
 20
-1199.128721940397
 30
0.0
 10
1210.362305571151
 20
-1196.434176172097
 30
0.0
 10
1220.755587098414
 20
-1193.354670121174
 30
0.0
 10
1230.763908343051
 20
-1190.660124352875
 30
0.0
 10
1231.533770171609
 20
-1190.275164070248
 30
0.0
 10
1232.688592282793
 20
-1189.505302241691
 30
0.0
 10
1233.073552565418
 20
-1188.735440413133
 30
0.0
 10
1234.99823650516
 20
-1183.346348876534
 30
0.0
 10
1240.002426495825
 20
-1183.731250422468
 30
0.0
 10
1244.236695921241
 20
-1182.576428311284
 30
0.0
 10
1256.554661388245
 20
-1179.112020714427
 30
0.0
 10
1268.487725309318
 20
-1175.647554380877
 30
0.0
 10
1280.805690776322
 20
-1172.18314678402
 30
0.0
 10
1285.809880766988
 20
-1170.643423126905
 30
0.0
 10
1290.429110475026
 20
-1169.103640733096
 30
0.0
 10
1294.27847835451
 20
-1164.099450742431
 30
0.0
 10
1296.203162294252
 20
-1161.404904974132
 30
0.0
 10
1301.59225383085
 20
-1161.404904974132
 30
0.0
 10
1305.441621710332
 20
-1160.250082862949
 30
0.0
 10
1311.985535358113
 20
-1157.555537094649
 30
0.0
 10
1318.91440928852
 20
-1155.245892872283
 30
0.0
 10
1325.458322936302
 20
-1152.166386821358
 30
0.0
 10
1327.383006876042
 20
-1151.396524992801
 30
0.0
 10
1329.307690815784
 20
-1149.471841053059
 30
0.0
 10
1329.692651098409
 20
-1147.932058659251
 30
0.0
 10
1330.462512926966
 20
-1144.082690779769
 30
0.0
 10
1332.772157149333
 20
-1142.927868668587
 30
0.0
 10
1335.851663200257
 20
-1141.773046557402
 30
0.0
 10
1344.705221070406
 20
-1138.308638960545
 30
0.0
 10
1353.173818657928
 20
-1134.844172626996
 30
0.0
 10
1361.64241624545
 20
-1130.994804747514
 30
0.0
 10
1363.567100185192
 20
-1129.839982636331
 30
0.0
 10
1365.491784124933
 20
-1127.145436868032
 30
0.0
 10
1366.261645953491
 20
-1124.835792645665
 30
0.0
 10
1367.031507782049
 20
-1122.526148423298
 30
0.0
 10
1367.801369610606
 20
-1121.371385048807
 30
0.0
 10
1370.111013832971
 20
-1120.601464483558
 30
0.0
 10
1378.579611420495
 20
-1117.521958432633
 30
0.0
 10
1386.663307462084
 20
-1114.442452381709
 30
0.0
 10
1394.746944766983
 20
-1110.978044784852
 30
0.0
 10
1402.445680525947
 20
-1107.513637187994
 30
0.0
 10
1403.215542354505
 20
-1105.973854794185
 30
0.0
 10
1403.600502637131
 20
-1097.120296924038
 30
0.0
 10
1412.838962053211
 20
-1093.270929044556
 30
0.0
 10
1422.462381751917
 20
-1089.421561165074
 30
0.0
 10
1431.700899904688
 20
-1085.572193285592
 30
0.0
 10
1437.859912006537
 20
-1082.877647517293
 30
0.0
 10
1444.403825654319
 20
-1080.183101748993
 30
0.0
 10
1450.562779019476
 20
-1077.103595698069
 30
0.0
 10
1453.257324787774
 20
-1075.563872040953
 30
0.0
 10
1456.3368308387
 20
-1073.254227818587
 30
0.0
 10
1457.876554495815
 20
-1070.559682050287
 30
0.0
 10
1460.18619871818
 20
-1067.09527445343
 30
0.0
 10
1459.41627815293
 20
-1062.860946291323
 30
0.0
 10
1456.721732384631
 20
-1059.396538694466
 30
0.0
 10
1454.027186616333
 20
-1055.932131097608
 30
0.0
 10
1449.792858454224
 20
-1055.547170814983
 30
0.0
 10
1445.943490574744
 20
-1055.932131097608
 30
0.0
 10
1434.395386936296
 20
-1057.471854754724
 30
0.0
 10
1423.232243580474
 20
-1059.396538694466
 30
0.0
 10
1411.684139942026
 20
-1061.321222634208
 30
0.0
 10
1404.75526601162
 20
-1062.47604474539
 30
0.0
 10
1397.826392081213
 20
-1064.400728685132
 30
0.0
 10
1390.512616604876
 20
-1065.940452342247
 30
0.0
 10
1386.278288442767
 20
-1067.09527445343
 30
0.0
 10
1382.428920563285
 20
-1067.865136281987
 30
0.0
 10
1377.809690855243
 20
-1065.940452342247
 30
0.0
 10
1374.730184804321
 20
-1064.785630231065
 30
0.0
 10
1370.495915378906
 20
-1064.785630231065
 30
0.0
 10
1367.031449045357
 20
-1065.17059051369
 30
0.0
 10
1362.02725905469
 20
-1065.940452342247
 30
0.0
 10
1357.023069064024
 20
-1067.865136281987
 30
0.0
 10
1352.018937810051
 20
-1069.019958393172
 30
0.0
 10
1351.249075981494
 20
-1069.404918675797
 30
0.0
 10
1349.709293587686
 20
-1069.404918675797
 30
0.0
 10
1348.939431759129
 20
-1069.019958393172
 30
0.0
 10
1343.550340222529
 20
-1063.245906573948
 30
0.0
 10
1337.006367838056
 20
-1064.785630231065
 30
0.0
 10
1330.847414472899
 20
-1065.555550796314
 30
0.0
 10
1326.228184764859
 20
-1065.940511078939
 30
0.0
 10
1321.608955056818
 20
-1068.635056847239
 30
0.0
 10
1316.604765066153
 20
-1069.404918675797
 30
0.0
 10
1312.755397186671
 20
-1070.174780504354
 30
0.0
 10
1308.521069024562
 20
-1073.254286555279
 30
0.0
 10
1304.286799599147
 20
-1069.019958393172
 30
0.0
 10
1303.131977487965
 20
-1067.865136281987
 30
0.0
 10
1300.437431719667
 20
-1067.865136281987
 30
0.0
 10
1298.512747779925
 20
-1068.250096564614
 30
0.0
 10
1283.115276261997
 20
-1072.099464444096
 30
0.0
 10
1267.717804744067
 20
-1076.333792606203
 30
0.0
 10
1251.935372943513
 20
-1080.568062031618
 30
0.0
 10
1250.780550832329
 20
-1080.953022314243
 30
0.0
 10
1249.240827175214
 20
-1081.722884142802
 30
0.0
 10
1248.470965346656
 20
-1081.337923860177
 30
0.0
 10
1240.387269305065
 20
-1077.103595698069
 30
0.0
 10
1233.073493828726
 20
-1079.79820020306
 30
0.0
 10
1225.374758069762
 20
-1082.877647517293
 30
0.0
 10
1214.596516259873
 20
-1087.1119756794
 30
0.0
 10
1203.818274449983
 20
-1092.116106933372
 30
0.0
 10
1193.040091376788
 20
-1096.350435095481
 30
0.0
 10
1191.500367719671
 20
-1097.120296924038
 30
0.0
 10
1189.190723497304
 20
-1097.120296924038
 30
0.0
 10
1187.650999840189
 20
-1096.735395378106
 30
0.0
 10
1183.416671678082
 20
-1095.580573266921
 30
0.0
 10
1179.567303798598
 20
-1095.580573266921
 30
0.0
 10
1175.717935919118
 20
-1097.890217489288
 30
0.0
 10
1168.019200160152
 20
-1102.509447197328
 30
0.0
 10
1160.320464401188
 20
-1107.513637187994
 30
0.0
 10
1152.621728642223
 20
-1112.132866896034
 30
0.0
 10
1151.082004985106
 20
-1112.902728724592
 30
0.0
 10
1149.157321045366
 20
-1112.902728724592
 30
0.0
 10
1147.232637105624
 20
-1113.287689007218
 30
0.0
 10
1144.1531310547
 20
-1113.672649289843
 30
0.0
 10
1140.688723457843
 20
-1113.672649289843
 30
0.0
 10
1137.60921740692
 20
-1114.827412664334
 30
0.0
 10
1132.605027416254
 20
-1116.752096604076
 30
0.0
 10
1127.985797708214
 20
-1119.446642372375
 30
0.0
 10
1124.906291657289
 20
-1120.986424766183
 30
0.0
 10
1126.446015314405
 20
-1117.137056886701
 30
0.0
 10
1127.985797708214
 20
-1112.517827178661
 30
0.0
 10
1129.910481647954
 20
-1107.898597470619
 30
0.0
 10
1130.295441930579
 20
-1106.743775359437
 30
0.0
 10
1131.450205305071
 20
-1106.358873813504
 30
0.0
 10
1132.605027416254
 20
-1105.588953248254
 30
0.0
 10
1141.073625003777
 20
-1099.81490142903
 30
0.0
 10
1149.542222591299
 20
-1094.040849609806
 30
0.0
 10
1157.625918632888
 20
-1088.266797790584
 30
0.0
 10
1161.860246794997
 20
-1085.187291739658
 30
0.0
 10
1166.094516220412
 20
-1081.337923860177
 30
0.0
 10
1169.943884099894
 20
-1077.87351626332
 30
0.0
 10
1173.023390150818
 20
-1075.178970495021
 30
0.0
 10
1173.793251979376
 20
-1070.944642332914
 30
0.0
 10
1172.253528322261
 20
-1067.480234736056
 30
0.0
 10
1170.328844382519
 20
-1063.630866856573
 30
0.0
 10
1172.638488604885
 20
-1061.706182916832
 30
0.0
 10
1174.948074090558
 20
-1059.78149897709
 30
0.0
 10
1183.031770132149
 20
-1052.852625046684
 30
0.0
 10
1191.115407437046
 20
-1045.538849570345
 30
0.0
 10
1198.429241650078
 20
-1038.225015357313
 30
0.0
 10
1200.353925589819
 20
-1036.300331417573
 30
0.0
 10
1199.58406376126
 20
-1032.066003255464
 30
0.0
 10
1200.353925589819
 20
-1028.986555941232
 30
0.0
 10
1200.738885872444
 20
-1027.446832284117
 30
0.0
 10
1200.353925589819
 20
-1025.907049890309
 30
0.0
 10
1201.508747701002
 20
-1025.13718806175
 30
0.0
 10
1209.207483459966
 20
-1017.053492020161
 30
0.0
 10
1216.90621921893
 20
-1008.969854715264
 30
0.0
 10
1224.604954977896
 20
-1000.886158673673
 30
0.0
 10
1226.144678635012
 20
-999.3464350165577
 30
0.0
 10
1227.684461028821
 20
-997.8066526227485
 30
0.0
 10
1229.224184685936
 20
-996.2669289656333
 30
0.0
 10
1236.153058616343
 20
-989.3380550352267
 30
0.0
 10
1242.312011981499
 20
-982.4092104731662
 30
0.0
 10
1239.6174662132
 20
-971.6309686632776
 30
0.0
 10
1239.232505930575
 20
-970.86110683472
 30
0.0
 10
1239.6174662132
 20
-969.3213538092568
 30
0.0
 10
1240.387328041757
 20
-968.5514626123531
 30
0.0
 10
1251.165569851648
 20
-957.7732208024645
 30
0.0
 10
1257.709483499428
 20
-944.3004332242763
 30
0.0
 10
1264.253397147209
 20
-931.212605928713
 30
0.0
 10
1264.638357429834
 20
-930.4427441001553
 30
0.0
 10
1265.408219258392
 20
-929.2879219889692
 30
0.0
 10
1265.408219258392
 20
-928.1330998777848
 30
0.0
 10
1264.253397147209
 20
-918.1247492647999
 30
0.0
 10
1271.952132906175
 20
-912.3506974455777
 30
0.0
 10
1276.95632289684
 20
-905.0368926008923
 30
0.0
 10
1280.805690776322
 20
-899.2628407816683
 30
0.0
 10
1284.270098373179
 20
-893.1038580481654
 30
0.0
 10
1286.964702878169
 20
-886.5599150320377
 30
0.0
 10
1288.119524989354
 20
-883.4804089811132
 30
0.0
 10
1287.349663160796
 20
-879.2461101873523
 30
0.0
 10
1287.349663160796
 20
-875.3967423078702
 30
0.0
 10
1287.349663160796
 20
-873.4720583681301
 30
0.0
 10
1287.349663160796
 20
-870.7775125998305
 30
0.0
 10
1288.119524989354
 20
-869.2377595743674
 30
0.0
 10
1293.123714980018
 20
-860.3842017042189
 30
0.0
 10
1298.897766799244
 20
-851.5306732024183
 30
0.0
 10
1303.901956789909
 20
-842.6771153322698
 30
0.0
 10
1305.441680447024
 20
-839.982569563972
 30
0.0
 10
1306.211601012274
 20
-835.7482414018632
 30
0.0
 10
1305.441680447024
 20
-833.0536956335654
 30
0.0
 10
1303.516996507282
 20
-827.6645747286202
 30
0.0
 10
1306.211542275581
 20
-824.5850980460418
 30
0.0
 10
1308.906088043881
 20
-821.1206610808385
 30
0.0
 10
1317.75964591403
 20
-808.0328044169291
 30
0.0
 10
1326.998105330109
 20
-794.5600168387427
 30
0.0
 10
1335.466702917631
 20
-781.0872292605545
 30
0.0
 10
1338.546208968557
 20
-776.0830392698881
 30
0.0
 10
1337.776347139999
 20
-770.6939477332908
 30
0.0
 10
1334.696841089073
 20
-767.2295107680875
 30
0.0
 10
1331.61733503815
 20
-764.150004717163
 30
0.0
 10
1325.073421390367
 20
-763.3801428886036
 30
0.0
 10
1320.83909322826
 20
-765.6897577426244
 30
0.0
 10
1311.600633812181
 20
-771.0788786475696
 30
0.0
 10
1302.362115659407
 20
-776.467999552513
 30
0.0
 10
1293.508557789261
 20
-782.6269822860158
 30
0.0
 10
1285.42486174767
 20
-788.4010341052399
 30
0.0
 10
1277.726125988705
 20
-794.5600168387427
 30
0.0
 10
1270.027390229741
 20
-801.1039598548705
 30
0.0
 10
1262.328654470777
 20
-795.7148389499253
 30
0.0
 10
1256.554602651551
 20
-796.8696610611078
 30
0.0
 10
1250.780550832329
 20
-804.5683968200719
 30
0.0
 10
1249.240827175214
 20
-806.4930807598139
 30
0.0
 10
1247.316143235472
 20
-808.032833785277
 30
0.0
 10
1245.776360841664
 20
-809.9575177250172
 30
0.0
 10
1241.542032679556
 20
-814.5767474330569
 30
0.0
 10
1237.692664800074
 20
-819.5809374237233
 30
0.0
 10
1233.458395374659
 20
-823.8152362174842
 30
0.0
 10
1232.303573263474
 20
-824.9700583286685
 30
0.0
 10
1229.993987777802
 20
-826.124851071505
 30
0.0
 10
1228.06930383806
 20
-826.124851071505
 30
0.0
 10
1224.219935958577
 20
-826.5097819857838
 30
0.0
 10
1220.755528361722
 20
-827.2796731826875
 30
0.0
 10
1217.676022310796
 20
-830.3591498652659
 30
0.0
 10
1212.671832320131
 20
-835.3633398559323
 30
0.0
 10
1207.282740783532
 20
-840.3675004782508
 30
0.0
 10
1201.893590510243
 20
-845.3716904689154
 30
0.0
 10
1201.123728681685
 20
-846.1415522974748
 30
0.0
 10
1200.73876839906
 20
-847.6813053229362
 30
0.0
 10
1199.583946287876
 20
-848.8361274341187
 30
0.0
 10
1197.274302065509
 20
-850.7608113738606
 30
0.0
 10
1195.349618125769
 20
-853.4553571421602
 30
0.0
 10
1192.655072357469
 20
-853.8403174247851
 30
0.0
 10
1188.805704477987
 20
-854.6101792533427
 30
0.0
 10
1185.726198427063
 20
-855.7650013645252
 30
0.0
 10
1183.031652658763
 20
-858.4595471328248
 30
0.0
 10
1173.793193242684
 20
-866.9281447203466
 30
0.0
 10
1166.864319312277
 20
-877.3214556159583
 30
0.0
 10
1160.705307210428
 20
-888.0996680575008
 30
0.0
 10
1160.320346927801
 20
-888.8695298860584
 30
0.0
 10
1159.935445381871
 20
-890.024351997241
 30
0.0
 10
1159.165583553313
 20
-890.024351997241
 30
0.0
 10
1149.542163854607
 20
-893.4887889624442
 30
0.0
 10
1144.153072318008
 20
-901.5724556356872
 30
0.0
 10
1138.763922044716
 20
-908.8862604803744
 30
0.0
 10
1132.604909942867
 20
-916.9699271536174
 30
0.0
 10
1127.600778688895
 20
-926.2084159380447
 30
0.0
 10
1122.211628415605
 20
-935.061973808195
 30
0.0
 10
1120.286944475863
 20
-938.5264107733983
 30
0.0
 10
1117.592398707564
 20
-940.0661637988615
 30
0.0
 10
1113.743030828082
 20
-941.6058874559767
 30
0.0
 10
1110.278623231225
 20
-942.7607095671592
 30
0.0
 10
1106.814156897675
 20
-945.8401862497376
 30
0.0
 10
1104.889472957933
 20
-948.9196923006621
 30
0.0
 10
1097.575697481596
 20
-961.2376577676678
 30
0.0
 10
1091.03172509712
 20
-974.3255144315772
 30
0.0
 10
1083.717949620783
 20
-986.6435092669271
 30
0.0
 10
1082.948087792223
 20
-988.1832329240424
 30
0.0
 10
1081.408305398416
 20
-990.1079168637843
 30
0.0
 10
1080.253542023926
 20
-990.1079168637843
 30
0.0
 10
1074.479490204702
 20
-990.877778692342
 30
0.0
 10
1071.784944436402
 20
-994.7271465718259
 30
0.0
 10
1070.245162042593
 20
-999.3463762798656
 30
0.0
 10
1064.47111022337
 20
-1015.128808080419
 30
0.0
 10
1058.697058404146
 20
-1031.296141426907
 30
0.0
 10
1052.923006584922
 20
-1047.078514490768
 30
0.0
 10
1052.538046302299
 20
-1048.618238147885
 30
0.0
 10
1050.613362362557
 20
-1050.158020541692
 30
0.0
 10
1049.458598988067
 20
-1050.542922087625
 30
0.0
 10
1045.609231108585
 20
-1051.697744198809
 30
0.0
 10
1043.299586886218
 20
-1054.007329684482
 30
0.0
 10
1042.144823511728
 20
-1057.856697563966
 30
0.0
 10
1041.759863229101
 20
-1059.396421221081
 30
0.0
 10
1040.220139571986
 20
-1060.936203614889
 30
0.0
 10
1039.450277743428
 20
-1062.475927272006
 30
0.0
 10
1039.065317460803
 20
-1062.090966989381
 30
0.0
 10
1038.295455632244
 20
-1061.706065443446
 30
0.0
 10
1037.910554086313
 20
-1061.706065443446
 30
0.0
 10
1039.450277743428
 20
-1057.856697563966
 30
0.0
 10
1040.990060137236
 20
-1054.007329684482
 30
0.0
 10
1042.14488224842
 20
-1049.773001522375
 30
0.0
 10
1045.224388299344
 20
-1040.534542106296
 30
0.0
 10
1048.688795896202
 20
-1031.29602395352
 30
0.0
 10
1051.768301947126
 20
-1022.057564537441
 30
0.0
 10
1054.077946169491
 20
-1014.743789061102
 30
0.0
 10
1052.923124058309
 20
-1011.664283010177
 30
0.0
 10
1047.533973785017
 20
-1008.199816676628
 30
0.0
 10
1049.458657724759
 20
-998.5763969779218
 30
0.0
 10
1051.383341664499
 20
-988.9529772792157
 30
0.0
 10
1052.923065321616
 20
-979.7144884947902
 30
0.0
 10
1052.923065321616
 20
-978.9446266662308
 30
0.0
 10
1053.308025604241
 20
-977.7898045550482
 30
0.0
 10
1052.923065321616
 20
-977.0199427264906
 30
0.0
 10
1049.458657724759
 20
-970.0910687960841
 30
0.0
 10
1053.692927150174
 20
-964.31701697686
 30
0.0
 10
1055.232709543983
 20
-958.158034243359
 30
0.0
 10
1056.772433201098
 20
-951.9990515098561
 30
0.0
 10
1058.69711714084
 20
-946.2249996906321
 30
0.0
 10
1060.236899534648
 20
-940.0660169571292
 30
0.0
 10
1061.776623191763
 20
-933.5221033093476
 30
0.0
 10
1059.082077423465
 20
-928.9028442329582
 30
0.0
 10
1053.308025604241
 20
-926.2082984646586
 30
0.0
 10
1054.077887432799
 20
-921.9739996708977
 30
0.0
 10
1055.232709543983
 20
-918.1246317914156
 30
0.0
 10
1055.617669826608
 20
-913.8903329976547
 30
0.0
 10
1056.772491937791
 20
-907.346419349873
 30
0.0
 10
1057.927314048975
 20
-900.8024763337453
 30
0.0
 10
1058.312215594906
 20
-894.6434936002424
 30
0.0
 10
1058.697175877533
 20
-892.3338787462235
 30
0.0
 10
1057.927255312281
 20
-889.254372695299
 30
0.0
 10
1056.387531655166
 20
-887.3296887555571
 30
0.0
 10
1054.077887432799
 20
-885.0200739015381
 30
0.0
 10
1054.462847715424
 20
-883.0953899617962
 30
0.0
 10
1055.232709543983
 20
-880.4008148251505
 30
0.0
 10
1060.236899534648
 20
-865.388274221501
 30
0.0
 10
1061.006761363205
 20
-849.9908027035708
 30
0.0
 10
1060.236899534648
 20
-834.5933311856425
 30
0.0
 10
1060.236899534648
 20
-833.0535781601793
 30
0.0
 10
1059.851939252023
 20
-831.513825134718
 30
0.0
 10
1059.082077423465
 20
-830.7439633061604
 30
0.0
 10
1055.232709543983
 20
-827.2795263409571
 30
0.0
 10
1056.387531655166
 20
-823.0452275471944
 30
0.0
 10
1056.387531655166
 20
-818.8109287534335
 30
0.0
 10
1056.387531655166
 20
-810.3423311659117
 30
0.0
 10
1056.772491937791
 20
-801.873704210042
 30
0.0
 10
1056.002571372541
 20
-793.4051066225202
 30
0.0
 10
1056.002571372541
 20
-790.3256005715957
 30
0.0
 10
1053.692927150174
 20
-787.2461238890173
 30
0.0
 10
1052.538163775684
 20
-784.1666178380929
 30
0.0
 10
1052.153203493057
 20
-783.0117957269103
 30
0.0
 10
1051.383341664499
 20
-781.8570029840739
 30
0.0
 10
1051.383341664499
 20
-780.7021808728896
 30
0.0
 10
1052.538163775684
 20
-770.6938302599046
 30
0.0
 10
1053.308025604241
 20
-760.6854796469197
 30
0.0
 10
1050.613479835942
 20
-750.6770996655905
 30
0.0
 10
1049.843618007384
 20
-748.3674848115697
 30
0.0
 10
1050.613479835942
 20
-745.2879787606453
 30
0.0
 10
1050.228519553317
 20
-742.9783639066245
 30
0.0
 10
1049.843559270692
 20
-737.974188600132
 30
0.0
 10
1048.303835613577
 20
-734.12482072065
 30
0.0
 10
1042.914744076978
 20
-732.2001367809098
 30
0.0
 10
1042.14488224842
 20
-731.815205866631
 30
0.0
 10
1040.990060137236
 20
-730.2754528411679
 30
0.0
 10
1040.990060137236
 20
-729.1206454141575
 30
0.0
 10
1040.220198308678
 20
-720.2671022281829
 30
0.0
 10
1039.45033648012
 20
-711.4135590422084
 30
0.0
 10
1039.065376197495
 20
-702.5600011720599
 30
0.0
 10
1038.295514368938
 20
-693.3215123876344
 30
0.0
 10
1035.216008318013
 20
-689.0872135938735
 30
0.0
 10
1027.902232841674
 20
-686.7775987398527
 30
0.0
 10
1025.977548901932
 20
-677.5391099554254
 30
0.0
 10
1024.437825244817
 20
-668.300635855172
 30
0.0
 10
1022.513141305075
 20
-659.4470926691974
 30
0.0
 10
1022.12818102245
 20
-657.5224087294555
 30
0.0
 10
1020.588457365335
 20
-655.5977247897154
 30
0.0
 10
1019.43363525415
 20
-654.8278482769838
 30
0.0
 10
1015.969227657293
 20
-653.2880952515225
 30
0.0
 10
1016.354129203228
 20
-651.3634113117805
 30
0.0
 10
1015.969227657293
 20
-648.28391994503
 30
0.0
 10
1015.199365828736
 20
-642.1249372115271
 30
0.0
 10
1014.044543717553
 20
-635.5810088795733
 30
0.0
 10
1012.889721606371
 20
-629.4220114618965
 30
0.0
 10
1012.119859777811
 20
-624.8027670696829
 30
0.0
 10
1011.349968580907
 20
-619.7985917631922
 30
0.0
 10
1010.58010675235
 20
-615.1793473709786
 30
0.0
 10
1008.655422812608
 20
-604.4011202452621
 30
0.0
 10
1007.115669787147
 20
-593.6228857774604
 30
0.0
 10
1004.806054933126
 20
-582.8446586517439
 30
0.0
 10
1003.651232821943
 20
-576.3007303197901
 30
0.0
 10
1000.956687053644
 20
-573.9911154657693
 30
0.0
 10
995.1826352344196
 20
-573.6061772094035
 30
0.0
 10
989.7935143294762
 20
-573.2212389530378
 30
0.0
 10
985.1742846214356
 20
-576.3007376618762
 30
0.0
 10
983.6345315959734
 20
-582.0747894810993
 30
0.0
 10
981.7098476562323
 20
-589.7735252400644
 30
0.0
 10
980.5550255450489
 20
-597.4722609990295
 30
0.0
 10
979.0153018879337
 20
-605.5559350143594
 30
0.0
 10
977.8604797767493
 20
-610.9450485772177
 30
0.0
 10
977.0906179481917
 20
-616.7191003964399
 30
0.0
 10
976.3207561196341
 20
-622.1082213013851
 30
0.0
 10
975.5508942910765
 20
-627.8822731206092
 30
0.0
 10
974.7810030941719
 20
-633.6563249398314
 30
0.0
 10
973.6262103513345
 20
-639.4303767590554
 30
0.0
 10
973.2412794370557
 20
-640.585184186064
 30
0.0
 10
972.471388240152
 20
-642.509868125806
 30
0.0
 10
971.7015264115944
 20
-642.509868125806
 30
0.0
 10
965.9274745923703
 20
-644.0496211512691
 30
0.0
 10
965.1576127638127
 20
-648.28391994503
 30
0.0
 10
964.7726524811869
 20
-652.9031643372437
 30
0.0
 10
963.6178303700035
 20
-664.0663370614111
 30
0.0
 10
962.4630376271671
 20
-674.8445641871258
 30
0.0
 10
960.9232846017048
 20
-686.0077369112951
 30
0.0
 10
960.9232846017048
 20
-686.7776134240266
 30
0.0
 10
959.3835315762426
 20
-687.5474899367564
 30
0.0
 10
958.613669747685
 20
-688.3173517653158
 30
0.0
 10
954.3793709539241
 20
-691.3968431320664
 30
0.0
 10
951.2998649029996
 20
-694.8612800972696
 30
0.0
 10
950.9149339887208
 20
-700.6353319164919
 30
0.0
 10
950.1450721601623
 20
-709.8738207009192
 30
0.0
 10
948.6053191347
 20
-719.4972403996253
 30
0.0
 10
947.0655661092378
 20
-728.7357144998787
 30
0.0
 10
947.0655661092378
 20
-729.5055910126102
 30
0.0
 10
945.9107439980544
 20
-730.2754675253418
 30
0.0
 10
945.1408821694968
 20
-730.6603984396206
 30
0.0
 10
943.6011291440345
 20
-732.5850823793608
 30
0.0
 10
940.9065833757359
 20
-734.5097663191027
 30
0.0
 10
940.521652461457
 20
-736.8193811731217
 30
0.0
 10
939.3668303502727
 20
-742.5934329923457
 30
0.0
 10
938.5969685217151
 20
-748.7524157258486
 30
0.0
 10
938.2120376074363
 20
-754.9113984593514
 30
0.0
 10
937.8271066931575
 20
-760.6854502785736
 30
0.0
 10
938.2120376074363
 20
-766.4595020977977
 30
0.0
 10
938.2120376074363
 20
-771.8486230027411
 30
0.0
 10
938.2120376074363
 20
-776.4678527107826
 30
0.0
 10
939.3668597186197
 20
-781.856973615726
 30
0.0
 10
935.5174918391367
 20
-785.7063414952099
 30
0.0
 10
935.1325609248579
 20
-786.4762033237675
 30
0.0
 10
934.7476300105791
 20
-787.6310254349501
 30
0.0
 10
934.7476300105791
 20
-788.4008872635077
 30
0.0
 10
935.5174918391367
 20
-799.5640599876751
 30
0.0
 10
930.1284003025394
 20
-810.3422724292195
 30
0.0
 10
934.3626990963003
 20
-821.505445153387
 30
0.0
 10
936.2873830360413
 20
-826.8945660583304
 30
0.0
 10
935.1325609248579
 20
-833.0535487918332
 30
0.0
 10
931.2831930453758
 20
-838.0577387824997
 30
0.0
 10
928.2036869944513
 20
-841.9071066619817
 30
0.0
 10
928.5886472770762
 20
-846.5263363700215
 30
0.0
 10
929.7434400199136
 20
-851.1455954464072
 30
0.0
 10
930.1283709341933
 20
-853.0702793861492
 30
0.0
 10
930.5133018484721
 20
-854.6100324116123
 30
0.0
 10
930.898262131097
 20
-856.5347163513525
 30
0.0
 10
932.0530842422795
 20
-861.9238372562977
 30
0.0
 10
933.2078769851169
 20
-867.6978890755199
 30
0.0
 10
934.3626990963003
 20
-873.0870099804652
 30
0.0
 10
934.7476300105791
 20
-875.0116939202053
 30
0.0
 10
934.3626990963003
 20
-876.9363778599472
 30
0.0
 10
933.9777681820215
 20
-878.8610617996892
 30
0.0
 10
933.5928372677427
 20
-883.8652517903538
 30
0.0
 10
932.4380151565592
 20
-888.8694124126741
 30
0.0
 10
932.822946070838
 20
-893.8736024033387
 30
0.0
 10
933.5928078993966
 20
-901.9572690765817
 30
0.0
 10
935.9024521217625
 20
-909.6560048355459
 30
0.0
 10
937.4421757788787
 20
-917.7396715087907
 30
0.0
 10
937.8271066931575
 20
-918.8944936199732
 30
0.0
 10
938.2120376074363
 20
-920.0492863628097
 30
0.0
 10
937.4421757788787
 20
-920.8191775597152
 30
0.0
 10
931.6681239596546
 20
-928.1329824044005
 30
0.0
 10
933.9777388136754
 20
-936.601579991926
 30
0.0
 10
934.7476300105791
 20
-944.3003157508901
 30
0.0
 10
935.5174918391367
 20
-951.6141205955755
 30
0.0
 10
938.2120669757824
 20
-958.5429651576378
 30
0.0
 10
939.7518200012446
 20
-965.4718390880444
 30
0.0
 10
940.1367509155243
 20
-967.0115921135057
 30
0.0
 10
939.7518200012446
 20
-968.9362760532458
 30
0.0
 10
938.981958172687
 20
-969.7061378818053
 30
0.0
 10
935.9024521217625
 20
-973.1705748470085
 30
0.0
 10
935.132590293204
 20
-977.4048736407694
 30
0.0
 10
936.2874124043883
 20
-981.2542415202515
 30
0.0
 10
938.981958172687
 20
-991.2626215015825
 30
0.0
 10
942.0614642236105
 20
-1001.270942746221
 30
0.0
 10
944.7560099919101
 20
-1011.279322727552
 30
0.0
 10
945.5258718204677
 20
-1013.97386849585
 30
0.0
 10
945.9108321030935
 20
-1016.283512718217
 30
0.0
 10
944.3710790776313
 20
-1019.363018769141
 30
0.0
 10
940.906642112428
 20
-1026.291892699548
 30
0.0
 10
944.3710790776313
 20
-1032.83580634733
 30
0.0
 10
946.2957630173723
 20
-1039.379719995111
 30
0.0
 10
949.7601999825756
 20
-1050.157961805
 30
0.0
 10
953.9944987763374
 20
-1060.936203614889
 30
0.0
 10
958.2287975700983
 20
-1072.09934697071
 30
0.0
 10
955.5342518017987
 20
-1073.254169081894
 30
0.0
 10
953.6095678620586
 20
-1074.024030910452
 30
0.0
 10
950.914992725413
 20
-1075.178853021636
 30
0.0
 10
948.2204469571134
 20
-1068.634939373853
 30
0.0
 10
945.5258718204677
 20
-1061.706065443446
 30
0.0
 10
942.0614348552645
 20
-1055.162151795666
 30
0.0
 10
941.2915730267068
 20
-1053.237467855924
 30
0.0
 10
939.3668890869658
 20
-1050.927823633558
 30
0.0
 10
937.4422051472247
 20
-1050.542922087625
 30
0.0
 10
933.5928372677427
 20
-1049.773060259067
 30
0.0
 10
932.8229754391841
 20
-1047.463416036702
 30
0.0
 10
931.6681533280007
 20
-1044.383909985776
 30
0.0
 10
925.8941015087776
 20
-1028.601478185223
 30
0.0
 10
920.5049806038332
 20
-1012.434144838735
 30
0.0
 10
914.3459978703304
 20
-996.6517717748739
 30
0.0
 10
912.8062448448691
 20
-992.0325420668341
 30
0.0
 10
909.3418078796658
 20
-988.568075733283
 30
0.0
 10
903.9527163430666
 20
-987.7982139047253
 30
0.0
 10
902.7978942318841
 20
-987.7982139047253
 30
0.0
 10
901.6431014890468
 20
-986.6433917935428
 30
0.0
 10
900.8732102921422
 20
-985.8735299649852
 30
0.0
 10
894.3292966443614
 20
-973.9404954122583
 30
0.0
 10
887.7853536282337
 20
-961.6225005769084
 30
0.0
 10
880.8565090661732
 20
-949.6894660241815
 30
0.0
 10
878.9318251264322
 20
-946.2250290589782
 30
0.0
 10
875.4673881612289
 20
-942.7605920937749
 30
0.0
 10
871.6180202817468
 20
-941.6057993509385
 30
0.0
 10
865.4590375482439
 20
-939.6811154111965
 30
0.0
 10
863.5343536085029
 20
-935.0618857031568
 30
0.0
 10
860.8397784718582
 20
-930.4426266267692
 30
0.0
 10
856.2205487638175
 20
-923.1288217820802
 30
0.0
 10
851.6012896874308
 20
-916.1999772200215
 30
0.0
 10
846.5971290651123
 20
-909.271103289615
 30
0.0
 10
841.9778993570708
 20
-903.1121205561121
 30
0.0
 10
836.9737093664062
 20
-897.3380687368881
 30
0.0
 10
832.3544796583656
 20
-891.1790860033852
 30
0.0
 10
831.5846178298079
 20
-890.4092241748276
 30
0.0
 10
830.8147266329033
 20
-889.2544020636451
 30
0.0
 10
830.0448648043457
 20
-888.8694711493663
 30
0.0
 10
821.9611981311018
 20
-886.9447872096243
 30
0.0
 10
820.4214451056396
 20
-878.8611205363813
 30
0.0
 10
816.1871463118787
 20
-873.4719996314361
 30
0.0
 10
810.4130944926546
 20
-866.5431257010296
 30
0.0
 10
805.0239735877112
 20
-859.9992120532479
 30
0.0
 10
799.2499217684872
 20
-853.0703381228413
 30
0.0
 10
798.4800599399296
 20
-851.9155160116588
 30
0.0
 10
796.5553760001876
 20
-851.1456541831012
 30
0.0
 10
795.0156229747263
 20
-851.1456541831012
 30
0.0
 10
785.777134190299
 20
-850.7607232688206
 30
0.0
 10
782.3126972250957
 20
-843.4469184241352
 30
0.0
 10
776.9236056884974
 20
-837.672866604913
 30
0.0
 10
771.1495538692743
 20
-831.1289529571313
 30
0.0
 10
765.7604329643291
 20
-823.815148112446
 30
0.0
 10
755.3671514370653
 20
-824.9699408552824
 30
0.0
 10
754.5972749243356
 20
-824.9699408552824
 30
0.0
 10
753.4424674973252
 20
-824.5850099410036
 30
0.0
 10
753.0575365830464
 20
-823.8151187440999
 30
0.0
 10
748.0533612765539
 20
-818.0410669248758
 30
0.0
 10
742.6642403716087
 20
-812.6519460199306
 30
0.0
 10
737.6600650651162
 20
-806.8778942007084
 30
0.0
 10
736.5052576381067
 20
-805.3381411752453
 30
0.0
 10
734.9655046126445
 20
-804.1833484324088
 30
0.0
 10
733.8106971856341
 20
-802.6435954069457
 30
0.0
 10
728.036645366411
 20
-794.9448596479815
 30
0.0
 10
723.0324700599185
 20
-793.790037536799
 30
0.0
 10
714.5638577882228
 20
-798.024365698906
 30
0.0
 10
699.5513171845723
 20
-785.3214399492754
 30
0.0
 10
683.7689147523652
 20
-773.0034744822715
 30
0.0
 10
665.6768827819633
 20
-764.1499166121248
 30
0.0
 10
659.9028309627392
 20
-761.4553708438252
 30
0.0
 10
654.8986556562468
 20
-761.4553708438252
 30
0.0
 10
651.4342186910435
 20
-764.5348475264036
 30
0.0
 10
648.354727324293
 20
-767.6143535773263
 30
0.0
 10
647.1999198972826
 20
-774.9281290536674
 30
0.0
 10
649.8944656655822
 20
-779.5473881300532
 30
0.0
 10
654.5137100577958
 20
-787.2461238890173
 30
0.0
 10
659.5178853642874
 20
-794.5599287337027
 30
0.0
 10
664.5220606707799
 20
-801.873733578388
 30
0.0
 10
667.9864976359831
 20
-807.2628544833333
 30
0.0
 10
671.8358655154661
 20
-812.6519753882785
 30
0.0
 10
675.6852333949482
 20
-818.0410669248758
 30
0.0
 10
677.2249864204096
 20
-819.965750864616
 30
0.0
 10
679.1496703601515
 20
-821.8904348043579
 30
0.0
 10
681.0743542998925
 20
-824.2000496583787
 30
0.0
 10
676.8400555061307
 20
-830.3590323918797
 30
0.0
 10
677.9948629331411
 20
-836.5180151253826
 30
0.0
 10
681.4592852141714
 20
-842.2920669446066
 30
0.0
 10
686.8484061191157
 20
-851.530555729034
 30
0.0
 10
693.0073888526185
 20
-860.3840842308346
 30
0.0
 10
698.3965097575629
 20
-869.2376421009831
 30
0.0
 10
698.7814406718417
 20
-870.0075039295407
 30
0.0
 10
699.1663862702935
 20
-871.1623260407232
 30
0.0
 10
698.7814406718417
 20
-871.9321878692826
 30
0.0
 10
696.086880219369
 20
-878.8610617996892
 30
0.0
 10
697.2416876463794
 20
-885.404975447469
 30
0.0
 10
701.0910555258615
 20
-891.1790272666931
 30
0.0
 10
706.095230832354
 20
-898.8777630256573
 30
0.0
 10
711.4843517372992
 20
-906.5764987846233
 30
0.0
 10
716.8734579580705
 20
-914.6601654578662
 30
0.0
 10
717.6433344708012
 20
-915.4300272864239
 30
0.0
 10
718.02826538508
 20
-916.969780311887
 30
0.0
 10
718.02826538508
 20
-917.7396715087907
 30
0.0
 10
717.2583888723493
 20
-923.8986542422936
 30
0.0
 10
719.5680184105422
 20
-928.9028442329582
 30
0.0
 10
723.0324406915724
 20
-933.9070048552821
 30
0.0
 10
727.6516850837852
 20
-940.450918503062
 30
0.0
 10
731.1161073648163
 20
-947.7647233477473
 30
0.0
 10
735.3504208427503
 20
-954.6935972781539
 30
0.0
 10
737.6600356967701
 20
-958.5429651576378
 30
0.0
 10
740.7395417476946
 20
-962.3923330371199
 30
0.0
 10
743.4340875159942
 20
-966.241700916602
 30
0.0
 10
743.819018430273
 20
-967.0115627451596
 30
0.0
 10
744.5888949430046
 20
-968.1663848563421
 30
0.0
 10
744.2039640287248
 20
-968.9362466849016
 30
0.0
 10
741.5094035762522
 20
-976.6349824438657
 30
0.0
 10
745.7437170541871
 20
-982.409034263088
 30
0.0
 10
749.978015847948
 20
-987.0282639711295
 30
0.0
 10
760.3713120593857
 20
-998.5763382412297
 30
0.0
 10
771.1495245009282
 20
-1009.739540333743
 30
0.0
 10
781.9277663108169
 20
-1021.287643972191
 30
0.0
 10
783.0825884219994
 20
-1022.442466083374
 30
0.0
 10
783.8524502505579
 20
-1024.752051569048
 30
0.0
 10
783.4675193362791
 20
-1026.291833962856
 30
0.0
 10
783.0825884219994
 20
-1030.526162124963
 30
0.0
 10
783.8524502505579
 20
-1034.375530004447
 30
0.0
 10
786.9319563014824
 20
-1037.070075772745
 30
0.0
 10
795.0156229747263
 20
-1044.383851249084
 30
0.0
 10
803.4842499305942
 20
-1051.697685462117
 30
0.0
 10
811.5679166038381
 20
-1059.011460938455
 30
0.0
 10
813.8775314578579
 20
-1060.936144878197
 30
0.0
 10
814.2624623721367
 20
-1062.475868535312
 30
0.0
 10
813.4926005435791
 20
-1065.170473040303
 30
0.0
 10
811.9528475181178
 20
-1069.404801202412
 30
0.0
 10
813.4926005435791
 20
-1073.254169081894
 30
0.0
 10
816.9570375087824
 20
-1076.333616396125
 30
0.0
 10
826.1955262932097
 20
-1083.647391872466
 30
0.0
 10
835.4340150776361
 20
-1091.34612763143
 30
0.0
 10
844.6724744937164
 20
-1098.659961844462
 30
0.0
 10
847.7519805446409
 20
-1100.969606066828
 30
0.0
 10
850.8314572272193
 20
-1102.89429000657
 30
0.0
 10
853.5260323638649
 20
-1104.434013663686
 30
0.0
 10
855.0657853893263
 20
-1109.053243371725
 30
0.0
 10
856.2205781321636
 20
-1112.902611251207
 30
0.0
 10
857.375400243347
 20
-1116.75197913069
 30
0.0
 10
854.2958941924226
 20
-1115.212255473574
 30
0.0
 10
851.2164175098442
 20
-1113.287571533834
 30
0.0
 10
847.7519805446409
 20
-1112.13274942265
 30
0.0
 10
845.442365690621
 20
-1111.362887594092
 30
0.0
 10
842.7477905539754
 20
-1110.208065482908
 30
0.0
 10
840.8231066142343
 20
-1110.593025765535
 30
0.0
 10
836.9737387347523
 20
-1111.747847876717
 30
0.0
 10
834.2791929664527
 20
-1110.593025765535
 30
0.0
 10
831.1996869155282
 20
-1108.283381543168
 30
0.0
 10
824.2708129851217
 20
-1103.279191552501
 30
0.0
 10
816.9570375087824
 20
-1099.044922127086
 30
0.0
 10
809.643232664097
 20
-1095.195554247604
 30
0.0
 10
806.5637266131725
 20
-1093.655830590489
 30
0.0
 10
802.3294278194116
 20
-1094.425692419047
 30
0.0
 10
798.4800599399296
 20
-1094.425692419047
 30
0.0
 10
796.5553760001876
 20
-1094.425692419047
 30
0.0
 10
794.6306920604475
 20
-1094.810652701672
 30
0.0
 10
793.0909390349843
 20
-1094.040732136422
 30
0.0
 10
780.0030823710758
 20
-1089.036542145755
 30
0.0
 10
767.3001859897922
 20
-1083.262490326533
 30
0.0
 10
754.2123293258828
 20
-1078.258300335867
 30
0.0
 10
749.2081540193903
 20
-1076.333616396125
 30
0.0
 10
743.819033114446
 20
-1075.948656113502
 30
0.0
 10
738.4299268936747
 20
-1078.643260618492
 30
0.0
 10
737.2751194666653
 20
-1079.028220901117
 30
0.0
 10
735.3504355269233
 20
-1079.028220901117
 30
0.0
 10
734.1956280999129
 20
-1078.643260618492
 30
0.0
 10
722.2625935471879
 20
-1075.178853021636
 30
0.0
 10
710.3295443102888
 20
-1071.714386688085
 30
0.0
 10
698.011564159111
 20
-1068.24997909123
 30
0.0
 10
694.5471271939077
 20
-1067.095156980045
 30
0.0
 10
690.6977593144247
 20
-1066.710255434113
 30
0.0
 10
687.2333370333945
 20
-1066.325295151488
 30
0.0
 10
685.3086530936534
 20
-1065.940334868863
 30
0.0
 10
682.9990382396336
 20
-1066.325295151488
 30
0.0
 10
681.8442161284502
 20
-1067.095156980045
 30
0.0
 10
676.8400408219586
 20
-1071.329485142152
 30
0.0
 10
672.220796429745
 20
-1067.48011726267
 30
0.0
 10
667.2166211232525
 20
-1066.710196697421
 30
0.0
 10
659.9028162785671
 20
-1065.555374586238
 30
0.0
 10
652.204080519602
 20
-1064.400552475054
 30
0.0
 10
644.505344760637
 20
-1063.245789100563
 30
0.0
 10
643.3505373336275
 20
-1063.245789100563
 30
0.0
 10
641.8107843081652
 20
-1063.245789100563
 30
0.0
 10
641.0409151375206
 20
-1064.015650929121
 30
0.0
 10
634.8819250619317
 20
-1070.17466303097
 30
0.0
 10
628.7229349863428
 20
-1064.785512757679
 30
0.0
 10
622.5639449107539
 20
-1064.015650929121
 30
0.0
 10
616.7898930915308
 20
-1063.245789100563
 30
0.0
 10
611.0158412723067
 20
-1062.090966989381
 30
0.0
 10
605.6267277094485
 20
-1065.170473040303
 30
0.0
 10
604.8568511967178
 20
-1065.55543332293
 30
0.0
 10
603.7020437697083
 20
-1065.55543332293
 30
0.0
 10
602.5472363426979
 20
-1065.55543332293
 30
0.0
 10
594.0786240710022
 20
-1064.015709665813
 30
0.0
 10
585.2250808850276
 20
-1062.091025726073
 30
0.0
 10
576.7564722843745
 20
-1060.551243332264
 30
0.0
 10
567.1330525856692
 20
-1059.011519675149
 30
0.0
 10
557.1246983016408
 20
-1057.471737281339
 30
0.0
 10
547.5012767674143
 20
-1056.316915170157
 30
0.0
 10
545.1916564068288
 20
-1055.931954887532
 30
0.0
 10
542.8820342107219
 20
-1055.162093058974
 30
0.0
 10
540.9573502709809
 20
-1054.77719151304
 30
0.0
 10
535.5682348726014
 20
-1053.622369401857
 30
0.0
 10
530.1791203919829
 20
-1055.547053341599
 30
0.0
 10
528.2544364522419
 20
-1059.781381503706
 30
0.0
 10
525.9448156327762
 20
-1065.55543332293
 30
0.0
 10
527.4845626927927
 20
-1071.329485142152
 30
0.0
 10
532.8736780911731
 20
-1074.024030910452
 30
0.0
 10
544.0368453087758
 20
-1079.413122447051
 30
0.0
 10
555.9698835325453
 20
-1084.417312437716
 30
0.0
 10
567.5179871709915
 20
-1089.806462711007
 30
0.0
 10
572.5221661485266
 20
-1092.116106933372
 30
0.0
 10
577.5263451260626
 20
-1093.655830590489
 30
0.0
 10
583.3003969452857
 20
-1095.965474812856
 30
0.0
 10
580.9907747491798
 20
-1106.35875634012
 30
0.0
 10
589.0744487645097
 20
-1109.053302108417
 30
0.0
 10
596.0033080107432
 20
-1111.747906613409
 30
0.0
 10
603.3171055133425
 20
-1114.827412664334
 30
0.0
 10
611.0158412723067
 20
-1117.521958432633
 30
0.0
 10
618.3296461169921
 20
-1120.216504200933
 30
0.0
 10
619.0995226297237
 20
-1120.601464483558
 30
0.0
 10
620.254330056734
 20
-1121.756227858048
 30
0.0
 10
620.254330056734
 20
-1122.526148423298
 30
0.0
 10
621.0242065694647
 20
-1126.760476585407
 30
0.0
 10
623.3338214234846
 20
-1129.455022353704
 30
0.0
 10
627.5681275593324
 20
-1130.994746010821
 30
0.0
 10
636.421670745307
 20
-1134.074252061746
 30
0.0
 10
645.2752212733685
 20
-1137.923619941228
 30
0.0
 10
653.7438335450643
 20
-1141.77298782071
 30
0.0
 10
654.8986409720746
 20
-1142.157948103335
 30
0.0
 10
656.0534483990841
 20
-1143.697671760452
 30
0.0
 10
656.438393997536
 20
-1144.46753358901
 30
0.0
 10
657.2082705102675
 20
-1149.856625125607
 30
0.0
 10
661.4425693040284
 20
-1151.396407519416
 30
0.0
 10
665.6768827819633
 20
-1153.321091459156
 30
0.0
 10
673.3756185409275
 20
-1156.400597510081
 30
0.0
 10
681.0743542998925
 20
-1158.710182995756
 30
0.0
 10
688.7730900588567
 20
-1161.78968904668
 30
0.0
 10
691.0827049128766
 20
-1162.559550875238
 30
0.0
 10
692.6224579383397
 20
-1164.869195097603
 30
0.0
 10
694.9320727923596
 20
-1166.024017208787
 30
0.0
 10
699.1663715861205
 20
-1168.333661431154
 30
0.0
 10
703.4006850640544
 20
-1170.643246916827
 30
0.0
 10
707.6349838578162
 20
-1171.798069028011
 30
0.0
 10
721.1077714360044
 20
-1175.647436907493
 30
0.0
 10
734.5805590141917
 20
-1179.11184450435
 30
0.0
 10
748.05334659238
 20
-1182.961212383832
 30
0.0
 10
749.5930996178431
 20
-1183.346172666457
 30
0.0
 10
751.1328379591314
 20
-1185.65575815213
 30
0.0
 10
752.6725909845936
 20
-1186.425619980688
 30
0.0
 10
755.752082351345
 20
-1188.35030392043
 30
0.0
 10
758.8315737180965
 20
-1190.659948142797
 30
0.0
 10
762.2960106832998
 20
-1191.814711517287
 30
0.0
 10
774.6139908344776
 20
-1196.049039679394
 30
0.0
 10
787.3169165841082
 20
-1199.513447276251
 30
0.0
 10
800.7897041622955
 20
-1200.283309104809
 30
0.0
 10
803.86921021322
 20
-1200.668269387435
 30
0.0
 10
807.3336178100772
 20
-1202.977854873108
 30
0.0
 10
810.4131238610007
 20
-1204.517637266918
 30
0.0
 10
813.4926299119252
 20
-1206.057360924035
 30
0.0
 10
816.1871756802248
 20
-1207.982044863775
 30
0.0
 10
819.2666817311492
 20
-1208.751965429024
 30
0.0
 10
824.2708717218147
 20
-1209.906787540207
 30
0.0
 10
829.659963258413
 20
-1210.676649368766
 30
0.0
 10
835.0490841633573
 20
-1211.061609651391
 30
0.0
 10
847.752009912987
 20
-1211.831471479949
 30
0.0
 10
860.4549062942715
 20
-1212.601333308507
 30
0.0
 10
873.1578320439012
 20
-1213.756155419691
 30
0.0
 10
871.2331481041601
 20
-1214.526017248249
 30
0.0
 10
869.3084641644191
 20
-1215.295879076806
 30
0.0
 10
867.383780224678
 20
-1215.295879076806
 30
0.0
 10
855.0658147576723
 20
-1216.45070118799
 30
0.0
 10
843.9026420335049
 20
-1219.915108784848
 30
0.0
 10
833.1244002236162
 20
-1225.68916060407
 30
0.0
 10
832.3545383950586
 20
-1226.074120886695
 30
0.0
 10
831.1997162838752
 20
-1226.074120886695
 30
0.0
 10
830.0448941726918
 20
-1226.074120886695
 30
0.0
 10
826.5804572074885
 20
-1225.68916060407
 30
0.0
 10
823.5009805249101
 20
-1224.919298775512
 30
0.0
 10
820.8064053882645
 20
-1224.149436946955
 30
0.0
 10
822.3461584137276
 20
-1222.99461483577
 30
0.0
 10
824.2708423534677
 20
-1221.06993089603
 30
0.0
 10
826.1955262932097
 20
-1219.530207238913
 30
0.0
 10
820.4214744739857
 20
-1217.990483581798
 30
0.0
 10
813.877560826204
 20
-1217.605523299173
 30
0.0
 10
809.2583017498182
 20
-1214.141115702316
 30
0.0
 10
798.8650202225544
 20
-1206.827340225977
 30
0.0
 10
786.1620944729239
 20
-1208.752024165718
 30
0.0
 10
774.9989217487564
 20
-1204.902656286235
 30
0.0
 10
767.3001859897922
 20
-1202.208110517935
 30
0.0
 10
759.6014502308271
 20
-1199.89846629557
 30
0.0
 10
751.902714471862
 20
-1197.588880809897
 30
0.0
 10
751.1328379591314
 20
-1197.20392052727
 30
0.0
 10
750.3629614464007
 20
-1196.819018981338
 30
0.0
 10
749.9780305321219
 20
-1196.434058698713
 30
0.0
 10
744.5889096271767
 20
-1189.505184768306
 30
0.0
 10
736.5052429539337
 20
-1189.890145050931
 30
0.0
 10
729.1914381092483
 20
-1187.580500828564
 30
0.0
 10
717.2584035565214
 20
-1183.731132949082
 30
0.0
 10
704.170546892613
 20
-1181.421488726715
 30
0.0
 10
693.7772506811762
 20
-1175.26253536156
 30
0.0
 10
682.2291470427299
 20
-1168.333661431154
 30
0.0
 10
669.1412903788205
 20
-1166.024075945479
 30
0.0
 10
657.5932014245464
 20
-1159.095202015073
 30
0.0
 10
655.6685174848053
 20
-1157.94037990389
 30
0.0
 10
652.5890261180539
 20
-1157.170518075331
 30
0.0
 10
652.204080519602
 20
-1155.24583413559
 30
0.0
 10
649.1245891528506
 20
-1147.932058659251
 30
0.0
 10
641.8107843081652
 20
-1146.777236548067
 30
0.0
 10
635.6518015746624
 20
-1144.082690779769
 30
0.0
 10
630.6476262681699
 20
-1141.773046557402
 30
0.0
 10
625.2585053632265
 20
-1139.84836261766
 30
0.0
 10
620.6392683130989
 20
-1137.153816849363
 30
0.0
 10
617.9447078606263
 20
-1135.614093192245
 30
0.0
 10
615.2501547502416
 20
-1133.30444896988
 30
0.0
 10
613.7104090668654
 20
-1130.609903201581
 30
0.0
 10
612.1706633834901
 20
-1127.530397150656
 30
0.0
 10
609.8610411873833
 20
-1126.375575039474
 30
0.0
 10
606.7815498206319
 20
-1125.220811664982
 30
0.0
 10
599.0828140616677
 20
-1122.141305614059
 30
0.0
 10
591.7690165590684
 20
-1119.061799563133
 30
0.0
 10
584.455211714383
 20
-1115.597391966277
 30
0.0
 10
579.4510327368471
 20
-1113.287747743911
 30
0.0
 10
576.3715376990531
 20
-1109.438379864428
 30
0.0
 10
574.8317920156769
 20
-1104.049288327829
 30
0.0
 10
574.4468537593111
 20
-1102.124604388089
 30
0.0
 10
572.1372352342478
 20
-1100.584880730974
 30
0.0
 10
570.2125512945076
 20
-1099.814960165722
 30
0.0
 10
555.5849526182656
 20
-1093.271046517941
 30
0.0
 10
540.5724193567021
 20
-1087.496994698718
 30
0.0
 10
526.3297589368267
 20
-1079.798258939752
 30
0.0
 10
514.7816552983786
 20
-1073.639246837905
 30
0.0
 10
515.5515290578278
 20
-1054.392407440493
 30
0.0
 10
526.7146958165504
 20
-1047.848493792711
 30
0.0
 10
530.5640632371524
 20
-1045.538849570345
 30
0.0
 10
535.9531786355319
 20
-1044.384086195854
 30
0.0
 10
540.1874829358585
 20
-1044.768987741787
 30
0.0
 10
548.656093372032
 20
-1045.153948024412
 30
0.0
 10
557.1247019726843
 20
-1047.078631964154
 30
0.0
 10
565.5933105733366
 20
-1048.618355621269
 30
0.0
 10
577.5263524681495
 20
-1050.927999843636
 30
0.0
 10
589.4593870208755
 20
-1053.237585329309
 30
0.0
 10
601.3924362577745
 20
-1055.547229551676
 30
0.0
 10
602.1623127705052
 20
-1055.547229551676
 30
0.0
 10
602.9321819411498
 20
-1055.932189834301
 30
0.0
 10
603.7020584538805
 20
-1055.547229551676
 30
0.0
 10
613.3254781525866
 20
-1052.082821954818
 30
0.0
 10
622.9488978512927
 20
-1054.392407440493
 30
0.0
 10
632.1873792936331
 20
-1056.317091380235
 30
0.0
 10
633.3421867206425
 20
-1056.702051662858
 30
0.0
 10
634.497001489739
 20
-1056.702051662858
 30
0.0
 10
635.2668706603836
 20
-1056.317091380235
 30
0.0
 10
646.8149742988307
 20
-1051.312901389569
 30
0.0
 10
658.3630779372779
 20
-1054.007447157868
 30
0.0
 10
669.9111815757242
 20
-1057.471913491418
 30
0.0
 10
673.3756185409275
 20
-1058.6267356026
 30
0.0
 10
676.4551099076789
 20
-1059.011637148533
 30
0.0
 10
679.9195321887091
 20
-1057.856873774042
 30
0.0
 10
686.8483914349426
 20
-1055.162328005743
 30
0.0
 10
693.7772506811762
 20
-1057.856873774042
 30
0.0
 10
700.7061246115827
 20
-1059.396597431158
 30
0.0
 10
711.8692973357502
 20
-1062.091143199457
 30
0.0
 10
723.0324553757455
 20
-1065.555609533007
 30
0.0
 10
734.5805590141917
 20
-1068.635056847239
 30
0.0
 10
735.7353664412021
 20
-1069.020017129864
 30
0.0
 10
737.2751194666653
 20
-1069.020017129864
 30
0.0
 10
738.044995979395
 20
-1068.635056847239
 30
0.0
 10
746.5136082510908
 20
-1065.940511078939
 30
0.0
 10
754.5972749243356
 20
-1068.250096564614
 30
0.0
 10
762.2960106832998
 20
-1070.944701069606
 30
0.0
 10
773.0742378090154
 20
-1075.179029231713
 30
0.0
 10
783.4675487046252
 20
-1079.413298657128
 30
0.0
 10
793.8608302318889
 20
-1083.647626819235
 30
0.0
 10
795.4005832573512
 20
-1084.417488647792
 30
0.0
 10
797.7101981113719
 20
-1084.032587101861
 30
0.0
 10
799.6348820511121
 20
-1084.417488647792
 30
0.0
 10
806.1786194888164
 20
-1083.647626819235
 30
0.0
 10
810.797849196857
 20
-1083.647626819235
 30
0.0
 10
813.4923949651557
 20
-1084.032587101861
 30
0.0
  0
HATCH
  5
4F
330
41
100
AcDbEntity
  8
katman 1
 62
     7
420
 16777215
100
AcDbHatch
 10
0.0
 20
0.0
 30
0.0
210
0.0
220
0.0
230
1.0
  2
SOLID
 70
     1
 71
     0
 91
        1
 92
        1
 93
        1
 72
     4
 94
        3
 73
     0
 74
     1
 95
     1373
 96
     1369
 40
0.0
 40
0.0
 40
0.0
 40
0.0
 40
1.0
 40
1.0
 40
1.0
 40
2.0
 40
2.0
 40
2.0
 40
3.0
 40
3.0
 40
3.0
 40
4.0
 40
4.0
 40
4.0
 40
5.0
 40
5.0
 40
5.0
 40
6.0
 40
6.0
 40
6.0
 40
7.0
 40
7.0
 40
7.0
 40
8.0
 40
8.0
 40
8.0
 40
9.0
 40
9.0
 40
9.0
 40
10.0
 40
10.0
 40
10.0
 40
11.0
 40
11.0
 40
11.0
 40
12.0
 40
12.0
 40
12.0
 40
13.0
 40
13.0
 40
13.0
 40
14.0
 40
14.0
 40
14.0
 40
15.0
 40
15.0
 40
15.0
 40
16.0
 40
16.0
 40
16.0
 40
17.0
 40
17.0
 40
17.0
 40
18.0
 40
18.0
 40
18.0
 40
19.0
 40
19.0
 40
19.0
 40
20.0
 40
20.0
 40
20.0
 40
21.0
 40
21.0
 40
21.0
 40
22.0
 40
22.0
 40
22.0
 40
23.0
 40
23.0
 40
23.0
 40
24.0
 40
24.0
 40
24.0
 40
25.0
 40
25.0
 40
25.0
 40
26.0
 40
26.0
 40
26.0
 40
27.0
 40
27.0
 40
27.0
 40
28.0
 40
28.0
 40
28.0
 40
29.0
 40
29.0
 40
29.0
 40
30.0
 40
30.0
 40
30.0
 40
31.0
 40
31.0
 40
31.0
 40
32.0
 40
32.0
 40
32.0
 40
33.0
 40
33.0
 40
33.0
 40
34.0
 40
34.0
 40
34.0
 40
35.0
 40
35.0
 40
35.0
 40
36.0
 40
36.0
 40
36.0
 40
37.0
 40
37.0
 40
37.0
 40
38.0
 40
38.0
 40
38.0
 40
39.0
 40
39.0
 40
39.0
 40
40.0
 40
40.0
 40
40.0
 40
41.0
 40
41.0
 40
41.0
 40
42.0
 40
42.0
 40
42.0
 40
43.0
 40
43.0
 40
43.0
 40
44.0
 40
44.0
 40
44.0
 40
45.0
 40
45.0
 40
45.0
 40
46.0
 40
46.0
 40
46.0
 40
47.0
 40
47.0
 40
47.0
 40
48.0
 40
48.0
 40
48.0
 40
49.0
 40
49.0
 40
49.0
 40
50.0
 40
50.0
 40
50.0
 40
51.0
 40
51.0
 40
51.0
 40
52.0
 40
52.0
 40
52.0
 40
53.0
 40
53.0
 40
53.0
 40
54.0
 40
54.0
 40
54.0
 40
55.0
 40
55.0
 40
55.0
 40
56.0
 40
56.0
 40
56.0
 40
57.0
 40
57.0
 40
57.0
 40
58.0
 40
58.0
 40
58.0
 40
59.0
 40
59.0
 40
59.0
 40
60.0
 40
60.0
 40
60.0
 40
61.0
 40
61.0
 40
61.0
 40
62.0
 40
62.0
 40
62.0
 40
63.0
 40
63.0
 40
63.0
 40
64.0
 40
64.0
 40
64.0
 40
65.0
 40
65.0
 40
65.0
 40
66.0
 40
66.0
 40
66.0
 40
67.0
 40
67.0
 40
67.0
 40
68.0
 40
68.0
 40
68.0
 40
69.0
 40
69.0
 40
69.0
 40
70.0
 40
70.0
 40
70.0
 40
71.0
 40
71.0
 40
71.0
 40
72.0
 40
72.0
 40
72.0
 40
73.0
 40
73.0
 40
73.0
 40
74.0
 40
74.0
 40
74.0
 40
75.0
 40
75.0
 40
75.0
 40
76.0
 40
76.0
 40
76.0
 40
77.0
 40
77.0
 40
77.0
 40
78.0
 40
78.0
 40
78.0
 40
79.0
 40
79.0
 40
79.0
 40
80.0
 40
80.0
 40
80.0
 40
81.0
 40
81.0
 40
81.0
 40
82.0
 40
82.0
 40
82.0
 40
83.0
 40
83.0
 40
83.0
 40
84.0
 40
84.0
 40
84.0
 40
85.0
 40
85.0
 40
85.0
 40
86.0
 40
86.0
 40
86.0
 40
87.0
 40
87.0
 40
87.0
 40
88.0
 40
88.0
 40
88.0
 40
89.0
 40
89.0
 40
89.0
 40
90.0
 40
90.0
 40
90.0
 40
91.0
 40
91.0
 40
91.0
 40
92.0
 40
92.0
 40
92.0
 40
93.0
 40
93.0
 40
93.0
 40
94.0
 40
94.0
 40
94.0
 40
95.0
 40
95.0
 40
95.0
 40
96.0
 40
96.0
 40
96.0
 40
97.0
 40
97.0
 40
97.0
 40
98.0
 40
98.0
 40
98.0
 40
99.0
 40
99.0
 40
99.0
 40
100.0
 40
100.0
 40
100.0
 40
101.0
 40
101.0
 40
101.0
 40
102.0
 40
102.0
 40
102.0
 40
103.0
 40
103.0
 40
103.0
 40
104.0
 40
104.0
 40
104.0
 40
105.0
 40
105.0
 40
105.0
 40
106.0
 40
106.0
 40
106.0
 40
107.0
 40
107.0
 40
107.0
 40
108.0
 40
108.0
 40
108.0
 40
109.0
 40
109.0
 40
109.0
 40
110.0
 40
110.0
 40
110.0
 40
111.0
 40
111.0
 40
111.0
 40
112.0
 40
112.0
 40
112.0
 40
113.0
 40
113.0
 40
113.0
 40
114.0
 40
114.0
 40
114.0
 40
115.0
 40
115.0
 40
115.0
 40
116.0
 40
116.0
 40
116.0
 40
117.0
 40
117.0
 40
117.0
 40
118.0
 40
118.0
 40
118.0
 40
119.0
 40
119.0
 40
119.0
 40
120.0
 40
120.0
 40
120.0
 40
121.0
 40
121.0
 40
121.0
 40
122.0
 40
122.0
 40
122.0
 40
123.0
 40
123.0
 40
123.0
 40
124.0
 40
124.0
 40
124.0
 40
125.0
 40
125.0
 40
125.0
 40
126.0
 40
126.0
 40
126.0
 40
127.0
 40
127.0
 40
127.0
 40
128.0
 40
128.0
 40
128.0
 40
129.0
 40
129.0
 40
129.0
 40
130.0
 40
130.0
 40
130.0
 40
131.0
 40
131.0
 40
131.0
 40
132.0
 40
132.0
 40
132.0
 40
133.0
 40
133.0
 40
133.0
 40
134.0
 40
134.0
 40
134.0
 40
135.0
 40
135.0
 40
135.0
 40
136.0
 40
136.0
 40
136.0
 40
137.0
 40
137.0
 40
137.0
 40
138.0
 40
138.0
 40
138.0
 40
139.0
 40
139.0
 40
139.0
 40
140.0
 40
140.0
 40
140.0
 40
141.0
 40
141.0
 40
141.0
 40
142.0
 40
142.0
 40
142.0
 40
143.0
 40
143.0
 40
143.0
 40
144.0
 40
144.0
 40
144.0
 40
145.0
 40
145.0
 40
145.0
 40
146.0
 40
146.0
 40
146.0
 40
147.0
 40
147.0
 40
147.0
 40
148.0
 40
148.0
 40
148.0
 40
149.0
 40
149.0
 40
149.0
 40
150.0
 40
150.0
 40
150.0
 40
151.0
 40
151.0
 40
151.0
 40
152.0
 40
152.0
 40
152.0
 40
153.0
 40
153.0
 40
153.0
 40
154.0
 40
154.0
 40
154.0
 40
155.0
 40
155.0
 40
155.0
 40
156.0
 40
156.0
 40
156.0
 40
157.0
 40
157.0
 40
157.0
 40
158.0
 40
158.0
 40
158.0
 40
159.0
 40
159.0
 40
159.0
 40
160.0
 40
160.0
 40
160.0
 40
161.0
 40
161.0
 40
161.0
 40
162.0
 40
162.0
 40
162.0
 40
163.0
 40
163.0
 40
163.0
 40
164.0
 40
164.0
 40
164.0
 40
165.0
 40
165.0
 40
165.0
 40
166.0
 40
166.0
 40
166.0
 40
167.0
 40
167.0
 40
167.0
 40
168.0
 40
168.0
 40
168.0
 40
169.0
 40
169.0
 40
169.0
 40
170.0
 40
170.0
 40
170.0
 40
171.0
 40
171.0
 40
171.0
 40
172.0
 40
172.0
 40
172.0
 40
173.0
 40
173.0
 40
173.0
 40
174.0
 40
174.0
 40
174.0
 40
175.0
 40
175.0
 40
175.0
 40
176.0
 40
176.0
 40
176.0
 40
177.0
 40
177.0
 40
177.0
 40
178.0
 40
178.0
 40
178.0
 40
179.0
 40
179.0
 40
179.0
 40
180.0
 40
180.0
 40
180.0
 40
181.0
 40
181.0
 40
181.0
 40
182.0
 40
182.0
 40
182.0
 40
183.0
 40
183.0
 40
183.0
 40
184.0
 40
184.0
 40
184.0
 40
185.0
 40
185.0
 40
185.0
 40
186.0
 40
186.0
 40
186.0
 40
187.0
 40
187.0
 40
187.0
 40
188.0
 40
188.0
 40
188.0
 40
189.0
 40
189.0
 40
189.0
 40
190.0
 40
190.0
 40
190.0
 40
191.0
 40
191.0
 40
191.0
 40
192.0
 40
192.0
 40
192.0
 40
193.0
 40
193.0
 40
193.0
 40
194.0
 40
194.0
 40
194.0
 40
195.0
 40
195.0
 40
195.0
 40
196.0
 40
196.0
 40
196.0
 40
197.0
 40
197.0
 40
197.0
 40
198.0
 40
198.0
 40
198.0
 40
199.0
 40
199.0
 40
199.0
 40
200.0
 40
200.0
 40
200.0
 40
201.0
 40
201.0
 40
201.0
 40
202.0
 40
202.0
 40
202.0
 40
203.0
 40
203.0
 40
203.0
 40
204.0
 40
204.0
 40
204.0
 40
205.0
 40
205.0
 40
205.0
 40
206.0
 40
206.0
 40
206.0
 40
207.0
 40
207.0
 40
207.0
 40
208.0
 40
208.0
 40
208.0
 40
209.0
 40
209.0
 40
209.0
 40
210.0
 40
210.0
 40
210.0
 40
211.0
 40
211.0
 40
211.0
 40
212.0
 40
212.0
 40
212.0
 40
213.0
 40
213.0
 40
213.0
 40
214.0
 40
214.0
 40
214.0
 40
215.0
 40
215.0
 40
215.0
 40
216.0
 40
216.0
 40
216.0
 40
217.0
 40
217.0
 40
217.0
 40
218.0
 40
218.0
 40
218.0
 40
219.0
 40
219.0
 40
219.0
 40
220.0
 40
220.0
 40
220.0
 40
221.0
 40
221.0
 40
221.0
 40
222.0
 40
222.0
 40
222.0
 40
223.0
 40
223.0
 40
223.0
 40
224.0
 40
224.0
 40
224.0
 40
225.0
 40
225.0
 40
225.0
 40
226.0
 40
226.0
 40
226.0
 40
227.0
 40
227.0
 40
227.0
 40
228.0
 40
228.0
 40
228.0
 40
229.0
 40
229.0
 40
229.0
 40
230.0
 40
230.0
 40
230.0
 40
231.0
 40
231.0
 40
231.0
 40
232.0
 40
232.0
 40
232.0
 40
233.0
 40
233.0
 40
233.0
 40
234.0
 40
234.0
 40
234.0
 40
235.0
 40
235.0
 40
235.0
 40
236.0
 40
236.0
 40
236.0
 40
237.0
 40
237.0
 40
237.0
 40
238.0
 40
238.0
 40
238.0
 40
239.0
 40
239.0
 40
239.0
 40
240.0
 40
240.0
 40
240.0
 40
241.0
 40
241.0
 40
241.0
 40
242.0
 40
242.0
 40
242.0
 40
243.0
 40
243.0
 40
243.0
 40
244.0
 40
244.0
 40
244.0
 40
245.0
 40
245.0
 40
245.0
 40
246.0
 40
246.0
 40
246.0
 40
247.0
 40
247.0
 40
247.0
 40
248.0
 40
248.0
 40
248.0
 40
249.0
 40
249.0
 40
249.0
 40
250.0
 40
250.0
 40
250.0
 40
251.0
 40
251.0
 40
251.0
 40
252.0
 40
252.0
 40
252.0
 40
253.0
 40
253.0
 40
253.0
 40
254.0
 40
254.0
 40
254.0
 40
255.0
 40
255.0
 40
255.0
 40
256.0
 40
256.0
 40
256.0
 40
257.0
 40
257.0
 40
257.0
 40
258.0
 40
258.0
 40
258.0
 40
259.0
 40
259.0
 40
259.0
 40
260.0
 40
260.0
 40
260.0
 40
261.0
 40
261.0
 40
261.0
 40
262.0
 40
262.0
 40
262.0
 40
263.0
 40
263.0
 40
263.0
 40
264.0
 40
264.0
 40
264.0
 40
265.0
 40
265.0
 40
265.0
 40
266.0
 40
266.0
 40
266.0
 40
267.0
 40
267.0
 40
267.0
 40
268.0
 40
268.0
 40
268.0
 40
269.0
 40
269.0
 40
269.0
 40
270.0
 40
270.0
 40
270.0
 40
271.0
 40
271.0
 40
271.0
 40
272.0
 40
272.0
 40
272.0
 40
273.0
 40
273.0
 40
273.0
 40
274.0
 40
274.0
 40
274.0
 40
275.0
 40
275.0
 40
275.0
 40
276.0
 40
276.0
 40
276.0
 40
277.0
 40
277.0
 40
277.0
 40
278.0
 40
278.0
 40
278.0
 40
279.0
 40
279.0
 40
279.0
 40
280.0
 40
280.0
 40
280.0
 40
281.0
 40
281.0
 40
281.0
 40
282.0
 40
282.0
 40
282.0
 40
283.0
 40
283.0
 40
283.0
 40
284.0
 40
284.0
 40
284.0
 40
285.0
 40
285.0
 40
285.0
 40
286.0
 40
286.0
 40
286.0
 40
287.0
 40
287.0
 40
287.0
 40
288.0
 40
288.0
 40
288.0
 40
289.0
 40
289.0
 40
289.0
 40
290.0
 40
290.0
 40
290.0
 40
291.0
 40
291.0
 40
291.0
 40
292.0
 40
292.0
 40
292.0
 40
293.0
 40
293.0
 40
293.0
 40
294.0
 40
294.0
 40
294.0
 40
295.0
 40
295.0
 40
295.0
 40
296.0
 40
296.0
 40
296.0
 40
297.0
 40
297.0
 40
297.0
 40
298.0
 40
298.0
 40
298.0
 40
299.0
 40
299.0
 40
299.0
 40
300.0
 40
300.0
 40
300.0
 40
301.0
 40
301.0
 40
301.0
 40
302.0
 40
302.0
 40
302.0
 40
303.0
 40
303.0
 40
303.0
 40
304.0
 40
304.0
 40
304.0
 40
305.0
 40
305.0
 40
305.0
 40
306.0
 40
306.0
 40
306.0
 40
307.0
 40
307.0
 40
307.0
 40
308.0
 40
308.0
 40
308.0
 40
309.0
 40
309.0
 40
309.0
 40
310.0
 40
310.0
 40
310.0
 40
311.0
 40
311.0
 40
311.0
 40
312.0
 40
312.0
 40
312.0
 40
313.0
 40
313.0
 40
313.0
 40
314.0
 40
314.0
 40
314.0
 40
315.0
 40
315.0
 40
315.0
 40
316.0
 40
316.0
 40
316.0
 40
317.0
 40
317.0
 40
317.0
 40
318.0
 40
318.0
 40
318.0
 40
319.0
 40
319.0
 40
319.0
 40
320.0
 40
320.0
 40
320.0
 40
321.0
 40
321.0
 40
321.0
 40
322.0
 40
322.0
 40
322.0
 40
323.0
 40
323.0
 40
323.0
 40
324.0
 40
324.0
 40
324.0
 40
325.0
 40
325.0
 40
325.0
 40
326.0
 40
326.0
 40
326.0
 40
327.0
 40
327.0
 40
327.0
 40
328.0
 40
328.0
 40
328.0
 40
329.0
 40
329.0
 40
329.0
 40
330.0
 40
330.0
 40
330.0
 40
331.0
 40
331.0
 40
331.0
 40
332.0
 40
332.0
 40
332.0
 40
333.0
 40
333.0
 40
333.0
 40
334.0
 40
334.0
 40
334.0
 40
335.0
 40
335.0
 40
335.0
 40
336.0
 40
336.0
 40
336.0
 40
337.0
 40
337.0
 40
337.0
 40
338.0
 40
338.0
 40
338.0
 40
339.0
 40
339.0
 40
339.0
 40
340.0
 40
340.0
 40
340.0
 40
341.0
 40
341.0
 40
341.0
 40
342.0
 40
342.0
 40
342.0
 40
343.0
 40
343.0
 40
343.0
 40
344.0
 40
344.0
 40
344.0
 40
345.0
 40
345.0
 40
345.0
 40
346.0
 40
346.0
 40
346.0
 40
347.0
 40
347.0
 40
347.0
 40
348.0
 40
348.0
 40
348.0
 40
349.0
 40
349.0
 40
349.0
 40
350.0
 40
350.0
 40
350.0
 40
351.0
 40
351.0
 40
351.0
 40
352.0
 40
352.0
 40
352.0
 40
353.0
 40
353.0
 40
353.0
 40
354.0
 40
354.0
 40
354.0
 40
355.0
 40
355.0
 40
355.0
 40
356.0
 40
356.0
 40
356.0
 40
357.0
 40
357.0
 40
357.0
 40
358.0
 40
358.0
 40
358.0
 40
359.0
 40
359.0
 40
359.0
 40
360.0
 40
360.0
 40
360.0
 40
361.0
 40
361.0
 40
361.0
 40
362.0
 40
362.0
 40
362.0
 40
363.0
 40
363.0
 40
363.0
 40
364.0
 40
364.0
 40
364.0
 40
365.0
 40
365.0
 40
365.0
 40
366.0
 40
366.0
 40
366.0
 40
367.0
 40
367.0
 40
367.0
 40
368.0
 40
368.0
 40
368.0
 40
369.0
 40
369.0
 40
369.0
 40
370.0
 40
370.0
 40
370.0
 40
371.0
 40
371.0
 40
371.0
 40
372.0
 40
372.0
 40
372.0
 40
373.0
 40
373.0
 40
373.0
 40
374.0
 40
374.0
 40
374.0
 40
375.0
 40
375.0
 40
375.0
 40
376.0
 40
376.0
 40
376.0
 40
377.0
 40
377.0
 40
377.0
 40
378.0
 40
378.0
 40
378.0
 40
379.0
 40
379.0
 40
379.0
 40
380.0
 40
380.0
 40
380.0
 40
381.0
 40
381.0
 40
381.0
 40
382.0
 40
382.0
 40
382.0
 40
383.0
 40
383.0
 40
383.0
 40
384.0
 40
384.0
 40
384.0
 40
385.0
 40
385.0
 40
385.0
 40
386.0
 40
386.0
 40
386.0
 40
387.0
 40
387.0
 40
387.0
 40
388.0
 40
388.0
 40
388.0
 40
389.0
 40
389.0
 40
389.0
 40
390.0
 40
390.0
 40
390.0
 40
391.0
 40
391.0
 40
391.0
 40
392.0
 40
392.0
 40
392.0
 40
393.0
 40
393.0
 40
393.0
 40
394.0
 40
394.0
 40
394.0
 40
395.0
 40
395.0
 40
395.0
 40
396.0
 40
396.0
 40
396.0
 40
397.0
 40
397.0
 40
397.0
 40
398.0
 40
398.0
 40
398.0
 40
399.0
 40
399.0
 40
399.0
 40
400.0
 40
400.0
 40
400.0
 40
401.0
 40
401.0
 40
401.0
 40
402.0
 40
402.0
 40
402.0
 40
403.0
 40
403.0
 40
403.0
 40
404.0
 40
404.0
 40
404.0
 40
405.0
 40
405.0
 40
405.0
 40
406.0
 40
406.0
 40
406.0
 40
407.0
 40
407.0
 40
407.0
 40
408.0
 40
408.0
 40
408.0
 40
409.0
 40
409.0
 40
409.0
 40
410.0
 40
410.0
 40
410.0
 40
411.0
 40
411.0
 40
411.0
 40
412.0
 40
412.0
 40
412.0
 40
413.0
 40
413.0
 40
413.0
 40
414.0
 40
414.0
 40
414.0
 40
415.0
 40
415.0
 40
415.0
 40
416.0
 40
416.0
 40
416.0
 40
417.0
 40
417.0
 40
417.0
 40
418.0
 40
418.0
 40
418.0
 40
419.0
 40
419.0
 40
419.0
 40
420.0
 40
420.0
 40
420.0
 40
421.0
 40
421.0
 40
421.0
 40
422.0
 40
422.0
 40
422.0
 40
423.0
 40
423.0
 40
423.0
 40
424.0
 40
424.0
 40
424.0
 40
425.0
 40
425.0
 40
425.0
 40
426.0
 40
426.0
 40
426.0
 40
427.0
 40
427.0
 40
427.0
 40
428.0
 40
428.0
 40
428.0
 40
429.0
 40
429.0
 40
429.0
 40
430.0
 40
430.0
 40
430.0
 40
431.0
 40
431.0
 40
431.0
 40
432.0
 40
432.0
 40
432.0
 40
433.0
 40
433.0
 40
433.0
 40
434.0
 40
434.0
 40
434.0
 40
435.0
 40
435.0
 40
435.0
 40
436.0
 40
436.0
 40
436.0
 40
437.0
 40
437.0
 40
437.0
 40
438.0
 40
438.0
 40
438.0
 40
439.0
 40
439.0
 40
439.0
 40
440.0
 40
440.0
 40
440.0
 40
441.0
 40
441.0
 40
441.0
 40
442.0
 40
442.0
 40
442.0
 40
443.0
 40
443.0
 40
443.0
 40
444.0
 40
444.0
 40
444.0
 40
445.0
 40
445.0
 40
445.0
 40
446.0
 40
446.0
 40
446.0
 40
447.0
 40
447.0
 40
447.0
 40
448.0
 40
448.0
 40
448.0
 40
449.0
 40
449.0
 40
449.0
 40
450.0
 40
450.0
 40
450.0
 40
451.0
 40
451.0
 40
451.0
 40
452.0
 40
452.0
 40
452.0
 40
453.0
 40
453.0
 40
453.0
 40
454.0
 40
454.0
 40
454.0
 40
455.0
 40
455.0
 40
455.0
 40
456.0
 40
456.0
 40
456.0
 40
456.0
 10
813.4923949651557
 20
-1084.032587101861
 10
811.5677110254146
 20
-1080.183219222377
 10
806.9484813173749
 20
-1075.563989514338
 10
806.9484813173749
 20
-1070.944759806298
 10
806.9484813173749
 20
-1059.781616450477
 10
797.3250616186688
 20
-1057.47197222811
 10
791.5510097994447
 20
-1051.312960126261
 10
788.0865728342415
 20
-1047.848552529404
 10
784.2372049547594
 20
-1044.769046478479
 10
781.157728272181
 20
-1040.919678598997
 10
778.8481134181611
 20
-1037.840172548073
 10
776.9234294784201
 20
-1033.99080466859
 10
776.5384985641413
 20
-1030.526397071733
 10
776.1535676498625
 20
-1024.752345252509
 10
772.6891306846592
 20
-1021.287937655652
 10
769.2246937194559
 20
-1017.438569776172
 10
764.6054493272422
 20
-1012.434379785505
 10
759.216343106471
 20
-1007.815150077466
 10
754.5970987142573
 20
-1002.426058540867
 10
749.207977809313
 20
-996.6520067216443
 10
744.2038025028205
 20
-990.4929946197954
 10
739.5845581106078
 20
-983.9490809720137
 10
737.6598741708658
 20
-981.2545352037141
 10
736.8899976581351
 20
-977.0202070416071
 10
736.5050667438554
 20
-973.5557994447499
 10
736.5050667438554
 20
-969.321500650989
 10
734.9653137183941
 20
-966.2419946000646
 10
732.6556988643733
 20
-963.1625179174862
 10
726.1117705324195
 20
-952.3842761075975
 10
719.5678422004648
 20
-941.606063666055
 10
713.0239285526832
 20
-930.8278218561645
 10
712.6389976384044
 20
-930.0579600276069
 10
711.8691211256737
 20
-929.2880688306996
 10
711.8691211256737
 20
-928.1332760878631
 10
711.8691211256737
 20
-917.3550342779745
 10
704.1703853667086
 20
-910.426189715914
 10
699.1662100602161
 20
-902.3425230426692
 10
693.7770891552718
 20
-893.4889651725225
 10
688.3879829345005
 20
-884.2505057564413
 10
689.9277212757897
 20
-872.702402117995
 10
690.3126521900685
 20
-870.3927872639742
 10
687.618106421769
 20
-867.3132812130498
 10
686.0783533963076
 20
-864.6187354447502
 10
681.0741780898152
 20
-854.9953157460459
 10
676.0700027833227
 20
-844.986965133061
 10
671.0658127926572
 20
-835.3635454343548
 10
670.2959362799265
 20
-833.4388614946147
 10
669.9110053656468
 20
-830.7443157263151
 10
670.6808818783775
 20
-829.204562700852
 10
672.2206349038406
 20
-824.5853329928123
 10
669.526074451368
 20
-821.8907578561666
 10
667.2164449131742
 20
-818.4263208909633
 10
659.1327782399312
 20
-806.4932863382382
 10
650.6641659682355
 20
-794.9451826997902
 10
643.3503611235501
 20
-782.2422569501614
 10
637.5763093043261
 20
-772.6188372514553
 10
640.6558006710775
 20
-759.5309805875459
 10
648.7394820284944
 20
-754.5268199652273
 10
655.2834103604491
 20
-749.9075902571858
 10
662.9821461194133
 20
-749.5226299745609
 10
669.9110053656468
 20
-753.371997854043
 10
681.0741780898152
 20
-759.5309805875459
 10
691.8524052155308
 20
-766.4598545179524
 10
702.6306323412464
 20
-773.3886990800129
 10
706.4800002207285
 20
-775.6983139340336
 10
709.5594915874799
 20
-779.1627508992369
 10
713.0239285526832
 20
-781.8572966675347
 10
715.7184890051558
 20
-783.7819806072766
 10
718.4130494576275
 20
-785.3217336327398
 10
722.6473482513884
 20
-784.5518424358343
 10
729.5762074976228
 20
-783.3970203246517
 10
735.7352049152978
 20
-786.4765263755762
 10
740.7393802217903
 20
-791.8656472805196
 10
746.8983629552931
 20
-798.4095609283013
 10
753.0573603729681
 20
-804.953503944429
 10
759.216343106471
 20
-811.4974175922107
 10
759.9862196192025
 20
-812.2672794207683
 10
761.141027046212
 20
-813.0371706176738
 10
762.2958344732215
 20
-813.0371706176738
 10
773.074061598938
 20
-815.7317163859716
 10
780.3878664436234
 20
-822.6605903163781
 10
786.931780091405
 20
-831.1291879039018
 10
789.2413949454249
 20
-834.2086939548262
 10
793.0907628249079
 20
-838.0580618343083
 10
796.5551997901111
 20
-838.8279236628659
 10
806.5635504030952
 20
-841.1375385168867
 10
811.9526713080395
 20
-848.4513433615721
 10
817.7267231272635
 20
-855.7651482062574
 10
822.3459528353033
 20
-861.5392000254797
 10
826.1953207147853
 20
-868.0831136732631
 10
830.814579791172
 20
-874.2421257751103
 10
831.5844416197306
 20
-875.3969478862928
 10
832.7392637309131
 20
-876.1668097148522
 10
833.8940858420965
 20
-876.9366715434098
 10
836.2037006961164
 20
-878.4764245688712
 10
838.5133155501371
 20
-880.0161775943343
 10
840.4379994898782
 20
-881.9408615340762
 10
852.3710340426042
 20
-895.0287181979838
 10
863.1492758524928
 20
-909.2713676047297
 10
871.2329425257358
 20
-925.0537700369387
 10
872.0028043542943
 20
-926.5935230624
 10
873.1576264654777
 20
-928.1332760878631
 10
874.3124485766602
 20
-928.9031379164207
 10
883.9358682753664
 20
-932.7525057959065
 10
889.7099200945904
 20
-940.4512415548706
 10
894.714110085255
 20
-948.9198391423943
 10
899.3333397932956
 20
-957.0035058156373
 10
903.5676679554035
 20
-965.4721327715051
 10
908.1868976634432
 20
-973.5557994447499
 10
908.9567594920009
 20
-975.0955524702113
 10
910.8814434317428
 20
-977.0202364099532
 10
912.4211964572041
 20
-977.7900982385108
 10
917.8103173621494
 20
-980.4846440068104
 10
921.2747543273526
 20
-985.1039030831962
 10
923.5843691813725
 20
-990.1080930738626
 10
927.4337370608555
 20
-998.9616509440093
 10
930.513243111779
 20
-1008.200110360091
 10
933.9776507086362
 20
-1017.053668230237
 10
933.9776507086362
 20
-1017.438628512864
 10
934.3625816229151
 20
-1017.438628512864
 10
935.5174037340985
 20
-1018.208490341422
 10
935.5174037340985
 20
-1014.744082744564
 10
936.2872655626561
 20
-1011.279616411015
 10
935.5174037340985
 20
-1008.200110360091
 10
933.2077888800777
 20
-999.346552489942
 10
930.1282828291542
 20
-990.4929946197954
 10
928.2035988894131
 20
-981.6394661179929
 10
927.4337370608555
 20
-976.6352761273283
 10
928.5885298036919
 20
-971.2461845907292
 10
928.9734607179707
 20
-965.8570636857839
 10
928.9734607179707
 20
-963.547448831765
 10
929.7433225465284
 20
-961.2378339777442
 10
929.3583916322495
 20
-959.3131500380041
 10
927.0487767782297
 20
-948.9198685107403
 10
924.354201641585
 20
-938.5265576151305
 10
925.1240928384887
 20
-927.3633848909594
 10
925.1240928384887
 20
-925.8236318654963
 10
924.7391619242098
 20
-924.2838788400331
 10
925.5090237527675
 20
-923.1290860971967
 10
929.3583916322495
 20
-914.27552822705
 10
925.8939546670463
 20
-906.1918615538052
 10
925.1240928384887
 20
-897.7232639662834
 10
924.354231009931
 20
-890.0245282073192
 10
924.7391619242098
 20
-882.7107233626339
 10
924.7391619242098
 20
-875.0119876036697
 10
924.7391619242098
 20
-873.8571654924854
 10
925.1240928384887
 20
-872.7023727496489
 10
925.1240928384887
 20
-871.9324815527434
 10
923.5843398130264
 20
-863.8488148795004
 10
922.0445867875642
 20
-855.7651482062574
 10
920.504863130448
 20
-847.6814521646666
 10
919.3500410192646
 20
-841.9074003454443
 10
920.1199322161692
 20
-836.1333485262203
 10
922.8144779844679
 20
-831.1291585355539
 10
925.5090237527675
 20
-826.5099288275142
 10
925.5090237527675
 20
-822.2756006654072
 10
924.7391619242098
 20
-816.8865091288098
 10
923.9693000956522
 20
-810.3425954810282
 10
924.354231009931
 20
-803.7986524649004
 10
924.7391619242098
 20
-797.2547388171188
 10
925.1240928384887
 20
-792.2505488264524
 10
924.7391619242098
 20
-786.4764970072301
 10
926.6638458639509
 20
-781.8572672991904
 10
930.1282828291542
 20
-773.3886697116668
 10
928.5885298036919
 20
-764.5351118415201
 10
929.3583916322495
 20
-756.0665142539965
 10
930.1282534608072
 20
-747.5979166664729
 10
930.8981446577118
 20
-739.129289710605
 10
932.0529374005491
 20
-730.6606921230832
 10
932.4378683148279
 20
-728.3510772690624
 10
933.2077595117316
 20
-726.0414477308695
 10
934.7474831688478
 20
-724.5017093895804
 10
939.3667128768884
 20
-719.8824649973667
 10
939.3667128768884
 20
-714.1084131781427
 10
940.1366040737921
 20
-708.3343613589204
 10
941.2914261849755
 20
-697.5561342332039
 10
941.6763570992553
 20
-686.7779071074874
 10
950.9148458836808
 20
-678.6942257500705
 10
953.2244607377015
 20
-676.7695418103303
 10
953.2244607377015
 20
-671.7653665038379
 10
953.6093916519803
 20
-667.9159986243558
 10
954.7642137631638
 20
-659.44738635266
 10
955.1491446774426
 20
-650.9787740809643
 10
957.0738286171836
 20
-642.8951074077213
 10
957.8436904457412
 20
-639.430670442518
 10
960.5382655823869
 20
-636.7361246742184
 10
962.4629495221288
 20
-633.656618623294
 10
963.6177716333113
 20
-631.7319346835538
 10
965.5424555730524
 20
-629.8072507438119
 10
965.9273864873321
 20
-627.4976358897911
 10
969.0068925382566
 20
-610.5604186884866
 10
971.7014383065552
 20
-593.6232014871821
 10
975.5508061860373
 20
-577.0709152001564
 10
977.4754901257784
 20
-567.832433757816
 10
983.6344728592812
 20
-562.058381938592
 10
993.6428234722662
 20
-561.2885054258622
 10
1000.571697402673
 20
-560.5186289131307
 10
1009.040294990195
 20
-563.2131893656024
 10
1012.119801041119
 20
-569.7571176975571
 10
1013.659524698236
 20
-573.2215473206743
 10
1015.199307092043
 20
-577.0709152001564
 10
1015.584208637976
 20
-580.5353448232727
 10
1017.123932295091
 20
-590.5437027783446
 10
1017.893852860343
 20
-600.5520607334156
 10
1019.433576517458
 20
-610.5604113463996
 10
1019.818536800083
 20
-614.4097792258835
 10
1021.743220739825
 20
-618.2591471053638
 10
1022.513082568383
 20
-622.1085149848477
 10
1023.28294439694
 20
-626.7277593770596
 10
1023.667904679565
 20
-631.7319346835538
 10
1024.437766508123
 20
-636.7361099900445
 10
1025.207628336682
 20
-640.5854778695284
 10
1026.74741073049
 20
-644.0499148347299
 10
1028.672094670232
 20
-647.514337115761
 10
1031.751600721156
 20
-653.288388934985
 10
1033.676284660898
 20
-660.2172481812177
 10
1034.831106772081
 20
-666.7611765131733
 10
1035.985928883263
 20
-672.1502974181167
 10
1036.370830429196
 20
-676.3845962118794
 10
1040.990118873928
 20
-680.2339640913597
 10
1046.764170693152
 20
-684.8532084835733
 10
1047.918992804336
 20
-692.5519442425393
 10
1048.688854632894
 20
-699.8657344030507
 10
1049.458716461451
 20
-706.7945936492852
 10
1049.843676744076
 20
-713.7234528955178
 10
1050.613538572634
 20
-721.0372577402031
 10
1050.613538572634
 20
-721.8071342529347
 10
1051.383400401191
 20
-722.9619416799451
 10
1052.153262229751
 20
-723.7318181926748
 10
1057.927314048975
 20
-728.3510625848903
 10
1059.46703770609
 20
-734.5100453183913
 10
1059.851997988715
 20
-741.0539736503451
 10
1060.23695827134
 20
-752.6020772887932
 10
1061.006820099898
 20
-764.1501809272395
 10
1061.39172164583
 20
-776.0832154799664
 10
1061.39172164583
 20
-776.853077308524
 10
1061.776681928455
 20
-777.6229685054277
 10
1061.776681928455
 20
-778.3928303339853
 10
1062.93150403964
 20
-783.3970203246517
 10
1064.471227696755
 20
-788.4011809469703
 10
1064.856187979382
 20
-793.4053709376367
 10
1065.241148262006
 20
-798.4095609283013
 10
1064.856187979382
 20
-803.4137215506198
 10
1064.856187979382
 20
-808.802842455565
 10
1064.856187979382
 20
-814.5768942747891
 10
1066.011010090564
 20
-820.3509460940113
 10
1066.780871919122
 20
-826.5099288275142
 10
1068.320595576239
 20
-837.6731015516816
 10
1067.935694030304
 20
-849.2212051901297
 10
1067.550733747679
 20
-860.3843779142971
 10
1067.165773465054
 20
-866.1584297335212
 10
1065.241089525312
 20
-871.9324815527434
 10
1064.086326150822
 20
-877.3216024576886
 10
1063.701365868197
 20
-878.86135548315
 10
1064.086326150822
 20
-880.7860394228919
 10
1064.856187979382
 20
-881.9408321657284
 10
1066.780871919122
 20
-887.7148839849524
 10
1067.550733747679
 20
-893.8738667184552
 10
1066.011010090564
 20
-900.0328494519563
 10
1064.856187979382
 20
-905.4219703569015
 10
1063.701365868197
 20
-910.42613097922
 10
1063.316464322264
 20
-915.8152518841653
 10
1062.93150403964
 20
-917.3550049096266
 10
1063.316464322264
 20
-919.6646197636474
 10
1064.471286433447
 20
-920.8194418748317
 10
1068.705614595556
 20
-926.9784246083327
 10
1069.860377970046
 20
-933.9072985387429
 10
1067.935694030304
 20
-940.8361431008034
 10
1065.626049807939
 20
-948.9198097740482
 10
1063.316464322264
 20
-957.0034764472912
 10
1061.006820099898
 20
-965.0871724888802
 10
1060.621859817273
 20
-966.2419946000646
 10
1060.23695827134
 20
-967.7817182571798
 10
1060.621859817273
 20
-968.5516094540835
 10
1063.316405585572
 20
-978.1750291527896
 10
1060.621859817273
 20
-987.0285870229382
 10
1058.312215594906
 20
-996.2670464390176
 10
1058.312215594906
 20
-997.0369082675752
 10
1057.927255312281
 20
-997.8067700961346
 10
1058.697175877533
 20
-998.5766906613844
 10
1060.236899534648
 20
-995.1122830645272
 10
1061.776681928455
 20
-992.0327770136028
 10
1063.316405585572
 20
-988.5683106800534
 10
1065.241089525312
 20
-983.9490809720137
 10
1068.70549712217
 20
-980.8695749210892
 10
1073.324785566903
 20
-978.9448909813473
 10
1074.864509224019
 20
-978.1750291527896
 10
1076.404291617828
 20
-977.0202070416071
 10
1077.174153446385
 20
-975.480454016144
 10
1083.718067094167
 20
-963.9323503776977
 10
1089.877079196016
 20
-952.3842467392496
 10
1096.420992843796
 20
-940.8361431008034
 10
1099.885400440653
 20
-935.0620912815793
 10
1104.119728602762
 20
-930.4428615735396
 10
1111.433504079101
 20
-928.5181776337959
 10
1113.358188018843
 20
-928.133246719517
 10
1114.897911675958
 20
-925.4386715828714
 10
1115.667832241208
 20
-923.5139876431294
 10
1123.366568000172
 20
-908.8863779537587
 10
1132.605027416254
 20
-895.4135903755705
 10
1144.538091337326
 20
-883.8654867371242
 10
1146.462775277067
 20
-881.9408027973823
 10
1149.542281327991
 20
-880.401049771921
 10
1151.466965267733
 20
-878.476365832179
 10
1153.776609490098
 20
-876.1667509781582
 10
1155.70129342984
 20
-873.8571361241393
 10
1157.241017086955
 20
-871.1625609874936
 10
1162.630108623554
 20
-862.3090031173451
 10
1169.174081008028
 20
-854.2253364441021
 10
1176.872816766992
 20
-847.2964918820417
 10
1178.412540424108
 20
-846.1416697708592
 10
1179.567362535292
 20
-844.2169858311172
 10
1181.107144929099
 20
-843.8320549168384
 10
1194.194972224663
 20
-840.3676179516351
 10
1199.969024043887
 20
-828.8195143131888
 10
1209.207542196658
 20
-821.1207785542247
 10
1213.8267719047
 20
-817.2714106747408
 10
1218.061100066807
 20
-814.1919046238181
 10
1223.835151886031
 20
-813.4220427952605
 10
1225.759835825771
 20
-813.0371118809799
 10
1227.684519765513
 20
-811.4973588555185
 10
1228.839341876695
 20
-810.3425367443342
 10
1235.383255524477
 20
-803.4136628139277
 10
1241.542267626326
 20
-796.0998873375902
 10
1248.086181274108
 20
-789.5559443214624
 10
1252.705410982147
 20
-785.3216455276997
 10
1258.864423083996
 20
-784.551754330796
 10
1265.023376449153
 20
-785.3216455276997
 10
1266.948060388893
 20
-785.7065764419785
 10
1269.642606157193
 20
-784.9367146134209
 10
1270.797428268375
 20
-783.7818925022384
 10
1284.655176129188
 20
-771.8488579495115
 10
1300.052647647119
 20
-761.8405073365284
 10
1316.219980993606
 20
-753.7568112949375
 10
1325.843400692311
 20
-749.1375815868978
 10
1337.776464613384
 20
-752.2170582694744
 10
1342.780595867356
 20
-759.9157940284404
 10
1346.629963746838
 20
-766.459707676222
 10
1347.399825575398
 20
-773.7735125209074
 10
1343.93541797854
 20
-780.3174555370351
 10
1339.701089816432
 20
-788.4011222102781
 10
1334.311998279834
 20
-796.4847888835211
 10
1329.307808289168
 20
-804.1835246424853
 10
1324.688578581128
 20
-811.1123985728937
 10
1319.684388590464
 20
-817.6563122206753
 10
1315.065158882422
 20
-824.5851861510819
 10
1314.680198599797
 20
-825.3550479796395
 10
1313.910336771238
 20
-826.509870090822
 10
1314.295297053864
 20
-827.2797319193796
 10
1316.60494127623
 20
-836.518220703807
 10
1312.755573396749
 20
-844.2169564627711
 10
1308.52124523464
 20
-851.5307613074565
 10
1305.826699466343
 20
-856.149991015498
 10
1303.132153698043
 20
-860.384319177605
 10
1300.437549193051
 20
-865.0035488856447
 10
1298.127904970685
 20
-868.467985850848
 10
1296.588181313567
 20
-871.5474625334264
 10
1297.358043142127
 20
-876.166721609814
 10
1298.512865253309
 20
-884.250388283057
 10
1294.663497373827
 20
-891.1792622134635
 10
1290.42916921172
 20
-897.7231758612452
 10
1286.194841049612
 20
-904.6520497916517
 10
1281.190709795639
 20
-911.1959634394334
 10
1276.186519804975
 20
-918.12483736984
 10
1275.801559522348
 20
-918.5097682841188
 10
1275.416657976417
 20
-919.2796594810225
 10
1275.416657976417
 20
-919.6645903953013
 10
1275.03169769379
 20
-931.9825558623088
 10
1267.717922217453
 20
-941.6059755610149
 10
1261.943870398227
 20
-951.614355542346
 10
1258.864364347304
 20
-957.0034764472912
 10
1254.630094921889
 20
-962.3925973522346
 10
1251.16562858834
 20
-967.7816888888337
 10
1250.010806477156
 20
-969.3214419142969
 10
1249.240944648598
 20
-971.246125854037
 10
1249.240944648598
 20
-973.1708097937772
 10
1248.855984365973
 20
-983.9490516036676
 10
1243.466892829376
 20
-992.0327182769106
 10
1236.153117353035
 20
-999.3464937532499
 10
1227.299559482888
 20
-1008.584953169331
 10
1218.44600161274
 20
-1018.208372868037
 10
1209.977404025218
 20
-1027.831792566742
 10
1208.822581914033
 20
-1029.371516223859
 10
1209.207542196658
 20
-1032.06612072885
 10
1208.437680368101
 20
-1033.99080466859
 10
1206.897956710985
 20
-1037.455212265448
 10
1205.358174317176
 20
-1041.30458014493
 10
1202.663628548878
 20
-1043.999184649922
 10
1196.50461644703
 20
-1050.543098297703
 10
1189.575801253315
 20
-1056.317150116927
 10
1183.031828868841
 20
-1062.861063764707
 10
1182.261967040284
 20
-1063.630925593267
 10
1181.492105211724
 20
-1064.785747704449
 10
1181.492105211724
 20
-1065.555609533007
 10
1181.877065494351
 20
-1074.024207120528
 10
1179.182460989359
 20
-1080.953081050937
 10
1171.86868551302
 20
-1085.187409213044
 10
1177.642737332242
 20
-1085.187409213044
 10
1183.416789151466
 20
-1085.957271041601
 10
1189.19084097069
 20
-1084.802448930419
 10
1194.964892789912
 20
-1083.647626819235
 10
1199.969082780579
 20
-1080.183219222377
 10
1205.358174317176
 20
-1078.258535282637
 10
1214.981594015882
 20
-1074.79412768578
 10
1224.220053431964
 20
-1071.329661352231
 10
1233.84347313067
 20
-1068.250155301306
 10
1236.153117353035
 20
-1067.480293472749
 10
1238.847663121334
 20
-1067.095333190122
 10
1240.772347061076
 20
-1067.865195018681
 10
1249.625904931223
 20
-1070.944701069606
 10
1257.324640690189
 20
-1066.325471361564
 10
1265.408277995084
 20
-1064.400787421824
 10
1276.186519804975
 20
-1061.706241653525
 10
1287.349663160796
 20
-1059.011695885225
 10
1298.127904970685
 20
-1057.087011945485
 10
1300.822450738984
 20
-1056.702051662858
 10
1303.901956789909
 20
-1057.856873774042
 10
1306.596502558208
 20
-1058.241834056667
 10
1309.291048326506
 20
-1058.241834056667
 10
1312.37055437743
 20
-1058.626794339292
 10
1314.680198599797
 20
-1057.856873774042
 10
1326.61326252087
 20
-1054.777367723118
 10
1338.161366159316
 20
-1051.697861672194
 10
1350.47933162632
 20
-1056.702051662858
 10
1353.17387739462
 20
-1057.856873774042
 10
1356.638343728169
 20
-1055.932189834301
 10
1359.717791042402
 20
-1055.932189834301
 10
1366.646664972808
 20
-1055.932189834301
 10
1373.575538903215
 20
-1055.932189834301
 10
1380.504354096929
 20
-1055.932189834301
 10
1385.508544087596
 20
-1055.547229551676
 10
1390.51273407826
 20
-1055.162328005743
 10
1395.516865332233
 20
-1054.392466177185
 10
1412.069158961345
 20
-1051.697920408886
 10
1428.236492307831
 20
-1048.618414357963
 10
1444.788785936944
 20
-1045.538908307037
 10
1454.027245353025
 20
-1043.999184649922
 10
1462.880803223172
 20
-1049.003315903894
 10
1465.575348991471
 20
-1056.317150116927
 10
1469.424716870955
 20
-1066.710431644191
 10
1467.115072648587
 20
-1076.71881162552
 10
1458.261573515134
 20
-1081.338041333562
 10
1446.328509594061
 20
-1087.497053435411
 10
1434.010544127055
 20
-1092.886144972008
 10
1421.692578660051
 20
-1098.275236508607
 10
1419.382934437685
 20
-1099.43005861979
 10
1416.688388669385
 20
-1099.43005861979
 10
1414.763704729645
 20
-1100.969782276905
 10
1413.22398107253
 20
-1102.124604388089
 10
1411.299297132788
 20
-1103.664328045204
 10
1410.914336850161
 20
-1105.589011984946
 10
1409.374613193046
 20
-1110.593201975611
 10
1406.680008688054
 20
-1114.442569855093
 10
1402.060778980014
 20
-1116.367253794835
 10
1393.977082938425
 20
-1120.216621674317
 10
1385.508485350902
 20
-1123.296127725242
 10
1377.039887763378
 20
-1127.145495604724
 10
1375.500164106263
 20
-1127.915357433281
 10
1374.34534199508
 20
-1129.455139827091
 10
1372.805559601271
 20
-1130.609903201581
 10
1369.726053550348
 20
-1133.689409252505
 10
1366.646547499422
 20
-1137.153816849363
 10
1363.182139902565
 20
-1139.078500789103
 10
1355.483404143601
 20
-1142.927868668587
 10
1347.399708102012
 20
-1146.007374719509
 10
1339.700972343047
 20
-1149.086880770434
 10
1338.931110514488
 20
-1149.471841053059
 10
1337.776288403305
 20
-1150.241702881618
 10
1337.391328120681
 20
-1151.011564710176
 10
1335.081683898316
 20
-1156.400656246773
 10
1330.847414472899
 20
-1159.480162297697
 10
1325.458264199609
 20
-1161.404846237439
 10
1317.759528440645
 20
-1164.484352288364
 10
1309.675832399054
 20
-1167.178898056663
 10
1301.592195094156
 20
-1170.258404107586
 10
1300.822333265598
 20
-1170.643364390213
 10
1300.05247143704
 20
-1170.643364390213
 10
1299.667511154415
 20
-1171.028265936146
 10
1291.583815112826
 20
-1179.881823806292
 10
1280.035711474378
 20
-1181.036645917477
 10
1269.642429947115
 20
-1184.501053514334
 10
1261.173832359593
 20
-1187.580559565256
 10
1252.320274489444
 20
-1189.120283222373
 10
1243.851676901922
 20
-1191.42992744474
 10
1242.696854790738
 20
-1191.814887727365
 10
1241.542032679556
 20
-1191.814887727365
 10
1240.772170850998
 20
-1192.584749555923
 10
1232.688474809409
 20
-1201.823208972004
 10
1221.140371170961
 20
-1202.978031083187
 10
1210.362188097764
 20
-1206.057537134111
 10
1202.6634523388
 20
-1207.982221073853
 10
1194.194854751277
 20
-1208.367181356476
 10
1186.496118992312
 20
-1210.291865296218
 10
1183.41661294139
 20
-1211.061727124776
 10
1180.72206717309
 20
-1214.141233175702
 10
1177.642561122166
 20
-1215.296055286883
 10
1172.253469585567
 20
-1217.220739226625
 10
1166.479417766344
 20
-1218.76046288374
 10
1160.70536594712
 20
-1220.685146823482
 10
1161.090326229745
 20
-1221.070107106108
 10
1161.475227775678
 20
-1222.224870480597
 10
1162.245089604236
 20
-1222.994791045849
 10
1154.161393562646
 20
-1227.229119207956
 10
1147.617479914865
 20
-1223.764652874406
 10
1140.303704438526
 20
-1221.070107106108
 10
1132.604968679561
 20
-1218.375561337809
 10
1124.521272637972
 20
-1217.220739226625
 10
1116.437635333074
 20
-1215.681015569509
 10
1115.282813221891
 20
-1215.296055286883
 10
1114.512951393332
 20
-1214.911153740952
 10
1113.743089564774
 20
-1213.756331629767
 10
1116.822595615698
 20
-1213.756331629767
 10
1119.902101666623
 20
-1214.141291912394
 10
1122.596647434922
 20
-1213.756331629767
 10
1134.914612901928
 20
-1212.601509518585
 10
1147.232578368932
 20
-1211.061785861468
 10
1159.55060257263
 20
-1210.29192403291
 10
1165.324654391854
 20
-1209.906963750285
 10
1171.098706211076
 20
-1209.522062204353
 10
1176.102896201741
 20
-1206.057595870803
 10
1178.79744197004
 20
-1204.132911931061
 10
1181.876948020965
 20
-1202.208227991321
 10
1184.956454071889
 20
-1201.438366162763
 10
1189.960644062556
 20
-1200.283544051581
 10
1195.349735599153
 20
-1200.283544051581
 10
1200.353925589819
 20
-1199.128721940397
 10
1210.362305571151
 20
-1196.434176172097
 10
1220.755587098414
 20
-1193.354670121174
 10
1230.763908343051
 20
-1190.660124352875
 10
1231.533770171609
 20
-1190.275164070248
 10
1232.688592282793
 20
-1189.505302241691
 10
1233.073552565418
 20
-1188.735440413133
 10
1234.99823650516
 20
-1183.346348876534
 10
1240.002426495825
 20
-1183.731250422468
 10
1244.236695921241
 20
-1182.576428311284
 10
1256.554661388245
 20
-1179.112020714427
 10
1268.487725309318
 20
-1175.647554380877
 10
1280.805690776322
 20
-1172.18314678402
 10
1285.809880766988
 20
-1170.643423126905
 10
1290.429110475026
 20
-1169.103640733096
 10
1294.27847835451
 20
-1164.099450742431
 10
1296.203162294252
 20
-1161.404904974132
 10
1301.59225383085
 20
-1161.404904974132
 10
1305.441621710332
 20
-1160.250082862949
 10
1311.985535358113
 20
-1157.555537094649
 10
1318.91440928852
 20
-1155.245892872283
 10
1325.458322936302
 20
-1152.166386821358
 10
1327.383006876042
 20
-1151.396524992801
 10
1329.307690815784
 20
-1149.471841053059
 10
1329.692651098409
 20
-1147.932058659251
 10
1330.462512926966
 20
-1144.082690779769
 10
1332.772157149333
 20
-1142.927868668587
 10
1335.851663200257
 20
-1141.773046557402
 10
1344.705221070406
 20
-1138.308638960545
 10
1353.173818657928
 20
-1134.844172626996
 10
1361.64241624545
 20
-1130.994804747514
 10
1363.567100185192
 20
-1129.839982636331
 10
1365.491784124933
 20
-1127.145436868032
 10
1366.261645953491
 20
-1124.835792645665
 10
1367.031507782049
 20
-1122.526148423298
 10
1367.801369610606
 20
-1121.371385048807
 10
1370.111013832971
 20
-1120.601464483558
 10
1378.579611420495
 20
-1117.521958432633
 10
1386.663307462084
 20
-1114.442452381709
 10
1394.746944766983
 20
-1110.978044784852
 10
1402.445680525947
 20
-1107.513637187994
 10
1403.215542354505
 20
-1105.973854794185
 10
1403.600502637131
 20
-1097.120296924038
 10
1412.838962053211
 20
-1093.270929044556
 10
1422.462381751917
 20
-1089.421561165074
 10
1431.700899904688
 20
-1085.572193285592
 10
1437.859912006537
 20
-1082.877647517293
 10
1444.403825654319
 20
-1080.183101748993
 10
1450.562779019476
 20
-1077.103595698069
 10
1453.257324787774
 20
-1075.563872040953
 10
1456.3368308387
 20
-1073.254227818587
 10
1457.876554495815
 20
-1070.559682050287
 10
1460.18619871818
 20
-1067.09527445343
 10
1459.41627815293
 20
-1062.860946291323
 10
1456.721732384631
 20
-1059.396538694466
 10
1454.027186616333
 20
-1055.932131097608
 10
1449.792858454224
 20
-1055.547170814983
 10
1445.943490574744
 20
-1055.932131097608
 10
1434.395386936296
 20
-1057.471854754724
 10
1423.232243580474
 20
-1059.396538694466
 10
1411.684139942026
 20
-1061.321222634208
 10
1404.75526601162
 20
-1062.47604474539
 10
1397.826392081213
 20
-1064.400728685132
 10
1390.512616604876
 20
-1065.940452342247
 10
1386.278288442767
 20
-1067.09527445343
 10
1382.428920563285
 20
-1067.865136281987
 10
1377.809690855243
 20
-1065.940452342247
 10
1374.730184804321
 20
-1064.785630231065
 10
1370.495915378906
 20
-1064.785630231065
 10
1367.031449045357
 20
-1065.17059051369
 10
1362.02725905469
 20
-1065.940452342247
 10
1357.023069064024
 20
-1067.865136281987
 10
1352.018937810051
 20
-1069.019958393172
 10
1351.249075981494
 20
-1069.404918675797
 10
1349.709293587686
 20
-1069.404918675797
 10
1348.939431759129
 20
-1069.019958393172
 10
1343.550340222529
 20
-1063.245906573948
 10
1337.006367838056
 20
-1064.785630231065
 10
1330.847414472899
 20
-1065.555550796314
 10
1326.228184764859
 20
-1065.940511078939
 10
1321.608955056818
 20
-1068.635056847239
 10
1316.604765066153
 20
-1069.404918675797
 10
1312.755397186671
 20
-1070.174780504354
 10
1308.521069024562
 20
-1073.254286555279
 10
1304.286799599147
 20
-1069.019958393172
 10
1303.131977487965
 20
-1067.865136281987
 10
1300.437431719667
 20
-1067.865136281987
 10
1298.512747779925
 20
-1068.250096564614
 10
1283.115276261997
 20
-1072.099464444096
 10
1267.717804744067
 20
-1076.333792606203
 10
1251.935372943513
 20
-1080.568062031618
 10
1250.780550832329
 20
-1080.953022314243
 10
1249.240827175214
 20
-1081.722884142802
 10
1248.470965346656
 20
-1081.337923860177
 10
1240.387269305065
 20
-1077.103595698069
 10
1233.073493828726
 20
-1079.79820020306
 10
1225.374758069762
 20
-1082.877647517293
 10
1214.596516259873
 20
-1087.1119756794
 10
1203.818274449983
 20
-1092.116106933372
 10
1193.040091376788
 20
-1096.350435095481
 10
1191.500367719671
 20
-1097.120296924038
 10
1189.190723497304
 20
-1097.120296924038
 10
1187.650999840189
 20
-1096.735395378106
 10
1183.416671678082
 20
-1095.580573266921
 10
1179.567303798598
 20
-1095.580573266921
 10
1175.717935919118
 20
-1097.890217489288
 10
1168.019200160152
 20
-1102.509447197328
 10
1160.320464401188
 20
-1107.513637187994
 10
1152.621728642223
 20
-1112.132866896034
 10
1151.082004985106
 20
-1112.902728724592
 10
1149.157321045366
 20
-1112.902728724592
 10
1147.232637105624
 20
-1113.287689007218
 10
1144.1531310547
 20
-1113.672649289843
 10
1140.688723457843
 20
-1113.672649289843
 10
1137.60921740692
 20
-1114.827412664334
 10
1132.605027416254
 20
-1116.752096604076
 10
1127.985797708214
 20
-1119.446642372375
 10
1124.906291657289
 20
-1120.986424766183
 10
1126.446015314405
 20
-1117.137056886701
 10
1127.985797708214
 20
-1112.517827178661
 10
1129.910481647954
 20
-1107.898597470619
 10
1130.295441930579
 20
-1106.743775359437
 10
1131.450205305071
 20
-1106.358873813504
 10
1132.605027416254
 20
-1105.588953248254
 10
1141.073625003777
 20
-1099.81490142903
 10
1149.542222591299
 20
-1094.040849609806
 10
1157.625918632888
 20
-1088.266797790584
 10
1161.860246794997
 20
-1085.187291739658
 10
1166.094516220412
 20
-1081.337923860177
 10
1169.943884099894
 20
-1077.87351626332
 10
1173.023390150818
 20
-1075.178970495021
 10
1173.793251979376
 20
-1070.944642332914
 10
1172.253528322261
 20
-1067.480234736056
 10
1170.328844382519
 20
-1063.630866856573
 10
1172.638488604885
 20
-1061.706182916832
 10
1174.948074090558
 20
-1059.78149897709
 10
1183.031770132149
 20
-1052.852625046684
 10
1191.115407437046
 20
-1045.538849570345
 10
1198.429241650078
 20
-1038.225015357313
 10
1200.353925589819
 20
-1036.300331417573
 10
1199.58406376126
 20
-1032.066003255464
 10
1200.353925589819
 20
-1028.986555941232
 10
1200.738885872444
 20
-1027.446832284117
 10
1200.353925589819
 20
-1025.907049890309
 10
1201.508747701002
 20
-1025.13718806175
 10
1209.207483459966
 20
-1017.053492020161
 10
1216.90621921893
 20
-1008.969854715264
 10
1224.604954977896
 20
-1000.886158673673
 10
1226.144678635012
 20
-999.3464350165577
 10
1227.684461028821
 20
-997.8066526227485
 10
1229.224184685936
 20
-996.2669289656333
 10
1236.153058616343
 20
-989.3380550352267
 10
1242.312011981499
 20
-982.4092104731662
 10
1239.6174662132
 20
-971.6309686632776
 10
1239.232505930575
 20
-970.86110683472
 10
1239.6174662132
 20
-969.3213538092568
 10
1240.387328041757
 20
-968.5514626123531
 10
1251.165569851648
 20
-957.7732208024645
 10
1257.709483499428
 20
-944.3004332242763
 10
1264.253397147209
 20
-931.212605928713
 10
1264.638357429834
 20
-930.4427441001553
 10
1265.408219258392
 20
-929.2879219889692
 10
1265.408219258392
 20
-928.1330998777848
 10
1264.253397147209
 20
-918.1247492647999
 10
1271.952132906175
 20
-912.3506974455777
 10
1276.95632289684
 20
-905.0368926008923
 10
1280.805690776322
 20
-899.2628407816683
 10
1284.270098373179
 20
-893.1038580481654
 10
1286.964702878169
 20
-886.5599150320377
 10
1288.119524989354
 20
-883.4804089811132
 10
1287.349663160796
 20
-879.2461101873523
 10
1287.349663160796
 20
-875.3967423078702
 10
1287.349663160796
 20
-873.4720583681301
 10
1287.349663160796
 20
-870.7775125998305
 10
1288.119524989354
 20
-869.2377595743674
 10
1293.123714980018
 20
-860.3842017042189
 10
1298.897766799244
 20
-851.5306732024183
 10
1303.901956789909
 20
-842.6771153322698
 10
1305.441680447024
 20
-839.982569563972
 10
1306.211601012274
 20
-835.7482414018632
 10
1305.441680447024
 20
-833.0536956335654
 10
1303.516996507282
 20
-827.6645747286202
 10
1306.211542275581
 20
-824.5850980460418
 10
1308.906088043881
 20
-821.1206610808385
 10
1317.75964591403
 20
-808.0328044169291
 10
1326.998105330109
 20
-794.5600168387427
 10
1335.466702917631
 20
-781.0872292605545
 10
1338.546208968557
 20
-776.0830392698881
 10
1337.776347139999
 20
-770.6939477332908
 10
1334.696841089073
 20
-767.2295107680875
 10
1331.61733503815
 20
-764.150004717163
 10
1325.073421390367
 20
-763.3801428886036
 10
1320.83909322826
 20
-765.6897577426244
 10
1311.600633812181
 20
-771.0788786475696
 10
1302.362115659407
 20
-776.467999552513
 10
1293.508557789261
 20
-782.6269822860158
 10
1285.42486174767
 20
-788.4010341052399
 10
1277.726125988705
 20
-794.5600168387427
 10
1270.027390229741
 20
-801.1039598548705
 10
1262.328654470777
 20
-795.7148389499253
 10
1256.554602651551
 20
-796.8696610611078
 10
1250.780550832329
 20
-804.5683968200719
 10
1249.240827175214
 20
-806.4930807598139
 10
1247.316143235472
 20
-808.032833785277
 10
1245.776360841664
 20
-809.9575177250172
 10
1241.542032679556
 20
-814.5767474330569
 10
1237.692664800074
 20
-819.5809374237233
 10
1233.458395374659
 20
-823.8152362174842
 10
1232.303573263474
 20
-824.9700583286685
 10
1229.993987777802
 20
-826.124851071505
 10
1228.06930383806
 20
-826.124851071505
 10
1224.219935958577
 20
-826.5097819857838
 10
1220.755528361722
 20
-827.2796731826875
 10
1217.676022310796
 20
-830.3591498652659
 10
1212.671832320131
 20
-835.3633398559323
 10
1207.282740783532
 20
-840.3675004782508
 10
1201.893590510243
 20
-845.3716904689154
 10
1201.123728681685
 20
-846.1415522974748
 10
1200.73876839906
 20
-847.6813053229362
 10
1199.583946287876
 20
-848.8361274341187
 10
1197.274302065509
 20
-850.7608113738606
 10
1195.349618125769
 20
-853.4553571421602
 10
1192.655072357469
 20
-853.8403174247851
 10
1188.805704477987
 20
-854.6101792533427
 10
1185.726198427063
 20
-855.7650013645252
 10
1183.031652658763
 20
-858.4595471328248
 10
1173.793193242684
 20
-866.9281447203466
 10
1166.864319312277
 20
-877.3214556159583
 10
1160.705307210428
 20
-888.0996680575008
 10
1160.320346927801
 20
-888.8695298860584
 10
1159.935445381871
 20
-890.024351997241
 10
1159.165583553313
 20
-890.024351997241
 10
1149.542163854607
 20
-893.4887889624442
 10
1144.153072318008
 20
-901.5724556356872
 10
1138.763922044716
 20
-908.8862604803744
 10
1132.604909942867
 20
-916.9699271536174
 10
1127.600778688895
 20
-926.2084159380447
 10
1122.211628415605
 20
-935.061973808195
 10
1120.286944475863
 20
-938.5264107733983
 10
1117.592398707564
 20
-940.0661637988615
 10
1113.743030828082
 20
-941.6058874559767
 10
1110.278623231225
 20
-942.7607095671592
 10
1106.814156897675
 20
-945.8401862497376
 10
1104.889472957933
 20
-948.9196923006621
 10
1097.575697481596
 20
-961.2376577676678
 10
1091.03172509712
 20
-974.3255144315772
 10
1083.717949620783
 20
-986.6435092669271
 10
1082.948087792223
 20
-988.1832329240424
 10
1081.408305398416
 20
-990.1079168637843
 10
1080.253542023926
 20
-990.1079168637843
 10
1074.479490204702
 20
-990.877778692342
 10
1071.784944436402
 20
-994.7271465718259
 10
1070.245162042593
 20
-999.3463762798656
 10
1064.47111022337
 20
-1015.128808080419
 10
1058.697058404146
 20
-1031.296141426907
 10
1052.923006584922
 20
-1047.078514490768
 10
1052.538046302299
 20
-1048.618238147885
 10
1050.613362362557
 20
-1050.158020541692
 10
1049.458598988067
 20
-1050.542922087625
 10
1045.609231108585
 20
-1051.697744198809
 10
1043.299586886218
 20
-1054.007329684482
 10
1042.144823511728
 20
-1057.856697563966
 10
1041.759863229101
 20
-1059.396421221081
 10
1040.220139571986
 20
-1060.936203614889
 10
1039.450277743428
 20
-1062.475927272006
 10
1039.065317460803
 20
-1062.090966989381
 10
1038.295455632244
 20
-1061.706065443446
 10
1037.910554086313
 20
-1061.706065443446
 10
1039.450277743428
 20
-1057.856697563966
 10
1040.990060137236
 20
-1054.007329684482
 10
1042.14488224842
 20
-1049.773001522375
 10
1045.224388299344
 20
-1040.534542106296
 10
1048.688795896202
 20
-1031.29602395352
 10
1051.768301947126
 20
-1022.057564537441
 10
1054.077946169491
 20
-1014.743789061102
 10
1052.923124058309
 20
-1011.664283010177
 10
1047.533973785017
 20
-1008.199816676628
 10
1049.458657724759
 20
-998.5763969779218
 10
1051.383341664499
 20
-988.9529772792157
 10
1052.923065321616
 20
-979.7144884947902
 10
1052.923065321616
 20
-978.9446266662308
 10
1053.308025604241
 20
-977.7898045550482
 10
1052.923065321616
 20
-977.0199427264906
 10
1049.458657724759
 20
-970.0910687960841
 10
1053.692927150174
 20
-964.31701697686
 10
1055.232709543983
 20
-958.158034243359
 10
1056.772433201098
 20
-951.9990515098561
 10
1058.69711714084
 20
-946.2249996906321
 10
1060.236899534648
 20
-940.0660169571292
 10
1061.776623191763
 20
-933.5221033093476
 10
1059.082077423465
 20
-928.9028442329582
 10
1053.308025604241
 20
-926.2082984646586
 10
1054.077887432799
 20
-921.9739996708977
 10
1055.232709543983
 20
-918.1246317914156
 10
1055.617669826608
 20
-913.8903329976547
 10
1056.772491937791
 20
-907.346419349873
 10
1057.927314048975
 20
-900.8024763337453
 10
1058.312215594906
 20
-894.6434936002424
 10
1058.697175877533
 20
-892.3338787462235
 10
1057.927255312281
 20
-889.254372695299
 10
1056.387531655166
 20
-887.3296887555571
 10
1054.077887432799
 20
-885.0200739015381
 10
1054.462847715424
 20
-883.0953899617962
 10
1055.232709543983
 20
-880.4008148251505
 10
1060.236899534648
 20
-865.388274221501
 10
1061.006761363205
 20
-849.9908027035708
 10
1060.236899534648
 20
-834.5933311856425
 10
1060.236899534648
 20
-833.0535781601793
 10
1059.851939252023
 20
-831.513825134718
 10
1059.082077423465
 20
-830.7439633061604
 10
1055.232709543983
 20
-827.2795263409571
 10
1056.387531655166
 20
-823.0452275471944
 10
1056.387531655166
 20
-818.8109287534335
 10
1056.387531655166
 20
-810.3423311659117
 10
1056.772491937791
 20
-801.873704210042
 10
1056.002571372541
 20
-793.4051066225202
 10
1056.002571372541
 20
-790.3256005715957
 10
1053.692927150174
 20
-787.2461238890173
 10
1052.538163775684
 20
-784.1666178380929
 10
1052.153203493057
 20
-783.0117957269103
 10
1051.383341664499
 20
-781.8570029840739
 10
1051.383341664499
 20
-780.7021808728896
 10
1052.538163775684
 20
-770.6938302599046
 10
1053.308025604241
 20
-760.6854796469197
 10
1050.613479835942
 20
-750.6770996655905
 10
1049.843618007384
 20
-748.3674848115697
 10
1050.613479835942
 20
-745.2879787606453
 10
1050.228519553317
 20
-742.9783639066245
 10
1049.843559270692
 20
-737.974188600132
 10
1048.303835613577
 20
-734.12482072065
 10
1042.914744076978
 20
-732.2001367809098
 10
1042.14488224842
 20
-731.815205866631
 10
1040.990060137236
 20
-730.2754528411679
 10
1040.990060137236
 20
-729.1206454141575
 10
1040.220198308678
 20
-720.2671022281829
 10
1039.45033648012
 20
-711.4135590422084
 10
1039.065376197495
 20
-702.5600011720599
 10
1038.295514368938
 20
-693.3215123876344
 10
1035.216008318013
 20
-689.0872135938735
 10
1027.902232841674
 20
-686.7775987398527
 10
1025.977548901932
 20
-677.5391099554254
 10
1024.437825244817
 20
-668.300635855172
 10
1022.513141305075
 20
-659.4470926691974
 10
1022.12818102245
 20
-657.5224087294555
 10
1020.588457365335
 20
-655.5977247897154
 10
1019.43363525415
 20
-654.8278482769838
 10
1015.969227657293
 20
-653.2880952515225
 10
1016.354129203228
 20
-651.3634113117805
 10
1015.969227657293
 20
-648.28391994503
 10
1015.199365828736
 20
-642.1249372115271
 10
1014.044543717553
 20
-635.5810088795733
 10
1012.889721606371
 20
-629.4220114618965
 10
1012.119859777811
 20
-624.8027670696829
 10
1011.349968580907
 20
-619.7985917631922
 10
1010.58010675235
 20
-615.1793473709786
 10
1008.655422812608
 20
-604.4011202452621
 10
1007.115669787147
 20
-593.6228857774604
 10
1004.806054933126
 20
-582.8446586517439
 10
1003.651232821943
 20
-576.3007303197901
 10
1000.956687053644
 20
-573.9911154657693
 10
995.1826352344196
 20
-573.6061772094035
 10
989.7935143294762
 20
-573.2212389530378
 10
985.1742846214356
 20
-576.3007376618762
 10
983.6345315959734
 20
-582.0747894810993
 10
981.7098476562323
 20
-589.7735252400644
 10
980.5550255450489
 20
-597.4722609990295
 10
979.0153018879337
 20
-605.5559350143594
 10
977.8604797767493
 20
-610.9450485772177
 10
977.0906179481917
 20
-616.7191003964399
 10
976.3207561196341
 20
-622.1082213013851
 10
975.5508942910765
 20
-627.8822731206092
 10
974.7810030941719
 20
-633.6563249398314
 10
973.6262103513345
 20
-639.4303767590554
 10
973.2412794370557
 20
-640.585184186064
 10
972.471388240152
 20
-642.509868125806
 10
971.7015264115944
 20
-642.509868125806
 10
965.9274745923703
 20
-644.0496211512691
 10
965.1576127638127
 20
-648.28391994503
 10
964.7726524811869
 20
-652.9031643372437
 10
963.6178303700035
 20
-664.0663370614111
 10
962.4630376271671
 20
-674.8445641871258
 10
960.9232846017048
 20
-686.0077369112951
 10
960.9232846017048
 20
-686.7776134240266
 10
959.3835315762426
 20
-687.5474899367564
 10
958.613669747685
 20
-688.3173517653158
 10
954.3793709539241
 20
-691.3968431320664
 10
951.2998649029996
 20
-694.8612800972696
 10
950.9149339887208
 20
-700.6353319164919
 10
950.1450721601623
 20
-709.8738207009192
 10
948.6053191347
 20
-719.4972403996253
 10
947.0655661092378
 20
-728.7357144998787
 10
947.0655661092378
 20
-729.5055910126102
 10
945.9107439980544
 20
-730.2754675253418
 10
945.1408821694968
 20
-730.6603984396206
 10
943.6011291440345
 20
-732.5850823793608
 10
940.9065833757359
 20
-734.5097663191027
 10
940.521652461457
 20
-736.8193811731217
 10
939.3668303502727
 20
-742.5934329923457
 10
938.5969685217151
 20
-748.7524157258486
 10
938.2120376074363
 20
-754.9113984593514
 10
937.8271066931575
 20
-760.6854502785736
 10
938.2120376074363
 20
-766.4595020977977
 10
938.2120376074363
 20
-771.8486230027411
 10
938.2120376074363
 20
-776.4678527107826
 10
939.3668597186197
 20
-781.856973615726
 10
935.5174918391367
 20
-785.7063414952099
 10
935.1325609248579
 20
-786.4762033237675
 10
934.7476300105791
 20
-787.6310254349501
 10
934.7476300105791
 20
-788.4008872635077
 10
935.5174918391367
 20
-799.5640599876751
 10
930.1284003025394
 20
-810.3422724292195
 10
934.3626990963003
 20
-821.505445153387
 10
936.2873830360413
 20
-826.8945660583304
 10
935.1325609248579
 20
-833.0535487918332
 10
931.2831930453758
 20
-838.0577387824997
 10
928.2036869944513
 20
-841.9071066619817
 10
928.5886472770762
 20
-846.5263363700215
 10
929.7434400199136
 20
-851.1455954464072
 10
930.1283709341933
 20
-853.0702793861492
 10
930.5133018484721
 20
-854.6100324116123
 10
930.898262131097
 20
-856.5347163513525
 10
932.0530842422795
 20
-861.9238372562977
 10
933.2078769851169
 20
-867.6978890755199
 10
934.3626990963003
 20
-873.0870099804652
 10
934.7476300105791
 20
-875.0116939202053
 10
934.3626990963003
 20
-876.9363778599472
 10
933.9777681820215
 20
-878.8610617996892
 10
933.5928372677427
 20
-883.8652517903538
 10
932.4380151565592
 20
-888.8694124126741
 10
932.822946070838
 20
-893.8736024033387
 10
933.5928078993966
 20
-901.9572690765817
 10
935.9024521217625
 20
-909.6560048355459
 10
937.4421757788787
 20
-917.7396715087907
 10
937.8271066931575
 20
-918.8944936199732
 10
938.2120376074363
 20
-920.0492863628097
 10
937.4421757788787
 20
-920.8191775597152
 10
931.6681239596546
 20
-928.1329824044005
 10
933.9777388136754
 20
-936.601579991926
 10
934.7476300105791
 20
-944.3003157508901
 10
935.5174918391367
 20
-951.6141205955755
 10
938.2120669757824
 20
-958.5429651576378
 10
939.7518200012446
 20
-965.4718390880444
 10
940.1367509155243
 20
-967.0115921135057
 10
939.7518200012446
 20
-968.9362760532458
 10
938.981958172687
 20
-969.7061378818053
 10
935.9024521217625
 20
-973.1705748470085
 10
935.132590293204
 20
-977.4048736407694
 10
936.2874124043883
 20
-981.2542415202515
 10
938.981958172687
 20
-991.2626215015825
 10
942.0614642236105
 20
-1001.270942746221
 10
944.7560099919101
 20
-1011.279322727552
 10
945.5258718204677
 20
-1013.97386849585
 10
945.9108321030935
 20
-1016.283512718217
 10
944.3710790776313
 20
-1019.363018769141
 10
940.906642112428
 20
-1026.291892699548
 10
944.3710790776313
 20
-1032.83580634733
 10
946.2957630173723
 20
-1039.379719995111
 10
949.7601999825756
 20
-1050.157961805
 10
953.9944987763374
 20
-1060.936203614889
 10
958.2287975700983
 20
-1072.09934697071
 10
955.5342518017987
 20
-1073.254169081894
 10
953.6095678620586
 20
-1074.024030910452
 10
950.914992725413
 20
-1075.178853021636
 10
948.2204469571134
 20
-1068.634939373853
 10
945.5258718204677
 20
-1061.706065443446
 10
942.0614348552645
 20
-1055.162151795666
 10
941.2915730267068
 20
-1053.237467855924
 10
939.3668890869658
 20
-1050.927823633558
 10
937.4422051472247
 20
-1050.542922087625
 10
933.5928372677427
 20
-1049.773060259067
 10
932.8229754391841
 20
-1047.463416036702
 10
931.6681533280007
 20
-1044.383909985776
 10
925.8941015087776
 20
-1028.601478185223
 10
920.5049806038332
 20
-1012.434144838735
 10
914.3459978703304
 20
-996.6517717748739
 10
912.8062448448691
 20
-992.0325420668341
 10
909.3418078796658
 20
-988.568075733283
 10
903.9527163430666
 20
-987.7982139047253
 10
902.7978942318841
 20
-987.7982139047253
 10
901.6431014890468
 20
-986.6433917935428
 10
900.8732102921422
 20
-985.8735299649852
 10
894.3292966443614
 20
-973.9404954122583
 10
887.7853536282337
 20
-961.6225005769084
 10
880.8565090661732
 20
-949.6894660241815
 10
878.9318251264322
 20
-946.2250290589782
 10
875.4673881612289
 20
-942.7605920937749
 10
871.6180202817468
 20
-941.6057993509385
 10
865.4590375482439
 20
-939.6811154111965
 10
863.5343536085029
 20
-935.0618857031568
 10
860.8397784718582
 20
-930.4426266267692
 10
856.2205487638175
 20
-923.1288217820802
 10
851.6012896874308
 20
-916.1999772200215
 10
846.5971290651123
 20
-909.271103289615
 10
841.9778993570708
 20
-903.1121205561121
 10
836.9737093664062
 20
-897.3380687368881
 10
832.3544796583656
 20
-891.1790860033852
 10
831.5846178298079
 20
-890.4092241748276
 10
830.8147266329033
 20
-889.2544020636451
 10
830.0448648043457
 20
-888.8694711493663
 10
821.9611981311018
 20
-886.9447872096243
 10
820.4214451056396
 20
-878.8611205363813
 10
816.1871463118787
 20
-873.4719996314361
 10
810.4130944926546
 20
-866.5431257010296
 10
805.0239735877112
 20
-859.9992120532479
 10
799.2499217684872
 20
-853.0703381228413
 10
798.4800599399296
 20
-851.9155160116588
 10
796.5553760001876
 20
-851.1456541831012
 10
795.0156229747263
 20
-851.1456541831012
 10
785.777134190299
 20
-850.7607232688206
 10
782.3126972250957
 20
-843.4469184241352
 10
776.9236056884974
 20
-837.672866604913
 10
771.1495538692743
 20
-831.1289529571313
 10
765.7604329643291
 20
-823.815148112446
 10
755.3671514370653
 20
-824.9699408552824
 10
754.5972749243356
 20
-824.9699408552824
 10
753.4424674973252
 20
-824.5850099410036
 10
753.0575365830464
 20
-823.8151187440999
 10
748.0533612765539
 20
-818.0410669248758
 10
742.6642403716087
 20
-812.6519460199306
 10
737.6600650651162
 20
-806.8778942007084
 10
736.5052576381067
 20
-805.3381411752453
 10
734.9655046126445
 20
-804.1833484324088
 10
733.8106971856341
 20
-802.6435954069457
 10
728.036645366411
 20
-794.9448596479815
 10
723.0324700599185
 20
-793.790037536799
 10
714.5638577882228
 20
-798.024365698906
 10
699.5513171845723
 20
-785.3214399492754
 10
683.7689147523652
 20
-773.0034744822715
 10
665.6768827819633
 20
-764.1499166121248
 10
659.9028309627392
 20
-761.4553708438252
 10
654.8986556562468
 20
-761.4553708438252
 10
651.4342186910435
 20
-764.5348475264036
 10
648.354727324293
 20
-767.6143535773263
 10
647.1999198972826
 20
-774.9281290536674
 10
649.8944656655822
 20
-779.5473881300532
 10
654.5137100577958
 20
-787.2461238890173
 10
659.5178853642874
 20
-794.5599287337027
 10
664.5220606707799
 20
-801.873733578388
 10
667.9864976359831
 20
-807.2628544833333
 10
671.8358655154661
 20
-812.6519753882785
 10
675.6852333949482
 20
-818.0410669248758
 10
677.2249864204096
 20
-819.965750864616
 10
679.1496703601515
 20
-821.8904348043579
 10
681.0743542998925
 20
-824.2000496583787
 10
676.8400555061307
 20
-830.3590323918797
 10
677.9948629331411
 20
-836.5180151253826
 10
681.4592852141714
 20
-842.2920669446066
 10
686.8484061191157
 20
-851.530555729034
 10
693.0073888526185
 20
-860.3840842308346
 10
698.3965097575629
 20
-869.2376421009831
 10
698.7814406718417
 20
-870.0075039295407
 10
699.1663862702935
 20
-871.1623260407232
 10
698.7814406718417
 20
-871.9321878692826
 10
696.086880219369
 20
-878.8610617996892
 10
697.2416876463794
 20
-885.404975447469
 10
701.0910555258615
 20
-891.1790272666931
 10
706.095230832354
 20
-898.8777630256573
 10
711.4843517372992
 20
-906.5764987846233
 10
716.8734579580705
 20
-914.6601654578662
 10
717.6433344708012
 20
-915.4300272864239
 10
718.02826538508
 20
-916.969780311887
 10
718.02826538508
 20
-917.7396715087907
 10
717.2583888723493
 20
-923.8986542422936
 10
719.5680184105422
 20
-928.9028442329582
 10
723.0324406915724
 20
-933.9070048552821
 10
727.6516850837852
 20
-940.450918503062
 10
731.1161073648163
 20
-947.7647233477473
 10
735.3504208427503
 20
-954.6935972781539
 10
737.6600356967701
 20
-958.5429651576378
 10
740.7395417476946
 20
-962.3923330371199
 10
743.4340875159942
 20
-966.241700916602
 10
743.819018430273
 20
-967.0115627451596
 10
744.5888949430046
 20
-968.1663848563421
 10
744.2039640287248
 20
-968.9362466849016
 10
741.5094035762522
 20
-976.6349824438657
 10
745.7437170541871
 20
-982.409034263088
 10
749.978015847948
 20
-987.0282639711295
 10
760.3713120593857
 20
-998.5763382412297
 10
771.1495245009282
 20
-1009.739540333743
 10
781.9277663108169
 20
-1021.287643972191
 10
783.0825884219994
 20
-1022.442466083374
 10
783.8524502505579
 20
-1024.752051569048
 10
783.4675193362791
 20
-1026.291833962856
 10
783.0825884219994
 20
-1030.526162124963
 10
783.8524502505579
 20
-1034.375530004447
 10
786.9319563014824
 20
-1037.070075772745
 10
795.0156229747263
 20
-1044.383851249084
 10
803.4842499305942
 20
-1051.697685462117
 10
811.5679166038381
 20
-1059.011460938455
 10
813.8775314578579
 20
-1060.936144878197
 10
814.2624623721367
 20
-1062.475868535312
 10
813.4926005435791
 20
-1065.170473040303
 10
811.9528475181178
 20
-1069.404801202412
 10
813.4926005435791
 20
-1073.254169081894
 10
816.9570375087824
 20
-1076.333616396125
 10
826.1955262932097
 20
-1083.647391872466
 10
835.4340150776361
 20
-1091.34612763143
 10
844.6724744937164
 20
-1098.659961844462
 10
847.7519805446409
 20
-1100.969606066828
 10
850.8314572272193
 20
-1102.89429000657
 10
853.5260323638649
 20
-1104.434013663686
 10
855.0657853893263
 20
-1109.053243371725
 10
856.2205781321636
 20
-1112.902611251207
 10
857.375400243347
 20
-1116.75197913069
 10
854.2958941924226
 20
-1115.212255473574
 10
851.2164175098442
 20
-1113.287571533834
 10
847.7519805446409
 20
-1112.13274942265
 10
845.442365690621
 20
-1111.362887594092
 10
842.7477905539754
 20
-1110.208065482908
 10
840.8231066142343
 20
-1110.593025765535
 10
836.9737387347523
 20
-1111.747847876717
 10
834.2791929664527
 20
-1110.593025765535
 10
831.1996869155282
 20
-1108.283381543168
 10
824.2708129851217
 20
-1103.279191552501
 10
816.9570375087824
 20
-1099.044922127086
 10
809.643232664097
 20
-1095.195554247604
 10
806.5637266131725
 20
-1093.655830590489
 10
802.3294278194116
 20
-1094.425692419047
 10
798.4800599399296
 20
-1094.425692419047
 10
796.5553760001876
 20
-1094.425692419047
 10
794.6306920604475
 20
-1094.810652701672
 10
793.0909390349843
 20
-1094.040732136422
 10
780.0030823710758
 20
-1089.036542145755
 10
767.3001859897922
 20
-1083.262490326533
 10
754.2123293258828
 20
-1078.258300335867
 10
749.2081540193903
 20
-1076.333616396125
 10
743.819033114446
 20
-1075.948656113502
 10
738.4299268936747
 20
-1078.643260618492
 10
737.2751194666653
 20
-1079.028220901117
 10
735.3504355269233
 20
-1079.028220901117
 10
734.1956280999129
 20
-1078.643260618492
 10
722.2625935471879
 20
-1075.178853021636
 10
710.3295443102888
 20
-1071.714386688085
 10
698.011564159111
 20
-1068.24997909123
 10
694.5471271939077
 20
-1067.095156980045
 10
690.6977593144247
 20
-1066.710255434113
 10
687.2333370333945
 20
-1066.325295151488
 10
685.3086530936534
 20
-1065.940334868863
 10
682.9990382396336
 20
-1066.325295151488
 10
681.8442161284502
 20
-1067.095156980045
 10
676.8400408219586
 20
-1071.329485142152
 10
672.220796429745
 20
-1067.48011726267
 10
667.2166211232525
 20
-1066.710196697421
 10
659.9028162785671
 20
-1065.555374586238
 10
652.204080519602
 20
-1064.400552475054
 10
644.505344760637
 20
-1063.245789100563
 10
643.3505373336275
 20
-1063.245789100563
 10
641.8107843081652
 20
-1063.245789100563
 10
641.0409151375206
 20
-1064.015650929121
 10
634.8819250619317
 20
-1070.17466303097
 10
628.7229349863428
 20
-1064.785512757679
 10
622.5639449107539
 20
-1064.015650929121
 10
616.7898930915308
 20
-1063.245789100563
 10
611.0158412723067
 20
-1062.090966989381
 10
605.6267277094485
 20
-1065.170473040303
 10
604.8568511967178
 20
-1065.55543332293
 10
603.7020437697083
 20
-1065.55543332293
 10
602.5472363426979
 20
-1065.55543332293
 10
594.0786240710022
 20
-1064.015709665813
 10
585.2250808850276
 20
-1062.091025726073
 10
576.7564722843745
 20
-1060.551243332264
 10
567.1330525856692
 20
-1059.011519675149
 10
557.1246983016408
 20
-1057.471737281339
 10
547.5012767674143
 20
-1056.316915170157
 10
545.1916564068288
 20
-1055.931954887532
 10
542.8820342107219
 20
-1055.162093058974
 10
540.9573502709809
 20
-1054.77719151304
 10
535.5682348726014
 20
-1053.622369401857
 10
530.1791203919829
 20
-1055.547053341599
 10
528.2544364522419
 20
-1059.781381503706
 10
525.9448156327762
 20
-1065.55543332293
 10
527.4845626927927
 20
-1071.329485142152
 10
532.8736780911731
 20
-1074.024030910452
 10
544.0368453087758
 20
-1079.413122447051
 10
555.9698835325453
 20
-1084.417312437716
 10
567.5179871709915
 20
-1089.806462711007
 10
572.5221661485266
 20
-1092.116106933372
 10
577.5263451260626
 20
-1093.655830590489
 10
583.3003969452857
 20
-1095.965474812856
 10
580.9907747491798
 20
-1106.35875634012
 10
589.0744487645097
 20
-1109.053302108417
 10
596.0033080107432
 20
-1111.747906613409
 10
603.3171055133425
 20
-1114.827412664334
 10
611.0158412723067
 20
-1117.521958432633
 10
618.3296461169921
 20
-1120.216504200933
 10
619.0995226297237
 20
-1120.601464483558
 10
620.254330056734
 20
-1121.756227858048
 10
620.254330056734
 20
-1122.526148423298
 10
621.0242065694647
 20
-1126.760476585407
 10
623.3338214234846
 20
-1129.455022353704
 10
627.5681275593324
 20
-1130.994746010821
 10
636.421670745307
 20
-1134.074252061746
 10
645.2752212733685
 20
-1137.923619941228
 10
653.7438335450643
 20
-1141.77298782071
 10
654.8986409720746
 20
-1142.157948103335
 10
656.0534483990841
 20
-1143.697671760452
 10
656.438393997536
 20
-1144.46753358901
 10
657.2082705102675
 20
-1149.856625125607
 10
661.4425693040284
 20
-1151.396407519416
 10
665.6768827819633
 20
-1153.321091459156
 10
673.3756185409275
 20
-1156.400597510081
 10
681.0743542998925
 20
-1158.710182995756
 10
688.7730900588567
 20
-1161.78968904668
 10
691.0827049128766
 20
-1162.559550875238
 10
692.6224579383397
 20
-1164.869195097603
 10
694.9320727923596
 20
-1166.024017208787
 10
699.1663715861205
 20
-1168.333661431154
 10
703.4006850640544
 20
-1170.643246916827
 10
707.6349838578162
 20
-1171.798069028011
 10
721.1077714360044
 20
-1175.647436907493
 10
734.5805590141917
 20
-1179.11184450435
 10
748.05334659238
 20
-1182.961212383832
 10
749.5930996178431
 20
-1183.346172666457
 10
751.1328379591314
 20
-1185.65575815213
 10
752.6725909845936
 20
-1186.425619980688
 10
755.752082351345
 20
-1188.35030392043
 10
758.8315737180965
 20
-1190.659948142797
 10
762.2960106832998
 20
-1191.814711517287
 10
774.6139908344776
 20
-1196.049039679394
 10
787.3169165841082
 20
-1199.513447276251
 10
800.7897041622955
 20
-1200.283309104809
 10
803.86921021322
 20
-1200.668269387435
 10
807.3336178100772
 20
-1202.977854873108
 10
810.4131238610007
 20
-1204.517637266918
 10
813.4926299119252
 20
-1206.057360924035
 10
816.1871756802248
 20
-1207.982044863775
 10
819.2666817311492
 20
-1208.751965429024
 10
824.2708717218147
 20
-1209.906787540207
 10
829.659963258413
 20
-1210.676649368766
 10
835.0490841633573
 20
-1211.061609651391
 10
847.752009912987
 20
-1211.831471479949
 10
860.4549062942715
 20
-1212.601333308507
 10
873.1578320439012
 20
-1213.756155419691
 10
871.2331481041601
 20
-1214.526017248249
 10
869.3084641644191
 20
-1215.295879076806
 10
867.383780224678
 20
-1215.295879076806
 10
855.0658147576723
 20
-1216.45070118799
 10
843.9026420335049
 20
-1219.915108784848
 10
833.1244002236162
 20
-1225.68916060407
 10
832.3545383950586
 20
-1226.074120886695
 10
831.1997162838752
 20
-1226.074120886695
 10
830.0448941726918
 20
-1226.074120886695
 10
826.5804572074885
 20
-1225.68916060407
 10
823.5009805249101
 20
-1224.919298775512
 10
820.8064053882645
 20
-1224.149436946955
 10
822.3461584137276
 20
-1222.99461483577
 10
824.2708423534677
 20
-1221.06993089603
 10
826.1955262932097
 20
-1219.530207238913
 10
820.4214744739857
 20
-1217.990483581798
 10
813.877560826204
 20
-1217.605523299173
 10
809.2583017498182
 20
-1214.141115702316
 10
798.8650202225544
 20
-1206.827340225977
 10
786.1620944729239
 20
-1208.752024165718
 10
774.9989217487564
 20
-1204.902656286235
 10
767.3001859897922
 20
-1202.208110517935
 10
759.6014502308271
 20
-1199.89846629557
 10
751.902714471862
 20
-1197.588880809897
 10
751.1328379591314
 20
-1197.20392052727
 10
750.3629614464007
 20
-1196.819018981338
 10
749.9780305321219
 20
-1196.434058698713
 10
744.5889096271767
 20
-1189.505184768306
 10
736.5052429539337
 20
-1189.890145050931
 10
729.1914381092483
 20
-1187.580500828564
 10
717.2584035565214
 20
-1183.731132949082
 10
704.170546892613
 20
-1181.421488726715
 10
693.7772506811762
 20
-1175.26253536156
 10
682.2291470427299
 20
-1168.333661431154
 10
669.1412903788205
 20
-1166.024075945479
 10
657.5932014245464
 20
-1159.095202015073
 10
655.6685174848053
 20
-1157.94037990389
 10
652.5890261180539
 20
-1157.170518075331
 10
652.204080519602
 20
-1155.24583413559
 10
649.1245891528506
 20
-1147.932058659251
 10
641.8107843081652
 20
-1146.777236548067
 10
635.6518015746624
 20
-1144.082690779769
 10
630.6476262681699
 20
-1141.773046557402
 10
625.2585053632265
 20
-1139.84836261766
 10
620.6392683130989
 20
-1137.153816849363
 10
617.9447078606263
 20
-1135.614093192245
 10
615.2501547502416
 20
-1133.30444896988
 10
613.7104090668654
 20
-1130.609903201581
 10
612.1706633834901
 20
-1127.530397150656
 10
609.8610411873833
 20
-1126.375575039474
 10
606.7815498206319
 20
-1125.220811664982
 10
599.0828140616677
 20
-1122.141305614059
 10
591.7690165590684
 20
-1119.061799563133
 10
584.455211714383
 20
-1115.597391966277
 10
579.4510327368471
 20
-1113.287747743911
 10
576.3715376990531
 20
-1109.438379864428
 10
574.8317920156769
 20
-1104.049288327829
 10
574.4468537593111
 20
-1102.124604388089
 10
572.1372352342478
 20
-1100.584880730974
 10
570.2125512945076
 20
-1099.814960165722
 10
555.5849526182656
 20
-1093.271046517941
 10
540.5724193567021
 20
-1087.496994698718
 10
526.3297589368267
 20
-1079.798258939752
 10
514.7816552983786
 20
-1073.639246837905
 10
515.5515290578278
 20
-1054.392407440493
 10
526.7146958165504
 20
-1047.848493792711
 10
530.5640632371524
 20
-1045.538849570345
 10
535.9531786355319
 20
-1044.384086195854
 10
540.1874829358585
 20
-1044.768987741787
 10
548.656093372032
 20
-1045.153948024412
 10
557.1247019726843
 20
-1047.078631964154
 10
565.5933105733366
 20
-1048.618355621269
 10
577.5263524681495
 20
-1050.927999843636
 10
589.4593870208755
 20
-1053.237585329309
 10
601.3924362577745
 20
-1055.547229551676
 10
602.1623127705052
 20
-1055.547229551676
 10
602.9321819411498
 20
-1055.932189834301
 10
603.7020584538805
 20
-1055.547229551676
 10
613.3254781525866
 20
-1052.082821954818
 10
622.9488978512927
 20
-1054.392407440493
 10
632.1873792936331
 20
-1056.317091380235
 10
633.3421867206425
 20
-1056.702051662858
 10
634.497001489739
 20
-1056.702051662858
 10
635.2668706603836
 20
-1056.317091380235
 10
646.8149742988307
 20
-1051.312901389569
 10
658.3630779372779
 20
-1054.007447157868
 10
669.9111815757242
 20
-1057.471913491418
 10
673.3756185409275
 20
-1058.6267356026
 10
676.4551099076789
 20
-1059.011637148533
 10
679.9195321887091
 20
-1057.856873774042
 10
686.8483914349426
 20
-1055.162328005743
 10
693.7772506811762
 20
-1057.856873774042
 10
700.7061246115827
 20
-1059.396597431158
 10
711.8692973357502
 20
-1062.091143199457
 10
723.0324553757455
 20
-1065.555609533007
 10
734.5805590141917
 20
-1068.635056847239
 10
735.7353664412021
 20
-1069.020017129864
 10
737.2751194666653
 20
-1069.020017129864
 10
738.044995979395
 20
-1068.635056847239
 10
746.5136082510908
 20
-1065.940511078939
 10
754.5972749243356
 20
-1068.250096564614
 10
762.2960106832998
 20
-1070.944701069606
 10
773.0742378090154
 20
-1075.179029231713
 10
783.4675487046252
 20
-1079.413298657128
 10
793.8608302318889
 20
-1083.647626819235
 10
795.4005832573512
 20
-1084.417488647792
 10
797.7101981113719
 20
-1084.032587101861
 10
799.6348820511121
 20
-1084.417488647792
 10
806.1786194888164
 20
-1083.647626819235
 10
810.797849196857
 20
-1083.647626819235
 10
813.4923949651557
 20
-1084.032587101861
 97
        0
 97
        0
 75
     2
 76
     1
 98
        0
  0
SPLINE
  5
50
330
41
100
AcDbEntity
  8
katman 1
370
     0
100
AcDbSpline
210
0.0
220
0.0
230
1.0
 70
    11
 71
     3
 72
   209
 73
   205
 74
     0
 42
0.0000000001
 43
0.0000000001
 12
1.0
 22
0.0
 32
0.0
 13
1.0
 23
0.0
 33
0.0
 40
0.0
 40
0.0
 40
0.0
 40
0.0
 40
1.0
 40
1.0
 40
1.0
 40
2.0
 40
2.0
 40
2.0
 40
3.0
 40
3.0
 40
3.0
 40
4.0
 40
4.0
 40
4.0
 40
5.0
 40
5.0
 40
5.0
 40
6.0
 40
6.0
 40
6.0
 40
7.0
 40
7.0
 40
7.0
 40
8.0
 40
8.0
 40
8.0
 40
9.0
 40
9.0
 40
9.0
 40
10.0
 40
10.0
 40
10.0
 40
11.0
 40
11.0
 40
11.0
 40
12.0
 40
12.0
 40
12.0
 40
13.0
 40
13.0
 40
13.0
 40
14.0
 40
14.0
 40
14.0
 40
15.0
 40
15.0
 40
15.0
 40
16.0
 40
16.0
 40
16.0
 40
17.0
 40
17.0
 40
17.0
 40
18.0
 40
18.0
 40
18.0
 40
19.0
 40
19.0
 40
19.0
 40
20.0
 40
20.0
 40
20.0
 40
21.0
 40
21.0
 40
21.0
 40
22.0
 40
22.0
 40
22.0
 40
23.0
 40
23.0
 40
23.0
 40
24.0
 40
24.0
 40
24.0
 40
25.0
 40
25.0
 40
25.0
 40
26.0
 40
26.0
 40
26.0
 40
27.0
 40
27.0
 40
27.0
 40
28.0
 40
28.0
 40
28.0
 40
29.0
 40
29.0
 40
29.0
 40
30.0
 40
30.0
 40
30.0
 40
31.0
 40
31.0
 40
31.0
 40
32.0
 40
32.0
 40
32.0
 40
33.0
 40
33.0
 40
33.0
 40
34.0
 40
34.0
 40
34.0
 40
35.0
 40
35.0
 40
35.0
 40
36.0
 40
36.0
 40
36.0
 40
37.0
 40
37.0
 40
37.0
 40
38.0
 40
38.0
 40
38.0
 40
39.0
 40
39.0
 40
39.0
 40
40.0
 40
40.0
 40
40.0
 40
41.0
 40
41.0
 40
41.0
 40
42.0
 40
42.0
 40
42.0
 40
43.0
 40
43.0
 40
43.0
 40
44.0
 40
44.0
 40
44.0
 40
45.0
 40
45.0
 40
45.0
 40
46.0
 40
46.0
 40
46.0
 40
47.0
 40
47.0
 40
47.0
 40
48.0
 40
48.0
 40
48.0
 40
49.0
 40
49.0
 40
49.0
 40
50.0
 40
50.0
 40
50.0
 40
51.0
 40
51.0
 40
51.0
 40
52.0
 40
52.0
 40
52.0
 40
53.0
 40
53.0
 40
53.0
 40
54.0
 40
54.0
 40
54.0
 40
55.0
 40
55.0
 40
55.0
 40
56.0
 40
56.0
 40
56.0
 40
57.0
 40
57.0
 40
57.0
 40
58.0
 40
58.0
 40
58.0
 40
59.0
 40
59.0
 40
59.0
 40
60.0
 40
60.0
 40
60.0
 40
61.0
 40
61.0
 40
61.0
 40
62.0
 40
62.0
 40
62.0
 40
63.0
 40
63.0
 40
63.0
 40
64.0
 40
64.0
 40
64.0
 40
65.0
 40
65.0
 40
65.0
 40
66.0
 40
66.0
 40
66.0
 40
67.0
 40
67.0
 40
67.0
 40
68.0
 40
68.0
 40
68.0
 40
68.0
 10
949.3750928582194
 20
-843.0621343515886
 30
0.0
 10
949.3750928582194
 20
-841.5223813261255
 30
0.0
 10
949.3750928582194
 20
-839.9826283006641
 30
0.0
 10
948.9901619439406
 20
-838.8278355578277
 30
0.0
 10
944.7558631501788
 20
-826.1249098081971
 30
0.0
 10
944.3709322359
 20
-813.4220134269126
 30
0.0
 10
945.1407940644585
 20
-799.9492258487262
 30
0.0
 10
945.5257249787373
 20
-795.7149270549635
 30
0.0
 10
945.1407940644585
 20
-791.8655591754814
 30
0.0
 10
945.1407940644585
 20
-786.0915073562574
 30
0.0
 10
947.4504089184775
 20
-789.1710134071818
 30
0.0
 10
948.9901619439406
 20
-791.0956973469238
 30
0.0
 10
950.529914969402
 20
-793.4053122009427
 30
0.0
 10
950.9148458836808
 20
-793.0203812866639
 30
0.0
 10
951.2997767979605
 20
-792.6354503723851
 30
0.0
 10
952.0696679948651
 20
-792.6354503723851
 30
0.0
 10
950.9148458836808
 20
-783.3969615879596
 30
0.0
 10
949.3751222265655
 20
-774.5434330861572
 30
0.0
 10
948.9901619439406
 20
-765.3049443017298
 30
0.0
 10
948.6052310296618
 20
-756.0664555173043
 30
0.0
 10
950.1449840551231
 20
-746.827966732877
 30
0.0
 10
950.529914969402
 20
-736.4346852056133
 30
0.0
 10
953.2244607377015
 20
-738.744300059634
 30
0.0
 10
955.1491446774426
 20
-740.2840530850954
 30
0.0
 10
957.4587888998085
 20
-742.5936679391161
 30
0.0
 10
958.9985419252716
 20
-725.6564433957246
 30
0.0
 10
959.3834728395504
 20
-709.4891100492368
 30
0.0
 10
963.2328407190325
 20
-693.7066929328557
 30
0.0
 10
966.6972776842358
 20
-695.6313768725977
 30
0.0
 10
969.3918234525354
 20
-697.171129898059
 30
0.0
 10
973.2411913320175
 20
-699.095813837801
 30
0.0
 10
970.9315764779967
 20
-681.7736583801307
 30
0.0
 10
973.2411913320175
 20
-666.3761868622005
 30
0.0
 10
975.5508061860373
 20
-649.8239079172617
 30
0.0
 10
977.8604210400572
 20
-651.7485918570019
 30
0.0
 10
979.0152431512406
 20
-652.9033992840123
 30
0.0
 10
981.3248580052605
 20
-654.8280832237542
 30
0.0
 10
985.9440877133011
 20
-629.4222610928409
 30
0.0
 10
990.5633467896878
 20
-604.7863007904843
 30
0.0
 10
994.7976455834487
 20
-580.5352860865805
 30
0.0
 10
995.5675074120063
 20
-580.5352860865805
 30
0.0
 10
996.3373986089109
 20
-580.5352860865805
 30
0.0
 10
996.7223295231897
 20
-580.5352860865805
 30
0.0
 10
1000.956628316952
 20
-608.2507377556867
 30
0.0
 10
1005.190927110712
 20
-635.9661894247947
 30
0.0
 10
1009.425255272819
 20
-663.6816264097288
 30
0.0
 10
1010.195117101379
 20
-664.0665573240076
 30
0.0
 10
1010.965008298283
 20
-664.0665573240076
 30
0.0
 10
1011.349939212561
 20
-664.4515029224603
 30
0.0
 10
1012.119801041119
 20
-662.9117498969972
 30
0.0
 10
1012.889662869677
 20
-661.372011555708
 30
0.0
 10
1013.659583434928
 20
-659.8322585302467
 30
0.0
 10
1014.044543717553
 20
-660.2171894445255
 30
0.0
 10
1014.814405546111
 20
-660.2171894445255
 30
0.0
 10
1015.199307092043
 20
-660.6021350429783
 30
0.0
 10
1016.739030749159
 20
-673.3050461084349
 30
0.0
 10
1018.278813142968
 20
-686.0079571738916
 30
0.0
 10
1019.43363525415
 20
-699.095813837801
 30
0.0
 10
1021.743279476517
 20
-697.5560608123378
 30
0.0
 10
1024.437825244817
 20
-695.6313768725977
 30
0.0
 10
1027.132371013115
 20
-694.0916385313085
 30
0.0
 10
1030.596778609972
 20
-708.3343026222283
 30
0.0
 10
1032.136561003781
 20
-722.1920211146935
 30
0.0
 10
1031.366699175223
 20
-736.4346852056133
 30
0.0
 10
1031.366699175223
 20
-738.3593691453552
 30
0.0
 10
1032.136561003781
 20
-740.2840530850954
 30
0.0
 10
1032.521521286406
 20
-742.5936679391161
 30
0.0
 10
1034.446205226148
 20
-741.8238061105585
 30
0.0
 10
1036.370889165888
 20
-741.053914913653
 30
0.0
 10
1039.450395216812
 20
-739.5141765723638
 30
0.0
 10
1041.760039439179
 20
-747.9827888440595
 30
0.0
 10
1041.760039439179
 20
-756.836317345862
 30
0.0
 10
1042.144940985112
 20
-765.6898752160087
 30
0.0
 10
1042.529901267737
 20
-774.5434330861572
 30
0.0
 10
1039.835296762745
 20
-783.3969615879596
 30
0.0
 10
1038.29557310563
 20
-793.7902724835694
 30
0.0
 10
1040.990118873928
 20
-791.8655885438275
 30
0.0
 10
1042.529901267737
 20
-790.710766432645
 30
0.0
 10
1044.454585207479
 20
-788.786082492903
 30
0.0
 10
1048.688913369586
 20
-805.3383761220157
 30
0.0
 10
1045.609407318661
 20
-821.8906403827823
 30
0.0
 10
1041.760039439179
 20
-838.0580030976162
 30
0.0
 10
1042.144999721804
 20
-838.0580030976162
 30
0.0
 10
1042.529901267737
 20
-838.442934011895
 30
0.0
 10
1042.914861550362
 20
-838.442934011895
 30
0.0
 10
1044.839545490104
 20
-836.518250072153
 30
0.0
 10
1047.149189712471
 20
-834.5935661324111
 30
0.0
 10
1049.843735480768
 20
-832.2839512783921
 30
0.0
 10
1050.228695763395
 20
-843.8320549168384
 30
0.0
 10
1049.843735480768
 20
-854.2253364441021
 30
0.0
 10
1046.764229429846
 20
-865.0035782539908
 30
0.0
 10
1043.684723378919
 20
-875.0119288669757
 30
0.0
 10
1041.375137893247
 20
-885.4052397625856
 30
0.0
 10
1038.680533388255
 20
-896.5683831184069
 30
0.0
 10
1041.760039439179
 20
-895.0286300929456
 30
0.0
 10
1044.069624924854
 20
-893.8738373501092
 30
0.0
 10
1046.764229429846
 20
-892.7190152389248
 30
0.0
 10
1046.764229429846
 20
-908.8863485854126
 30
0.0
 10
1040.605217327997
 20
-923.8988891890622
 30
0.0
 10
1037.910671559697
 20
-940.8361137324573
 30
0.0
 10
1042.529901267737
 20
-938.1415679641577
 30
0.0
 10
1046.379269147219
 20
-936.2168840244176
 30
0.0
 10
1050.998498855261
 20
-933.9072398020508
 30
0.0
 10
1045.609407318661
 20
-949.3047113199791
 30
0.0
 10
1040.22025704537
 20
-964.3172519236305
 30
0.0
 10
1034.446205226148
 20
-980.8695161843971
 30
0.0
 10
1037.525711277072
 20
-978.9448322446551
 30
0.0
 10
1039.835296762745
 20
-977.4050792191938
 30
0.0
 10
1042.91480281367
 20
-975.4803952794518
 30
0.0
 10
1042.144940985112
 20
-983.9489928669755
 30
0.0
 10
1039.065434934188
 20
-990.8778374290341
 30
0.0
 10
1037.140750994447
 20
-998.5765731880001
 30
0.0
 10
1035.216067054705
 20
-1005.890348664339
 30
0.0
 10
1033.291383114964
 20
-1013.204182877371
 30
0.0
 10
1031.366699175223
 20
-1020.51795835371
 30
0.0
 10
1031.751659457848
 20
-1020.902918636335
 30
0.0
 10
1032.136561003781
 20
-1020.902918636335
 30
0.0
 10
1032.521521286406
 20
-1021.287820182268
 30
0.0
 10
1034.831165508773
 20
-1019.748096525153
 30
0.0
 10
1037.525711277072
 20
-1018.208314131343
 30
0.0
 10
1040.990118873928
 20
-1015.89872864567
 30
0.0
 10
1040.990118873928
 20
-1017.823412585411
 30
0.0
 10
1041.375079156554
 20
-1018.978234696595
 30
0.0
 10
1040.990118873928
 20
-1020.133056807777
 30
0.0
 10
1038.29557310563
 20
-1027.446832284117
 30
0.0
 10
1035.216067054705
 20
-1034.760666497148
 30
0.0
 10
1032.521521286406
 20
-1042.074441973487
 30
0.0
 10
1028.672153406924
 20
-1051.312901389569
 30
0.0
 10
1024.822785527442
 20
-1060.936321088275
 30
0.0
 10
1020.97341764796
 20
-1070.174839241048
 30
0.0
 10
1020.588457365335
 20
-1070.944701069606
 30
0.0
 10
1020.97341764796
 20
-1072.869385009346
 30
0.0
 10
1021.358377930585
 20
-1073.254345291971
 30
0.0
 10
1022.513200041769
 20
-1073.639305574598
 30
0.0
 10
1024.052923698884
 20
-1074.024207120528
 30
0.0
 10
1025.207745810067
 20
-1073.639305574598
 30
0.0
 10
1027.902291578366
 20
-1072.86944374604
 30
0.0
 10
1030.211935800733
 20
-1071.329661352231
 30
0.0
 10
1033.67634339759
 20
-1070.559799523673
 30
0.0
 10
1019.433693990843
 20
-1112.902846197978
 30
0.0
 10
1003.266331276011
 20
-1154.860932589658
 30
0.0
 10
992.488118834468
 20
-1198.358801375147
 30
0.0
 10
984.7893830755029
 20
-1159.095260751765
 30
0.0
 10
972.4714176084981
 20
-1120.986483502875
 30
0.0
 10
961.3082448843306
 20
-1081.338041333562
 30
0.0
 10
965.9274745923703
 20
-1082.107903162119
 30
0.0
 10
969.7768424718524
 20
-1082.877764990677
 30
0.0
 10
974.3961015482391
 20
-1084.032587101861
 30
0.0
 10
967.4672276178326
 20
-1062.861063764707
 30
0.0
 10
960.5383830557721
 20
-1042.844362538739
 30
0.0
 10
953.9944400396444
 20
-1022.057740747518
 30
0.0
 10
956.688985807943
 20
-1023.212562858702
 30
0.0
 10
958.9986300303099
 20
-1023.982424687259
 30
0.0
 10
962.0781067128883
 20
-1024.752286515817
 30
0.0
 10
957.0739167222227
 20
-1007.815091340774
 30
0.0
 10
952.0697560999033
 20
-991.6476992575936
 30
0.0
 10
947.0655661092378
 20
-974.7105040825481
 30
0.0
 10
950.1450721601623
 20
-976.6351880222901
 30
0.0
 10
952.8396179284609
 20
-978.1749410477514
 30
0.0
 10
956.3040548936642
 20
-980.4845559017704
 30
0.0
 10
956.3040548936642
 20
-978.1749410477514
 30
0.0
 10
956.688985807943
 20
-976.6351880222901
 30
0.0
 10
956.3040548936642
 20
-975.095434996827
 30
0.0
 10
953.9944400396444
 20
-966.6268374093052
 30
0.0
 10
951.2998649029996
 20
-958.5431413677143
 30
0.0
 10
949.3751809632577
 20
-950.4594746944713
 30
0.0
 10
947.8354279377963
 20
-943.1456698497859
 30
0.0
 10
946.680635194959
 20
-935.8318650051006
 30
0.0
 10
945.5258130837756
 20
-928.9030204430364
 30
0.0
 10
945.5258130837756
 20
-928.133158614477
 30
0.0
 10
945.5258130837756
 20
-927.3632674175733
 30
0.0
 10
945.9107439980544
 20
-926.2084746747369
 30
0.0
 10
947.0655661092378
 20
-927.3632967859194
 30
0.0
 10
947.8354279377963
 20
-928.133158614477
 30
0.0
 10
948.605289766354
 20
-928.5180895287558
 30
0.0
 10
949.7601118775365
 20
-929.2879513573153
 30
0.0
 10
951.2998355346526
 20
-929.2879513573153
 30
0.0
 10
952.454657645836
 20
-929.6729116399401
 30
0.0
 10
952.454657645836
 20
-928.133158614477
 30
0.0
 10
953.2245194743937
 20
-926.5934055890157
 30
0.0
 10
952.8395885601149
 20
-925.4386128461792
 30
0.0
 10
951.2998355346526
 20
-917.7398770872132
 30
0.0
 10
949.3751515949116
 20
-910.4260722425279
 30
0.0
 10
947.4504676551705
 20
-902.7273364835637
 30
0.0
 10
946.2956455439871
 20
-898.108106775524
 30
0.0
 10
945.1408528011507
 20
-893.8737786134152
 30
0.0
 10
944.3709616042461
 20
-889.2545489053755
 30
0.0
 10
943.9860306899673
 20
-887.3298649656354
 30
0.0
 10
943.9860306899673
 20
-885.0202501116146
 30
0.0
 10
943.6010997756885
 20
-881.9407440606901
 30
0.0
 10
946.680605826612
 20
-883.8654280004321
 30
0.0
 10
948.9902206806328
 20
-885.0202501116146
 30
0.0
 10
950.9149046203738
 20
-886.5599737687298
 30
0.0
 10
951.2998355346526
 20
-886.175042854451
 30
0.0
 10
951.6847664489324
 20
-886.175042854451
 30
0.0
 10
952.0697267315572
 20
-885.7901119401722
 30
0.0
 10
945.9107439980544
 20
-870.7775713365227
 30
0.0
 10
939.7517612645524
 20
-855.7650307328731
 30
0.0
 10
942.0613761185723
 20
-838.4428752752028
 30
0.0
 10
944.3709909725931
 20
-840.7524901292218
 30
0.0
 10
946.2956749123332
 20
-842.2922431546831
 30
0.0
 10
948.605289766354
 20
-844.216927094425
 30
0.0
 10
948.6052310296618
 20
-843.4470652658674
 30
0.0
 10
948.9901619439406
 20
-843.0621343515886
 30
0.0
 10
949.3750928582194
 20
-843.0621343515886
 30
0.0
  0
SPLINE
  5
51
330
41
100
AcDbEntity
  8
katman 1
370
     0
100
AcDbSpline
210
0.0
220
0.0
230
1.0
 70
    11
 71
     3
 72
   362
 73
   358
 74
     0
 42
0.0000000001
 43
0.0000000001
 12
1.0
 22
0.0
 32
0.0
 13
1.0
 23
0.0
 33
0.0
 40
0.0
 40
0.0
 40
0.0
 40
0.0
 40
1.0
 40
1.0
 40
1.0
 40
2.0
 40
2.0
 40
2.0
 40
3.0
 40
3.0
 40
3.0
 40
4.0
 40
4.0
 40
4.0
 40
5.0
 40
5.0
 40
5.0
 40
6.0
 40
6.0
 40
6.0
 40
7.0
 40
7.0
 40
7.0
 40
8.0
 40
8.0
 40
8.0
 40
9.0
 40
9.0
 40
9.0
 40
10.0
 40
10.0
 40
10.0
 40
11.0
 40
11.0
 40
11.0
 40
12.0
 40
12.0
 40
12.0
 40
13.0
 40
13.0
 40
13.0
 40
14.0
 40
14.0
 40
14.0
 40
15.0
 40
15.0
 40
15.0
 40
16.0
 40
16.0
 40
16.0
 40
17.0
 40
17.0
 40
17.0
 40
18.0
 40
18.0
 40
18.0
 40
19.0
 40
19.0
 40
19.0
 40
20.0
 40
20.0
 40
20.0
 40
21.0
 40
21.0
 40
21.0
 40
22.0
 40
22.0
 40
22.0
 40
23.0
 40
23.0
 40
23.0
 40
24.0
 40
24.0
 40
24.0
 40
25.0
 40
25.0
 40
25.0
 40
26.0
 40
26.0
 40
26.0
 40
27.0
 40
27.0
 40
27.0
 40
28.0
 40
28.0
 40
28.0
 40
29.0
 40
29.0
 40
29.0
 40
30.0
 40
30.0
 40
30.0
 40
31.0
 40
31.0
 40
31.0
 40
32.0
 40
32.0
 40
32.0
 40
33.0
 40
33.0
 40
33.0
 40
34.0
 40
34.0
 40
34.0
 40
35.0
 40
35.0
 40
35.0
 40
36.0
 40
36.0
 40
36.0
 40
37.0
 40
37.0
 40
37.0
 40
38.0
 40
38.0
 40
38.0
 40
39.0
 40
39.0
 40
39.0
 40
40.0
 40
40.0
 40
40.0
 40
41.0
 40
41.0
 40
41.0
 40
42.0
 40
42.0
 40
42.0
 40
43.0
 40
43.0
 40
43.0
 40
44.0
 40
44.0
 40
44.0
 40
45.0
 40
45.0
 40
45.0
 40
46.0
 40
46.0
 40
46.0
 40
47.0
 40
47.0
 40
47.0
 40
48.0
 40
48.0
 40
48.0
 40
49.0
 40
49.0
 40
49.0
 40
50.0
 40
50.0
 40
50.0
 40
51.0
 40
51.0
 40
51.0
 40
52.0
 40
52.0
 40
52.0
 40
53.0
 40
53.0
 40
53.0
 40
54.0
 40
54.0
 40
54.0
 40
55.0
 40
55.0
 40
55.0
 40
56.0
 40
56.0
 40
56.0
 40
57.0
 40
57.0
 40
57.0
 40
58.0
 40
58.0
 40
58.0
 40
59.0
 40
59.0
 40
59.0
 40
60.0
 40
60.0
 40
60.0
 40
61.0
 40
61.0
 40
61.0
 40
62.0
 40
62.0
 40
62.0
 40
63.0
 40
63.0
 40
63.0
 40
64.0
 40
64.0
 40
64.0
 40
65.0
 40
65.0
 40
65.0
 40
66.0
 40
66.0
 40
66.0
 40
67.0
 40
67.0
 40
67.0
 40
68.0
 40
68.0
 40
68.0
 40
69.0
 40
69.0
 40
69.0
 40
70.0
 40
70.0
 40
70.0
 40
71.0
 40
71.0
 40
71.0
 40
72.0
 40
72.0
 40
72.0
 40
73.0
 40
73.0
 40
73.0
 40
74.0
 40
74.0
 40
74.0
 40
75.0
 40
75.0
 40
75.0
 40
76.0
 40
76.0
 40
76.0
 40
77.0
 40
77.0
 40
77.0
 40
78.0
 40
78.0
 40
78.0
 40
79.0
 40
79.0
 40
79.0
 40
80.0
 40
80.0
 40
80.0
 40
81.0
 40
81.0
 40
81.0
 40
82.0
 40
82.0
 40
82.0
 40
83.0
 40
83.0
 40
83.0
 40
84.0
 40
84.0
 40
84.0
 40
85.0
 40
85.0
 40
85.0
 40
86.0
 40
86.0
 40
86.0
 40
87.0
 40
87.0
 40
87.0
 40
88.0
 40
88.0
 40
88.0
 40
89.0
 40
89.0
 40
89.0
 40
90.0
 40
90.0
 40
90.0
 40
91.0
 40
91.0
 40
91.0
 40
92.0
 40
92.0
 40
92.0
 40
93.0
 40
93.0
 40
93.0
 40
94.0
 40
94.0
 40
94.0
 40
95.0
 40
95.0
 40
95.0
 40
96.0
 40
96.0
 40
96.0
 40
97.0
 40
97.0
 40
97.0
 40
98.0
 40
98.0
 40
98.0
 40
99.0
 40
99.0
 40
99.0
 40
100.0
 40
100.0
 40
100.0
 40
101.0
 40
101.0
 40
101.0
 40
102.0
 40
102.0
 40
102.0
 40
103.0
 40
103.0
 40
103.0
 40
104.0
 40
104.0
 40
104.0
 40
105.0
 40
105.0
 40
105.0
 40
106.0
 40
106.0
 40
106.0
 40
107.0
 40
107.0
 40
107.0
 40
108.0
 40
108.0
 40
108.0
 40
109.0
 40
109.0
 40
109.0
 40
110.0
 40
110.0
 40
110.0
 40
111.0
 40
111.0
 40
111.0
 40
112.0
 40
112.0
 40
112.0
 40
113.0
 40
113.0
 40
113.0
 40
114.0
 40
114.0
 40
114.0
 40
115.0
 40
115.0
 40
115.0
 40
116.0
 40
116.0
 40
116.0
 40
117.0
 40
117.0
 40
117.0
 40
118.0
 40
118.0
 40
118.0
 40
119.0
 40
119.0
 40
119.0
 40
119.0
 10
987.0989098244845
 20
-1094.810770175056
 30
0.0
 10
986.7139789102057
 20
-1095.195730457683
 30
0.0
 10
986.7139789102057
 20
-1095.195730457683
 30
0.0
 10
986.3290479959269
 20
-1095.580632003615
 30
0.0
 10
987.0989098244845
 20
-1096.350493832173
 30
0.0
 10
987.4838701071094
 20
-1097.505315943356
 30
0.0
 10
988.253731935667
 20
-1097.890276225982
 30
0.0
 10
992.8729616437076
 20
-1101.354683822839
 30
0.0
 10
994.0277837548911
 20
-1105.973972267571
 30
0.0
 10
993.6428528406122
 20
-1111.748024086795
 30
0.0
 10
993.2579219263334
 20
-1120.601581956942
 30
0.0
 10
993.6428528406122
 20
-1129.840041373023
 30
0.0
 10
993.6428528406122
 20
-1138.69359924317
 30
0.0
 10
994.0277837548911
 20
-1138.69359924317
 30
0.0
 10
994.7976749517948
 20
-1138.69359924317
 30
0.0
 10
995.1826058660736
 20
-1138.69359924317
 30
0.0
 10
995.5675367803524
 20
-1135.999053474872
 30
0.0
 10
995.9524676946321
 20
-1133.689409252505
 30
0.0
 10
995.9524676946321
 20
-1130.994863484206
 30
0.0
 10
995.9524676946321
 20
-1126.375633776166
 30
0.0
 10
995.5675367803524
 20
-1122.141305614059
 30
0.0
 10
996.3373986089109
 20
-1117.522075906018
 30
0.0
 10
997.4922207200943
 20
-1110.208300429678
 30
0.0
 10
994.4127146691699
 20
-1101.739644105463
 30
0.0
 10
1000.571697402673
 20
-1095.195730457683
 30
0.0
 10
1000.571697402673
 20
-1095.195730457683
 30
0.0
 10
1000.571697402673
 20
-1094.810770175056
 30
0.0
 10
1000.186766488394
 20
-1094.425868629125
 30
0.0
 10
999.0319443772096
 20
-1094.81082891175
 30
0.0
 10
998.262082548652
 20
-1095.195730457683
 30
0.0
 10
996.7223295231897
 20
-1095.580690740308
 30
0.0
 10
996.7223295231897
 20
-1089.421678638459
 30
0.0
 10
997.1072604374694
 20
-1083.647626819235
 30
0.0
 10
996.7223295231897
 20
-1077.873575000012
 30
0.0
 10
996.7223295231897
 20
-1073.639246837905
 30
0.0
 10
997.4921913517483
 20
-1070.559799523673
 30
0.0
 10
1000.186766488394
 20
-1067.480293472749
 30
0.0
 10
1003.651203453597
 20
-1063.245965310642
 30
0.0
 10
1006.730680136174
 20
-1058.6267356026
 30
0.0
 10
1009.8101861871
 20
-1054.392466177185
 30
0.0
 10
1009.425255272819
 20
-1054.00750589456
 30
0.0
 10
1009.425255272819
 20
-1054.00750589456
 30
0.0
 10
1009.040324358541
 20
-1053.622604348628
 30
0.0
 10
1005.190956479059
 20
-1058.241834056667
 30
0.0
 10
1001.726519513855
 20
-1062.476162218776
 30
0.0
 10
997.4922207200943
 20
-1067.865253755373
 30
0.0
 10
997.4922207200943
 20
-1057.47197222811
 30
0.0
 10
997.4922207200943
 20
-1048.618414357963
 30
0.0
 10
997.4922207200943
 20
-1039.764856487815
 30
0.0
 10
997.4922207200943
 20
-1038.225132830699
 30
0.0
 10
998.6470428312768
 20
-1037.070310719515
 30
0.0
 10
999.4169046598354
 20
-1035.530528325708
 30
0.0
 10
1002.881341625038
 20
-1030.911298617666
 30
0.0
 10
1006.345778590243
 20
-1026.292068909626
 30
0.0
 10
1009.8101861871
 20
-1021.28787891896
 30
0.0
 10
1010.580048015658
 20
-1020.133056807777
 30
0.0
 10
1011.349939212561
 20
-1018.593333150662
 30
0.0
 10
1012.119801041119
 20
-1017.438511039478
 30
0.0
 10
1011.73487012684
 20
-1017.438511039478
 30
0.0
 10
1011.73487012684
 20
-1017.053550756853
 30
0.0
 10
1011.349939212561
 20
-1017.053550756853
 30
0.0
 10
1007.1156404188
 20
-1022.442642293452
 30
0.0
 10
1002.881341625038
 20
-1028.216694112674
 30
0.0
 10
998.6470134629308
 20
-1033.605844385966
 30
0.0
 10
998.262082548652
 20
-1033.220884103341
 30
0.0
 10
997.8771516343731
 20
-1033.220884103341
 30
0.0
 10
997.4921913517483
 20
-1032.835982557408
 30
0.0
 10
997.4921913517483
 20
-1025.522207081069
 30
0.0
 10
997.4921913517483
 20
-1018.208372868037
 30
0.0
 10
997.4921913517483
 20
-1010.894597391696
 30
0.0
 10
997.4921913517483
 20
-1003.580821915359
 30
0.0
 10
1000.186737120047
 20
-997.036849530883
 30
0.0
 10
1004.805996196434
 20
-991.2627977116608
 30
0.0
 10
1008.270433161637
 20
-987.0284989178981
 30
0.0
 10
1010.964978929936
 20
-982.4092398415123
 30
0.0
 10
1014.044484980861
 20
-978.1749410477514
 30
0.0
 10
1013.659524698236
 20
-977.7900101334726
 30
0.0
 10
1013.274623152302
 20
-977.7900101334726
 30
0.0
 10
1013.274623152302
 20
-977.4050792191938
 30
0.0
 10
1008.655393444262
 20
-983.179131038416
 30
0.0
 10
1004.421065282155
 20
-989.3381137719189
 30
0.0
 10
999.4169046598354
 20
-995.8820274197005
 30
0.0
 10
999.0319737455557
 20
-993.9573434799604
 30
0.0
 10
998.6470428312768
 20
-993.187481651401
 30
0.0
 10
998.6470428312768
 20
-992.8025213687761
 30
0.0
 10
998.6470428312768
 20
-982.7941707557911
 30
0.0
 10
998.6470428312768
 20
-972.4008598601813
 30
0.0
 10
998.6470428312768
 20
-962.3925092471964
 30
0.0
 10
998.6470428312768
 20
-960.0828943931774
 30
0.0
 10
999.8018649424612
 20
-957.7732795391566
 30
0.0
 10
1000.956657685298
 20
-956.2335265136935
 30
0.0
 10
1004.80602556478
 20
-950.0745437801925
 30
0.0
 10
1009.040324358541
 20
-943.9155610466896
 30
0.0
 10
1012.889721606371
 20
-937.7565489448407
 30
0.0
 10
1013.274681888995
 20
-936.9866871162831
 30
0.0
 10
1013.659583434928
 20
-936.2167959193794
 30
0.0
 10
1014.044543717553
 20
-935.4469340908217
 30
0.0
 10
1013.659583434928
 20
-935.4469340908217
 30
0.0
 10
1013.659583434928
 20
-935.0620031765411
 30
0.0
 10
1013.274681888995
 20
-935.0620031765411
 30
0.0
 10
1008.655452180954
 20
-941.220985910044
 30
0.0
 10
1004.421124018847
 20
-947.7649289261717
 30
0.0
 10
999.8018943108073
 20
-953.9239116596746
 30
0.0
 10
999.4169633965284
 20
-953.5389807453957
 30
0.0
 10
999.0320324822487
 20
-953.5389807453957
 30
0.0
 10
998.6470721996229
 20
-953.1540498311151
 30
0.0
 10
998.6470721996229
 20
-951.6142968056538
 30
0.0
 10
998.2621412853441
 20
-950.0745437801925
 30
0.0
 10
998.2621412853441
 20
-948.919751037356
 30
0.0
 10
998.2621412853441
 20
-936.6017855703503
 30
0.0
 10
997.8772103710653
 20
-923.8988598207161
 30
0.0
 10
998.2621412853441
 20
-911.5808943537122
 30
0.0
 10
998.2621412853441
 20
-907.7315264742283
 30
0.0
 10
1000.186825225086
 20
-903.4972276804692
 30
0.0
 10
1001.726578250547
 20
-900.0327907152641
 30
0.0
 10
1004.036193104568
 20
-895.4135610072244
 30
0.0
 10
1007.500630069771
 20
-891.1792328451174
 30
0.0
 10
1010.195175838071
 20
-886.9449340513565
 30
0.0
 10
1009.810244923792
 20
-886.5600031370777
 30
0.0
 10
1009.425314009513
 20
-886.5600031370777
 30
0.0
 10
1009.040353726887
 20
-886.1750722227989
 30
0.0
 10
1005.960847675964
 20
-890.409371016558
 30
0.0
 10
1002.881370993386
 20
-894.6436698103207
 30
0.0
 10
999.8018649424612
 20
-899.2629288867065
 30
0.0
 10
998.6470428312768
 20
-897.3382449469664
 30
0.0
 10
998.262111916998
 20
-896.183422835782
 30
0.0
 10
998.262111916998
 20
-894.6436991786668
 30
0.0
 10
998.262111916998
 20
-890.0244694706271
 30
0.0
 10
998.6470428312768
 20
-885.0202794799607
 30
0.0
 10
997.8771810027192
 20
-880.401049771921
 30
0.0
 10
996.337427977257
 20
-869.6228079620323
 30
0.0
 10
997.4922500884404
 20
-859.6144573490474
 30
0.0
 10
1005.190985847405
 20
-851.1458597615238
 30
0.0
 10
1008.655422812608
 20
-847.2964918820417
 30
0.0
 10
1010.58010675235
 20
-842.677262174002
 30
0.0
 10
1013.274681888995
 20
-838.442934011895
 30
0.0
 10
1012.889721606371
 20
-838.0580030976162
 30
0.0
 10
1012.504820060436
 20
-838.0580030976162
 30
0.0
 10
1012.504820060436
 20
-837.6730721833374
 30
0.0
 10
1007.885590352396
 20
-844.2169858311172
 30
0.0
 10
1003.651262190289
 20
-850.3759979329661
 30
0.0
 10
999.0320324822487
 20
-856.9199115807478
 30
0.0
 10
998.6471015679699
 20
-856.9199115807478
 30
0.0
 10
998.2621706536902
 20
-856.534980666469
 30
0.0
 10
997.8772103710653
 20
-856.534980666469
 30
0.0
 10
997.8772103710653
 20
-854.9952276410077
 30
0.0
 10
997.4922794567865
 20
-853.4554746155445
 30
0.0
 10
997.4922794567865
 20
-851.9157509584293
 30
0.0
 10
997.4922794567865
 20
-841.1375091485388
 30
0.0
 10
997.8772103710653
 20
-830.7442276212751
 30
0.0
 10
997.4922794567865
 20
-819.9659858113864
 30
0.0
 10
997.1073485425077
 20
-811.8823191381434
 30
0.0
 10
999.0320324822487
 20
-804.9534452077369
 30
0.0
 10
1003.651262190289
 20
-798.4095315599552
 30
0.0
 10
1006.730768241214
 20
-794.5601636804731
 30
0.0
 10
1009.040383095235
 20
-789.9409339724334
 30
0.0
 10
1011.349997949254
 20
-785.3216748960458
 30
0.0
 10
1010.965067034975
 20
-785.3216748960458
 30
0.0
 10
1010.580136120696
 20
-784.936743981767
 30
0.0
 10
1010.580136120696
 20
-784.936743981767
 30
0.0
 10
1006.730768241214
 20
-790.710795800991
 30
0.0
 10
1002.881400361732
 20
-796.4848476202133
 30
0.0
 10
999.0320324822487
 20
-802.2588994394373
 30
0.0
 10
998.6471015679699
 20
-802.2588994394373
 30
0.0
 10
998.2621706536902
 20
-801.8739685251585
 30
0.0
 10
997.8772103710653
 20
-801.8739685251585
 30
0.0
 10
997.8772103710653
 20
-800.3342154996972
 30
0.0
 10
997.4922794567865
 20
-798.794462474234
 30
0.0
 10
997.4922794567865
 20
-797.2547388171188
 30
0.0
 10
997.4922794567865
 20
-790.3258648867122
 30
0.0
 10
997.4922794567865
 20
-783.3970203246517
 30
0.0
 10
997.4922794567865
 20
-776.4681463942452
 30
0.0
 10
997.1073485425077
 20
-764.9200427557989
 30
0.0
 10
994.412773405862
 20
-753.3719391173508
 30
0.0
 10
1000.186825225086
 20
-742.2087663931834
 30
0.0
 10
1000.186825225086
 20
-741.8238354789046
 30
0.0
 10
1000.186825225086
 20
-741.4389045646258
 30
0.0
 10
999.8018943108073
 20
-740.6690133677221
 30
0.0
 10
998.6470721996229
 20
-741.4388751962797
 30
0.0
 10
997.8772103710653
 20
-742.2087663931834
 30
0.0
 10
996.337457345604
 20
-743.3635591360198
 30
0.0
 10
996.337457345604
 20
-732.2003864118524
 30
0.0
 10
995.9525264313243
 20
-721.4221592861359
 30
0.0
 10
996.337457345604
 20
-711.0288630747
 30
0.0
 10
996.7223882598828
 20
-703.330127315734
 30
0.0
 10
997.4922794567865
 20
-696.0163224710486
 30
0.0
 10
997.8772103710653
 20
-688.3175867120844
 30
0.0
 10
997.8772103710653
 20
-687.5477101993529
 30
0.0
 10
997.4922794567865
 20
-686.7778336866231
 30
0.0
 10
997.1073485425077
 20
-685.6230262596127
 30
0.0
 10
996.7224176282289
 20
-683.6983423198708
 30
0.0
 10
995.9525264313243
 20
-682.1585892944095
 30
0.0
 10
995.9525264313243
 20
-680.2339053546675
 30
0.0
 10
995.5675955170454
 20
-669.8406091432316
 30
0.0
 10
995.5675955170454
 20
-659.4473129317939
 30
0.0
 10
995.1826646027666
 20
-649.4389623188108
 30
0.0
 10
995.1826646027666
 20
-647.8992092933477
 30
0.0
 10
994.4128027742081
 20
-646.7444018663373
 30
0.0
 10
994.4128027742081
 20
-645.2046635250481
 30
0.0
 10
994.0278718599293
 20
-645.2046635250481
 30
0.0
 10
993.2579806630256
 20
-645.2046635250481
 30
0.0
 10
992.8730497487468
 20
-645.2046635250481
 30
0.0
 10
992.8730497487468
 20
-655.5979597364858
 30
0.0
 10
992.8730497487468
 20
-665.9912559479217
 30
0.0
 10
992.8730497487468
 20
-675.9996065609066
 30
0.0
 10
992.488118834468
 20
-675.9996065609066
 30
0.0
 10
992.1031879201882
 20
-675.9996065609066
 30
0.0
 10
991.7182276375634
 20
-675.9996065609066
 30
0.0
 10
990.9483658090048
 20
-675.2297300481769
 30
0.0
 10
990.5634055263799
 20
-674.0749226211665
 30
0.0
 10
989.7935436978223
 20
-672.9201151941561
 30
0.0
 10
989.7935436978223
 20
-674.0749226211665
 30
0.0
 10
989.4086127835435
 20
-674.4598682196174
 30
0.0
 10
989.4086127835435
 20
-674.8447991338962
 30
0.0
 10
994.4128027742081
 20
-682.1586039785834
 30
0.0
 10
993.2579806630256
 20
-690.2422706518264
 30
0.0
 10
993.2579806630256
 20
-697.9410064107906
 30
0.0
 10
993.2579806630256
 20
-709.4891100492368
 30
0.0
 10
993.2579806630256
 20
-721.0372136876849
 30
0.0
 10
993.2579806630256
 20
-733.3551938388628
 30
0.0
 10
991.7182276375634
 20
-732.970262924584
 30
0.0
 10
990.563434894726
 20
-732.5853173261312
 30
0.0
 10
990.563434894726
 20
-732.5853173261312
 30
0.0
 10
991.3332967232836
 20
-738.744300059634
 30
0.0
 10
992.488118834468
 20
-744.9032827931369
 30
0.0
 10
992.488118834468
 20
-751.4472258092646
 30
0.0
 10
992.488118834468
 20
-764.5350824731722
 30
0.0
 10
992.1031879201882
 20
-777.6229391370816
 30
0.0
 10
991.7182570059094
 20
-790.710766432645
 30
0.0
 10
991.7182570059094
 20
-791.4806282612026
 30
0.0
 10
991.3333260916306
 20
-792.2505194581063
 30
0.0
 10
990.563434894726
 20
-794.1752033978482
 30
0.0
 10
986.7140670152439
 20
-788.786082492903
 30
0.0
 10
983.6345609643195
 20
-784.1668527848633
 30
0.0
 10
980.5550842817411
 20
-779.5475937084775
 30
0.0
 10
980.1701533674623
 20
-779.9325246227563
 30
0.0
 10
979.7852224531835
 20
-779.9325246227563
 30
0.0
 10
979.4002621705586
 20
-780.3174555370351
 30
0.0
 10
982.0948079388581
 20
-784.9366852450748
 30
0.0
 10
985.5592449040614
 20
-789.5559443214624
 30
0.0
 10
987.8688597580804
 20
-794.1751740295022
 30
0.0
 10
989.4086127835435
 20
-797.6396109947054
 30
0.0
 10
991.3332967232836
 20
-801.1040479599087
 30
0.0
 10
991.3332967232836
 20
-804.9534158393908
 30
0.0
 10
991.7182276375634
 20
-818.0412725033002
 30
0.0
 10
991.7182276375634
 20
-830.7441688845829
 30
0.0
 10
991.3332967232836
 20
-843.8320255484923
 30
0.0
 10
991.3332967232836
 20
-845.3717785739536
 30
0.0
 10
990.9483658090048
 20
-846.9115315994168
 30
0.0
 10
990.563434894726
 20
-849.2211464534375
 30
0.0
 10
988.638750954985
 20
-846.526600685138
 30
0.0
 10
987.0989979295227
 20
-844.9868476596748
 30
0.0
 10
985.5592449040614
 20
-843.4470946342135
 30
0.0
 10
985.1743139897817
 20
-843.8320255484923
 30
0.0
 10
984.7893830755029
 20
-843.8320255484923
 30
0.0
 10
984.4044227928771
 20
-844.2169564627711
 30
0.0
 10
985.5592449040614
 20
-845.7567094882343
 30
0.0
 10
986.7140376468979
 20
-847.2964625136956
 30
0.0
 10
987.4839288438016
 20
-849.2211464534375
 30
0.0
 10
988.638750954985
 20
-852.6855834186408
 30
0.0
 10
990.563434894726
 20
-856.1500203838441
 30
0.0
 10
990.563434894726
 20
-859.2294970664225
 30
0.0
 10
990.9483658090048
 20
-872.3173537303301
 30
0.0
 10
990.563434894726
 20
-885.7901413085183
 30
0.0
 10
990.563434894726
 20
-898.8779979724277
 30
0.0
 10
990.563434894726
 20
-900.4177509978908
 30
0.0
 10
990.1785039804472
 20
-901.5725437407273
 30
0.0
 10
989.7935730661684
 20
-903.8821879630923
 30
0.0
 10
984.0195212469444
 20
-895.7985212898493
 30
0.0
 10
979.0153312562798
 20
-888.8696473594428
 30
0.0
 10
974.0111706339603
 20
-881.9408027973823
 30
0.0
 10
977.8605385134424
 20
-889.6395385563483
 30
0.0
 10
982.0948373072042
 20
-896.5684124867548
 30
0.0
 10
987.0990272978688
 20
-903.4972570488135
 30
0.0
 10
989.4086421518896
 20
-906.9616940140186
 30
0.0
 10
990.5634642630721
 20
-910.0411706965951
 30
0.0
 10
990.5634642630721
 20
-914.2754988587039
 30
0.0
 10
990.5634642630721
 20
-923.1290567288506
 30
0.0
 10
990.9483951773509
 20
-931.9825852306567
 30
0.0
 10
990.9483951773509
 20
-940.4512121865246
 30
0.0
 10
990.9483951773509
 20
-941.2210740150822
 30
0.0
 10
990.5634642630721
 20
-941.9909652119877
 30
0.0
 10
989.7935730661684
 20
-943.530718237449
 30
0.0
 10
985.9442051866863
 20
-938.5265282467844
 30
0.0
 10
982.8646991357618
 20
-933.9072985387429
 30
0.0
 10
979.7852224531835
 20
-929.2880688306996
 30
0.0
 10
979.4002915389046
 20
-929.6729997449784
 30
0.0
 10
979.0153606246258
 20
-929.6729997449784
 30
0.0
 10
978.6304003420009
 20
-930.0579306592608
 30
0.0
 10
980.9400151960199
 20
-933.5223676244641
 30
0.0
 10
983.2496300500407
 20
-936.9868045896674
 30
0.0
 10
985.1743139897817
 20
-940.0662812722458
 30
0.0
 10
987.8688597580804
 20
-944.3005800660067
 30
0.0
 10
990.9483658090048
 20
-947.7650170312099
 30
0.0
 10
990.9483658090048
 20
-953.1541379361552
 30
0.0
 10
990.563434894726
 20
-963.1624885491401
 30
0.0
 10
990.9483658090048
 20
-972.7859082478462
 30
0.0
 10
990.9483658090048
 20
-982.7942588608312
 30
0.0
 10
990.9483658090048
 20
-984.3340118862925
 30
0.0
 10
990.563434894726
 20
-985.4888046291289
 30
0.0
 10
990.1785039804472
 20
-988.1833503974285
 30
0.0
 10
985.9442051866863
 20
-982.7942294924833
 30
0.0
 10
982.8646991357618
 20
-978.5599306987224
 30
0.0
 10
979.7852224531835
 20
-974.3256319049615
 30
0.0
 10
979.4002915389046
 20
-974.7105628192403
 30
0.0
 10
979.0153606246258
 20
-974.7105628192403
 30
0.0
 10
978.6304003420009
 20
-975.0954937335191
 30
0.0
 10
981.3249461102996
 20
-978.9448616130012
 30
0.0
 10
984.0195212469444
 20
-983.1791604067621
 30
0.0
 10
987.0989979295227
 20
-987.028528286246
 30
0.0
 10
989.7935436978223
 20
-990.4929358831032
 30
0.0
 10
991.3332967232836
 20
-994.3423037625835
 30
0.0
 10
990.9483658090048
 20
-998.9615922073172
 30
0.0
 10
990.563434894726
 20
-1005.505505855099
 30
0.0
 10
990.9483658090048
 20
-1012.04941950288
 30
0.0
 10
990.9483658090048
 20
-1018.208431604729
 30
0.0
 10
990.9483658090048
 20
-1021.287937655652
 30
0.0
 10
991.7182276375634
 20
-1024.752345252509
 30
0.0
 10
991.7182276375634
 20
-1027.831851303436
 30
0.0
 10
991.3332967232836
 20
-1027.831851303436
 30
0.0
 10
990.9483658090048
 20
-1028.21681158606
 30
0.0
 10
990.5634055263799
 20
-1028.21681158606
 30
0.0
 10
986.329106732619
 20
-1022.827720049461
 30
0.0
 10
982.0948079388581
 20
-1017.438569776172
 30
0.0
 10
977.8604797767493
 20
-1012.049478239573
 30
0.0
 10
980.9399858276738
 20
-1018.208490341422
 30
0.0
 10
985.1742846214356
 20
-1023.982542160644
 30
0.0
 10
988.6387215866389
 20
-1029.756593979868
 30
0.0
 10
990.1784746121011
 20
-1032.066238202235
 30
0.0
 10
991.3332673549376
 20
-1035.145685516467
 30
0.0
 10
991.3332673549376
 20
-1037.840290021457
 30
0.0
 10
991.7181982692164
 20
-1045.923986063048
 30
0.0
 10
991.7181982692164
 20
-1054.007623367945
 30
0.0
 10
991.7181982692164
 20
-1062.476220955468
 30
0.0
 10
991.7181982692164
 20
-1063.246082784026
 30
0.0
 10
991.3332673549376
 20
-1064.015944612584
 30
0.0
 10
990.5633761580339
 20
-1065.555727006391
 30
0.0
 10
986.7140082785518
 20
-1060.551537015726
 30
0.0
 10
982.8646403990697
 20
-1055.932307307687
 30
0.0
 10
979.4002034338664
 20
-1051.697979145578
 30
0.0
 10
979.0152725195867
 20
-1052.082939428205
 30
0.0
 10
978.6303416053079
 20
-1052.082939428205
 30
0.0
 10
978.6303416053079
 20
-1052.467840974137
 30
0.0
 10
982.0947785705112
 20
-1057.087070682177
 30
0.0
 10
985.1742552530886
 20
-1061.706300390217
 30
0.0
 10
988.6386922182928
 20
-1065.940628552326
 30
0.0
 10
990.9483070723127
 20
-1068.635174320623
 30
0.0
 10
992.1031291834961
 20
-1071.714680371548
 30
0.0
 10
991.7181982692164
 20
-1075.179087968405
 30
0.0
 10
991.7181982692164
 20
-1082.877823727369
 30
0.0
 10
991.7181982692164
 20
-1090.19159920371
 30
0.0
 10
991.7181982692164
 20
-1097.890334962674
 30
0.0
 10
991.7181982692164
 20
-1098.660196791232
 30
0.0
 10
991.3332673549376
 20
-1099.43005861979
 30
0.0
 10
990.9483364406587
 20
-1100.969841013597
 30
0.0
 10
990.9482777039666
 20
-1098.275236508607
 30
0.0
 10
989.0235937642256
 20
-1096.350552568865
 30
0.0
 10
987.0989098244845
 20
-1094.810770175056
 30
0.0
  0
HATCH
  5
52
330
41
100
AcDbEntity
  8
katman 1
 62
    96
420
    32768
100
AcDbHatch
 10
0.0
 20
0.0
 30
0.0
210
0.0
220
0.0
230
1.0
  2
SOLID
 70
     1
 71
     0
 91
        2
 92
        1
 93
        1
 72
     4
 94
        3
 73
     0
 74
     1
 95
      209
 96
      205
 40
0.0
 40
0.0
 40
0.0
 40
0.0
 40
1.0
 40
1.0
 40
1.0
 40
2.0
 40
2.0
 40
2.0
 40
3.0
 40
3.0
 40
3.0
 40
4.0
 40
4.0
 40
4.0
 40
5.0
 40
5.0
 40
5.0
 40
6.0
 40
6.0
 40
6.0
 40
7.0
 40
7.0
 40
7.0
 40
8.0
 40
8.0
 40
8.0
 40
9.0
 40
9.0
 40
9.0
 40
10.0
 40
10.0
 40
10.0
 40
11.0
 40
11.0
 40
11.0
 40
12.0
 40
12.0
 40
12.0
 40
13.0
 40
13.0
 40
13.0
 40
14.0
 40
14.0
 40
14.0
 40
15.0
 40
15.0
 40
15.0
 40
16.0
 40
16.0
 40
16.0
 40
17.0
 40
17.0
 40
17.0
 40
18.0
 40
18.0
 40
18.0
 40
19.0
 40
19.0
 40
19.0
 40
20.0
 40
20.0
 40
20.0
 40
21.0
 40
21.0
 40
21.0
 40
22.0
 40
22.0
 40
22.0
 40
23.0
 40
23.0
 40
23.0
 40
24.0
 40
24.0
 40
24.0
 40
25.0
 40
25.0
 40
25.0
 40
26.0
 40
26.0
 40
26.0
 40
27.0
 40
27.0
 40
27.0
 40
28.0
 40
28.0
 40
28.0
 40
29.0
 40
29.0
 40
29.0
 40
30.0
 40
30.0
 40
30.0
 40
31.0
 40
31.0
 40
31.0
 40
32.0
 40
32.0
 40
32.0
 40
33.0
 40
33.0
 40
33.0
 40
34.0
 40
34.0
 40
34.0
 40
35.0
 40
35.0
 40
35.0
 40
36.0
 40
36.0
 40
36.0
 40
37.0
 40
37.0
 40
37.0
 40
38.0
 40
38.0
 40
38.0
 40
39.0
 40
39.0
 40
39.0
 40
40.0
 40
40.0
 40
40.0
 40
41.0
 40
41.0
 40
41.0
 40
42.0
 40
42.0
 40
42.0
 40
43.0
 40
43.0
 40
43.0
 40
44.0
 40
44.0
 40
44.0
 40
45.0
 40
45.0
 40
45.0
 40
46.0
 40
46.0
 40
46.0
 40
47.0
 40
47.0
 40
47.0
 40
48.0
 40
48.0
 40
48.0
 40
49.0
 40
49.0
 40
49.0
 40
50.0
 40
50.0
 40
50.0
 40
51.0
 40
51.0
 40
51.0
 40
52.0
 40
52.0
 40
52.0
 40
53.0
 40
53.0
 40
53.0
 40
54.0
 40
54.0
 40
54.0
 40
55.0
 40
55.0
 40
55.0
 40
56.0
 40
56.0
 40
56.0
 40
57.0
 40
57.0
 40
57.0
 40
58.0
 40
58.0
 40
58.0
 40
59.0
 40
59.0
 40
59.0
 40
60.0
 40
60.0
 40
60.0
 40
61.0
 40
61.0
 40
61.0
 40
62.0
 40
62.0
 40
62.0
 40
63.0
 40
63.0
 40
63.0
 40
64.0
 40
64.0
 40
64.0
 40
65.0
 40
65.0
 40
65.0
 40
66.0
 40
66.0
 40
66.0
 40
67.0
 40
67.0
 40
67.0
 40
68.0
 40
68.0
 40
68.0
 40
68.0
 10
949.3750928582194
 20
-843.0621343515886
 10
949.3750928582194
 20
-841.5223813261255
 10
949.3750928582194
 20
-839.9826283006641
 10
948.9901619439406
 20
-838.8278355578277
 10
944.7558631501788
 20
-826.1249098081971
 10
944.3709322359
 20
-813.4220134269126
 10
945.1407940644585
 20
-799.9492258487262
 10
945.5257249787373
 20
-795.7149270549635
 10
945.1407940644585
 20
-791.8655591754814
 10
945.1407940644585
 20
-786.0915073562574
 10
947.4504089184775
 20
-789.1710134071818
 10
948.9901619439406
 20
-791.0956973469238
 10
950.529914969402
 20
-793.4053122009427
 10
950.9148458836808
 20
-793.0203812866639
 10
951.2997767979605
 20
-792.6354503723851
 10
952.0696679948651
 20
-792.6354503723851
 10
950.9148458836808
 20
-783.3969615879596
 10
949.3751222265655
 20
-774.5434330861572
 10
948.9901619439406
 20
-765.3049443017298
 10
948.6052310296618
 20
-756.0664555173043
 10
950.1449840551231
 20
-746.827966732877
 10
950.529914969402
 20
-736.4346852056133
 10
953.2244607377015
 20
-738.744300059634
 10
955.1491446774426
 20
-740.2840530850954
 10
957.4587888998085
 20
-742.5936679391161
 10
958.9985419252716
 20
-725.6564433957246
 10
959.3834728395504
 20
-709.4891100492368
 10
963.2328407190325
 20
-693.7066929328557
 10
966.6972776842358
 20
-695.6313768725977
 10
969.3918234525354
 20
-697.171129898059
 10
973.2411913320175
 20
-699.095813837801
 10
970.9315764779967
 20
-681.7736583801307
 10
973.2411913320175
 20
-666.3761868622005
 10
975.5508061860373
 20
-649.8239079172617
 10
977.8604210400572
 20
-651.7485918570019
 10
979.0152431512406
 20
-652.9033992840123
 10
981.3248580052605
 20
-654.8280832237542
 10
985.9440877133011
 20
-629.4222610928409
 10
990.5633467896878
 20
-604.7863007904843
 10
994.7976455834487
 20
-580.5352860865805
 10
995.5675074120063
 20
-580.5352860865805
 10
996.3373986089109
 20
-580.5352860865805
 10
996.7223295231897
 20
-580.5352860865805
 10
1000.956628316952
 20
-608.2507377556867
 10
1005.190927110712
 20
-635.9661894247947
 10
1009.425255272819
 20
-663.6816264097288
 10
1010.195117101379
 20
-664.0665573240076
 10
1010.965008298283
 20
-664.0665573240076
 10
1011.349939212561
 20
-664.4515029224603
 10
1012.119801041119
 20
-662.9117498969972
 10
1012.889662869677
 20
-661.372011555708
 10
1013.659583434928
 20
-659.8322585302467
 10
1014.044543717553
 20
-660.2171894445255
 10
1014.814405546111
 20
-660.2171894445255
 10
1015.199307092043
 20
-660.6021350429783
 10
1016.739030749159
 20
-673.3050461084349
 10
1018.278813142968
 20
-686.0079571738916
 10
1019.43363525415
 20
-699.095813837801
 10
1021.743279476517
 20
-697.5560608123378
 10
1024.437825244817
 20
-695.6313768725977
 10
1027.132371013115
 20
-694.0916385313085
 10
1030.596778609972
 20
-708.3343026222283
 10
1032.136561003781
 20
-722.1920211146935
 10
1031.366699175223
 20
-736.4346852056133
 10
1031.366699175223
 20
-738.3593691453552
 10
1032.136561003781
 20
-740.2840530850954
 10
1032.521521286406
 20
-742.5936679391161
 10
1034.446205226148
 20
-741.8238061105585
 10
1036.370889165888
 20
-741.053914913653
 10
1039.450395216812
 20
-739.5141765723638
 10
1041.760039439179
 20
-747.9827888440595
 10
1041.760039439179
 20
-756.836317345862
 10
1042.144940985112
 20
-765.6898752160087
 10
1042.529901267737
 20
-774.5434330861572
 10
1039.835296762745
 20
-783.3969615879596
 10
1038.29557310563
 20
-793.7902724835694
 10
1040.990118873928
 20
-791.8655885438275
 10
1042.529901267737
 20
-790.710766432645
 10
1044.454585207479
 20
-788.786082492903
 10
1048.688913369586
 20
-805.3383761220157
 10
1045.609407318661
 20
-821.8906403827823
 10
1041.760039439179
 20
-838.0580030976162
 10
1042.144999721804
 20
-838.0580030976162
 10
1042.529901267737
 20
-838.442934011895
 10
1042.914861550362
 20
-838.442934011895
 10
1044.839545490104
 20
-836.518250072153
 10
1047.149189712471
 20
-834.5935661324111
 10
1049.843735480768
 20
-832.2839512783921
 10
1050.228695763395
 20
-843.8320549168384
 10
1049.843735480768
 20
-854.2253364441021
 10
1046.764229429846
 20
-865.0035782539908
 10
1043.684723378919
 20
-875.0119288669757
 10
1041.375137893247
 20
-885.4052397625856
 10
1038.680533388255
 20
-896.5683831184069
 10
1041.760039439179
 20
-895.0286300929456
 10
1044.069624924854
 20
-893.8738373501092
 10
1046.764229429846
 20
-892.7190152389248
 10
1046.764229429846
 20
-908.8863485854126
 10
1040.605217327997
 20
-923.8988891890622
 10
1037.910671559697
 20
-940.8361137324573
 10
1042.529901267737
 20
-938.1415679641577
 10
1046.379269147219
 20
-936.2168840244176
 10
1050.998498855261
 20
-933.9072398020508
 10
1045.609407318661
 20
-949.3047113199791
 10
1040.22025704537
 20
-964.3172519236305
 10
1034.446205226148
 20
-980.8695161843971
 10
1037.525711277072
 20
-978.9448322446551
 10
1039.835296762745
 20
-977.4050792191938
 10
1042.91480281367
 20
-975.4803952794518
 10
1042.144940985112
 20
-983.9489928669755
 10
1039.065434934188
 20
-990.8778374290341
 10
1037.140750994447
 20
-998.5765731880001
 10
1035.216067054705
 20
-1005.890348664339
 10
1033.291383114964
 20
-1013.204182877371
 10
1031.366699175223
 20
-1020.51795835371
 10
1031.751659457848
 20
-1020.902918636335
 10
1032.136561003781
 20
-1020.902918636335
 10
1032.521521286406
 20
-1021.287820182268
 10
1034.831165508773
 20
-1019.748096525153
 10
1037.525711277072
 20
-1018.208314131343
 10
1040.990118873928
 20
-1015.89872864567
 10
1040.990118873928
 20
-1017.823412585411
 10
1041.375079156554
 20
-1018.978234696595
 10
1040.990118873928
 20
-1020.133056807777
 10
1038.29557310563
 20
-1027.446832284117
 10
1035.216067054705
 20
-1034.760666497148
 10
1032.521521286406
 20
-1042.074441973487
 10
1028.672153406924
 20
-1051.312901389569
 10
1024.822785527442
 20
-1060.936321088275
 10
1020.97341764796
 20
-1070.174839241048
 10
1020.588457365335
 20
-1070.944701069606
 10
1020.97341764796
 20
-1072.869385009346
 10
1021.358377930585
 20
-1073.254345291971
 10
1022.513200041769
 20
-1073.639305574598
 10
1024.052923698884
 20
-1074.024207120528
 10
1025.207745810067
 20
-1073.639305574598
 10
1027.902291578366
 20
-1072.86944374604
 10
1030.211935800733
 20
-1071.329661352231
 10
1033.67634339759
 20
-1070.559799523673
 10
1019.433693990843
 20
-1112.902846197978
 10
1003.266331276011
 20
-1154.860932589658
 10
992.488118834468
 20
-1198.358801375147
 10
984.7893830755029
 20
-1159.095260751765
 10
972.4714176084981
 20
-1120.986483502875
 10
961.3082448843306
 20
-1081.338041333562
 10
965.9274745923703
 20
-1082.107903162119
 10
969.7768424718524
 20
-1082.877764990677
 10
974.3961015482391
 20
-1084.032587101861
 10
967.4672276178326
 20
-1062.861063764707
 10
960.5383830557721
 20
-1042.844362538739
 10
953.9944400396444
 20
-1022.057740747518
 10
956.688985807943
 20
-1023.212562858702
 10
958.9986300303099
 20
-1023.982424687259
 10
962.0781067128883
 20
-1024.752286515817
 10
957.0739167222227
 20
-1007.815091340774
 10
952.0697560999033
 20
-991.6476992575936
 10
947.0655661092378
 20
-974.7105040825481
 10
950.1450721601623
 20
-976.6351880222901
 10
952.8396179284609
 20
-978.1749410477514
 10
956.3040548936642
 20
-980.4845559017704
 10
956.3040548936642
 20
-978.1749410477514
 10
956.688985807943
 20
-976.6351880222901
 10
956.3040548936642
 20
-975.095434996827
 10
953.9944400396444
 20
-966.6268374093052
 10
951.2998649029996
 20
-958.5431413677143
 10
949.3751809632577
 20
-950.4594746944713
 10
947.8354279377963
 20
-943.1456698497859
 10
946.680635194959
 20
-935.8318650051006
 10
945.5258130837756
 20
-928.9030204430364
 10
945.5258130837756
 20
-928.133158614477
 10
945.5258130837756
 20
-927.3632674175733
 10
945.9107439980544
 20
-926.2084746747369
 10
947.0655661092378
 20
-927.3632967859194
 10
947.8354279377963
 20
-928.133158614477
 10
948.605289766354
 20
-928.5180895287558
 10
949.7601118775365
 20
-929.2879513573153
 10
951.2998355346526
 20
-929.2879513573153
 10
952.454657645836
 20
-929.6729116399401
 10
952.454657645836
 20
-928.133158614477
 10
953.2245194743937
 20
-926.5934055890157
 10
952.8395885601149
 20
-925.4386128461792
 10
951.2998355346526
 20
-917.7398770872132
 10
949.3751515949116
 20
-910.4260722425279
 10
947.4504676551705
 20
-902.7273364835637
 10
946.2956455439871
 20
-898.108106775524
 10
945.1408528011507
 20
-893.8737786134152
 10
944.3709616042461
 20
-889.2545489053755
 10
943.9860306899673
 20
-887.3298649656354
 10
943.9860306899673
 20
-885.0202501116146
 10
943.6010997756885
 20
-881.9407440606901
 10
946.680605826612
 20
-883.8654280004321
 10
948.9902206806328
 20
-885.0202501116146
 10
950.9149046203738
 20
-886.5599737687298
 10
951.2998355346526
 20
-886.175042854451
 10
951.6847664489324
 20
-886.175042854451
 10
952.0697267315572
 20
-885.7901119401722
 10
945.9107439980544
 20
-870.7775713365227
 10
939.7517612645524
 20
-855.7650307328731
 10
942.0613761185723
 20
-838.4428752752028
 10
944.3709909725931
 20
-840.7524901292218
 10
946.2956749123332
 20
-842.2922431546831
 10
948.605289766354
 20
-844.216927094425
 10
948.6052310296618
 20
-843.4470652658674
 10
948.9901619439406
 20
-843.0621343515886
 10
949.3750928582194
 20
-843.0621343515886
 97
        0
 97
        0
 92
        1
 93
        1
 72
     4
 94
        3
 73
     0
 74
     1
 95
      362
 96
      358
 40
0.0
 40
0.0
 40
0.0
 40
0.0
 40
1.0
 40
1.0
 40
1.0
 40
2.0
 40
2.0
 40
2.0
 40
3.0
 40
3.0
 40
3.0
 40
4.0
 40
4.0
 40
4.0
 40
5.0
 40
5.0
 40
5.0
 40
6.0
 40
6.0
 40
6.0
 40
7.0
 40
7.0
 40
7.0
 40
8.0
 40
8.0
 40
8.0
 40
9.0
 40
9.0
 40
9.0
 40
10.0
 40
10.0
 40
10.0
 40
11.0
 40
11.0
 40
11.0
 40
12.0
 40
12.0
 40
12.0
 40
13.0
 40
13.0
 40
13.0
 40
14.0
 40
14.0
 40
14.0
 40
15.0
 40
15.0
 40
15.0
 40
16.0
 40
16.0
 40
16.0
 40
17.0
 40
17.0
 40
17.0
 40
18.0
 40
18.0
 40
18.0
 40
19.0
 40
19.0
 40
19.0
 40
20.0
 40
20.0
 40
20.0
 40
21.0
 40
21.0
 40
21.0
 40
22.0
 40
22.0
 40
22.0
 40
23.0
 40
23.0
 40
23.0
 40
24.0
 40
24.0
 40
24.0
 40
25.0
 40
25.0
 40
25.0
 40
26.0
 40
26.0
 40
26.0
 40
27.0
 40
27.0
 40
27.0
 40
28.0
 40
28.0
 40
28.0
 40
29.0
 40
29.0
 40
29.0
 40
30.0
 40
30.0
 40
30.0
 40
31.0
 40
31.0
 40
31.0
 40
32.0
 40
32.0
 40
32.0
 40
33.0
 40
33.0
 40
33.0
 40
34.0
 40
34.0
 40
34.0
 40
35.0
 40
35.0
 40
35.0
 40
36.0
 40
36.0
 40
36.0
 40
37.0
 40
37.0
 40
37.0
 40
38.0
 40
38.0
 40
38.0
 40
39.0
 40
39.0
 40
39.0
 40
40.0
 40
40.0
 40
40.0
 40
41.0
 40
41.0
 40
41.0
 40
42.0
 40
42.0
 40
42.0
 40
43.0
 40
43.0
 40
43.0
 40
44.0
 40
44.0
 40
44.0
 40
45.0
 40
45.0
 40
45.0
 40
46.0
 40
46.0
 40
46.0
 40
47.0
 40
47.0
 40
47.0
 40
48.0
 40
48.0
 40
48.0
 40
49.0
 40
49.0
 40
49.0
 40
50.0
 40
50.0
 40
50.0
 40
51.0
 40
51.0
 40
51.0
 40
52.0
 40
52.0
 40
52.0
 40
53.0
 40
53.0
 40
53.0
 40
54.0
 40
54.0
 40
54.0
 40
55.0
 40
55.0
 40
55.0
 40
56.0
 40
56.0
 40
56.0
 40
57.0
 40
57.0
 40
57.0
 40
58.0
 40
58.0
 40
58.0
 40
59.0
 40
59.0
 40
59.0
 40
60.0
 40
60.0
 40
60.0
 40
61.0
 40
61.0
 40
61.0
 40
62.0
 40
62.0
 40
62.0
 40
63.0
 40
63.0
 40
63.0
 40
64.0
 40
64.0
 40
64.0
 40
65.0
 40
65.0
 40
65.0
 40
66.0
 40
66.0
 40
66.0
 40
67.0
 40
67.0
 40
67.0
 40
68.0
 40
68.0
 40
68.0
 40
69.0
 40
69.0
 40
69.0
 40
70.0
 40
70.0
 40
70.0
 40
71.0
 40
71.0
 40
71.0
 40
72.0
 40
72.0
 40
72.0
 40
73.0
 40
73.0
 40
73.0
 40
74.0
 40
74.0
 40
74.0
 40
75.0
 40
75.0
 40
75.0
 40
76.0
 40
76.0
 40
76.0
 40
77.0
 40
77.0
 40
77.0
 40
78.0
 40
78.0
 40
78.0
 40
79.0
 40
79.0
 40
79.0
 40
80.0
 40
80.0
 40
80.0
 40
81.0
 40
81.0
 40
81.0
 40
82.0
 40
82.0
 40
82.0
 40
83.0
 40
83.0
 40
83.0
 40
84.0
 40
84.0
 40
84.0
 40
85.0
 40
85.0
 40
85.0
 40
86.0
 40
86.0
 40
86.0
 40
87.0
 40
87.0
 40
87.0
 40
88.0
 40
88.0
 40
88.0
 40
89.0
 40
89.0
 40
89.0
 40
90.0
 40
90.0
 40
90.0
 40
91.0
 40
91.0
 40
91.0
 40
92.0
 40
92.0
 40
92.0
 40
93.0
 40
93.0
 40
93.0
 40
94.0
 40
94.0
 40
94.0
 40
95.0
 40
95.0
 40
95.0
 40
96.0
 40
96.0
 40
96.0
 40
97.0
 40
97.0
 40
97.0
 40
98.0
 40
98.0
 40
98.0
 40
99.0
 40
99.0
 40
99.0
 40
100.0
 40
100.0
 40
100.0
 40
101.0
 40
101.0
 40
101.0
 40
102.0
 40
102.0
 40
102.0
 40
103.0
 40
103.0
 40
103.0
 40
104.0
 40
104.0
 40
104.0
 40
105.0
 40
105.0
 40
105.0
 40
106.0
 40
106.0
 40
106.0
 40
107.0
 40
107.0
 40
107.0
 40
108.0
 40
108.0
 40
108.0
 40
109.0
 40
109.0
 40
109.0
 40
110.0
 40
110.0
 40
110.0
 40
111.0
 40
111.0
 40
111.0
 40
112.0
 40
112.0
 40
112.0
 40
113.0
 40
113.0
 40
113.0
 40
114.0
 40
114.0
 40
114.0
 40
115.0
 40
115.0
 40
115.0
 40
116.0
 40
116.0
 40
116.0
 40
117.0
 40
117.0
 40
117.0
 40
118.0
 40
118.0
 40
118.0
 40
119.0
 40
119.0
 40
119.0
 40
119.0
 10
987.0989098244845
 20
-1094.810770175056
 10
986.7139789102057
 20
-1095.195730457683
 10
986.7139789102057
 20
-1095.195730457683
 10
986.3290479959269
 20
-1095.580632003615
 10
987.0989098244845
 20
-1096.350493832173
 10
987.4838701071094
 20
-1097.505315943356
 10
988.253731935667
 20
-1097.890276225982
 10
992.8729616437076
 20
-1101.354683822839
 10
994.0277837548911
 20
-1105.973972267571
 10
993.6428528406122
 20
-1111.748024086795
 10
993.2579219263334
 20
-1120.601581956942
 10
993.6428528406122
 20
-1129.840041373023
 10
993.6428528406122
 20
-1138.69359924317
 10
994.0277837548911
 20
-1138.69359924317
 10
994.7976749517948
 20
-1138.69359924317
 10
995.1826058660736
 20
-1138.69359924317
 10
995.5675367803524
 20
-1135.999053474872
 10
995.9524676946321
 20
-1133.689409252505
 10
995.9524676946321
 20
-1130.994863484206
 10
995.9524676946321
 20
-1126.375633776166
 10
995.5675367803524
 20
-1122.141305614059
 10
996.3373986089109
 20
-1117.522075906018
 10
997.4922207200943
 20
-1110.208300429678
 10
994.4127146691699
 20
-1101.739644105463
 10
1000.571697402673
 20
-1095.195730457683
 10
1000.571697402673
 20
-1095.195730457683
 10
1000.571697402673
 20
-1094.810770175056
 10
1000.186766488394
 20
-1094.425868629125
 10
999.0319443772096
 20
-1094.81082891175
 10
998.262082548652
 20
-1095.195730457683
 10
996.7223295231897
 20
-1095.580690740308
 10
996.7223295231897
 20
-1089.421678638459
 10
997.1072604374694
 20
-1083.647626819235
 10
996.7223295231897
 20
-1077.873575000012
 10
996.7223295231897
 20
-1073.639246837905
 10
997.4921913517483
 20
-1070.559799523673
 10
1000.186766488394
 20
-1067.480293472749
 10
1003.651203453597
 20
-1063.245965310642
 10
1006.730680136174
 20
-1058.6267356026
 10
1009.8101861871
 20
-1054.392466177185
 10
1009.425255272819
 20
-1054.00750589456
 10
1009.425255272819
 20
-1054.00750589456
 10
1009.040324358541
 20
-1053.622604348628
 10
1005.190956479059
 20
-1058.241834056667
 10
1001.726519513855
 20
-1062.476162218776
 10
997.4922207200943
 20
-1067.865253755373
 10
997.4922207200943
 20
-1057.47197222811
 10
997.4922207200943
 20
-1048.618414357963
 10
997.4922207200943
 20
-1039.764856487815
 10
997.4922207200943
 20
-1038.225132830699
 10
998.6470428312768
 20
-1037.070310719515
 10
999.4169046598354
 20
-1035.530528325708
 10
1002.881341625038
 20
-1030.911298617666
 10
1006.345778590243
 20
-1026.292068909626
 10
1009.8101861871
 20
-1021.28787891896
 10
1010.580048015658
 20
-1020.133056807777
 10
1011.349939212561
 20
-1018.593333150662
 10
1012.119801041119
 20
-1017.438511039478
 10
1011.73487012684
 20
-1017.438511039478
 10
1011.73487012684
 20
-1017.053550756853
 10
1011.349939212561
 20
-1017.053550756853
 10
1007.1156404188
 20
-1022.442642293452
 10
1002.881341625038
 20
-1028.216694112674
 10
998.6470134629308
 20
-1033.605844385966
 10
998.262082548652
 20
-1033.220884103341
 10
997.8771516343731
 20
-1033.220884103341
 10
997.4921913517483
 20
-1032.835982557408
 10
997.4921913517483
 20
-1025.522207081069
 10
997.4921913517483
 20
-1018.208372868037
 10
997.4921913517483
 20
-1010.894597391696
 10
997.4921913517483
 20
-1003.580821915359
 10
1000.186737120047
 20
-997.036849530883
 10
1004.805996196434
 20
-991.2627977116608
 10
1008.270433161637
 20
-987.0284989178981
 10
1010.964978929936
 20
-982.4092398415123
 10
1014.044484980861
 20
-978.1749410477514
 10
1013.659524698236
 20
-977.7900101334726
 10
1013.274623152302
 20
-977.7900101334726
 10
1013.274623152302
 20
-977.4050792191938
 10
1008.655393444262
 20
-983.179131038416
 10
1004.421065282155
 20
-989.3381137719189
 10
999.4169046598354
 20
-995.8820274197005
 10
999.0319737455557
 20
-993.9573434799604
 10
998.6470428312768
 20
-993.187481651401
 10
998.6470428312768
 20
-992.8025213687761
 10
998.6470428312768
 20
-982.7941707557911
 10
998.6470428312768
 20
-972.4008598601813
 10
998.6470428312768
 20
-962.3925092471964
 10
998.6470428312768
 20
-960.0828943931774
 10
999.8018649424612
 20
-957.7732795391566
 10
1000.956657685298
 20
-956.2335265136935
 10
1004.80602556478
 20
-950.0745437801925
 10
1009.040324358541
 20
-943.9155610466896
 10
1012.889721606371
 20
-937.7565489448407
 10
1013.274681888995
 20
-936.9866871162831
 10
1013.659583434928
 20
-936.2167959193794
 10
1014.044543717553
 20
-935.4469340908217
 10
1013.659583434928
 20
-935.4469340908217
 10
1013.659583434928
 20
-935.0620031765411
 10
1013.274681888995
 20
-935.0620031765411
 10
1008.655452180954
 20
-941.220985910044
 10
1004.421124018847
 20
-947.7649289261717
 10
999.8018943108073
 20
-953.9239116596746
 10
999.4169633965284
 20
-953.5389807453957
 10
999.0320324822487
 20
-953.5389807453957
 10
998.6470721996229
 20
-953.1540498311151
 10
998.6470721996229
 20
-951.6142968056538
 10
998.2621412853441
 20
-950.0745437801925
 10
998.2621412853441
 20
-948.919751037356
 10
998.2621412853441
 20
-936.6017855703503
 10
997.8772103710653
 20
-923.8988598207161
 10
998.2621412853441
 20
-911.5808943537122
 10
998.2621412853441
 20
-907.7315264742283
 10
1000.186825225086
 20
-903.4972276804692
 10
1001.726578250547
 20
-900.0327907152641
 10
1004.036193104568
 20
-895.4135610072244
 10
1007.500630069771
 20
-891.1792328451174
 10
1010.195175838071
 20
-886.9449340513565
 10
1009.810244923792
 20
-886.5600031370777
 10
1009.425314009513
 20
-886.5600031370777
 10
1009.040353726887
 20
-886.1750722227989
 10
1005.960847675964
 20
-890.409371016558
 10
1002.881370993386
 20
-894.6436698103207
 10
999.8018649424612
 20
-899.2629288867065
 10
998.6470428312768
 20
-897.3382449469664
 10
998.262111916998
 20
-896.183422835782
 10
998.262111916998
 20
-894.6436991786668
 10
998.262111916998
 20
-890.0244694706271
 10
998.6470428312768
 20
-885.0202794799607
 10
997.8771810027192
 20
-880.401049771921
 10
996.337427977257
 20
-869.6228079620323
 10
997.4922500884404
 20
-859.6144573490474
 10
1005.190985847405
 20
-851.1458597615238
 10
1008.655422812608
 20
-847.2964918820417
 10
1010.58010675235
 20
-842.677262174002
 10
1013.274681888995
 20
-838.442934011895
 10
1012.889721606371
 20
-838.0580030976162
 10
1012.504820060436
 20
-838.0580030976162
 10
1012.504820060436
 20
-837.6730721833374
 10
1007.885590352396
 20
-844.2169858311172
 10
1003.651262190289
 20
-850.3759979329661
 10
999.0320324822487
 20
-856.9199115807478
 10
998.6471015679699
 20
-856.9199115807478
 10
998.2621706536902
 20
-856.534980666469
 10
997.8772103710653
 20
-856.534980666469
 10
997.8772103710653
 20
-854.9952276410077
 10
997.4922794567865
 20
-853.4554746155445
 10
997.4922794567865
 20
-851.9157509584293
 10
997.4922794567865
 20
-841.1375091485388
 10
997.8772103710653
 20
-830.7442276212751
 10
997.4922794567865
 20
-819.9659858113864
 10
997.1073485425077
 20
-811.8823191381434
 10
999.0320324822487
 20
-804.9534452077369
 10
1003.651262190289
 20
-798.4095315599552
 10
1006.730768241214
 20
-794.5601636804731
 10
1009.040383095235
 20
-789.9409339724334
 10
1011.349997949254
 20
-785.3216748960458
 10
1010.965067034975
 20
-785.3216748960458
 10
1010.580136120696
 20
-784.936743981767
 10
1010.580136120696
 20
-784.936743981767
 10
1006.730768241214
 20
-790.710795800991
 10
1002.881400361732
 20
-796.4848476202133
 10
999.0320324822487
 20
-802.2588994394373
 10
998.6471015679699
 20
-802.2588994394373
 10
998.2621706536902
 20
-801.8739685251585
 10
997.8772103710653
 20
-801.8739685251585
 10
997.8772103710653
 20
-800.3342154996972
 10
997.4922794567865
 20
-798.794462474234
 10
997.4922794567865
 20
-797.2547388171188
 10
997.4922794567865
 20
-790.3258648867122
 10
997.4922794567865
 20
-783.3970203246517
 10
997.4922794567865
 20
-776.4681463942452
 10
997.1073485425077
 20
-764.9200427557989
 10
994.412773405862
 20
-753.3719391173508
 10
1000.186825225086
 20
-742.2087663931834
 10
1000.186825225086
 20
-741.8238354789046
 10
1000.186825225086
 20
-741.4389045646258
 10
999.8018943108073
 20
-740.6690133677221
 10
998.6470721996229
 20
-741.4388751962797
 10
997.8772103710653
 20
-742.2087663931834
 10
996.337457345604
 20
-743.3635591360198
 10
996.337457345604
 20
-732.2003864118524
 10
995.9525264313243
 20
-721.4221592861359
 10
996.337457345604
 20
-711.0288630747
 10
996.7223882598828
 20
-703.330127315734
 10
997.4922794567865
 20
-696.0163224710486
 10
997.8772103710653
 20
-688.3175867120844
 10
997.8772103710653
 20
-687.5477101993529
 10
997.4922794567865
 20
-686.7778336866231
 10
997.1073485425077
 20
-685.6230262596127
 10
996.7224176282289
 20
-683.6983423198708
 10
995.9525264313243
 20
-682.1585892944095
 10
995.9525264313243
 20
-680.2339053546675
 10
995.5675955170454
 20
-669.8406091432316
 10
995.5675955170454
 20
-659.4473129317939
 10
995.1826646027666
 20
-649.4389623188108
 10
995.1826646027666
 20
-647.8992092933477
 10
994.4128027742081
 20
-646.7444018663373
 10
994.4128027742081
 20
-645.2046635250481
 10
994.0278718599293
 20
-645.2046635250481
 10
993.2579806630256
 20
-645.2046635250481
 10
992.8730497487468
 20
-645.2046635250481
 10
992.8730497487468
 20
-655.5979597364858
 10
992.8730497487468
 20
-665.9912559479217
 10
992.8730497487468
 20
-675.9996065609066
 10
992.488118834468
 20
-675.9996065609066
 10
992.1031879201882
 20
-675.9996065609066
 10
991.7182276375634
 20
-675.9996065609066
 10
990.9483658090048
 20
-675.2297300481769
 10
990.5634055263799
 20
-674.0749226211665
 10
989.7935436978223
 20
-672.9201151941561
 10
989.7935436978223
 20
-674.0749226211665
 10
989.4086127835435
 20
-674.4598682196174
 10
989.4086127835435
 20
-674.8447991338962
 10
994.4128027742081
 20
-682.1586039785834
 10
993.2579806630256
 20
-690.2422706518264
 10
993.2579806630256
 20
-697.9410064107906
 10
993.2579806630256
 20
-709.4891100492368
 10
993.2579806630256
 20
-721.0372136876849
 10
993.2579806630256
 20
-733.3551938388628
 10
991.7182276375634
 20
-732.970262924584
 10
990.563434894726
 20
-732.5853173261312
 10
990.563434894726
 20
-732.5853173261312
 10
991.3332967232836
 20
-738.744300059634
 10
992.488118834468
 20
-744.9032827931369
 10
992.488118834468
 20
-751.4472258092646
 10
992.488118834468
 20
-764.5350824731722
 10
992.1031879201882
 20
-777.6229391370816
 10
991.7182570059094
 20
-790.710766432645
 10
991.7182570059094
 20
-791.4806282612026
 10
991.3333260916306
 20
-792.2505194581063
 10
990.563434894726
 20
-794.1752033978482
 10
986.7140670152439
 20
-788.786082492903
 10
983.6345609643195
 20
-784.1668527848633
 10
980.5550842817411
 20
-779.5475937084775
 10
980.1701533674623
 20
-779.9325246227563
 10
979.7852224531835
 20
-779.9325246227563
 10
979.4002621705586
 20
-780.3174555370351
 10
982.0948079388581
 20
-784.9366852450748
 10
985.5592449040614
 20
-789.5559443214624
 10
987.8688597580804
 20
-794.1751740295022
 10
989.4086127835435
 20
-797.6396109947054
 10
991.3332967232836
 20
-801.1040479599087
 10
991.3332967232836
 20
-804.9534158393908
 10
991.7182276375634
 20
-818.0412725033002
 10
991.7182276375634
 20
-830.7441688845829
 10
991.3332967232836
 20
-843.8320255484923
 10
991.3332967232836
 20
-845.3717785739536
 10
990.9483658090048
 20
-846.9115315994168
 10
990.563434894726
 20
-849.2211464534375
 10
988.638750954985
 20
-846.526600685138
 10
987.0989979295227
 20
-844.9868476596748
 10
985.5592449040614
 20
-843.4470946342135
 10
985.1743139897817
 20
-843.8320255484923
 10
984.7893830755029
 20
-843.8320255484923
 10
984.4044227928771
 20
-844.2169564627711
 10
985.5592449040614
 20
-845.7567094882343
 10
986.7140376468979
 20
-847.2964625136956
 10
987.4839288438016
 20
-849.2211464534375
 10
988.638750954985
 20
-852.6855834186408
 10
990.563434894726
 20
-856.1500203838441
 10
990.563434894726
 20
-859.2294970664225
 10
990.9483658090048
 20
-872.3173537303301
 10
990.563434894726
 20
-885.7901413085183
 10
990.563434894726
 20
-898.8779979724277
 10
990.563434894726
 20
-900.4177509978908
 10
990.1785039804472
 20
-901.5725437407273
 10
989.7935730661684
 20
-903.8821879630923
 10
984.0195212469444
 20
-895.7985212898493
 10
979.0153312562798
 20
-888.8696473594428
 10
974.0111706339603
 20
-881.9408027973823
 10
977.8605385134424
 20
-889.6395385563483
 10
982.0948373072042
 20
-896.5684124867548
 10
987.0990272978688
 20
-903.4972570488135
 10
989.4086421518896
 20
-906.9616940140186
 10
990.5634642630721
 20
-910.0411706965951
 10
990.5634642630721
 20
-914.2754988587039
 10
990.5634642630721
 20
-923.1290567288506
 10
990.9483951773509
 20
-931.9825852306567
 10
990.9483951773509
 20
-940.4512121865246
 10
990.9483951773509
 20
-941.2210740150822
 10
990.5634642630721
 20
-941.9909652119877
 10
989.7935730661684
 20
-943.530718237449
 10
985.9442051866863
 20
-938.5265282467844
 10
982.8646991357618
 20
-933.9072985387429
 10
979.7852224531835
 20
-929.2880688306996
 10
979.4002915389046
 20
-929.6729997449784
 10
979.0153606246258
 20
-929.6729997449784
 10
978.6304003420009
 20
-930.0579306592608
 10
980.9400151960199
 20
-933.5223676244641
 10
983.2496300500407
 20
-936.9868045896674
 10
985.1743139897817
 20
-940.0662812722458
 10
987.8688597580804
 20
-944.3005800660067
 10
990.9483658090048
 20
-947.7650170312099
 10
990.9483658090048
 20
-953.1541379361552
 10
990.563434894726
 20
-963.1624885491401
 10
990.9483658090048
 20
-972.7859082478462
 10
990.9483658090048
 20
-982.7942588608312
 10
990.9483658090048
 20
-984.3340118862925
 10
990.563434894726
 20
-985.4888046291289
 10
990.1785039804472
 20
-988.1833503974285
 10
985.9442051866863
 20
-982.7942294924833
 10
982.8646991357618
 20
-978.5599306987224
 10
979.7852224531835
 20
-974.3256319049615
 10
979.4002915389046
 20
-974.7105628192403
 10
979.0153606246258
 20
-974.7105628192403
 10
978.6304003420009
 20
-975.0954937335191
 10
981.3249461102996
 20
-978.9448616130012
 10
984.0195212469444
 20
-983.1791604067621
 10
987.0989979295227
 20
-987.028528286246
 10
989.7935436978223
 20
-990.4929358831032
 10
991.3332967232836
 20
-994.3423037625835
 10
990.9483658090048
 20
-998.9615922073172
 10
990.563434894726
 20
-1005.505505855099
 10
990.9483658090048
 20
-1012.04941950288
 10
990.9483658090048
 20
-1018.208431604729
 10
990.9483658090048
 20
-1021.287937655652
 10
991.7182276375634
 20
-1024.752345252509
 10
991.7182276375634
 20
-1027.831851303436
 10
991.3332967232836
 20
-1027.831851303436
 10
990.9483658090048
 20
-1028.21681158606
 10
990.5634055263799
 20
-1028.21681158606
 10
986.329106732619
 20
-1022.827720049461
 10
982.0948079388581
 20
-1017.438569776172
 10
977.8604797767493
 20
-1012.049478239573
 10
980.9399858276738
 20
-1018.208490341422
 10
985.1742846214356
 20
-1023.982542160644
 10
988.6387215866389
 20
-1029.756593979868
 10
990.1784746121011
 20
-1032.066238202235
 10
991.3332673549376
 20
-1035.145685516467
 10
991.3332673549376
 20
-1037.840290021457
 10
991.7181982692164
 20
-1045.923986063048
 10
991.7181982692164
 20
-1054.007623367945
 10
991.7181982692164
 20
-1062.476220955468
 10
991.7181982692164
 20
-1063.246082784026
 10
991.3332673549376
 20
-1064.015944612584
 10
990.5633761580339
 20
-1065.555727006391
 10
986.7140082785518
 20
-1060.551537015726
 10
982.8646403990697
 20
-1055.932307307687
 10
979.4002034338664
 20
-1051.697979145578
 10
979.0152725195867
 20
-1052.082939428205
 10
978.6303416053079
 20
-1052.082939428205
 10
978.6303416053079
 20
-1052.467840974137
 10
982.0947785705112
 20
-1057.087070682177
 10
985.1742552530886
 20
-1061.706300390217
 10
988.6386922182928
 20
-1065.940628552326
 10
990.9483070723127
 20
-1068.635174320623
 10
992.1031291834961
 20
-1071.714680371548
 10
991.7181982692164
 20
-1075.179087968405
 10
991.7181982692164
 20
-1082.877823727369
 10
991.7181982692164
 20
-1090.19159920371
 10
991.7181982692164
 20
-1097.890334962674
 10
991.7181982692164
 20
-1098.660196791232
 10
991.3332673549376
 20
-1099.43005861979
 10
990.9483364406587
 20
-1100.969841013597
 10
990.9482777039666
 20
-1098.275236508607
 10
989.0235937642256
 20
-1096.350552568865
 10
987.0989098244845
 20
-1094.810770175056
 97
        0
 97
        0
 75
     2
 76
     1
 98
        0
  0
SPLINE
  5
53
330
41
100
AcDbEntity
  8
katman 1
370
     0
100
AcDbSpline
210
0.0
220
0.0
230
1.0
 70
    11
 71
     3
 72
   110
 73
   106
 74
     0
 42
0.0000000001
 43
0.0000000001
 12
1.0
 22
0.0
 32
0.0
 13
1.0
 23
0.0
 33
0.0
 40
0.0
 40
0.0
 40
0.0
 40
0.0
 40
1.0
 40
1.0
 40
1.0
 40
2.0
 40
2.0
 40
2.0
 40
3.0
 40
3.0
 40
3.0
 40
4.0
 40
4.0
 40
4.0
 40
5.0
 40
5.0
 40
5.0
 40
6.0
 40
6.0
 40
6.0
 40
7.0
 40
7.0
 40
7.0
 40
8.0
 40
8.0
 40
8.0
 40
9.0
 40
9.0
 40
9.0
 40
10.0
 40
10.0
 40
10.0
 40
11.0
 40
11.0
 40
11.0
 40
12.0
 40
12.0
 40
12.0
 40
13.0
 40
13.0
 40
13.0
 40
14.0
 40
14.0
 40
14.0
 40
15.0
 40
15.0
 40
15.0
 40
16.0
 40
16.0
 40
16.0
 40
17.0
 40
17.0
 40
17.0
 40
18.0
 40
18.0
 40
18.0
 40
19.0
 40
19.0
 40
19.0
 40
20.0
 40
20.0
 40
20.0
 40
21.0
 40
21.0
 40
21.0
 40
22.0
 40
22.0
 40
22.0
 40
23.0
 40
23.0
 40
23.0
 40
24.0
 40
24.0
 40
24.0
 40
25.0
 40
25.0
 40
25.0
 40
26.0
 40
26.0
 40
26.0
 40
27.0
 40
27.0
 40
27.0
 40
28.0
 40
28.0
 40
28.0
 40
29.0
 40
29.0
 40
29.0
 40
30.0
 40
30.0
 40
30.0
 40
31.0
 40
31.0
 40
31.0
 40
32.0
 40
32.0
 40
32.0
 40
33.0
 40
33.0
 40
33.0
 40
34.0
 40
34.0
 40
34.0
 40
35.0
 40
35.0
 40
35.0
 40
35.0
 10
1201.123728681685
 20
-1340.400452633367
 30
0.0
 10
1201.123728681685
 20
-1318.843969013589
 30
0.0
 10
1201.123728681685
 20
-1297.287544130502
 30
0.0
 10
1201.123728681685
 20
-1275.731060510725
 30
0.0
 10
1201.123728681685
 20
-1262.643233215162
 30
0.0
 10
1200.73876839906
 20
-1249.940307465531
 30
0.0
 10
1200.73876839906
 20
-1236.852421433276
 30
0.0
 10
1200.73876839906
 20
-1235.31269777616
 30
0.0
 10
1201.893590510243
 20
-1233.772915382353
 30
0.0
 10
1202.278492056175
 20
-1232.618093271169
 30
0.0
 10
1203.818215713291
 20
-1233.387955099726
 30
0.0
 10
1205.3579981071
 20
-1233.772915382353
 30
0.0
 10
1206.512820218282
 20
-1234.542777210911
 30
0.0
 10
1224.989797787137
 20
-1251.864932668581
 30
0.0
 10
1243.081815073365
 20
-1269.572048408876
 30
0.0
 10
1261.94369418815
 20
-1287.664065695106
 30
0.0
 10
1261.94369418815
 20
-1285.354421472737
 30
0.0
 10
1262.328654470777
 20
-1284.199658098249
 30
0.0
 10
1262.328654470777
 20
-1282.659875704439
 30
0.0
 10
1262.328654470777
 20
-1269.187088126251
 30
0.0
 10
1262.328654470777
 20
-1255.714300548063
 30
0.0
 10
1262.328654470777
 20
-1241.85655268725
 30
0.0
 10
1262.328654470777
 20
-1240.316829030133
 30
0.0
 10
1262.328654470777
 20
-1238.392145090393
 30
0.0
 10
1262.7136147534
 20
-1236.852362696583
 30
0.0
 10
1263.098575036027
 20
-1235.697540585401
 30
0.0
 10
1265.023258975767
 20
-1234.157816928284
 30
0.0
 10
1265.793120804326
 20
-1234.157816928284
 30
0.0
 10
1266.947942915509
 20
-1234.157816928284
 30
0.0
 10
1268.872626855249
 20
-1235.697540585401
 30
0.0
 10
1269.257528401184
 20
-1237.23732297921
 30
0.0
 10
1270.027390229741
 20
-1238.777046636325
 30
0.0
 10
1269.642488683807
 20
-1240.701730576067
 30
0.0
 10
1269.642488683807
 20
-1242.626414515807
 30
0.0
 10
1269.642488683807
 20
-1278.040587259708
 30
0.0
 10
1269.642488683807
 20
-1313.454760003606
 30
0.0
 10
1269.642488683807
 20
-1348.868991484196
 30
0.0
 10
1269.642488683807
 20
-1350.408715141311
 30
0.0
 10
1268.872626855249
 20
-1352.333399081053
 30
0.0
 10
1268.102765026691
 20
-1353.873181474861
 30
0.0
 10
1266.563041369576
 20
-1353.103319646303
 30
0.0
 10
1264.638357429834
 20
-1352.333457817746
 30
0.0
 10
1263.098575036027
 20
-1351.178635706561
 30
0.0
 10
1246.161379860981
 20
-1335.011302360075
 30
0.0
 10
1229.224125949244
 20
-1318.843969013589
 30
0.0
 10
1212.286930774198
 20
-1303.061537213034
 30
0.0
 10
1211.132108663016
 20
-1301.90671510185
 30
0.0
 10
1209.977286551832
 20
-1301.136853273292
 30
0.0
 10
1208.052602612092
 20
-1299.597129616177
 30
0.0
 10
1208.052602612092
 20
-1303.061537213034
 30
0.0
 10
1208.052602612092
 20
-1305.371181435399
 30
0.0
 10
1208.052602612092
 20
-1308.065727203699
 30
0.0
 10
1208.052602612092
 20
-1320.768652953329
 30
0.0
 10
1208.437562894716
 20
-1333.47157870296
 30
0.0
 10
1208.437562894716
 20
-1345.789544169964
 30
0.0
 10
1208.437562894716
 20
-1351.563595989188
 30
0.0
 10
1206.897839237601
 20
-1352.71841810037
 30
0.0
 10
1201.50868896431
 20
-1350.408773878004
 30
0.0
 10
1200.738827135752
 20
-1350.02381359538
 30
0.0
 10
1199.968965307195
 20
-1350.408773878004
 30
0.0
 10
1199.199044741943
 20
-1350.408773878004
 30
0.0
 10
1188.805763214679
 20
-1350.408773878004
 30
0.0
 10
1178.412481687415
 20
-1350.408773878004
 30
0.0
 10
1168.404101706084
 20
-1350.408773878004
 30
0.0
 10
1165.32459565516
 20
-1350.408773878004
 30
0.0
 10
1164.169773543977
 20
-1349.253951766821
 30
0.0
 10
1163.39991171542
 20
-1346.559405998523
 30
0.0
 10
1159.935504118563
 20
-1336.55102601719
 30
0.0
 10
1159.935504118563
 20
-1336.55102601719
 30
0.0
 10
1148.772302026049
 20
-1336.55102601719
 30
0.0
 10
1143.38321048945
 20
-1336.55102601719
 30
0.0
 10
1137.994060216159
 20
-1336.55102601719
 30
0.0
 10
1132.604968679561
 20
-1336.55102601719
 30
0.0
 10
1129.910422911262
 20
-1336.55102601719
 30
0.0
 10
1128.370640517453
 20
-1337.320887845748
 30
0.0
 10
1127.600778688895
 20
-1340.015433614048
 30
0.0
 10
1126.830916860337
 20
-1343.094939664972
 30
0.0
 10
1125.676094749155
 20
-1346.174445715897
 30
0.0
 10
1124.136371092038
 20
-1348.868991484196
 30
0.0
 10
1123.36650926348
 20
-1350.408715141311
 30
0.0
 10
1121.44182532374
 20
-1351.178635706561
 30
0.0
 10
1119.902042929931
 20
-1351.948497535121
 30
0.0
 10
1119.132181101373
 20
-1350.02381359538
 30
0.0
 10
1117.592398707564
 20
-1348.484089938263
 30
0.0
 10
1117.592398707564
 20
-1346.559405998523
 30
0.0
 10
1117.592398707564
 20
-1345.019682341406
 30
0.0
 10
1118.362260536123
 20
-1343.094998401666
 30
0.0
 10
1119.132122364681
 20
-1341.170314461924
 30
0.0
 10
1132.219949660244
 20
-1305.371181435399
 30
0.0
 10
1144.922875409873
 20
-1269.572048408876
 30
0.0
 10
1158.010761442129
 20
-1233.772974119045
 30
0.0
 10
1158.395721724753
 20
-1232.618152007861
 30
0.0
 10
1159.935445381871
 20
-1231.463329896678
 30
0.0
 10
1161.090267493053
 20
-1230.308566522188
 30
0.0
 10
1162.245089604236
 20
-1231.463388633372
 30
0.0
 10
1163.39991171542
 20
-1232.618210744553
 30
0.0
 10
1163.784813261353
 20
-1233.772974119045
 30
0.0
 10
1175.717877182424
 20
-1268.417285034386
 30
0.0
 10
1187.26598082087
 20
-1302.6766356671
 30
0.0
 10
1198.814084459318
 20
-1337.32094658244
 30
0.0
 10
1199.199044741943
 20
-1338.090808411
 30
0.0
 10
1199.583946287876
 20
-1339.245630522182
 30
0.0
 10
1199.968906570501
 20
-1340.01549235074
 30
0.0
 10
1200.353866853126
 20
-1340.785412915991
 30
0.0
 10
1200.738827135752
 20
-1340.785412915991
 30
0.0
 10
1201.123728681685
 20
-1340.400452633367
 30
0.0
  0
SPLINE
  5
54
330
41
100
AcDbEntity
  8
katman 1
370
     0
100
AcDbSpline
210
0.0
220
0.0
230
1.0
 70
    11
 71
     3
 72
    17
 73
    13
 74
     0
 42
0.0000000001
 43
0.0000000001
 12
1.0
 22
0.0
 32
0.0
 13
1.0
 23
0.0
 33
0.0
 40
0.0
 40
0.0
 40
0.0
 40
0.0
 40
1.0
 40
1.0
 40
1.0
 40
2.0
 40
2.0
 40
2.0
 40
3.0
 40
3.0
 40
3.0
 40
4.0
 40
4.0
 40
4.0
 40
4.0
 10
1145.692854711817
 20
-1292.283354139836
 30
0.0
 10
1145.307894429192
 20
-1292.283354139836
 30
0.0
 10
1144.922992883257
 20
-1292.283354139836
 30
0.0
 10
1144.538032600633
 20
-1292.283354139836
 30
0.0
 10
1140.68866472115
 20
-1303.446497495659
 30
0.0
 10
1136.454336559043
 20
-1314.609699588173
 30
0.0
 10
1132.220067133629
 20
-1326.542704772553
 30
0.0
 10
1140.68866472115
 20
-1326.542704772553
 30
0.0
 10
1148.387400480115
 20
-1326.542704772553
 30
0.0
 10
1156.471096521705
 20
-1326.542704772553
 30
0.0
 10
1153.006630188156
 20
-1314.609699588173
 30
0.0
 10
1149.157262308672
 20
-1303.446556232351
 30
0.0
 10
1145.692854711817
 20
-1292.283354139836
 30
0.0
  0
HATCH
  5
55
330
41
100
AcDbEntity
  8
katman 1
 62
     7
420
 16777215
100
AcDbHatch
 10
0.0
 20
0.0
 30
0.0
210
0.0
220
0.0
230
1.0
  2
SOLID
 70
     1
 71
     0
 91
        2
 92
        1
 93
        1
 72
     4
 94
        3
 73
     0
 74
     1
 95
      110
 96
      106
 40
0.0
 40
0.0
 40
0.0
 40
0.0
 40
1.0
 40
1.0
 40
1.0
 40
2.0
 40
2.0
 40
2.0
 40
3.0
 40
3.0
 40
3.0
 40
4.0
 40
4.0
 40
4.0
 40
5.0
 40
5.0
 40
5.0
 40
6.0
 40
6.0
 40
6.0
 40
7.0
 40
7.0
 40
7.0
 40
8.0
 40
8.0
 40
8.0
 40
9.0
 40
9.0
 40
9.0
 40
10.0
 40
10.0
 40
10.0
 40
11.0
 40
11.0
 40
11.0
 40
12.0
 40
12.0
 40
12.0
 40
13.0
 40
13.0
 40
13.0
 40
14.0
 40
14.0
 40
14.0
 40
15.0
 40
15.0
 40
15.0
 40
16.0
 40
16.0
 40
16.0
 40
17.0
 40
17.0
 40
17.0
 40
18.0
 40
18.0
 40
18.0
 40
19.0
 40
19.0
 40
19.0
 40
20.0
 40
20.0
 40
20.0
 40
21.0
 40
21.0
 40
21.0
 40
22.0
 40
22.0
 40
22.0
 40
23.0
 40
23.0
 40
23.0
 40
24.0
 40
24.0
 40
24.0
 40
25.0
 40
25.0
 40
25.0
 40
26.0
 40
26.0
 40
26.0
 40
27.0
 40
27.0
 40
27.0
 40
28.0
 40
28.0
 40
28.0
 40
29.0
 40
29.0
 40
29.0
 40
30.0
 40
30.0
 40
30.0
 40
31.0
 40
31.0
 40
31.0
 40
32.0
 40
32.0
 40
32.0
 40
33.0
 40
33.0
 40
33.0
 40
34.0
 40
34.0
 40
34.0
 40
35.0
 40
35.0
 40
35.0
 40
35.0
 10
1201.123728681685
 20
-1340.400452633367
 10
1201.123728681685
 20
-1318.843969013589
 10
1201.123728681685
 20
-1297.287544130502
 10
1201.123728681685
 20
-1275.731060510725
 10
1201.123728681685
 20
-1262.643233215162
 10
1200.73876839906
 20
-1249.940307465531
 10
1200.73876839906
 20
-1236.852421433276
 10
1200.73876839906
 20
-1235.31269777616
 10
1201.893590510243
 20
-1233.772915382353
 10
1202.278492056175
 20
-1232.618093271169
 10
1203.818215713291
 20
-1233.387955099726
 10
1205.3579981071
 20
-1233.772915382353
 10
1206.512820218282
 20
-1234.542777210911
 10
1224.989797787137
 20
-1251.864932668581
 10
1243.081815073365
 20
-1269.572048408876
 10
1261.94369418815
 20
-1287.664065695106
 10
1261.94369418815
 20
-1285.354421472737
 10
1262.328654470777
 20
-1284.199658098249
 10
1262.328654470777
 20
-1282.659875704439
 10
1262.328654470777
 20
-1269.187088126251
 10
1262.328654470777
 20
-1255.714300548063
 10
1262.328654470777
 20
-1241.85655268725
 10
1262.328654470777
 20
-1240.316829030133
 10
1262.328654470777
 20
-1238.392145090393
 10
1262.7136147534
 20
-1236.852362696583
 10
1263.098575036027
 20
-1235.697540585401
 10
1265.023258975767
 20
-1234.157816928284
 10
1265.793120804326
 20
-1234.157816928284
 10
1266.947942915509
 20
-1234.157816928284
 10
1268.872626855249
 20
-1235.697540585401
 10
1269.257528401184
 20
-1237.23732297921
 10
1270.027390229741
 20
-1238.777046636325
 10
1269.642488683807
 20
-1240.701730576067
 10
1269.642488683807
 20
-1242.626414515807
 10
1269.642488683807
 20
-1278.040587259708
 10
1269.642488683807
 20
-1313.454760003606
 10
1269.642488683807
 20
-1348.868991484196
 10
1269.642488683807
 20
-1350.408715141311
 10
1268.872626855249
 20
-1352.333399081053
 10
1268.102765026691
 20
-1353.873181474861
 10
1266.563041369576
 20
-1353.103319646303
 10
1264.638357429834
 20
-1352.333457817746
 10
1263.098575036027
 20
-1351.178635706561
 10
1246.161379860981
 20
-1335.011302360075
 10
1229.224125949244
 20
-1318.843969013589
 10
1212.286930774198
 20
-1303.061537213034
 10
1211.132108663016
 20
-1301.90671510185
 10
1209.977286551832
 20
-1301.136853273292
 10
1208.052602612092
 20
-1299.597129616177
 10
1208.052602612092
 20
-1303.061537213034
 10
1208.052602612092
 20
-1305.371181435399
 10
1208.052602612092
 20
-1308.065727203699
 10
1208.052602612092
 20
-1320.768652953329
 10
1208.437562894716
 20
-1333.47157870296
 10
1208.437562894716
 20
-1345.789544169964
 10
1208.437562894716
 20
-1351.563595989188
 10
1206.897839237601
 20
-1352.71841810037
 10
1201.50868896431
 20
-1350.408773878004
 10
1200.738827135752
 20
-1350.02381359538
 10
1199.968965307195
 20
-1350.408773878004
 10
1199.199044741943
 20
-1350.408773878004
 10
1188.805763214679
 20
-1350.408773878004
 10
1178.412481687415
 20
-1350.408773878004
 10
1168.404101706084
 20
-1350.408773878004
 10
1165.32459565516
 20
-1350.408773878004
 10
1164.169773543977
 20
-1349.253951766821
 10
1163.39991171542
 20
-1346.559405998523
 10
1159.935504118563
 20
-1336.55102601719
 10
1159.935504118563
 20
-1336.55102601719
 10
1148.772302026049
 20
-1336.55102601719
 10
1143.38321048945
 20
-1336.55102601719
 10
1137.994060216159
 20
-1336.55102601719
 10
1132.604968679561
 20
-1336.55102601719
 10
1129.910422911262
 20
-1336.55102601719
 10
1128.370640517453
 20
-1337.320887845748
 10
1127.600778688895
 20
-1340.015433614048
 10
1126.830916860337
 20
-1343.094939664972
 10
1125.676094749155
 20
-1346.174445715897
 10
1124.136371092038
 20
-1348.868991484196
 10
1123.36650926348
 20
-1350.408715141311
 10
1121.44182532374
 20
-1351.178635706561
 10
1119.902042929931
 20
-1351.948497535121
 10
1119.132181101373
 20
-1350.02381359538
 10
1117.592398707564
 20
-1348.484089938263
 10
1117.592398707564
 20
-1346.559405998523
 10
1117.592398707564
 20
-1345.019682341406
 10
1118.362260536123
 20
-1343.094998401666
 10
1119.132122364681
 20
-1341.170314461924
 10
1132.219949660244
 20
-1305.371181435399
 10
1144.922875409873
 20
-1269.572048408876
 10
1158.010761442129
 20
-1233.772974119045
 10
1158.395721724753
 20
-1232.618152007861
 10
1159.935445381871
 20
-1231.463329896678
 10
1161.090267493053
 20
-1230.308566522188
 10
1162.245089604236
 20
-1231.463388633372
 10
1163.39991171542
 20
-1232.618210744553
 10
1163.784813261353
 20
-1233.772974119045
 10
1175.717877182424
 20
-1268.417285034386
 10
1187.26598082087
 20
-1302.6766356671
 10
1198.814084459318
 20
-1337.32094658244
 10
1199.199044741943
 20
-1338.090808411
 10
1199.583946287876
 20
-1339.245630522182
 10
1199.968906570501
 20
-1340.01549235074
 10
1200.353866853126
 20
-1340.785412915991
 10
1200.738827135752
 20
-1340.785412915991
 10
1201.123728681685
 20
-1340.400452633367
 97
        0
 97
        0
 92
        1
 93
        1
 72
     4
 94
        3
 73
     0
 74
     1
 95
       17
 96
       13
 40
0.0
 40
0.0
 40
0.0
 40
0.0
 40
1.0
 40
1.0
 40
1.0
 40
2.0
 40
2.0
 40
2.0
 40
3.0
 40
3.0
 40
3.0
 40
4.0
 40
4.0
 40
4.0
 40
4.0
 10
1145.692854711817
 20
-1292.283354139836
 10
1145.307894429192
 20
-1292.283354139836
 10
1144.922992883257
 20
-1292.283354139836
 10
1144.538032600633
 20
-1292.283354139836
 10
1140.68866472115
 20
-1303.446497495659
 10
1136.454336559043
 20
-1314.609699588173
 10
1132.220067133629
 20
-1326.542704772553
 10
1140.68866472115
 20
-1326.542704772553
 10
1148.387400480115
 20
-1326.542704772553
 10
1156.471096521705
 20
-1326.542704772553
 10
1153.006630188156
 20
-1314.609699588173
 10
1149.157262308672
 20
-1303.446556232351
 10
1145.692854711817
 20
-1292.283354139836
 97
        0
 97
        0
 75
     2
 76
     1
 98
        0
  0
SPLINE
  5
56
330
41
100
AcDbEntity
  8
katman 1
370
     0
100
AcDbSpline
210
0.0
220
0.0
230
1.0
 70
    11
 71
     3
 72
   113
 73
   109
 74
     0
 42
0.0000000001
 43
0.0000000001
 12
1.0
 22
0.0
 32
0.0
 13
1.0
 23
0.0
 33
0.0
 40
0.0
 40
0.0
 40
0.0
 40
0.0
 40
1.0
 40
1.0
 40
1.0
 40
2.0
 40
2.0
 40
2.0
 40
3.0
 40
3.0
 40
3.0
 40
4.0
 40
4.0
 40
4.0
 40
5.0
 40
5.0
 40
5.0
 40
6.0
 40
6.0
 40
6.0
 40
7.0
 40
7.0
 40
7.0
 40
8.0
 40
8.0
 40
8.0
 40
9.0
 40
9.0
 40
9.0
 40
10.0
 40
10.0
 40
10.0
 40
11.0
 40
11.0
 40
11.0
 40
12.0
 40
12.0
 40
12.0
 40
13.0
 40
13.0
 40
13.0
 40
14.0
 40
14.0
 40
14.0
 40
15.0
 40
15.0
 40
15.0
 40
16.0
 40
16.0
 40
16.0
 40
17.0
 40
17.0
 40
17.0
 40
18.0
 40
18.0
 40
18.0
 40
19.0
 40
19.0
 40
19.0
 40
20.0
 40
20.0
 40
20.0
 40
21.0
 40
21.0
 40
21.0
 40
22.0
 40
22.0
 40
22.0
 40
23.0
 40
23.0
 40
23.0
 40
24.0
 40
24.0
 40
24.0
 40
25.0
 40
25.0
 40
25.0
 40
26.0
 40
26.0
 40
26.0
 40
27.0
 40
27.0
 40
27.0
 40
28.0
 40
28.0
 40
28.0
 40
29.0
 40
29.0
 40
29.0
 40
30.0
 40
30.0
 40
30.0
 40
31.0
 40
31.0
 40
31.0
 40
32.0
 40
32.0
 40
32.0
 40
33.0
 40
33.0
 40
33.0
 40
34.0
 40
34.0
 40
34.0
 40
35.0
 40
35.0
 40
35.0
 40
36.0
 40
36.0
 40
36.0
 40
36.0
 10
1174.563113807933
 20
-605.1712023364171
 30
0.0
 10
1174.563113807933
 20
-571.2967679338071
 30
0.0
 10
1174.563113807933
 20
-537.0373879327453
 30
0.0
 10
1174.563113807933
 20
-503.1629535301363
 30
0.0
 10
1174.563113807933
 20
-502.0081433498435
 30
0.0
 10
1174.563113807933
 20
-500.8533327106707
 30
0.0
 10
1174.563113807933
 20
-499.3135856506542
 30
0.0
 10
1174.563113807933
 20
-498.543711891205
 30
0.0
 10
1175.332975636491
 20
-497.0039648311886
 30
0.0
 10
1175.717935919118
 20
-496.6190281809049
 30
0.0
 10
1176.487797747675
 20
-496.2340914159004
 30
0.0
 10
1178.027580141483
 20
-496.6190281809049
 30
0.0
 10
1178.79744197004
 20
-497.3889017109123
 30
0.0
 10
1181.49198773834
 20
-499.6985225303779
 30
0.0
 10
1184.18653350664
 20
-502.7780171092927
 30
0.0
 10
1186.881138011631
 20
-505.0876374698773
 30
0.0
 10
1202.27860952956
 20
-519.7152361461194
 30
0.0
 10
1218.061041330115
 20
-534.3428348223606
 30
0.0
 10
1233.458512848043
 20
-549.3553680839232
 30
0.0
 10
1233.84347313067
 20
-549.740306340289
 30
0.0
 10
1234.613334959227
 20
-550.1252409256122
 30
0.0
 10
1235.76815707041
 20
-550.8951137672993
 30
0.0
 10
1235.76815707041
 20
-545.1210619480762
 30
0.0
 10
1235.76815707041
 20
-539.731948385218
 30
0.0
 10
1235.76815707041
 20
-534.727769407682
 30
0.0
 10
1235.76815707041
 20
-525.4892842942991
 30
0.0
 10
1235.76815707041
 20
-516.2508028519587
 30
0.0
 10
1235.76815707041
 20
-507.0123214096184
 30
0.0
 10
1235.76815707041
 20
-503.5478899509799
 30
0.0
 10
1234.613334959227
 20
-498.543711891205
 30
0.0
 10
1239.617524949892
 20
-498.543711891205
 30
0.0
 10
1244.621714940557
 20
-498.543711891205
 30
0.0
 10
1243.466892829376
 20
-503.5478899509799
 30
0.0
 10
1243.466892829376
 20
-507.0123214096184
 30
0.0
 10
1243.466892829376
 20
-539.731948385218
 30
0.0
 10
1243.466892829376
 20
-572.4515753608175
 30
0.0
 10
1243.081932546749
 20
-605.5561405927829
 30
0.0
 10
1243.081932546749
 20
-608.6356319595343
 30
0.0
 10
1243.466892829376
 20
-611.330192412006
 30
0.0
 10
1243.081932546749
 20
-614.4096837787583
 30
0.0
 10
1243.081932546749
 20
-615.9494294621327
 30
0.0
 10
1242.312070718192
 20
-617.10424423123
 30
0.0
 10
1241.542208889634
 20
-618.2590443161534
 30
0.0
 10
1240.002485232519
 20
-617.4891678034219
 30
0.0
 10
1238.462702838709
 20
-617.4891678034219
 30
0.0
 10
1237.307880727527
 20
-616.3343603764115
 30
0.0
 10
1219.985725269857
 20
-600.1670123457516
 30
0.0
 10
1203.048530094809
 20
-583.9996716571777
 30
0.0
 10
1186.111276183074
 20
-567.8323236265178
 30
0.0
 10
1184.956454071889
 20
-566.6775161995074
 30
0.0
 10
1183.801631960707
 20
-565.9076396867767
 30
0.0
 10
1181.492046475032
 20
-563.9829557470348
 30
0.0
 10
1181.492046475032
 20
-566.6775161995074
 30
0.0
 10
1181.492046475032
 20
-567.8323236265178
 30
0.0
 10
1181.492046475032
 20
-569.372069309893
 30
0.0
 10
1181.492046475032
 20
-582.8448568880813
 30
0.0
 10
1181.877006757659
 20
-596.3176444662695
 30
0.0
 10
1181.877006757659
 20
-609.4054937880919
 30
0.0
 10
1181.877006757659
 20
-615.9494221200457
 30
0.0
 10
1180.722184646474
 20
-616.7192912906903
 30
0.0
 10
1174.563231281318
 20
-614.4096690945844
 30
0.0
 10
1173.79336945276
 20
-614.0247308382186
 30
0.0
 10
1172.638547341578
 20
-614.4096690945844
 30
0.0
 10
1171.86868551302
 20
-614.4096690945844
 30
0.0
 10
1161.860305531689
 20
-614.4096690945844
 30
0.0
 10
1151.85198428705
 20
-614.4096690945844
 30
0.0
 10
1141.843604305719
 20
-614.4096690945844
 30
0.0
 10
1139.149058537419
 20
-614.4096690945844
 30
0.0
 10
1137.609276143612
 20
-613.6397925818528
 30
0.0
 10
1136.45451276912
 20
-610.9452394714681
 30
0.0
 10
1132.990105172263
 20
-600.9368815163962
 30
0.0
 10
1132.605144889638
 20
-600.9368815163962
 30
0.0
 10
1121.826903079749
 20
-600.9368815163962
 30
0.0
 10
1116.437811543152
 20
-600.9368815163962
 30
0.0
 10
1110.663759723928
 20
-600.9368815163962
 30
0.0
 10
1105.274609450636
 20
-600.9368815163962
 30
0.0
 10
1102.964965228271
 20
-600.9368815163962
 30
0.0
 10
1101.810201853779
 20
-601.7067580291277
 30
0.0
 10
1101.04028128853
 20
-604.0163728831467
 30
0.0
 10
1099.885459177347
 20
-607.4808025062639
 30
0.0
 10
1098.730637066163
 20
-610.9452321293811
 30
0.0
 10
1097.190913409047
 20
-614.0247308382186
 30
0.0
 10
1096.42105158049
 20
-615.179538265229
 30
0.0
 10
1094.496367640748
 20
-615.9494147779587
 30
0.0
 10
1092.95658524694
 20
-616.7192912906903
 30
0.0
 10
1092.186723418381
 20
-615.179545607316
 30
0.0
 10
1090.646941024574
 20
-613.6397999239398
 30
0.0
 10
1090.262039478641
 20
-611.7151159841978
 30
0.0
 10
1090.262039478641
 20
-609.7904320444577
 30
0.0
 10
1091.031901307198
 20
-607.8657481047157
 30
0.0
 10
1091.801763135756
 20
-605.9410641649756
 30
0.0
 10
1104.889590431319
 20
-570.1419458226246
 30
0.0
 10
1117.59251618095
 20
-534.3428201381867
 30
0.0
 10
1130.680402213206
 20
-498.5437017958357
 30
0.0
 10
1131.06536249583
 20
-497.0039547358192
 30
0.0
 10
1132.605086152946
 20
-496.2340809763709
 30
0.0
 10
1133.759908264128
 20
-495.0792707960782
 30
0.0
 10
1134.914730375313
 20
-496.234081205811
 30
0.0
 10
1136.454454032428
 20
-497.3888916155438
 30
0.0
 10
1136.839414315054
 20
-498.9286386755612
 30
0.0
 10
1148.772478236126
 20
-533.572950967542
 30
0.0
 10
1160.320581874572
 20
-567.8323236265178
 30
0.0
 10
1171.86868551302
 20
-602.4766345418584
 30
0.0
 10
1172.253645795645
 20
-603.6314419688679
 30
0.0
 10
1172.638547341578
 20
-604.7862567379652
 30
0.0
 10
1173.023507624202
 20
-605.9410641649756
 30
0.0
 10
1174.178153525309
 20
-605.1712023364171
 30
0.0
 10
1174.178153525309
 20
-605.1712023364171
 30
0.0
 10
1174.563113807933
 20
-605.1712023364171
 30
0.0
  0
SPLINE
  5
57
330
41
100
AcDbEntity
  8
katman 1
370
     0
100
AcDbSpline
210
0.0
220
0.0
230
1.0
 70
    11
 71
     3
 72
    14
 73
    10
 74
     0
 42
0.0000000001
 43
0.0000000001
 12
1.0
 22
0.0
 32
0.0
 13
1.0
 23
0.0
 33
0.0
 40
0.0
 40
0.0
 40
0.0
 40
0.0
 40
1.0
 40
1.0
 40
1.0
 40
2.0
 40
2.0
 40
2.0
 40
3.0
 40
3.0
 40
3.0
 40
3.0
 10
1106.04435380581
 20
-590.5435999891324
 30
0.0
 10
1114.512951393332
 20
-590.5435999891324
 30
0.0
 10
1122.211687152298
 20
-590.5435999891324
 30
0.0
 10
1130.295383193887
 20
-590.5435999891324
 30
0.0
 10
1126.446015314405
 20
-578.6105580943204
 30
0.0
 10
1122.596647434922
 20
-567.4473927122381
 30
0.0
 10
1118.74727955544
 20
-554.7444779757388
 30
0.0
 10
1114.512951393332
 20
-567.4473927122381
 30
0.0
 10
1110.278681967917
 20
-578.6105580943204
 30
0.0
 10
1106.04435380581
 20
-590.5435999891324
 30
0.0
  0
HATCH
  5
58
330
41
100
AcDbEntity
  8
katman 1
 62
     7
420
 16777215
100
AcDbHatch
 10
0.0
 20
0.0
 30
0.0
210
0.0
220
0.0
230
1.0
  2
SOLID
 70
     1
 71
     0
 91
        2
 92
        1
 93
        1
 72
     4
 94
        3
 73
     0
 74
     1
 95
      113
 96
      109
 40
0.0
 40
0.0
 40
0.0
 40
0.0
 40
1.0
 40
1.0
 40
1.0
 40
2.0
 40
2.0
 40
2.0
 40
3.0
 40
3.0
 40
3.0
 40
4.0
 40
4.0
 40
4.0
 40
5.0
 40
5.0
 40
5.0
 40
6.0
 40
6.0
 40
6.0
 40
7.0
 40
7.0
 40
7.0
 40
8.0
 40
8.0
 40
8.0
 40
9.0
 40
9.0
 40
9.0
 40
10.0
 40
10.0
 40
10.0
 40
11.0
 40
11.0
 40
11.0
 40
12.0
 40
12.0
 40
12.0
 40
13.0
 40
13.0
 40
13.0
 40
14.0
 40
14.0
 40
14.0
 40
15.0
 40
15.0
 40
15.0
 40
16.0
 40
16.0
 40
16.0
 40
17.0
 40
17.0
 40
17.0
 40
18.0
 40
18.0
 40
18.0
 40
19.0
 40
19.0
 40
19.0
 40
20.0
 40
20.0
 40
20.0
 40
21.0
 40
21.0
 40
21.0
 40
22.0
 40
22.0
 40
22.0
 40
23.0
 40
23.0
 40
23.0
 40
24.0
 40
24.0
 40
24.0
 40
25.0
 40
25.0
 40
25.0
 40
26.0
 40
26.0
 40
26.0
 40
27.0
 40
27.0
 40
27.0
 40
28.0
 40
28.0
 40
28.0
 40
29.0
 40
29.0
 40
29.0
 40
30.0
 40
30.0
 40
30.0
 40
31.0
 40
31.0
 40
31.0
 40
32.0
 40
32.0
 40
32.0
 40
33.0
 40
33.0
 40
33.0
 40
34.0
 40
34.0
 40
34.0
 40
35.0
 40
35.0
 40
35.0
 40
36.0
 40
36.0
 40
36.0
 40
36.0
 10
1174.563113807933
 20
-605.1712023364171
 10
1174.563113807933
 20
-571.2967679338071
 10
1174.563113807933
 20
-537.0373879327453
 10
1174.563113807933
 20
-503.1629535301363
 10
1174.563113807933
 20
-502.0081433498435
 10
1174.563113807933
 20
-500.8533327106707
 10
1174.563113807933
 20
-499.3135856506542
 10
1174.563113807933
 20
-498.543711891205
 10
1175.332975636491
 20
-497.0039648311886
 10
1175.717935919118
 20
-496.6190281809049
 10
1176.487797747675
 20
-496.2340914159004
 10
1178.027580141483
 20
-496.6190281809049
 10
1178.79744197004
 20
-497.3889017109123
 10
1181.49198773834
 20
-499.6985225303779
 10
1184.18653350664
 20
-502.7780171092927
 10
1186.881138011631
 20
-505.0876374698773
 10
1202.27860952956
 20
-519.7152361461194
 10
1218.061041330115
 20
-534.3428348223606
 10
1233.458512848043
 20
-549.3553680839232
 10
1233.84347313067
 20
-549.740306340289
 10
1234.613334959227
 20
-550.1252409256122
 10
1235.76815707041
 20
-550.8951137672993
 10
1235.76815707041
 20
-545.1210619480762
 10
1235.76815707041
 20
-539.731948385218
 10
1235.76815707041
 20
-534.727769407682
 10
1235.76815707041
 20
-525.4892842942991
 10
1235.76815707041
 20
-516.2508028519587
 10
1235.76815707041
 20
-507.0123214096184
 10
1235.76815707041
 20
-503.5478899509799
 10
1234.613334959227
 20
-498.543711891205
 10
1239.617524949892
 20
-498.543711891205
 10
1244.621714940557
 20
-498.543711891205
 10
1243.466892829376
 20
-503.5478899509799
 10
1243.466892829376
 20
-507.0123214096184
 10
1243.466892829376
 20
-539.731948385218
 10
1243.466892829376
 20
-572.4515753608175
 10
1243.081932546749
 20
-605.5561405927829
 10
1243.081932546749
 20
-608.6356319595343
 10
1243.466892829376
 20
-611.330192412006
 10
1243.081932546749
 20
-614.4096837787583
 10
1243.081932546749
 20
-615.9494294621327
 10
1242.312070718192
 20
-617.10424423123
 10
1241.542208889634
 20
-618.2590443161534
 10
1240.002485232519
 20
-617.4891678034219
 10
1238.462702838709
 20
-617.4891678034219
 10
1237.307880727527
 20
-616.3343603764115
 10
1219.985725269857
 20
-600.1670123457516
 10
1203.048530094809
 20
-583.9996716571777
 10
1186.111276183074
 20
-567.8323236265178
 10
1184.956454071889
 20
-566.6775161995074
 10
1183.801631960707
 20
-565.9076396867767
 10
1181.492046475032
 20
-563.9829557470348
 10
1181.492046475032
 20
-566.6775161995074
 10
1181.492046475032
 20
-567.8323236265178
 10
1181.492046475032
 20
-569.372069309893
 10
1181.492046475032
 20
-582.8448568880813
 10
1181.877006757659
 20
-596.3176444662695
 10
1181.877006757659
 20
-609.4054937880919
 10
1181.877006757659
 20
-615.9494221200457
 10
1180.722184646474
 20
-616.7192912906903
 10
1174.563231281318
 20
-614.4096690945844
 10
1173.79336945276
 20
-614.0247308382186
 10
1172.638547341578
 20
-614.4096690945844
 10
1171.86868551302
 20
-614.4096690945844
 10
1161.860305531689
 20
-614.4096690945844
 10
1151.85198428705
 20
-614.4096690945844
 10
1141.843604305719
 20
-614.4096690945844
 10
1139.149058537419
 20
-614.4096690945844
 10
1137.609276143612
 20
-613.6397925818528
 10
1136.45451276912
 20
-610.9452394714681
 10
1132.990105172263
 20
-600.9368815163962
 10
1132.605144889638
 20
-600.9368815163962
 10
1121.826903079749
 20
-600.9368815163962
 10
1116.437811543152
 20
-600.9368815163962
 10
1110.663759723928
 20
-600.9368815163962
 10
1105.274609450636
 20
-600.9368815163962
 10
1102.964965228271
 20
-600.9368815163962
 10
1101.810201853779
 20
-601.7067580291277
 10
1101.04028128853
 20
-604.0163728831467
 10
1099.885459177347
 20
-607.4808025062639
 10
1098.730637066163
 20
-610.9452321293811
 10
1097.190913409047
 20
-614.0247308382186
 10
1096.42105158049
 20
-615.179538265229
 10
1094.496367640748
 20
-615.9494147779587
 10
1092.95658524694
 20
-616.7192912906903
 10
1092.186723418381
 20
-615.179545607316
 10
1090.646941024574
 20
-613.6397999239398
 10
1090.262039478641
 20
-611.7151159841978
 10
1090.262039478641
 20
-609.7904320444577
 10
1091.031901307198
 20
-607.8657481047157
 10
1091.801763135756
 20
-605.9410641649756
 10
1104.889590431319
 20
-570.1419458226246
 10
1117.59251618095
 20
-534.3428201381867
 10
1130.680402213206
 20
-498.5437017958357
 10
1131.06536249583
 20
-497.0039547358192
 10
1132.605086152946
 20
-496.2340809763709
 10
1133.759908264128
 20
-495.0792707960782
 10
1134.914730375313
 20
-496.234081205811
 10
1136.454454032428
 20
-497.3888916155438
 10
1136.839414315054
 20
-498.9286386755612
 10
1148.772478236126
 20
-533.572950967542
 10
1160.320581874572
 20
-567.8323236265178
 10
1171.86868551302
 20
-602.4766345418584
 10
1172.253645795645
 20
-603.6314419688679
 10
1172.638547341578
 20
-604.7862567379652
 10
1173.023507624202
 20
-605.9410641649756
 10
1174.178153525309
 20
-605.1712023364171
 10
1174.178153525309
 20
-605.1712023364171
 10
1174.563113807933
 20
-605.1712023364171
 97
        0
 97
        0
 92
        1
 93
        1
 72
     4
 94
        3
 73
     0
 74
     1
 95
       14
 96
       10
 40
0.0
 40
0.0
 40
0.0
 40
0.0
 40
1.0
 40
1.0
 40
1.0
 40
2.0
 40
2.0
 40
2.0
 40
3.0
 40
3.0
 40
3.0
 40
3.0
 10
1106.04435380581
 20
-590.5435999891324
 10
1114.512951393332
 20
-590.5435999891324
 10
1122.211687152298
 20
-590.5435999891324
 10
1130.295383193887
 20
-590.5435999891324
 10
1126.446015314405
 20
-578.6105580943204
 10
1122.596647434922
 20
-567.4473927122381
 10
1118.74727955544
 20
-554.7444779757388
 10
1114.512951393332
 20
-567.4473927122381
 10
1110.278681967917
 20
-578.6105580943204
 10
1106.04435380581
 20
-590.5435999891324
 97
        0
 97
        0
 75
     2
 76
     1
 98
        0
  0
SPLINE
  5
59
330
41
100
AcDbEntity
  8
katman 1
370
     0
100
AcDbSpline
210
0.0
220
0.0
230
1.0
 70
    11
 71
     3
 72
    59
 73
    55
 74
     0
 42
0.0000000001
 43
0.0000000001
 12
1.0
 22
0.0
 32
0.0
 13
1.0
 23
0.0
 33
0.0
 40
0.0
 40
0.0
 40
0.0
 40
0.0
 40
1.0
 40
1.0
 40
1.0
 40
2.0
 40
2.0
 40
2.0
 40
3.0
 40
3.0
 40
3.0
 40
4.0
 40
4.0
 40
4.0
 40
5.0
 40
5.0
 40
5.0
 40
6.0
 40
6.0
 40
6.0
 40
7.0
 40
7.0
 40
7.0
 40
8.0
 40
8.0
 40
8.0
 40
9.0
 40
9.0
 40
9.0
 40
10.0
 40
10.0
 40
10.0
 40
11.0
 40
11.0
 40
11.0
 40
12.0
 40
12.0
 40
12.0
 40
13.0
 40
13.0
 40
13.0
 40
14.0
 40
14.0
 40
14.0
 40
15.0
 40
15.0
 40
15.0
 40
16.0
 40
16.0
 40
16.0
 40
17.0
 40
17.0
 40
17.0
 40
18.0
 40
18.0
 40
18.0
 40
18.0
 10
759.9861902508555
 20
-565.5227087724979
 30
0.0
 10
758.4464372253933
 20
-575.9160049839338
 30
0.0
 10
755.7518914570937
 20
-586.3092938532845
 30
0.0
 10
750.3627705521503
 20
-595.5477826377119
 30
0.0
 10
743.8188422201947
 20
-607.8657627888897
 30
0.0
 10
733.8104916072107
 20
-614.7946220351223
 30
0.0
 10
719.182881917839
 20
-614.4096837787583
 30
0.0
 10
710.7142696461433
 20
-614.0247455223907
 30
0.0
 10
701.8607264601687
 20
-614.4096837787583
 30
0.0
 10
693.392114188473
 20
-614.4096837787583
 30
0.0
 10
689.5427463089909
 20
-614.4096837787583
 30
0.0
 10
688.0029932835296
 20
-613.254876351748
 30
0.0
 10
688.0029932835296
 20
-609.0205702159001
 30
0.0
 10
688.0029932835296
 20
-574.3762593005586
 30
0.0
 10
688.0029932835296
 20
-539.731948385218
 30
0.0
 10
688.0029932835296
 20
-505.0876374698773
 30
0.0
 10
688.0029932835296
 20
-502.0081433498435
 30
0.0
 10
688.3879241978084
 20
-499.6985225303779
 30
0.0
 10
692.2372920772905
 20
-500.0834594101025
 30
0.0
 10
703.4004648014579
 20
-500.4683962898271
 30
0.0
 10
714.5636228414533
 20
-500.4683962898271
 30
0.0
 10
725.3418646513419
 20
-500.8533331695508
 30
0.0
 10
734.5803534357692
 20
-501.2382700492753
 30
0.0
 10
741.5092126820018
 20
-505.8575112293256
 30
0.0
 10
746.5133879884943
 20
-513.1713114852082
 30
0.0
 10
754.5970546617382
 20
-523.9495422819673
 30
0.0
 10
758.0614916269415
 20
-536.2675187621007
 30
0.0
 10
759.9861755666825
 20
-549.740306340289
 30
0.0
 10
760.3711064809613
 20
-547.0457495588598
 30
0.0
 10
760.7560520794141
 20
-544.3511927774316
 30
0.0
 10
761.1409829936929
 20
-541.656632324959
 30
0.0
 10
761.5259139079717
 20
-538.9620755435299
 30
0.0
 10
761.9108595064235
 20
-536.2675187621007
 30
0.0
 10
763.0656669334339
 20
-533.572958309629
 30
0.0
 10
766.5301038986372
 20
-525.8742225506649
 30
0.0
 10
768.839704068484
 20
-517.4056139500117
 30
0.0
 10
773.4589631448707
 20
-510.8616874535792
 30
0.0
 10
786.9317507230589
 20
-491.2299116353242
 30
0.0
 10
809.2580961713938
 20
-491.6148480561678
 30
0.0
 10
822.7308837495821
 20
-511.2466238744237
 30
0.0
 10
836.2036713277703
 20
-531.2633361135222
 30
0.0
 10
838.1283552675122
 20
-553.5896705487285
 30
0.0
 10
833.5091255594707
 20
-576.6858741545784
 30
0.0
 10
831.1995107054518
 20
-588.2339777930256
 30
0.0
 10
826.5802516290642
 20
-599.0122049187412
 30
0.0
 10
818.1116540415424
 20
-607.4808171904369
 30
0.0
 10
805.023797377633
 20
-620.5686738543463
 30
0.0
 10
789.2413949454249
 20
-620.1837282558936
 30
0.0
 10
776.9234294784201
 20
-606.7109406777063
 30
0.0
 10
767.300009779714
 20
-596.7025827226353
 30
0.0
 10
763.065710985953
 20
-583.9996716571777
 30
0.0
 10
761.141027046212
 20
-570.5268840789904
 30
0.0
 10
760.3711358493074
 20
-569.37207665198
 30
0.0
 10
760.3711358493074
 20
-567.4473927122381
 30
0.0
 10
759.9861902508555
 20
-565.5227087724979
 30
0.0
  0
SPLINE
  5
5A
330
41
100
AcDbEntity
  8
katman 1
370
     0
100
AcDbSpline
210
0.0
220
0.0
230
1.0
 70
    11
 71
     3
 72
    23
 73
    19
 74
     0
 42
0.0000000001
 43
0.0000000001
 12
1.0
 22
0.0
 32
0.0
 13
1.0
 23
0.0
 33
0.0
 40
0.0
 40
0.0
 40
0.0
 40
0.0
 40
1.0
 40
1.0
 40
1.0
 40
2.0
 40
2.0
 40
2.0
 40
3.0
 40
3.0
 40
3.0
 40
4.0
 40
4.0
 40
4.0
 40
5.0
 40
5.0
 40
5.0
 40
6.0
 40
6.0
 40
6.0
 40
6.0
 10
795.7853085932065
 20
-607.4808171904369
 30
0.0
 10
801.1744294981509
 20
-608.2506937031685
 30
0.0
 10
805.4087282919118
 20
-606.7109406777063
 30
0.0
 10
809.2580961713938
 20
-604.0163875673206
 30
0.0
 10
816.1869701018004
 20
-599.397143175107
 30
0.0
 10
820.8061998098419
 20
-592.4682839288735
 30
0.0
 10
823.5007455781406
 20
-584.7695481699084
 30
0.0
 10
828.8898664830849
 20
-570.5268840789904
 30
0.0
 10
829.6597283116425
 20
-555.514350817426
 30
0.0
 10
826.5802516290642
 20
-540.5018175558625
 30
0.0
 10
824.655567689324
 20
-530.4934596007915
 30
0.0
 10
820.8061998098419
 20
-520.8700417376076
 30
0.0
 10
813.1074640508768
 20
-513.556242399487
 30
0.0
 10
808.4882343428362
 20
-508.9370007605557
 30
0.0
 10
802.7141825236131
 20
-505.8575066405219
 30
0.0
 10
795.4003776789268
 20
-506.6273803999702
 30
0.0
 10
795.7853085932065
 20
-540.1168829705402
 30
0.0
 10
795.7853085932065
 20
-573.6063827878279
 30
0.0
 10
795.7853085932065
 20
-607.4808171904369
 30
0.0
  0
SPLINE
  5
5B
330
41
100
AcDbEntity
  8
katman 1
370
     0
100
AcDbSpline
210
0.0
220
0.0
230
1.0
 70
    11
 71
     3
 72
    23
 73
    19
 74
     0
 42
0.0000000001
 43
0.0000000001
 12
1.0
 22
0.0
 32
0.0
 13
1.0
 23
0.0
 33
0.0
 40
0.0
 40
0.0
 40
0.0
 40
0.0
 40
1.0
 40
1.0
 40
1.0
 40
2.0
 40
2.0
 40
2.0
 40
3.0
 40
3.0
 40
3.0
 40
4.0
 40
4.0
 40
4.0
 40
5.0
 40
5.0
 40
5.0
 40
6.0
 40
6.0
 40
6.0
 40
6.0
 10
721.8774570544847
 20
-510.0918127763698
 30
0.0
 10
721.8774570544847
 20
-542.0415669102813
 30
0.0
 10
721.8774570544847
 20
-573.2214445314621
 30
0.0
 10
721.8774570544847
 20
-604.0163875673206
 30
0.0
 10
722.6473335672163
 20
-604.0163875673206
 30
0.0
 10
723.0322644814951
 20
-604.4013258236864
 30
0.0
 10
723.4172100799469
 20
-604.4013258236864
 30
0.0
 10
733.0406297786521
 20
-604.4013258236864
 30
0.0
 10
739.199612512155
 20
-598.6272740044624
 30
0.0
 10
743.4339259900898
 20
-590.9285382454982
 30
0.0
 10
751.5175926633328
 20
-577.45575066731
 30
0.0
 10
753.4422766030748
 20
-562.4432174057465
 30
0.0
 10
751.5175926633328
 20
-546.6608076314515
 30
0.0
 10
750.3627852363225
 20
-537.0373879327453
 30
0.0
 10
747.2832938695719
 20
-527.798906490405
 30
0.0
 10
741.124296451897
 20
-519.715232475075
 30
0.0
 10
736.8899829739621
 20
-513.9411806558519
 30
0.0
 10
730.7310002404593
 20
-510.0918127763698
 30
0.0
 10
721.8774570544847
 20
-510.0918127763698
 30
0.0
  0
HATCH
  5
5C
330
41
100
AcDbEntity
  8
katman 1
 62
     7
420
 16777215
100
AcDbHatch
 10
0.0
 20
0.0
 30
0.0
210
0.0
220
0.0
230
1.0
  2
SOLID
 70
     1
 71
     0
 91
        3
 92
        1
 93
        1
 72
     4
 94
        3
 73
     0
 74
     1
 95
       59
 96
       55
 40
0.0
 40
0.0
 40
0.0
 40
0.0
 40
1.0
 40
1.0
 40
1.0
 40
2.0
 40
2.0
 40
2.0
 40
3.0
 40
3.0
 40
3.0
 40
4.0
 40
4.0
 40
4.0
 40
5.0
 40
5.0
 40
5.0
 40
6.0
 40
6.0
 40
6.0
 40
7.0
 40
7.0
 40
7.0
 40
8.0
 40
8.0
 40
8.0
 40
9.0
 40
9.0
 40
9.0
 40
10.0
 40
10.0
 40
10.0
 40
11.0
 40
11.0
 40
11.0
 40
12.0
 40
12.0
 40
12.0
 40
13.0
 40
13.0
 40
13.0
 40
14.0
 40
14.0
 40
14.0
 40
15.0
 40
15.0
 40
15.0
 40
16.0
 40
16.0
 40
16.0
 40
17.0
 40
17.0
 40
17.0
 40
18.0
 40
18.0
 40
18.0
 40
18.0
 10
759.9861902508555
 20
-565.5227087724979
 10
758.4464372253933
 20
-575.9160049839338
 10
755.7518914570937
 20
-586.3092938532845
 10
750.3627705521503
 20
-595.5477826377119
 10
743.8188422201947
 20
-607.8657627888897
 10
733.8104916072107
 20
-614.7946220351223
 10
719.182881917839
 20
-614.4096837787583
 10
710.7142696461433
 20
-614.0247455223907
 10
701.8607264601687
 20
-614.4096837787583
 10
693.392114188473
 20
-614.4096837787583
 10
689.5427463089909
 20
-614.4096837787583
 10
688.0029932835296
 20
-613.254876351748
 10
688.0029932835296
 20
-609.0205702159001
 10
688.0029932835296
 20
-574.3762593005586
 10
688.0029932835296
 20
-539.731948385218
 10
688.0029932835296
 20
-505.0876374698773
 10
688.0029932835296
 20
-502.0081433498435
 10
688.3879241978084
 20
-499.6985225303779
 10
692.2372920772905
 20
-500.0834594101025
 10
703.4004648014579
 20
-500.4683962898271
 10
714.5636228414533
 20
-500.4683962898271
 10
725.3418646513419
 20
-500.8533331695508
 10
734.5803534357692
 20
-501.2382700492753
 10
741.5092126820018
 20
-505.8575112293256
 10
746.5133879884943
 20
-513.1713114852082
 10
754.5970546617382
 20
-523.9495422819673
 10
758.0614916269415
 20
-536.2675187621007
 10
759.9861755666825
 20
-549.740306340289
 10
760.3711064809613
 20
-547.0457495588598
 10
760.7560520794141
 20
-544.3511927774316
 10
761.1409829936929
 20
-541.656632324959
 10
761.5259139079717
 20
-538.9620755435299
 10
761.9108595064235
 20
-536.2675187621007
 10
763.0656669334339
 20
-533.572958309629
 10
766.5301038986372
 20
-525.8742225506649
 10
768.839704068484
 20
-517.4056139500117
 10
773.4589631448707
 20
-510.8616874535792
 10
786.9317507230589
 20
-491.2299116353242
 10
809.2580961713938
 20
-491.6148480561678
 10
822.7308837495821
 20
-511.2466238744237
 10
836.2036713277703
 20
-531.2633361135222
 10
838.1283552675122
 20
-553.5896705487285
 10
833.5091255594707
 20
-576.6858741545784
 10
831.1995107054518
 20
-588.2339777930256
 10
826.5802516290642
 20
-599.0122049187412
 10
818.1116540415424
 20
-607.4808171904369
 10
805.023797377633
 20
-620.5686738543463
 10
789.2413949454249
 20
-620.1837282558936
 10
776.9234294784201
 20
-606.7109406777063
 10
767.300009779714
 20
-596.7025827226353
 10
763.065710985953
 20
-583.9996716571777
 10
761.141027046212
 20
-570.5268840789904
 10
760.3711358493074
 20
-569.37207665198
 10
760.3711358493074
 20
-567.4473927122381
 10
759.9861902508555
 20
-565.5227087724979
 97
        0
 97
        0
 92
        1
 93
        1
 72
     4
 94
        3
 73
     0
 74
     1
 95
       23
 96
       19
 40
0.0
 40
0.0
 40
0.0
 40
0.0
 40
1.0
 40
1.0
 40
1.0
 40
2.0
 40
2.0
 40
2.0
 40
3.0
 40
3.0
 40
3.0
 40
4.0
 40
4.0
 40
4.0
 40
5.0
 40
5.0
 40
5.0
 40
6.0
 40
6.0
 40
6.0
 40
6.0
 10
795.7853085932065
 20
-607.4808171904369
 10
801.1744294981509
 20
-608.2506937031685
 10
805.4087282919118
 20
-606.7109406777063
 10
809.2580961713938
 20
-604.0163875673206
 10
816.1869701018004
 20
-599.397143175107
 10
820.8061998098419
 20
-592.4682839288735
 10
823.5007455781406
 20
-584.7695481699084
 10
828.8898664830849
 20
-570.5268840789904
 10
829.6597283116425
 20
-555.514350817426
 10
826.5802516290642
 20
-540.5018175558625
 10
824.655567689324
 20
-530.4934596007915
 10
820.8061998098419
 20
-520.8700417376076
 10
813.1074640508768
 20
-513.556242399487
 10
808.4882343428362
 20
-508.9370007605557
 10
802.7141825236131
 20
-505.8575066405219
 10
795.4003776789268
 20
-506.6273803999702
 10
795.7853085932065
 20
-540.1168829705402
 10
795.7853085932065
 20
-573.6063827878279
 10
795.7853085932065
 20
-607.4808171904369
 97
        0
 97
        0
 92
        1
 93
        1
 72
     4
 94
        3
 73
     0
 74
     1
 95
       23
 96
       19
 40
0.0
 40
0.0
 40
0.0
 40
0.0
 40
1.0
 40
1.0
 40
1.0
 40
2.0
 40
2.0
 40
2.0
 40
3.0
 40
3.0
 40
3.0
 40
4.0
 40
4.0
 40
4.0
 40
5.0
 40
5.0
 40
5.0
 40
6.0
 40
6.0
 40
6.0
 40
6.0
 10
721.8774570544847
 20
-510.0918127763698
 10
721.8774570544847
 20
-542.0415669102813
 10
721.8774570544847
 20
-573.2214445314621
 10
721.8774570544847
 20
-604.0163875673206
 10
722.6473335672163
 20
-604.0163875673206
 10
723.0322644814951
 20
-604.4013258236864
 10
723.4172100799469
 20
-604.4013258236864
 10
733.0406297786521
 20
-604.4013258236864
 10
739.199612512155
 20
-598.6272740044624
 10
743.4339259900898
 20
-590.9285382454982
 10
751.5175926633328
 20
-577.45575066731
 10
753.4422766030748
 20
-562.4432174057465
 10
751.5175926633328
 20
-546.6608076314515
 10
750.3627852363225
 20
-537.0373879327453
 10
747.2832938695719
 20
-527.798906490405
 10
741.124296451897
 20
-519.715232475075
 10
736.8899829739621
 20
-513.9411806558519
 10
730.7310002404593
 20
-510.0918127763698
 10
721.8774570544847
 20
-510.0918127763698
 97
        0
 97
        0
 75
     2
 76
     1
 98
        0
  0
SPLINE
  5
5D
330
41
100
AcDbEntity
  8
katman 1
370
     0
100
AcDbSpline
210
0.0
220
0.0
230
1.0
 70
    11
 71
     3
 72
   107
 73
   103
 74
     0
 42
0.0000000001
 43
0.0000000001
 12
1.0
 22
0.0
 32
0.0
 13
1.0
 23
0.0
 33
0.0
 40
0.0
 40
0.0
 40
0.0
 40
0.0
 40
1.0
 40
1.0
 40
1.0
 40
2.0
 40
2.0
 40
2.0
 40
3.0
 40
3.0
 40
3.0
 40
4.0
 40
4.0
 40
4.0
 40
5.0
 40
5.0
 40
5.0
 40
6.0
 40
6.0
 40
6.0
 40
7.0
 40
7.0
 40
7.0
 40
8.0
 40
8.0
 40
8.0
 40
9.0
 40
9.0
 40
9.0
 40
10.0
 40
10.0
 40
10.0
 40
11.0
 40
11.0
 40
11.0
 40
12.0
 40
12.0
 40
12.0
 40
13.0
 40
13.0
 40
13.0
 40
14.0
 40
14.0
 40
14.0
 40
15.0
 40
15.0
 40
15.0
 40
16.0
 40
16.0
 40
16.0
 40
17.0
 40
17.0
 40
17.0
 40
18.0
 40
18.0
 40
18.0
 40
19.0
 40
19.0
 40
19.0
 40
20.0
 40
20.0
 40
20.0
 40
21.0
 40
21.0
 40
21.0
 40
22.0
 40
22.0
 40
22.0
 40
23.0
 40
23.0
 40
23.0
 40
24.0
 40
24.0
 40
24.0
 40
25.0
 40
25.0
 40
25.0
 40
26.0
 40
26.0
 40
26.0
 40
27.0
 40
27.0
 40
27.0
 40
28.0
 40
28.0
 40
28.0
 40
29.0
 40
29.0
 40
29.0
 40
30.0
 40
30.0
 40
30.0
 40
31.0
 40
31.0
 40
31.0
 40
32.0
 40
32.0
 40
32.0
 40
33.0
 40
33.0
 40
33.0
 40
34.0
 40
34.0
 40
34.0
 40
34.0
 10
898.563448596391
 20
-551.2800483526216
 30
0.0
 10
898.563448596391
 20
-536.6524496763805
 30
0.0
 10
898.563448596391
 20
-523.1796620981922
 30
0.0
 10
898.563448596391
 20
-509.706874520004
 30
0.0
 10
898.563448596391
 20
-507.782190580263
 30
0.0
 10
898.1785176821122
 20
-505.8575066405219
 30
0.0
 10
898.563448596391
 20
-504.3177591216245
 30
0.0
 10
899.3333104249496
 20
-502.3930751818834
 30
0.0
 10
900.8730634504118
 20
-500.4683912421424
 30
0.0
 10
902.0278855615943
 20
-498.5437073024013
 30
0.0
 10
903.5676385870574
 20
-499.6985174826932
 30
0.0
 10
905.4923225267976
 20
-500.8533281218661
 30
0.0
 10
907.0320755522607
 20
-502.3930751818834
 30
0.0
 10
908.571828577722
 20
-502.0081383021588
 30
0.0
 10
910.8814434317428
 20
-500.4683912421424
 30
0.0
 10
913.1910582857627
 20
-500.4683912421424
 30
0.0
 10
933.2077595117316
 20
-500.4683912421424
 30
0.0
 10
953.2244901060476
 20
-500.4683912421424
 30
0.0
 10
973.2411913320175
 20
-500.4683912421424
 30
0.0
 10
976.320697382942
 20
-500.4683912421424
 30
0.0
 10
979.4001740655194
 20
-500.8533281218661
 30
0.0
 10
979.7851049797991
 20
-505.0876328810737
 30
0.0
 10
980.170035894078
 20
-508.9370007605557
 30
0.0
 10
978.245351954336
 20
-510.4767473616921
 30
0.0
 10
974.3959840748539
 20
-510.4767473616921
 30
0.0
 10
970.161685281093
 20
-510.4767473616921
 30
0.0
 10
965.9273864873321
 20
-510.4767473616921
 30
0.0
 10
960.9231964966657
 20
-510.4767473616921
 30
0.0
 10
960.9231964966657
 20
-512.4014313014331
 30
0.0
 10
960.9231964966657
 20
-514.7110516620178
 30
0.0
 10
960.9231964966657
 20
-516.6357356017597
 30
0.0
 10
960.9231964966657
 20
-547.0457422167738
 30
0.0
 10
960.9231964966657
 20
-577.45575066731
 30
0.0
 10
960.5382655823869
 20
-607.8657554468027
 30
0.0
 10
960.5382655823869
 20
-614.4096837787583
 30
0.0
 10
960.5382655823869
 20
-614.4096837787583
 30
0.0
 10
953.9943519346052
 20
-614.4096837787583
 30
0.0
 10
947.0654780041987
 20
-614.4096837787583
 30
0.0
 10
940.1366334421382
 20
-614.4096837787583
 30
0.0
 10
933.2077595117316
 20
-614.4096837787583
 30
0.0
 10
926.2788855813251
 20
-614.4096837787583
 30
0.0
 10
926.2788855813251
 20
-614.4096837787583
 30
0.0
 10
926.2788855813251
 20
-607.8657554468027
 30
0.0
 10
926.2788855813251
 20
-577.0708124109442
 30
0.0
 10
926.2788855813251
 20
-545.8909311187199
 30
0.0
 10
926.2788855813251
 20
-515.0959880828623
 30
0.0
 10
926.2788855813251
 20
-513.5562405639648
 30
0.0
 10
926.2788855813251
 20
-512.0164930450683
 30
0.0
 10
925.8939546670463
 20
-510.8616837825357
 30
0.0
 10
919.3500410192646
 20
-508.9369998427946
 30
0.0
 10
912.421167088858
 20
-513.1713041431212
 30
0.0
 10
905.4922931584515
 20
-508.1671260833464
 30
0.0
 10
905.4922931584515
 20
-528.1838374046847
 30
0.0
 10
905.4922931584515
 20
-547.8156150584618
 30
0.0
 10
905.4922931584515
 20
-567.4473927122381
 30
0.0
 10
905.4922931584515
 20
-582.8448642301682
 30
0.0
 10
905.8772240727303
 20
-598.2423357480966
 30
0.0
 10
905.8772240727303
 20
-613.6398072660268
 30
0.0
 10
905.8772240727303
 20
-615.1795529494011
 30
0.0
 10
905.1073622441727
 20
-617.1042368891431
 30
0.0
 10
904.337471047269
 20
-618.6439899146062
 30
0.0
 10
902.7977180218058
 20
-617.8741134018746
 30
0.0
 10
900.8730340820657
 20
-617.4891824875958
 30
0.0
 10
899.3332810566026
 20
-616.3343677184985
 30
0.0
 10
882.0111255989323
 20
-600.1670270299246
 30
0.0
 10
865.0739010555408
 20
-583.6147407428989
 30
0.0
 10
847.7517455978705
 20
-567.447400054325
 30
0.0
 10
846.9818837693128
 20
-566.6775235415944
 30
0.0
 10
845.8270616581303
 20
-565.9076543709498
 30
0.0
 10
844.2873086326672
 20
-564.7528396018533
 30
0.0
 10
844.2873086326672
 20
-566.6775235415944
 30
0.0
 10
843.9023777183884
 20
-567.8323309686039
 30
0.0
 10
843.9023777183884
 20
-569.372083994067
 30
0.0
 10
843.9023777183884
 20
-582.8448715722543
 30
0.0
 10
844.2873086326672
 20
-596.3176591504425
 30
0.0
 10
844.2873086326672
 20
-610.1753849849956
 30
0.0
 10
844.2873086326672
 20
-611.7151306683718
 30
0.0
 10
844.2873086326672
 20
-613.254876351748
 30
0.0
 10
843.9023777183884
 20
-614.7946293772093
 30
0.0
 10
843.1325158898308
 20
-615.9494368042197
 30
0.0
 10
841.5927628643685
 20
-617.104251573317
 30
0.0
 10
840.4379407531851
 20
-617.104251573317
 30
0.0
 10
839.2831186420026
 20
-617.104251573317
 30
0.0
 10
837.7433949848864
 20
-615.9494441463066
 30
0.0
 10
837.3584347022606
 20
-614.7946293772093
 30
0.0
 10
836.588572873703
 20
-613.2548836938331
 30
0.0
 10
836.588572873703
 20
-611.330199754093
 30
0.0
 10
836.588572873703
 20
-609.7904540707168
 30
0.0
 10
836.588572873703
 20
-573.9913283862797
 30
0.0
 10
836.588572873703
 20
-538.1922100439297
 30
0.0
 10
836.588572873703
 20
-502.7780299579445
 30
0.0
 10
836.588572873703
 20
-500.8533460182025
 30
0.0
 10
837.7433949848864
 20
-499.313598958186
 30
0.0
 10
838.1283258991652
 20
-497.3889150184441
 30
0.0
 10
839.6680789246275
 20
-498.1587885484532
 30
0.0
 10
841.5927628643685
 20
-498.9286620784615
 30
0.0
 10
842.7475556072059
 20
-500.0834722587542
 30
0.0
 10
859.6847801505974
 20
-516.2508175361318
 30
0.0
 10
877.0069356082677
 20
-532.4181618957491
 30
0.0
 10
893.9441601516592
 20
-548.585509926409
 30
0.0
 10
895.4839425454666
 20
-548.9704298275583
 30
0.0
 10
896.6387646566509
 20
-549.7403026692464
 30
0.0
 10
898.563448596391
 20
-551.2800483526216
 30
0.0
  0
HATCH
  5
5E
330
41
100
AcDbEntity
  8
katman 1
 62
     7
420
 16777215
100
AcDbHatch
 10
0.0
 20
0.0
 30
0.0
210
0.0
220
0.0
230
1.0
  2
SOLID
 70
     1
 71
     0
 91
        1
 92
        1
 93
        1
 72
     4
 94
        3
 73
     0
 74
     1
 95
      107
 96
      103
 40
0.0
 40
0.0
 40
0.0
 40
0.0
 40
1.0
 40
1.0
 40
1.0
 40
2.0
 40
2.0
 40
2.0
 40
3.0
 40
3.0
 40
3.0
 40
4.0
 40
4.0
 40
4.0
 40
5.0
 40
5.0
 40
5.0
 40
6.0
 40
6.0
 40
6.0
 40
7.0
 40
7.0
 40
7.0
 40
8.0
 40
8.0
 40
8.0
 40
9.0
 40
9.0
 40
9.0
 40
10.0
 40
10.0
 40
10.0
 40
11.0
 40
11.0
 40
11.0
 40
12.0
 40
12.0
 40
12.0
 40
13.0
 40
13.0
 40
13.0
 40
14.0
 40
14.0
 40
14.0
 40
15.0
 40
15.0
 40
15.0
 40
16.0
 40
16.0
 40
16.0
 40
17.0
 40
17.0
 40
17.0
 40
18.0
 40
18.0
 40
18.0
 40
19.0
 40
19.0
 40
19.0
 40
20.0
 40
20.0
 40
20.0
 40
21.0
 40
21.0
 40
21.0
 40
22.0
 40
22.0
 40
22.0
 40
23.0
 40
23.0
 40
23.0
 40
24.0
 40
24.0
 40
24.0
 40
25.0
 40
25.0
 40
25.0
 40
26.0
 40
26.0
 40
26.0
 40
27.0
 40
27.0
 40
27.0
 40
28.0
 40
28.0
 40
28.0
 40
29.0
 40
29.0
 40
29.0
 40
30.0
 40
30.0
 40
30.0
 40
31.0
 40
31.0
 40
31.0
 40
32.0
 40
32.0
 40
32.0
 40
33.0
 40
33.0
 40
33.0
 40
34.0
 40
34.0
 40
34.0
 40
34.0
 10
898.563448596391
 20
-551.2800483526216
 10
898.563448596391
 20
-536.6524496763805
 10
898.563448596391
 20
-523.1796620981922
 10
898.563448596391
 20
-509.706874520004
 10
898.563448596391
 20
-507.782190580263
 10
898.1785176821122
 20
-505.8575066405219
 10
898.563448596391
 20
-504.3177591216245
 10
899.3333104249496
 20
-502.3930751818834
 10
900.8730634504118
 20
-500.4683912421424
 10
902.0278855615943
 20
-498.5437073024013
 10
903.5676385870574
 20
-499.6985174826932
 10
905.4923225267976
 20
-500.8533281218661
 10
907.0320755522607
 20
-502.3930751818834
 10
908.571828577722
 20
-502.0081383021588
 10
910.8814434317428
 20
-500.4683912421424
 10
913.1910582857627
 20
-500.4683912421424
 10
933.2077595117316
 20
-500.4683912421424
 10
953.2244901060476
 20
-500.4683912421424
 10
973.2411913320175
 20
-500.4683912421424
 10
976.320697382942
 20
-500.4683912421424
 10
979.4001740655194
 20
-500.8533281218661
 10
979.7851049797991
 20
-505.0876328810737
 10
980.170035894078
 20
-508.9370007605557
 10
978.245351954336
 20
-510.4767473616921
 10
974.3959840748539
 20
-510.4767473616921
 10
970.161685281093
 20
-510.4767473616921
 10
965.9273864873321
 20
-510.4767473616921
 10
960.9231964966657
 20
-510.4767473616921
 10
960.9231964966657
 20
-512.4014313014331
 10
960.9231964966657
 20
-514.7110516620178
 10
960.9231964966657
 20
-516.6357356017597
 10
960.9231964966657
 20
-547.0457422167738
 10
960.9231964966657
 20
-577.45575066731
 10
960.5382655823869
 20
-607.8657554468027
 10
960.5382655823869
 20
-614.4096837787583
 10
960.5382655823869
 20
-614.4096837787583
 10
953.9943519346052
 20
-614.4096837787583
 10
947.0654780041987
 20
-614.4096837787583
 10
940.1366334421382
 20
-614.4096837787583
 10
933.2077595117316
 20
-614.4096837787583
 10
926.2788855813251
 20
-614.4096837787583
 10
926.2788855813251
 20
-614.4096837787583
 10
926.2788855813251
 20
-607.8657554468027
 10
926.2788855813251
 20
-577.0708124109442
 10
926.2788855813251
 20
-545.8909311187199
 10
926.2788855813251
 20
-515.0959880828623
 10
926.2788855813251
 20
-513.5562405639648
 10
926.2788855813251
 20
-512.0164930450683
 10
925.8939546670463
 20
-510.8616837825357
 10
919.3500410192646
 20
-508.9369998427946
 10
912.421167088858
 20
-513.1713041431212
 10
905.4922931584515
 20
-508.1671260833464
 10
905.4922931584515
 20
-528.1838374046847
 10
905.4922931584515
 20
-547.8156150584618
 10
905.4922931584515
 20
-567.4473927122381
 10
905.4922931584515
 20
-582.8448642301682
 10
905.8772240727303
 20
-598.2423357480966
 10
905.8772240727303
 20
-613.6398072660268
 10
905.8772240727303
 20
-615.1795529494011
 10
905.1073622441727
 20
-617.1042368891431
 10
904.337471047269
 20
-618.6439899146062
 10
902.7977180218058
 20
-617.8741134018746
 10
900.8730340820657
 20
-617.4891824875958
 10
899.3332810566026
 20
-616.3343677184985
 10
882.0111255989323
 20
-600.1670270299246
 10
865.0739010555408
 20
-583.6147407428989
 10
847.7517455978705
 20
-567.447400054325
 10
846.9818837693128
 20
-566.6775235415944
 10
845.8270616581303
 20
-565.9076543709498
 10
844.2873086326672
 20
-564.7528396018533
 10
844.2873086326672
 20
-566.6775235415944
 10
843.9023777183884
 20
-567.8323309686039
 10
843.9023777183884
 20
-569.372083994067
 10
843.9023777183884
 20
-582.8448715722543
 10
844.2873086326672
 20
-596.3176591504425
 10
844.2873086326672
 20
-610.1753849849956
 10
844.2873086326672
 20
-611.7151306683718
 10
844.2873086326672
 20
-613.254876351748
 10
843.9023777183884
 20
-614.7946293772093
 10
843.1325158898308
 20
-615.9494368042197
 10
841.5927628643685
 20
-617.104251573317
 10
840.4379407531851
 20
-617.104251573317
 10
839.2831186420026
 20
-617.104251573317
 10
837.7433949848864
 20
-615.9494441463066
 10
837.3584347022606
 20
-614.7946293772093
 10
836.588572873703
 20
-613.2548836938331
 10
836.588572873703
 20
-611.330199754093
 10
836.588572873703
 20
-609.7904540707168
 10
836.588572873703
 20
-573.9913283862797
 10
836.588572873703
 20
-538.1922100439297
 10
836.588572873703
 20
-502.7780299579445
 10
836.588572873703
 20
-500.8533460182025
 10
837.7433949848864
 20
-499.313598958186
 10
838.1283258991652
 20
-497.3889150184441
 10
839.6680789246275
 20
-498.1587885484532
 10
841.5927628643685
 20
-498.9286620784615
 10
842.7475556072059
 20
-500.0834722587542
 10
859.6847801505974
 20
-516.2508175361318
 10
877.0069356082677
 20
-532.4181618957491
 10
893.9441601516592
 20
-548.585509926409
 10
895.4839425454666
 20
-548.9704298275583
 10
896.6387646566509
 20
-549.7403026692464
 10
898.563448596391
 20
-551.2800483526216
 97
        0
 97
        0
 75
     2
 76
     1
 98
        0
  0
SPLINE
  5
5F
330
41
100
AcDbEntity
  8
katman 1
370
     0
100
AcDbSpline
210
0.0
220
0.0
230
1.0
 70
    11
 71
     3
 72
    53
 73
    49
 74
     0
 42
0.0000000001
 43
0.0000000001
 12
1.0
 22
0.0
 32
0.0
 13
1.0
 23
0.0
 33
0.0
 40
0.0
 40
0.0
 40
0.0
 40
0.0
 40
1.0
 40
1.0
 40
1.0
 40
2.0
 40
2.0
 40
2.0
 40
3.0
 40
3.0
 40
3.0
 40
4.0
 40
4.0
 40
4.0
 40
5.0
 40
5.0
 40
5.0
 40
6.0
 40
6.0
 40
6.0
 40
7.0
 40
7.0
 40
7.0
 40
8.0
 40
8.0
 40
8.0
 40
9.0
 40
9.0
 40
9.0
 40
10.0
 40
10.0
 40
10.0
 40
11.0
 40
11.0
 40
11.0
 40
12.0
 40
12.0
 40
12.0
 40
13.0
 40
13.0
 40
13.0
 40
14.0
 40
14.0
 40
14.0
 40
15.0
 40
15.0
 40
15.0
 40
16.0
 40
16.0
 40
16.0
 40
16.0
 10
1010.580048015658
 20
-1332.316815328468
 30
0.0
 10
1010.580048015658
 20
-1335.396321379394
 30
0.0
 10
1010.580048015658
 20
-1340.400511370059
 30
0.0
 10
1010.580048015658
 20
-1345.019741078098
 30
0.0
 10
1010.580048015658
 20
-1349.254069240207
 30
0.0
 10
1009.425225904473
 20
-1350.793792897322
 30
0.0
 10
1005.190927110712
 20
-1350.793792897322
 30
0.0
 10
997.4921913517483
 20
-1350.408832614696
 30
0.0
 10
989.4085246785044
 20
-1350.793792897322
 30
0.0
 10
981.7097889195393
 20
-1350.793792897322
 30
0.0
 10
978.245351954336
 20
-1350.793792897322
 30
0.0
 10
976.7055989288747
 20
-1349.638970786138
 30
0.0
 10
976.7055989288747
 20
-1345.789602906658
 30
0.0
 10
976.7055989288747
 20
-1310.760331708691
 30
0.0
 10
976.7055989288747
 20
-1275.731119247417
 30
0.0
 10
977.0905298431535
 20
-1241.086808332077
 30
0.0
 10
977.0905298431535
 20
-1239.547084674959
 30
0.0
 10
979.0152137828945
 20
-1236.85248016997
 30
0.0
 10
980.170035894078
 20
-1236.85248016997
 30
0.0
 10
993.6428234722662
 20
-1237.237440452594
 30
0.0
 10
1007.115611050453
 20
-1237.237440452594
 30
0.0
 10
1020.203438346016
 20
-1238.392203827085
 30
0.0
 10
1029.441897762097
 20
-1239.162065655644
 30
0.0
 10
1036.370771692504
 20
-1244.936117474866
 30
0.0
 10
1040.605099854611
 20
-1253.019813516457
 30
0.0
 10
1052.153203493057
 20
-1274.961198682166
 30
0.0
 10
1052.153203493057
 20
-1296.902583847877
 30
0.0
 10
1040.605099854611
 20
-1318.844027750281
 30
0.0
 10
1037.140692257753
 20
-1325.387941398061
 30
0.0
 10
1031.751541984464
 20
-1330.007171106103
 30
0.0
 10
1024.437766508123
 20
-1333.471637439652
 30
0.0
 10
1029.056996216164
 20
-1336.166183207952
 30
0.0
 10
1034.061186206829
 20
-1338.860728976251
 30
0.0
 10
1038.680415914871
 20
-1341.555333481241
 30
0.0
 10
1039.835238026053
 20
-1342.325195309801
 30
0.0
 10
1041.37496168317
 20
-1342.325195309801
 30
0.0
 10
1042.529783794353
 20
-1343.095057138358
 30
0.0
 10
1045.22432956265
 20
-1344.634780795473
 30
0.0
 10
1045.99419139121
 20
-1347.329385300465
 30
0.0
 10
1044.839428016719
 20
-1349.638970786138
 30
0.0
 10
1044.06956618816
 20
-1351.178694443255
 30
0.0
 10
1040.605099854611
 20
-1352.718476837064
 30
0.0
 10
1039.45033648012
 20
-1352.333516554438
 30
0.0
 10
1033.676284660898
 20
-1349.638970786138
 30
0.0
 10
1028.287193124299
 20
-1346.559464735215
 30
0.0
 10
1023.283003133634
 20
-1343.095057138358
 30
0.0
 10
1018.278754406276
 20
-1339.630590804809
 30
0.0
 10
1014.429386526794
 20
-1335.781222925325
 30
0.0
 10
1010.580048015658
 20
-1332.316815328468
 30
0.0
  0
SPLINE
  5
60
330
41
100
AcDbEntity
  8
katman 1
370
     0
100
AcDbSpline
210
0.0
220
0.0
230
1.0
 70
    11
 71
     3
 72
    23
 73
    19
 74
     0
 42
0.0000000001
 43
0.0000000001
 12
1.0
 22
0.0
 32
0.0
 13
1.0
 23
0.0
 33
0.0
 40
0.0
 40
0.0
 40
0.0
 40
0.0
 40
1.0
 40
1.0
 40
1.0
 40
2.0
 40
2.0
 40
2.0
 40
3.0
 40
3.0
 40
3.0
 40
4.0
 40
4.0
 40
4.0
 40
5.0
 40
5.0
 40
5.0
 40
6.0
 40
6.0
 40
6.0
 40
6.0
 10
1010.580048015658
 20
-1246.475899868674
 30
0.0
 10
1010.580048015658
 20
-1249.5554059196
 30
0.0
 10
1010.580048015658
 20
-1251.864991405273
 30
0.0
 10
1010.580048015658
 20
-1254.17463562764
 30
0.0
 10
1010.580048015658
 20
-1273.42147502505
 30
0.0
 10
1009.8101861871
 20
-1292.668314422463
 30
0.0
 10
1010.195117101379
 20
-1311.915153819875
 30
0.0
 10
1010.195117101379
 20
-1321.923533801204
 30
0.0
 10
1016.739030749159
 20
-1326.542763509246
 30
0.0
 10
1025.977548901932
 20
-1320.768711690022
 30
0.0
 10
1029.441956498789
 20
-1318.459067467655
 30
0.0
 10
1033.291324378271
 20
-1314.994659870797
 30
0.0
 10
1035.216008318013
 20
-1311.145291991317
 30
0.0
 10
1044.06956618816
 20
-1293.43817625102
 30
0.0
 10
1044.454467734093
 20
-1275.731119247417
 30
0.0
 10
1034.831048035387
 20
-1258.024003507122
 30
0.0
 10
1029.826858044722
 20
-1249.170445636973
 30
0.0
 10
1021.3582604572
 20
-1246.475899868674
 30
0.0
 10
1010.580048015658
 20
-1246.475899868674
 30
0.0
  0
HATCH
  5
61
330
41
100
AcDbEntity
  8
katman 1
 62
     7
420
 16777215
100
AcDbHatch
 10
0.0
 20
0.0
 30
0.0
210
0.0
220
0.0
230
1.0
  2
SOLID
 70
     1
 71
     0
 91
        2
 92
        1
 93
        1
 72
     4
 94
        3
 73
     0
 74
     1
 95
       53
 96
       49
 40
0.0
 40
0.0
 40
0.0
 40
0.0
 40
1.0
 40
1.0
 40
1.0
 40
2.0
 40
2.0
 40
2.0
 40
3.0
 40
3.0
 40
3.0
 40
4.0
 40
4.0
 40
4.0
 40
5.0
 40
5.0
 40
5.0
 40
6.0
 40
6.0
 40
6.0
 40
7.0
 40
7.0
 40
7.0
 40
8.0
 40
8.0
 40
8.0
 40
9.0
 40
9.0
 40
9.0
 40
10.0
 40
10.0
 40
10.0
 40
11.0
 40
11.0
 40
11.0
 40
12.0
 40
12.0
 40
12.0
 40
13.0
 40
13.0
 40
13.0
 40
14.0
 40
14.0
 40
14.0
 40
15.0
 40
15.0
 40
15.0
 40
16.0
 40
16.0
 40
16.0
 40
16.0
 10
1010.580048015658
 20
-1332.316815328468
 10
1010.580048015658
 20
-1335.396321379394
 10
1010.580048015658
 20
-1340.400511370059
 10
1010.580048015658
 20
-1345.019741078098
 10
1010.580048015658
 20
-1349.254069240207
 10
1009.425225904473
 20
-1350.793792897322
 10
1005.190927110712
 20
-1350.793792897322
 10
997.4921913517483
 20
-1350.408832614696
 10
989.4085246785044
 20
-1350.793792897322
 10
981.7097889195393
 20
-1350.793792897322
 10
978.245351954336
 20
-1350.793792897322
 10
976.7055989288747
 20
-1349.638970786138
 10
976.7055989288747
 20
-1345.789602906658
 10
976.7055989288747
 20
-1310.760331708691
 10
976.7055989288747
 20
-1275.731119247417
 10
977.0905298431535
 20
-1241.086808332077
 10
977.0905298431535
 20
-1239.547084674959
 10
979.0152137828945
 20
-1236.85248016997
 10
980.170035894078
 20
-1236.85248016997
 10
993.6428234722662
 20
-1237.237440452594
 10
1007.115611050453
 20
-1237.237440452594
 10
1020.203438346016
 20
-1238.392203827085
 10
1029.441897762097
 20
-1239.162065655644
 10
1036.370771692504
 20
-1244.936117474866
 10
1040.605099854611
 20
-1253.019813516457
 10
1052.153203493057
 20
-1274.961198682166
 10
1052.153203493057
 20
-1296.902583847877
 10
1040.605099854611
 20
-1318.844027750281
 10
1037.140692257753
 20
-1325.387941398061
 10
1031.751541984464
 20
-1330.007171106103
 10
1024.437766508123
 20
-1333.471637439652
 10
1029.056996216164
 20
-1336.166183207952
 10
1034.061186206829
 20
-1338.860728976251
 10
1038.680415914871
 20
-1341.555333481241
 10
1039.835238026053
 20
-1342.325195309801
 10
1041.37496168317
 20
-1342.325195309801
 10
1042.529783794353
 20
-1343.095057138358
 10
1045.22432956265
 20
-1344.634780795473
 10
1045.99419139121
 20
-1347.329385300465
 10
1044.839428016719
 20
-1349.638970786138
 10
1044.06956618816
 20
-1351.178694443255
 10
1040.605099854611
 20
-1352.718476837064
 10
1039.45033648012
 20
-1352.333516554438
 10
1033.676284660898
 20
-1349.638970786138
 10
1028.287193124299
 20
-1346.559464735215
 10
1023.283003133634
 20
-1343.095057138358
 10
1018.278754406276
 20
-1339.630590804809
 10
1014.429386526794
 20
-1335.781222925325
 10
1010.580048015658
 20
-1332.316815328468
 97
        0
 97
        0
 92
        1
 93
        1
 72
     4
 94
        3
 73
     0
 74
     1
 95
       23
 96
       19
 40
0.0
 40
0.0
 40
0.0
 40
0.0
 40
1.0
 40
1.0
 40
1.0
 40
2.0
 40
2.0
 40
2.0
 40
3.0
 40
3.0
 40
3.0
 40
4.0
 40
4.0
 40
4.0
 40
5.0
 40
5.0
 40
5.0
 40
6.0
 40
6.0
 40
6.0
 40
6.0
 10
1010.580048015658
 20
-1246.475899868674
 10
1010.580048015658
 20
-1249.5554059196
 10
1010.580048015658
 20
-1251.864991405273
 10
1010.580048015658
 20
-1254.17463562764
 10
1010.580048015658
 20
-1273.42147502505
 10
1009.8101861871
 20
-1292.668314422463
 10
1010.195117101379
 20
-1311.915153819875
 10
1010.195117101379
 20
-1321.923533801204
 10
1016.739030749159
 20
-1326.542763509246
 10
1025.977548901932
 20
-1320.768711690022
 10
1029.441956498789
 20
-1318.459067467655
 10
1033.291324378271
 20
-1314.994659870797
 10
1035.216008318013
 20
-1311.145291991317
 10
1044.06956618816
 20
-1293.43817625102
 10
1044.454467734093
 20
-1275.731119247417
 10
1034.831048035387
 20
-1258.024003507122
 10
1029.826858044722
 20
-1249.170445636973
 10
1021.3582604572
 20
-1246.475899868674
 10
1010.580048015658
 20
-1246.475899868674
 97
        0
 97
        0
 75
     2
 76
     1
 98
        0
  0
SPLINE
  5
62
330
41
100
AcDbEntity
  8
katman 1
370
     0
100
AcDbSpline
210
0.0
220
0.0
230
1.0
 70
    11
 71
     3
 72
    35
 73
    31
 74
     0
 42
0.0000000001
 43
0.0000000001
 12
1.0
 22
0.0
 32
0.0
 13
1.0
 23
0.0
 33
0.0
 40
0.0
 40
0.0
 40
0.0
 40
0.0
 40
1.0
 40
1.0
 40
1.0
 40
2.0
 40
2.0
 40
2.0
 40
3.0
 40
3.0
 40
3.0
 40
4.0
 40
4.0
 40
4.0
 40
5.0
 40
5.0
 40
5.0
 40
6.0
 40
6.0
 40
6.0
 40
7.0
 40
7.0
 40
7.0
 40
8.0
 40
8.0
 40
8.0
 40
9.0
 40
9.0
 40
9.0
 40
10.0
 40
10.0
 40
10.0
 40
10.0
 10
1063.316405585572
 20
-595.1628443813461
 30
0.0
 10
1063.316405585572
 20
-600.1670196878385
 30
0.0
 10
1063.316405585572
 20
-604.7862640800522
 30
0.0
 10
1063.316405585572
 20
-609.405508472264
 30
0.0
 10
1063.316405585572
 20
-612.8699380953822
 30
0.0
 10
1062.16158347439
 20
-614.7946220351223
 30
0.0
 10
1058.312215594906
 20
-614.7946220351223
 30
0.0
 10
1050.228519553317
 20
-614.7946220351223
 30
0.0
 10
1042.14488224842
 20
-614.7946220351223
 30
0.0
 10
1033.676284660898
 20
-614.7946220351223
 30
0.0
 10
1030.211877064041
 20
-614.7946220351223
 30
0.0
 10
1029.057054952857
 20
-613.6398146081119
 30
0.0
 10
1029.057054952857
 20
-610.1753776429105
 30
0.0
 10
1029.057054952857
 20
-575.1461284712032
 30
0.0
 10
1029.057054952857
 20
-540.1168792994977
 30
0.0
 10
1029.057054952857
 20
-505.0876374698773
 30
0.0
 10
1029.057054952857
 20
-503.5478899509799
 30
0.0
 10
1031.366699175223
 20
-500.8533327106707
 30
0.0
 10
1032.521462549714
 20
-500.8533327106707
 30
0.0
 10
1045.994250127902
 20
-501.2382695903952
 30
0.0
 10
1059.082077423465
 20
-501.2382695903952
 30
0.0
 10
1072.554865001654
 20
-502.3930797706871
 30
0.0
 10
1080.638561043243
 20
-503.1629535301363
 30
0.0
 10
1086.797514408398
 20
-507.7821942513065
 30
0.0
 10
1091.416744116439
 20
-514.3261189122177
 30
0.0
 10
1104.504571412002
 20
-532.8030854679419
 30
0.0
 10
1104.889531694627
 20
-565.1377705161322
 30
0.0
 10
1091.801704399064
 20
-583.9996789992647
 30
0.0
 10
1084.872830468657
 20
-593.6230986979699
 30
0.0
 10
1075.634371052576
 20
-597.8573974917317
 30
0.0
 10
1063.316405585572
 20
-595.1628443813461
 30
0.0
  0
SPLINE
  5
63
330
41
100
AcDbEntity
  8
katman 1
370
     0
100
AcDbSpline
210
0.0
220
0.0
230
1.0
 70
    11
 71
     3
 72
    20
 73
    16
 74
     0
 42
0.0000000001
 43
0.0000000001
 12
1.0
 22
0.0
 32
0.0
 13
1.0
 23
0.0
 33
0.0
 40
0.0
 40
0.0
 40
0.0
 40
0.0
 40
1.0
 40
1.0
 40
1.0
 40
2.0
 40
2.0
 40
2.0
 40
3.0
 40
3.0
 40
3.0
 40
4.0
 40
4.0
 40
4.0
 40
5.0
 40
5.0
 40
5.0
 40
5.0
 10
1062.931445302947
 20
-510.0918127763698
 30
0.0
 10
1062.931445302947
 20
-534.3428311513171
 30
0.0
 10
1062.931445302947
 20
-558.2089112698986
 30
0.0
 10
1062.931445302947
 20
-582.0749950595236
 30
0.0
 10
1062.931445302947
 20
-585.1544864262742
 30
0.0
 10
1064.471168960063
 20
-585.53942468264
 30
0.0
 10
1066.780813182429
 20
-585.9243629390057
 30
0.0
 10
1076.404232881136
 20
-587.0791703660161
 30
0.0
 10
1083.333106811542
 20
-582.8448715722543
 30
0.0
 10
1087.567376236957
 20
-574.7611975569243
 30
0.0
 10
1096.420934107104
 20
-557.439042099254
 30
0.0
 10
1096.420934107104
 20
-539.731948385218
 30
0.0
 10
1087.567376236957
 20
-522.7947311839134
 30
0.0
 10
1082.563244982983
 20
-513.5562442350083
 30
0.0
 10
1074.094588658769
 20
-510.0918127763698
 30
0.0
 10
1062.931445302947
 20
-510.0918127763698
 30
0.0
  0
HATCH
  5
64
330
41
100
AcDbEntity
  8
katman 1
 62
     7
420
 16777215
100
AcDbHatch
 10
0.0
 20
0.0
 30
0.0
210
0.0
220
0.0
230
1.0
  2
SOLID
 70
     1
 71
     0
 91
        2
 92
        1
 93
        1
 72
     4
 94
        3
 73
     0
 74
     1
 95
       35
 96
       31
 40
0.0
 40
0.0
 40
0.0
 40
0.0
 40
1.0
 40
1.0
 40
1.0
 40
2.0
 40
2.0
 40
2.0
 40
3.0
 40
3.0
 40
3.0
 40
4.0
 40
4.0
 40
4.0
 40
5.0
 40
5.0
 40
5.0
 40
6.0
 40
6.0
 40
6.0
 40
7.0
 40
7.0
 40
7.0
 40
8.0
 40
8.0
 40
8.0
 40
9.0
 40
9.0
 40
9.0
 40
10.0
 40
10.0
 40
10.0
 40
10.0
 10
1063.316405585572
 20
-595.1628443813461
 10
1063.316405585572
 20
-600.1670196878385
 10
1063.316405585572
 20
-604.7862640800522
 10
1063.316405585572
 20
-609.405508472264
 10
1063.316405585572
 20
-612.8699380953822
 10
1062.16158347439
 20
-614.7946220351223
 10
1058.312215594906
 20
-614.7946220351223
 10
1050.228519553317
 20
-614.7946220351223
 10
1042.14488224842
 20
-614.7946220351223
 10
1033.676284660898
 20
-614.7946220351223
 10
1030.211877064041
 20
-614.7946220351223
 10
1029.057054952857
 20
-613.6398146081119
 10
1029.057054952857
 20
-610.1753776429105
 10
1029.057054952857
 20
-575.1461284712032
 10
1029.057054952857
 20
-540.1168792994977
 10
1029.057054952857
 20
-505.0876374698773
 10
1029.057054952857
 20
-503.5478899509799
 10
1031.366699175223
 20
-500.8533327106707
 10
1032.521462549714
 20
-500.8533327106707
 10
1045.994250127902
 20
-501.2382695903952
 10
1059.082077423465
 20
-501.2382695903952
 10
1072.554865001654
 20
-502.3930797706871
 10
1080.638561043243
 20
-503.1629535301363
 10
1086.797514408398
 20
-507.7821942513065
 10
1091.416744116439
 20
-514.3261189122177
 10
1104.504571412002
 20
-532.8030854679419
 10
1104.889531694627
 20
-565.1377705161322
 10
1091.801704399064
 20
-583.9996789992647
 10
1084.872830468657
 20
-593.6230986979699
 10
1075.634371052576
 20
-597.8573974917317
 10
1063.316405585572
 20
-595.1628443813461
 97
        0
 97
        0
 92
        1
 93
        1
 72
     4
 94
        3
 73
     0
 74
     1
 95
       20
 96
       16
 40
0.0
 40
0.0
 40
0.0
 40
0.0
 40
1.0
 40
1.0
 40
1.0
 40
2.0
 40
2.0
 40
2.0
 40
3.0
 40
3.0
 40
3.0
 40
4.0
 40
4.0
 40
4.0
 40
5.0
 40
5.0
 40
5.0
 40
5.0
 10
1062.931445302947
 20
-510.0918127763698
 10
1062.931445302947
 20
-534.3428311513171
 10
1062.931445302947
 20
-558.2089112698986
 10
1062.931445302947
 20
-582.0749950595236
 10
1062.931445302947
 20
-585.1544864262742
 10
1064.471168960063
 20
-585.53942468264
 10
1066.780813182429
 20
-585.9243629390057
 10
1076.404232881136
 20
-587.0791703660161
 10
1083.333106811542
 20
-582.8448715722543
 10
1087.567376236957
 20
-574.7611975569243
 10
1096.420934107104
 20
-557.439042099254
 10
1096.420934107104
 20
-539.731948385218
 10
1087.567376236957
 20
-522.7947311839134
 10
1082.563244982983
 20
-513.5562442350083
 10
1074.094588658769
 20
-510.0918127763698
 10
1062.931445302947
 20
-510.0918127763698
 97
        0
 97
        0
 75
     2
 76
     1
 98
        0
  0
SPLINE
  5
65
330
41
100
AcDbEntity
  8
katman 1
370
     0
100
AcDbSpline
210
0.0
220
0.0
230
1.0
 70
    11
 71
     3
 72
    71
 73
    67
 74
     0
 42
0.0000000001
 43
0.0000000001
 12
1.0
 22
0.0
 32
0.0
 13
1.0
 23
0.0
 33
0.0
 40
0.0
 40
0.0
 40
0.0
 40
0.0
 40
1.0
 40
1.0
 40
1.0
 40
2.0
 40
2.0
 40
2.0
 40
3.0
 40
3.0
 40
3.0
 40
4.0
 40
4.0
 40
4.0
 40
5.0
 40
5.0
 40
5.0
 40
6.0
 40
6.0
 40
6.0
 40
7.0
 40
7.0
 40
7.0
 40
8.0
 40
8.0
 40
8.0
 40
9.0
 40
9.0
 40
9.0
 40
10.0
 40
10.0
 40
10.0
 40
11.0
 40
11.0
 40
11.0
 40
12.0
 40
12.0
 40
12.0
 40
13.0
 40
13.0
 40
13.0
 40
14.0
 40
14.0
 40
14.0
 40
15.0
 40
15.0
 40
15.0
 40
16.0
 40
16.0
 40
16.0
 40
17.0
 40
17.0
 40
17.0
 40
18.0
 40
18.0
 40
18.0
 40
19.0
 40
19.0
 40
19.0
 40
20.0
 40
20.0
 40
20.0
 40
21.0
 40
21.0
 40
21.0
 40
22.0
 40
22.0
 40
22.0
 40
22.0
 10
1085.642692297215
 20
-1343.479958684289
 30
0.0
 10
1093.726388338806
 20
-1344.249820512849
 30
0.0
 10
1099.500440158028
 20
-1340.400452633367
 30
0.0
 10
1104.504571412002
 20
-1335.3962626427
 30
0.0
 10
1110.663583513851
 20
-1328.852348994918
 30
0.0
 10
1113.743030828082
 20
-1320.768652953329
 30
0.0
 10
1116.052675050449
 20
-1311.915095083183
 30
0.0
 10
1116.822536879006
 20
-1308.065727203699
 30
0.0
 10
1117.592398707564
 20
-1304.216359324217
 30
0.0
 10
1118.362319272816
 20
-1299.597129616177
 30
0.0
 10
1112.973227736216
 20
-1299.597129616177
 30
0.0
 10
1107.969037745552
 20
-1299.597129616177
 30
0.0
 10
1102.964847754885
 20
-1299.597129616177
 30
0.0
 10
1099.115479875403
 20
-1299.597129616177
 30
0.0
 10
1095.651072278546
 20
-1299.597129616177
 30
0.0
 10
1091.801704399064
 20
-1299.21216933355
 30
0.0
 10
1088.72219834814
 20
-1298.827209050927
 30
0.0
 10
1087.567376236957
 20
-1297.28748539381
 30
0.0
 10
1087.567376236957
 20
-1294.207979342886
 30
0.0
 10
1087.567376236957
 20
-1291.128473291961
 30
0.0
 10
1089.107099894072
 20
-1289.588749634846
 30
0.0
 10
1092.186605944997
 20
-1289.588749634846
 30
0.0
 10
1101.810025643703
 20
-1289.588749634846
 30
0.0
 10
1111.433445342409
 20
-1289.588749634846
 30
0.0
 10
1121.44182532374
 20
-1289.973709917471
 30
0.0
 10
1122.596647434922
 20
-1289.973709917471
 30
0.0
 10
1124.906232920595
 20
-1292.283354139836
 30
0.0
 10
1124.906232920595
 20
-1293.438117514328
 30
0.0
 10
1124.906232920595
 20
-1309.990411143441
 30
0.0
 10
1121.44182532374
 20
-1325.772784207302
 30
0.0
 10
1111.433445342409
 20
-1339.630532068117
 30
0.0
 10
1111.433445342409
 20
-1339.630532068117
 30
0.0
 10
1111.433445342409
 20
-1340.01549235074
 30
0.0
 10
1111.048485059782
 20
-1340.01549235074
 30
0.0
 10
1097.190737198969
 20
-1357.722608091037
 30
0.0
 10
1077.174035973001
 20
-1357.722608091037
 30
0.0
 10
1063.31634684888
 20
-1339.630532068117
 30
0.0
 10
1055.232650807289
 20
-1328.852290258226
 30
0.0
 10
1051.383282927807
 20
-1316.534324791221
 30
0.0
 10
1050.228519553317
 20
-1303.446497495659
 30
0.0
 10
1048.303835613577
 20
-1285.739381755364
 30
0.0
 10
1050.228519553317
 20
-1268.417226297694
 30
0.0
 10
1059.466978969398
 20
-1252.634853233831
 30
0.0
 10
1062.931386566255
 20
-1246.860801414608
 30
0.0
 10
1067.550675010987
 20
-1241.471709878009
 30
0.0
 10
1072.55480626496
 20
-1237.622341998527
 30
0.0
 10
1081.793265681041
 20
-1230.308566522188
 30
0.0
 10
1092.571507490929
 20
-1230.693468068121
 30
0.0
 10
1102.194927189636
 20
-1237.237381715902
 30
0.0
 10
1109.8936629486
 20
-1242.241571706567
 30
0.0
 10
1114.897852939266
 20
-1249.555347182908
 30
0.0
 10
1118.362260536123
 20
-1258.02394477043
 30
0.0
 10
1119.517082647306
 20
-1260.718490538729
 30
0.0
 10
1119.517082647306
 20
-1264.182956872279
 30
0.0
 10
1116.437576596381
 20
-1264.952818700836
 30
0.0
 10
1115.282754485197
 20
-1265.337778983461
 30
0.0
 10
1112.588208716899
 20
-1263.028134761094
 30
0.0
 10
1111.048485059782
 20
-1261.488411103979
 30
0.0
 10
1107.96897900886
 20
-1257.254082941872
 30
0.0
 10
1105.659393523185
 20
-1252.634853233831
 30
0.0
 10
1102.194927189636
 20
-1248.785485354349
 30
0.0
 10
1097.960599027527
 20
-1244.166255646309
 30
0.0
 10
1092.571507490929
 20
-1241.856611423942
 30
0.0
 10
1085.642633560523
 20
-1242.626473252501
 30
0.0
 10
1085.642692297215
 20
-1276.11602079335
 30
0.0
 10
1085.642692297215
 20
-1309.605509597508
 30
0.0
 10
1085.642692297215
 20
-1343.479958684289
 30
0.0
  0
HATCH
  5
66
330
41
100
AcDbEntity
  8
katman 1
 62
     7
420
 16777215
100
AcDbHatch
 10
0.0
 20
0.0
 30
0.0
210
0.0
220
0.0
230
1.0
  2
SOLID
 70
     1
 71
     0
 91
        1
 92
        1
 93
        1
 72
     4
 94
        3
 73
     0
 74
     1
 95
       71
 96
       67
 40
0.0
 40
0.0
 40
0.0
 40
0.0
 40
1.0
 40
1.0
 40
1.0
 40
2.0
 40
2.0
 40
2.0
 40
3.0
 40
3.0
 40
3.0
 40
4.0
 40
4.0
 40
4.0
 40
5.0
 40
5.0
 40
5.0
 40
6.0
 40
6.0
 40
6.0
 40
7.0
 40
7.0
 40
7.0
 40
8.0
 40
8.0
 40
8.0
 40
9.0
 40
9.0
 40
9.0
 40
10.0
 40
10.0
 40
10.0
 40
11.0
 40
11.0
 40
11.0
 40
12.0
 40
12.0
 40
12.0
 40
13.0
 40
13.0
 40
13.0
 40
14.0
 40
14.0
 40
14.0
 40
15.0
 40
15.0
 40
15.0
 40
16.0
 40
16.0
 40
16.0
 40
17.0
 40
17.0
 40
17.0
 40
18.0
 40
18.0
 40
18.0
 40
19.0
 40
19.0
 40
19.0
 40
20.0
 40
20.0
 40
20.0
 40
21.0
 40
21.0
 40
21.0
 40
22.0
 40
22.0
 40
22.0
 40
22.0
 10
1085.642692297215
 20
-1343.479958684289
 10
1093.726388338806
 20
-1344.249820512849
 10
1099.500440158028
 20
-1340.400452633367
 10
1104.504571412002
 20
-1335.3962626427
 10
1110.663583513851
 20
-1328.852348994918
 10
1113.743030828082
 20
-1320.768652953329
 10
1116.052675050449
 20
-1311.915095083183
 10
1116.822536879006
 20
-1308.065727203699
 10
1117.592398707564
 20
-1304.216359324217
 10
1118.362319272816
 20
-1299.597129616177
 10
1112.973227736216
 20
-1299.597129616177
 10
1107.969037745552
 20
-1299.597129616177
 10
1102.964847754885
 20
-1299.597129616177
 10
1099.115479875403
 20
-1299.597129616177
 10
1095.651072278546
 20
-1299.597129616177
 10
1091.801704399064
 20
-1299.21216933355
 10
1088.72219834814
 20
-1298.827209050927
 10
1087.567376236957
 20
-1297.28748539381
 10
1087.567376236957
 20
-1294.207979342886
 10
1087.567376236957
 20
-1291.128473291961
 10
1089.107099894072
 20
-1289.588749634846
 10
1092.186605944997
 20
-1289.588749634846
 10
1101.810025643703
 20
-1289.588749634846
 10
1111.433445342409
 20
-1289.588749634846
 10
1121.44182532374
 20
-1289.973709917471
 10
1122.596647434922
 20
-1289.973709917471
 10
1124.906232920595
 20
-1292.283354139836
 10
1124.906232920595
 20
-1293.438117514328
 10
1124.906232920595
 20
-1309.990411143441
 10
1121.44182532374
 20
-1325.772784207302
 10
1111.433445342409
 20
-1339.630532068117
 10
1111.433445342409
 20
-1339.630532068117
 10
1111.433445342409
 20
-1340.01549235074
 10
1111.048485059782
 20
-1340.01549235074
 10
1097.190737198969
 20
-1357.722608091037
 10
1077.174035973001
 20
-1357.722608091037
 10
1063.31634684888
 20
-1339.630532068117
 10
1055.232650807289
 20
-1328.852290258226
 10
1051.383282927807
 20
-1316.534324791221
 10
1050.228519553317
 20
-1303.446497495659
 10
1048.303835613577
 20
-1285.739381755364
 10
1050.228519553317
 20
-1268.417226297694
 10
1059.466978969398
 20
-1252.634853233831
 10
1062.931386566255
 20
-1246.860801414608
 10
1067.550675010987
 20
-1241.471709878009
 10
1072.55480626496
 20
-1237.622341998527
 10
1081.793265681041
 20
-1230.308566522188
 10
1092.571507490929
 20
-1230.693468068121
 10
1102.194927189636
 20
-1237.237381715902
 10
1109.8936629486
 20
-1242.241571706567
 10
1114.897852939266
 20
-1249.555347182908
 10
1118.362260536123
 20
-1258.02394477043
 10
1119.517082647306
 20
-1260.718490538729
 10
1119.517082647306
 20
-1264.182956872279
 10
1116.437576596381
 20
-1264.952818700836
 10
1115.282754485197
 20
-1265.337778983461
 10
1112.588208716899
 20
-1263.028134761094
 10
1111.048485059782
 20
-1261.488411103979
 10
1107.96897900886
 20
-1257.254082941872
 10
1105.659393523185
 20
-1252.634853233831
 10
1102.194927189636
 20
-1248.785485354349
 10
1097.960599027527
 20
-1244.166255646309
 10
1092.571507490929
 20
-1241.856611423942
 10
1085.642633560523
 20
-1242.626473252501
 10
1085.642692297215
 20
-1276.11602079335
 10
1085.642692297215
 20
-1309.605509597508
 10
1085.642692297215
 20
-1343.479958684289
 97
        0
 97
        0
 75
     2
 76
     1
 98
        0
  0
SPLINE
  5
67
330
41
100
AcDbEntity
  8
katman 1
370
     0
100
AcDbSpline
210
0.0
220
0.0
230
1.0
 70
    11
 71
     3
 72
    29
 73
    25
 74
     0
 42
0.0000000001
 43
0.0000000001
 12
1.0
 22
0.0
 32
0.0
 13
1.0
 23
0.0
 33
0.0
 40
0.0
 40
0.0
 40
0.0
 40
0.0
 40
1.0
 40
1.0
 40
1.0
 40
2.0
 40
2.0
 40
2.0
 40
3.0
 40
3.0
 40
3.0
 40
4.0
 40
4.0
 40
4.0
 40
5.0
 40
5.0
 40
5.0
 40
6.0
 40
6.0
 40
6.0
 40
7.0
 40
7.0
 40
7.0
 40
8.0
 40
8.0
 40
8.0
 40
8.0
 10
974.0110531605751
 20
-1290.358670200096
 30
0.0
 10
974.0110531605751
 20
-1308.450687486325
 30
0.0
 10
970.9315471096506
 20
-1323.078297175696
 30
0.0
 10
962.8478804364076
 20
-1336.16612447126
 30
0.0
 10
948.220270747036
 20
-1359.262331748152
 30
0.0
 10
924.7391325558638
 20
-1359.262331748152
 30
0.0
 10
909.7265919522124
 20
-1336.551084753883
 30
0.0
 10
898.9483501423238
 20
-1319.99879112477
 30
0.0
 10
897.0236662025836
 20
-1301.521813555919
 30
0.0
 10
898.9483501423238
 20
-1282.274974158507
 30
0.0
 10
899.7182119708823
 20
-1272.266594177176
 30
0.0
 10
902.412787107527
 20
-1262.64317447847
 30
0.0
 10
907.4169477298465
 20
-1253.789675345015
 30
0.0
 10
910.1114934981451
 20
-1249.170445636973
 30
0.0
 10
913.1909995490696
 20
-1244.551215928934
 30
0.0
 10
917.0403674285526
 20
-1241.086749595384
 30
0.0
 10
928.5884710669998
 20
-1229.923606239561
 30
0.0
 10
943.2160807563705
 20
-1229.923606239561
 30
0.0
 10
955.1491153090965
 20
-1240.70178931276
 30
0.0
 10
965.5423968363602
 20
-1249.940248728839
 30
0.0
 10
969.7767249984681
 20
-1262.64317447847
 30
0.0
 10
972.4712707667668
 20
-1275.731060510725
 30
0.0
 10
973.2411619636714
 20
-1281.120210784014
 30
0.0
 10
973.6261222462963
 20
-1287.279164149171
 30
0.0
 10
974.0110531605751
 20
-1290.358670200096
 30
0.0
  0
SPLINE
  5
68
330
41
100
AcDbEntity
  8
katman 1
370
     0
100
AcDbSpline
210
0.0
220
0.0
230
1.0
 70
    11
 71
     3
 72
    23
 73
    19
 74
     0
 42
0.0000000001
 43
0.0000000001
 12
1.0
 22
0.0
 32
0.0
 13
1.0
 23
0.0
 33
0.0
 40
0.0
 40
0.0
 40
0.0
 40
0.0
 40
1.0
 40
1.0
 40
1.0
 40
2.0
 40
2.0
 40
2.0
 40
3.0
 40
3.0
 40
3.0
 40
4.0
 40
4.0
 40
4.0
 40
5.0
 40
5.0
 40
5.0
 40
6.0
 40
6.0
 40
6.0
 40
6.0
 10
934.362552254569
 20
-1242.626531989194
 30
0.0
 10
934.362552254569
 20
-1276.500981075977
 30
0.0
 10
934.362552254569
 20
-1309.990469880133
 30
0.0
 10
934.362552254569
 20
-1345.404642624031
 30
0.0
 10
939.7516731595133
 20
-1343.094998401666
 30
0.0
 10
944.7558337818327
 20
-1341.940235027174
 30
0.0
 10
948.6052016613148
 20
-1339.245630522182
 30
0.0
 10
955.1491153090965
 20
-1335.011302360075
 30
0.0
 10
958.9984831885786
 20
-1328.467388712294
 30
0.0
 10
961.6930583252242
 20
-1321.153613235954
 30
0.0
 10
967.4671101444474
 20
-1306.910963829208
 30
0.0
 10
968.236971973005
 20
-1292.283354139836
 30
0.0
 10
965.5424262047063
 20
-1277.270842904534
 30
0.0
 10
963.6177422649653
 20
-1266.87756137727
 30
0.0
 10
959.7683743854832
 20
-1256.869181395938
 30
0.0
 10
951.6847077122393
 20
-1249.170445636973
 30
0.0
 10
947.0654780041987
 20
-1244.936117474866
 30
0.0
 10
941.6763570992553
 20
-1241.856670160636
 30
0.0
 10
934.362552254569
 20
-1242.626531989194
 30
0.0
  0
HATCH
  5
69
330
41
100
AcDbEntity
  8
katman 1
 62
     7
420
 16777215
100
AcDbHatch
 10
0.0
 20
0.0
 30
0.0
210
0.0
220
0.0
230
1.0
  2
SOLID
 70
     1
 71
     0
 91
        2
 92
        1
 93
        1
 72
     4
 94
        3
 73
     0
 74
     1
 95
       29
 96
       25
 40
0.0
 40
0.0
 40
0.0
 40
0.0
 40
1.0
 40
1.0
 40
1.0
 40
2.0
 40
2.0
 40
2.0
 40
3.0
 40
3.0
 40
3.0
 40
4.0
 40
4.0
 40
4.0
 40
5.0
 40
5.0
 40
5.0
 40
6.0
 40
6.0
 40
6.0
 40
7.0
 40
7.0
 40
7.0
 40
8.0
 40
8.0
 40
8.0
 40
8.0
 10
974.0110531605751
 20
-1290.358670200096
 10
974.0110531605751
 20
-1308.450687486325
 10
970.9315471096506
 20
-1323.078297175696
 10
962.8478804364076
 20
-1336.16612447126
 10
948.220270747036
 20
-1359.262331748152
 10
924.7391325558638
 20
-1359.262331748152
 10
909.7265919522124
 20
-1336.551084753883
 10
898.9483501423238
 20
-1319.99879112477
 10
897.0236662025836
 20
-1301.521813555919
 10
898.9483501423238
 20
-1282.274974158507
 10
899.7182119708823
 20
-1272.266594177176
 10
902.412787107527
 20
-1262.64317447847
 10
907.4169477298465
 20
-1253.789675345015
 10
910.1114934981451
 20
-1249.170445636973
 10
913.1909995490696
 20
-1244.551215928934
 10
917.0403674285526
 20
-1241.086749595384
 10
928.5884710669998
 20
-1229.923606239561
 10
943.2160807563705
 20
-1229.923606239561
 10
955.1491153090965
 20
-1240.70178931276
 10
965.5423968363602
 20
-1249.940248728839
 10
969.7767249984681
 20
-1262.64317447847
 10
972.4712707667668
 20
-1275.731060510725
 10
973.2411619636714
 20
-1281.120210784014
 10
973.6261222462963
 20
-1287.279164149171
 10
974.0110531605751
 20
-1290.358670200096
 97
        0
 97
        0
 92
        1
 93
        1
 72
     4
 94
        3
 73
     0
 74
     1
 95
       23
 96
       19
 40
0.0
 40
0.0
 40
0.0
 40
0.0
 40
1.0
 40
1.0
 40
1.0
 40
2.0
 40
2.0
 40
2.0
 40
3.0
 40
3.0
 40
3.0
 40
4.0
 40
4.0
 40
4.0
 40
5.0
 40
5.0
 40
5.0
 40
6.0
 40
6.0
 40
6.0
 40
6.0
 10
934.362552254569
 20
-1242.626531989194
 10
934.362552254569
 20
-1276.500981075977
 10
934.362552254569
 20
-1309.990469880133
 10
934.362552254569
 20
-1345.404642624031
 10
939.7516731595133
 20
-1343.094998401666
 10
944.7558337818327
 20
-1341.940235027174
 10
948.6052016613148
 20
-1339.245630522182
 10
955.1491153090965
 20
-1335.011302360075
 10
958.9984831885786
 20
-1328.467388712294
 10
961.6930583252242
 20
-1321.153613235954
 10
967.4671101444474
 20
-1306.910963829208
 10
968.236971973005
 20
-1292.283354139836
 10
965.5424262047063
 20
-1277.270842904534
 10
963.6177422649653
 20
-1266.87756137727
 10
959.7683743854832
 20
-1256.869181395938
 10
951.6847077122393
 20
-1249.170445636973
 10
947.0654780041987
 20
-1244.936117474866
 10
941.6763570992553
 20
-1241.856670160636
 10
934.362552254569
 20
-1242.626531989194
 97
        0
 97
        0
 75
     2
 76
     1
 98
        0
  0
SPLINE
  5
6A
330
41
100
AcDbEntity
  8
katman 1
370
     0
100
AcDbSpline
210
0.0
220
0.0
230
1.0
 70
    11
 71
     3
 72
    71
 73
    67
 74
     0
 42
0.0000000001
 43
0.0000000001
 12
1.0
 22
0.0
 32
0.0
 13
1.0
 23
0.0
 33
0.0
 40
0.0
 40
0.0
 40
0.0
 40
0.0
 40
1.0
 40
1.0
 40
1.0
 40
2.0
 40
2.0
 40
2.0
 40
3.0
 40
3.0
 40
3.0
 40
4.0
 40
4.0
 40
4.0
 40
5.0
 40
5.0
 40
5.0
 40
6.0
 40
6.0
 40
6.0
 40
7.0
 40
7.0
 40
7.0
 40
8.0
 40
8.0
 40
8.0
 40
9.0
 40
9.0
 40
9.0
 40
10.0
 40
10.0
 40
10.0
 40
11.0
 40
11.0
 40
11.0
 40
12.0
 40
12.0
 40
12.0
 40
13.0
 40
13.0
 40
13.0
 40
14.0
 40
14.0
 40
14.0
 40
15.0
 40
15.0
 40
15.0
 40
16.0
 40
16.0
 40
16.0
 40
17.0
 40
17.0
 40
17.0
 40
18.0
 40
18.0
 40
18.0
 40
19.0
 40
19.0
 40
19.0
 40
20.0
 40
20.0
 40
20.0
 40
21.0
 40
21.0
 40
21.0
 40
22.0
 40
22.0
 40
22.0
 40
22.0
 10
818.8815158701
 20
-1353.488338665622
 30
0.0
 10
808.1032740602113
 20
-1353.488338665622
 30
0.0
 10
796.1702395074853
 20
-1345.404642624031
 30
0.0
 10
792.7058025422821
 20
-1335.396321379394
 30
0.0
 10
792.3208716280033
 20
-1334.24149926821
 30
0.0
 10
791.9359407137235
 20
-1332.701775611094
 30
0.0
 10
792.3208716280033
 20
-1331.54695349991
 30
0.0
 10
792.7058025422821
 20
-1330.007229842795
 30
0.0
 10
793.8606246534655
 20
-1328.467447448988
 30
0.0
 10
795.0154173963019
 20
-1327.697585620428
 30
0.0
 10
795.7852792248596
 20
-1327.312625337803
 30
0.0
 10
797.7099631646015
 20
-1328.467447448988
 30
0.0
 10
798.864785275784
 20
-1329.622269560168
 30
0.0
 10
800.789469215526
 20
-1331.931913782537
 30
0.0
 10
801.9442913267085
 20
-1334.626459550835
 30
0.0
 10
804.2539061807292
 20
-1336.551143490575
 30
0.0
 10
807.7183431459325
 20
-1339.245689258874
 30
0.0
 10
811.1827801111358
 20
-1341.940235027174
 30
0.0
 10
815.4170789048967
 20
-1343.480017420983
 30
0.0
 10
820.4212688955622
 20
-1345.019741078098
 30
0.0
 10
822.3459528353033
 20
-1342.710155592424
 30
0.0
 10
821.1911307241207
 20
-1337.705965601759
 30
0.0
 10
820.4212688955622
 20
-1335.01141983346
 30
0.0
 10
819.2664467843788
 20
-1332.31687406516
 30
0.0
 10
818.1116246731963
 20
-1330.007229842795
 30
0.0
 10
811.9526419396934
 20
-1318.459126204347
 30
0.0
 10
805.7936592061906
 20
-1307.295982848525
 30
0.0
 10
800.0196073869674
 20
-1295.747879210079
 30
0.0
 10
793.4756937391867
 20
-1282.660051914518
 30
0.0
 10
790.3961876882622
 20
-1268.802304053705
 30
0.0
 10
795.0154173963019
 20
-1254.174694364332
 30
0.0
 10
800.0196073869674
 20
-1238.392262563779
 30
0.0
 10
815.0321186222718
 20
-1229.153803147696
 30
0.0
 10
829.6597283116425
 20
-1233.388131309805
 30
0.0
 10
835.4337801308666
 20
-1235.312815249545
 30
0.0
 10
840.4379701215312
 20
-1238.777222846402
 30
0.0
 10
843.9023777183884
 20
-1243.781412837068
 30
0.0
 10
844.6722395469469
 20
-1245.321136494185
 30
0.0
 10
845.8270616581303
 20
-1247.245820433925
 30
0.0
 10
845.8270616581303
 20
-1248.785602827735
 30
0.0
 10
845.8270616581303
 20
-1250.32532648485
 30
0.0
 10
844.6722395469469
 20
-1252.250010424592
 30
0.0
 10
843.9023777183884
 20
-1253.019930989842
 30
0.0
 10
842.7475556072059
 20
-1253.404891272467
 30
0.0
 10
840.8228716674639
 20
-1252.250069161284
 30
0.0
 10
839.6680789246275
 20
-1251.480207332726
 30
0.0
 10
836.2036419594242
 20
-1248.785661564427
 30
0.0
 10
832.7392049942209
 20
-1245.321195230877
 30
0.0
 10
828.8898371147388
 20
-1243.011609745203
 30
0.0
 10
827.3500840892766
 20
-1241.85678763402
 30
0.0
 10
823.8856471240733
 20
-1242.241747916645
 30
0.0
 10
822.730854381236
 20
-1243.011609745203
 30
0.0
 10
821.5760322700535
 20
-1244.166431856385
 30
0.0
 10
821.1911013557747
 20
-1247.245937907312
 30
0.0
 10
821.9609925526784
 20
-1249.170621847052
 30
0.0
 10
823.5007455781406
 20
-1253.789851555091
 30
0.0
 10
825.8103604321605
 20
-1258.409081263133
 30
0.0
 10
827.7350443719015
 20
-1262.64340942524
 30
0.0
 10
833.5090961911246
 20
-1273.806552781061
 30
0.0
 10
840.0530098389063
 20
-1284.58479459095
 30
0.0
 10
845.4421307438515
 20
-1296.132898229396
 30
0.0
 10
850.8312516487949
 20
-1307.681001867844
 30
0.0
 10
852.7559355885369
 20
-1319.614065788915
 30
0.0
 10
848.521636794776
 20
-1331.932031255921
 30
0.0
 10
843.1325452581768
 20
-1345.404642624031
 30
0.0
 10
831.9693725340094
 20
-1353.488338665622
 30
0.0
 10
818.8815158701
 20
-1353.488338665622
 30
0.0
  0
HATCH
  5
6B
330
41
100
AcDbEntity
  8
katman 1
 62
     7
420
 16777215
100
AcDbHatch
 10
0.0
 20
0.0
 30
0.0
210
0.0
220
0.0
230
1.0
  2
SOLID
 70
     1
 71
     0
 91
        1
 92
        1
 93
        1
 72
     4
 94
        3
 73
     0
 74
     1
 95
       71
 96
       67
 40
0.0
 40
0.0
 40
0.0
 40
0.0
 40
1.0
 40
1.0
 40
1.0
 40
2.0
 40
2.0
 40
2.0
 40
3.0
 40
3.0
 40
3.0
 40
4.0
 40
4.0
 40
4.0
 40
5.0
 40
5.0
 40
5.0
 40
6.0
 40
6.0
 40
6.0
 40
7.0
 40
7.0
 40
7.0
 40
8.0
 40
8.0
 40
8.0
 40
9.0
 40
9.0
 40
9.0
 40
10.0
 40
10.0
 40
10.0
 40
11.0
 40
11.0
 40
11.0
 40
12.0
 40
12.0
 40
12.0
 40
13.0
 40
13.0
 40
13.0
 40
14.0
 40
14.0
 40
14.0
 40
15.0
 40
15.0
 40
15.0
 40
16.0
 40
16.0
 40
16.0
 40
17.0
 40
17.0
 40
17.0
 40
18.0
 40
18.0
 40
18.0
 40
19.0
 40
19.0
 40
19.0
 40
20.0
 40
20.0
 40
20.0
 40
21.0
 40
21.0
 40
21.0
 40
22.0
 40
22.0
 40
22.0
 40
22.0
 10
818.8815158701
 20
-1353.488338665622
 10
808.1032740602113
 20
-1353.488338665622
 10
796.1702395074853
 20
-1345.404642624031
 10
792.7058025422821
 20
-1335.396321379394
 10
792.3208716280033
 20
-1334.24149926821
 10
791.9359407137235
 20
-1332.701775611094
 10
792.3208716280033
 20
-1331.54695349991
 10
792.7058025422821
 20
-1330.007229842795
 10
793.8606246534655
 20
-1328.467447448988
 10
795.0154173963019
 20
-1327.697585620428
 10
795.7852792248596
 20
-1327.312625337803
 10
797.7099631646015
 20
-1328.467447448988
 10
798.864785275784
 20
-1329.622269560168
 10
800.789469215526
 20
-1331.931913782537
 10
801.9442913267085
 20
-1334.626459550835
 10
804.2539061807292
 20
-1336.551143490575
 10
807.7183431459325
 20
-1339.245689258874
 10
811.1827801111358
 20
-1341.940235027174
 10
815.4170789048967
 20
-1343.480017420983
 10
820.4212688955622
 20
-1345.019741078098
 10
822.3459528353033
 20
-1342.710155592424
 10
821.1911307241207
 20
-1337.705965601759
 10
820.4212688955622
 20
-1335.01141983346
 10
819.2664467843788
 20
-1332.31687406516
 10
818.1116246731963
 20
-1330.007229842795
 10
811.9526419396934
 20
-1318.459126204347
 10
805.7936592061906
 20
-1307.295982848525
 10
800.0196073869674
 20
-1295.747879210079
 10
793.4756937391867
 20
-1282.660051914518
 10
790.3961876882622
 20
-1268.802304053705
 10
795.0154173963019
 20
-1254.174694364332
 10
800.0196073869674
 20
-1238.392262563779
 10
815.0321186222718
 20
-1229.153803147696
 10
829.6597283116425
 20
-1233.388131309805
 10
835.4337801308666
 20
-1235.312815249545
 10
840.4379701215312
 20
-1238.777222846402
 10
843.9023777183884
 20
-1243.781412837068
 10
844.6722395469469
 20
-1245.321136494185
 10
845.8270616581303
 20
-1247.245820433925
 10
845.8270616581303
 20
-1248.785602827735
 10
845.8270616581303
 20
-1250.32532648485
 10
844.6722395469469
 20
-1252.250010424592
 10
843.9023777183884
 20
-1253.019930989842
 10
842.7475556072059
 20
-1253.404891272467
 10
840.8228716674639
 20
-1252.250069161284
 10
839.6680789246275
 20
-1251.480207332726
 10
836.2036419594242
 20
-1248.785661564427
 10
832.7392049942209
 20
-1245.321195230877
 10
828.8898371147388
 20
-1243.011609745203
 10
827.3500840892766
 20
-1241.85678763402
 10
823.8856471240733
 20
-1242.241747916645
 10
822.730854381236
 20
-1243.011609745203
 10
821.5760322700535
 20
-1244.166431856385
 10
821.1911013557747
 20
-1247.245937907312
 10
821.9609925526784
 20
-1249.170621847052
 10
823.5007455781406
 20
-1253.789851555091
 10
825.8103604321605
 20
-1258.409081263133
 10
827.7350443719015
 20
-1262.64340942524
 10
833.5090961911246
 20
-1273.806552781061
 10
840.0530098389063
 20
-1284.58479459095
 10
845.4421307438515
 20
-1296.132898229396
 10
850.8312516487949
 20
-1307.681001867844
 10
852.7559355885369
 20
-1319.614065788915
 10
848.521636794776
 20
-1331.932031255921
 10
843.1325452581768
 20
-1345.404642624031
 10
831.9693725340094
 20
-1353.488338665622
 10
818.8815158701
 20
-1353.488338665622
 97
        0
 97
        0
 75
     2
 76
     1
 98
        0
  0
SPLINE
  5
6C
330
41
100
AcDbEntity
  8
katman 1
370
     0
100
AcDbSpline
210
0.0
220
0.0
230
1.0
 70
    11
 71
     3
 72
    47
 73
    43
 74
     0
 42
0.0000000001
 43
0.0000000001
 12
1.0
 22
0.0
 32
0.0
 13
1.0
 23
0.0
 33
0.0
 40
0.0
 40
0.0
 40
0.0
 40
0.0
 40
1.0
 40
1.0
 40
1.0
 40
2.0
 40
2.0
 40
2.0
 40
3.0
 40
3.0
 40
3.0
 40
4.0
 40
4.0
 40
4.0
 40
5.0
 40
5.0
 40
5.0
 40
6.0
 40
6.0
 40
6.0
 40
7.0
 40
7.0
 40
7.0
 40
8.0
 40
8.0
 40
8.0
 40
9.0
 40
9.0
 40
9.0
 40
10.0
 40
10.0
 40
10.0
 40
11.0
 40
11.0
 40
11.0
 40
12.0
 40
12.0
 40
12.0
 40
13.0
 40
13.0
 40
13.0
 40
14.0
 40
14.0
 40
14.0
 40
14.0
 10
743.0489803916371
 20
-1246.860801414608
 30
0.0
 10
738.0448050851446
 20
-1246.860801414608
 30
0.0
 10
733.8104916072107
 20
-1246.860801414608
 30
0.0
 10
729.5761928134489
 20
-1246.860801414608
 30
0.0
 10
726.1117558482456
 20
-1246.860801414608
 30
0.0
 10
723.8021409942257
 20
-1246.090939586051
 30
0.0
 10
723.4172100799469
 20
-1242.241571706567
 30
0.0
 10
723.0322791656681
 20
-1238.392203827085
 30
0.0
 10
724.9569631054092
 20
-1236.467519887345
 30
0.0
 10
728.8063309848912
 20
-1236.467519887345
 30
0.0
 10
749.5929234077648
 20
-1236.467519887345
 30
0.0
 10
769.9945555480135
 20
-1236.467519887345
 30
0.0
 10
790.7811479708871
 20
-1236.467519887345
 30
0.0
 10
794.6305158503692
 20
-1236.467519887345
 30
0.0
 10
796.5551997901111
 20
-1238.392203827085
 30
0.0
 10
796.5551997901111
 20
-1242.241571706567
 30
0.0
 10
796.5551997901111
 20
-1246.090939586051
 30
0.0
 10
793.8606540218116
 20
-1246.860801414608
 30
0.0
 10
790.3962170566083
 20
-1246.860801414608
 30
0.0
 10
786.1619182628474
 20
-1246.860801414608
 30
0.0
 10
782.3125503833644
 20
-1246.860801414608
 30
0.0
 10
776.9234294784201
 20
-1246.860801414608
 30
0.0
 10
776.9234294784201
 20
-1258.02394477043
 30
0.0
 10
776.9234294784201
 20
-1269.187146862943
 30
0.0
 10
776.9234294784201
 20
-1279.965388672832
 30
0.0
 10
776.9234294784201
 20
-1301.521872292611
 30
0.0
 10
776.9234294784201
 20
-1323.078297175696
 30
0.0
 10
776.9234294784201
 20
-1344.634780795473
 30
0.0
 10
776.9234294784201
 20
-1350.793792897322
 30
0.0
 10
776.5384985641413
 20
-1350.793792897322
 30
0.0
 10
770.7644467449172
 20
-1350.793792897322
 30
0.0
 10
763.8355874986846
 20
-1350.793792897322
 30
0.0
 10
756.5217826539993
 20
-1350.793792897322
 30
0.0
 10
749.5929234077648
 20
-1350.793792897322
 30
0.0
 10
743.048995075811
 20
-1350.793792897322
 30
0.0
 10
743.048995075811
 20
-1350.408832614696
 30
0.0
 10
743.048995075811
 20
-1344.249879249541
 30
0.0
 10
743.048995075811
 20
-1313.069975931057
 30
0.0
 10
743.048995075811
 20
-1281.890131349266
 30
0.0
 10
743.048995075811
 20
-1250.32532648485
 30
0.0
 10
743.0489803916371
 20
-1249.5554059196
 30
0.0
 10
743.0489803916371
 20
-1248.015623525791
 30
0.0
 10
743.0489803916371
 20
-1246.860801414608
 30
0.0
  0
HATCH
  5
6D
330
41
100
AcDbEntity
  8
katman 1
 62
     7
420
 16777215
100
AcDbHatch
 10
0.0
 20
0.0
 30
0.0
210
0.0
220
0.0
230
1.0
  2
SOLID
 70
     1
 71
     0
 91
        1
 92
        1
 93
        1
 72
     4
 94
        3
 73
     0
 74
     1
 95
       47
 96
       43
 40
0.0
 40
0.0
 40
0.0
 40
0.0
 40
1.0
 40
1.0
 40
1.0
 40
2.0
 40
2.0
 40
2.0
 40
3.0
 40
3.0
 40
3.0
 40
4.0
 40
4.0
 40
4.0
 40
5.0
 40
5.0
 40
5.0
 40
6.0
 40
6.0
 40
6.0
 40
7.0
 40
7.0
 40
7.0
 40
8.0
 40
8.0
 40
8.0
 40
9.0
 40
9.0
 40
9.0
 40
10.0
 40
10.0
 40
10.0
 40
11.0
 40
11.0
 40
11.0
 40
12.0
 40
12.0
 40
12.0
 40
13.0
 40
13.0
 40
13.0
 40
14.0
 40
14.0
 40
14.0
 40
14.0
 10
743.0489803916371
 20
-1246.860801414608
 10
738.0448050851446
 20
-1246.860801414608
 10
733.8104916072107
 20
-1246.860801414608
 10
729.5761928134489
 20
-1246.860801414608
 10
726.1117558482456
 20
-1246.860801414608
 10
723.8021409942257
 20
-1246.090939586051
 10
723.4172100799469
 20
-1242.241571706567
 10
723.0322791656681
 20
-1238.392203827085
 10
724.9569631054092
 20
-1236.467519887345
 10
728.8063309848912
 20
-1236.467519887345
 10
749.5929234077648
 20
-1236.467519887345
 10
769.9945555480135
 20
-1236.467519887345
 10
790.7811479708871
 20
-1236.467519887345
 10
794.6305158503692
 20
-1236.467519887345
 10
796.5551997901111
 20
-1238.392203827085
 10
796.5551997901111
 20
-1242.241571706567
 10
796.5551997901111
 20
-1246.090939586051
 10
793.8606540218116
 20
-1246.860801414608
 10
790.3962170566083
 20
-1246.860801414608
 10
786.1619182628474
 20
-1246.860801414608
 10
782.3125503833644
 20
-1246.860801414608
 10
776.9234294784201
 20
-1246.860801414608
 10
776.9234294784201
 20
-1258.02394477043
 10
776.9234294784201
 20
-1269.187146862943
 10
776.9234294784201
 20
-1279.965388672832
 10
776.9234294784201
 20
-1301.521872292611
 10
776.9234294784201
 20
-1323.078297175696
 10
776.9234294784201
 20
-1344.634780795473
 10
776.9234294784201
 20
-1350.793792897322
 10
776.5384985641413
 20
-1350.793792897322
 10
770.7644467449172
 20
-1350.793792897322
 10
763.8355874986846
 20
-1350.793792897322
 10
756.5217826539993
 20
-1350.793792897322
 10
749.5929234077648
 20
-1350.793792897322
 10
743.048995075811
 20
-1350.793792897322
 10
743.048995075811
 20
-1350.408832614696
 10
743.048995075811
 20
-1344.249879249541
 10
743.048995075811
 20
-1313.069975931057
 10
743.048995075811
 20
-1281.890131349266
 10
743.048995075811
 20
-1250.32532648485
 10
743.0489803916371
 20
-1249.5554059196
 10
743.0489803916371
 20
-1248.015623525791
 10
743.0489803916371
 20
-1246.860801414608
 97
        0
 97
        0
 75
     2
 76
     1
 98
        0
  0
SPLINE
  5
6E
330
41
100
AcDbEntity
  8
katman 1
370
     0
100
AcDbSpline
210
0.0
220
0.0
230
1.0
 70
    11
 71
     3
 72
    56
 73
    52
 74
     0
 42
0.0000000001
 43
0.0000000001
 12
1.0
 22
0.0
 32
0.0
 13
1.0
 23
0.0
 33
0.0
 40
0.0
 40
0.0
 40
0.0
 40
0.0
 40
1.0
 40
1.0
 40
1.0
 40
2.0
 40
2.0
 40
2.0
 40
3.0
 40
3.0
 40
3.0
 40
4.0
 40
4.0
 40
4.0
 40
5.0
 40
5.0
 40
5.0
 40
6.0
 40
6.0
 40
6.0
 40
7.0
 40
7.0
 40
7.0
 40
8.0
 40
8.0
 40
8.0
 40
9.0
 40
9.0
 40
9.0
 40
10.0
 40
10.0
 40
10.0
 40
11.0
 40
11.0
 40
11.0
 40
12.0
 40
12.0
 40
12.0
 40
13.0
 40
13.0
 40
13.0
 40
14.0
 40
14.0
 40
14.0
 40
15.0
 40
15.0
 40
15.0
 40
16.0
 40
16.0
 40
16.0
 40
17.0
 40
17.0
 40
17.0
 40
17.0
 10
1322.378816885377
 20
-505.4725711374394
 30
0.0
 10
1322.378816885377
 20
-540.1168829705402
 30
0.0
 10
1322.378816885377
 20
-573.6063827878279
 30
0.0
 10
1322.378816885377
 20
-608.2506937031685
 30
0.0
 10
1326.613145047484
 20
-607.0958862761581
 30
0.0
 10
1330.462512926966
 20
-606.7109480197923
 30
0.0
 10
1333.926920523823
 20
-605.1712023364171
 30
0.0
 10
1342.780478393972
 20
-600.9368962005692
 30
0.0
 10
1346.629846273454
 20
-592.4682912709595
 30
0.0
 10
1350.479214152936
 20
-584.3846172556296
 30
0.0
 10
1351.249075981494
 20
-582.8448715722543
 30
0.0
 10
1351.63403626412
 20
-580.9201876325133
 30
0.0
 10
1352.403898092678
 20
-579.3804419491371
 30
0.0
 10
1353.173759921236
 20
-578.2256345221276
 30
0.0
 10
1355.098443860976
 20
-577.0708197530312
 30
0.0
 10
1355.868305689535
 20
-577.455758009397
 30
0.0
 10
1357.023127800718
 20
-577.8406962657618
 30
0.0
 10
1357.792989629275
 20
-579.7653802055029
 30
0.0
 10
1358.947811740458
 20
-580.9201876325133
 30
0.0
 10
1358.947811740458
 20
-581.305125888879
 30
0.0
 10
1358.947811740458
 20
-581.6900641452448
 30
0.0
 10
1358.947811740458
 20
-581.6900641452448
 30
0.0
 10
1358.562851457833
 20
-594.3929752107015
 30
0.0
 10
1343.550340222529
 20
-613.2548836938331
 30
0.0
 10
1330.847414472899
 20
-616.7193133169512
 30
0.0
 10
1323.53363899656
 20
-618.6440045987783
 30
0.0
 10
1316.989666612086
 20
-617.104251573317
 30
0.0
 10
1310.445752964304
 20
-613.2548836938331
 30
0.0
 10
1302.362056922715
 20
-608.2507083873425
 30
0.0
 10
1296.972965386118
 20
-600.9369035426553
 30
0.0
 10
1293.508557789261
 20
-592.4682986130465
 30
0.0
 10
1282.345414433437
 20
-564.3679086875745
 30
0.0
 10
1282.73031597937
 20
-537.0374026169193
 30
0.0
 10
1299.667569891109
 20
-511.2466348875532
 30
0.0
 10
1312.755397186671
 20
-491.2299226484538
 30
0.0
 10
1335.081742635008
 20
-491.999795490141
 30
0.0
 10
1348.554530213194
 20
-511.6315713083968
 30
0.0
 10
1350.864174435561
 20
-515.0960027670353
 30
0.0
 10
1352.788858375301
 20
-518.5604323901516
 30
0.0
 10
1354.713542315043
 20
-522.4098002696337
 30
0.0
 10
1355.868364426227
 20
-525.1043570510628
 30
0.0
 10
1356.253265972158
 20
-528.1838520888577
 30
0.0
 10
1352.788858375301
 20
-529.3386631869107
 30
0.0
 10
1351.63403626412
 20
-529.7236014432765
 30
0.0
 10
1348.939490495821
 20
-527.4139792471706
 30
0.0
 10
1347.784668384636
 20
-525.4892953074286
 30
0.0
 10
1344.320260787779
 20
-519.330307067361
 30
0.0
 10
1340.470892908297
 20
-513.1713188272943
 30
0.0
 10
1333.926920523823
 20
-509.7068873686558
 30
0.0
 10
1331.232374755524
 20
-507.3972550771796
 30
0.0
 10
1326.998105330109
 20
-507.012318656336
 30
0.0
 10
1322.378816885377
 20
-505.4725711374394
 30
0.0
  0
HATCH
  5
6F
330
41
100
AcDbEntity
  8
katman 1
 62
     7
420
 16777215
100
AcDbHatch
 10
0.0
 20
0.0
 30
0.0
210
0.0
220
0.0
230
1.0
  2
SOLID
 70
     1
 71
     0
 91
        1
 92
        1
 93
        1
 72
     4
 94
        3
 73
     0
 74
     1
 95
       56
 96
       52
 40
0.0
 40
0.0
 40
0.0
 40
0.0
 40
1.0
 40
1.0
 40
1.0
 40
2.0
 40
2.0
 40
2.0
 40
3.0
 40
3.0
 40
3.0
 40
4.0
 40
4.0
 40
4.0
 40
5.0
 40
5.0
 40
5.0
 40
6.0
 40
6.0
 40
6.0
 40
7.0
 40
7.0
 40
7.0
 40
8.0
 40
8.0
 40
8.0
 40
9.0
 40
9.0
 40
9.0
 40
10.0
 40
10.0
 40
10.0
 40
11.0
 40
11.0
 40
11.0
 40
12.0
 40
12.0
 40
12.0
 40
13.0
 40
13.0
 40
13.0
 40
14.0
 40
14.0
 40
14.0
 40
15.0
 40
15.0
 40
15.0
 40
16.0
 40
16.0
 40
16.0
 40
17.0
 40
17.0
 40
17.0
 40
17.0
 10
1322.378816885377
 20
-505.4725711374394
 10
1322.378816885377
 20
-540.1168829705402
 10
1322.378816885377
 20
-573.6063827878279
 10
1322.378816885377
 20
-608.2506937031685
 10
1326.613145047484
 20
-607.0958862761581
 10
1330.462512926966
 20
-606.7109480197923
 10
1333.926920523823
 20
-605.1712023364171
 10
1342.780478393972
 20
-600.9368962005692
 10
1346.629846273454
 20
-592.4682912709595
 10
1350.479214152936
 20
-584.3846172556296
 10
1351.249075981494
 20
-582.8448715722543
 10
1351.63403626412
 20
-580.9201876325133
 10
1352.403898092678
 20
-579.3804419491371
 10
1353.173759921236
 20
-578.2256345221276
 10
1355.098443860976
 20
-577.0708197530312
 10
1355.868305689535
 20
-577.455758009397
 10
1357.023127800718
 20
-577.8406962657618
 10
1357.792989629275
 20
-579.7653802055029
 10
1358.947811740458
 20
-580.9201876325133
 10
1358.947811740458
 20
-581.305125888879
 10
1358.947811740458
 20
-581.6900641452448
 10
1358.947811740458
 20
-581.6900641452448
 10
1358.562851457833
 20
-594.3929752107015
 10
1343.550340222529
 20
-613.2548836938331
 10
1330.847414472899
 20
-616.7193133169512
 10
1323.53363899656
 20
-618.6440045987783
 10
1316.989666612086
 20
-617.104251573317
 10
1310.445752964304
 20
-613.2548836938331
 10
1302.362056922715
 20
-608.2507083873425
 10
1296.972965386118
 20
-600.9369035426553
 10
1293.508557789261
 20
-592.4682986130465
 10
1282.345414433437
 20
-564.3679086875745
 10
1282.73031597937
 20
-537.0374026169193
 10
1299.667569891109
 20
-511.2466348875532
 10
1312.755397186671
 20
-491.2299226484538
 10
1335.081742635008
 20
-491.999795490141
 10
1348.554530213194
 20
-511.6315713083968
 10
1350.864174435561
 20
-515.0960027670353
 10
1352.788858375301
 20
-518.5604323901516
 10
1354.713542315043
 20
-522.4098002696337
 10
1355.868364426227
 20
-525.1043570510628
 10
1356.253265972158
 20
-528.1838520888577
 10
1352.788858375301
 20
-529.3386631869107
 10
1351.63403626412
 20
-529.7236014432765
 10
1348.939490495821
 20
-527.4139792471706
 10
1347.784668384636
 20
-525.4892953074286
 10
1344.320260787779
 20
-519.330307067361
 10
1340.470892908297
 20
-513.1713188272943
 10
1333.926920523823
 20
-509.7068873686558
 10
1331.232374755524
 20
-507.3972550771796
 10
1326.998105330109
 20
-507.012318656336
 10
1322.378816885377
 20
-505.4725711374394
 97
        0
 97
        0
 75
     2
 76
     1
 98
        0
  0
SPLINE
  5
70
330
41
100
AcDbEntity
  8
katman 1
370
     0
100
AcDbSpline
210
0.0
220
0.0
230
1.0
 70
    11
 71
     3
 72
    59
 73
    55
 74
     0
 42
0.0000000001
 43
0.0000000001
 12
1.0
 22
0.0
 32
0.0
 13
1.0
 23
0.0
 33
0.0
 40
0.0
 40
0.0
 40
0.0
 40
0.0
 40
1.0
 40
1.0
 40
1.0
 40
2.0
 40
2.0
 40
2.0
 40
3.0
 40
3.0
 40
3.0
 40
4.0
 40
4.0
 40
4.0
 40
5.0
 40
5.0
 40
5.0
 40
6.0
 40
6.0
 40
6.0
 40
7.0
 40
7.0
 40
7.0
 40
8.0
 40
8.0
 40
8.0
 40
9.0
 40
9.0
 40
9.0
 40
10.0
 40
10.0
 40
10.0
 40
11.0
 40
11.0
 40
11.0
 40
12.0
 40
12.0
 40
12.0
 40
13.0
 40
13.0
 40
13.0
 40
14.0
 40
14.0
 40
14.0
 40
15.0
 40
15.0
 40
15.0
 40
16.0
 40
16.0
 40
16.0
 40
17.0
 40
17.0
 40
17.0
 40
18.0
 40
18.0
 40
18.0
 40
18.0
 10
1348.554530213194
 20
-1241.471709878009
 30
0.0
 10
1348.554530213194
 20
-1276.500981075977
 30
0.0
 10
1348.554530213194
 20
-1309.990469880133
 30
0.0
 10
1348.554530213194
 20
-1343.479958684289
 30
0.0
 10
1356.253265972158
 20
-1344.634780795473
 30
0.0
 10
1362.027317791384
 20
-1341.555274744549
 30
0.0
 10
1366.261645953491
 20
-1336.166183207952
 30
0.0
 10
1370.495974115598
 20
-1330.777091671353
 30
0.0
 10
1373.575421429829
 20
-1324.618079569504
 30
0.0
 10
1376.654927480755
 20
-1318.459067467655
 30
0.0
 10
1378.19465113787
 20
-1316.14942324529
 30
0.0
 10
1378.19465113787
 20
-1311.530193537248
 30
0.0
 10
1382.428979299977
 20
-1313.069975931057
 30
0.0
 10
1386.278347179461
 20
-1314.609699588173
 30
0.0
 10
1384.738623522344
 20
-1318.074165921724
 30
0.0
 10
1383.968702957092
 20
-1321.153671972646
 30
0.0
 10
1380.88919690617
 20
-1330.392131388728
 30
0.0
 10
1376.654927480755
 20
-1338.860787712943
 30
0.0
 10
1368.956191721791
 20
-1345.789602906658
 30
0.0
 10
1358.1779499119
 20
-1355.797982887987
 30
0.0
 10
1345.475024162271
 20
-1356.182884433922
 30
0.0
 10
1333.926920523823
 20
-1347.329326563773
 30
0.0
 10
1323.53363899656
 20
-1339.245630522182
 30
0.0
 10
1318.529449005895
 20
-1328.082487166361
 30
0.0
 10
1315.449942954969
 20
-1315.764521699355
 30
0.0
 10
1310.445752964304
 20
-1295.362860190762
 30
0.0
 10
1311.985535358113
 20
-1275.346158964792
 30
0.0
 10
1320.454132945635
 20
-1256.484279850007
 30
0.0
 10
1323.918540542492
 20
-1248.785544091043
 30
0.0
 10
1328.922730533159
 20
-1241.856670160636
 30
0.0
 10
1336.23656474619
 20
-1237.237440452594
 30
0.0
 10
1345.090122616337
 20
-1231.848348915995
 30
0.0
 10
1354.328582032418
 20
-1231.463388633372
 30
0.0
 10
1363.182139902565
 20
-1236.85248016997
 30
0.0
 10
1371.650737490088
 20
-1241.856670160636
 30
0.0
 10
1377.039887763378
 20
-1249.5554059196
 30
0.0
 10
1380.889255642862
 20
-1258.79386533568
 30
0.0
 10
1381.274215925487
 20
-1259.948687446864
 30
0.0
 10
1381.659117471419
 20
-1261.873371386604
 30
0.0
 10
1381.274215925487
 20
-1263.413095043721
 30
0.0
 10
1380.889255642862
 20
-1264.567917154904
 30
0.0
 10
1379.73449226837
 20
-1266.107640812019
 30
0.0
 10
1378.579670157189
 20
-1266.107640812019
 30
0.0
 10
1377.424848046005
 20
-1266.492601094644
 30
0.0
 10
1375.885124388889
 20
-1265.337778983461
 30
0.0
 10
1375.115262560332
 20
-1264.567917154904
 30
0.0
 10
1373.960440449147
 20
-1263.028193497787
 30
0.0
 10
1373.19057862059
 20
-1261.488411103979
 30
0.0
 10
1372.420716792032
 20
-1259.948687446864
 30
0.0
 10
1369.341210741106
 20
-1254.17463562764
 30
0.0
 10
1365.491842861626
 20
-1249.170445636973
 30
0.0
 10
1359.717791042402
 20
-1246.475899868674
 30
0.0
 10
1357.023127800718
 20
-1243.781354100376
 30
0.0
 10
1353.173759921236
 20
-1243.011433535125
 30
0.0
 10
1348.554530213194
 20
-1241.471709878009
 30
0.0
  0
HATCH
  5
71
330
41
100
AcDbEntity
  8
katman 1
 62
     7
420
 16777215
100
AcDbHatch
 10
0.0
 20
0.0
 30
0.0
210
0.0
220
0.0
230
1.0
  2
SOLID
 70
     1
 71
     0
 91
        1
 92
        1
 93
        1
 72
     4
 94
        3
 73
     0
 74
     1
 95
       59
 96
       55
 40
0.0
 40
0.0
 40
0.0
 40
0.0
 40
1.0
 40
1.0
 40
1.0
 40
2.0
 40
2.0
 40
2.0
 40
3.0
 40
3.0
 40
3.0
 40
4.0
 40
4.0
 40
4.0
 40
5.0
 40
5.0
 40
5.0
 40
6.0
 40
6.0
 40
6.0
 40
7.0
 40
7.0
 40
7.0
 40
8.0
 40
8.0
 40
8.0
 40
9.0
 40
9.0
 40
9.0
 40
10.0
 40
10.0
 40
10.0
 40
11.0
 40
11.0
 40
11.0
 40
12.0
 40
12.0
 40
12.0
 40
13.0
 40
13.0
 40
13.0
 40
14.0
 40
14.0
 40
14.0
 40
15.0
 40
15.0
 40
15.0
 40
16.0
 40
16.0
 40
16.0
 40
17.0
 40
17.0
 40
17.0
 40
18.0
 40
18.0
 40
18.0
 40
18.0
 10
1348.554530213194
 20
-1241.471709878009
 10
1348.554530213194
 20
-1276.500981075977
 10
1348.554530213194
 20
-1309.990469880133
 10
1348.554530213194
 20
-1343.479958684289
 10
1356.253265972158
 20
-1344.634780795473
 10
1362.027317791384
 20
-1341.555274744549
 10
1366.261645953491
 20
-1336.166183207952
 10
1370.495974115598
 20
-1330.777091671353
 10
1373.575421429829
 20
-1324.618079569504
 10
1376.654927480755
 20
-1318.459067467655
 10
1378.19465113787
 20
-1316.14942324529
 10
1378.19465113787
 20
-1311.530193537248
 10
1382.428979299977
 20
-1313.069975931057
 10
1386.278347179461
 20
-1314.609699588173
 10
1384.738623522344
 20
-1318.074165921724
 10
1383.968702957092
 20
-1321.153671972646
 10
1380.88919690617
 20
-1330.392131388728
 10
1376.654927480755
 20
-1338.860787712943
 10
1368.956191721791
 20
-1345.789602906658
 10
1358.1779499119
 20
-1355.797982887987
 10
1345.475024162271
 20
-1356.182884433922
 10
1333.926920523823
 20
-1347.329326563773
 10
1323.53363899656
 20
-1339.245630522182
 10
1318.529449005895
 20
-1328.082487166361
 10
1315.449942954969
 20
-1315.764521699355
 10
1310.445752964304
 20
-1295.362860190762
 10
1311.985535358113
 20
-1275.346158964792
 10
1320.454132945635
 20
-1256.484279850007
 10
1323.918540542492
 20
-1248.785544091043
 10
1328.922730533159
 20
-1241.856670160636
 10
1336.23656474619
 20
-1237.237440452594
 10
1345.090122616337
 20
-1231.848348915995
 10
1354.328582032418
 20
-1231.463388633372
 10
1363.182139902565
 20
-1236.85248016997
 10
1371.650737490088
 20
-1241.856670160636
 10
1377.039887763378
 20
-1249.5554059196
 10
1380.889255642862
 20
-1258.79386533568
 10
1381.274215925487
 20
-1259.948687446864
 10
1381.659117471419
 20
-1261.873371386604
 10
1381.274215925487
 20
-1263.413095043721
 10
1380.889255642862
 20
-1264.567917154904
 10
1379.73449226837
 20
-1266.107640812019
 10
1378.579670157189
 20
-1266.107640812019
 10
1377.424848046005
 20
-1266.492601094644
 10
1375.885124388889
 20
-1265.337778983461
 10
1375.115262560332
 20
-1264.567917154904
 10
1373.960440449147
 20
-1263.028193497787
 10
1373.19057862059
 20
-1261.488411103979
 10
1372.420716792032
 20
-1259.948687446864
 10
1369.341210741106
 20
-1254.17463562764
 10
1365.491842861626
 20
-1249.170445636973
 10
1359.717791042402
 20
-1246.475899868674
 10
1357.023127800718
 20
-1243.781354100376
 10
1353.173759921236
 20
-1243.011433535125
 10
1348.554530213194
 20
-1241.471709878009
 97
        0
 97
        0
 75
     2
 76
     1
 98
        0
  0
SPLINE
  5
72
330
41
100
AcDbEntity
  8
katman 1
370
     0
100
AcDbSpline
210
0.0
220
0.0
230
1.0
 70
    11
 71
     3
 72
    32
 73
    28
 74
     0
 42
0.0000000001
 43
0.0000000001
 12
1.0
 22
0.0
 32
0.0
 13
1.0
 23
0.0
 33
0.0
 40
0.0
 40
0.0
 40
0.0
 40
0.0
 40
1.0
 40
1.0
 40
1.0
 40
2.0
 40
2.0
 40
2.0
 40
3.0
 40
3.0
 40
3.0
 40
4.0
 40
4.0
 40
4.0
 40
5.0
 40
5.0
 40
5.0
 40
6.0
 40
6.0
 40
6.0
 40
7.0
 40
7.0
 40
7.0
 40
8.0
 40
8.0
 40
8.0
 40
9.0
 40
9.0
 40
9.0
 40
9.0
 10
1250.010747740464
 20
-500.4683930776646
 30
0.0
 10
1260.404029267727
 20
-500.4683930776646
 30
0.0
 10
1270.412409249058
 20
-500.4683930776646
 30
0.0
 10
1280.420730493697
 20
-500.4683930776646
 30
0.0
 10
1283.50023654462
 20
-500.4683930776646
 30
0.0
 10
1283.885138090554
 20
-502.7780134382492
 30
0.0
 10
1283.885138090554
 20
-505.4725711374394
 30
0.0
 10
1283.885138090554
 20
-515.0959917539058
 30
0.0
 10
1283.885138090554
 20
-524.719411452611
 30
0.0
 10
1283.885138090554
 20
-533.9578928949513
 30
0.0
 10
1283.885138090554
 20
-558.9787877826293
 30
0.0
 10
1283.885138090554
 20
-583.6147334008128
 30
0.0
 10
1283.885138090554
 20
-608.6356246174473
 30
0.0
 10
1283.885138090554
 20
-614.4096764366714
 30
0.0
 10
1283.885138090554
 20
-614.4096764366714
 30
0.0
 10
1277.726125988705
 20
-614.4096764366714
 30
0.0
 10
1270.027390229741
 20
-614.4096764366714
 30
0.0
 10
1262.328654470777
 20
-614.4096764366714
 30
0.0
 10
1254.629918711811
 20
-614.4096764366714
 30
0.0
 10
1251.165511114954
 20
-614.4096764366714
 30
0.0
 10
1249.625728721145
 20
-613.254869009661
 30
0.0
 10
1249.625728721145
 20
-609.7904320444577
 30
0.0
 10
1249.625728721145
 20
-574.3762446163855
 30
0.0
 10
1249.625728721145
 20
-538.5771262740345
 30
0.0
 10
1249.625728721145
 20
-503.1629388459633
 30
0.0
 10
1249.625787457839
 20
-502.3930770174047
 30
0.0
 10
1249.625787457839
 20
-501.6232032579564
 30
0.0
 10
1250.010747740464
 20
-500.4683930776646
 30
0.0
  0
HATCH
  5
73
330
41
100
AcDbEntity
  8
katman 1
 62
     7
420
 16777215
100
AcDbHatch
 10
0.0
 20
0.0
 30
0.0
210
0.0
220
0.0
230
1.0
  2
SOLID
 70
     1
 71
     0
 91
        1
 92
        1
 93
        1
 72
     4
 94
        3
 73
     0
 74
     1
 95
       32
 96
       28
 40
0.0
 40
0.0
 40
0.0
 40
0.0
 40
1.0
 40
1.0
 40
1.0
 40
2.0
 40
2.0
 40
2.0
 40
3.0
 40
3.0
 40
3.0
 40
4.0
 40
4.0
 40
4.0
 40
5.0
 40
5.0
 40
5.0
 40
6.0
 40
6.0
 40
6.0
 40
7.0
 40
7.0
 40
7.0
 40
8.0
 40
8.0
 40
8.0
 40
9.0
 40
9.0
 40
9.0
 40
9.0
 10
1250.010747740464
 20
-500.4683930776646
 10
1260.404029267727
 20
-500.4683930776646
 10
1270.412409249058
 20
-500.4683930776646
 10
1280.420730493697
 20
-500.4683930776646
 10
1283.50023654462
 20
-500.4683930776646
 10
1283.885138090554
 20
-502.7780134382492
 10
1283.885138090554
 20
-505.4725711374394
 10
1283.885138090554
 20
-515.0959917539058
 10
1283.885138090554
 20
-524.719411452611
 10
1283.885138090554
 20
-533.9578928949513
 10
1283.885138090554
 20
-558.9787877826293
 10
1283.885138090554
 20
-583.6147334008128
 10
1283.885138090554
 20
-608.6356246174473
 10
1283.885138090554
 20
-614.4096764366714
 10
1283.885138090554
 20
-614.4096764366714
 10
1277.726125988705
 20
-614.4096764366714
 10
1270.027390229741
 20
-614.4096764366714
 10
1262.328654470777
 20
-614.4096764366714
 10
1254.629918711811
 20
-614.4096764366714
 10
1251.165511114954
 20
-614.4096764366714
 10
1249.625728721145
 20
-613.254869009661
 10
1249.625728721145
 20
-609.7904320444577
 10
1249.625728721145
 20
-574.3762446163855
 10
1249.625728721145
 20
-538.5771262740345
 10
1249.625728721145
 20
-503.1629388459633
 10
1249.625787457839
 20
-502.3930770174047
 10
1249.625787457839
 20
-501.6232032579564
 10
1250.010747740464
 20
-500.4683930776646
 97
        0
 97
        0
 75
     2
 76
     1
 98
        0
  0
SPLINE
  5
74
330
41
100
AcDbEntity
  8
katman 1
370
     0
100
AcDbSpline
210
0.0
220
0.0
230
1.0
 70
    11
 71
     3
 72
    32
 73
    28
 74
     0
 42
0.0000000001
 43
0.0000000001
 12
1.0
 22
0.0
 32
0.0
 13
1.0
 23
0.0
 33
0.0
 40
0.0
 40
0.0
 40
0.0
 40
0.0
 40
1.0
 40
1.0
 40
1.0
 40
2.0
 40
2.0
 40
2.0
 40
3.0
 40
3.0
 40
3.0
 40
4.0
 40
4.0
 40
4.0
 40
5.0
 40
5.0
 40
5.0
 40
6.0
 40
6.0
 40
6.0
 40
7.0
 40
7.0
 40
7.0
 40
8.0
 40
8.0
 40
8.0
 40
9.0
 40
9.0
 40
9.0
 40
9.0
 10
688.0030079677017
 20
-1236.467519887345
 30
0.0
 10
698.0113585806866
 20
-1236.467519887345
 30
0.0
 10
707.6347782793928
 20
-1236.467519887345
 30
0.0
 10
717.2581979780989
 20
-1236.467519887345
 30
0.0
 10
720.3376893448494
 20
-1236.467519887345
 30
0.0
 10
721.4924967718598
 20
-1238.00724354446
 30
0.0
 10
721.4924967718598
 20
-1241.086749595384
 30
0.0
 10
721.4924967718598
 20
-1250.325209011466
 30
0.0
 10
721.4924967718598
 20
-1259.178766881612
 30
0.0
 10
721.4924967718598
 20
-1268.417285034386
 30
0.0
 10
721.4924967718598
 20
-1293.823136533647
 30
0.0
 10
721.4924967718598
 20
-1319.613889578839
 30
0.0
 10
721.4924967718598
 20
-1345.019682341406
 30
0.0
 10
721.4924967718598
 20
-1349.254010503515
 30
0.0
 10
720.3376893448494
 20
-1351.178694443255
 30
0.0
 10
715.7184449526358
 20
-1351.178694443255
 30
0.0
 10
708.0197091936716
 20
-1350.79373416063
 30
0.0
 10
699.9360425204286
 20
-1351.178694443255
 30
0.0
 10
692.2373067614635
 20
-1351.178694443255
 30
0.0
 10
689.1578153947121
 20
-1351.178694443255
 30
0.0
 10
687.233131454971
 20
-1350.408832614696
 30
0.0
 10
687.233131454971
 20
-1346.559464735215
 30
0.0
 10
687.233131454971
 20
-1310.760331708691
 30
0.0
 10
687.233131454971
 20
-1274.961198682166
 30
0.0
 10
687.233131454971
 20
-1239.162124392336
 30
0.0
 10
687.6180770534229
 20
-1238.392203827085
 30
0.0
 10
688.0030079677017
 20
-1237.622341998527
 30
0.0
 10
688.0030079677017
 20
-1236.467519887345
 30
0.0
  0
HATCH
  5
75
330
41
100
AcDbEntity
  8
katman 1
 62
     7
420
 16777215
100
AcDbHatch
 10
0.0
 20
0.0
 30
0.0
210
0.0
220
0.0
230
1.0
  2
SOLID
 70
     1
 71
     0
 91
        1
 92
        1
 93
        1
 72
     4
 94
        3
 73
     0
 74
     1
 95
       32
 96
       28
 40
0.0
 40
0.0
 40
0.0
 40
0.0
 40
1.0
 40
1.0
 40
1.0
 40
2.0
 40
2.0
 40
2.0
 40
3.0
 40
3.0
 40
3.0
 40
4.0
 40
4.0
 40
4.0
 40
5.0
 40
5.0
 40
5.0
 40
6.0
 40
6.0
 40
6.0
 40
7.0
 40
7.0
 40
7.0
 40
8.0
 40
8.0
 40
8.0
 40
9.0
 40
9.0
 40
9.0
 40
9.0
 10
688.0030079677017
 20
-1236.467519887345
 10
698.0113585806866
 20
-1236.467519887345
 10
707.6347782793928
 20
-1236.467519887345
 10
717.2581979780989
 20
-1236.467519887345
 10
720.3376893448494
 20
-1236.467519887345
 10
721.4924967718598
 20
-1238.00724354446
 10
721.4924967718598
 20
-1241.086749595384
 10
721.4924967718598
 20
-1250.325209011466
 10
721.4924967718598
 20
-1259.178766881612
 10
721.4924967718598
 20
-1268.417285034386
 10
721.4924967718598
 20
-1293.823136533647
 10
721.4924967718598
 20
-1319.613889578839
 10
721.4924967718598
 20
-1345.019682341406
 10
721.4924967718598
 20
-1349.254010503515
 10
720.3376893448494
 20
-1351.178694443255
 10
715.7184449526358
 20
-1351.178694443255
 10
708.0197091936716
 20
-1350.79373416063
 10
699.9360425204286
 20
-1351.178694443255
 10
692.2373067614635
 20
-1351.178694443255
 10
689.1578153947121
 20
-1351.178694443255
 10
687.233131454971
 20
-1350.408832614696
 10
687.233131454971
 20
-1346.559464735215
 10
687.233131454971
 20
-1310.760331708691
 10
687.233131454971
 20
-1274.961198682166
 10
687.233131454971
 20
-1239.162124392336
 10
687.6180770534229
 20
-1238.392203827085
 10
688.0030079677017
 20
-1237.622341998527
 10
688.0030079677017
 20
-1236.467519887345
 97
        0
 97
        0
 75
     2
 76
     1
 98
        0
  0
SPLINE
  5
76
330
41
100
AcDbEntity
  8
katman 1
370
     0
100
AcDbSpline
210
0.0
220
0.0
230
1.0
 70
    11
 71
     3
 72
    32
 73
    28
 74
     0
 42
0.0000000001
 43
0.0000000001
 12
1.0
 22
0.0
 32
0.0
 13
1.0
 23
0.0
 33
0.0
 40
0.0
 40
0.0
 40
0.0
 40
0.0
 40
1.0
 40
1.0
 40
1.0
 40
2.0
 40
2.0
 40
2.0
 40
3.0
 40
3.0
 40
3.0
 40
4.0
 40
4.0
 40
4.0
 40
5.0
 40
5.0
 40
5.0
 40
6.0
 40
6.0
 40
6.0
 40
7.0
 40
7.0
 40
7.0
 40
8.0
 40
8.0
 40
8.0
 40
9.0
 40
9.0
 40
9.0
 40
9.0
 10
1275.416540503031
 20
-1236.467519887345
 30
0.0
 10
1285.809822030295
 20
-1236.467519887345
 30
0.0
 10
1295.433241729001
 20
-1236.467519887345
 30
0.0
 10
1305.441621710332
 20
-1236.467519887345
 30
0.0
 10
1308.906029307189
 20
-1236.467519887345
 30
0.0
 10
1309.290989589814
 20
-1238.77716410971
 30
0.0
 10
1309.290989589814
 20
-1241.471709878009
 30
0.0
 10
1309.290989589814
 20
-1253.789675345015
 30
0.0
 10
1308.906029307189
 20
-1266.492601094644
 30
0.0
 10
1308.906029307189
 20
-1278.810566561649
 30
0.0
 10
1308.906029307189
 20
-1300.751951727359
 30
0.0
 10
1308.906029307189
 20
-1322.693336893069
 30
0.0
 10
1309.290989589814
 20
-1344.634780795473
 30
0.0
 10
1309.290989589814
 20
-1348.86910895758
 30
0.0
 10
1307.751265932697
 20
-1350.793792897322
 30
0.0
 10
1303.51693777059
 20
-1350.793792897322
 30
0.0
 10
1295.818202011626
 20
-1350.408832614696
 30
0.0
 10
1287.734505970035
 20
-1350.793792897322
 30
0.0
 10
1280.03577021107
 20
-1350.793792897322
 30
0.0
 10
1276.956264160148
 20
-1350.793792897322
 30
0.0
 10
1275.031580220406
 20
-1349.638970786138
 30
0.0
 10
1275.031580220406
 20
-1346.174563189281
 30
0.0
 10
1275.031580220406
 20
-1310.375430162758
 30
0.0
 10
1275.031580220406
 20
-1274.96125741886
 30
0.0
 10
1275.031580220406
 20
-1239.162124392336
 30
0.0
 10
1275.031638957098
 20
-1238.392203827085
 30
0.0
 10
1275.416540503031
 20
-1237.622341998527
 30
0.0
 10
1275.416540503031
 20
-1236.467519887345
 30
0.0
  0
HATCH
  5
77
330
41
100
AcDbEntity
  8
katman 1
 62
     7
420
 16777215
100
AcDbHatch
 10
0.0
 20
0.0
 30
0.0
210
0.0
220
0.0
230
1.0
  2
SOLID
 70
     1
 71
     0
 91
        1
 92
        1
 93
        1
 72
     4
 94
        3
 73
     0
 74
     1
 95
       32
 96
       28
 40
0.0
 40
0.0
 40
0.0
 40
0.0
 40
1.0
 40
1.0
 40
1.0
 40
2.0
 40
2.0
 40
2.0
 40
3.0
 40
3.0
 40
3.0
 40
4.0
 40
4.0
 40
4.0
 40
5.0
 40
5.0
 40
5.0
 40
6.0
 40
6.0
 40
6.0
 40
7.0
 40
7.0
 40
7.0
 40
8.0
 40
8.0
 40
8.0
 40
9.0
 40
9.0
 40
9.0
 40
9.0
 10
1275.416540503031
 20
-1236.467519887345
 10
1285.809822030295
 20
-1236.467519887345
 10
1295.433241729001
 20
-1236.467519887345
 10
1305.441621710332
 20
-1236.467519887345
 10
1308.906029307189
 20
-1236.467519887345
 10
1309.290989589814
 20
-1238.77716410971
 10
1309.290989589814
 20
-1241.471709878009
 10
1309.290989589814
 20
-1253.789675345015
 10
1308.906029307189
 20
-1266.492601094644
 10
1308.906029307189
 20
-1278.810566561649
 10
1308.906029307189
 20
-1300.751951727359
 10
1308.906029307189
 20
-1322.693336893069
 10
1309.290989589814
 20
-1344.634780795473
 10
1309.290989589814
 20
-1348.86910895758
 10
1307.751265932697
 20
-1350.793792897322
 10
1303.51693777059
 20
-1350.793792897322
 10
1295.818202011626
 20
-1350.408832614696
 10
1287.734505970035
 20
-1350.793792897322
 10
1280.03577021107
 20
-1350.793792897322
 10
1276.956264160148
 20
-1350.793792897322
 10
1275.031580220406
 20
-1349.638970786138
 10
1275.031580220406
 20
-1346.174563189281
 10
1275.031580220406
 20
-1310.375430162758
 10
1275.031580220406
 20
-1274.96125741886
 10
1275.031580220406
 20
-1239.162124392336
 10
1275.031638957098
 20
-1238.392203827085
 10
1275.416540503031
 20
-1237.622341998527
 10
1275.416540503031
 20
-1236.467519887345
 97
        0
 97
        0
 75
     2
 76
     1
 98
        0
  0
SPLINE
  5
78
330
41
100
AcDbEntity
  8
katman 1
370
     0
100
AcDbSpline
210
0.0
220
0.0
230
1.0
 70
    11
 71
     3
 72
    65
 73
    61
 74
     0
 42
0.0000000001
 43
0.0000000001
 12
1.0
 22
0.0
 32
0.0
 13
1.0
 23
0.0
 33
0.0
 40
0.0
 40
0.0
 40
0.0
 40
0.0
 40
1.0
 40
1.0
 40
1.0
 40
2.0
 40
2.0
 40
2.0
 40
3.0
 40
3.0
 40
3.0
 40
4.0
 40
4.0
 40
4.0
 40
5.0
 40
5.0
 40
5.0
 40
6.0
 40
6.0
 40
6.0
 40
7.0
 40
7.0
 40
7.0
 40
8.0
 40
8.0
 40
8.0
 40
9.0
 40
9.0
 40
9.0
 40
10.0
 40
10.0
 40
10.0
 40
11.0
 40
11.0
 40
11.0
 40
12.0
 40
12.0
 40
12.0
 40
13.0
 40
13.0
 40
13.0
 40
14.0
 40
14.0
 40
14.0
 40
15.0
 40
15.0
 40
15.0
 40
16.0
 40
16.0
 40
16.0
 40
17.0
 40
17.0
 40
17.0
 40
18.0
 40
18.0
 40
18.0
 40
19.0
 40
19.0
 40
19.0
 40
20.0
 40
20.0
 40
20.0
 40
20.0
 10
987.0989098244845
 20
-1212.986411064518
 30
0.0
 10
984.01940377356
 20
-1215.296055286883
 30
0.0
 10
981.3248580052605
 20
-1217.605640772557
 30
0.0
 10
978.245351954336
 20
-1219.915284994924
 30
0.0
 10
973.6261222462963
 20
-1223.764652874406
 30
0.0
 10
969.0068631699096
 20
-1227.614020753888
 30
0.0
 10
964.387633461869
 20
-1231.848348915995
 30
0.0
 10
962.4629495221288
 20
-1233.388072573112
 30
0.0
 10
961.3081274109445
 20
-1233.773032855737
 30
0.0
 10
959.3834434712044
 20
-1232.233309198622
 30
0.0
 10
955.9190065060011
 20
-1229.923664976255
 30
0.0
 10
952.8395298234227
 20
-1227.61407949058
 30
0.0
 10
948.6052016613148
 20
-1224.534573439658
 30
0.0
 10
950.9148165153347
 20
-1223.379751328474
 30
0.0
 10
952.4545695407978
 20
-1222.994849782541
 30
0.0
 10
953.9943225662591
 20
-1221.840027671358
 30
0.0
 10
953.6093916519803
 20
-1221.455067388732
 30
0.0
 10
953.2244607377015
 20
-1221.070165842801
 30
0.0
 10
953.2244607377015
 20
-1221.070165842801
 30
0.0
 10
945.1407940644585
 20
-1221.840027671358
 30
0.0
 10
937.0571273912137
 20
-1222.609889499916
 30
0.0
 10
929.3583916322495
 20
-1223.379810065166
 30
0.0
 10
922.429517701843
 20
-1224.149671893723
 30
0.0
 10
917.4253570795245
 20
-1228.38400005583
 30
0.0
 10
912.421167088858
 20
-1232.233367935314
 30
0.0
 10
906.2621843553561
 20
-1236.852597643354
 30
0.0
 10
899.3333104249496
 20
-1238.777281583094
 30
0.0
 10
892.0195055802633
 20
-1239.932103694278
 30
0.0
 10
889.7098907262434
 20
-1240.317063976905
 30
0.0
 10
887.7852067865024
 20
-1242.241747916645
 30
0.0
 10
885.8605228467613
 20
-1243.011609745203
 30
0.0
 10
875.4672413194976
 20
-1246.47601734206
 30
0.0
 10
865.0739304238878
 20
-1249.940483675609
 30
0.0
 10
853.5258267854406
 20
-1253.789851555091
 30
0.0
 10
855.8354416394614
 20
-1243.78147157376
 30
0.0
 10
850.8312810171419
 20
-1237.237557925979
 30
0.0
 10
843.9024070867345
 20
-1230.693644278199
 30
0.0
 10
861.6094934586845
 20
-1222.609948236608
 30
0.0
 10
879.7015401132594
 20
-1221.070224579493
 30
0.0
 10
898.1784883137661
 20
-1220.685264296866
 30
0.0
 10
898.1784883137661
 20
-1220.300304014243
 30
0.0
 10
898.563419228045
 20
-1219.915402468308
 30
0.0
 10
898.563419228045
 20
-1219.530442185684
 30
0.0
 10
897.0236662025836
 20
-1218.375620074501
 30
0.0
 10
895.0989822628417
 20
-1217.220797963317
 30
0.0
 10
892.7893674088218
 20
-1215.296114023577
 30
0.0
 10
896.2538043740251
 20
-1214.141291912394
 30
0.0
 10
899.7182413392284
 20
-1212.216607972652
 30
0.0
 10
903.1826489360856
 20
-1211.831706426719
 30
0.0
 10
908.5717698410299
 20
-1210.676884315537
 30
0.0
 10
914.3458216602539
 20
-1210.291982769602
 30
0.0
 10
919.7349425651973
 20
-1209.907022486979
 30
0.0
 10
925.1240634701426
 20
-1209.522062204353
 30
0.0
 10
930.1282240924611
 20
-1209.522062204353
 30
0.0
 10
935.5173449974063
 20
-1209.907022486979
 30
0.0
 10
952.4545695407978
 20
-1210.291982769602
 30
0.0
 10
969.3917940841893
 20
-1211.06184459816
 30
0.0
 10
986.7139495418596
 20
-1211.831706426719
 30
0.0
 10
986.3290186275799
 20
-1212.216490499268
 30
0.0
 10
986.7139495418596
 20
-1212.601450781891
 30
0.0
 10
987.0989098244845
 20
-1212.986411064518
 30
0.0
  0
HATCH
  5
79
330
41
100
AcDbEntity
  8
katman 1
 62
    96
420
    32768
100
AcDbHatch
 10
0.0
 20
0.0
 30
0.0
210
0.0
220
0.0
230
1.0
  2
SOLID
 70
     1
 71
     0
 91
        1
 92
        1
 93
        1
 72
     4
 94
        3
 73
     0
 74
     1
 95
       65
 96
       61
 40
0.0
 40
0.0
 40
0.0
 40
0.0
 40
1.0
 40
1.0
 40
1.0
 40
2.0
 40
2.0
 40
2.0
 40
3.0
 40
3.0
 40
3.0
 40
4.0
 40
4.0
 40
4.0
 40
5.0
 40
5.0
 40
5.0
 40
6.0
 40
6.0
 40
6.0
 40
7.0
 40
7.0
 40
7.0
 40
8.0
 40
8.0
 40
8.0
 40
9.0
 40
9.0
 40
9.0
 40
10.0
 40
10.0
 40
10.0
 40
11.0
 40
11.0
 40
11.0
 40
12.0
 40
12.0
 40
12.0
 40
13.0
 40
13.0
 40
13.0
 40
14.0
 40
14.0
 40
14.0
 40
15.0
 40
15.0
 40
15.0
 40
16.0
 40
16.0
 40
16.0
 40
17.0
 40
17.0
 40
17.0
 40
18.0
 40
18.0
 40
18.0
 40
19.0
 40
19.0
 40
19.0
 40
20.0
 40
20.0
 40
20.0
 40
20.0
 10
987.0989098244845
 20
-1212.986411064518
 10
984.01940377356
 20
-1215.296055286883
 10
981.3248580052605
 20
-1217.605640772557
 10
978.245351954336
 20
-1219.915284994924
 10
973.6261222462963
 20
-1223.764652874406
 10
969.0068631699096
 20
-1227.614020753888
 10
964.387633461869
 20
-1231.848348915995
 10
962.4629495221288
 20
-1233.388072573112
 10
961.3081274109445
 20
-1233.773032855737
 10
959.3834434712044
 20
-1232.233309198622
 10
955.9190065060011
 20
-1229.923664976255
 10
952.8395298234227
 20
-1227.61407949058
 10
948.6052016613148
 20
-1224.534573439658
 10
950.9148165153347
 20
-1223.379751328474
 10
952.4545695407978
 20
-1222.994849782541
 10
953.9943225662591
 20
-1221.840027671358
 10
953.6093916519803
 20
-1221.455067388732
 10
953.2244607377015
 20
-1221.070165842801
 10
953.2244607377015
 20
-1221.070165842801
 10
945.1407940644585
 20
-1221.840027671358
 10
937.0571273912137
 20
-1222.609889499916
 10
929.3583916322495
 20
-1223.379810065166
 10
922.429517701843
 20
-1224.149671893723
 10
917.4253570795245
 20
-1228.38400005583
 10
912.421167088858
 20
-1232.233367935314
 10
906.2621843553561
 20
-1236.852597643354
 10
899.3333104249496
 20
-1238.777281583094
 10
892.0195055802633
 20
-1239.932103694278
 10
889.7098907262434
 20
-1240.317063976905
 10
887.7852067865024
 20
-1242.241747916645
 10
885.8605228467613
 20
-1243.011609745203
 10
875.4672413194976
 20
-1246.47601734206
 10
865.0739304238878
 20
-1249.940483675609
 10
853.5258267854406
 20
-1253.789851555091
 10
855.8354416394614
 20
-1243.78147157376
 10
850.8312810171419
 20
-1237.237557925979
 10
843.9024070867345
 20
-1230.693644278199
 10
861.6094934586845
 20
-1222.609948236608
 10
879.7015401132594
 20
-1221.070224579493
 10
898.1784883137661
 20
-1220.685264296866
 10
898.1784883137661
 20
-1220.300304014243
 10
898.563419228045
 20
-1219.915402468308
 10
898.563419228045
 20
-1219.530442185684
 10
897.0236662025836
 20
-1218.375620074501
 10
895.0989822628417
 20
-1217.220797963317
 10
892.7893674088218
 20
-1215.296114023577
 10
896.2538043740251
 20
-1214.141291912394
 10
899.7182413392284
 20
-1212.216607972652
 10
903.1826489360856
 20
-1211.831706426719
 10
908.5717698410299
 20
-1210.676884315537
 10
914.3458216602539
 20
-1210.291982769602
 10
919.7349425651973
 20
-1209.907022486979
 10
925.1240634701426
 20
-1209.522062204353
 10
930.1282240924611
 20
-1209.522062204353
 10
935.5173449974063
 20
-1209.907022486979
 10
952.4545695407978
 20
-1210.291982769602
 10
969.3917940841893
 20
-1211.06184459816
 10
986.7139495418596
 20
-1211.831706426719
 10
986.3290186275799
 20
-1212.216490499268
 10
986.7139495418596
 20
-1212.601450781891
 10
987.0989098244845
 20
-1212.986411064518
 97
        0
 97
        0
 75
     2
 76
     1
 98
        0
  0
SPLINE
  5
7A
330
41
100
AcDbEntity
  8
katman 1
370
     0
100
AcDbSpline
210
0.0
220
0.0
230
1.0
 70
    11
 71
     3
 72
    80
 73
    76
 74
     0
 42
0.0000000001
 43
0.0000000001
 12
1.0
 22
0.0
 32
0.0
 13
1.0
 23
0.0
 33
0.0
 40
0.0
 40
0.0
 40
0.0
 40
0.0
 40
1.0
 40
1.0
 40
1.0
 40
2.0
 40
2.0
 40
2.0
 40
3.0
 40
3.0
 40
3.0
 40
4.0
 40
4.0
 40
4.0
 40
5.0
 40
5.0
 40
5.0
 40
6.0
 40
6.0
 40
6.0
 40
7.0
 40
7.0
 40
7.0
 40
8.0
 40
8.0
 40
8.0
 40
9.0
 40
9.0
 40
9.0
 40
10.0
 40
10.0
 40
10.0
 40
11.0
 40
11.0
 40
11.0
 40
12.0
 40
12.0
 40
12.0
 40
13.0
 40
13.0
 40
13.0
 40
14.0
 40
14.0
 40
14.0
 40
15.0
 40
15.0
 40
15.0
 40
16.0
 40
16.0
 40
16.0
 40
17.0
 40
17.0
 40
17.0
 40
18.0
 40
18.0
 40
18.0
 40
19.0
 40
19.0
 40
19.0
 40
20.0
 40
20.0
 40
20.0
 40
21.0
 40
21.0
 40
21.0
 40
22.0
 40
22.0
 40
22.0
 40
23.0
 40
23.0
 40
23.0
 40
24.0
 40
24.0
 40
24.0
 40
25.0
 40
25.0
 40
25.0
 40
25.0
 10
1146.462716540374
 20
-1232.23325046193
 30
0.0
 10
1146.07775625775
 20
-1235.312756512853
 30
0.0
 10
1146.07775625775
 20
-1237.622341998527
 30
0.0
 10
1145.307894429192
 20
-1239.162124392336
 30
0.0
 10
1143.768170772075
 20
-1244.936176211559
 30
0.0
 10
1141.843486832335
 20
-1250.710228030783
 30
0.0
 10
1139.533842609968
 20
-1256.09931956738
 30
0.0
 10
1139.148882327343
 20
-1256.484279850007
 30
0.0
 10
1137.224198387601
 20
-1256.869181395938
 30
0.0
 10
1136.069435013111
 20
-1256.484279850007
 30
0.0
 10
1129.910422911262
 20
-1254.559595910265
 30
0.0
 10
1124.906291657289
 20
-1252.249951687898
 30
0.0
 10
1121.826785606365
 20
-1245.706038040116
 30
0.0
 10
1116.822595615698
 20
-1235.312756512853
 30
0.0
 10
1107.969037745552
 20
-1227.998922299821
 30
0.0
 10
1096.80589438973
 20
-1224.534514702966
 30
0.0
 10
1086.797514408398
 20
-1221.455008652039
 30
0.0
 10
1076.789193163761
 20
-1221.839968934666
 30
0.0
 10
1067.935635293612
 20
-1228.768842865073
 30
0.0
 10
1064.08626741413
 20
-1231.848348915995
 30
0.0
 10
1055.232709543983
 20
-1230.693526804813
 30
0.0
 10
1051.768301947126
 20
-1226.844158925331
 30
0.0
 10
1051.383341664499
 20
-1226.074297096773
 30
0.0
 10
1050.613479835942
 20
-1225.689336814146
 30
0.0
 10
1049.843618007384
 20
-1225.304435268215
 30
0.0
 10
1042.529842531045
 20
-1223.379751328474
 30
0.0
 10
1034.831106772081
 20
-1221.455067388732
 30
0.0
 10
1027.517272559049
 20
-1219.530383448991
 30
0.0
 10
1026.74741073049
 20
-1219.530383448991
 30
0.0
 10
1025.977548901932
 20
-1219.530383448991
 30
0.0
 10
1025.592588619307
 20
-1219.530383448991
 30
0.0
 10
1030.211818327347
 20
-1222.224929217289
 30
0.0
 10
1035.216008318013
 20
-1225.304435268215
 30
0.0
 10
1040.220198308678
 20
-1227.61407949058
 30
0.0
 10
1042.14488224842
 20
-1228.383941319138
 30
0.0
 10
1044.839428016719
 20
-1227.61407949058
 30
0.0
 10
1047.149072239084
 20
-1228.383941319138
 30
0.0
 10
1051.768301947126
 20
-1229.923664976255
 30
0.0
 10
1056.387531655166
 20
-1231.848348915995
 30
0.0
 10
1061.006820099898
 20
-1233.388131309805
 30
0.0
 10
1057.157452220416
 20
-1238.777222846402
 30
0.0
 10
1053.308084340933
 20
-1243.781412837068
 30
0.0
 10
1049.458716461451
 20
-1249.170563110358
 30
0.0
 10
1047.534032521711
 20
-1246.47601734206
 30
0.0
 10
1045.609348581969
 20
-1243.011551008511
 30
0.0
 10
1042.529842531045
 20
-1240.701965522836
 30
0.0
 10
1038.295514368938
 20
-1237.237557925979
 30
0.0
 10
1033.676284660898
 20
-1233.003229763872
 30
0.0
 10
1028.672094670232
 20
-1231.463506106757
 30
0.0
 10
1020.588398628643
 20
-1228.768960338457
 30
0.0
 10
1015.199307092043
 20
-1222.609948236608
 30
0.0
 10
1008.655393444262
 20
-1218.375678811193
 30
0.0
 10
1006.345778590243
 20
-1216.835955154078
 30
0.0
 10
1004.036163736222
 20
-1214.911271214336
 30
0.0
 10
1000.571726771019
 20
-1212.216666709344
 30
0.0
 10
1005.190956479059
 20
-1212.216666709344
 30
0.0
 10
1008.270462529983
 20
-1212.216666709344
 30
0.0
 10
1011.734899495186
 20
-1212.216666709344
 30
0.0
 10
1032.136561003781
 20
-1211.831706426719
 30
0.0
 10
1052.153262229751
 20
-1210.676943052229
 30
0.0
 10
1072.554923738346
 20
-1210.676943052229
 30
0.0
 10
1080.25365949731
 20
-1210.676943052229
 30
0.0
 10
1087.952395256274
 20
-1213.371488820529
 30
0.0
 10
1096.036091297865
 20
-1214.911271214336
 30
0.0
 10
1096.036091297865
 20
-1215.296231496961
 30
0.0
 10
1096.036091297865
 20
-1215.681133042894
 30
0.0
 10
1096.036091297865
 20
-1216.06609332552
 30
0.0
 10
1094.111407358123
 20
-1217.220915436703
 30
0.0
 10
1092.571683701008
 20
-1218.375737547885
 30
0.0
 10
1090.646999761266
 20
-1219.530500922378
 30
0.0
 10
1090.646999761266
 20
-1219.915461205001
 30
0.0
 10
1090.646999761266
 20
-1220.300362750935
 30
0.0
 10
1090.646999761266
 20
-1221.070224579493
 30
0.0
 10
1110.278681967917
 20
-1221.839910197974
 30
0.0
 10
1129.525521365329
 20
-1224.149554420339
 30
0.0
 10
1146.462716540374
 20
-1232.23325046193
 30
0.0
  0
HATCH
  5
7B
330
41
100
AcDbEntity
  8
katman 1
 62
    96
420
    32768
100
AcDbHatch
 10
0.0
 20
0.0
 30
0.0
210
0.0
220
0.0
230
1.0
  2
SOLID
 70
     1
 71
     0
 91
        1
 92
        1
 93
        1
 72
     4
 94
        3
 73
     0
 74
     1
 95
       80
 96
       76
 40
0.0
 40
0.0
 40
0.0
 40
0.0
 40
1.0
 40
1.0
 40
1.0
 40
2.0
 40
2.0
 40
2.0
 40
3.0
 40
3.0
 40
3.0
 40
4.0
 40
4.0
 40
4.0
 40
5.0
 40
5.0
 40
5.0
 40
6.0
 40
6.0
 40
6.0
 40
7.0
 40
7.0
 40
7.0
 40
8.0
 40
8.0
 40
8.0
 40
9.0
 40
9.0
 40
9.0
 40
10.0
 40
10.0
 40
10.0
 40
11.0
 40
11.0
 40
11.0
 40
12.0
 40
12.0
 40
12.0
 40
13.0
 40
13.0
 40
13.0
 40
14.0
 40
14.0
 40
14.0
 40
15.0
 40
15.0
 40
15.0
 40
16.0
 40
16.0
 40
16.0
 40
17.0
 40
17.0
 40
17.0
 40
18.0
 40
18.0
 40
18.0
 40
19.0
 40
19.0
 40
19.0
 40
20.0
 40
20.0
 40
20.0
 40
21.0
 40
21.0
 40
21.0
 40
22.0
 40
22.0
 40
22.0
 40
23.0
 40
23.0
 40
23.0
 40
24.0
 40
24.0
 40
24.0
 40
25.0
 40
25.0
 40
25.0
 40
25.0
 10
1146.462716540374
 20
-1232.23325046193
 10
1146.07775625775
 20
-1235.312756512853
 10
1146.07775625775
 20
-1237.622341998527
 10
1145.307894429192
 20
-1239.162124392336
 10
1143.768170772075
 20
-1244.936176211559
 10
1141.843486832335
 20
-1250.710228030783
 10
1139.533842609968
 20
-1256.09931956738
 10
1139.148882327343
 20
-1256.484279850007
 10
1137.224198387601
 20
-1256.869181395938
 10
1136.069435013111
 20
-1256.484279850007
 10
1129.910422911262
 20
-1254.559595910265
 10
1124.906291657289
 20
-1252.249951687898
 10
1121.826785606365
 20
-1245.706038040116
 10
1116.822595615698
 20
-1235.312756512853
 10
1107.969037745552
 20
-1227.998922299821
 10
1096.80589438973
 20
-1224.534514702966
 10
1086.797514408398
 20
-1221.455008652039
 10
1076.789193163761
 20
-1221.839968934666
 10
1067.935635293612
 20
-1228.768842865073
 10
1064.08626741413
 20
-1231.848348915995
 10
1055.232709543983
 20
-1230.693526804813
 10
1051.768301947126
 20
-1226.844158925331
 10
1051.383341664499
 20
-1226.074297096773
 10
1050.613479835942
 20
-1225.689336814146
 10
1049.843618007384
 20
-1225.304435268215
 10
1042.529842531045
 20
-1223.379751328474
 10
1034.831106772081
 20
-1221.455067388732
 10
1027.517272559049
 20
-1219.530383448991
 10
1026.74741073049
 20
-1219.530383448991
 10
1025.977548901932
 20
-1219.530383448991
 10
1025.592588619307
 20
-1219.530383448991
 10
1030.211818327347
 20
-1222.224929217289
 10
1035.216008318013
 20
-1225.304435268215
 10
1040.220198308678
 20
-1227.61407949058
 10
1042.14488224842
 20
-1228.383941319138
 10
1044.839428016719
 20
-1227.61407949058
 10
1047.149072239084
 20
-1228.383941319138
 10
1051.768301947126
 20
-1229.923664976255
 10
1056.387531655166
 20
-1231.848348915995
 10
1061.006820099898
 20
-1233.388131309805
 10
1057.157452220416
 20
-1238.777222846402
 10
1053.308084340933
 20
-1243.781412837068
 10
1049.458716461451
 20
-1249.170563110358
 10
1047.534032521711
 20
-1246.47601734206
 10
1045.609348581969
 20
-1243.011551008511
 10
1042.529842531045
 20
-1240.701965522836
 10
1038.295514368938
 20
-1237.237557925979
 10
1033.676284660898
 20
-1233.003229763872
 10
1028.672094670232
 20
-1231.463506106757
 10
1020.588398628643
 20
-1228.768960338457
 10
1015.199307092043
 20
-1222.609948236608
 10
1008.655393444262
 20
-1218.375678811193
 10
1006.345778590243
 20
-1216.835955154078
 10
1004.036163736222
 20
-1214.911271214336
 10
1000.571726771019
 20
-1212.216666709344
 10
1005.190956479059
 20
-1212.216666709344
 10
1008.270462529983
 20
-1212.216666709344
 10
1011.734899495186
 20
-1212.216666709344
 10
1032.136561003781
 20
-1211.831706426719
 10
1052.153262229751
 20
-1210.676943052229
 10
1072.554923738346
 20
-1210.676943052229
 10
1080.25365949731
 20
-1210.676943052229
 10
1087.952395256274
 20
-1213.371488820529
 10
1096.036091297865
 20
-1214.911271214336
 10
1096.036091297865
 20
-1215.296231496961
 10
1096.036091297865
 20
-1215.681133042894
 10
1096.036091297865
 20
-1216.06609332552
 10
1094.111407358123
 20
-1217.220915436703
 10
1092.571683701008
 20
-1218.375737547885
 10
1090.646999761266
 20
-1219.530500922378
 10
1090.646999761266
 20
-1219.915461205001
 10
1090.646999761266
 20
-1220.300362750935
 10
1090.646999761266
 20
-1221.070224579493
 10
1110.278681967917
 20
-1221.839910197974
 10
1129.525521365329
 20
-1224.149554420339
 10
1146.462716540374
 20
-1232.23325046193
 97
        0
 97
        0
 75
     2
 76
     1
 98
        0
  0
SPLINE
  5
7C
330
41
100
AcDbEntity
  8
katman 1
370
     0
100
AcDbSpline
210
0.0
220
0.0
230
1.0
 70
    11
 71
     3
 72
    44
 73
    40
 74
     0
 42
0.0000000001
 43
0.0000000001
 12
1.0
 22
0.0
 32
0.0
 13
1.0
 23
0.0
 33
0.0
 40
0.0
 40
0.0
 40
0.0
 40
0.0
 40
1.0
 40
1.0
 40
1.0
 40
2.0
 40
2.0
 40
2.0
 40
3.0
 40
3.0
 40
3.0
 40
4.0
 40
4.0
 40
4.0
 40
5.0
 40
5.0
 40
5.0
 40
6.0
 40
6.0
 40
6.0
 40
7.0
 40
7.0
 40
7.0
 40
8.0
 40
8.0
 40
8.0
 40
9.0
 40
9.0
 40
9.0
 40
10.0
 40
10.0
 40
10.0
 40
11.0
 40
11.0
 40
11.0
 40
12.0
 40
12.0
 40
12.0
 40
13.0
 40
13.0
 40
13.0
 40
13.0
 10
865.8438216207924
 20
-1286.509302320614
 30
0.0
 10
865.8438216207924
 20
-1284.584618380872
 30
0.0
 10
865.8438216207924
 20
-1283.044894723756
 30
0.0
 10
865.8438216207924
 20
-1281.505112329949
 30
0.0
 10
864.3040685953292
 20
-1281.890072612574
 30
0.0
 10
863.1492758524928
 20
-1282.274974158507
 30
0.0
 10
861.6095228270306
 20
-1282.659934441132
 30
0.0
 10
860.839660998472
 20
-1282.659934441132
 30
0.0
 10
860.0697698015683
 20
-1283.044894723756
 30
0.0
 10
859.2999079730107
 20
-1283.429796269689
 30
0.0
 10
849.6764882743046
 20
-1288.049025977729
 30
0.0
 10
849.6764882743046
 20
-1288.049025977729
 30
0.0
 10
845.4421894805437
 20
-1278.810566561649
 30
0.0
 10
844.2873673693603
 20
-1276.500922339283
 30
0.0
 10
842.7476437122441
 20
-1274.191336853608
 30
0.0
 10
841.5928216010616
 20
-1271.49679108531
 30
0.0
 10
840.4379994898782
 20
-1269.187146862943
 30
0.0
 10
839.2832067470408
 20
-1266.87756137727
 30
0.0
 10
838.1283846358583
 20
-1264.567917154904
 30
0.0
 10
847.3668734202847
 20
-1261.103509558046
 30
0.0
 10
855.8354710078074
 20
-1257.254141678564
 30
0.0
 10
864.689028877955
 20
-1254.559537173573
 30
0.0
 10
876.622063430681
 20
-1251.480031122648
 30
0.0
 10
887.0153743262908
 20
-1245.321077757491
 30
0.0
 10
898.9484088790168
 20
-1242.241571706567
 30
0.0
 10
900.1032309902002
 20
-1241.856611423942
 30
0.0
 10
901.6429546473155
 20
-1241.471709878009
 30
0.0
 10
903.9525988696823
 20
-1241.086749595384
 30
0.0
 10
896.638794024997
 20
-1251.480031122648
 30
0.0
 10
893.5593173424186
 20
-1262.643233215162
 30
0.0
 10
891.2496731200517
 20
-1274.191336853608
 30
0.0
 10
890.4798112914941
 20
-1277.270842904534
 30
0.0
 10
888.9400582660319
 20
-1279.195526844274
 30
0.0
 10
886.2454831293871
 20
-1279.965388672832
 30
0.0
 10
879.7015694816055
 20
-1282.275032895199
 30
0.0
 10
873.5425573797565
 20
-1284.199716834941
 30
0.0
 10
866.9986437319749
 20
-1286.509302320614
 30
0.0
 10
866.61368344935
 20
-1286.89426260324
 30
0.0
 10
866.2287525350712
 20
-1286.509302320614
 30
0.0
 10
865.8438216207924
 20
-1286.509302320614
 30
0.0
  0
HATCH
  5
7D
330
41
100
AcDbEntity
  8
katman 1
 62
    96
420
    32768
100
AcDbHatch
 10
0.0
 20
0.0
 30
0.0
210
0.0
220
0.0
230
1.0
  2
SOLID
 70
     1
 71
     0
 91
        1
 92
        1
 93
        1
 72
     4
 94
        3
 73
     0
 74
     1
 95
       44
 96
       40
 40
0.0
 40
0.0
 40
0.0
 40
0.0
 40
1.0
 40
1.0
 40
1.0
 40
2.0
 40
2.0
 40
2.0
 40
3.0
 40
3.0
 40
3.0
 40
4.0
 40
4.0
 40
4.0
 40
5.0
 40
5.0
 40
5.0
 40
6.0
 40
6.0
 40
6.0
 40
7.0
 40
7.0
 40
7.0
 40
8.0
 40
8.0
 40
8.0
 40
9.0
 40
9.0
 40
9.0
 40
10.0
 40
10.0
 40
10.0
 40
11.0
 40
11.0
 40
11.0
 40
12.0
 40
12.0
 40
12.0
 40
13.0
 40
13.0
 40
13.0
 40
13.0
 10
865.8438216207924
 20
-1286.509302320614
 10
865.8438216207924
 20
-1284.584618380872
 10
865.8438216207924
 20
-1283.044894723756
 10
865.8438216207924
 20
-1281.505112329949
 10
864.3040685953292
 20
-1281.890072612574
 10
863.1492758524928
 20
-1282.274974158507
 10
861.6095228270306
 20
-1282.659934441132
 10
860.839660998472
 20
-1282.659934441132
 10
860.0697698015683
 20
-1283.044894723756
 10
859.2999079730107
 20
-1283.429796269689
 10
849.6764882743046
 20
-1288.049025977729
 10
849.6764882743046
 20
-1288.049025977729
 10
845.4421894805437
 20
-1278.810566561649
 10
844.2873673693603
 20
-1276.500922339283
 10
842.7476437122441
 20
-1274.191336853608
 10
841.5928216010616
 20
-1271.49679108531
 10
840.4379994898782
 20
-1269.187146862943
 10
839.2832067470408
 20
-1266.87756137727
 10
838.1283846358583
 20
-1264.567917154904
 10
847.3668734202847
 20
-1261.103509558046
 10
855.8354710078074
 20
-1257.254141678564
 10
864.689028877955
 20
-1254.559537173573
 10
876.622063430681
 20
-1251.480031122648
 10
887.0153743262908
 20
-1245.321077757491
 10
898.9484088790168
 20
-1242.241571706567
 10
900.1032309902002
 20
-1241.856611423942
 10
901.6429546473155
 20
-1241.471709878009
 10
903.9525988696823
 20
-1241.086749595384
 10
896.638794024997
 20
-1251.480031122648
 10
893.5593173424186
 20
-1262.643233215162
 10
891.2496731200517
 20
-1274.191336853608
 10
890.4798112914941
 20
-1277.270842904534
 10
888.9400582660319
 20
-1279.195526844274
 10
886.2454831293871
 20
-1279.965388672832
 10
879.7015694816055
 20
-1282.275032895199
 10
873.5425573797565
 20
-1284.199716834941
 10
866.9986437319749
 20
-1286.509302320614
 10
866.61368344935
 20
-1286.89426260324
 10
866.2287525350712
 20
-1286.509302320614
 10
865.8438216207924
 20
-1286.509302320614
 97
        0
 97
        0
 75
     2
 76
     1
 98
        0
  0
SPLINE
  5
7E
330
41
100
AcDbEntity
  8
katman 1
370
     0
100
AcDbSpline
210
0.0
220
0.0
230
1.0
 70
    11
 71
     3
 72
    38
 73
    34
 74
     0
 42
0.0000000001
 43
0.0000000001
 12
1.0
 22
0.0
 32
0.0
 13
1.0
 23
0.0
 33
0.0
 40
0.0
 40
0.0
 40
0.0
 40
0.0
 40
1.0
 40
1.0
 40
1.0
 40
2.0
 40
2.0
 40
2.0
 40
3.0
 40
3.0
 40
3.0
 40
4.0
 40
4.0
 40
4.0
 40
5.0
 40
5.0
 40
5.0
 40
6.0
 40
6.0
 40
6.0
 40
7.0
 40
7.0
 40
7.0
 40
8.0
 40
8.0
 40
8.0
 40
9.0
 40
9.0
 40
9.0
 40
10.0
 40
10.0
 40
10.0
 40
11.0
 40
11.0
 40
11.0
 40
11.0
 10
1127.985738971522
 20
-1257.254141678564
 30
0.0
 10
1131.450146568379
 20
-1258.408963789747
 30
0.0
 10
1134.914612901928
 20
-1259.563785900929
 30
0.0
 10
1138.76398078141
 20
-1261.103509558046
 30
0.0
 10
1136.069435013111
 20
-1268.032383488453
 30
0.0
 10
1133.759790790744
 20
-1274.576297136235
 30
0.0
 10
1131.065245022444
 20
-1281.120210784014
 30
0.0
 10
1130.680284739819
 20
-1281.890072612574
 30
0.0
 10
1129.525521365329
 20
-1282.659934441132
 30
0.0
 10
1128.755600800079
 20
-1282.659934441132
 30
0.0
 10
1122.59658869823
 20
-1282.274974158507
 30
0.0
 10
1116.822536879006
 20
-1282.274974158507
 30
0.0
 10
1110.663583513851
 20
-1281.120210784014
 30
0.0
 10
1106.429255351743
 20
-1280.350348955457
 30
0.0
 10
1102.194985926328
 20
-1279.195526844274
 30
0.0
 10
1098.345618046846
 20
-1277.270842904534
 30
0.0
 10
1096.80589438973
 20
-1276.500981075977
 30
0.0
 10
1094.881210449988
 20
-1274.191336853608
 30
0.0
 10
1094.881210449988
 20
-1272.266652913868
 30
0.0
 10
1094.496250167364
 20
-1266.492601094644
 30
0.0
 10
1094.881210449988
 20
-1260.718549275422
 30
0.0
 10
1095.651072278546
 20
-1254.559537173573
 30
0.0
 10
1098.345618046846
 20
-1258.408905053055
 30
0.0
 10
1101.040163815145
 20
-1261.873312649912
 30
0.0
 10
1103.34980803751
 20
-1265.722680529394
 30
0.0
 10
1107.584136199619
 20
-1273.036456005733
 30
0.0
 10
1112.588267453591
 20
-1276.115962056658
 30
0.0
 10
1119.132239838065
 20
-1274.191278116916
 30
0.0
 10
1125.291251939914
 20
-1272.651554459801
 30
0.0
 10
1128.370699254147
 20
-1266.877502640578
 30
0.0
 10
1127.985797708214
 20
-1259.178766881612
 30
0.0
 10
1127.600837425587
 20
-1258.408905053055
 30
0.0
 10
1127.600837425587
 20
-1258.024003507122
 30
0.0
 10
1127.985738971522
 20
-1257.254141678564
 30
0.0
  0
HATCH
  5
7F
330
41
100
AcDbEntity
  8
katman 1
 62
     7
420
 16777215
100
AcDbHatch
 10
0.0
 20
0.0
 30
0.0
210
0.0
220
0.0
230
1.0
  2
SOLID
 70
     1
 71
     0
 91
        1
 92
        1
 93
        1
 72
     4
 94
        3
 73
     0
 74
     1
 95
       38
 96
       34
 40
0.0
 40
0.0
 40
0.0
 40
0.0
 40
1.0
 40
1.0
 40
1.0
 40
2.0
 40
2.0
 40
2.0
 40
3.0
 40
3.0
 40
3.0
 40
4.0
 40
4.0
 40
4.0
 40
5.0
 40
5.0
 40
5.0
 40
6.0
 40
6.0
 40
6.0
 40
7.0
 40
7.0
 40
7.0
 40
8.0
 40
8.0
 40
8.0
 40
9.0
 40
9.0
 40
9.0
 40
10.0
 40
10.0
 40
10.0
 40
11.0
 40
11.0
 40
11.0
 40
11.0
 10
1127.985738971522
 20
-1257.254141678564
 10
1131.450146568379
 20
-1258.408963789747
 10
1134.914612901928
 20
-1259.563785900929
 10
1138.76398078141
 20
-1261.103509558046
 10
1136.069435013111
 20
-1268.032383488453
 10
1133.759790790744
 20
-1274.576297136235
 10
1131.065245022444
 20
-1281.120210784014
 10
1130.680284739819
 20
-1281.890072612574
 10
1129.525521365329
 20
-1282.659934441132
 10
1128.755600800079
 20
-1282.659934441132
 10
1122.59658869823
 20
-1282.274974158507
 10
1116.822536879006
 20
-1282.274974158507
 10
1110.663583513851
 20
-1281.120210784014
 10
1106.429255351743
 20
-1280.350348955457
 10
1102.194985926328
 20
-1279.195526844274
 10
1098.345618046846
 20
-1277.270842904534
 10
1096.80589438973
 20
-1276.500981075977
 10
1094.881210449988
 20
-1274.191336853608
 10
1094.881210449988
 20
-1272.266652913868
 10
1094.496250167364
 20
-1266.492601094644
 10
1094.881210449988
 20
-1260.718549275422
 10
1095.651072278546
 20
-1254.559537173573
 10
1098.345618046846
 20
-1258.408905053055
 10
1101.040163815145
 20
-1261.873312649912
 10
1103.34980803751
 20
-1265.722680529394
 10
1107.584136199619
 20
-1273.036456005733
 10
1112.588267453591
 20
-1276.115962056658
 10
1119.132239838065
 20
-1274.191278116916
 10
1125.291251939914
 20
-1272.651554459801
 10
1128.370699254147
 20
-1266.877502640578
 10
1127.985797708214
 20
-1259.178766881612
 10
1127.600837425587
 20
-1258.408905053055
 10
1127.600837425587
 20
-1258.024003507122
 10
1127.985738971522
 20
-1257.254141678564
 97
        0
 97
        0
 75
     2
 76
     1
 98
        0
  0
ENDBLK
  5
44
330
41
100
AcDbEntity
  8
0
100
AcDbBlockEnd
  0
ENDSEC
  0
SECTION
  2
ENTITIES
  0
INSERT
  5
42
330
1F
100
AcDbEntity
  8
katman 1
100
AcDbBlockReference
  2
block 2
 10
0.0
 20
0.0
 30
0.0
  0
ENDSEC
  0
SECTION
  2
OBJECTS
  0
DICTIONARY
  5
C
330
0
100
AcDbDictionary
281
     1
  3
ACAD_GROUP
350
D
  3
ACAD_LAYOUT
350
1A
  3
ACAD_MATERIAL
350
3B
  3
ACAD_MLEADERSTYLE
350
81
  3
ACAD_MLINESTYLE
350
17
  3
ACAD_PLOTSETTINGS
350
19
  3
ACAD_PLOTSTYLENAME
350
E
  3
ACAD_TABLESTYLE
350
80
  3
ACAD_VISUALSTYLE
350
2A
  0
SUN
  5
3F
330
29
100
AcDbSun
 90
        1
290
     0
 63
     7
421
 16777215
 40
1.0
291
     1
 91
  2455826
 92
 54000000
292
     0
 70
     2
 71
   256
280
     1
  0
DICTIONARY
  5
D
102
{ACAD_REACTORS
330
C
102
}
330
C
100
AcDbDictionary
281
     1
  0
DICTIONARY
  5
1A
102
{ACAD_REACTORS
330
C
102
}
330
C
100
AcDbDictionary
281
     1
  3
Layout1
350
1E
  3
Layout2
350
26
  3
Model
350
22
  0
DICTIONARY
  5
3B
102
{ACAD_REACTORS
330
C
102
}
330
C
100
AcDbDictionary
281
     1
  3
ByBlock
350
3D
  3
ByLayer
350
3C
  3
Global
350
3E
  0
DICTIONARY
  5
81
102
{ACAD_REACTORS
330
C
102
}
330
C
100
AcDbDictionary
281
     1
  0
DICTIONARY
  5
17
102
{ACAD_REACTORS
330
C
102
}
330
C
100
AcDbDictionary
281
     1
  3
Standard
350
18
  0
DICTIONARY
  5
19
102
{ACAD_REACTORS
330
C
102
}
330
C
100
AcDbDictionary
281
     1
  0
ACDBDICTIONARYWDFLT
  5
E
102
{ACAD_REACTORS
330
C
102
}
330
C
100
AcDbDictionary
281
     1
  3
Normal
350
F
100
AcDbDictionaryWithDefault
340
F
  0
DICTIONARY
  5
80
102
{ACAD_REACTORS
330
C
102
}
330
C
100
AcDbDictionary
281
     1
  0
DICTIONARY
  5
2A
102
{ACAD_REACTORS
330
C
102
}
330
C
100
AcDbDictionary
281
     1
  3
2dWireframe
350
2F
  3
3D Hidden
350
31
  3
3dWireframe
350
30
  3
Basic
350
32
  3
Brighten
350
36
  3
ColorChange
350
3A
  3
Conceptual
350
34
  3
Dim
350
35
  3
Facepattern
350
39
  3
Flat
350
2B
  3
FlatWithEdges
350
2C
  3
Gouraud
350
2D
  3
GouraudWithEdges
350
2E
  3
Linepattern
350
38
  3
Realistic
350
33
  3
Thicken
350
37
  0
LAYOUT
  5
1E
102
{ACAD_REACTORS
330
1A
102
}
330
1A
100
AcDbPlotSettings
  1

  2
none_device
  4

  6

 40
0.0
 41
0.0
 42
0.0
 43
0.0
 44
0.0
 45
0.0
 46
0.0
 47
0.0
 48
0.0
 49
0.0
140
0.0
141
0.0
142
1.0
143
1.0
 70
   688
 72
     0
 73
     0
 74
     5
  7

 75
    16
 76
     0
 77
     2
 78
   300
147
1.0
148
0.0
149
0.0
100
AcDbLayout
  1
Layout1
 70
     1
 71
     1
 10
0.0
 20
0.0
 11
12.0
 21
9.0
 12
0.0
 22
0.0
 32
0.0
 14
1.000000000000000E+20
 24
1.000000000000000E+20
 34
1.000000000000000E+20
 15
-1.000000000000000E+20
 25
-1.000000000000000E+20
 35
-1.000000000000000E+20
146
0.0
 13
0.0
 23
0.0
 33
0.0
 16
1.0
 26
0.0
 36
0.0
 17
0.0
 27
1.0
 37
0.0
 76
     0
330
1B
  0
LAYOUT
  5
26
102
{ACAD_REACTORS
330
1A
102
}
330
1A
100
AcDbPlotSettings
  1

  2
none_device
  4

  6

 40
0.0
 41
0.0
 42
0.0
 43
0.0
 44
0.0
 45
0.0
 46
0.0
 47
0.0
 48
0.0
 49
0.0
140
0.0
141
0.0
142
1.0
143
1.0
 70
   688
 72
     0
 73
     0
 74
     5
  7

 75
    16
 76
     0
 77
     2
 78
   300
147
1.0
148
0.0
149
0.0
100
AcDbLayout
  1
Layout2
 70
     1
 71
     2
 10
0.0
 20
0.0
 11
0.0
 21
0.0
 12
0.0
 22
0.0
 32
0.0
 14
0.0
 24
0.0
 34
0.0
 15
0.0
 25
0.0
 35
0.0
146
0.0
 13
0.0
 23
0.0
 33
0.0
 16
1.0
 26
0.0
 36
0.0
 17
0.0
 27
1.0
 37
0.0
 76
     0
330
23
  0
LAYOUT
  5
22
102
{ACAD_REACTORS
330
1A
102
}
330
1A
100
AcDbPlotSettings
  1

  2
none_device
  4

  6

 40
0.0
 41
0.0
 42
0.0
 43
0.0
 44
0.0
 45
0.0
 46
0.0
 47
0.0
 48
0.0
 49
0.0
140
0.0
141
0.0
142
1.0
143
1.0
 70
  1712
 72
     0
 73
     0
 74
     0
  7

 75
     0
 76
     0
 77
     2
 78
   300
147
1.0
148
0.0
149
0.0
100
AcDbLayout
  1
Model
 70
     1
 71
     0
 10
0.0
 20
0.0
 11
12.0
 21
9.0
 12
0.0
 22
0.0
 32
0.0
 14
1.000000000000000E+20
 24
1.000000000000000E+20
 34
1.000000000000000E+20
 15
-1.000000000000000E+20
 25
-1.000000000000000E+20
 35
-1.000000000000000E+20
146
0.0
 13
0.0
 23
0.0
 33
0.0
 16
1.0
 26
0.0
 36
0.0
 17
0.0
 27
1.0
 37
0.0
 76
     0
330
1F
331
29
  0
MATERIAL
  5
3D
102
{ACAD_REACTORS
330
3B
102
}
330
3B
100
AcDbMaterial
  1
ByBlock
 72
     1
 94
      127
  0
MATERIAL
  5
3C
102
{ACAD_REACTORS
330
3B
102
}
330
3B
100
AcDbMaterial
  1
ByLayer
 72
     1
 94
      127
  0
MATERIAL
  5
3E
102
{ACAD_REACTORS
330
3B
102
}
330
3B
100
AcDbMaterial
  1
Global
 72
     1
 94
      127
  0
MLINESTYLE
  5
18
102
{ACAD_REACTORS
330
17
102
}
330
17
100
AcDbMlineStyle
  2
Standard
 70
     0
  3

 62
   256
 51
90.0
 52
90.0
 71
     2
 49
0.5
 62
   256
  6
BYLAYER
 49
-0.5
 62
   256
  6
BYLAYER
  0
ACDBPLACEHOLDER
  5
F
102
{ACAD_REACTORS
330
E
102
}
330
E
  0
VISUALSTYLE
  5
2F
102
{ACAD_REACTORS
330
2A
102
}
330
2A
100
AcDbVisualStyle
  2
2dWireframe
 70
     4
177
     2
291
     0
 71
     0
176
     1
 72
     2
176
     1
 73
     0
176
     1
 90
        0
176
     1
 40
-0.6
176
     1
 41
-30.0
176
     1
 62
     5
 63
     7
421
 16777215
176
     1
 74
     1
176
     1
 91
        4
176
     1
 64
     7
176
     1
 65
   257
176
     1
 75
     1
176
     1
175
     1
176
     1
 42
1.0
176
     1
 92
        0
176
     1
 66
   257
176
     1
 43
1.0
176
     1
 76
     1
176
     1
 77
     6
176
     1
 78
     2
176
     1
 67
     7
176
     1
 79
     5
176
     1
170
     0
176
     1
171
     0
176
     1
290
     0
176
     1
 93
        1
176
     1
 44
0.0
176
     1
173
     0
176
     1
  0
VISUALSTYLE
  5
31
102
{ACAD_REACTORS
330
2A
102
}
330
2A
100
AcDbVisualStyle
  2
3D Hidden
 70
     6
177
     2
291
     0
 71
     1
176
     1
 72
     2
176
     1
 73
     2
176
     1
 90
        0
176
     1
 40
-0.6
176
     1
 41
-30.0
176
     1
 62
     5
 63
     7
421
 16777215
176
     1
 74
     2
176
     1
 91
        2
176
     1
 64
     7
176
     1
 65
   257
176
     1
 75
     2
176
     1
175
     1
176
     1
 42
40.0
176
     1
 92
        0
176
     1
 66
   257
176
     1
 43
1.0
176
     1
 76
     1
176
     1
 77
     6
176
     1
 78
     2
176
     1
 67
     7
176
     1
 79
     3
176
     1
170
     0
176
     1
171
     0
176
     1
290
     0
176
     1
 93
        1
176
     1
 44
0.0
176
     1
173
     0
176
     1
  0
VISUALSTYLE
  5
30
102
{ACAD_REACTORS
330
2A
102
}
330
2A
100
AcDbVisualStyle
  2
3dWireframe
 70
     5
177
     2
291
     0
 71
     0
176
     1
 72
     2
176
     1
 73
     0
176
     1
 90
        0
176
     1
 40
-0.6
176
     1
 41
-30.0
176
     1
 62
     5
 63
     7
421
 16777215
176
     1
 74
     1
176
     1
 91
        4
176
     1
 64
     7
176
     1
 65
   257
176
     1
 75
     1
176
     1
175
     1
176
     1
 42
1.0
176
     1
 92
        0
176
     1
 66
   257
176
     1
 43
1.0
176
     1
 76
     1
176
     1
 77
     6
176
     1
 78
     2
176
     1
 67
     7
176
     1
 79
     5
176
     1
170
     0
176
     1
171
     0
176
     1
290
     0
176
     1
 93
        1
176
     1
 44
0.0
176
     1
173
     0
176
     1
  0
VISUALSTYLE
  5
32
102
{ACAD_REACTORS
330
2A
102
}
330
2A
100
AcDbVisualStyle
  2
Basic
 70
     7
177
     2
291
     1
 71
     1
176
     1
 72
     0
176
     1
 73
     1
176
     1
 90
        0
176
     1
 40
-0.6
176
     1
 41
-30.0
176
     1
 62
     5
 63
     7
421
 16777215
176
     1
 74
     0
176
     1
 91
        4
176
     1
 64
     7
176
     1
 65
   257
176
     1
 75
     1
176
     1
175
     1
176
     1
 42
1.0
176
     1
 92
        8
176
     1
 66
     7
176
     1
 43
1.0
176
     1
 76
     1
176
     1
 77
     6
176
     1
 78
     2
176
     1
 67
     7
176
     1
 79
     5
176
     1
170
     0
176
     1
171
     0
176
     1
290
     0
176
     1
 93
        1
176
     1
 44
0.0
176
     1
173
     0
176
     1
  0
VISUALSTYLE
  5
36
102
{ACAD_REACTORS
330
2A
102
}
330
2A
100
AcDbVisualStyle
  2
Brighten
 70
    12
177
     2
291
     1
 71
     2
176
     1
 72
     2
176
     1
 73
     0
176
     1
 90
        0
176
     1
 40
-0.6
176
     1
 41
-30.0
176
     1
 62
     5
 63
     7
421
 16777215
176
     1
 74
     1
176
     1
 91
        4
176
     1
 64
     7
176
     1
 65
   257
176
     1
 75
     1
176
     1
175
     1
176
     1
 42
1.0
176
     1
 92
        8
176
     1
 66
     7
176
     1
 43
1.0
176
     1
 76
     1
176
     1
 77
     6
176
     1
 78
     2
176
     1
 67
     7
176
     1
 79
     5
176
     1
170
     0
176
     1
171
     0
176
     1
290
     0
176
     1
 93
        1
176
     1
 44
50.0
176
     1
173
     0
176
     1
  0
VISUALSTYLE
  5
3A
102
{ACAD_REACTORS
330
2A
102
}
330
2A
100
AcDbVisualStyle
  2
ColorChange
 70
    16
177
     2
291
     1
 71
     2
176
     1
 72
     2
176
     1
 73
     3
176
     1
 90
        0
176
     1
 40
-0.6
176
     1
 41
-30.0
176
     1
 62
     5
 63
     8
421
  8421504
176
     1
 74
     1
176
     1
 91
        4
176
     1
 64
     7
176
     1
 65
   257
176
     1
 75
     1
176
     1
175
     1
176
     1
 42
1.0
176
     1
 92
        8
176
     1
 66
     8
424
  8421504
176
     1
 43
1.0
176
     1
 76
     1
176
     1
 77
     6
176
     1
 78
     2
176
     1
 67
     7
176
     1
 79
     5
176
     1
170
     0
176
     1
171
     0
176
     1
290
     0
176
     1
 93
        1
176
     1
 44
0.0
176
     1
173
     0
176
     1
  0
VISUALSTYLE
  5
34
102
{ACAD_REACTORS
330
2A
102
}
330
2A
100
AcDbVisualStyle
  2
Conceptual
 70
     9
177
     2
291
     0
 71
     3
176
     1
 72
     2
176
     1
 73
     0
176
     1
 90
        0
176
     1
 40
-0.6
176
     1
 41
-30.0
176
     1
 62
     5
 63
     7
421
 16777215
176
     1
 74
     2
176
     1
 91
        2
176
     1
 64
     7
176
     1
 65
   257
176
     1
 75
     1
176
     1
175
     1
176
     1
 42
40.0
176
     1
 92
        8
176
     1
 66
     7
176
     1
 43
1.0
176
     1
 76
     1
176
     1
 77
     6
176
     1
 78
     2
176
     1
 67
     7
176
     1
 79
     3
176
     1
170
     0
176
     1
171
     0
176
     1
290
     0
176
     1
 93
        1
176
     1
 44
0.0
176
     1
173
     0
176
     1
  0
VISUALSTYLE
  5
35
102
{ACAD_REACTORS
330
2A
102
}
330
2A
100
AcDbVisualStyle
  2
Dim
 70
    11
177
     2
291
     1
 71
     2
176
     1
 72
     2
176
     1
 73
     0
176
     1
 90
        0
176
     1
 40
-0.6
176
     1
 41
-30.0
176
     1
 62
     5
 63
     7
421
 16777215
176
     1
 74
     1
176
     1
 91
        4
176
     1
 64
     7
176
     1
 65
   257
176
     1
 75
     1
176
     1
175
     1
176
     1
 42
1.0
176
     1
 92
        8
176
     1
 66
     7
176
     1
 43
1.0
176
     1
 76
     1
176
     1
 77
     6
176
     1
 78
     2
176
     1
 67
     7
176
     1
 79
     5
176
     1
170
     0
176
     1
171
     0
176
     1
290
     0
176
     1
 93
        1
176
     1
 44
-50.0
176
     1
173
     0
176
     1
  0
VISUALSTYLE
  5
39
102
{ACAD_REACTORS
330
2A
102
}
330
2A
100
AcDbVisualStyle
  2
Facepattern
 70
    15
177
     2
291
     1
 71
     2
176
     1
 72
     2
176
     1
 73
     0
176
     1
 90
        0
176
     1
 40
-0.6
176
     1
 41
-30.0
176
     1
 62
     5
 63
     7
421
 16777215
176
     1
 74
     1
176
     1
 91
        4
176
     1
 64
     7
176
     1
 65
   257
176
     1
 75
     1
176
     1
175
     1
176
     1
 42
1.0
176
     1
 92
        8
176
     1
 66
     7
176
     1
 43
1.0
176
     1
 76
     1
176
     1
 77
     6
176
     1
 78
     2
176
     1
 67
     7
176
     1
 79
     5
176
     1
170
     0
176
     1
171
     0
176
     1
290
     0
176
     1
 93
        1
176
     1
 44
0.0
176
     1
173
     0
176
     1
  0
VISUALSTYLE
  5
2B
102
{ACAD_REACTORS
330
2A
102
}
330
2A
100
AcDbVisualStyle
  2
Flat
 70
     0
177
     2
291
     1
 71
     2
176
     1
 72
     1
176
     1
 73
     1
176
     1
 90
        2
176
     1
 40
-0.6
176
     1
 41
30.0
176
     1
 62
     5
 63
     7
421
 16777215
176
     1
 74
     0
176
     1
 91
        4
176
     1
 64
     7
176
     1
 65
   257
176
     1
 75
     1
176
     1
175
     1
176
     1
 42
1.0
176
     1
 92
        8
176
     1
 66
     7
176
     1
 43
1.0
176
     1
 76
     1
176
     1
 77
     6
176
     1
 78
     2
176
     1
 67
     7
176
     1
 79
     5
176
     1
170
     0
176
     1
171
     0
176
     1
290
     0
176
     1
 93
       13
176
     1
 44
0.0
176
     1
173
     0
176
     1
  0
VISUALSTYLE
  5
2C
102
{ACAD_REACTORS
330
2A
102
}
330
2A
100
AcDbVisualStyle
  2
FlatWithEdges
 70
     1
177
     2
291
     1
 71
     2
176
     1
 72
     1
176
     1
 73
     1
176
     1
 90
        2
176
     1
 40
-0.6
176
     1
 41
30.0
176
     1
 62
     5
 63
     7
421
 16777215
176
     1
 74
     1
176
     1
 91
        4
176
     1
 64
     7
176
     1
 65
   257
176
     1
 75
     1
176
     1
175
     1
176
     1
 42
1.0
176
     1
 92
        0
176
     1
 66
   257
176
     1
 43
1.0
176
     1
 76
     1
176
     1
 77
     6
176
     1
 78
     2
176
     1
 67
     7
176
     1
 79
     5
176
     1
170
     0
176
     1
171
     0
176
     1
290
     0
176
     1
 93
       13
176
     1
 44
0.0
176
     1
173
     0
176
     1
  0
VISUALSTYLE
  5
2D
102
{ACAD_REACTORS
330
2A
102
}
330
2A
100
AcDbVisualStyle
  2
Gouraud
 70
     2
177
     2
291
     1
 71
     2
176
     1
 72
     2
176
     1
 73
     1
176
     1
 90
        2
176
     1
 40
-0.6
176
     1
 41
30.0
176
     1
 62
     5
 63
     7
421
 16777215
176
     1
 74
     0
176
     1
 91
        4
176
     1
 64
     7
176
     1
 65
   257
176
     1
 75
     1
176
     1
175
     1
176
     1
 42
1.0
176
     1
 92
        0
176
     1
 66
     7
176
     1
 43
1.0
176
     1
 76
     1
176
     1
 77
     6
176
     1
 78
     2
176
     1
 67
     7
176
     1
 79
     5
176
     1
170
     0
176
     1
171
     0
176
     1
290
     0
176
     1
 93
       13
176
     1
 44
0.0
176
     1
173
     0
176
     1
  0
VISUALSTYLE
  5
2E
102
{ACAD_REACTORS
330
2A
102
}
330
2A
100
AcDbVisualStyle
  2
GouraudWithEdges
 70
     3
177
     2
291
     1
 71
     2
176
     1
 72
     2
176
     1
 73
     1
176
     1
 90
        2
176
     1
 40
-0.6
176
     1
 41
30.0
176
     1
 62
     5
 63
     7
421
 16777215
176
     1
 74
     1
176
     1
 91
        4
176
     1
 64
     7
176
     1
 65
   257
176
     1
 75
     1
176
     1
175
     1
176
     1
 42
1.0
176
     1
 92
        0
176
     1
 66
   257
176
     1
 43
1.0
176
     1
 76
     1
176
     1
 77
     6
176
     1
 78
     2
176
     1
 67
     7
176
     1
 79
     5
176
     1
170
     0
176
     1
171
     0
176
     1
290
     0
176
     1
 93
       13
176
     1
 44
0.0
176
     1
173
     0
176
     1
  0
VISUALSTYLE
  5
38
102
{ACAD_REACTORS
330
2A
102
}
330
2A
100
AcDbVisualStyle
  2
Linepattern
 70
    14
177
     2
291
     1
 71
     2
176
     1
 72
     2
176
     1
 73
     0
176
     1
 90
        0
176
     1
 40
-0.6
176
     1
 41
-30.0
176
     1
 62
     5
 63
     7
421
 16777215
176
     1
 74
     1
176
     1
 91
        4
176
     1
 64
     7
176
     1
 65
   257
176
     1
 75
     7
176
     1
175
     7
176
     1
 42
1.0
176
     1
 92
        8
176
     1
 66
     7
176
     1
 43
1.0
176
     1
 76
     1
176
     1
 77
     6
176
     1
 78
     2
176
     1
 67
     7
176
     1
 79
     5
176
     1
170
     0
176
     1
171
     0
176
     1
290
     0
176
     1
 93
        1
176
     1
 44
0.0
176
     1
173
     0
176
     1
  0
VISUALSTYLE
  5
33
102
{ACAD_REACTORS
330
2A
102
}
330
2A
100
AcDbVisualStyle
  2
Realistic
 70
     8
177
     2
291
     0
 71
     2
176
     1
 72
     2
176
     1
 73
     0
176
     1
 90
        0
176
     1
 40
-0.6
176
     1
 41
-30.0
176
     1
 62
     5
 63
     7
421
 16777215
176
     1
 74
     1
176
     1
 91
        0
176
     1
 64
     7
176
     1
 65
   257
176
     1
 75
     1
176
     1
175
     1
176
     1
 42
1.0
176
     1
 92
        8
176
     1
 66
     8
424
  7895160
176
     1
 43
1.0
176
     1
 76
     1
176
     1
 77
     6
176
     1
 78
     2
176
     1
 67
     7
176
     1
 79
     5
176
     1
170
     0
176
     1
171
     0
176
     1
290
     0
176
     1
 93
       13
176
     1
 44
0.0
176
     1
173
     0
176
     1
  0
VISUALSTYLE
  5
37
102
{ACAD_REACTORS
330
2A
102
}
330
2A
100
AcDbVisualStyle
  2
Thicken
 70
    13
177
     2
291
     1
 71
     2
176
     1
 72
     2
176
     1
 73
     0
176
     1
 90
        0
176
     1
 40
-0.6
176
     1
 41
-30.0
176
     1
 62
     5
 63
     7
421
 16777215
176
     1
 74
     1
176
     1
 91
        4
176
     1
 64
     7
176
     1
 65
   257
176
     1
 75
     1
176
     1
175
     1
176
     1
 42
1.0
176
     1
 92
       12
176
     1
 66
     7
176
     1
 43
1.0
176
     1
 76
     1
176
     1
 77
     6
176
     1
 78
     2
176
     1
 67
     7
176
     1
 79
     5
176
     1
170
     0
176
     1
171
     0
176
     1
290
     0
176
     1
 93
        1
176
     1
 44
0.0
176
     1
173
     0
176
     1
  0
ENDSEC
  0
EOF
