  0
SECTION
  2
HEADER
  9
$ACADVER
  1
AC1024
  9
$ACADMAINTVER
 70
     6
  9
$DWGCODEPAGE
  3
ANSI_1254
  9
$INSBASE
 10
0.0
 20
0.0
 30
0.0
  9
$EXTMIN
 10
1.000000000000000E+20
 20
1.000000000000000E+20
 30
1.000000000000000E+20
  9
$EXTMAX
 10
-1.000000000000000E+20
 20
-1.000000000000000E+20
 30
-1.000000000000000E+20
  9
$LIMMIN
 10
0.0
 20
0.0
  9
$LIMMAX
 10
12.0
 20
9.0
  9
$ORTHOMODE
 70
     0
  9
$REGENMODE
 70
     1
  9
$FILLMODE
 70
     1
  9
$QTEXTMODE
 70
     0
  9
$MIRRTEXT
 70
     1
  9
$LTSCALE
 40
1.0
  9
$ATTMODE
 70
     1
  9
$TEXTSIZE
 40
0.2
  9
$TRACEWID
 40
0.05
  9
$TEXTSTYLE
  7
Standard
  9
$CLAYER
  8
0
  9
$CELTYPE
  6
ByLayer
  9
$CECOLOR
 62
   256
  9
$CELTSCALE
 40
1.0
  9
$DISPSILH
 70
     0
  9
$DIMSCALE
 40
1.0
  9
$DIMASZ
 40
0.18
  9
$DIMEXO
 40
0.0625
  9
$DIMDLI
 40
0.38
  9
$DIMRND
 40
0.0
  9
$DIMDLE
 40
0.0
  9
$DIMEXE
 40
0.18
  9
$DIMTP
 40
0.0
  9
$DIMTM
 40
0.0
  9
$DIMTXT
 40
0.18
  9
$DIMCEN
 40
0.09
  9
$DIMTSZ
 40
0.0
  9
$DIMTOL
 70
     0
  9
$DIMLIM
 70
     0
  9
$DIMTIH
 70
     1
  9
$DIMTOH
 70
     1
  9
$DIMSE1
 70
     0
  9
$DIMSE2
 70
     0
  9
$DIMTAD
 70
     0
  9
$DIMZIN
 70
     0
  9
$DIMBLK
  1

  9
$DIMASO
 70
     1
  9
$DIMSHO
 70
     1
  9
$DIMPOST
  1

  9
$DIMAPOST
  1

  9
$DIMALT
 70
     0
  9
$DIMALTD
 70
     2
  9
$DIMALTF
 40
25.4
  9
$DIMLFAC
 40
1.0
  9
$DIMTOFL
 70
     0
  9
$DIMTVP
 40
0.0
  9
$DIMTIX
 70
     0
  9
$DIMSOXD
 70
     0
  9
$DIMSAH
 70
     0
  9
$DIMBLK1
  1

  9
$DIMBLK2
  1

  9
$DIMSTYLE
  2
Standard
  9
$DIMCLRD
 70
     0
  9
$DIMCLRE
 70
     0
  9
$DIMCLRT
 70
     0
  9
$DIMTFAC
 40
1.0
  9
$DIMGAP
 40
0.09
  9
$DIMJUST
 70
     0
  9
$DIMSD1
 70
     0
  9
$DIMSD2
 70
     0
  9
$DIMTOLJ
 70
     1
  9
$DIMTZIN
 70
     0
  9
$DIMALTZ
 70
     0
  9
$DIMALTTZ
 70
     0
  9
$DIMUPT
 70
     0
  9
$DIMDEC
 70
     4
  9
$DIMTDEC
 70
     4
  9
$DIMALTU
 70
     2
  9
$DIMALTTD
 70
     2
  9
$DIMTXSTY
  7
Standard
  9
$DIMAUNIT
 70
     0
  9
$DIMADEC
 70
     0
  9
$DIMALTRND
 40
0.0
  9
$DIMAZIN
 70
     0
  9
$DIMDSEP
 70
    46
  9
$DIMATFIT
 70
     3
  9
$DIMFRAC
 70
     0
  9
$DIMLDRBLK
  1

  9
$DIMLUNIT
 70
     2
  9
$DIMLWD
 70
    -2
  9
$DIMLWE
 70
    -2
  9
$DIMTMOVE
 70
     0
  9
$DIMFXL
 40
1.0
  9
$DIMFXLON
 70
     0
  9
$DIMJOGANG
 40
0.7853981633974483
  9
$DIMTFILL
 70
     0
  9
$DIMTFILLCLR
 70
     0
  9
$DIMARCSYM
 70
     0
  9
$DIMLTYPE
  6

  9
$DIMLTEX1
  6

  9
$DIMLTEX2
  6

  9
$DIMTXTDIRECTION
 70
     0
  9
$LUNITS
 70
     2
  9
$LUPREC
 70
     4
  9
$SKETCHINC
 40
0.1
  9
$FILLETRAD
 40
0.5
  9
$AUNITS
 70
     0
  9
$AUPREC
 70
     0
  9
$MENU
  1
.
  9
$ELEVATION
 40
0.0
  9
$PELEVATION
 40
0.0
  9
$THICKNESS
 40
0.0
  9
$LIMCHECK
 70
     0
  9
$CHAMFERA
 40
0.5
  9
$CHAMFERB
 40
0.5
  9
$CHAMFERC
 40
1.0
  9
$CHAMFERD
 40
0.0
  9
$SKPOLY
 70
     0
  9
$TDCREATE
 40
2459393.633937778
  9
$TDUCREATE
 40
2459393.508937778
  9
$TDUPDATE
 40
2459393.633937812
  9
$TDUUPDATE
 40
2459393.508937812
  9
$TDINDWG
 40
0.0000000116
  9
$TDUSRTIMER
 40
0.0000000116
  9
$USRTIMER
 70
     1
  9
$ANGBASE
 50
0.0
  9
$ANGDIR
 70
     0
  9
$PDMODE
 70
     0
  9
$PDSIZE
 40
0.0
  9
$PLINEWID
 40
0.0
  9
$SPLFRAME
 70
     0
  9
$SPLINETYPE
 70
     6
  9
$SPLINESEGS
 70
     8
  9
$HANDSEED
  5
73
  9
$SURFTAB1
 70
     6
  9
$SURFTAB2
 70
     6
  9
$SURFTYPE
 70
     6
  9
$SURFU
 70
     6
  9
$SURFV
 70
     6
  9
$UCSBASE
  2

  9
$UCSNAME
  2

  9
$UCSORG
 10
0.0
 20
0.0
 30
0.0
  9
$UCSXDIR
 10
1.0
 20
0.0
 30
0.0
  9
$UCSYDIR
 10
0.0
 20
1.0
 30
0.0
  9
$UCSORTHOREF
  2

  9
$UCSORTHOVIEW
 70
     0
  9
$UCSORGTOP
 10
0.0
 20
0.0
 30
0.0
  9
$UCSORGBOTTOM
 10
0.0
 20
0.0
 30
0.0
  9
$UCSORGLEFT
 10
0.0
 20
0.0
 30
0.0
  9
$UCSORGRIGHT
 10
0.0
 20
0.0
 30
0.0
  9
$UCSORGFRONT
 10
0.0
 20
0.0
 30
0.0
  9
$UCSORGBACK
 10
0.0
 20
0.0
 30
0.0
  9
$PUCSBASE
  2

  9
$PUCSNAME
  2

  9
$PUCSORG
 10
0.0
 20
0.0
 30
0.0
  9
$PUCSXDIR
 10
1.0
 20
0.0
 30
0.0
  9
$PUCSYDIR
 10
0.0
 20
1.0
 30
0.0
  9
$PUCSORTHOREF
  2

  9
$PUCSORTHOVIEW
 70
     0
  9
$PUCSORGTOP
 10
0.0
 20
0.0
 30
0.0
  9
$PUCSORGBOTTOM
 10
0.0
 20
0.0
 30
0.0
  9
$PUCSORGLEFT
 10
0.0
 20
0.0
 30
0.0
  9
$PUCSORGRIGHT
 10
0.0
 20
0.0
 30
0.0
  9
$PUCSORGFRONT
 10
0.0
 20
0.0
 30
0.0
  9
$PUCSORGBACK
 10
0.0
 20
0.0
 30
0.0
  9
$USERI1
 70
     0
  9
$USERI2
 70
     0
  9
$USERI3
 70
     0
  9
$USERI4
 70
     0
  9
$USERI5
 70
     0
  9
$USERR1
 40
0.0
  9
$USERR2
 40
0.0
  9
$USERR3
 40
0.0
  9
$USERR4
 40
0.0
  9
$USERR5
 40
0.0
  9
$WORLDVIEW
 70
     1
  9
$SHADEDGE
 70
     3
  9
$SHADEDIF
 70
    70
  9
$TILEMODE
 70
     1
  9
$MAXACTVP
 70
    64
  9
$PINSBASE
 10
0.0
 20
0.0
 30
0.0
  9
$PLIMCHECK
 70
     0
  9
$PEXTMIN
 10
1.000000000000000E+20
 20
1.000000000000000E+20
 30
1.000000000000000E+20
  9
$PEXTMAX
 10
-1.000000000000000E+20
 20
-1.000000000000000E+20
 30
-1.000000000000000E+20
  9
$PLIMMIN
 10
0.0
 20
0.0
  9
$PLIMMAX
 10
12.0
 20
9.0
  9
$UNITMODE
 70
     0
  9
$VISRETAIN
 70
     1
  9
$PLINEGEN
 70
     0
  9
$PSLTSCALE
 70
     1
  9
$TREEDEPTH
 70
  3020
  9
$CMLSTYLE
  2
Standard
  9
$CMLJUST
 70
     0
  9
$CMLSCALE
 40
1.0
  9
$PROXYGRAPHICS
 70
     1
  9
$MEASUREMENT
 70
     0
  9
$CELWEIGHT
370
    -1
  9
$ENDCAPS
280
     0
  9
$JOINSTYLE
280
     0
  9
$LWDISPLAY
290
     1
  9
$INSUNITS
 70
     0
  9
$HYPERLINKBASE
  1

  9
$STYLESHEET
  1

  9
$XEDIT
290
     1
  9
$CEPSNTYPE
380
     0
  9
$PSTYLEMODE
290
     1
  9
$FINGERPRINTGUID
  2
{7C77D8C3-F6D1-4177-8B4E-531AC7179A00}
  9
$VERSIONGUID
  2
{FAEB1C32-E019-11D5-929B-00C0DF256EC4}
  9
$EXTNAMES
290
     1
  9
$PSVPSCALE
 40
0.0
  9
$OLESTARTUP
290
     0
  9
$SORTENTS
280
   127
  9
$INDEXCTL
280
     0
  9
$HIDETEXT
280
     1
  9
$XCLIPFRAME
280
     2
  9
$HALOGAP
280
     0
  9
$OBSCOLOR
 70
   257
  9
$OBSLTYPE
280
     0
  9
$INTERSECTIONDISPLAY
280
     0
  9
$INTERSECTIONCOLOR
 70
   257
  9
$DIMASSOC
280
     2
  9
$PROJECTNAME
  1

  9
$CAMERADISPLAY
290
     0
  9
$LENSLENGTH
 40
50.0
  9
$CAMERAHEIGHT
 40
0.0
  9
$STEPSPERSEC
 40
2.0
  9
$STEPSIZE
 40
6.0
  9
$3DDWFPREC
 40
2.0
  9
$PSOLWIDTH
 40
0.25
  9
$PSOLHEIGHT
 40
4.0
  9
$LOFTANG1
 40
1.570796326794897
  9
$LOFTANG2
 40
1.570796326794897
  9
$LOFTMAG1
 40
0.0
  9
$LOFTMAG2
 40
0.0
  9
$LOFTPARAM
 70
     7
  9
$LOFTNORMALS
280
     1
  9
$LATITUDE
 40
37.795
  9
$LONGITUDE
 40
-122.394
  9
$NORTHDIRECTION
 40
0.0
  9
$TIMEZONE
 70
 -8000
  9
$LIGHTGLYPHDISPLAY
280
     1
  9
$TILEMODELIGHTSYNCH
280
     1
  9
$CMATERIAL
347
3C
  9
$SOLIDHIST
280
     1
  9
$SHOWHIST
280
     1
  9
$DWFFRAME
280
     2
  9
$DGNFRAME
280
     2
  9
$REALWORLDSCALE
290
     1
  9
$INTERFERECOLOR
 62
   256
  9
$CSHADOW
280
     0
  9
$SHADOWPLANELOCATION
 40
0.0
  0
ENDSEC
  0
SECTION
  2
CLASSES
  0
CLASS
  1
ACDBDICTIONARYWDFLT
  2
AcDbDictionaryWithDefault
  3
ObjectDBX Classes
 90
        0
 91
        4
280
     0
281
     0
  0
CLASS
  1
VISUALSTYLE
  2
AcDbVisualStyle
  3
ObjectDBX Classes
 90
     4095
 91
        4
280
     0
281
     0
  0
CLASS
  1
MATERIAL
  2
AcDbMaterial
  3
ObjectDBX Classes
 90
     1153
 91
        4
280
     0
281
     0
  0
CLASS
  1
SUN
  2
AcDbSun
  3
SCENEOE
 90
     1024
 91
        4
280
     0
281
     0
  0
ENDSEC
  0
SECTION
  2
TABLES
  0
TABLE
  2
VPORT
  5
8
330
0
100
AcDbSymbolTable
 70
     1
  0
VPORT
  5
29
330
8
100
AcDbSymbolTableRecord
100
AcDbViewportTableRecord
  2
*Active
 70
     0
 10
0.0
 20
0.0
 11
1.0
 21
1.0
 12
0.0
 22
0.0
 13
0.0
 23
0.0
 14
0.5
 24
0.5
 15
0.5
 25
0.5
 16
0.0
 26
0.0
 36
1.0
 17
939.487789670874
 27
-970.7240883052891
 37
0.0
 40
899.2249565406855
 41
1.164363169685768
 42
50.0
 43
0.0
 44
0.0
 50
0.0
 51
0.0
 71
     0
 72
   100
 73
     1
 74
     3
 75
     0
 76
     0
 77
     0
 78
     0
281
     0
 65
     1
110
0.0
120
0.0
130
0.0
111
1.0
121
0.0
131
0.0
112
0.0
122
1.0
132
0.0
 79
     0
146
0.0
 60
     3
 61
     5
292
     1
282
     1
141
0.0
142
0.0
 63
   250
361
3F
  0
ENDTAB
  0
TABLE
  2
LTYPE
  5
5
330
0
100
AcDbSymbolTable
 70
     1
  0
LTYPE
  5
14
330
5
100
AcDbSymbolTableRecord
100
AcDbLinetypeTableRecord
  2
ByBlock
 70
     0
  3

 72
    65
 73
     0
 40
0.0
  0
LTYPE
  5
15
330
5
100
AcDbSymbolTableRecord
100
AcDbLinetypeTableRecord
  2
ByLayer
 70
     0
  3

 72
    65
 73
     0
 40
0.0
  0
LTYPE
  5
16
330
5
100
AcDbSymbolTableRecord
100
AcDbLinetypeTableRecord
  2
Continuous
 70
     0
  3
Solid line
 72
    65
 73
     0
 40
0.0
  0
ENDTAB
  0
TABLE
  2
LAYER
  5
2
330
0
100
AcDbSymbolTable
 70
     2
  0
LAYER
  5
10
330
2
100
AcDbSymbolTableRecord
100
AcDbLayerTableRecord
  2
0
 70
     0
 62
     7
  6
Continuous
370
    -3
390
F
347
3E
  0
LAYER
  5
40
330
2
100
AcDbSymbolTableRecord
100
AcDbLayerTableRecord
  2
katman 1
 70
     0
 62
     7
  6
Continuous
370
    -3
390
F
347
3E
  0
ENDTAB
  0
TABLE
  2
STYLE
  5
3
330
0
100
AcDbSymbolTable
 70
     1
  0
STYLE
  5
11
330
3
100
AcDbSymbolTableRecord
100
AcDbTextStyleTableRecord
  2
Standard
 70
     0
 40
0.0
 41
1.0
 50
0.0
 71
     0
 42
0.2
  3
txt
  4

  0
ENDTAB
  0
TABLE
  2
VIEW
  5
6
330
0
100
AcDbSymbolTable
 70
     0
  0
ENDTAB
  0
TABLE
  2
UCS
  5
7
330
0
100
AcDbSymbolTable
 70
     0
  0
ENDTAB
  0
TABLE
  2
APPID
  5
9
330
0
100
AcDbSymbolTable
 70
     1
  0
APPID
  5
12
330
9
100
AcDbSymbolTableRecord
100
AcDbRegAppTableRecord
  2
ACAD
 70
     0
  0
ENDTAB
  0
TABLE
  2
DIMSTYLE
  5
A
330
0
100
AcDbSymbolTable
 70
     1
100
AcDbDimStyleTable
  0
DIMSTYLE
105
27
330
A
100
AcDbSymbolTableRecord
100
AcDbDimStyleTableRecord
  2
Standard
 70
     0
178
     0
340
11
  0
ENDTAB
  0
TABLE
  2
BLOCK_RECORD
  5
1
330
0
100
AcDbSymbolTable
 70
     2
  0
BLOCK_RECORD
  5
1F
330
1
100
AcDbSymbolTableRecord
100
AcDbBlockTableRecord
  2
*Model_Space
340
22
 70
     0
280
     1
281
     0
  0
BLOCK_RECORD
  5
1B
330
1
100
AcDbSymbolTableRecord
100
AcDbBlockTableRecord
  2
*Paper_Space
340
1E
 70
     0
280
     1
281
     0
  0
BLOCK_RECORD
  5
23
330
1
100
AcDbSymbolTableRecord
100
AcDbBlockTableRecord
  2
*Paper_Space0
340
26
 70
     0
280
     1
281
     0
  0
BLOCK_RECORD
  5
41
330
1
100
AcDbSymbolTableRecord
100
AcDbBlockTableRecord
  2
block 2
340
0
102
{BLKREFS
331
42
102
}
 70
     0
280
     1
281
     0
  0
ENDTAB
  0
ENDSEC
  0
SECTION
  2
BLOCKS
  0
BLOCK
  5
20
330
1F
100
AcDbEntity
  8
0
100
AcDbBlockBegin
  2
*Model_Space
 70
     0
 10
0.0
 20
0.0
 30
0.0
  3
*Model_Space
  1

  0
ENDBLK
  5
21
330
1F
100
AcDbEntity
  8
0
100
AcDbBlockEnd
  0
BLOCK
  5
1C
330
1B
100
AcDbEntity
 67
     1
  8
0
100
AcDbBlockBegin
  2
*Paper_Space
 70
     0
 10
0.0
 20
0.0
 30
0.0
  3
*Paper_Space
  1

  0
ENDBLK
  5
1D
330
1B
100
AcDbEntity
 67
     1
  8
0
100
AcDbBlockEnd
  0
BLOCK
  5
24
330
23
100
AcDbEntity
  8
0
100
AcDbBlockBegin
  2
*Paper_Space0
 70
     0
 10
0.0
 20
0.0
 30
0.0
  3
*Paper_Space0
  1

  0
ENDBLK
  5
25
330
23
100
AcDbEntity
  8
0
100
AcDbBlockEnd
  0
BLOCK
  5
43
330
41
100
AcDbEntity
  8
0
100
AcDbBlockBegin
  2
block 2
 70
     0
 10
0.0
 20
0.0
 30
0.0
  3
block 2
  1

  0
SPLINE
  5
45
330
41
100
AcDbEntity
  8
katman 1
370
     0
100
AcDbSpline
210
0.0
220
0.0
230
1.0
 70
    11
 71
     3
 72
   836
 73
   832
 74
     0
 42
0.0000000001
 43
0.0000000001
 12
1.0
 22
0.0
 32
0.0
 13
1.0
 23
0.0
 33
0.0
 40
0.0
 40
0.0
 40
0.0
 40
0.0
 40
1.0
 40
1.0
 40
1.0
 40
2.0
 40
2.0
 40
2.0
 40
3.0
 40
3.0
 40
3.0
 40
4.0
 40
4.0
 40
4.0
 40
5.0
 40
5.0
 40
5.0
 40
6.0
 40
6.0
 40
6.0
 40
7.0
 40
7.0
 40
7.0
 40
8.0
 40
8.0
 40
8.0
 40
9.0
 40
9.0
 40
9.0
 40
10.0
 40
10.0
 40
10.0
 40
11.0
 40
11.0
 40
11.0
 40
12.0
 40
12.0
 40
12.0
 40
13.0
 40
13.0
 40
13.0
 40
14.0
 40
14.0
 40
14.0
 40
15.0
 40
15.0
 40
15.0
 40
16.0
 40
16.0
 40
16.0
 40
17.0
 40
17.0
 40
17.0
 40
18.0
 40
18.0
 40
18.0
 40
19.0
 40
19.0
 40
19.0
 40
20.0
 40
20.0
 40
20.0
 40
21.0
 40
21.0
 40
21.0
 40
22.0
 40
22.0
 40
22.0
 40
23.0
 40
23.0
 40
23.0
 40
24.0
 40
24.0
 40
24.0
 40
25.0
 40
25.0
 40
25.0
 40
26.0
 40
26.0
 40
26.0
 40
27.0
 40
27.0
 40
27.0
 40
28.0
 40
28.0
 40
28.0
 40
29.0
 40
29.0
 40
29.0
 40
30.0
 40
30.0
 40
30.0
 40
31.0
 40
31.0
 40
31.0
 40
32.0
 40
32.0
 40
32.0
 40
33.0
 40
33.0
 40
33.0
 40
34.0
 40
34.0
 40
34.0
 40
35.0
 40
35.0
 40
35.0
 40
36.0
 40
36.0
 40
36.0
 40
37.0
 40
37.0
 40
37.0
 40
38.0
 40
38.0
 40
38.0
 40
39.0
 40
39.0
 40
39.0
 40
40.0
 40
40.0
 40
40.0
 40
41.0
 40
41.0
 40
41.0
 40
42.0
 40
42.0
 40
42.0
 40
43.0
 40
43.0
 40
43.0
 40
44.0
 40
44.0
 40
44.0
 40
45.0
 40
45.0
 40
45.0
 40
46.0
 40
46.0
 40
46.0
 40
47.0
 40
47.0
 40
47.0
 40
48.0
 40
48.0
 40
48.0
 40
49.0
 40
49.0
 40
49.0
 40
50.0
 40
50.0
 40
50.0
 40
51.0
 40
51.0
 40
51.0
 40
52.0
 40
52.0
 40
52.0
 40
53.0
 40
53.0
 40
53.0
 40
54.0
 40
54.0
 40
54.0
 40
55.0
 40
55.0
 40
55.0
 40
56.0
 40
56.0
 40
56.0
 40
57.0
 40
57.0
 40
57.0
 40
58.0
 40
58.0
 40
58.0
 40
59.0
 40
59.0
 40
59.0
 40
60.0
 40
60.0
 40
60.0
 40
61.0
 40
61.0
 40
61.0
 40
62.0
 40
62.0
 40
62.0
 40
63.0
 40
63.0
 40
63.0
 40
64.0
 40
64.0
 40
64.0
 40
65.0
 40
65.0
 40
65.0
 40
66.0
 40
66.0
 40
66.0
 40
67.0
 40
67.0
 40
67.0
 40
68.0
 40
68.0
 40
68.0
 40
69.0
 40
69.0
 40
69.0
 40
70.0
 40
70.0
 40
70.0
 40
71.0
 40
71.0
 40
71.0
 40
72.0
 40
72.0
 40
72.0
 40
73.0
 40
73.0
 40
73.0
 40
74.0
 40
74.0
 40
74.0
 40
75.0
 40
75.0
 40
75.0
 40
76.0
 40
76.0
 40
76.0
 40
77.0
 40
77.0
 40
77.0
 40
78.0
 40
78.0
 40
78.0
 40
79.0
 40
79.0
 40
79.0
 40
80.0
 40
80.0
 40
80.0
 40
81.0
 40
81.0
 40
81.0
 40
82.0
 40
82.0
 40
82.0
 40
83.0
 40
83.0
 40
83.0
 40
84.0
 40
84.0
 40
84.0
 40
85.0
 40
85.0
 40
85.0
 40
86.0
 40
86.0
 40
86.0
 40
87.0
 40
87.0
 40
87.0
 40
88.0
 40
88.0
 40
88.0
 40
89.0
 40
89.0
 40
89.0
 40
90.0
 40
90.0
 40
90.0
 40
91.0
 40
91.0
 40
91.0
 40
92.0
 40
92.0
 40
92.0
 40
93.0
 40
93.0
 40
93.0
 40
94.0
 40
94.0
 40
94.0
 40
95.0
 40
95.0
 40
95.0
 40
96.0
 40
96.0
 40
96.0
 40
97.0
 40
97.0
 40
97.0
 40
98.0
 40
98.0
 40
98.0
 40
99.0
 40
99.0
 40
99.0
 40
100.0
 40
100.0
 40
100.0
 40
101.0
 40
101.0
 40
101.0
 40
102.0
 40
102.0
 40
102.0
 40
103.0
 40
103.0
 40
103.0
 40
104.0
 40
104.0
 40
104.0
 40
105.0
 40
105.0
 40
105.0
 40
106.0
 40
106.0
 40
106.0
 40
107.0
 40
107.0
 40
107.0
 40
108.0
 40
108.0
 40
108.0
 40
109.0
 40
109.0
 40
109.0
 40
110.0
 40
110.0
 40
110.0
 40
111.0
 40
111.0
 40
111.0
 40
112.0
 40
112.0
 40
112.0
 40
113.0
 40
113.0
 40
113.0
 40
114.0
 40
114.0
 40
114.0
 40
115.0
 40
115.0
 40
115.0
 40
116.0
 40
116.0
 40
116.0
 40
117.0
 40
117.0
 40
117.0
 40
118.0
 40
118.0
 40
118.0
 40
119.0
 40
119.0
 40
119.0
 40
120.0
 40
120.0
 40
120.0
 40
121.0
 40
121.0
 40
121.0
 40
122.0
 40
122.0
 40
122.0
 40
123.0
 40
123.0
 40
123.0
 40
124.0
 40
124.0
 40
124.0
 40
125.0
 40
125.0
 40
125.0
 40
126.0
 40
126.0
 40
126.0
 40
127.0
 40
127.0
 40
127.0
 40
128.0
 40
128.0
 40
128.0
 40
129.0
 40
129.0
 40
129.0
 40
130.0
 40
130.0
 40
130.0
 40
131.0
 40
131.0
 40
131.0
 40
132.0
 40
132.0
 40
132.0
 40
133.0
 40
133.0
 40
133.0
 40
134.0
 40
134.0
 40
134.0
 40
135.0
 40
135.0
 40
135.0
 40
136.0
 40
136.0
 40
136.0
 40
137.0
 40
137.0
 40
137.0
 40
138.0
 40
138.0
 40
138.0
 40
139.0
 40
139.0
 40
139.0
 40
140.0
 40
140.0
 40
140.0
 40
141.0
 40
141.0
 40
141.0
 40
142.0
 40
142.0
 40
142.0
 40
143.0
 40
143.0
 40
143.0
 40
144.0
 40
144.0
 40
144.0
 40
145.0
 40
145.0
 40
145.0
 40
146.0
 40
146.0
 40
146.0
 40
147.0
 40
147.0
 40
147.0
 40
148.0
 40
148.0
 40
148.0
 40
149.0
 40
149.0
 40
149.0
 40
150.0
 40
150.0
 40
150.0
 40
151.0
 40
151.0
 40
151.0
 40
152.0
 40
152.0
 40
152.0
 40
153.0
 40
153.0
 40
153.0
 40
154.0
 40
154.0
 40
154.0
 40
155.0
 40
155.0
 40
155.0
 40
156.0
 40
156.0
 40
156.0
 40
157.0
 40
157.0
 40
157.0
 40
158.0
 40
158.0
 40
158.0
 40
159.0
 40
159.0
 40
159.0
 40
160.0
 40
160.0
 40
160.0
 40
161.0
 40
161.0
 40
161.0
 40
162.0
 40
162.0
 40
162.0
 40
163.0
 40
163.0
 40
163.0
 40
164.0
 40
164.0
 40
164.0
 40
165.0
 40
165.0
 40
165.0
 40
166.0
 40
166.0
 40
166.0
 40
167.0
 40
167.0
 40
167.0
 40
168.0
 40
168.0
 40
168.0
 40
169.0
 40
169.0
 40
169.0
 40
170.0
 40
170.0
 40
170.0
 40
171.0
 40
171.0
 40
171.0
 40
172.0
 40
172.0
 40
172.0
 40
173.0
 40
173.0
 40
173.0
 40
174.0
 40
174.0
 40
174.0
 40
175.0
 40
175.0
 40
175.0
 40
176.0
 40
176.0
 40
176.0
 40
177.0
 40
177.0
 40
177.0
 40
178.0
 40
178.0
 40
178.0
 40
179.0
 40
179.0
 40
179.0
 40
180.0
 40
180.0
 40
180.0
 40
181.0
 40
181.0
 40
181.0
 40
182.0
 40
182.0
 40
182.0
 40
183.0
 40
183.0
 40
183.0
 40
184.0
 40
184.0
 40
184.0
 40
185.0
 40
185.0
 40
185.0
 40
186.0
 40
186.0
 40
186.0
 40
187.0
 40
187.0
 40
187.0
 40
188.0
 40
188.0
 40
188.0
 40
189.0
 40
189.0
 40
189.0
 40
190.0
 40
190.0
 40
190.0
 40
191.0
 40
191.0
 40
191.0
 40
192.0
 40
192.0
 40
192.0
 40
193.0
 40
193.0
 40
193.0
 40
194.0
 40
194.0
 40
194.0
 40
195.0
 40
195.0
 40
195.0
 40
196.0
 40
196.0
 40
196.0
 40
197.0
 40
197.0
 40
197.0
 40
198.0
 40
198.0
 40
198.0
 40
199.0
 40
199.0
 40
199.0
 40
200.0
 40
200.0
 40
200.0
 40
201.0
 40
201.0
 40
201.0
 40
202.0
 40
202.0
 40
202.0
 40
203.0
 40
203.0
 40
203.0
 40
204.0
 40
204.0
 40
204.0
 40
205.0
 40
205.0
 40
205.0
 40
206.0
 40
206.0
 40
206.0
 40
207.0
 40
207.0
 40
207.0
 40
208.0
 40
208.0
 40
208.0
 40
209.0
 40
209.0
 40
209.0
 40
210.0
 40
210.0
 40
210.0
 40
211.0
 40
211.0
 40
211.0
 40
212.0
 40
212.0
 40
212.0
 40
213.0
 40
213.0
 40
213.0
 40
214.0
 40
214.0
 40
214.0
 40
215.0
 40
215.0
 40
215.0
 40
216.0
 40
216.0
 40
216.0
 40
217.0
 40
217.0
 40
217.0
 40
218.0
 40
218.0
 40
218.0
 40
219.0
 40
219.0
 40
219.0
 40
220.0
 40
220.0
 40
220.0
 40
221.0
 40
221.0
 40
221.0
 40
222.0
 40
222.0
 40
222.0
 40
223.0
 40
223.0
 40
223.0
 40
224.0
 40
224.0
 40
224.0
 40
225.0
 40
225.0
 40
225.0
 40
226.0
 40
226.0
 40
226.0
 40
227.0
 40
227.0
 40
227.0
 40
228.0
 40
228.0
 40
228.0
 40
229.0
 40
229.0
 40
229.0
 40
230.0
 40
230.0
 40
230.0
 40
231.0
 40
231.0
 40
231.0
 40
232.0
 40
232.0
 40
232.0
 40
233.0
 40
233.0
 40
233.0
 40
234.0
 40
234.0
 40
234.0
 40
235.0
 40
235.0
 40
235.0
 40
236.0
 40
236.0
 40
236.0
 40
237.0
 40
237.0
 40
237.0
 40
238.0
 40
238.0
 40
238.0
 40
239.0
 40
239.0
 40
239.0
 40
240.0
 40
240.0
 40
240.0
 40
241.0
 40
241.0
 40
241.0
 40
242.0
 40
242.0
 40
242.0
 40
243.0
 40
243.0
 40
243.0
 40
244.0
 40
244.0
 40
244.0
 40
245.0
 40
245.0
 40
245.0
 40
246.0
 40
246.0
 40
246.0
 40
247.0
 40
247.0
 40
247.0
 40
248.0
 40
248.0
 40
248.0
 40
249.0
 40
249.0
 40
249.0
 40
250.0
 40
250.0
 40
250.0
 40
251.0
 40
251.0
 40
251.0
 40
252.0
 40
252.0
 40
252.0
 40
253.0
 40
253.0
 40
253.0
 40
254.0
 40
254.0
 40
254.0
 40
255.0
 40
255.0
 40
255.0
 40
256.0
 40
256.0
 40
256.0
 40
257.0
 40
257.0
 40
257.0
 40
258.0
 40
258.0
 40
258.0
 40
259.0
 40
259.0
 40
259.0
 40
260.0
 40
260.0
 40
260.0
 40
261.0
 40
261.0
 40
261.0
 40
262.0
 40
262.0
 40
262.0
 40
263.0
 40
263.0
 40
263.0
 40
264.0
 40
264.0
 40
264.0
 40
265.0
 40
265.0
 40
265.0
 40
266.0
 40
266.0
 40
266.0
 40
267.0
 40
267.0
 40
267.0
 40
268.0
 40
268.0
 40
268.0
 40
269.0
 40
269.0
 40
269.0
 40
270.0
 40
270.0
 40
270.0
 40
271.0
 40
271.0
 40
271.0
 40
272.0
 40
272.0
 40
272.0
 40
273.0
 40
273.0
 40
273.0
 40
274.0
 40
274.0
 40
274.0
 40
275.0
 40
275.0
 40
275.0
 40
276.0
 40
276.0
 40
276.0
 40
277.0
 40
277.0
 40
277.0
 40
277.0
 10
809.4548823314544
 20
-804.6500842255118
 30
0.0
 10
801.7649148727596
 20
-787.1581187450711
 30
0.0
 10
798.7364656803911
 20
-769.5254489610397
 30
0.0
 10
799.2833196836518
 20
-751.2792054669271
 30
0.0
 10
799.4098851431218
 20
-747.055176918806
 30
0.0
 10
799.6067864653969
 20
-742.786255911702
 30
0.0
 10
800.589273241897
 20
-738.4840076291694
 30
0.0
 10
801.8775695339818
 20
-738.6836455019193
 30
0.0
 10
802.0979270031858
 20
-739.7667982423227
 30
0.0
 10
802.5743474096962
 20
-740.506546476091
 30
0.0
 10
805.32734976556
 20
-744.7809731621273
 30
0.0
 10
808.2510933242775
 20
-748.9125453977704
 30
0.0
 10
812.1486253383418
 20
-752.2445888029588
 30
0.0
 10
812.7736013420672
 20
-752.7789002832087
 30
0.0
 10
813.3526423913918
 20
-753.9524569232335
 30
0.0
 10
814.2956772318767
 20
-753.3534781490198
 30
0.0
 10
815.0400841170494
 20
-752.8806738984949
 30
0.0
 10
814.4063772141881
 20
-751.8712777089895
 30
0.0
 10
814.2206175617039
 20
-751.1218538146131
 30
0.0
 10
810.6504942651891
 20
-736.720040224157
 30
0.0
 10
808.7677475383671
 20
-722.1305448802877
 30
0.0
 10
809.313005220517
 20
-707.2686650302076
 30
0.0
 10
809.6176745067369
 20
-698.9633809394036
 30
0.0
 10
810.8896818078993
 20
-690.820628400028
 30
0.0
 10
813.4249655110889
 20
-682.892418160096
 30
0.0
 10
813.664446255636
 20
-682.1434666464565
 30
0.0
 10
813.7401900634268
 20
-680.9915417863776
 30
0.0
 10
814.5246678662697
 20
-680.8955996298419
 30
0.0
 10
815.6533972032748
 20
-680.757566720762
 30
0.0
 10
815.6385416435533
 20
-682.0835557378423
 30
0.0
 10
815.9881685447208
 20
-682.818498719289
 30
0.0
 10
818.8194232129772
 20
-688.7693231951371
 30
0.0
 10
822.7512598419253
 20
-693.8200180325903
 30
0.0
 10
828.6478745559825
 20
-698.4530631427833
 30
0.0
 10
823.1709294040602
 20
-676.5245466496517
 30
0.0
 10
823.8673489219746
 20
-655.4241950330179
 30
0.0
 10
829.7830869113741
 20
-634.4076502746811
 30
0.0
 10
832.5527366159613
 20
-641.1432131772262
 30
0.0
 10
834.5888604813126
 20
-648.1726457650102
 30
0.0
 10
840.9005512620643
 20
-652.6685375716334
 30
0.0
 10
840.2469717902777
 20
-648.5185261982651
 30
0.0
 10
839.0981418384745
 20
-644.535102335065
 30
0.0
 10
838.5141489359094
 20
-640.4180761683165
 30
0.0
 10
836.4124781710852
 20
-625.6005838185001
 30
0.0
 10
838.7885858549771
 20
-611.5362944089557
 30
0.0
 10
845.3935110503216
 20
-598.1823841825453
 30
0.0
 10
854.5069734257604
 20
-579.7567988983728
 30
0.0
 10
861.5683487247443
 20
-560.6262668095396
 30
0.0
 10
865.5395721337427
 20
-540.4184785950156
 30
0.0
 10
866.6190761401785
 20
-534.9252118741897
 30
0.0
 10
867.5677795495058
 20
-529.4044574811805
 30
0.0
 10
868.0702623414918
 20
-523.8193778630184
 30
0.0
 10
868.1402724244781
 20
-523.0409269868169
 30
0.0
 10
868.1360047088565
 20
-522.2317550737353
 30
0.0
 10
869.1526006323493
 20
-521.1116100349464
 30
0.0
 10
869.7583882047684
 20
-525.1892168436625
 30
0.0
 10
870.3250496209912
 20
-528.8046072459529
 30
0.0
 10
870.8144686422584
 20
-532.4304226024342
 30
0.0
 10
870.944194165967
 20
-533.3916196677974
 30
0.0
 10
870.8372732295502
 20
-534.3849060452803
 30
0.0
 10
870.8372732295502
 20
-535.3634508859768
 30
0.0
 10
870.8374361194592
 20
-826.1708709868544
 30
0.0
 10
870.8374035414772
 20
-1116.978258509751
 30
0.0
 10
870.8374035414772
 20
-1407.785678610629
 30
0.0
 10
870.8374035414772
 20
-1408.230498374749
 30
0.0
 10
870.8377944772592
 20
-1408.675252982906
 30
0.0
 10
870.8372406515682
 20
-1409.120072747026
 30
0.0
 10
870.8319630185088
 20
-1413.575958791942
 30
0.0
 10
869.3797017437946
 20
-1414.676964266397
 30
0.0
 10
864.9551231394325
 20
-1413.648868315311
 30
0.0
 10
863.945694371946
 20
-1413.414306846023
 30
0.0
 10
863.3660343409665
 20
-1412.900682384246
 30
0.0
 10
863.3281135700981
 20
-1411.860402267952
 30
0.0
 10
863.2892480377568
 20
-1410.794255234072
 30
0.0
 10
863.2701899183776
 20
-1409.726739924954
 30
0.0
 10
863.2701573403947
 20
-1408.65981101951
 30
0.0
 10
863.2675836798289
 20
-1344.787159189136
 30
0.0
 10
863.2678443036839
 20
-1280.914507358761
 30
0.0
 10
863.2678443036839
 20
-1217.041855528387
 30
0.0
 10
863.2678443036839
 20
-1215.892764952729
 30
0.0
 10
863.2678443036839
 20
-1214.74367437707
 30
0.0
 10
863.2678443036839
 20
-1213.594583801412
 30
0.0
 10
856.7940129072867
 20
-1225.700301231387
 30
0.0
 10
853.0001114534734
 20
-1238.721134171408
 30
0.0
 10
849.385649523666
 20
-1252.15837887538
 30
0.0
 10
847.7271044679055
 20
-1250.427966791667
 30
0.0
 10
848.1339383051927
 20
-1248.000516208387
 30
0.0
 10
846.5252049836745
 20
-1246.692119301504
 30
0.0
 10
845.620612161767
 20
-1246.90511414681
 30
0.0
 10
845.8424682181358
 20
-1247.661965821047
 30
0.0
 10
845.7331365110622
 20
-1248.210188099545
 30
0.0
 10
844.364959007492
 20
-1255.070524672559
 30
0.0
 10
842.2245204442715
 20
-1261.631013500668
 30
0.0
 10
838.2627772279893
 20
-1267.481237168575
 30
0.0
 10
837.7771372526167
 20
-1268.19834370496
 30
0.0
 10
837.3441758738882
 20
-1269.294918573883
 30
0.0
 10
836.393973877397
 20
-1269.201484921952
 30
0.0
 10
835.3626852840916
 20
-1269.100037086484
 30
0.0
 10
835.4514277066392
 20
-1267.837900913823
 30
0.0
 10
835.1008886219806
 20
-1267.065867900044
 30
0.0
 10
834.5919228116063
 20
-1265.944729232808
 30
0.0
 10
834.2889475804423
 20
-1264.711391996098
 30
0.0
 10
833.1049985642085
 20
-1263.849378596462
 30
0.0
 10
832.1434268520534
 20
-1264.567462472303
 30
0.0
 10
832.2405092379531
 20
-1265.723198956259
 30
0.0
 10
831.9668216124683
 20
-1266.665745127017
 30
0.0
 10
830.3686435570671
 20
-1272.17044671947
 30
0.0
 10
828.2329613791962
 20
-1277.418303503055
 30
0.0
 10
824.8202874689405
 20
-1282.075000228066
 30
0.0
 10
824.4162879160731
 20
-1282.626284836857
 30
0.0
 10
824.0659442993056
 20
-1283.524329484415
 30
0.0
 10
823.2752441019302
 20
-1283.338960767713
 30
0.0
 10
822.3815323259596
 20
-1283.129484344445
 30
0.0
 10
822.7008617040101
 20
-1282.157878613882
 30
0.0
 10
822.670629336857
 20
-1281.500324628309
 30
0.0
 10
822.6091221071329
 20
-1280.162477225836
 30
0.0
 10
822.4901473174323
 20
-1278.846131291384
 30
0.0
 10
821.8400536897034
 20
-1277.100081776385
 30
0.0
 10
818.5267100460942
 20
-1284.198042148982
 30
0.0
 10
815.6082441204362
 20
-1291.174030557548
 30
0.0
 10
809.7268107459204
 20
-1296.7094206089
 30
0.0
 10
809.2863890093486
 20
-1294.679877495881
 30
0.0
 10
810.3549468138854
 20
-1293.089746201997
 30
0.0
 10
809.3111808535332
 20
-1291.21064820914
 30
0.0
 10
808.0759866718572
 20
-1293.166499927225
 30
0.0
 10
807.0365210051086
 20
-1294.878994120922
 30
0.0
 10
805.9316061728323
 20
-1296.548159598764
 30
0.0
 10
803.5715594339908
 20
-1300.113428775985
 30
0.0
 10
801.0759557126885
 20
-1303.57777136545
 30
0.0
 10
797.9479156298185
 20
-1306.526925750004
 30
0.0
 10
797.2579791302915
 20
-1307.177442891498
 30
0.0
 10
796.6313416494904
 20
-1308.378136990401
 30
0.0
 10
795.6355630563976
 20
-1308.080569704221
 30
0.0
 10
794.4639936732656
 20
-1307.730356399381
 30
0.0
 10
795.1092331816999
 20
-1306.391140721673
 30
0.0
 10
794.9444863275066
 20
-1305.487883597019
 30
0.0
 10
794.8688402536618
 20
-1305.073035576199
 30
0.0
 10
794.846100822333
 20
-1304.648479316787
 30
0.0
 10
794.7224348032469
 20
-1303.536657952358
 30
0.0
 10
791.4985828757681
 20
-1309.87444369657
 30
0.0
 10
787.7706192572105
 20
-1315.026781837381
 30
0.0
 10
782.2753652794909
 20
-1319.040910448472
 30
0.0
 10
781.6112956975503
 20
-1317.027069922702
 30
0.0
 10
782.9053908704036
 20
-1315.342918573211
 30
0.0
 10
782.3095070044656
 20
-1313.165732046469
 30
0.0
 10
778.0003847677635
 20
-1319.554665222176
 30
0.0
 10
773.6813588245814
 20
-1325.352047403532
 30
0.0
 10
766.7065432233612
 20
-1328.605024046781
 30
0.0
 10
766.1102358436592
 20
-1326.632362090066
 30
0.0
 10
767.7926931380944
 20
-1324.981375126092
 30
0.0
 10
766.7126353059666
 20
-1323.03438461907
 30
0.0
 10
762.995976247109
 20
-1327.968189657662
 30
0.0
 10
758.9648745074783
 20
-1332.364001904054
 30
0.0
 10
753.3232150793447
 20
-1335.282207205859
 30
0.0
 10
752.8934789208188
 20
-1333.333978735527
 30
0.0
 10
754.6572508579411
 20
-1332.113477223662
 30
0.0
 10
754.0984733133246
 20
-1329.989718587145
 30
0.0
 10
750.8868381290386
 20
-1335.25132327907
 30
0.0
 10
746.3920213958163
 20
-1338.438296931097
 30
0.0
 10
740.8952688309328
 20
-1340.283774446689
 30
0.0
 10
735.6461740840386
 20
-1342.046112952608
 30
0.0
 10
730.6369835954565
 20
-1344.333282746062
 30
0.0
 10
725.9984979622959
 20
-1347.374567663279
 30
0.0
 10
724.0009464274499
 20
-1348.684267689438
 30
0.0
 10
722.0761415260649
 20
-1350.10492832176
 30
0.0
 10
719.9257666783815
 20
-1351.609965927064
 30
0.0
 10
719.6674884383092
 20
-1350.525444911424
 30
0.0
 10
720.3773300847433
 20
-1350.005239697311
 30
0.0
 10
720.7625972980495
 20
-1349.443399822401
 30
0.0
 10
725.2080258107935
 20
-1342.960772370907
 30
0.0
 10
729.0869557972246
 20
-1336.199147082885
 30
0.0
 10
731.5023851052038
 20
-1328.659820212244
 30
0.0
 10
733.1128124817778
 20
-1323.633102769429
 30
0.0
 10
736.5872868235947
 20
-1320.01896661944
 30
0.0
 10
741.3258194390046
 20
-1316.882879775054
 30
0.0
 10
739.1299331506825
 20
-1316.881316031926
 30
0.0
 10
737.7742981701222
 20
-1317.850185212013
 30
0.0
 10
735.6862450017088
 20
-1318.364135453608
 30
0.0
 10
738.7997227266951
 20
-1312.250681692389
 30
0.0
 10
743.1954698171239
 20
-1307.971694088894
 30
0.0
 10
748.5155194084782
 20
-1304.355929039812
 30
0.0
 10
747.2359214375456
 20
-1303.582006503088
 30
0.0
 10
746.2532391931536
 20
-1304.319181076291
 30
0.0
 10
745.2514336734193
 20
-1304.340552232381
 30
0.0
 10
744.5047463295177
 20
-1304.356450287523
 30
0.0
 10
743.5618418009599
 20
-1305.1284833013
 30
0.0
 10
743.059326430991
 20
-1304.273180965925
 30
0.0
 10
742.6280265293371
 20
-1303.53913387898
 30
0.0
 10
743.3864093687216
 20
-1302.768794920257
 30
0.0
 10
743.7979995913593
 20
-1302.110328751194
 30
0.0
 10
747.1733391344196
 20
-1296.710463104318
 30
0.0
 10
752.0414669616102
 20
-1292.866912806174
 30
0.0
 10
757.5376005448397
 20
-1289.204496087088
 30
0.0
 10
755.787674250002
 20
-1288.476443348802
 30
0.0
 10
754.2158843598963
 20
-1289.286983537122
 30
0.0
 10
752.2175183755044
 20
-1288.916832507392
 30
0.0
 10
756.0459850680563
 20
-1283.344889960408
 30
0.0
 10
761.1580568233067
 20
-1279.850705939574
 30
0.0
 10
766.7383393336431
 20
-1276.945662142438
 30
0.0
 10
766.5378870113464
 20
-1276.600921938547
 30
0.0
 10
766.4908769835438
 20
-1276.394182065755
 30
0.0
 10
766.3691982213504
 20
-1276.330720157119
 30
0.0
 10
765.3427637473396
 20
-1275.795594227322
 30
0.0
 10
763.5547212137435
 20
-1276.748825976127
 30
0.0
 10
763.215291220894
 20
-1275.648732685164
 30
0.0
 10
762.7902462917536
 20
-1274.271335612731
 30
0.0
 10
764.5596216417534
 20
-1273.557291406638
 30
0.0
 10
765.4334934267799
 20
-1272.630382667166
 30
0.0
 10
769.5575075706356
 20
-1268.256137044755
 30
0.0
 10
774.6938825003426
 20
-1265.216024934885
 30
0.0
 10
779.8382064576208
 20
-1262.041365759993
 30
0.0
 10
778.4169268436417
 20
-1260.437551713734
 30
0.0
 10
776.6885345948049
 20
-1262.148286696411
 30
0.0
 10
774.8869070427781
 20
-1261.21186518624
 30
0.0
 10
780.1327114135047
 20
-1255.39988806902
 30
0.0
 10
787.0973626843888
 20
-1252.707773961225
 30
0.0
 10
794.3527072872812
 20
-1249.207791059622
 30
0.0
 10
792.4381318721962
 20
-1248.885399351278
 30
0.0
 10
791.1681769838906
 20
-1248.690843643697
 30
0.0
 10
789.9068226827912
 20
-1248.451069697312
 30
0.0
 10
789.250180880711
 20
-1248.326361182808
 30
0.0
 10
788.2530014343984
 20
-1248.713387607133
 30
0.0
 10
788.026877662408
 20
-1247.894833235281
 30
0.0
 10
787.7715965966663
 20
-1246.970661046284
 30
0.0
 10
788.8069248597194
 20
-1246.594189888076
 30
0.0
 10
789.4082492486259
 20
-1246.15015199552
 30
0.0
 10
792.3630396240424
 20
-1243.968274239391
 30
0.0
 10
795.6282004325012
 20
-1242.341069202166
 30
0.0
 10
799.0705854621992
 20
-1241.098675286503
 30
0.0
 10
801.8252167171559
 20
-1240.104460436538
 30
0.0
 10
804.6329175045394
 20
-1239.257432908551
 30
0.0
 10
807.6827378529988
 20
-1238.258005581491
 30
0.0
 10
806.4649403136273
 20
-1236.913968362467
 30
0.0
 10
804.8509945150136
 20
-1236.487718048
 30
0.0
 10
803.3989287081904
 20
-1235.801234814549
 30
0.0
 10
802.8653339435414
 20
-1235.549016079101
 30
0.0
 10
802.0179480577544
 20
-1235.667925712838
 30
0.0
 10
801.8983868643818
 20
-1234.897260974296
 30
0.0
 10
801.7628624599038
 20
-1234.023389189271
 30
0.0
 10
802.6118446668006
 20
-1233.744586820636
 30
0.0
 10
803.1598063214442
 20
-1233.356061809145
 30
0.0
 10
808.7007346297105
 20
-1229.427352666455
 30
0.0
 10
814.9495173275182
 20
-1227.198301992614
 30
0.0
 10
821.5268489722393
 20
-1225.77568668138
 30
0.0
 10
822.6505287220589
 20
-1225.532589780847
 30
0.0
 10
823.7837863985405
 20
-1225.33353831177
 30
0.0
 10
825.1526480397297
 20
-1225.067571667983
 30
0.0
 10
823.6144134709248
 20
-1223.759500540917
 30
0.0
 10
821.6443251747751
 20
-1224.184056800328
 30
0.0
 10
820.0943299545243
 20
-1223.290964006013
 30
0.0
 10
820.8101985275998
 20
-1222.219343871184
 30
0.0
 10
821.8817860844474
 20
-1222.317012660757
 30
0.0
 10
822.7537683465271
 20
-1222.061080035377
 30
0.0
 10
835.7429029102123
 20
-1218.249195535585
 30
0.0
 10
848.5740016839636
 20
-1214.03516842789
 30
0.0
 10
860.5014523972814
 20
-1207.477676774113
 30
0.0
 10
861.0469707032862
 20
-1207.177763873242
 30
0.0
 10
861.5900456606532
 20
-1206.873029431059
 30
0.0
 10
862.1280058748698
 20
-1206.559824713597
 30
0.0
 10
862.8847598151615
 20
-1206.119174931151
 30
0.0
 10
863.4354905982618
 20
-1205.462207349254
 30
0.0
 10
863.1237518899816
 20
-1204.592701013793
 30
0.0
 10
862.7248019242988
 20
-1203.479967465875
 30
0.0
 10
861.738731569797
 20
-1204.03483565267
 30
0.0
 10
861.0524112262547
 20
-1204.193620736183
 30
0.0
 10
854.6343207567952
 20
-1205.678590304671
 30
0.0
 10
848.3306767375589
 20
-1207.557101893854
 30
0.0
 10
842.147506095188
 20
-1209.835801412028
 30
0.0
 10
817.6807250135271
 20
-1218.852474603402
 30
0.0
 10
794.730905078527
 20
-1230.94744129937
 30
0.0
 10
772.3593768992678
 20
-1244.217039708765
 30
0.0
 10
771.7494519231541
 20
-1244.578785619178
 30
0.0
 10
771.1296558185413
 20
-1244.925936593725
 30
0.0
 10
770.4982945303727
 20
-1245.248132834178
 30
0.0
 10
770.3704911075929
 20
-1245.313288797868
 30
0.0
 10
770.1694849596051
 20
-1245.234906173548
 30
0.0
 10
769.6632556997065
 20
-1245.197897586173
 30
0.0
 10
771.9963604475624
 20
-1240.746572458715
 30
0.0
 10
774.6258922522311
 20
-1236.52726771796
 30
0.0
 10
775.5097328997026
 20
-1230.980149593142
 30
0.0
 10
773.7683094581271
 20
-1232.215050572984
 30
0.0
 10
772.3941376058965
 20
-1233.221319276232
 30
0.0
 10
770.9883976892588
 20
-1234.181327245256
 30
0.0
 10
759.9641063666468
 20
-1241.71009884978
 30
0.0
 10
748.3033064347355
 20
-1247.874634886535
 30
0.0
 10
735.1367847599013
 20
-1250.763715472569
 30
0.0
 10
733.0557032796023
 20
-1251.220328466115
 30
0.0
 10
730.9365381385269
 20
-1251.505125183412
 30
0.0
 10
728.8328475388289
 20
-1251.856511295598
 30
0.0
 10
726.8955001144332
 20
-1252.180140967252
 30
0.0
 10
726.5714143510331
 20
-1251.435668926117
 30
0.0
 10
727.4605000535812
 20
-1249.815565888934
 30
0.0
 10
729.0494585401193
 20
-1246.920100018458
 30
0.0
 10
730.3826798691698
 20
-1243.919276954695
 30
0.0
 10
731.0631035979977
 20
-1240.663172825189
 30
0.0
 10
731.2595488285269
 20
-1239.723102581052
 30
0.0
 10
731.6272565096178
 20
-1238.788440281902
 30
0.0
 10
730.976934836016
 20
-1237.560771614031
 30
0.0
 10
717.6731621236659
 20
-1245.410957587443
 30
0.0
 10
703.9822978310267
 20
-1252.208418655495
 30
0.0
 10
687.4698219527563
 20
-1253.496030809962
 30
0.0
 10
690.8842550740319
 20
-1248.967235241675
 30
0.0
 10
694.7686581614125
 20
-1245.667150836678
 30
0.0
 10
697.1112105240036
 20
-1240.666300311446
 30
0.0
 10
682.0883628656238
 20
-1247.00962431257
 30
0.0
 10
667.2818330067003
 20
-1252.498102070065
 30
0.0
 10
650.9723342443185
 20
-1252.014188727731
 30
0.0
 10
653.9443095051583
 20
-1249.429125868282
 30
0.0
 10
657.2769881809927
 20
-1247.36283479174
 30
0.0
 10
659.0388705951673
 20
-1243.673769283507
 30
0.0
 10
658.0209878413916
 20
-1243.063127591793
 30
0.0
 10
657.2452083597018
 20
-1243.697942146036
 30
0.0
 10
656.4620988320967
 20
-1243.912174954654
 30
0.0
 10
643.8050642153466
 20
-1247.375344736771
 30
0.0
 10
631.0076184968411
 20
-1249.837327980807
 30
0.0
 10
617.7997227850628
 20
-1249.443004088547
 30
0.0
 10
616.9106045045319
 20
-1249.416485611324
 30
0.0
 10
616.019775879955
 20
-1249.423913391187
 30
0.0
 10
615.1324656774168
 20
-1249.370224877104
 30
0.0
 10
614.5252283848049
 20
-1249.33360722551
 30
0.0
 10
613.7615190453898
 20
-1249.419026693908
 30
0.0
 10
613.488124621741
 20
-1248.744988249524
 30
0.0
 10
613.1962910603679
 20
-1248.025536098445
 30
0.0
 10
613.9220633399245
 20
-1247.660793013702
 30
0.0
 10
614.3374651864378
 20
-1247.243729690113
 30
0.0
 10
616.2210100738157
 20
-1245.352903623792
 30
0.0
 10
618.1698575258024
 20
-1243.520261833051
 30
0.0
 10
619.5909742498716
 20
-1241.229182681775
 30
0.0
 10
619.7557211040648
 20
-1240.963672129734
 30
0.0
 10
619.7970299850449
 20
-1240.621538164392
 30
0.0
 10
620.046658770937
 20
-1239.844748765263
 30
0.0
 10
608.1073333832364
 20
-1245.129092888514
 30
0.0
 10
595.9209202922275
 20
-1246.343209115937
 30
0.0
 10
583.4553138968022
 20
-1245.619782451075
 30
0.0
 10
582.2496679446594
 20
-1245.549804946069
 30
0.0
 10
580.9951387307574
 20
-1245.499960633844
 30
0.0
 10
579.4622306619849
 20
-1244.491737251687
 30
0.0
 10
583.038543775051
 20
-1242.185020669127
 30
0.0
 10
586.4034420749304
 20
-1239.93733538967
 30
0.0
 10
589.1844940731635
 20
-1236.222663587705
 30
0.0
 10
573.7369924214263
 20
-1239.705771094712
 30
0.0
 10
558.7313133594798
 20
-1241.784572116279
 30
0.0
 10
543.0727063853838
 20
-1236.359621423384
 30
0.0
 10
545.9559066456932
 20
-1234.51427421972
 30
0.0
 10
548.666329579285
 20
-1233.408251736062
 30
0.0
 10
550.7249811190832
 20
-1231.394736990111
 30
0.0
 10
551.6335810327573
 20
-1230.506074801327
 30
0.0
 10
553.5764667140656
 20
-1229.810925824704
 30
0.0
 10
552.9960411005131
 20
-1228.530806606062
 30
0.0
 10
552.474092964374
 20
-1227.379631039566
 30
0.0
 10
550.7367580595192
 20
-1228.478356055291
 30
0.0
 10
549.576151167279
 20
-1228.671478331673
 30
0.0
 10
538.6477368452388
 20
-1230.489720654439
 30
0.0
 10
527.7968988424682
 20
-1230.181142010399
 30
0.0
 10
517.0114122712803
 20
-1227.648269077865
 30
0.0
 10
516.2535588241017
 20
-1227.470328141024
 30
0.0
 10
515.3963343877967
 20
-1227.492025076934
 30
0.0
 10
514.6672798765694
 20
-1226.396948795174
 30
0.0
 10
518.7362209421144
 20
-1224.867086767705
 30
0.0
 10
523.0344784218714
 20
-1223.777157807079
 30
0.0
 10
526.2208901037138
 20
-1219.712859103945
 30
0.0
 10
521.2916378380851
 20
-1221.019887735592
 30
0.0
 10
516.8140385682682
 20
-1221.67861452851
 30
0.0
 10
512.2144103229539
 20
-1221.782082198852
 30
0.0
 10
503.9362474020363
 20
-1221.968232787118
 30
0.0
 10
496.4986697131953
 20
-1219.339515431995
 30
0.0
 10
489.2295364794873
 20
-1215.784280273183
 30
0.0
 10
475.2861521050672
 20
-1208.964796489403
 30
0.0
 10
460.6242766300329
 20
-1204.554519619071
 30
0.0
 10
445.1640410596419
 20
-1202.894085040363
 30
0.0
 10
445.0028085552403
 20
-1202.876753554021
 30
0.0
 10
444.8540412011425
 20
-1202.74344445231
 30
0.0
 10
444.6740437791968
 20
-1202.651248763686
 30
0.0
 10
444.6351130908915
 20
-1201.67625492301
 30
0.0
 10
445.4435194214002
 20
-1201.870940942519
 30
0.0
 10
445.9598763614049
 20
-1201.78109086859
 30
0.0
 10
462.8569393876105
 20
-1198.842100814369
 30
0.0
 10
479.2027911054838
 20
-1194.299231557925
 30
0.0
 10
494.6600009958111
 20
-1186.582875933935
 30
0.0
 10
504.5371645661698
 20
-1181.652198381602
 30
0.0
 10
515.0432705095454
 20
-1181.447934435429
 30
0.0
 10
525.6200299510492
 20
-1184.989682309755
 30
0.0
 10
524.6780050280013
 20
-1183.093904390196
 30
0.0
 10
523.887011628789
 20
-1182.362919633544
 30
0.0
 10
520.8054033145445
 20
-1180.883358010044
 30
0.0
 10
518.8988665164788
 20
-1179.967916720183
 30
0.0
 10
516.9152094908904
 20
-1179.213150036783
 30
0.0
 10
514.9726414449042
 20
-1178.067903662981
 30
0.0
 10
527.7104205896594
 20
-1174.257191970537
 30
0.0
 10
540.5739914668156
 20
-1174.080163217186
 30
0.0
 10
553.9782346751763
 20
-1177.045932372484
 30
0.0
 10
551.0613650706291
 20
-1173.124455541763
 30
0.0
 10
547.5020250861044
 20
-1170.767568867161
 30
0.0
 10
543.571898801204
 20
-1168.662640304152
 30
0.0
 10
558.6498195378936
 20
-1163.131615702365
 30
0.0
 10
573.6203958244014
 20
-1165.055280374387
 30
0.0
 10
589.0341792649278
 20
-1168.593900762458
 30
0.0
 10
587.034168092453
 20
-1165.446867716171
 30
0.0
 10
584.2976339064116
 20
-1163.723622788464
 30
0.0
 10
581.7191355103032
 20
-1161.81911396977
 30
0.0
 10
581.0584703274653
 20
-1161.331095801721
 30
0.0
 10
579.7289140213725
 20
-1161.19355156237
 30
0.0
 10
579.9810187338853
 20
-1160.115285519245
 30
0.0
 10
580.1879703635595
 20
-1159.230206908462
 30
0.0
 10
581.3593768567825
 20
-1159.555139699391
 30
0.0
 10
582.1020408199256
 20
-1159.474606928268
 30
0.0
 10
593.7757253436575
 20
-1158.207844682183
 30
0.0
 10
605.1681967280974
 20
-1159.417790927928
 30
0.0
 10
616.2313210050697
 20
-1163.437718419787
 30
0.0
 10
617.3154510849281
 20
-1163.831651376266
 30
0.0
 10
618.4017801785612
 20
-1164.219720296009
 30
0.0
 10
619.4904711758782
 20
-1164.60081752764
 30
0.0
 10
619.5522878964302
 20
-1164.622384151622
 30
0.0
 10
619.6452980345994
 20
-1164.554817417275
 30
0.0
 10
619.9054332196365
 20
-1164.468225141529
 30
0.0
 10
618.9856427691984
 20
-1161.973989695463
 30
0.0
 10
616.9695217847002
 20
-1160.35968553905
 30
0.0
 10
615.3101134124208
 20
-1158.47413710579
 30
0.0
 10
614.6587166654181
 20
-1157.733900202293
 30
0.0
 10
613.1301088902483
 20
-1157.227051960739
 30
0.0
 10
613.7005819303467
 20
-1156.077049201589
 30
0.0
 10
614.1710568551707
 20
-1155.128508682172
 30
0.0
 10
615.6190829922443
 20
-1155.412588683866
 30
0.0
 10
616.6705373563118
 20
-1155.365937013863
 30
0.0
 10
624.5270597471927
 20
-1155.017678387932
 30
0.0
 10
632.2914353164224
 20
-1155.850371603907
 30
0.0
 10
640.0226627891243
 20
-1157.168020657635
 30
0.0
 10
646.3173315743625
 20
-1158.240813599812
 30
0.0
 10
652.483252175346
 20
-1159.879225462792
 30
0.0
 10
659.0729960311501
 20
-1161.579665803205
 30
0.0
 10
657.462145140812
 20
-1157.359839814742
 30
0.0
 10
653.906958848972
 20
-1155.540620152518
 30
0.0
 10
651.0494951943201
 20
-1152.924673366279
 30
0.0
 10
667.3425583648595
 20
-1152.123841416549
 30
0.0
 10
681.9937238283628
 20
-1157.940835542977
 30
0.0
 10
697.0103165142282
 20
-1164.075986240106
 30
0.0
 10
695.3478621006461
 20
-1160.342419208671
 30
0.0
 10
692.7000866261433
 20
-1157.765826624502
 30
0.0
 10
690.4620770072952
 20
-1154.902352332199
 30
0.0
 10
689.722556819399
 20
-1153.956222583438
 30
0.0
 10
687.8937918084957
 20
-1153.042996596341
 30
0.0
 10
688.466447573378
 20
-1152.080056608949
 30
0.0
 10
689.1971717061751
 20
-1150.851410601623
 30
0.0
 10
691.0646393595116
 20
-1151.591712661084
 30
0.0
 10
692.410175165699
 20
-1151.798778313696
 30
0.0
 10
704.8246341296272
 20
-1153.709933040685
 30
0.0
 10
716.0781767104863
 20
-1158.698599400705
 30
0.0
 10
726.8650722793891
 20
-1164.903141199167
 30
0.0
 10
726.9421192064538
 20
-1164.947447254477
 30
0.0
 10
727.011608041731
 20
-1165.007716520891
 30
0.0
 10
727.0924665926723
 20
-1165.042249181648
 30
0.0
 10
728.4485250869957
 20
-1165.620247735555
 30
0.0
 10
729.9214408021999
 20
-1167.577532884838
 30
0.0
 10
730.9525013496313
 20
-1166.797159907708
 30
0.0
 10
732.2346729811297
 20
-1165.826661828527
 30
0.0
 10
730.9522081477953
 20
-1163.82995732121
 30
0.0
 10
730.5842398428485
 20
-1162.330001881073
 30
0.0
 10
729.9671151327475
 20
-1159.81426496699
 30
0.0
 10
728.8125514561389
 20
-1157.495689999039
 30
0.0
 10
727.5950145406223
 20
-1155.213602370752
 30
0.0
 10
727.2769231258817
 20
-1154.617360147015
 30
0.0
 10
726.59431667227
 20
-1153.968276436721
 30
0.0
 10
727.0990147670227
 20
-1153.280294616106
 30
0.0
 10
727.5920499442736
 20
-1152.608406318523
 30
0.0
 10
728.4281964263237
 20
-1153.042931440379
 30
0.0
 10
729.1070889900047
 20
-1153.106914596723
 30
0.0
 10
737.5469038568399
 20
-1153.903120473031
 30
0.0
 10
745.3958192889595
 20
-1156.715642801726
 30
0.0
 10
753.0199140683626
 20
-1160.232696565816
 30
0.0
 10
759.9874322016476
 20
-1163.446775098742
 30
0.0
 10
766.5072311304302
 20
-1167.437708186757
 30
0.0
 10
772.7575449933847
 20
-1171.878608360024
 30
0.0
 10
773.3812830338011
 20
-1172.321734069088
 30
0.0
 10
773.8759796881268
 20
-1173.07161405521
 30
0.0
 10
775.1347603286595
 20
-1172.862919503506
 30
0.0
 10
774.2917724704221
 20
-1168.744606506476
 30
0.0
 10
771.5600109587222
 20
-1165.695763497471
 30
0.0
 10
769.230001119141
 20
-1162.329936725109
 30
0.0
 10
770.5248781635592
 20
-1161.996533658901
 30
0.0
 10
771.1254858368648
 20
-1162.805966195838
 30
0.0
 10
771.8465017310718
 20
-1163.213842528545
 30
0.0
 10
794.5671681417707
 20
-1176.06513965104
 30
0.0
 10
817.8467098310311
 20
-1187.711963628739
 30
0.0
 10
842.6674506854442
 20
-1196.02267195352
 30
0.0
 10
848.4877351880368
 20
-1197.971486827526
 30
0.0
 10
854.3939604067382
 20
-1199.641629644822
 30
0.0
 10
860.4340159748617
 20
-1200.784074312185
 30
0.0
 10
861.321537934281
 20
-1200.952046386581
 30
0.0
 10
862.4598451979491
 20
-1201.69091501484
 30
0.0
 10
863.0326638527404
 20
-1200.430668365123
 30
0.0
 10
863.6186440121974
 20
-1199.14149246753
 30
0.0
 10
862.7385172546565
 20
-1198.233283489637
 30
0.0
 10
861.7475927808582
 20
-1197.534094843268
 30
0.0
 10
856.874578256391
 20
-1194.096010107172
 30
0.0
 10
851.8406610795873
 20
-1190.910665354233
 30
0.0
 10
846.6584163514408
 20
-1187.957992547639
 30
0.0
 10
824.8586317535728
 20
-1175.536985409359
 30
0.0
 10
801.7111937806967
 20
-1166.171858124162
 30
0.0
 10
778.1494616126893
 20
-1157.749146697797
 30
0.0
 10
759.6326579793495
 20
-1151.12988719044
 30
0.0
 10
740.8505718398401
 20
-1145.360131137691
 30
0.0
 10
721.8710957083285
 20
-1140.224212299729
 30
0.0
 10
721.2232499613465
 20
-1140.048812445471
 30
0.0
 10
720.4176290482865
 20
-1140.146416079082
 30
0.0
 10
719.8393372925448
 20
-1139.08235403604
 30
0.0
 10
726.4514947998587
 20
-1138.130881498257
 30
0.0
 10
732.9836733617421
 20
-1137.184947217387
 30
0.0
 10
739.3637779043702
 20
-1133.338269432985
 30
0.0
 10
734.4981911597633
 20
-1132.466808418612
 30
0.0
 10
730.2530846573882
 20
-1131.801761497216
 30
0.0
 10
726.0490264121381
 20
-1130.937207014998
 30
0.0
 10
707.5301052099785
 20
-1127.128906093209
 30
0.0
 10
689.8184012419888
 20
-1121.187333764205
 30
0.0
 10
673.8519649174332
 20
-1110.779580748022
 30
0.0
 10
671.17540679597
 20
-1109.034834352298
 30
0.0
 10
668.677164258138
 20
-1107.01467369805
 30
0.0
 10
666.1172678896646
 20
-1105.094136512289
 30
0.0
 10
665.5718473176048
 20
-1104.684957060306
 30
0.0
 10
664.7072765463954
 20
-1104.335655938958
 30
0.0
 10
664.8730333180256
 20
-1103.519382025836
 30
0.0
 10
665.0408262135215
 20
-1102.693008938339
 30
0.0
 10
665.9993193063929
 20
-1102.769632351639
 30
0.0
 10
666.6400141863596
 20
-1102.60055262586
 30
0.0
 10
672.451470055872
 20
-1101.066390304786
 30
0.0
 10
677.9608954556934
 20
-1098.865161227441
 30
0.0
 10
682.8100303194678
 20
-1095.244770104939
 30
0.0
 10
683.6064968196306
 20
-1094.650091624328
 30
0.0
 10
685.0966137092482
 20
-1094.251662906358
 30
0.0
 10
684.8273241113129
 20
-1093.077617596604
 30
0.0
 10
684.6102570182757
 20
-1092.131357535916
 30
0.0
 10
683.1654886793858
 20
-1092.294442913035
 30
0.0
 10
682.2537287014729
 20
-1092.07441122365
 30
0.0
 10
666.4454259007953
 20
-1088.259008301819
 30
0.0
 10
651.1983114153909
 20
-1082.976162765732
 30
0.0
 10
637.0149983491729
 20
-1074.888483304667
 30
0.0
 10
632.1353704943904
 20
-1072.106063031197
 30
0.0
 10
627.5186632420937
 20
-1068.942610682059
 30
0.0
 10
623.2207804091286
 20
-1065.3212422201
 30
0.0
 10
622.6883095848525
 20
-1064.87270856605
 30
0.0
 10
621.8006084465324
 20
-1064.469327994837
 30
0.0
 10
621.9954410669607
 20
-1063.720620816061
 30
0.0
 10
622.2566839033798
 20
-1062.716697727506
 30
0.0
 10
623.320306143667
 20
-1063.03661350923
 30
0.0
 10
624.0622208132281
 20
-1063.036548353268
 30
0.0
 10
630.7573544403031
 20
-1063.03589679363
 30
0.0
 10
637.3717924063467
 20
-1062.35983851437
 30
0.0
 10
643.8821925873663
 20
-1060.767166137903
 30
0.0
 10
644.3014386357372
 20
-1060.664610651052
 30
0.0
 10
644.7006003583001
 20
-1060.479893493986
 30
0.0
 10
645.664077882393
 20
-1060.134371418531
 30
0.0
 10
633.7942087519878
 20
-1055.542374565466
 30
0.0
 10
622.5911783319798
 20
-1050.692294940218
 30
0.0
 10
611.9532292960757
 20
-1044.64354105094
 30
0.0
 10
601.3512463521283
 20
-1038.615246134264
 30
0.0
 10
591.2792420168462
 20
-1031.892975048311
 30
0.0
 10
583.1154766791797
 20
-1022.550847818298
 30
0.0
 10
586.2980685926505
 20
-1022.930316150836
 30
0.0
 10
589.3398747575766
 20
-1023.765811073248
 30
0.0
 10
592.4731273175421
 20
-1023.954763367954
 30
0.0
 10
595.5957920334085
 20
-1024.142933791094
 30
0.0
 10
598.6458567167319
 20
-1023.812983990962
 30
0.0
 10
601.5923397067772
 20
-1022.659397653806
 30
0.0
 10
601.4930583071027
 20
-1021.481182362379
 30
0.0
 10
600.5320892876116
 20
-1021.412182196829
 30
0.0
 10
599.90049995357
 20
-1021.058580781879
 30
0.0
 10
584.3312869616584
 20
-1012.342081115228
 30
0.0
 10
569.5092499833745
 20
-1002.56881687347
 30
0.0
 10
556.4544219192985
 20
-990.3072463783428
 30
0.0
 10
553.3429477401969
 20
-987.3848059389002
 30
0.0
 10
550.319531846023
 20
-984.3641754621749
 30
0.0
 10
547.6620481329301
 20
-981.0072424788568
 30
0.0
 10
547.2475421809177
 20
-980.483681732615
 30
0.0
 10
546.3697447490777
 20
-980.0271013170495
 30
0.0
 10
546.8298761646656
 20
-979.238974780239
 30
0.0
 10
547.1901397769052
 20
-978.6218826481199
 30
0.0
 10
547.9706104879815
 20
-979.0383595680341
 30
0.0
 10
548.5668852897015
 20
-979.0713284856629
 30
0.0
 10
553.8112888072092
 20
-979.3611747901423
 30
0.0
 10
558.970598636136
 20
-978.9088295122165
 30
0.0
 10
564.7354028356449
 20
-977.3526118974323
 30
0.0
 10
557.6572661650025
 20
-974.5702567799262
 30
0.0
 10
551.4788681969721
 20
-971.4998145689588
 30
0.0
 10
545.6346062997409
 20
-967.7879444734326
 30
0.0
 10
534.3441121429732
 20
-960.6169768435202
 30
0.0
 10
524.5915593531736
 20
-951.738564607097
 30
0.0
 10
516.2781063334214
 20
-941.2734417648835
 30
0.0
 10
515.8019872732439
 20
-940.6741697888338
 30
0.0
 10
514.8218135334546
 20
-940.0035846105229
 30
0.0
 10
515.2322309487454
 20
-939.269895881378
 30
0.0
 10
515.7886628786691
 20
-938.2752249396672
 30
0.0
 10
516.8506969423397
 20
-939.0802920270362
 30
0.0
 10
517.62073455473
 20
-939.2619794317898
 30
0.0
 10
523.091929692856
 20
-940.5528168064584
 30
0.0
 10
528.5903111568323
 20
-941.2390394160548
 30
0.0
 10
534.5633782497853
 20
-940.4753137876478
 30
0.0
 10
533.750191100441
 20
-939.1014351372542
 30
0.0
 10
532.5392512262488
 20
-938.7249965570281
 30
0.0
 10
531.5598837915095
 20
-938.1166353240433
 30
0.0
 10
516.3267696938037
 20
-928.6540021391829
 30
0.0
 10
502.4879687856037
 20
-917.6324799450276
 30
0.0
 10
491.9701103352772
 20
-902.8724388661967
 30
0.0
 10
489.8479480198721
 20
-899.8943552337623
 30
0.0
 10
488.0628293601458
 20
-896.7169595083951
 30
0.0
 10
486.3312200356004
 20
-893.507897984674
 30
0.0
 10
486.0172578800593
 20
-892.9260226509296
 30
0.0
 10
485.4063311310038
 20
-892.1811596740117
 30
0.0
 10
486.0683238666024
 20
-891.5779783401395
 30
0.0
 10
486.5552506722579
 20
-891.1342988053839
 30
0.0
 10
487.2490476626335
 20
-891.634501138642
 30
0.0
 10
487.8075971613762
 20
-891.8504280023153
 30
0.0
 10
493.3885393758446
 20
-894.0079048500411
 30
0.0
 10
499.1875993232652
 20
-894.5803977250134
 30
0.0
 10
505.110553335644
 20
-894.260612255217
 30
0.0
 10
505.4376199843828
 20
-894.2429875670387
 30
0.0
 10
505.758806307399
 20
-894.1165524194967
 30
0.0
 10
506.7436061206099
 20
-893.8861283539018
 30
0.0
 10
488.6913645083887
 20
-882.9972637018218
 30
0.0
 10
475.1550257281378
 20
-868.465854899584
 30
0.0
 10
465.0346715955493
 20
-850.5831491048875
 30
0.0
 10
471.3901023891767
 20
-853.2619388181074
 30
0.0
 10
477.5131585105473
 20
-856.4492056719728
 30
0.0
 10
484.7693175629856
 20
-855.2747694264381
 30
0.0
 10
482.3554031311614
 20
-853.8479189775635
 30
0.0
 10
479.8936560774928
 20
-852.4956069511518
 30
0.0
 10
477.5355721620572
 20
-850.9817732907504
 30
0.0
 10
465.3269897544023
 20
-843.1440972623677
 30
0.0
 10
456.7201190689102
 20
-832.2876477022246
 30
0.0
 10
452.2648275721631
 20
-818.5852182260296
 30
0.0
 10
444.3851300194474
 20
-794.3509462008024
 30
0.0
 10
431.6935993921697
 20
-772.7458150444609
 30
0.0
 10
417.2573152427349
 20
-752.0098970217423
 30
0.0
 10
416.7683146449226
 20
-751.3074831551694
 30
0.0
 10
415.9807063016369
 20
-750.7548302711402
 30
0.0
 10
415.9755793417444
 20
-749.7478448522916
 30
0.0
 10
416.7690995706726
 20
-749.3359288498359
 30
0.0
 10
417.1219252224328
 20
-750.0416005145944
 30
0.0
 10
417.5512042711498
 20
-750.3854611129746
 30
0.0
 10
436.2953370618088
 20
-765.4001316979111
 30
0.0
 10
457.1791917000883
 20
-776.5260011679165
 30
0.0
 10
479.9251915639188
 20
-784.0394611209722
 30
0.0
 10
497.9066249325997
 20
-789.9791113490473
 30
0.0
 10
511.7268238131655
 20
-800.7172376791277
 30
0.0
 10
520.8514685808732
 20
-817.378171420668
 30
0.0
 10
521.0547633320857
 20
-817.7493649458165
 30
0.0
 10
521.3302346020764
 20
-818.0810413789868
 30
0.0
 10
521.8219666600544
 20
-818.7930983281867
 30
0.0
 10
522.653047265927
 20
-814.8939048370485
 30
0.0
 10
521.7931351461211
 20
-811.6029096889861
 30
0.0
 10
520.8149323742336
 20
-808.3125661005597
 30
0.0
 10
519.8337487170074
 20
-805.0121559157442
 30
0.0
 10
518.0869987753995
 20
-802.0276544208855
 30
0.0
 10
516.9472743695214
 20
-798.6962299973529
 30
0.0
 10
534.8638205428606
 20
-808.8880887278447
 30
0.0
 10
549.5476128551818
 20
-822.3791196798429
 30
0.0
 10
560.3530778737368
 20
-840.7206537708535
 30
0.0
 10
561.155701612467
 20
-833.0630688261135
 30
0.0
 10
560.297760460563
 20
-826.300661666527
 30
0.0
 10
557.5689961231919
 20
-819.6777860031862
 30
0.0
 10
558.9288336634099
 20
-819.1622720184614
 30
0.0
 10
559.776024081305
 20
-819.9638532617728
 30
0.0
 10
560.6404482515973
 20
-820.4185441543923
 30
0.0
 10
572.4080713859803
 20
-826.6081652371686
 30
0.0
 10
581.961711163126
 20
-835.4285235099424
 30
0.0
 10
590.4231740988971
 20
-845.5445732766802
 30
0.0
 10
596.0292095038831
 20
-852.2468414817795
 30
0.0
 10
601.041006231013
 20
-859.3642183315551
 30
0.0
 10
605.4610239179174
 20
-866.9007760737386
 30
0.0
 10
605.7148226854852
 20
-867.3335094065942
 30
0.0
 10
606.0603447609401
 20
-867.712423913441
 30
0.0
 10
606.6920806958997
 20
-868.5551185698414
 30
0.0
 10
607.7287446562086
 20
-861.5654799868817
 30
0.0
 10
606.6265989523899
 20
-855.2504336739994
 30
0.0
 10
605.4359062939138
 20
-848.7880371492301
 30
0.0
 10
614.2566555024705
 20
-854.7283063589603
 30
0.0
 10
621.5193627292592
 20
-862.1300564122666
 30
0.0
 10
627.9164566894196
 20
-870.4329785993859
 30
0.0
 10
634.3549083975331
 20
-878.789589300588
 30
0.0
 10
639.6654452181865
 20
-887.795739803827
 30
0.0
 10
643.5788264204193
 20
-898.1692859390732
 30
0.0
 10
644.9489097359283
 20
-894.9670332135574
 30
0.0
 10
645.1206445672269
 20
-891.9977456362203
 30
0.0
 10
645.3517690594299
 20
-889.0983704079244
 30
0.0
 10
645.5806945378599
 20
-886.226621308233
 30
0.0
 10
645.4018088395451
 20
-883.3223593826597
 30
0.0
 10
645.4018088395451
 20
-879.6319255991875
 30
0.0
 10
664.2171082315463
 20
-895.4299337576022
 30
0.0
 10
676.9724794864978
 20
-914.8750795616152
 30
0.0
 10
688.6980118683359
 20
-935.8099513194647
 30
0.0
 10
691.4692904720159
 20
-929.1724155642924
 30
0.0
 10
690.1030350693745
 20
-923.0092478027746
 30
0.0
 10
688.4644277385032
 20
-916.174094009727
 30
0.0
 10
692.5797109832238
 20
-919.2721949272818
 30
0.0
 10
695.3361991831453
 20
-922.6970855807294
 30
0.0
 10
698.0448303277353
 20
-926.1187835919573
 30
0.0
 10
709.9847584080999
 20
-941.2023240305143
 30
0.0
 10
718.2559496409021
 20
-958.2961865728021
 30
0.0
 10
725.2149974989088
 20
-976.0960791376474
 30
0.0
 10
725.4737969866901
 20
-976.7581288847141
 30
0.0
 10
725.7103782908534
 20
-977.4292678887159
 30
0.0
 10
725.9865092649761
 20
-978.0838572779394
 30
0.0
 10
726.0474300910273
 20
-978.2283080494435
 30
0.0
 10
726.2327010737836
 20
-978.3203082701748
 30
0.0
 10
726.5088320479072
 20
-978.5707352166228
 30
0.0
 10
727.682584155823
 20
-976.7886544537032
 30
0.0
 10
727.775105624265
 20
-974.7422685240708
 30
0.0
 10
728.1262636905785
 20
-972.8100684208066
 30
0.0
 10
729.0184768793852
 20
-967.9012832722728
 30
0.0
 10
729.3692440099167
 20
-962.9390050775492
 30
0.0
 10
729.3677780007329
 20
-957.9490355982543
 30
0.0
 10
729.3675825328419
 20
-957.1837788047014
 30
0.0
 10
729.0842844027129
 20
-956.100788954207
 30
0.0
 10
729.9311490407899
 20
-955.7700572825106
 30
0.0
 10
730.9619163863845
 20
-955.3675237388261
 30
0.0
 10
731.4308112790886
 20
-956.5108480116978
 30
0.0
 10
731.9478890069431
 20
-957.1425025017033
 30
0.0
 10
740.3255776623982
 20
-967.3766474526319
 30
0.0
 10
746.1883112753358
 20
-979.0145124853234
 30
0.0
 10
750.9161257347178
 20
-991.2804810079988
 30
0.0
 10
754.0883089829895
 20
-999.510461093766
 30
0.0
 10
756.5605542913072
 20
-1007.952654153276
 30
0.0
 10
758.6156385420927
 20
-1016.524116644749
 30
0.0
 10
758.7912338642409
 20
-1017.256339364712
 30
0.0
 10
758.622577652226
 20
-1018.384123940243
 30
0.0
 10
759.5481181164596
 20
-1018.559914730282
 30
0.0
 10
760.4462279199797
 20
-1018.730493043226
 30
0.0
 10
760.7611592704816
 20
-1017.653921055156
 30
0.0
 10
761.2203133466137
 20
-1017.044256702897
 30
0.0
 10
764.9128646989057
 20
-1012.141465903023
 30
0.0
 10
767.2613136762102
 20
-1006.605489447997
 30
0.0
 10
768.8810909335743
 20
-1000.722036238605
 30
0.0
 10
769.083563090745
 20
-999.9864905644945
 30
0.0
 10
768.9524692917985
 20
-998.8691960991173
 30
0.0
 10
769.773532168253
 20
-998.6277932536414
 30
0.0
 10
770.7999666422638
 20
-998.3259908298232
 30
0.0
 10
771.2451447641834
 20
-999.4642655155094
 30
0.0
 10
771.7630695195658
 20
-1000.106377537687
 30
0.0
 10
779.4357380699003
 20
-1009.619669484317
 30
0.0
 10
784.9647754147927
 20
-1020.33157053901
 30
0.0
 10
789.3068991471046
 20
-1031.697246533384
 30
0.0
 10
794.2168245250032
 20
-1044.549195215515
 30
0.0
 10
797.3947740760614
 20
-1057.839317753471
 30
0.0
 10
799.3365195280057
 20
-1071.44121157769
 30
0.0
 10
799.3827476842444
 20
-1071.764971561272
 30
0.0
 10
799.491688455536
 20
-1072.079870333793
 30
0.0
 10
799.6765359245283
 20
-1072.819781457471
 30
0.0
 10
803.3615291850319
 20
-1067.917316437415
 30
0.0
 10
805.3899646466671
 20
-1062.6752585346
 30
0.0
 10
806.9836143625917
 20
-1057.234084006745
 30
0.0
 10
807.2579535477134
 20
-1056.297467028682
 30
0.0
 10
806.5702649289342
 20
-1055.544655024194
 30
0.0
 10
806.1236859537939
 20
-1054.786695698574
 30
0.0
 10
803.926073032434
 20
-1051.056777401105
 30
0.0
 10
801.7180025789021
 20
-1047.332983764223
 30
0.0
 10
799.3834969778272
 20
-1043.387138603082
 30
0.0
 10
800.8095003991739
 20
-1043.240342216886
 30
0.0
 10
801.468129458146
 20
-1044.074534020026
 30
0.0
 10
802.2249159764206
 20
-1044.565549362404
 30
0.0
 10
807.6421782656007
 20
-1048.0802575118
 30
0.0
 10
813.4452290157969
 20
-1050.717705766056
 30
0.0
 10
819.6944026493875
 20
-1052.353967482235
 30
0.0
 10
820.6136881411066
 20
-1052.594653612108
 30
0.0
 10
821.8184870657215
 20
-1053.339125653245
 30
0.0
 10
822.4494574181072
 20
-1052.533016070458
 30
0.0
 10
823.2053969088529
 20
-1051.567209220662
 30
0.0
 10
821.8738370568772
 20
-1050.846453950311
 30
0.0
 10
821.3472139803425
 20
-1050.130780845126
 30
0.0
 10
809.6706788831998
 20
-1034.261264016561
 30
0.0
 10
800.1874238358314
 20
-1017.243568795828
 30
0.0
 10
794.1270396070367
 20
-998.4196199496482
 30
0.0
 10
791.9948758512046
 20
-991.7968420202524
 30
0.0
 10
790.5591967692499
 20
-985.0221203835281
 30
0.0
 10
789.6930459659206
 20
-978.1251010029564
 30
0.0
 10
789.5621476348642
 20
-977.0825078499502
 30
0.0
 10
789.1091507973015
 20
-975.7326717501592
 30
0.0
 10
789.9021640313877
 20
-975.0500978745295
 30
0.0
 10
790.8901239088373
 20
-974.1998125483597
 30
0.0
 10
791.8330935933591
 20
-975.4591470145833
 30
0.0
 10
792.6931197361018
 20
-975.9341665678749
 30
0.0
 10
798.1901980808043
 20
-978.9699132281767
 30
0.0
 10
803.956598601424
 20
-981.225417223276
 30
0.0
 10
810.1815993724849
 20
-982.209370008959
 30
0.0
 10
811.0451439372664
 20
-982.3458717528929
 30
0.0
 10
812.189445549594
 20
-982.7797453151125
 30
0.0
 10
812.732455350997
 20
-982.1106261459854
 30
0.0
 10
813.4083507403475
 20
-981.2777374621201
 30
0.0
 10
812.2982885869405
 20
-980.5414099164454
 30
0.0
 10
811.8723314743083
 20
-979.8423841599842
 30
0.0
 10
802.0089239567833
 20
-963.6556881001707
 30
0.0
 10
793.8329255869339
 20
-946.737876971777
 30
0.0
 10
789.4104645513917
 20
-928.1883976226454
 30
0.0
 10
788.3162027191793
 20
-923.5988441182162
 30
0.0
 10
787.5756726138461
 20
-918.9501941547196
 30
0.0
 10
787.2398913549632
 20
-914.239841493607
 30
0.0
 10
787.1963997491994
 20
-913.6298839395113
 30
0.0
 10
786.8835208115543
 20
-912.879352393752
 30
0.0
 10
787.5046526134229
 20
-912.5172481255377
 30
0.0
 10
788.3394308202351
 20
-912.0306959666741
 30
0.0
 10
788.7644431713934
 20
-912.9216711921699
 30
0.0
 10
789.2281581649831
 20
-913.3730391306408
 30
0.0
 10
793.9560052023471
 20
-917.9750048461528
 30
0.0
 10
798.9535327734284
 20
-922.2421992202189
 30
0.0
 10
804.532381852563
 20
-925.7906581588086
 30
0.0
 10
805.3390778390249
 20
-926.3037287948946
 30
0.0
 10
806.0626673937977
 20
-927.0265364781035
 30
0.0
 10
807.6416895958728
 20
-927.1143667171591
 30
0.0
 10
797.587375104732
 20
-903.0838699683754
 30
0.0
 10
788.34040815969
 20
-879.0418731919999
 30
0.0
 10
789.2645803486866
 20
-852.4671012170375
 30
0.0
 10
793.0807977200639
 20
-858.0281301401028
 30
0.0
 10
796.6959112095092
 20
-863.6726564306382
 30
0.0
 10
803.4951314885811
 20
-866.5970189710097
 30
0.0
 10
803.4805039747325
 20
-864.6108697298105
 30
0.0
 10
802.81747688821
 20
-863.1440460972117
 30
0.0
 10
802.398556619657
 20
-861.6363045194139
 30
0.0
 10
797.0236457068759
 20
-842.2897722664484
 30
0.0
 10
793.3150659875164
 20
-822.6867209844295
 30
0.0
 10
793.3674188043424
 20
-802.5159006348058
 30
0.0
 10
793.3743253364937
 20
-799.8552894354561
 30
0.0
 10
793.6659960079569
 20
-797.1948737039966
 30
0.0
 10
793.8450120181988
 20
-794.5356633578658
 30
0.0
 10
793.8856367615608
 20
-793.9319281983035
 30
0.0
 10
793.7672157975521
 20
-793.1642932120758
 30
0.0
 10
794.428223049199
 20
-792.8700814580279
 30
0.0
 10
795.2885423937787
 20
-792.4871598594136
 30
0.0
 10
795.6822147264002
 20
-793.3382596351303
 30
0.0
 10
796.1314976740332
 20
-793.8136701242038
 30
0.0
 10
799.3144968122779
 20
-797.1818099332768
 30
0.0
 10
802.6069253915421
 20
-800.4204848424952
 30
0.0
 10
806.5377521030523
 20
-802.9312373253551
 30
0.0
 10
807.2600059605693
 20
-803.392606704253
 30
0.0
 10
808.0142839742412
 20
-803.8038711470726
 30
0.0
 10
809.4548823314544
 20
-804.6500842255118
 30
0.0
  0
SPLINE
  5
46
330
41
100
AcDbEntity
  8
katman 1
370
     0
100
AcDbSpline
210
0.0
220
0.0
230
1.0
 70
    11
 71
     3
 72
    17
 73
    13
 74
     0
 42
0.0000000001
 43
0.0000000001
 12
1.0
 22
0.0
 32
0.0
 13
1.0
 23
0.0
 33
0.0
 40
0.0
 40
0.0
 40
0.0
 40
0.0
 40
1.0
 40
1.0
 40
1.0
 40
2.0
 40
2.0
 40
2.0
 40
3.0
 40
3.0
 40
3.0
 40
4.0
 40
4.0
 40
4.0
 40
4.0
 10
814.5921368666723
 20
-1070.337274084872
 30
0.0
 10
826.5374077360593
 20
-1112.813554466571
 30
0.0
 10
839.594369657947
 20
-1154.868666698971
 30
0.0
 10
862.837261117631
 20
-1193.600042911554
 30
0.0
 10
863.8338541602707
 20
-1187.95414834578
 30
0.0
 10
863.2608400375875
 20
-1178.396745811731
 30
0.0
 10
861.8717800476543
 20
-1173.953890959554
 30
0.0
 10
853.9437326976313
 20
-1148.59636269827
 30
0.0
 10
843.0933752200935
 20
-1124.467219820457
 30
0.0
 10
831.1721143233262
 20
-1100.784264982003
 30
0.0
 10
825.9829304850473
 20
-1090.475353562739
 30
0.0
 10
820.5638438288825
 20
-1080.292062841472
 30
0.0
 10
814.5921368666723
 20
-1070.337274084872
 30
0.0
  0
HATCH
  5
47
330
41
100
AcDbEntity
  8
katman 1
 62
   114
420
    37446
100
AcDbHatch
 10
0.0
 20
0.0
 30
0.0
210
0.0
220
0.0
230
1.0
  2
SOLID
 70
     1
 71
     0
 91
        2
 92
        1
 93
        1
 72
     4
 94
        3
 73
     0
 74
     1
 95
      836
 96
      832
 40
0.0
 40
0.0
 40
0.0
 40
0.0
 40
1.0
 40
1.0
 40
1.0
 40
2.0
 40
2.0
 40
2.0
 40
3.0
 40
3.0
 40
3.0
 40
4.0
 40
4.0
 40
4.0
 40
5.0
 40
5.0
 40
5.0
 40
6.0
 40
6.0
 40
6.0
 40
7.0
 40
7.0
 40
7.0
 40
8.0
 40
8.0
 40
8.0
 40
9.0
 40
9.0
 40
9.0
 40
10.0
 40
10.0
 40
10.0
 40
11.0
 40
11.0
 40
11.0
 40
12.0
 40
12.0
 40
12.0
 40
13.0
 40
13.0
 40
13.0
 40
14.0
 40
14.0
 40
14.0
 40
15.0
 40
15.0
 40
15.0
 40
16.0
 40
16.0
 40
16.0
 40
17.0
 40
17.0
 40
17.0
 40
18.0
 40
18.0
 40
18.0
 40
19.0
 40
19.0
 40
19.0
 40
20.0
 40
20.0
 40
20.0
 40
21.0
 40
21.0
 40
21.0
 40
22.0
 40
22.0
 40
22.0
 40
23.0
 40
23.0
 40
23.0
 40
24.0
 40
24.0
 40
24.0
 40
25.0
 40
25.0
 40
25.0
 40
26.0
 40
26.0
 40
26.0
 40
27.0
 40
27.0
 40
27.0
 40
28.0
 40
28.0
 40
28.0
 40
29.0
 40
29.0
 40
29.0
 40
30.0
 40
30.0
 40
30.0
 40
31.0
 40
31.0
 40
31.0
 40
32.0
 40
32.0
 40
32.0
 40
33.0
 40
33.0
 40
33.0
 40
34.0
 40
34.0
 40
34.0
 40
35.0
 40
35.0
 40
35.0
 40
36.0
 40
36.0
 40
36.0
 40
37.0
 40
37.0
 40
37.0
 40
38.0
 40
38.0
 40
38.0
 40
39.0
 40
39.0
 40
39.0
 40
40.0
 40
40.0
 40
40.0
 40
41.0
 40
41.0
 40
41.0
 40
42.0
 40
42.0
 40
42.0
 40
43.0
 40
43.0
 40
43.0
 40
44.0
 40
44.0
 40
44.0
 40
45.0
 40
45.0
 40
45.0
 40
46.0
 40
46.0
 40
46.0
 40
47.0
 40
47.0
 40
47.0
 40
48.0
 40
48.0
 40
48.0
 40
49.0
 40
49.0
 40
49.0
 40
50.0
 40
50.0
 40
50.0
 40
51.0
 40
51.0
 40
51.0
 40
52.0
 40
52.0
 40
52.0
 40
53.0
 40
53.0
 40
53.0
 40
54.0
 40
54.0
 40
54.0
 40
55.0
 40
55.0
 40
55.0
 40
56.0
 40
56.0
 40
56.0
 40
57.0
 40
57.0
 40
57.0
 40
58.0
 40
58.0
 40
58.0
 40
59.0
 40
59.0
 40
59.0
 40
60.0
 40
60.0
 40
60.0
 40
61.0
 40
61.0
 40
61.0
 40
62.0
 40
62.0
 40
62.0
 40
63.0
 40
63.0
 40
63.0
 40
64.0
 40
64.0
 40
64.0
 40
65.0
 40
65.0
 40
65.0
 40
66.0
 40
66.0
 40
66.0
 40
67.0
 40
67.0
 40
67.0
 40
68.0
 40
68.0
 40
68.0
 40
69.0
 40
69.0
 40
69.0
 40
70.0
 40
70.0
 40
70.0
 40
71.0
 40
71.0
 40
71.0
 40
72.0
 40
72.0
 40
72.0
 40
73.0
 40
73.0
 40
73.0
 40
74.0
 40
74.0
 40
74.0
 40
75.0
 40
75.0
 40
75.0
 40
76.0
 40
76.0
 40
76.0
 40
77.0
 40
77.0
 40
77.0
 40
78.0
 40
78.0
 40
78.0
 40
79.0
 40
79.0
 40
79.0
 40
80.0
 40
80.0
 40
80.0
 40
81.0
 40
81.0
 40
81.0
 40
82.0
 40
82.0
 40
82.0
 40
83.0
 40
83.0
 40
83.0
 40
84.0
 40
84.0
 40
84.0
 40
85.0
 40
85.0
 40
85.0
 40
86.0
 40
86.0
 40
86.0
 40
87.0
 40
87.0
 40
87.0
 40
88.0
 40
88.0
 40
88.0
 40
89.0
 40
89.0
 40
89.0
 40
90.0
 40
90.0
 40
90.0
 40
91.0
 40
91.0
 40
91.0
 40
92.0
 40
92.0
 40
92.0
 40
93.0
 40
93.0
 40
93.0
 40
94.0
 40
94.0
 40
94.0
 40
95.0
 40
95.0
 40
95.0
 40
96.0
 40
96.0
 40
96.0
 40
97.0
 40
97.0
 40
97.0
 40
98.0
 40
98.0
 40
98.0
 40
99.0
 40
99.0
 40
99.0
 40
100.0
 40
100.0
 40
100.0
 40
101.0
 40
101.0
 40
101.0
 40
102.0
 40
102.0
 40
102.0
 40
103.0
 40
103.0
 40
103.0
 40
104.0
 40
104.0
 40
104.0
 40
105.0
 40
105.0
 40
105.0
 40
106.0
 40
106.0
 40
106.0
 40
107.0
 40
107.0
 40
107.0
 40
108.0
 40
108.0
 40
108.0
 40
109.0
 40
109.0
 40
109.0
 40
110.0
 40
110.0
 40
110.0
 40
111.0
 40
111.0
 40
111.0
 40
112.0
 40
112.0
 40
112.0
 40
113.0
 40
113.0
 40
113.0
 40
114.0
 40
114.0
 40
114.0
 40
115.0
 40
115.0
 40
115.0
 40
116.0
 40
116.0
 40
116.0
 40
117.0
 40
117.0
 40
117.0
 40
118.0
 40
118.0
 40
118.0
 40
119.0
 40
119.0
 40
119.0
 40
120.0
 40
120.0
 40
120.0
 40
121.0
 40
121.0
 40
121.0
 40
122.0
 40
122.0
 40
122.0
 40
123.0
 40
123.0
 40
123.0
 40
124.0
 40
124.0
 40
124.0
 40
125.0
 40
125.0
 40
125.0
 40
126.0
 40
126.0
 40
126.0
 40
127.0
 40
127.0
 40
127.0
 40
128.0
 40
128.0
 40
128.0
 40
129.0
 40
129.0
 40
129.0
 40
130.0
 40
130.0
 40
130.0
 40
131.0
 40
131.0
 40
131.0
 40
132.0
 40
132.0
 40
132.0
 40
133.0
 40
133.0
 40
133.0
 40
134.0
 40
134.0
 40
134.0
 40
135.0
 40
135.0
 40
135.0
 40
136.0
 40
136.0
 40
136.0
 40
137.0
 40
137.0
 40
137.0
 40
138.0
 40
138.0
 40
138.0
 40
139.0
 40
139.0
 40
139.0
 40
140.0
 40
140.0
 40
140.0
 40
141.0
 40
141.0
 40
141.0
 40
142.0
 40
142.0
 40
142.0
 40
143.0
 40
143.0
 40
143.0
 40
144.0
 40
144.0
 40
144.0
 40
145.0
 40
145.0
 40
145.0
 40
146.0
 40
146.0
 40
146.0
 40
147.0
 40
147.0
 40
147.0
 40
148.0
 40
148.0
 40
148.0
 40
149.0
 40
149.0
 40
149.0
 40
150.0
 40
150.0
 40
150.0
 40
151.0
 40
151.0
 40
151.0
 40
152.0
 40
152.0
 40
152.0
 40
153.0
 40
153.0
 40
153.0
 40
154.0
 40
154.0
 40
154.0
 40
155.0
 40
155.0
 40
155.0
 40
156.0
 40
156.0
 40
156.0
 40
157.0
 40
157.0
 40
157.0
 40
158.0
 40
158.0
 40
158.0
 40
159.0
 40
159.0
 40
159.0
 40
160.0
 40
160.0
 40
160.0
 40
161.0
 40
161.0
 40
161.0
 40
162.0
 40
162.0
 40
162.0
 40
163.0
 40
163.0
 40
163.0
 40
164.0
 40
164.0
 40
164.0
 40
165.0
 40
165.0
 40
165.0
 40
166.0
 40
166.0
 40
166.0
 40
167.0
 40
167.0
 40
167.0
 40
168.0
 40
168.0
 40
168.0
 40
169.0
 40
169.0
 40
169.0
 40
170.0
 40
170.0
 40
170.0
 40
171.0
 40
171.0
 40
171.0
 40
172.0
 40
172.0
 40
172.0
 40
173.0
 40
173.0
 40
173.0
 40
174.0
 40
174.0
 40
174.0
 40
175.0
 40
175.0
 40
175.0
 40
176.0
 40
176.0
 40
176.0
 40
177.0
 40
177.0
 40
177.0
 40
178.0
 40
178.0
 40
178.0
 40
179.0
 40
179.0
 40
179.0
 40
180.0
 40
180.0
 40
180.0
 40
181.0
 40
181.0
 40
181.0
 40
182.0
 40
182.0
 40
182.0
 40
183.0
 40
183.0
 40
183.0
 40
184.0
 40
184.0
 40
184.0
 40
185.0
 40
185.0
 40
185.0
 40
186.0
 40
186.0
 40
186.0
 40
187.0
 40
187.0
 40
187.0
 40
188.0
 40
188.0
 40
188.0
 40
189.0
 40
189.0
 40
189.0
 40
190.0
 40
190.0
 40
190.0
 40
191.0
 40
191.0
 40
191.0
 40
192.0
 40
192.0
 40
192.0
 40
193.0
 40
193.0
 40
193.0
 40
194.0
 40
194.0
 40
194.0
 40
195.0
 40
195.0
 40
195.0
 40
196.0
 40
196.0
 40
196.0
 40
197.0
 40
197.0
 40
197.0
 40
198.0
 40
198.0
 40
198.0
 40
199.0
 40
199.0
 40
199.0
 40
200.0
 40
200.0
 40
200.0
 40
201.0
 40
201.0
 40
201.0
 40
202.0
 40
202.0
 40
202.0
 40
203.0
 40
203.0
 40
203.0
 40
204.0
 40
204.0
 40
204.0
 40
205.0
 40
205.0
 40
205.0
 40
206.0
 40
206.0
 40
206.0
 40
207.0
 40
207.0
 40
207.0
 40
208.0
 40
208.0
 40
208.0
 40
209.0
 40
209.0
 40
209.0
 40
210.0
 40
210.0
 40
210.0
 40
211.0
 40
211.0
 40
211.0
 40
212.0
 40
212.0
 40
212.0
 40
213.0
 40
213.0
 40
213.0
 40
214.0
 40
214.0
 40
214.0
 40
215.0
 40
215.0
 40
215.0
 40
216.0
 40
216.0
 40
216.0
 40
217.0
 40
217.0
 40
217.0
 40
218.0
 40
218.0
 40
218.0
 40
219.0
 40
219.0
 40
219.0
 40
220.0
 40
220.0
 40
220.0
 40
221.0
 40
221.0
 40
221.0
 40
222.0
 40
222.0
 40
222.0
 40
223.0
 40
223.0
 40
223.0
 40
224.0
 40
224.0
 40
224.0
 40
225.0
 40
225.0
 40
225.0
 40
226.0
 40
226.0
 40
226.0
 40
227.0
 40
227.0
 40
227.0
 40
228.0
 40
228.0
 40
228.0
 40
229.0
 40
229.0
 40
229.0
 40
230.0
 40
230.0
 40
230.0
 40
231.0
 40
231.0
 40
231.0
 40
232.0
 40
232.0
 40
232.0
 40
233.0
 40
233.0
 40
233.0
 40
234.0
 40
234.0
 40
234.0
 40
235.0
 40
235.0
 40
235.0
 40
236.0
 40
236.0
 40
236.0
 40
237.0
 40
237.0
 40
237.0
 40
238.0
 40
238.0
 40
238.0
 40
239.0
 40
239.0
 40
239.0
 40
240.0
 40
240.0
 40
240.0
 40
241.0
 40
241.0
 40
241.0
 40
242.0
 40
242.0
 40
242.0
 40
243.0
 40
243.0
 40
243.0
 40
244.0
 40
244.0
 40
244.0
 40
245.0
 40
245.0
 40
245.0
 40
246.0
 40
246.0
 40
246.0
 40
247.0
 40
247.0
 40
247.0
 40
248.0
 40
248.0
 40
248.0
 40
249.0
 40
249.0
 40
249.0
 40
250.0
 40
250.0
 40
250.0
 40
251.0
 40
251.0
 40
251.0
 40
252.0
 40
252.0
 40
252.0
 40
253.0
 40
253.0
 40
253.0
 40
254.0
 40
254.0
 40
254.0
 40
255.0
 40
255.0
 40
255.0
 40
256.0
 40
256.0
 40
256.0
 40
257.0
 40
257.0
 40
257.0
 40
258.0
 40
258.0
 40
258.0
 40
259.0
 40
259.0
 40
259.0
 40
260.0
 40
260.0
 40
260.0
 40
261.0
 40
261.0
 40
261.0
 40
262.0
 40
262.0
 40
262.0
 40
263.0
 40
263.0
 40
263.0
 40
264.0
 40
264.0
 40
264.0
 40
265.0
 40
265.0
 40
265.0
 40
266.0
 40
266.0
 40
266.0
 40
267.0
 40
267.0
 40
267.0
 40
268.0
 40
268.0
 40
268.0
 40
269.0
 40
269.0
 40
269.0
 40
270.0
 40
270.0
 40
270.0
 40
271.0
 40
271.0
 40
271.0
 40
272.0
 40
272.0
 40
272.0
 40
273.0
 40
273.0
 40
273.0
 40
274.0
 40
274.0
 40
274.0
 40
275.0
 40
275.0
 40
275.0
 40
276.0
 40
276.0
 40
276.0
 40
277.0
 40
277.0
 40
277.0
 40
277.0
 10
809.4548823314544
 20
-804.6500842255118
 10
801.7649148727596
 20
-787.1581187450711
 10
798.7364656803911
 20
-769.5254489610397
 10
799.2833196836518
 20
-751.2792054669271
 10
799.4098851431218
 20
-747.055176918806
 10
799.6067864653969
 20
-742.786255911702
 10
800.589273241897
 20
-738.4840076291694
 10
801.8775695339818
 20
-738.6836455019193
 10
802.0979270031858
 20
-739.7667982423227
 10
802.5743474096962
 20
-740.506546476091
 10
805.32734976556
 20
-744.7809731621273
 10
808.2510933242775
 20
-748.9125453977704
 10
812.1486253383418
 20
-752.2445888029588
 10
812.7736013420672
 20
-752.7789002832087
 10
813.3526423913918
 20
-753.9524569232335
 10
814.2956772318767
 20
-753.3534781490198
 10
815.0400841170494
 20
-752.8806738984949
 10
814.4063772141881
 20
-751.8712777089895
 10
814.2206175617039
 20
-751.1218538146131
 10
810.6504942651891
 20
-736.720040224157
 10
808.7677475383671
 20
-722.1305448802877
 10
809.313005220517
 20
-707.2686650302076
 10
809.6176745067369
 20
-698.9633809394036
 10
810.8896818078993
 20
-690.820628400028
 10
813.4249655110889
 20
-682.892418160096
 10
813.664446255636
 20
-682.1434666464565
 10
813.7401900634268
 20
-680.9915417863776
 10
814.5246678662697
 20
-680.8955996298419
 10
815.6533972032748
 20
-680.757566720762
 10
815.6385416435533
 20
-682.0835557378423
 10
815.9881685447208
 20
-682.818498719289
 10
818.8194232129772
 20
-688.7693231951371
 10
822.7512598419253
 20
-693.8200180325903
 10
828.6478745559825
 20
-698.4530631427833
 10
823.1709294040602
 20
-676.5245466496517
 10
823.8673489219746
 20
-655.4241950330179
 10
829.7830869113741
 20
-634.4076502746811
 10
832.5527366159613
 20
-641.1432131772262
 10
834.5888604813126
 20
-648.1726457650102
 10
840.9005512620643
 20
-652.6685375716334
 10
840.2469717902777
 20
-648.5185261982651
 10
839.0981418384745
 20
-644.535102335065
 10
838.5141489359094
 20
-640.4180761683165
 10
836.4124781710852
 20
-625.6005838185001
 10
838.7885858549771
 20
-611.5362944089557
 10
845.3935110503216
 20
-598.1823841825453
 10
854.5069734257604
 20
-579.7567988983728
 10
861.5683487247443
 20
-560.6262668095396
 10
865.5395721337427
 20
-540.4184785950156
 10
866.6190761401785
 20
-534.9252118741897
 10
867.5677795495058
 20
-529.4044574811805
 10
868.0702623414918
 20
-523.8193778630184
 10
868.1402724244781
 20
-523.0409269868169
 10
868.1360047088565
 20
-522.2317550737353
 10
869.1526006323493
 20
-521.1116100349464
 10
869.7583882047684
 20
-525.1892168436625
 10
870.3250496209912
 20
-528.8046072459529
 10
870.8144686422584
 20
-532.4304226024342
 10
870.944194165967
 20
-533.3916196677974
 10
870.8372732295502
 20
-534.3849060452803
 10
870.8372732295502
 20
-535.3634508859768
 10
870.8374361194592
 20
-826.1708709868544
 10
870.8374035414772
 20
-1116.978258509751
 10
870.8374035414772
 20
-1407.785678610629
 10
870.8374035414772
 20
-1408.230498374749
 10
870.8377944772592
 20
-1408.675252982906
 10
870.8372406515682
 20
-1409.120072747026
 10
870.8319630185088
 20
-1413.575958791942
 10
869.3797017437946
 20
-1414.676964266397
 10
864.9551231394325
 20
-1413.648868315311
 10
863.945694371946
 20
-1413.414306846023
 10
863.3660343409665
 20
-1412.900682384246
 10
863.3281135700981
 20
-1411.860402267952
 10
863.2892480377568
 20
-1410.794255234072
 10
863.2701899183776
 20
-1409.726739924954
 10
863.2701573403947
 20
-1408.65981101951
 10
863.2675836798289
 20
-1344.787159189136
 10
863.2678443036839
 20
-1280.914507358761
 10
863.2678443036839
 20
-1217.041855528387
 10
863.2678443036839
 20
-1215.892764952729
 10
863.2678443036839
 20
-1214.74367437707
 10
863.2678443036839
 20
-1213.594583801412
 10
856.7940129072867
 20
-1225.700301231387
 10
853.0001114534734
 20
-1238.721134171408
 10
849.385649523666
 20
-1252.15837887538
 10
847.7271044679055
 20
-1250.427966791667
 10
848.1339383051927
 20
-1248.000516208387
 10
846.5252049836745
 20
-1246.692119301504
 10
845.620612161767
 20
-1246.90511414681
 10
845.8424682181358
 20
-1247.661965821047
 10
845.7331365110622
 20
-1248.210188099545
 10
844.364959007492
 20
-1255.070524672559
 10
842.2245204442715
 20
-1261.631013500668
 10
838.2627772279893
 20
-1267.481237168575
 10
837.7771372526167
 20
-1268.19834370496
 10
837.3441758738882
 20
-1269.294918573883
 10
836.393973877397
 20
-1269.201484921952
 10
835.3626852840916
 20
-1269.100037086484
 10
835.4514277066392
 20
-1267.837900913823
 10
835.1008886219806
 20
-1267.065867900044
 10
834.5919228116063
 20
-1265.944729232808
 10
834.2889475804423
 20
-1264.711391996098
 10
833.1049985642085
 20
-1263.849378596462
 10
832.1434268520534
 20
-1264.567462472303
 10
832.2405092379531
 20
-1265.723198956259
 10
831.9668216124683
 20
-1266.665745127017
 10
830.3686435570671
 20
-1272.17044671947
 10
828.2329613791962
 20
-1277.418303503055
 10
824.8202874689405
 20
-1282.075000228066
 10
824.4162879160731
 20
-1282.626284836857
 10
824.0659442993056
 20
-1283.524329484415
 10
823.2752441019302
 20
-1283.338960767713
 10
822.3815323259596
 20
-1283.129484344445
 10
822.7008617040101
 20
-1282.157878613882
 10
822.670629336857
 20
-1281.500324628309
 10
822.6091221071329
 20
-1280.162477225836
 10
822.4901473174323
 20
-1278.846131291384
 10
821.8400536897034
 20
-1277.100081776385
 10
818.5267100460942
 20
-1284.198042148982
 10
815.6082441204362
 20
-1291.174030557548
 10
809.7268107459204
 20
-1296.7094206089
 10
809.2863890093486
 20
-1294.679877495881
 10
810.3549468138854
 20
-1293.089746201997
 10
809.3111808535332
 20
-1291.21064820914
 10
808.0759866718572
 20
-1293.166499927225
 10
807.0365210051086
 20
-1294.878994120922
 10
805.9316061728323
 20
-1296.548159598764
 10
803.5715594339908
 20
-1300.113428775985
 10
801.0759557126885
 20
-1303.57777136545
 10
797.9479156298185
 20
-1306.526925750004
 10
797.2579791302915
 20
-1307.177442891498
 10
796.6313416494904
 20
-1308.378136990401
 10
795.6355630563976
 20
-1308.080569704221
 10
794.4639936732656
 20
-1307.730356399381
 10
795.1092331816999
 20
-1306.391140721673
 10
794.9444863275066
 20
-1305.487883597019
 10
794.8688402536618
 20
-1305.073035576199
 10
794.846100822333
 20
-1304.648479316787
 10
794.7224348032469
 20
-1303.536657952358
 10
791.4985828757681
 20
-1309.87444369657
 10
787.7706192572105
 20
-1315.026781837381
 10
782.2753652794909
 20
-1319.040910448472
 10
781.6112956975503
 20
-1317.027069922702
 10
782.9053908704036
 20
-1315.342918573211
 10
782.3095070044656
 20
-1313.165732046469
 10
778.0003847677635
 20
-1319.554665222176
 10
773.6813588245814
 20
-1325.352047403532
 10
766.7065432233612
 20
-1328.605024046781
 10
766.1102358436592
 20
-1326.632362090066
 10
767.7926931380944
 20
-1324.981375126092
 10
766.7126353059666
 20
-1323.03438461907
 10
762.995976247109
 20
-1327.968189657662
 10
758.9648745074783
 20
-1332.364001904054
 10
753.3232150793447
 20
-1335.282207205859
 10
752.8934789208188
 20
-1333.333978735527
 10
754.6572508579411
 20
-1332.113477223662
 10
754.0984733133246
 20
-1329.989718587145
 10
750.8868381290386
 20
-1335.25132327907
 10
746.3920213958163
 20
-1338.438296931097
 10
740.8952688309328
 20
-1340.283774446689
 10
735.6461740840386
 20
-1342.046112952608
 10
730.6369835954565
 20
-1344.333282746062
 10
725.9984979622959
 20
-1347.374567663279
 10
724.0009464274499
 20
-1348.684267689438
 10
722.0761415260649
 20
-1350.10492832176
 10
719.9257666783815
 20
-1351.609965927064
 10
719.6674884383092
 20
-1350.525444911424
 10
720.3773300847433
 20
-1350.005239697311
 10
720.7625972980495
 20
-1349.443399822401
 10
725.2080258107935
 20
-1342.960772370907
 10
729.0869557972246
 20
-1336.199147082885
 10
731.5023851052038
 20
-1328.659820212244
 10
733.1128124817778
 20
-1323.633102769429
 10
736.5872868235947
 20
-1320.01896661944
 10
741.3258194390046
 20
-1316.882879775054
 10
739.1299331506825
 20
-1316.881316031926
 10
737.7742981701222
 20
-1317.850185212013
 10
735.6862450017088
 20
-1318.364135453608
 10
738.7997227266951
 20
-1312.250681692389
 10
743.1954698171239
 20
-1307.971694088894
 10
748.5155194084782
 20
-1304.355929039812
 10
747.2359214375456
 20
-1303.582006503088
 10
746.2532391931536
 20
-1304.319181076291
 10
745.2514336734193
 20
-1304.340552232381
 10
744.5047463295177
 20
-1304.356450287523
 10
743.5618418009599
 20
-1305.1284833013
 10
743.059326430991
 20
-1304.273180965925
 10
742.6280265293371
 20
-1303.53913387898
 10
743.3864093687216
 20
-1302.768794920257
 10
743.7979995913593
 20
-1302.110328751194
 10
747.1733391344196
 20
-1296.710463104318
 10
752.0414669616102
 20
-1292.866912806174
 10
757.5376005448397
 20
-1289.204496087088
 10
755.787674250002
 20
-1288.476443348802
 10
754.2158843598963
 20
-1289.286983537122
 10
752.2175183755044
 20
-1288.916832507392
 10
756.0459850680563
 20
-1283.344889960408
 10
761.1580568233067
 20
-1279.850705939574
 10
766.7383393336431
 20
-1276.945662142438
 10
766.5378870113464
 20
-1276.600921938547
 10
766.4908769835438
 20
-1276.394182065755
 10
766.3691982213504
 20
-1276.330720157119
 10
765.3427637473396
 20
-1275.795594227322
 10
763.5547212137435
 20
-1276.748825976127
 10
763.215291220894
 20
-1275.648732685164
 10
762.7902462917536
 20
-1274.271335612731
 10
764.5596216417534
 20
-1273.557291406638
 10
765.4334934267799
 20
-1272.630382667166
 10
769.5575075706356
 20
-1268.256137044755
 10
774.6938825003426
 20
-1265.216024934885
 10
779.8382064576208
 20
-1262.041365759993
 10
778.4169268436417
 20
-1260.437551713734
 10
776.6885345948049
 20
-1262.148286696411
 10
774.8869070427781
 20
-1261.21186518624
 10
780.1327114135047
 20
-1255.39988806902
 10
787.0973626843888
 20
-1252.707773961225
 10
794.3527072872812
 20
-1249.207791059622
 10
792.4381318721962
 20
-1248.885399351278
 10
791.1681769838906
 20
-1248.690843643697
 10
789.9068226827912
 20
-1248.451069697312
 10
789.250180880711
 20
-1248.326361182808
 10
788.2530014343984
 20
-1248.713387607133
 10
788.026877662408
 20
-1247.894833235281
 10
787.7715965966663
 20
-1246.970661046284
 10
788.8069248597194
 20
-1246.594189888076
 10
789.4082492486259
 20
-1246.15015199552
 10
792.3630396240424
 20
-1243.968274239391
 10
795.6282004325012
 20
-1242.341069202166
 10
799.0705854621992
 20
-1241.098675286503
 10
801.8252167171559
 20
-1240.104460436538
 10
804.6329175045394
 20
-1239.257432908551
 10
807.6827378529988
 20
-1238.258005581491
 10
806.4649403136273
 20
-1236.913968362467
 10
804.8509945150136
 20
-1236.487718048
 10
803.3989287081904
 20
-1235.801234814549
 10
802.8653339435414
 20
-1235.549016079101
 10
802.0179480577544
 20
-1235.667925712838
 10
801.8983868643818
 20
-1234.897260974296
 10
801.7628624599038
 20
-1234.023389189271
 10
802.6118446668006
 20
-1233.744586820636
 10
803.1598063214442
 20
-1233.356061809145
 10
808.7007346297105
 20
-1229.427352666455
 10
814.9495173275182
 20
-1227.198301992614
 10
821.5268489722393
 20
-1225.77568668138
 10
822.6505287220589
 20
-1225.532589780847
 10
823.7837863985405
 20
-1225.33353831177
 10
825.1526480397297
 20
-1225.067571667983
 10
823.6144134709248
 20
-1223.759500540917
 10
821.6443251747751
 20
-1224.184056800328
 10
820.0943299545243
 20
-1223.290964006013
 10
820.8101985275998
 20
-1222.219343871184
 10
821.8817860844474
 20
-1222.317012660757
 10
822.7537683465271
 20
-1222.061080035377
 10
835.7429029102123
 20
-1218.249195535585
 10
848.5740016839636
 20
-1214.03516842789
 10
860.5014523972814
 20
-1207.477676774113
 10
861.0469707032862
 20
-1207.177763873242
 10
861.5900456606532
 20
-1206.873029431059
 10
862.1280058748698
 20
-1206.559824713597
 10
862.8847598151615
 20
-1206.119174931151
 10
863.4354905982618
 20
-1205.462207349254
 10
863.1237518899816
 20
-1204.592701013793
 10
862.7248019242988
 20
-1203.479967465875
 10
861.738731569797
 20
-1204.03483565267
 10
861.0524112262547
 20
-1204.193620736183
 10
854.6343207567952
 20
-1205.678590304671
 10
848.3306767375589
 20
-1207.557101893854
 10
842.147506095188
 20
-1209.835801412028
 10
817.6807250135271
 20
-1218.852474603402
 10
794.730905078527
 20
-1230.94744129937
 10
772.3593768992678
 20
-1244.217039708765
 10
771.7494519231541
 20
-1244.578785619178
 10
771.1296558185413
 20
-1244.925936593725
 10
770.4982945303727
 20
-1245.248132834178
 10
770.3704911075929
 20
-1245.313288797868
 10
770.1694849596051
 20
-1245.234906173548
 10
769.6632556997065
 20
-1245.197897586173
 10
771.9963604475624
 20
-1240.746572458715
 10
774.6258922522311
 20
-1236.52726771796
 10
775.5097328997026
 20
-1230.980149593142
 10
773.7683094581271
 20
-1232.215050572984
 10
772.3941376058965
 20
-1233.221319276232
 10
770.9883976892588
 20
-1234.181327245256
 10
759.9641063666468
 20
-1241.71009884978
 10
748.3033064347355
 20
-1247.874634886535
 10
735.1367847599013
 20
-1250.763715472569
 10
733.0557032796023
 20
-1251.220328466115
 10
730.9365381385269
 20
-1251.505125183412
 10
728.8328475388289
 20
-1251.856511295598
 10
726.8955001144332
 20
-1252.180140967252
 10
726.5714143510331
 20
-1251.435668926117
 10
727.4605000535812
 20
-1249.815565888934
 10
729.0494585401193
 20
-1246.920100018458
 10
730.3826798691698
 20
-1243.919276954695
 10
731.0631035979977
 20
-1240.663172825189
 10
731.2595488285269
 20
-1239.723102581052
 10
731.6272565096178
 20
-1238.788440281902
 10
730.976934836016
 20
-1237.560771614031
 10
717.6731621236659
 20
-1245.410957587443
 10
703.9822978310267
 20
-1252.208418655495
 10
687.4698219527563
 20
-1253.496030809962
 10
690.8842550740319
 20
-1248.967235241675
 10
694.7686581614125
 20
-1245.667150836678
 10
697.1112105240036
 20
-1240.666300311446
 10
682.0883628656238
 20
-1247.00962431257
 10
667.2818330067003
 20
-1252.498102070065
 10
650.9723342443185
 20
-1252.014188727731
 10
653.9443095051583
 20
-1249.429125868282
 10
657.2769881809927
 20
-1247.36283479174
 10
659.0388705951673
 20
-1243.673769283507
 10
658.0209878413916
 20
-1243.063127591793
 10
657.2452083597018
 20
-1243.697942146036
 10
656.4620988320967
 20
-1243.912174954654
 10
643.8050642153466
 20
-1247.375344736771
 10
631.0076184968411
 20
-1249.837327980807
 10
617.7997227850628
 20
-1249.443004088547
 10
616.9106045045319
 20
-1249.416485611324
 10
616.019775879955
 20
-1249.423913391187
 10
615.1324656774168
 20
-1249.370224877104
 10
614.5252283848049
 20
-1249.33360722551
 10
613.7615190453898
 20
-1249.419026693908
 10
613.488124621741
 20
-1248.744988249524
 10
613.1962910603679
 20
-1248.025536098445
 10
613.9220633399245
 20
-1247.660793013702
 10
614.3374651864378
 20
-1247.243729690113
 10
616.2210100738157
 20
-1245.352903623792
 10
618.1698575258024
 20
-1243.520261833051
 10
619.5909742498716
 20
-1241.229182681775
 10
619.7557211040648
 20
-1240.963672129734
 10
619.7970299850449
 20
-1240.621538164392
 10
620.046658770937
 20
-1239.844748765263
 10
608.1073333832364
 20
-1245.129092888514
 10
595.9209202922275
 20
-1246.343209115937
 10
583.4553138968022
 20
-1245.619782451075
 10
582.2496679446594
 20
-1245.549804946069
 10
580.9951387307574
 20
-1245.499960633844
 10
579.4622306619849
 20
-1244.491737251687
 10
583.038543775051
 20
-1242.185020669127
 10
586.4034420749304
 20
-1239.93733538967
 10
589.1844940731635
 20
-1236.222663587705
 10
573.7369924214263
 20
-1239.705771094712
 10
558.7313133594798
 20
-1241.784572116279
 10
543.0727063853838
 20
-1236.359621423384
 10
545.9559066456932
 20
-1234.51427421972
 10
548.666329579285
 20
-1233.408251736062
 10
550.7249811190832
 20
-1231.394736990111
 10
551.6335810327573
 20
-1230.506074801327
 10
553.5764667140656
 20
-1229.810925824704
 10
552.9960411005131
 20
-1228.530806606062
 10
552.474092964374
 20
-1227.379631039566
 10
550.7367580595192
 20
-1228.478356055291
 10
549.576151167279
 20
-1228.671478331673
 10
538.6477368452388
 20
-1230.489720654439
 10
527.7968988424682
 20
-1230.181142010399
 10
517.0114122712803
 20
-1227.648269077865
 10
516.2535588241017
 20
-1227.470328141024
 10
515.3963343877967
 20
-1227.492025076934
 10
514.6672798765694
 20
-1226.396948795174
 10
518.7362209421144
 20
-1224.867086767705
 10
523.0344784218714
 20
-1223.777157807079
 10
526.2208901037138
 20
-1219.712859103945
 10
521.2916378380851
 20
-1221.019887735592
 10
516.8140385682682
 20
-1221.67861452851
 10
512.2144103229539
 20
-1221.782082198852
 10
503.9362474020363
 20
-1221.968232787118
 10
496.4986697131953
 20
-1219.339515431995
 10
489.2295364794873
 20
-1215.784280273183
 10
475.2861521050672
 20
-1208.964796489403
 10
460.6242766300329
 20
-1204.554519619071
 10
445.1640410596419
 20
-1202.894085040363
 10
445.0028085552403
 20
-1202.876753554021
 10
444.8540412011425
 20
-1202.74344445231
 10
444.6740437791968
 20
-1202.651248763686
 10
444.6351130908915
 20
-1201.67625492301
 10
445.4435194214002
 20
-1201.870940942519
 10
445.9598763614049
 20
-1201.78109086859
 10
462.8569393876105
 20
-1198.842100814369
 10
479.2027911054838
 20
-1194.299231557925
 10
494.6600009958111
 20
-1186.582875933935
 10
504.5371645661698
 20
-1181.652198381602
 10
515.0432705095454
 20
-1181.447934435429
 10
525.6200299510492
 20
-1184.989682309755
 10
524.6780050280013
 20
-1183.093904390196
 10
523.887011628789
 20
-1182.362919633544
 10
520.8054033145445
 20
-1180.883358010044
 10
518.8988665164788
 20
-1179.967916720183
 10
516.9152094908904
 20
-1179.213150036783
 10
514.9726414449042
 20
-1178.067903662981
 10
527.7104205896594
 20
-1174.257191970537
 10
540.5739914668156
 20
-1174.080163217186
 10
553.9782346751763
 20
-1177.045932372484
 10
551.0613650706291
 20
-1173.124455541763
 10
547.5020250861044
 20
-1170.767568867161
 10
543.571898801204
 20
-1168.662640304152
 10
558.6498195378936
 20
-1163.131615702365
 10
573.6203958244014
 20
-1165.055280374387
 10
589.0341792649278
 20
-1168.593900762458
 10
587.034168092453
 20
-1165.446867716171
 10
584.2976339064116
 20
-1163.723622788464
 10
581.7191355103032
 20
-1161.81911396977
 10
581.0584703274653
 20
-1161.331095801721
 10
579.7289140213725
 20
-1161.19355156237
 10
579.9810187338853
 20
-1160.115285519245
 10
580.1879703635595
 20
-1159.230206908462
 10
581.3593768567825
 20
-1159.555139699391
 10
582.1020408199256
 20
-1159.474606928268
 10
593.7757253436575
 20
-1158.207844682183
 10
605.1681967280974
 20
-1159.417790927928
 10
616.2313210050697
 20
-1163.437718419787
 10
617.3154510849281
 20
-1163.831651376266
 10
618.4017801785612
 20
-1164.219720296009
 10
619.4904711758782
 20
-1164.60081752764
 10
619.5522878964302
 20
-1164.622384151622
 10
619.6452980345994
 20
-1164.554817417275
 10
619.9054332196365
 20
-1164.468225141529
 10
618.9856427691984
 20
-1161.973989695463
 10
616.9695217847002
 20
-1160.35968553905
 10
615.3101134124208
 20
-1158.47413710579
 10
614.6587166654181
 20
-1157.733900202293
 10
613.1301088902483
 20
-1157.227051960739
 10
613.7005819303467
 20
-1156.077049201589
 10
614.1710568551707
 20
-1155.128508682172
 10
615.6190829922443
 20
-1155.412588683866
 10
616.6705373563118
 20
-1155.365937013863
 10
624.5270597471927
 20
-1155.017678387932
 10
632.2914353164224
 20
-1155.850371603907
 10
640.0226627891243
 20
-1157.168020657635
 10
646.3173315743625
 20
-1158.240813599812
 10
652.483252175346
 20
-1159.879225462792
 10
659.0729960311501
 20
-1161.579665803205
 10
657.462145140812
 20
-1157.359839814742
 10
653.906958848972
 20
-1155.540620152518
 10
651.0494951943201
 20
-1152.924673366279
 10
667.3425583648595
 20
-1152.123841416549
 10
681.9937238283628
 20
-1157.940835542977
 10
697.0103165142282
 20
-1164.075986240106
 10
695.3478621006461
 20
-1160.342419208671
 10
692.7000866261433
 20
-1157.765826624502
 10
690.4620770072952
 20
-1154.902352332199
 10
689.722556819399
 20
-1153.956222583438
 10
687.8937918084957
 20
-1153.042996596341
 10
688.466447573378
 20
-1152.080056608949
 10
689.1971717061751
 20
-1150.851410601623
 10
691.0646393595116
 20
-1151.591712661084
 10
692.410175165699
 20
-1151.798778313696
 10
704.8246341296272
 20
-1153.709933040685
 10
716.0781767104863
 20
-1158.698599400705
 10
726.8650722793891
 20
-1164.903141199167
 10
726.9421192064538
 20
-1164.947447254477
 10
727.011608041731
 20
-1165.007716520891
 10
727.0924665926723
 20
-1165.042249181648
 10
728.4485250869957
 20
-1165.620247735555
 10
729.9214408021999
 20
-1167.577532884838
 10
730.9525013496313
 20
-1166.797159907708
 10
732.2346729811297
 20
-1165.826661828527
 10
730.9522081477953
 20
-1163.82995732121
 10
730.5842398428485
 20
-1162.330001881073
 10
729.9671151327475
 20
-1159.81426496699
 10
728.8125514561389
 20
-1157.495689999039
 10
727.5950145406223
 20
-1155.213602370752
 10
727.2769231258817
 20
-1154.617360147015
 10
726.59431667227
 20
-1153.968276436721
 10
727.0990147670227
 20
-1153.280294616106
 10
727.5920499442736
 20
-1152.608406318523
 10
728.4281964263237
 20
-1153.042931440379
 10
729.1070889900047
 20
-1153.106914596723
 10
737.5469038568399
 20
-1153.903120473031
 10
745.3958192889595
 20
-1156.715642801726
 10
753.0199140683626
 20
-1160.232696565816
 10
759.9874322016476
 20
-1163.446775098742
 10
766.5072311304302
 20
-1167.437708186757
 10
772.7575449933847
 20
-1171.878608360024
 10
773.3812830338011
 20
-1172.321734069088
 10
773.8759796881268
 20
-1173.07161405521
 10
775.1347603286595
 20
-1172.862919503506
 10
774.2917724704221
 20
-1168.744606506476
 10
771.5600109587222
 20
-1165.695763497471
 10
769.230001119141
 20
-1162.329936725109
 10
770.5248781635592
 20
-1161.996533658901
 10
771.1254858368648
 20
-1162.805966195838
 10
771.8465017310718
 20
-1163.213842528545
 10
794.5671681417707
 20
-1176.06513965104
 10
817.8467098310311
 20
-1187.711963628739
 10
842.6674506854442
 20
-1196.02267195352
 10
848.4877351880368
 20
-1197.971486827526
 10
854.3939604067382
 20
-1199.641629644822
 10
860.4340159748617
 20
-1200.784074312185
 10
861.321537934281
 20
-1200.952046386581
 10
862.4598451979491
 20
-1201.69091501484
 10
863.0326638527404
 20
-1200.430668365123
 10
863.6186440121974
 20
-1199.14149246753
 10
862.7385172546565
 20
-1198.233283489637
 10
861.7475927808582
 20
-1197.534094843268
 10
856.874578256391
 20
-1194.096010107172
 10
851.8406610795873
 20
-1190.910665354233
 10
846.6584163514408
 20
-1187.957992547639
 10
824.8586317535728
 20
-1175.536985409359
 10
801.7111937806967
 20
-1166.171858124162
 10
778.1494616126893
 20
-1157.749146697797
 10
759.6326579793495
 20
-1151.12988719044
 10
740.8505718398401
 20
-1145.360131137691
 10
721.8710957083285
 20
-1140.224212299729
 10
721.2232499613465
 20
-1140.048812445471
 10
720.4176290482865
 20
-1140.146416079082
 10
719.8393372925448
 20
-1139.08235403604
 10
726.4514947998587
 20
-1138.130881498257
 10
732.9836733617421
 20
-1137.184947217387
 10
739.3637779043702
 20
-1133.338269432985
 10
734.4981911597633
 20
-1132.466808418612
 10
730.2530846573882
 20
-1131.801761497216
 10
726.0490264121381
 20
-1130.937207014998
 10
707.5301052099785
 20
-1127.128906093209
 10
689.8184012419888
 20
-1121.187333764205
 10
673.8519649174332
 20
-1110.779580748022
 10
671.17540679597
 20
-1109.034834352298
 10
668.677164258138
 20
-1107.01467369805
 10
666.1172678896646
 20
-1105.094136512289
 10
665.5718473176048
 20
-1104.684957060306
 10
664.7072765463954
 20
-1104.335655938958
 10
664.8730333180256
 20
-1103.519382025836
 10
665.0408262135215
 20
-1102.693008938339
 10
665.9993193063929
 20
-1102.769632351639
 10
666.6400141863596
 20
-1102.60055262586
 10
672.451470055872
 20
-1101.066390304786
 10
677.9608954556934
 20
-1098.865161227441
 10
682.8100303194678
 20
-1095.244770104939
 10
683.6064968196306
 20
-1094.650091624328
 10
685.0966137092482
 20
-1094.251662906358
 10
684.8273241113129
 20
-1093.077617596604
 10
684.6102570182757
 20
-1092.131357535916
 10
683.1654886793858
 20
-1092.294442913035
 10
682.2537287014729
 20
-1092.07441122365
 10
666.4454259007953
 20
-1088.259008301819
 10
651.1983114153909
 20
-1082.976162765732
 10
637.0149983491729
 20
-1074.888483304667
 10
632.1353704943904
 20
-1072.106063031197
 10
627.5186632420937
 20
-1068.942610682059
 10
623.2207804091286
 20
-1065.3212422201
 10
622.6883095848525
 20
-1064.87270856605
 10
621.8006084465324
 20
-1064.469327994837
 10
621.9954410669607
 20
-1063.720620816061
 10
622.2566839033798
 20
-1062.716697727506
 10
623.320306143667
 20
-1063.03661350923
 10
624.0622208132281
 20
-1063.036548353268
 10
630.7573544403031
 20
-1063.03589679363
 10
637.3717924063467
 20
-1062.35983851437
 10
643.8821925873663
 20
-1060.767166137903
 10
644.3014386357372
 20
-1060.664610651052
 10
644.7006003583001
 20
-1060.479893493986
 10
645.664077882393
 20
-1060.134371418531
 10
633.7942087519878
 20
-1055.542374565466
 10
622.5911783319798
 20
-1050.692294940218
 10
611.9532292960757
 20
-1044.64354105094
 10
601.3512463521283
 20
-1038.615246134264
 10
591.2792420168462
 20
-1031.892975048311
 10
583.1154766791797
 20
-1022.550847818298
 10
586.2980685926505
 20
-1022.930316150836
 10
589.3398747575766
 20
-1023.765811073248
 10
592.4731273175421
 20
-1023.954763367954
 10
595.5957920334085
 20
-1024.142933791094
 10
598.6458567167319
 20
-1023.812983990962
 10
601.5923397067772
 20
-1022.659397653806
 10
601.4930583071027
 20
-1021.481182362379
 10
600.5320892876116
 20
-1021.412182196829
 10
599.90049995357
 20
-1021.058580781879
 10
584.3312869616584
 20
-1012.342081115228
 10
569.5092499833745
 20
-1002.56881687347
 10
556.4544219192985
 20
-990.3072463783428
 10
553.3429477401969
 20
-987.3848059389002
 10
550.319531846023
 20
-984.3641754621749
 10
547.6620481329301
 20
-981.0072424788568
 10
547.2475421809177
 20
-980.483681732615
 10
546.3697447490777
 20
-980.0271013170495
 10
546.8298761646656
 20
-979.238974780239
 10
547.1901397769052
 20
-978.6218826481199
 10
547.9706104879815
 20
-979.0383595680341
 10
548.5668852897015
 20
-979.0713284856629
 10
553.8112888072092
 20
-979.3611747901423
 10
558.970598636136
 20
-978.9088295122165
 10
564.7354028356449
 20
-977.3526118974323
 10
557.6572661650025
 20
-974.5702567799262
 10
551.4788681969721
 20
-971.4998145689588
 10
545.6346062997409
 20
-967.7879444734326
 10
534.3441121429732
 20
-960.6169768435202
 10
524.5915593531736
 20
-951.738564607097
 10
516.2781063334214
 20
-941.2734417648835
 10
515.8019872732439
 20
-940.6741697888338
 10
514.8218135334546
 20
-940.0035846105229
 10
515.2322309487454
 20
-939.269895881378
 10
515.7886628786691
 20
-938.2752249396672
 10
516.8506969423397
 20
-939.0802920270362
 10
517.62073455473
 20
-939.2619794317898
 10
523.091929692856
 20
-940.5528168064584
 10
528.5903111568323
 20
-941.2390394160548
 10
534.5633782497853
 20
-940.4753137876478
 10
533.750191100441
 20
-939.1014351372542
 10
532.5392512262488
 20
-938.7249965570281
 10
531.5598837915095
 20
-938.1166353240433
 10
516.3267696938037
 20
-928.6540021391829
 10
502.4879687856037
 20
-917.6324799450276
 10
491.9701103352772
 20
-902.8724388661967
 10
489.8479480198721
 20
-899.8943552337623
 10
488.0628293601458
 20
-896.7169595083951
 10
486.3312200356004
 20
-893.507897984674
 10
486.0172578800593
 20
-892.9260226509296
 10
485.4063311310038
 20
-892.1811596740117
 10
486.0683238666024
 20
-891.5779783401395
 10
486.5552506722579
 20
-891.1342988053839
 10
487.2490476626335
 20
-891.634501138642
 10
487.8075971613762
 20
-891.8504280023153
 10
493.3885393758446
 20
-894.0079048500411
 10
499.1875993232652
 20
-894.5803977250134
 10
505.110553335644
 20
-894.260612255217
 10
505.4376199843828
 20
-894.2429875670387
 10
505.758806307399
 20
-894.1165524194967
 10
506.7436061206099
 20
-893.8861283539018
 10
488.6913645083887
 20
-882.9972637018218
 10
475.1550257281378
 20
-868.465854899584
 10
465.0346715955493
 20
-850.5831491048875
 10
471.3901023891767
 20
-853.2619388181074
 10
477.5131585105473
 20
-856.4492056719728
 10
484.7693175629856
 20
-855.2747694264381
 10
482.3554031311614
 20
-853.8479189775635
 10
479.8936560774928
 20
-852.4956069511518
 10
477.5355721620572
 20
-850.9817732907504
 10
465.3269897544023
 20
-843.1440972623677
 10
456.7201190689102
 20
-832.2876477022246
 10
452.2648275721631
 20
-818.5852182260296
 10
444.3851300194474
 20
-794.3509462008024
 10
431.6935993921697
 20
-772.7458150444609
 10
417.2573152427349
 20
-752.0098970217423
 10
416.7683146449226
 20
-751.3074831551694
 10
415.9807063016369
 20
-750.7548302711402
 10
415.9755793417444
 20
-749.7478448522916
 10
416.7690995706726
 20
-749.3359288498359
 10
417.1219252224328
 20
-750.0416005145944
 10
417.5512042711498
 20
-750.3854611129746
 10
436.2953370618088
 20
-765.4001316979111
 10
457.1791917000883
 20
-776.5260011679165
 10
479.9251915639188
 20
-784.0394611209722
 10
497.9066249325997
 20
-789.9791113490473
 10
511.7268238131655
 20
-800.7172376791277
 10
520.8514685808732
 20
-817.378171420668
 10
521.0547633320857
 20
-817.7493649458165
 10
521.3302346020764
 20
-818.0810413789868
 10
521.8219666600544
 20
-818.7930983281867
 10
522.653047265927
 20
-814.8939048370485
 10
521.7931351461211
 20
-811.6029096889861
 10
520.8149323742336
 20
-808.3125661005597
 10
519.8337487170074
 20
-805.0121559157442
 10
518.0869987753995
 20
-802.0276544208855
 10
516.9472743695214
 20
-798.6962299973529
 10
534.8638205428606
 20
-808.8880887278447
 10
549.5476128551818
 20
-822.3791196798429
 10
560.3530778737368
 20
-840.7206537708535
 10
561.155701612467
 20
-833.0630688261135
 10
560.297760460563
 20
-826.300661666527
 10
557.5689961231919
 20
-819.6777860031862
 10
558.9288336634099
 20
-819.1622720184614
 10
559.776024081305
 20
-819.9638532617728
 10
560.6404482515973
 20
-820.4185441543923
 10
572.4080713859803
 20
-826.6081652371686
 10
581.961711163126
 20
-835.4285235099424
 10
590.4231740988971
 20
-845.5445732766802
 10
596.0292095038831
 20
-852.2468414817795
 10
601.041006231013
 20
-859.3642183315551
 10
605.4610239179174
 20
-866.9007760737386
 10
605.7148226854852
 20
-867.3335094065942
 10
606.0603447609401
 20
-867.712423913441
 10
606.6920806958997
 20
-868.5551185698414
 10
607.7287446562086
 20
-861.5654799868817
 10
606.6265989523899
 20
-855.2504336739994
 10
605.4359062939138
 20
-848.7880371492301
 10
614.2566555024705
 20
-854.7283063589603
 10
621.5193627292592
 20
-862.1300564122666
 10
627.9164566894196
 20
-870.4329785993859
 10
634.3549083975331
 20
-878.789589300588
 10
639.6654452181865
 20
-887.795739803827
 10
643.5788264204193
 20
-898.1692859390732
 10
644.9489097359283
 20
-894.9670332135574
 10
645.1206445672269
 20
-891.9977456362203
 10
645.3517690594299
 20
-889.0983704079244
 10
645.5806945378599
 20
-886.226621308233
 10
645.4018088395451
 20
-883.3223593826597
 10
645.4018088395451
 20
-879.6319255991875
 10
664.2171082315463
 20
-895.4299337576022
 10
676.9724794864978
 20
-914.8750795616152
 10
688.6980118683359
 20
-935.8099513194647
 10
691.4692904720159
 20
-929.1724155642924
 10
690.1030350693745
 20
-923.0092478027746
 10
688.4644277385032
 20
-916.174094009727
 10
692.5797109832238
 20
-919.2721949272818
 10
695.3361991831453
 20
-922.6970855807294
 10
698.0448303277353
 20
-926.1187835919573
 10
709.9847584080999
 20
-941.2023240305143
 10
718.2559496409021
 20
-958.2961865728021
 10
725.2149974989088
 20
-976.0960791376474
 10
725.4737969866901
 20
-976.7581288847141
 10
725.7103782908534
 20
-977.4292678887159
 10
725.9865092649761
 20
-978.0838572779394
 10
726.0474300910273
 20
-978.2283080494435
 10
726.2327010737836
 20
-978.3203082701748
 10
726.5088320479072
 20
-978.5707352166228
 10
727.682584155823
 20
-976.7886544537032
 10
727.775105624265
 20
-974.7422685240708
 10
728.1262636905785
 20
-972.8100684208066
 10
729.0184768793852
 20
-967.9012832722728
 10
729.3692440099167
 20
-962.9390050775492
 10
729.3677780007329
 20
-957.9490355982543
 10
729.3675825328419
 20
-957.1837788047014
 10
729.0842844027129
 20
-956.100788954207
 10
729.9311490407899
 20
-955.7700572825106
 10
730.9619163863845
 20
-955.3675237388261
 10
731.4308112790886
 20
-956.5108480116978
 10
731.9478890069431
 20
-957.1425025017033
 10
740.3255776623982
 20
-967.3766474526319
 10
746.1883112753358
 20
-979.0145124853234
 10
750.9161257347178
 20
-991.2804810079988
 10
754.0883089829895
 20
-999.510461093766
 10
756.5605542913072
 20
-1007.952654153276
 10
758.6156385420927
 20
-1016.524116644749
 10
758.7912338642409
 20
-1017.256339364712
 10
758.622577652226
 20
-1018.384123940243
 10
759.5481181164596
 20
-1018.559914730282
 10
760.4462279199797
 20
-1018.730493043226
 10
760.7611592704816
 20
-1017.653921055156
 10
761.2203133466137
 20
-1017.044256702897
 10
764.9128646989057
 20
-1012.141465903023
 10
767.2613136762102
 20
-1006.605489447997
 10
768.8810909335743
 20
-1000.722036238605
 10
769.083563090745
 20
-999.9864905644945
 10
768.9524692917985
 20
-998.8691960991173
 10
769.773532168253
 20
-998.6277932536414
 10
770.7999666422638
 20
-998.3259908298232
 10
771.2451447641834
 20
-999.4642655155094
 10
771.7630695195658
 20
-1000.106377537687
 10
779.4357380699003
 20
-1009.619669484317
 10
784.9647754147927
 20
-1020.33157053901
 10
789.3068991471046
 20
-1031.697246533384
 10
794.2168245250032
 20
-1044.549195215515
 10
797.3947740760614
 20
-1057.839317753471
 10
799.3365195280057
 20
-1071.44121157769
 10
799.3827476842444
 20
-1071.764971561272
 10
799.491688455536
 20
-1072.079870333793
 10
799.6765359245283
 20
-1072.819781457471
 10
803.3615291850319
 20
-1067.917316437415
 10
805.3899646466671
 20
-1062.6752585346
 10
806.9836143625917
 20
-1057.234084006745
 10
807.2579535477134
 20
-1056.297467028682
 10
806.5702649289342
 20
-1055.544655024194
 10
806.1236859537939
 20
-1054.786695698574
 10
803.926073032434
 20
-1051.056777401105
 10
801.7180025789021
 20
-1047.332983764223
 10
799.3834969778272
 20
-1043.387138603082
 10
800.8095003991739
 20
-1043.240342216886
 10
801.468129458146
 20
-1044.074534020026
 10
802.2249159764206
 20
-1044.565549362404
 10
807.6421782656007
 20
-1048.0802575118
 10
813.4452290157969
 20
-1050.717705766056
 10
819.6944026493875
 20
-1052.353967482235
 10
820.6136881411066
 20
-1052.594653612108
 10
821.8184870657215
 20
-1053.339125653245
 10
822.4494574181072
 20
-1052.533016070458
 10
823.2053969088529
 20
-1051.567209220662
 10
821.8738370568772
 20
-1050.846453950311
 10
821.3472139803425
 20
-1050.130780845126
 10
809.6706788831998
 20
-1034.261264016561
 10
800.1874238358314
 20
-1017.243568795828
 10
794.1270396070367
 20
-998.4196199496482
 10
791.9948758512046
 20
-991.7968420202524
 10
790.5591967692499
 20
-985.0221203835281
 10
789.6930459659206
 20
-978.1251010029564
 10
789.5621476348642
 20
-977.0825078499502
 10
789.1091507973015
 20
-975.7326717501592
 10
789.9021640313877
 20
-975.0500978745295
 10
790.8901239088373
 20
-974.1998125483597
 10
791.8330935933591
 20
-975.4591470145833
 10
792.6931197361018
 20
-975.9341665678749
 10
798.1901980808043
 20
-978.9699132281767
 10
803.956598601424
 20
-981.225417223276
 10
810.1815993724849
 20
-982.209370008959
 10
811.0451439372664
 20
-982.3458717528929
 10
812.189445549594
 20
-982.7797453151125
 10
812.732455350997
 20
-982.1106261459854
 10
813.4083507403475
 20
-981.2777374621201
 10
812.2982885869405
 20
-980.5414099164454
 10
811.8723314743083
 20
-979.8423841599842
 10
802.0089239567833
 20
-963.6556881001707
 10
793.8329255869339
 20
-946.737876971777
 10
789.4104645513917
 20
-928.1883976226454
 10
788.3162027191793
 20
-923.5988441182162
 10
787.5756726138461
 20
-918.9501941547196
 10
787.2398913549632
 20
-914.239841493607
 10
787.1963997491994
 20
-913.6298839395113
 10
786.8835208115543
 20
-912.879352393752
 10
787.5046526134229
 20
-912.5172481255377
 10
788.3394308202351
 20
-912.0306959666741
 10
788.7644431713934
 20
-912.9216711921699
 10
789.2281581649831
 20
-913.3730391306408
 10
793.9560052023471
 20
-917.9750048461528
 10
798.9535327734284
 20
-922.2421992202189
 10
804.532381852563
 20
-925.7906581588086
 10
805.3390778390249
 20
-926.3037287948946
 10
806.0626673937977
 20
-927.0265364781035
 10
807.6416895958728
 20
-927.1143667171591
 10
797.587375104732
 20
-903.0838699683754
 10
788.34040815969
 20
-879.0418731919999
 10
789.2645803486866
 20
-852.4671012170375
 10
793.0807977200639
 20
-858.0281301401028
 10
796.6959112095092
 20
-863.6726564306382
 10
803.4951314885811
 20
-866.5970189710097
 10
803.4805039747325
 20
-864.6108697298105
 10
802.81747688821
 20
-863.1440460972117
 10
802.398556619657
 20
-861.6363045194139
 10
797.0236457068759
 20
-842.2897722664484
 10
793.3150659875164
 20
-822.6867209844295
 10
793.3674188043424
 20
-802.5159006348058
 10
793.3743253364937
 20
-799.8552894354561
 10
793.6659960079569
 20
-797.1948737039966
 10
793.8450120181988
 20
-794.5356633578658
 10
793.8856367615608
 20
-793.9319281983035
 10
793.7672157975521
 20
-793.1642932120758
 10
794.428223049199
 20
-792.8700814580279
 10
795.2885423937787
 20
-792.4871598594136
 10
795.6822147264002
 20
-793.3382596351303
 10
796.1314976740332
 20
-793.8136701242038
 10
799.3144968122779
 20
-797.1818099332768
 10
802.6069253915421
 20
-800.4204848424952
 10
806.5377521030523
 20
-802.9312373253551
 10
807.2600059605693
 20
-803.392606704253
 10
808.0142839742412
 20
-803.8038711470726
 10
809.4548823314544
 20
-804.6500842255118
 97
        0
 97
        0
 92
        1
 93
        1
 72
     4
 94
        3
 73
     0
 74
     1
 95
       17
 96
       13
 40
0.0
 40
0.0
 40
0.0
 40
0.0
 40
1.0
 40
1.0
 40
1.0
 40
2.0
 40
2.0
 40
2.0
 40
3.0
 40
3.0
 40
3.0
 40
4.0
 40
4.0
 40
4.0
 40
4.0
 10
814.5921368666723
 20
-1070.337274084872
 10
826.5374077360593
 20
-1112.813554466571
 10
839.594369657947
 20
-1154.868666698971
 10
862.837261117631
 20
-1193.600042911554
 10
863.8338541602707
 20
-1187.95414834578
 10
863.2608400375875
 20
-1178.396745811731
 10
861.8717800476543
 20
-1173.953890959554
 10
853.9437326976313
 20
-1148.59636269827
 10
843.0933752200935
 20
-1124.467219820457
 10
831.1721143233262
 20
-1100.784264982003
 10
825.9829304850473
 20
-1090.475353562739
 10
820.5638438288825
 20
-1080.292062841472
 10
814.5921368666723
 20
-1070.337274084872
 97
        0
 97
        0
 75
     2
 76
     1
 98
        0
  0
SPLINE
  5
48
330
41
100
AcDbEntity
  8
katman 1
370
     0
100
AcDbSpline
210
0.0
220
0.0
230
1.0
 70
    11
 71
     3
 72
    53
 73
    49
 74
     0
 42
0.0000000001
 43
0.0000000001
 12
1.0
 22
0.0
 32
0.0
 13
1.0
 23
0.0
 33
0.0
 40
0.0
 40
0.0
 40
0.0
 40
0.0
 40
1.0
 40
1.0
 40
1.0
 40
2.0
 40
2.0
 40
2.0
 40
3.0
 40
3.0
 40
3.0
 40
4.0
 40
4.0
 40
4.0
 40
5.0
 40
5.0
 40
5.0
 40
6.0
 40
6.0
 40
6.0
 40
7.0
 40
7.0
 40
7.0
 40
8.0
 40
8.0
 40
8.0
 40
9.0
 40
9.0
 40
9.0
 40
10.0
 40
10.0
 40
10.0
 40
11.0
 40
11.0
 40
11.0
 40
12.0
 40
12.0
 40
12.0
 40
13.0
 40
13.0
 40
13.0
 40
14.0
 40
14.0
 40
14.0
 40
15.0
 40
15.0
 40
15.0
 40
16.0
 40
16.0
 40
16.0
 40
16.0
 10
1287.63072081555
 20
-1235.20955350827
 30
0.0
 10
1287.630590503624
 20
-1175.344775316469
 30
0.0
 10
1287.630525347658
 20
-1115.480062280636
 30
0.0
 10
1287.630981439404
 20
-1055.615284088835
 30
0.0
 10
1287.631046595368
 20
-1054.636836982085
 30
0.0
 10
1287.673919219476
 20
-1053.656891288168
 30
0.0
 10
1287.63319674217
 20
-1052.6802685484
 30
0.0
 10
1287.558202227961
 20
-1050.886133932199
 30
0.0
 10
1288.344113462006
 20
-1050.053310404297
 30
0.0
 10
1290.176429472929
 20
-1050.143030166299
 30
0.0
 10
1291.596112765797
 20
-1050.212616735522
 30
0.0
 10
1293.022181343109
 20
-1050.149871542488
 30
0.0
 10
1294.445383058017
 20
-1050.151565597542
 30
0.0
 10
1316.416169482593
 20
-1050.177888606875
 30
0.0
 10
1338.390800109028
 20
-1049.960398000072
 30
0.0
 10
1360.356374056508
 20
-1050.313347855388
 30
0.0
 10
1376.601905951535
 20
-1050.574427801901
 30
0.0
 10
1392.858905296172
 20
-1051.230678668198
 30
0.0
 10
1408.914442401074
 20
-1054.211107915326
 30
0.0
 10
1436.81220621879
 20
-1059.389899377396
 30
0.0
 10
1453.343316702674
 20
-1076.82192137124
 30
0.0
 10
1459.620768024506
 20
-1105.470412202605
 30
0.0
 10
1461.60574445836
 20
-1114.529436770379
 30
0.0
 10
1462.034405543483
 20
-1123.803476018336
 30
0.0
 10
1462.242122755732
 20
-1133.027214862323
 30
0.0
 10
1463.653596397176
 20
-1195.723997015961
 30
0.0
 10
1462.602044299165
 20
-1258.431464747644
 30
0.0
 10
1462.90241329178
 20
-1321.133654846271
 30
0.0
 10
1462.961183971031
 20
-1333.407539818534
 30
0.0
 10
1462.574353014596
 20
-1345.667220790714
 30
0.0
 10
1461.719571926929
 20
-1357.903641083856
 30
0.0
 10
1461.050680803673
 20
-1367.479091819847
 30
0.0
 10
1459.996261843258
 20
-1377.008021197762
 30
0.0
 10
1456.677477676683
 20
-1386.147122444914
 30
0.0
 10
1450.217394188625
 20
-1403.936590055569
 30
0.0
 10
1437.220343175351
 20
-1413.886036023148
 30
0.0
 10
1419.081900223166
 20
-1417.634328302378
 30
0.0
 10
1408.948193190266
 20
-1419.728440975416
 30
0.0
 10
1398.643386596716
 20
-1420.271190152962
 30
0.0
 10
1388.324115379226
 20
-1420.286436648466
 30
0.0
 10
1356.034578984869
 20
-1420.334195969852
 30
0.0
 10
1323.74484712262
 20
-1420.305331877937
 30
0.0
 10
1291.455245572299
 20
-1420.302530171497
 30
0.0
 10
1287.650202448694
 20
-1420.302204391679
 30
0.0
 10
1287.633587677952
 20
-1420.291649125562
 30
0.0
 10
1287.633392210062
 20
-1416.404965579452
 30
0.0
 10
1287.629808632058
 20
-1356.006494889058
 30
0.0
 10
1287.63091628344
 20
-1295.608024198664
 30
0.0
 10
1287.63072081555
 20
-1235.20955350827
 30
0.0
  0
SPLINE
  5
49
330
41
100
AcDbEntity
  8
katman 1
370
     0
100
AcDbSpline
210
0.0
220
0.0
230
1.0
 70
    11
 71
     3
 72
    35
 73
    31
 74
     0
 42
0.0000000001
 43
0.0000000001
 12
1.0
 22
0.0
 32
0.0
 13
1.0
 23
0.0
 33
0.0
 40
0.0
 40
0.0
 40
0.0
 40
0.0
 40
1.0
 40
1.0
 40
1.0
 40
2.0
 40
2.0
 40
2.0
 40
3.0
 40
3.0
 40
3.0
 40
4.0
 40
4.0
 40
4.0
 40
5.0
 40
5.0
 40
5.0
 40
6.0
 40
6.0
 40
6.0
 40
7.0
 40
7.0
 40
7.0
 40
8.0
 40
8.0
 40
8.0
 40
9.0
 40
9.0
 40
9.0
 40
10.0
 40
10.0
 40
10.0
 40
10.0
 10
1364.004065527799
 20
-1234.89185302931
 30
0.0
 10
1364.004065527799
 20
-1273.215809000932
 30
0.0
 10
1364.003739747979
 20
-1311.539764972553
 30
0.0
 10
1364.004260995689
 20
-1349.863720944175
 30
0.0
 10
1364.004391307615
 20
-1358.215542682046
 30
0.0
 10
1363.407432368276
 20
-1356.732592948432
 30
0.0
 10
1371.117989111499
 20
-1355.74951976826
 30
0.0
 10
1379.775392319079
 20
-1354.64597321122
 30
0.0
 10
1383.170930210887
 20
-1350.932474216603
 30
0.0
 10
1384.78471311959
 20
-1342.239886788626
 30
0.0
 10
1386.152076173614
 20
-1334.875503680498
 30
0.0
 10
1386.659119883061
 20
-1327.404199635952
 30
0.0
 10
1386.678927296021
 20
-1319.967623720051
 30
0.0
 10
1386.830480067567
 20
-1263.060274720199
 30
0.0
 10
1386.799009737104
 20
-1206.152469628598
 30
0.0
 10
1386.82363869138
 20
-1149.244794848926
 30
0.0
 10
1386.826766177637
 20
-1142.044995705081
 30
0.0
 10
1386.636184983839
 20
-1134.85164700164
 30
0.0
 10
1385.674417803795
 20
-1127.707165270967
 30
0.0
 10
1384.707763926472
 20
-1120.525674952922
 30
0.0
 10
1380.703929957643
 20
-1116.366313698763
 30
0.0
 10
1373.683505181842
 20
-1114.961876901398
 30
0.0
 10
1371.664061243195
 20
-1114.557844770548
 30
0.0
 10
1369.637580460469
 20
-1114.41984443945
 30
0.0
 10
1367.594354595076
 20
-1114.339637448145
 30
0.0
 10
1364.01025534435
 20
-1114.198900566575
 30
0.0
 10
1364.005042867255
 20
-1114.193166841769
 30
0.0
 10
1364.004912555327
 20
-1117.785931835668
 30
0.0
 10
1364.003544280087
 20
-1156.82126061887
 30
0.0
 10
1364.004065527799
 20
-1195.856524246108
 30
0.0
 10
1364.004065527799
 20
-1234.89185302931
 30
0.0
  0
HATCH
  5
4A
330
41
100
AcDbEntity
  8
katman 1
 62
     7
420
 16777215
100
AcDbHatch
 10
0.0
 20
0.0
 30
0.0
210
0.0
220
0.0
230
1.0
  2
SOLID
 70
     1
 71
     0
 91
        2
 92
        1
 93
        1
 72
     4
 94
        3
 73
     0
 74
     1
 95
       53
 96
       49
 40
0.0
 40
0.0
 40
0.0
 40
0.0
 40
1.0
 40
1.0
 40
1.0
 40
2.0
 40
2.0
 40
2.0
 40
3.0
 40
3.0
 40
3.0
 40
4.0
 40
4.0
 40
4.0
 40
5.0
 40
5.0
 40
5.0
 40
6.0
 40
6.0
 40
6.0
 40
7.0
 40
7.0
 40
7.0
 40
8.0
 40
8.0
 40
8.0
 40
9.0
 40
9.0
 40
9.0
 40
10.0
 40
10.0
 40
10.0
 40
11.0
 40
11.0
 40
11.0
 40
12.0
 40
12.0
 40
12.0
 40
13.0
 40
13.0
 40
13.0
 40
14.0
 40
14.0
 40
14.0
 40
15.0
 40
15.0
 40
15.0
 40
16.0
 40
16.0
 40
16.0
 40
16.0
 10
1287.63072081555
 20
-1235.20955350827
 10
1287.630590503624
 20
-1175.344775316469
 10
1287.630525347658
 20
-1115.480062280636
 10
1287.630981439404
 20
-1055.615284088835
 10
1287.631046595368
 20
-1054.636836982085
 10
1287.673919219476
 20
-1053.656891288168
 10
1287.63319674217
 20
-1052.6802685484
 10
1287.558202227961
 20
-1050.886133932199
 10
1288.344113462006
 20
-1050.053310404297
 10
1290.176429472929
 20
-1050.143030166299
 10
1291.596112765797
 20
-1050.212616735522
 10
1293.022181343109
 20
-1050.149871542488
 10
1294.445383058017
 20
-1050.151565597542
 10
1316.416169482593
 20
-1050.177888606875
 10
1338.390800109028
 20
-1049.960398000072
 10
1360.356374056508
 20
-1050.313347855388
 10
1376.601905951535
 20
-1050.574427801901
 10
1392.858905296172
 20
-1051.230678668198
 10
1408.914442401074
 20
-1054.211107915326
 10
1436.81220621879
 20
-1059.389899377396
 10
1453.343316702674
 20
-1076.82192137124
 10
1459.620768024506
 20
-1105.470412202605
 10
1461.60574445836
 20
-1114.529436770379
 10
1462.034405543483
 20
-1123.803476018336
 10
1462.242122755732
 20
-1133.027214862323
 10
1463.653596397176
 20
-1195.723997015961
 10
1462.602044299165
 20
-1258.431464747644
 10
1462.90241329178
 20
-1321.133654846271
 10
1462.961183971031
 20
-1333.407539818534
 10
1462.574353014596
 20
-1345.667220790714
 10
1461.719571926929
 20
-1357.903641083856
 10
1461.050680803673
 20
-1367.479091819847
 10
1459.996261843258
 20
-1377.008021197762
 10
1456.677477676683
 20
-1386.147122444914
 10
1450.217394188625
 20
-1403.936590055569
 10
1437.220343175351
 20
-1413.886036023148
 10
1419.081900223166
 20
-1417.634328302378
 10
1408.948193190266
 20
-1419.728440975416
 10
1398.643386596716
 20
-1420.271190152962
 10
1388.324115379226
 20
-1420.286436648466
 10
1356.034578984869
 20
-1420.334195969852
 10
1323.74484712262
 20
-1420.305331877937
 10
1291.455245572299
 20
-1420.302530171497
 10
1287.650202448694
 20
-1420.302204391679
 10
1287.633587677952
 20
-1420.291649125562
 10
1287.633392210062
 20
-1416.404965579452
 10
1287.629808632058
 20
-1356.006494889058
 10
1287.63091628344
 20
-1295.608024198664
 10
1287.63072081555
 20
-1235.20955350827
 97
        0
 97
        0
 92
        1
 93
        1
 72
     4
 94
        3
 73
     0
 74
     1
 95
       35
 96
       31
 40
0.0
 40
0.0
 40
0.0
 40
0.0
 40
1.0
 40
1.0
 40
1.0
 40
2.0
 40
2.0
 40
2.0
 40
3.0
 40
3.0
 40
3.0
 40
4.0
 40
4.0
 40
4.0
 40
5.0
 40
5.0
 40
5.0
 40
6.0
 40
6.0
 40
6.0
 40
7.0
 40
7.0
 40
7.0
 40
8.0
 40
8.0
 40
8.0
 40
9.0
 40
9.0
 40
9.0
 40
10.0
 40
10.0
 40
10.0
 40
10.0
 10
1364.004065527799
 20
-1234.89185302931
 10
1364.004065527799
 20
-1273.215809000932
 10
1364.003739747979
 20
-1311.539764972553
 10
1364.004260995689
 20
-1349.863720944175
 10
1364.004391307615
 20
-1358.215542682046
 10
1363.407432368276
 20
-1356.732592948432
 10
1371.117989111499
 20
-1355.74951976826
 10
1379.775392319079
 20
-1354.64597321122
 10
1383.170930210887
 20
-1350.932474216603
 10
1384.78471311959
 20
-1342.239886788626
 10
1386.152076173614
 20
-1334.875503680498
 10
1386.659119883061
 20
-1327.404199635952
 10
1386.678927296021
 20
-1319.967623720051
 10
1386.830480067567
 20
-1263.060274720199
 10
1386.799009737104
 20
-1206.152469628598
 10
1386.82363869138
 20
-1149.244794848926
 10
1386.826766177637
 20
-1142.044995705081
 10
1386.636184983839
 20
-1134.85164700164
 10
1385.674417803795
 20
-1127.707165270967
 10
1384.707763926472
 20
-1120.525674952922
 10
1380.703929957643
 20
-1116.366313698763
 10
1373.683505181842
 20
-1114.961876901398
 10
1371.664061243195
 20
-1114.557844770548
 10
1369.637580460469
 20
-1114.41984443945
 10
1367.594354595076
 20
-1114.339637448145
 10
1364.01025534435
 20
-1114.198900566575
 10
1364.005042867255
 20
-1114.193166841769
 10
1364.004912555327
 20
-1117.785931835668
 10
1364.003544280087
 20
-1156.82126061887
 10
1364.004065527799
 20
-1195.856524246108
 10
1364.004065527799
 20
-1234.89185302931
 97
        0
 97
        0
 75
     2
 76
     1
 98
        0
  0
SPLINE
  5
4B
330
41
100
AcDbEntity
  8
katman 1
370
     0
100
AcDbSpline
210
0.0
220
0.0
230
1.0
 70
    11
 71
     3
 72
    53
 73
    49
 74
     0
 42
0.0000000001
 43
0.0000000001
 12
1.0
 22
0.0
 32
0.0
 13
1.0
 23
0.0
 33
0.0
 40
0.0
 40
0.0
 40
0.0
 40
0.0
 40
1.0
 40
1.0
 40
1.0
 40
2.0
 40
2.0
 40
2.0
 40
3.0
 40
3.0
 40
3.0
 40
4.0
 40
4.0
 40
4.0
 40
5.0
 40
5.0
 40
5.0
 40
6.0
 40
6.0
 40
6.0
 40
7.0
 40
7.0
 40
7.0
 40
8.0
 40
8.0
 40
8.0
 40
9.0
 40
9.0
 40
9.0
 40
10.0
 40
10.0
 40
10.0
 40
11.0
 40
11.0
 40
11.0
 40
12.0
 40
12.0
 40
12.0
 40
13.0
 40
13.0
 40
13.0
 40
14.0
 40
14.0
 40
14.0
 40
15.0
 40
15.0
 40
15.0
 40
16.0
 40
16.0
 40
16.0
 40
16.0
 10
898.9736056083193
 20
-1234.929904112107
 30
0.0
 10
898.9735730303373
 20
-1175.074703846971
 30
0.0
 10
898.9734752963914
 20
-1115.219568737797
 30
0.0
 10
898.9741920119923
 20
-1055.364368472661
 30
0.0
 10
898.9741920119923
 20
-1054.386116833801
 30
0.0
 10
899.0084966268751
 20
-1053.40714847934
 30
0.0
 10
898.9830532230544
 20
-1052.429678712044
 30
0.0
 10
898.9426239475843
 20
-1050.876425693608
 30
0.0
 10
899.6544854288923
 20
-1050.112993267037
 30
0.0
 10
901.22630789698
 20
-1050.162772423297
 30
0.0
 10
901.8480261025215
 20
-1050.182514680295
 30
0.0
 10
902.471210317246
 20
-1050.151174661762
 30
0.0
 10
903.0937103943525
 20
-1050.151891377362
 30
0.0
 10
926.0391974577678
 20
-1050.178214386693
 30
0.0
 10
948.9892454386418
 20
-1049.934661394414
 30
0.0
 10
971.9286404194518
 20
-1050.322404534341
 30
0.0
 10
988.8779870342723
 20
-1050.608960462656
 30
0.0
 10
1005.856914456606
 20
-1051.219146062624
 30
0.0
 10
1022.554628739652
 20
-1054.723689881685
 30
0.0
 10
1046.756029581196
 20
-1059.802923031235
 30
0.0
 10
1061.678765101366
 20
-1074.824174368503
 30
0.0
 10
1068.982813787115
 20
-1098.018133699456
 30
0.0
 10
1072.111863787424
 20
-1107.954483318332
 30
0.0
 10
1072.794828598837
 20
-1118.23980827874
 30
0.0
 10
1073.224923115162
 20
-1128.544549716327
 30
0.0
 10
1075.209704081124
 20
-1176.096870605357
 30
0.0
 10
1073.919941779855
 20
-1223.674146228481
 30
0.0
 10
1074.229171983534
 20
-1271.239367998322
 30
0.0
 10
1074.35759438797
 20
-1290.982081088514
 30
0.0
 10
1074.470574829011
 20
-1310.731831022782
 30
0.0
 10
1074.087197138651
 20
-1330.468680076239
 30
0.0
 10
1073.785655338688
 20
-1345.993000609171
 30
0.0
 10
1073.59839709904
 20
-1361.574267454365
 30
0.0
 10
1070.546882695524
 20
-1376.905791490732
 30
0.0
 10
1065.920744117484
 20
-1400.148487482526
 30
0.0
 10
1050.623817897836
 20
-1414.661782926856
 30
0.0
 10
1027.20207331782
 20
-1418.213304195739
 30
0.0
 10
1017.779673940538
 20
-1419.642109323524
 30
0.0
 10
1008.311926012531
 20
-1420.295819107238
 30
0.0
 10
998.7938125245855
 20
-1420.299598153131
 30
0.0
 10
967.0431159499558
 20
-1420.312303566052
 30
0.0
 10
935.2923867973423
 20
-1420.304745474263
 30
0.0
 10
903.5416576447296
 20
-1420.304093914627
 30
0.0
 10
898.9783945716499
 20
-1420.304028758663
 30
0.0
 10
898.9743549019013
 20
-1420.301683143971
 30
0.0
 10
898.9742897459373
 20
-1415.828986860421
 30
0.0
 10
898.9733775624463
 20
-1355.529292610983
 30
0.0
 10
898.9736381863004
 20
-1295.229598361544
 30
0.0
 10
898.9736056083193
 20
-1234.929904112107
 30
0.0
  0
SPLINE
  5
4C
330
41
100
AcDbEntity
  8
katman 1
370
     0
100
AcDbSpline
210
0.0
220
0.0
230
1.0
 70
    11
 71
     3
 72
    35
 73
    31
 74
     0
 42
0.0000000001
 43
0.0000000001
 12
1.0
 22
0.0
 32
0.0
 13
1.0
 23
0.0
 33
0.0
 40
0.0
 40
0.0
 40
0.0
 40
0.0
 40
1.0
 40
1.0
 40
1.0
 40
2.0
 40
2.0
 40
2.0
 40
3.0
 40
3.0
 40
3.0
 40
4.0
 40
4.0
 40
4.0
 40
5.0
 40
5.0
 40
5.0
 40
6.0
 40
6.0
 40
6.0
 40
7.0
 40
7.0
 40
7.0
 40
8.0
 40
8.0
 40
8.0
 40
9.0
 40
9.0
 40
9.0
 40
10.0
 40
10.0
 40
10.0
 40
10.0
 10
975.0266110250786
 20
-1235.197629966913
 30
0.0
 10
975.0266110250786
 20
-1273.434016323336
 30
0.0
 10
975.0265458691156
 20
-1311.670337523792
 30
0.0
 10
975.0267413370066
 20
-1349.906723880213
 30
0.0
 10
975.0267413370066
 20
-1358.399738591401
 30
0.0
 10
974.4315416086874
 20
-1356.563839002472
 30
0.0
 10
981.8713101668072
 20
-1355.8413245211
 30
0.0
 10
990.5319711725733
 20
-1355.000356497738
 30
0.0
 10
994.6216155455813
 20
-1350.764567298171
 30
0.0
 10
996.0730297927676
 20
-1342.202878201251
 30
0.0
 10
997.6830336555777
 20
-1332.706201025361
 30
0.0
 10
998.0613943367325
 20
-1323.09667372036
 30
0.0
 10
998.0926040433415
 20
-1313.527412800919
 30
0.0
 10
998.2641596957401
 20
-1260.975218726115
 30
0.0
 10
998.1936609430259
 20
-1208.422242779747
 30
0.0
 10
998.1993946678313
 20
-1155.869527457231
 30
0.0
 10
998.2003720072853
 20
-1147.07249501946
 30
0.0
 10
997.8945299137204
 20
-1138.287972526716
 30
0.0
 10
997.1630890653214
 20
-1129.517263098274
 30
0.0
 10
996.4468947124278
 20
-1120.930554111299
 30
0.0
 10
992.4816330741069
 20
-1116.458835167205
 30
0.0
 10
984.0869387121284
 20
-1114.799052148133
 30
0.0
 10
982.2334470130036
 20
-1114.432615008334
 30
0.0
 10
980.3765020478031
 20
-1114.429487522077
 30
0.0
 10
978.5166902202009
 20
-1114.344133209641
 30
0.0
 10
975.0306506948282
 20
-1114.184045006852
 30
0.0
 10
975.0270019608606
 20
-1114.205807098726
 30
0.0
 10
975.0270019608606
 20
-1117.820855432206
 30
0.0
 10
975.0263504012246
 20
-1156.94642522512
 30
0.0
 10
975.0266110250786
 20
-1196.072060173999
 30
0.0
 10
975.0266110250786
 20
-1235.197629966913
 30
0.0
  0
HATCH
  5
4D
330
41
100
AcDbEntity
  8
katman 1
 62
     7
420
 16777215
100
AcDbHatch
 10
0.0
 20
0.0
 30
0.0
210
0.0
220
0.0
230
1.0
  2
SOLID
 70
     1
 71
     0
 91
        2
 92
        1
 93
        1
 72
     4
 94
        3
 73
     0
 74
     1
 95
       53
 96
       49
 40
0.0
 40
0.0
 40
0.0
 40
0.0
 40
1.0
 40
1.0
 40
1.0
 40
2.0
 40
2.0
 40
2.0
 40
3.0
 40
3.0
 40
3.0
 40
4.0
 40
4.0
 40
4.0
 40
5.0
 40
5.0
 40
5.0
 40
6.0
 40
6.0
 40
6.0
 40
7.0
 40
7.0
 40
7.0
 40
8.0
 40
8.0
 40
8.0
 40
9.0
 40
9.0
 40
9.0
 40
10.0
 40
10.0
 40
10.0
 40
11.0
 40
11.0
 40
11.0
 40
12.0
 40
12.0
 40
12.0
 40
13.0
 40
13.0
 40
13.0
 40
14.0
 40
14.0
 40
14.0
 40
15.0
 40
15.0
 40
15.0
 40
16.0
 40
16.0
 40
16.0
 40
16.0
 10
898.9736056083193
 20
-1234.929904112107
 10
898.9735730303373
 20
-1175.074703846971
 10
898.9734752963914
 20
-1115.219568737797
 10
898.9741920119923
 20
-1055.364368472661
 10
898.9741920119923
 20
-1054.386116833801
 10
899.0084966268751
 20
-1053.40714847934
 10
898.9830532230544
 20
-1052.429678712044
 10
898.9426239475843
 20
-1050.876425693608
 10
899.6544854288923
 20
-1050.112993267037
 10
901.22630789698
 20
-1050.162772423297
 10
901.8480261025215
 20
-1050.182514680295
 10
902.471210317246
 20
-1050.151174661762
 10
903.0937103943525
 20
-1050.151891377362
 10
926.0391974577678
 20
-1050.178214386693
 10
948.9892454386418
 20
-1049.934661394414
 10
971.9286404194518
 20
-1050.322404534341
 10
988.8779870342723
 20
-1050.608960462656
 10
1005.856914456606
 20
-1051.219146062624
 10
1022.554628739652
 20
-1054.723689881685
 10
1046.756029581196
 20
-1059.802923031235
 10
1061.678765101366
 20
-1074.824174368503
 10
1068.982813787115
 20
-1098.018133699456
 10
1072.111863787424
 20
-1107.954483318332
 10
1072.794828598837
 20
-1118.23980827874
 10
1073.224923115162
 20
-1128.544549716327
 10
1075.209704081124
 20
-1176.096870605357
 10
1073.919941779855
 20
-1223.674146228481
 10
1074.229171983534
 20
-1271.239367998322
 10
1074.35759438797
 20
-1290.982081088514
 10
1074.470574829011
 20
-1310.731831022782
 10
1074.087197138651
 20
-1330.468680076239
 10
1073.785655338688
 20
-1345.993000609171
 10
1073.59839709904
 20
-1361.574267454365
 10
1070.546882695524
 20
-1376.905791490732
 10
1065.920744117484
 20
-1400.148487482526
 10
1050.623817897836
 20
-1414.661782926856
 10
1027.20207331782
 20
-1418.213304195739
 10
1017.779673940538
 20
-1419.642109323524
 10
1008.311926012531
 20
-1420.295819107238
 10
998.7938125245855
 20
-1420.299598153131
 10
967.0431159499558
 20
-1420.312303566052
 10
935.2923867973423
 20
-1420.304745474263
 10
903.5416576447296
 20
-1420.304093914627
 10
898.9783945716499
 20
-1420.304028758663
 10
898.9743549019013
 20
-1420.301683143971
 10
898.9742897459373
 20
-1415.828986860421
 10
898.9733775624463
 20
-1355.529292610983
 10
898.9736381863004
 20
-1295.229598361544
 10
898.9736056083193
 20
-1234.929904112107
 97
        0
 97
        0
 92
        1
 93
        1
 72
     4
 94
        3
 73
     0
 74
     1
 95
       35
 96
       31
 40
0.0
 40
0.0
 40
0.0
 40
0.0
 40
1.0
 40
1.0
 40
1.0
 40
2.0
 40
2.0
 40
2.0
 40
3.0
 40
3.0
 40
3.0
 40
4.0
 40
4.0
 40
4.0
 40
5.0
 40
5.0
 40
5.0
 40
6.0
 40
6.0
 40
6.0
 40
7.0
 40
7.0
 40
7.0
 40
8.0
 40
8.0
 40
8.0
 40
9.0
 40
9.0
 40
9.0
 40
10.0
 40
10.0
 40
10.0
 40
10.0
 10
975.0266110250786
 20
-1235.197629966913
 10
975.0266110250786
 20
-1273.434016323336
 10
975.0265458691156
 20
-1311.670337523792
 10
975.0267413370066
 20
-1349.906723880213
 10
975.0267413370066
 20
-1358.399738591401
 10
974.4315416086874
 20
-1356.563839002472
 10
981.8713101668072
 20
-1355.8413245211
 10
990.5319711725733
 20
-1355.000356497738
 10
994.6216155455813
 20
-1350.764567298171
 10
996.0730297927676
 20
-1342.202878201251
 10
997.6830336555777
 20
-1332.706201025361
 10
998.0613943367325
 20
-1323.09667372036
 10
998.0926040433415
 20
-1313.527412800919
 10
998.2641596957401
 20
-1260.975218726115
 10
998.1936609430259
 20
-1208.422242779747
 10
998.1993946678313
 20
-1155.869527457231
 10
998.2003720072853
 20
-1147.07249501946
 10
997.8945299137204
 20
-1138.287972526716
 10
997.1630890653214
 20
-1129.517263098274
 10
996.4468947124278
 20
-1120.930554111299
 10
992.4816330741069
 20
-1116.458835167205
 10
984.0869387121284
 20
-1114.799052148133
 10
982.2334470130036
 20
-1114.432615008334
 10
980.3765020478031
 20
-1114.429487522077
 10
978.5166902202009
 20
-1114.344133209641
 10
975.0306506948282
 20
-1114.184045006852
 10
975.0270019608606
 20
-1114.205807098726
 10
975.0270019608606
 20
-1117.820855432206
 10
975.0263504012246
 20
-1156.94642522512
 10
975.0266110250786
 20
-1196.072060173999
 10
975.0266110250786
 20
-1235.197629966913
 97
        0
 97
        0
 75
     2
 76
     1
 98
        0
  0
SPLINE
  5
4E
330
41
100
AcDbEntity
  8
katman 1
370
     0
100
AcDbSpline
210
0.0
220
0.0
230
1.0
 70
    11
 71
     3
 72
   116
 73
   112
 74
     0
 42
0.0000000001
 43
0.0000000001
 12
1.0
 22
0.0
 32
0.0
 13
1.0
 23
0.0
 33
0.0
 40
0.0
 40
0.0
 40
0.0
 40
0.0
 40
1.0
 40
1.0
 40
1.0
 40
2.0
 40
2.0
 40
2.0
 40
3.0
 40
3.0
 40
3.0
 40
4.0
 40
4.0
 40
4.0
 40
5.0
 40
5.0
 40
5.0
 40
6.0
 40
6.0
 40
6.0
 40
7.0
 40
7.0
 40
7.0
 40
8.0
 40
8.0
 40
8.0
 40
9.0
 40
9.0
 40
9.0
 40
10.0
 40
10.0
 40
10.0
 40
11.0
 40
11.0
 40
11.0
 40
12.0
 40
12.0
 40
12.0
 40
13.0
 40
13.0
 40
13.0
 40
14.0
 40
14.0
 40
14.0
 40
15.0
 40
15.0
 40
15.0
 40
16.0
 40
16.0
 40
16.0
 40
17.0
 40
17.0
 40
17.0
 40
18.0
 40
18.0
 40
18.0
 40
19.0
 40
19.0
 40
19.0
 40
20.0
 40
20.0
 40
20.0
 40
21.0
 40
21.0
 40
21.0
 40
22.0
 40
22.0
 40
22.0
 40
23.0
 40
23.0
 40
23.0
 40
24.0
 40
24.0
 40
24.0
 40
25.0
 40
25.0
 40
25.0
 40
26.0
 40
26.0
 40
26.0
 40
27.0
 40
27.0
 40
27.0
 40
28.0
 40
28.0
 40
28.0
 40
29.0
 40
29.0
 40
29.0
 40
30.0
 40
30.0
 40
30.0
 40
31.0
 40
31.0
 40
31.0
 40
32.0
 40
32.0
 40
32.0
 40
33.0
 40
33.0
 40
33.0
 40
34.0
 40
34.0
 40
34.0
 40
35.0
 40
35.0
 40
35.0
 40
36.0
 40
36.0
 40
36.0
 40
37.0
 40
37.0
 40
37.0
 40
37.0
 10
1177.84018544534
 20
-1050.151109505798
 30
0.0
 10
1194.829212042048
 20
-1050.151239817726
 30
0.0
 10
1211.818499262612
 20
-1050.196523212489
 30
0.0
 10
1228.807004611608
 20
-1050.104262367902
 30
0.0
 10
1231.465758865994
 20
-1050.089797743964
 30
0.0
 10
1232.690951607245
 20
-1050.592866939623
 30
0.0
 10
1233.012170508242
 20
-1053.634282168769
 30
0.0
 10
1234.774834793981
 20
-1070.324177736169
 30
0.0
 10
1236.790239062879
 20
-1086.987489670384
 30
0.0
 10
1238.750912322275
 20
-1103.656209549586
 30
0.0
 10
1240.804954077641
 20
-1121.118594222511
 30
0.0
 10
1242.922783521461
 20
-1138.573420803648
 30
0.0
 10
1244.962100029034
 20
-1156.037499531629
 30
0.0
 10
1247.011776334832
 20
-1173.590255526193
 30
0.0
 10
1248.973166309828
 20
-1191.153306163022
 30
0.0
 10
1251.020887936716
 20
-1208.70632278144
 30
0.0
 10
1253.058380077306
 20
-1226.170987913094
 30
0.0
 10
1255.181812934003
 20
-1243.625488714411
 30
0.0
 10
1257.218067111284
 20
-1261.090284157992
 30
0.0
 10
1259.100162278468
 20
-1277.231892290933
 30
0.0
 10
1260.887716142337
 20
-1293.384511781736
 30
0.0
 10
1262.770462869159
 20
-1309.526054758713
 30
0.0
 10
1264.622195357264
 20
-1325.402412963465
 30
0.0
 10
1266.570423827596
 20
-1341.267564342463
 30
0.0
 10
1268.422547251481
 20
-1357.143857391253
 30
0.0
 10
1270.305684914087
 20
-1373.285400368228
 30
0.0
 10
1272.115717585428
 20
-1389.435478776448
 30
0.0
 10
1273.975268789178
 20
-1405.579823459862
 30
0.0
 10
1274.412139525726
 20
-1409.37274757422
 30
0.0
 10
1274.917619492044
 20
-1413.157852972936
 30
0.0
 10
1275.39469145819
 20
-1416.946151013872
 30
0.0
 10
1275.763539368647
 20
-1419.874846425828
 30
0.0
 10
1275.458609458572
 20
-1420.29269162098
 30
0.0
 10
1272.604322157149
 20
-1420.294320520074
 30
0.0
 10
1248.677358234672
 20
-1420.307807804558
 30
0.0
 10
1224.750394312192
 20
-1420.283048538355
 30
0.0
 10
1200.823560701643
 20
-1420.334065657924
 30
0.0
 10
1198.671589532847
 20
-1420.338626575383
 30
0.0
 10
1197.901446042019
 20
-1419.632010149151
 30
0.0
 10
1197.779474077988
 20
-1417.433647934209
 30
0.0
 10
1196.77548583347
 20
-1399.340683844679
 30
0.0
 10
1195.660732450677
 20
-1381.253779259776
 30
0.0
 10
1194.571389893721
 20
-1363.165571555597
 30
0.0
 10
1194.432672847022
 20
-1360.86087480791
 30
0.0
 10
1194.142859120526
 20
-1358.560087418045
 30
0.0
 10
1194.116405799266
 20
-1356.255325514394
 30
0.0
 10
1194.09601198263
 20
-1354.463471356921
 30
0.0
 10
1193.256151610651
 20
-1353.968742124614
 30
0.0
 10
1191.637742628525
 20
-1353.976886620076
 30
0.0
 10
1184.43318709933
 20
-1354.013178491852
 30
0.0
 10
1177.228110322425
 20
-1354.022886730443
 30
0.0
 10
1170.023685105158
 20
-1353.97375913382
 30
0.0
 10
1168.315295737173
 20
-1353.962096216317
 30
0.0
 10
1167.672532155359
 20
-1354.686435064672
 30
0.0
 10
1167.561050301483
 20
-1356.330710964385
 30
0.0
 10
1167.128479858537
 20
-1362.709675277649
 30
0.0
 10
1166.573285891924
 20
-1369.080364783522
 30
0.0
 10
1166.144168715055
 20
-1375.459459408714
 30
0.0
 10
1165.196344911237
 20
-1389.550283584471
 30
0.0
 10
1164.277189731445
 20
-1403.643257907032
 30
0.0
 10
1163.401754203289
 20
-1417.738708156212
 30
0.0
 10
1163.282388477808
 20
-1419.661265176848
 30
0.0
 10
1162.479927628987
 20
-1420.330873015704
 30
0.0
 10
1160.573920223127
 20
-1420.327680373483
 30
0.0
 10
1136.202332004419
 20
-1420.287023052138
 30
0.0
 10
1111.830548317821
 20
-1420.279530116315
 30
0.0
 10
1087.459025255077
 20
-1420.336541584544
 30
0.0
 10
1085.183192599306
 20
-1420.341819217603
 30
0.0
 10
1084.475924613438
 20
-1419.511732240177
 30
0.0
 10
1084.711984669892
 20
-1417.337151951982
 30
0.0
 10
1086.091922824908
 20
-1404.624897656004
 30
0.0
 10
1087.427620080578
 20
-1391.907756662747
 30
0.0
 10
1088.755889556387
 20
-1379.189964109855
 30
0.0
 10
1089.909084957759
 20
-1368.149611842193
 30
0.0
 10
1091.018625863457
 20
-1357.104698657073
 30
0.0
 10
1092.172994072174
 20
-1346.064411545376
 30
0.0
 10
1093.336679583699
 20
-1334.93629419462
 30
0.0
 10
1094.549101756067
 20
-1323.813259009035
 30
0.0
 10
1095.708486973988
 20
-1312.684685566535
 30
0.0
 10
1096.858815512958
 20
-1301.643812051165
 30
0.0
 10
1097.956041941517
 20
-1290.597335122917
 30
0.0
 10
1099.101548939174
 20
-1279.555940359834
 30
0.0
 10
1100.256112615782
 20
-1268.426454733844
 30
0.0
 10
1101.450616898133
 20
-1257.30113908953
 30
0.0
 10
1102.610458207801
 20
-1246.172174711248
 30
0.0
 10
1103.760982214662
 20
-1235.132017911477
 30
0.0
 10
1104.881860258043
 20
-1224.088798781413
 30
0.0
 10
1106.031081145626
 20
-1213.048511669715
 30
0.0
 10
1107.198741170938
 20
-1201.830674556957
 30
0.0
 10
1108.392268113836
 20
-1190.615508838713
 30
0.0
 10
1109.561296414382
 20
-1179.397867193848
 30
0.0
 10
1110.702633430361
 20
-1168.445801256988
 30
0.0
 10
1111.821165859048
 20
-1157.491259393508
 30
0.0
 10
1112.961134599791
 20
-1146.539063144719
 30
0.0
 10
1114.137786148091
 20
-1135.233591260798
 30
0.0
 10
1115.336916503864
 20
-1123.930464991568
 30
0.0
 10
1116.510114786088
 20
-1112.624602171865
 30
0.0
 10
1117.655817251636
 20
-1101.583663500533
 30
0.0
 10
1118.782624487711
 20
-1090.540835306248
 30
0.0
 10
1119.914839668774
 20
-1079.498528359676
 30
0.0
 10
1120.838751233916
 20
-1070.487588893106
 30
0.0
 10
1121.785662854241
 20
-1061.478799573339
 30
0.0
 10
1122.660511978724
 20
-1052.463038565453
 30
0.0
 10
1122.881846787383
 20
-1050.182514680295
 30
0.0
 10
1124.364535897141
 20
-1050.141010331427
 30
0.0
 10
1126.07266464127
 20
-1050.142769542445
 30
0.0
 10
1141.638489523069
 20
-1050.159319157223
 30
0.0
 10
1157.204379560833
 20
-1050.151630753506
 30
0.0
 10
1172.770204442633
 20
-1050.151044349834
 30
0.0
 10
1174.460219828858
 20
-1050.15097919387
 30
0.0
 10
1176.150170059118
 20
-1050.151044349834
 30
0.0
 10
1177.84018544534
 20
-1050.151109505798
 30
0.0
  0
SPLINE
  5
4F
330
41
100
AcDbEntity
  8
katman 1
370
     0
100
AcDbSpline
210
0.0
220
0.0
230
1.0
 70
    11
 71
     3
 72
    41
 73
    37
 74
     0
 42
0.0000000001
 43
0.0000000001
 12
1.0
 22
0.0
 32
0.0
 13
1.0
 23
0.0
 33
0.0
 40
0.0
 40
0.0
 40
0.0
 40
0.0
 40
1.0
 40
1.0
 40
1.0
 40
2.0
 40
2.0
 40
2.0
 40
3.0
 40
3.0
 40
3.0
 40
4.0
 40
4.0
 40
4.0
 40
5.0
 40
5.0
 40
5.0
 40
6.0
 40
6.0
 40
6.0
 40
7.0
 40
7.0
 40
7.0
 40
8.0
 40
8.0
 40
8.0
 40
9.0
 40
9.0
 40
9.0
 40
10.0
 40
10.0
 40
10.0
 40
11.0
 40
11.0
 40
11.0
 40
12.0
 40
12.0
 40
12.0
 40
12.0
 10
1180.779631591307
 20
-1138.476273261784
 30
0.0
 10
1180.726399168972
 20
-1138.477120289312
 30
0.0
 10
1180.673231902598
 20
-1138.478032472804
 30
0.0
 10
1180.619999480263
 20
-1138.478879500331
 30
0.0
 10
1179.887646448373
 20
-1145.090906695717
 30
0.0
 10
1179.107012847389
 20
-1151.69811234979
 30
0.0
 10
1178.432778935112
 20
-1158.316003581909
 30
0.0
 10
1176.920639329765
 20
-1173.155665248372
 30
0.0
 10
1175.44114286223
 20
-1187.998649868981
 30
0.0
 10
1173.986601128785
 20
-1202.844110416212
 30
0.0
 10
1172.592784753502
 20
-1217.070198372592
 30
0.0
 10
1171.131466799834
 20
-1231.291073851879
 30
0.0
 10
1169.914027618266
 20
-1245.532603771655
 30
0.0
 10
1168.779531978475
 20
-1258.804482639778
 30
0.0
 10
1167.961759478185
 20
-1272.103270920903
 30
0.0
 10
1166.905711618678
 20
-1285.382316945033
 30
0.0
 10
1166.775920939004
 20
-1287.014799615317
 30
0.0
 10
1167.060652500335
 20
-1287.691313986325
 30
0.0
 10
1168.766175005916
 20
-1287.682192151406
 30
0.0
 10
1175.791747102852
 20
-1287.644401692465
 30
0.0
 10
1182.817775291533
 20
-1287.642121233737
 30
0.0
 10
1189.843282232505
 20
-1287.683299802789
 30
0.0
 10
1191.582164591495
 20
-1287.693464133125
 30
0.0
 10
1191.849825290339
 20
-1286.98345959678
 30
0.0
 10
1191.661068463527
 20
-1285.370849495424
 30
0.0
 10
1191.134608276901
 20
-1280.87456675302
 30
0.0
 10
1190.780746238093
 20
-1276.356717386632
 30
0.0
 10
1190.425320456157
 20
-1271.84212581843
 30
0.0
 10
1189.296232761353
 20
-1257.500646650351
 30
0.0
 10
1188.184215929034
 20
-1243.157864363
 30
0.0
 10
1187.090573078476
 20
-1228.813648644445
 30
0.0
 10
1185.8754795116
 20
-1212.876239301715
 30
0.0
 10
1184.624615320654
 20
-1196.94124072964
 30
0.0
 10
1183.507125387387
 20
-1180.996924854757
 30
0.0
 10
1182.514148500732
 20
-1166.829281797807
 30
0.0
 10
1181.682497780177
 20
-1152.650236447211
 30
0.0
 10
1180.779631591307
 20
-1138.476273261784
 30
0.0
  0
HATCH
  5
50
330
41
100
AcDbEntity
  8
katman 1
 62
     7
420
 16777215
100
AcDbHatch
 10
0.0
 20
0.0
 30
0.0
210
0.0
220
0.0
230
1.0
  2
SOLID
 70
     1
 71
     0
 91
        2
 92
        1
 93
        1
 72
     4
 94
        3
 73
     0
 74
     1
 95
      116
 96
      112
 40
0.0
 40
0.0
 40
0.0
 40
0.0
 40
1.0
 40
1.0
 40
1.0
 40
2.0
 40
2.0
 40
2.0
 40
3.0
 40
3.0
 40
3.0
 40
4.0
 40
4.0
 40
4.0
 40
5.0
 40
5.0
 40
5.0
 40
6.0
 40
6.0
 40
6.0
 40
7.0
 40
7.0
 40
7.0
 40
8.0
 40
8.0
 40
8.0
 40
9.0
 40
9.0
 40
9.0
 40
10.0
 40
10.0
 40
10.0
 40
11.0
 40
11.0
 40
11.0
 40
12.0
 40
12.0
 40
12.0
 40
13.0
 40
13.0
 40
13.0
 40
14.0
 40
14.0
 40
14.0
 40
15.0
 40
15.0
 40
15.0
 40
16.0
 40
16.0
 40
16.0
 40
17.0
 40
17.0
 40
17.0
 40
18.0
 40
18.0
 40
18.0
 40
19.0
 40
19.0
 40
19.0
 40
20.0
 40
20.0
 40
20.0
 40
21.0
 40
21.0
 40
21.0
 40
22.0
 40
22.0
 40
22.0
 40
23.0
 40
23.0
 40
23.0
 40
24.0
 40
24.0
 40
24.0
 40
25.0
 40
25.0
 40
25.0
 40
26.0
 40
26.0
 40
26.0
 40
27.0
 40
27.0
 40
27.0
 40
28.0
 40
28.0
 40
28.0
 40
29.0
 40
29.0
 40
29.0
 40
30.0
 40
30.0
 40
30.0
 40
31.0
 40
31.0
 40
31.0
 40
32.0
 40
32.0
 40
32.0
 40
33.0
 40
33.0
 40
33.0
 40
34.0
 40
34.0
 40
34.0
 40
35.0
 40
35.0
 40
35.0
 40
36.0
 40
36.0
 40
36.0
 40
37.0
 40
37.0
 40
37.0
 40
37.0
 10
1177.84018544534
 20
-1050.151109505798
 10
1194.829212042048
 20
-1050.151239817726
 10
1211.818499262612
 20
-1050.196523212489
 10
1228.807004611608
 20
-1050.104262367902
 10
1231.465758865994
 20
-1050.089797743964
 10
1232.690951607245
 20
-1050.592866939623
 10
1233.012170508242
 20
-1053.634282168769
 10
1234.774834793981
 20
-1070.324177736169
 10
1236.790239062879
 20
-1086.987489670384
 10
1238.750912322275
 20
-1103.656209549586
 10
1240.804954077641
 20
-1121.118594222511
 10
1242.922783521461
 20
-1138.573420803648
 10
1244.962100029034
 20
-1156.037499531629
 10
1247.011776334832
 20
-1173.590255526193
 10
1248.973166309828
 20
-1191.153306163022
 10
1251.020887936716
 20
-1208.70632278144
 10
1253.058380077306
 20
-1226.170987913094
 10
1255.181812934003
 20
-1243.625488714411
 10
1257.218067111284
 20
-1261.090284157992
 10
1259.100162278468
 20
-1277.231892290933
 10
1260.887716142337
 20
-1293.384511781736
 10
1262.770462869159
 20
-1309.526054758713
 10
1264.622195357264
 20
-1325.402412963465
 10
1266.570423827596
 20
-1341.267564342463
 10
1268.422547251481
 20
-1357.143857391253
 10
1270.305684914087
 20
-1373.285400368228
 10
1272.115717585428
 20
-1389.435478776448
 10
1273.975268789178
 20
-1405.579823459862
 10
1274.412139525726
 20
-1409.37274757422
 10
1274.917619492044
 20
-1413.157852972936
 10
1275.39469145819
 20
-1416.946151013872
 10
1275.763539368647
 20
-1419.874846425828
 10
1275.458609458572
 20
-1420.29269162098
 10
1272.604322157149
 20
-1420.294320520074
 10
1248.677358234672
 20
-1420.307807804558
 10
1224.750394312192
 20
-1420.283048538355
 10
1200.823560701643
 20
-1420.334065657924
 10
1198.671589532847
 20
-1420.338626575383
 10
1197.901446042019
 20
-1419.632010149151
 10
1197.779474077988
 20
-1417.433647934209
 10
1196.77548583347
 20
-1399.340683844679
 10
1195.660732450677
 20
-1381.253779259776
 10
1194.571389893721
 20
-1363.165571555597
 10
1194.432672847022
 20
-1360.86087480791
 10
1194.142859120526
 20
-1358.560087418045
 10
1194.116405799266
 20
-1356.255325514394
 10
1194.09601198263
 20
-1354.463471356921
 10
1193.256151610651
 20
-1353.968742124614
 10
1191.637742628525
 20
-1353.976886620076
 10
1184.43318709933
 20
-1354.013178491852
 10
1177.228110322425
 20
-1354.022886730443
 10
1170.023685105158
 20
-1353.97375913382
 10
1168.315295737173
 20
-1353.962096216317
 10
1167.672532155359
 20
-1354.686435064672
 10
1167.561050301483
 20
-1356.330710964385
 10
1167.128479858537
 20
-1362.709675277649
 10
1166.573285891924
 20
-1369.080364783522
 10
1166.144168715055
 20
-1375.459459408714
 10
1165.196344911237
 20
-1389.550283584471
 10
1164.277189731445
 20
-1403.643257907032
 10
1163.401754203289
 20
-1417.738708156212
 10
1163.282388477808
 20
-1419.661265176848
 10
1162.479927628987
 20
-1420.330873015704
 10
1160.573920223127
 20
-1420.327680373483
 10
1136.202332004419
 20
-1420.287023052138
 10
1111.830548317821
 20
-1420.279530116315
 10
1087.459025255077
 20
-1420.336541584544
 10
1085.183192599306
 20
-1420.341819217603
 10
1084.475924613438
 20
-1419.511732240177
 10
1084.711984669892
 20
-1417.337151951982
 10
1086.091922824908
 20
-1404.624897656004
 10
1087.427620080578
 20
-1391.907756662747
 10
1088.755889556387
 20
-1379.189964109855
 10
1089.909084957759
 20
-1368.149611842193
 10
1091.018625863457
 20
-1357.104698657073
 10
1092.172994072174
 20
-1346.064411545376
 10
1093.336679583699
 20
-1334.93629419462
 10
1094.549101756067
 20
-1323.813259009035
 10
1095.708486973988
 20
-1312.684685566535
 10
1096.858815512958
 20
-1301.643812051165
 10
1097.956041941517
 20
-1290.597335122917
 10
1099.101548939174
 20
-1279.555940359834
 10
1100.256112615782
 20
-1268.426454733844
 10
1101.450616898133
 20
-1257.30113908953
 10
1102.610458207801
 20
-1246.172174711248
 10
1103.760982214662
 20
-1235.132017911477
 10
1104.881860258043
 20
-1224.088798781413
 10
1106.031081145626
 20
-1213.048511669715
 10
1107.198741170938
 20
-1201.830674556957
 10
1108.392268113836
 20
-1190.615508838713
 10
1109.561296414382
 20
-1179.397867193848
 10
1110.702633430361
 20
-1168.445801256988
 10
1111.821165859048
 20
-1157.491259393508
 10
1112.961134599791
 20
-1146.539063144719
 10
1114.137786148091
 20
-1135.233591260798
 10
1115.336916503864
 20
-1123.930464991568
 10
1116.510114786088
 20
-1112.624602171865
 10
1117.655817251636
 20
-1101.583663500533
 10
1118.782624487711
 20
-1090.540835306248
 10
1119.914839668774
 20
-1079.498528359676
 10
1120.838751233916
 20
-1070.487588893106
 10
1121.785662854241
 20
-1061.478799573339
 10
1122.660511978724
 20
-1052.463038565453
 10
1122.881846787383
 20
-1050.182514680295
 10
1124.364535897141
 20
-1050.141010331427
 10
1126.07266464127
 20
-1050.142769542445
 10
1141.638489523069
 20
-1050.159319157223
 10
1157.204379560833
 20
-1050.151630753506
 10
1172.770204442633
 20
-1050.151044349834
 10
1174.460219828858
 20
-1050.15097919387
 10
1176.150170059118
 20
-1050.151044349834
 10
1177.84018544534
 20
-1050.151109505798
 97
        0
 97
        0
 92
        1
 93
        1
 72
     4
 94
        3
 73
     0
 74
     1
 95
       41
 96
       37
 40
0.0
 40
0.0
 40
0.0
 40
0.0
 40
1.0
 40
1.0
 40
1.0
 40
2.0
 40
2.0
 40
2.0
 40
3.0
 40
3.0
 40
3.0
 40
4.0
 40
4.0
 40
4.0
 40
5.0
 40
5.0
 40
5.0
 40
6.0
 40
6.0
 40
6.0
 40
7.0
 40
7.0
 40
7.0
 40
8.0
 40
8.0
 40
8.0
 40
9.0
 40
9.0
 40
9.0
 40
10.0
 40
10.0
 40
10.0
 40
11.0
 40
11.0
 40
11.0
 40
12.0
 40
12.0
 40
12.0
 40
12.0
 10
1180.779631591307
 20
-1138.476273261784
 10
1180.726399168972
 20
-1138.477120289312
 10
1180.673231902598
 20
-1138.478032472804
 10
1180.619999480263
 20
-1138.478879500331
 10
1179.887646448373
 20
-1145.090906695717
 10
1179.107012847389
 20
-1151.69811234979
 10
1178.432778935112
 20
-1158.316003581909
 10
1176.920639329765
 20
-1173.155665248372
 10
1175.44114286223
 20
-1187.998649868981
 10
1173.986601128785
 20
-1202.844110416212
 10
1172.592784753502
 20
-1217.070198372592
 10
1171.131466799834
 20
-1231.291073851879
 10
1169.914027618266
 20
-1245.532603771655
 10
1168.779531978475
 20
-1258.804482639778
 10
1167.961759478185
 20
-1272.103270920903
 10
1166.905711618678
 20
-1285.382316945033
 10
1166.775920939004
 20
-1287.014799615317
 10
1167.060652500335
 20
-1287.691313986325
 10
1168.766175005916
 20
-1287.682192151406
 10
1175.791747102852
 20
-1287.644401692465
 10
1182.817775291533
 20
-1287.642121233737
 10
1189.843282232505
 20
-1287.683299802789
 10
1191.582164591495
 20
-1287.693464133125
 10
1191.849825290339
 20
-1286.98345959678
 10
1191.661068463527
 20
-1285.370849495424
 10
1191.134608276901
 20
-1280.87456675302
 10
1190.780746238093
 20
-1276.356717386632
 10
1190.425320456157
 20
-1271.84212581843
 10
1189.296232761353
 20
-1257.500646650351
 10
1188.184215929034
 20
-1243.157864363
 10
1187.090573078476
 20
-1228.813648644445
 10
1185.8754795116
 20
-1212.876239301715
 10
1184.624615320654
 20
-1196.94124072964
 10
1183.507125387387
 20
-1180.996924854757
 10
1182.514148500732
 20
-1166.829281797807
 10
1181.682497780177
 20
-1152.650236447211
 10
1180.779631591307
 20
-1138.476273261784
 97
        0
 97
        0
 75
     2
 76
     1
 98
        0
  0
SPLINE
  5
51
330
41
100
AcDbEntity
  8
katman 1
370
     0
100
AcDbSpline
210
0.0
220
0.0
230
1.0
 70
    11
 71
     3
 72
   152
 73
   148
 74
     0
 42
0.0000000001
 43
0.0000000001
 12
1.0
 22
0.0
 32
0.0
 13
1.0
 23
0.0
 33
0.0
 40
0.0
 40
0.0
 40
0.0
 40
0.0
 40
1.0
 40
1.0
 40
1.0
 40
2.0
 40
2.0
 40
2.0
 40
3.0
 40
3.0
 40
3.0
 40
4.0
 40
4.0
 40
4.0
 40
5.0
 40
5.0
 40
5.0
 40
6.0
 40
6.0
 40
6.0
 40
7.0
 40
7.0
 40
7.0
 40
8.0
 40
8.0
 40
8.0
 40
9.0
 40
9.0
 40
9.0
 40
10.0
 40
10.0
 40
10.0
 40
11.0
 40
11.0
 40
11.0
 40
12.0
 40
12.0
 40
12.0
 40
13.0
 40
13.0
 40
13.0
 40
14.0
 40
14.0
 40
14.0
 40
15.0
 40
15.0
 40
15.0
 40
16.0
 40
16.0
 40
16.0
 40
17.0
 40
17.0
 40
17.0
 40
18.0
 40
18.0
 40
18.0
 40
19.0
 40
19.0
 40
19.0
 40
20.0
 40
20.0
 40
20.0
 40
21.0
 40
21.0
 40
21.0
 40
22.0
 40
22.0
 40
22.0
 40
23.0
 40
23.0
 40
23.0
 40
24.0
 40
24.0
 40
24.0
 40
25.0
 40
25.0
 40
25.0
 40
26.0
 40
26.0
 40
26.0
 40
27.0
 40
27.0
 40
27.0
 40
28.0
 40
28.0
 40
28.0
 40
29.0
 40
29.0
 40
29.0
 40
30.0
 40
30.0
 40
30.0
 40
31.0
 40
31.0
 40
31.0
 40
32.0
 40
32.0
 40
32.0
 40
33.0
 40
33.0
 40
33.0
 40
34.0
 40
34.0
 40
34.0
 40
35.0
 40
35.0
 40
35.0
 40
36.0
 40
36.0
 40
36.0
 40
37.0
 40
37.0
 40
37.0
 40
38.0
 40
38.0
 40
38.0
 40
39.0
 40
39.0
 40
39.0
 40
40.0
 40
40.0
 40
40.0
 40
41.0
 40
41.0
 40
41.0
 40
42.0
 40
42.0
 40
42.0
 40
43.0
 40
43.0
 40
43.0
 40
44.0
 40
44.0
 40
44.0
 40
45.0
 40
45.0
 40
45.0
 40
46.0
 40
46.0
 40
46.0
 40
47.0
 40
47.0
 40
47.0
 40
48.0
 40
48.0
 40
48.0
 40
49.0
 40
49.0
 40
49.0
 40
49.0
 10
983.5994417917891
 20
-674.6129032529334
 30
0.0
 10
984.0436751522366
 20
-664.4567337015515
 30
0.0
 10
984.3877637964897
 20
-654.6265394365191
 30
0.0
 10
984.9238670657414
 20
-644.8068189926489
 30
0.0
 10
985.6888632354403
 20
-630.7948172439656
 30
0.0
 10
986.5779815159704
 20
-616.7894451145894
 30
0.0
 10
987.4462498881203
 20
-602.7832422466745
 30
0.0
 10
987.9737525701648
 20
-594.272798315199
 30
0.0
 10
988.4931759127112
 20
-585.7608883745388
 30
0.0
 10
989.1388063569275
 20
-577.2589472963245
 30
0.0
 10
990.1071542893069
 20
-564.5082021147946
 30
0.0
 10
991.0988280566871
 20
-551.7580107589565
 30
0.0
 10
992.2503294030021
 20
-539.022935586695
 30
0.0
 10
992.794381699825
 20
-533.0051470691633
 30
0.0
 10
992.9728438843749
 20
-533.0212243032038
 30
0.0
 10
999.0524165444776
 20
-533.0212568811858
 30
0.0
 10
1006.612658479462
 20
-533.0212976036628
 30
0.0
 10
1014.172965570411
 20
-533.0163701839092
 30
0.0
 10
1021.733207505396
 20
-533.0235454844105
 30
0.0
 10
1025.812817859995
 20
-533.0274222642502
 30
0.0
 10
1025.956095824153
 20
-533.0463012047294
 30
0.0
 10
1025.696709932698
 20
-536.9549748885847
 30
0.0
 10
1024.926370973975
 20
-548.5636093270668
 30
0.0
 10
1024.023830564925
 20
-560.1634232769629
 30
0.0
 10
1023.189834229677
 20
-571.7678958782635
 30
0.0
 10
1022.604147272057
 20
-579.9177341286904
 30
0.0
 10
1022.053840002722
 20
-588.070097172711
 30
0.0
 10
1021.474017081833
 20
-596.2203589369019
 30
0.0
 10
1020.616955535439
 20
-608.2681527151581
 30
0.0
 10
1019.731485988874
 20
-620.3139429475304
 30
0.0
 10
1018.888693598528
 20
-632.3627303542316
 30
0.0
 10
1018.12017900679
 20
-643.3493126628573
 30
0.0
 10
1017.417146158561
 20
-654.3405210449046
 30
0.0
 10
1016.639705199797
 20
-665.3264517938933
 30
0.0
 10
1015.818544589398
 20
-676.9311524410668
 30
0.0
 10
1014.927015538211
 20
-688.5308849460089
 30
0.0
 10
1014.097449808492
 20
-700.1349991895095
 30
0.0
 10
1013.502119768247
 20
-708.4630878676044
 30
0.0
 10
1012.952789838364
 20
-716.7944669218668
 30
0.0
 10
1012.392774330439
 20
-725.1250803935554
 30
0.0
 10
1011.999492933599
 20
-730.9740660981543
 30
0.0
 10
1011.592007536674
 20
-736.8224328210981
 30
0.0
 10
1011.257040727338
 20
-742.6748392137897
 30
0.0
 10
1011.154289772596
 20
-744.4688109400831
 30
0.0
 10
1010.365055584403
 20
-745.1275377330012
 30
0.0
 10
1008.575416729698
 20
-745.1209244026868
 30
0.0
 10
996.0344574622623
 20
-745.0747288244293
 30
0.0
 10
983.4931724150092
 20
-745.0789965400509
 30
0.0
 10
970.9522131475742
 20
-745.1165263751373
 30
0.0
 10
969.2294894675779
 20
-745.1216736962688
 30
0.0
 10
968.39054127909
 20
-744.5821823169053
 30
0.0
 10
968.1985266540914
 20
-742.7377147187517
 30
0.0
 10
967.2331107400796
 20
-733.4650763240152
 30
0.0
 10
966.0797850267809
 20
-724.2117240945308
 30
0.0
 10
965.1444711679924
 20
-714.9363165713385
 30
0.0
 10
963.8794029769633
 20
-702.3907800974539
 30
0.0
 10
962.6938902176016
 20
-689.836496435445
 30
0.0
 10
961.5855872752136
 20
-677.2761532688119
 30
0.0
 10
960.7190129581195
 20
-667.4561233341146
 30
0.0
 10
960.0200849356042
 20
-657.6212867066679
 30
0.0
 10
959.2503975365198
 20
-647.7927376297175
 30
0.0
 10
959.0355783242303
 20
-645.0491828885888
 30
0.0
 10
958.8338554606407
 20
-642.3046019410322
 30
0.0
 10
958.6061353675414
 20
-639.2962207854807
 30
0.0
 10
957.4633649203597
 20
-653.3559655665576
 30
0.0
 10
956.3840563818148
 20
-667.1624491167668
 30
0.0
 10
955.2074699894783
 20
-680.9606252816056
 30
0.0
 10
954.0682179643372
 20
-694.3210836823673
 30
0.0
 10
952.8133792596072
 20
-707.671654665638
 30
0.0
 10
951.6399855094924
 20
-721.029246203997
 30
0.0
 10
951.0337744233084
 20
-727.9299794744993
 30
0.0
 10
950.3957672268443
 20
-734.8306475890386
 30
0.0
 10
949.9772378940734
 20
-741.7437279146607
 30
0.0
 10
949.8304415078774
 20
-744.1682464795749
 30
0.0
 10
949.165818100244
 20
-745.1793041461542
 30
0.0
 10
946.5379803506312
 20
-745.1530137148047
 30
0.0
 10
934.531723499229
 20
-745.0327032278483
 30
0.0
 10
922.52305587717
 20
-745.0413689710194
 30
0.0
 10
910.5165384019128
 20
-745.1478338156912
 30
0.0
 10
908.0052320933619
 20
-745.1700519993101
 30
0.0
 10
907.1122370329913
 20
-744.3491520127636
 30
0.0
 10
906.9459915916332
 20
-741.8376502363208
 30
0.0
 10
905.808042685765
 20
-724.6458908585882
 30
0.0
 10
904.521244980845
 20
-707.4640351873359
 30
0.0
 10
903.3220494691086
 20
-690.276234034397
 30
0.0
 10
902.3514862339634
 20
-676.365110006499
 30
0.0
 10
901.4768325773721
 20
-662.4472586253505
 30
0.0
 10
900.4860058375198
 20
-648.5376331846182
 30
0.0
 10
899.343919527958
 20
-632.5043794192961
 30
0.0
 10
898.0932833828865
 20
-616.4788629246641
 30
0.0
 10
896.9427267980445
 20
-600.4461955630159
 30
0.0
 10
896.1288962335593
 20
-589.105848949529
 30
0.0
 10
895.4153732751765
 20
-577.7583351800358
 30
0.0
 10
894.6342835824462
 20
-566.4155859403872
 30
0.0
 10
893.9386785140778
 20
-556.3147256576849
 30
0.0
 10
893.2844800606363
 20
-546.2099967396389
 30
0.0
 10
892.4492783400601
 20
-536.1204573056275
 30
0.0
 10
892.2313967974769
 20
-533.489166289939
 30
0.0
 10
893.256821354049
 20
-532.9623721789994
 30
0.0
 10
895.5874501752851
 20
-532.9860482273061
 30
0.0
 10
904.4809460173028
 20
-533.0764032599554
 30
0.0
 10
913.3766245841034
 20
-533.0835296934838
 30
0.0
 10
922.2699249582292
 20
-532.9840121034413
 30
0.0
 10
924.7471221197884
 20
-532.9562963853859
 30
0.0
 10
925.7534885569821
 20
-533.7886801105324
 30
0.0
 10
925.8487139979161
 20
-536.3270587219977
 30
0.0
 10
926.3482647715373
 20
-549.6446770766315
 30
0.0
 10
926.9227123254204
 20
-562.9600312615266
 30
0.0
 10
927.5666161365998
 20
-576.271557533556
 30
0.0
 10
928.3433403797626
 20
-592.3300918127898
 30
0.0
 10
929.2330450639665
 20
-608.3831529910731
 30
0.0
 10
930.0398713623554
 20
-624.440270128096
 30
0.0
 10
930.4723766493371
 20
-633.0477475784992
 30
0.0
 10
930.9203238997143
 20
-641.6560394784492
 30
0.0
 10
931.194467616946
 20
-650.2692669426488
 30
0.0
 10
931.3584651775564
 20
-655.4214584825431
 30
0.0
 10
932.0634527046959
 20
-660.5479785727421
 30
0.0
 10
931.7574802992012
 20
-665.9948868254023
 30
0.0
 10
932.5090217623983
 20
-665.0894306869759
 30
0.0
 10
932.4645853951606
 20
-664.2645236086628
 30
0.0
 10
932.501659138501
 20
-663.4768368746081
 30
0.0
 10
933.0782242612049
 20
-651.2301545171858
 30
0.0
 10
933.4939518875372
 20
-638.9735684532816
 30
0.0
 10
934.2549735434504
 20
-626.7384512794133
 30
0.0
 10
935.3079590726647
 20
-609.8091401234287
 30
0.0
 10
936.6018587776271
 20
-592.8946682381738
 30
0.0
 10
937.826237069331
 20
-575.9762544171163
 30
0.0
 10
938.7237604691773
 20
-563.5749243798728
 30
0.0
 10
939.7126651081007
 20
-551.1801343724837
 30
0.0
 10
940.5862436912912
 20
-538.7771754361474
 30
0.0
 10
940.9912205836144
 20
-533.0272675188371
 30
0.0
 10
940.9107203904741
 20
-533.0211998697177
 30
0.0
 10
946.7251734343163
 20
-533.0213383261407
 30
0.0
 10
955.619581459825
 20
-533.0215500830227
 30
0.0
 10
964.5142826871706
 20
-533.0594219869181
 30
0.0
 10
973.4082020429514
 20
-532.9957157434192
 30
0.0
 10
975.5115017068692
 20
-532.9806647158057
 30
0.0
 10
976.6712127046094
 20
-533.4342072345653
 30
0.0
 10
976.779892852046
 20
-535.884934785875
 30
0.0
 10
977.094726468602
 20
-542.9809974910286
 30
0.0
 10
977.7072576832634
 20
-550.0633692993115
 30
0.0
 10
978.0685475019309
 20
-557.1579659952813
 30
0.0
 10
979.0353316911815
 20
-576.1450898080311
 30
0.0
 10
979.9576795131952
 20
-595.1345510909787
 30
0.0
 10
980.849078252455
 20
-614.1253969381542
 30
0.0
 10
981.790190992011
 20
-634.1779592136791
 30
0.0
 10
982.6752044468303
 20
-654.2331928837139
 30
0.0
 10
983.5994417917891
 20
-674.6129032529334
 30
0.0
  0
HATCH
  5
52
330
41
100
AcDbEntity
  8
katman 1
 62
     7
420
 16777215
100
AcDbHatch
 10
0.0
 20
0.0
 30
0.0
210
0.0
220
0.0
230
1.0
  2
SOLID
 70
     1
 71
     0
 91
        1
 92
        1
 93
        1
 72
     4
 94
        3
 73
     0
 74
     1
 95
      152
 96
      148
 40
0.0
 40
0.0
 40
0.0
 40
0.0
 40
1.0
 40
1.0
 40
1.0
 40
2.0
 40
2.0
 40
2.0
 40
3.0
 40
3.0
 40
3.0
 40
4.0
 40
4.0
 40
4.0
 40
5.0
 40
5.0
 40
5.0
 40
6.0
 40
6.0
 40
6.0
 40
7.0
 40
7.0
 40
7.0
 40
8.0
 40
8.0
 40
8.0
 40
9.0
 40
9.0
 40
9.0
 40
10.0
 40
10.0
 40
10.0
 40
11.0
 40
11.0
 40
11.0
 40
12.0
 40
12.0
 40
12.0
 40
13.0
 40
13.0
 40
13.0
 40
14.0
 40
14.0
 40
14.0
 40
15.0
 40
15.0
 40
15.0
 40
16.0
 40
16.0
 40
16.0
 40
17.0
 40
17.0
 40
17.0
 40
18.0
 40
18.0
 40
18.0
 40
19.0
 40
19.0
 40
19.0
 40
20.0
 40
20.0
 40
20.0
 40
21.0
 40
21.0
 40
21.0
 40
22.0
 40
22.0
 40
22.0
 40
23.0
 40
23.0
 40
23.0
 40
24.0
 40
24.0
 40
24.0
 40
25.0
 40
25.0
 40
25.0
 40
26.0
 40
26.0
 40
26.0
 40
27.0
 40
27.0
 40
27.0
 40
28.0
 40
28.0
 40
28.0
 40
29.0
 40
29.0
 40
29.0
 40
30.0
 40
30.0
 40
30.0
 40
31.0
 40
31.0
 40
31.0
 40
32.0
 40
32.0
 40
32.0
 40
33.0
 40
33.0
 40
33.0
 40
34.0
 40
34.0
 40
34.0
 40
35.0
 40
35.0
 40
35.0
 40
36.0
 40
36.0
 40
36.0
 40
37.0
 40
37.0
 40
37.0
 40
38.0
 40
38.0
 40
38.0
 40
39.0
 40
39.0
 40
39.0
 40
40.0
 40
40.0
 40
40.0
 40
41.0
 40
41.0
 40
41.0
 40
42.0
 40
42.0
 40
42.0
 40
43.0
 40
43.0
 40
43.0
 40
44.0
 40
44.0
 40
44.0
 40
45.0
 40
45.0
 40
45.0
 40
46.0
 40
46.0
 40
46.0
 40
47.0
 40
47.0
 40
47.0
 40
48.0
 40
48.0
 40
48.0
 40
49.0
 40
49.0
 40
49.0
 40
49.0
 10
983.5994417917891
 20
-674.6129032529334
 10
984.0436751522366
 20
-664.4567337015515
 10
984.3877637964897
 20
-654.6265394365191
 10
984.9238670657414
 20
-644.8068189926489
 10
985.6888632354403
 20
-630.7948172439656
 10
986.5779815159704
 20
-616.7894451145894
 10
987.4462498881203
 20
-602.7832422466745
 10
987.9737525701648
 20
-594.272798315199
 10
988.4931759127112
 20
-585.7608883745388
 10
989.1388063569275
 20
-577.2589472963245
 10
990.1071542893069
 20
-564.5082021147946
 10
991.0988280566871
 20
-551.7580107589565
 10
992.2503294030021
 20
-539.022935586695
 10
992.794381699825
 20
-533.0051470691633
 10
992.9728438843749
 20
-533.0212243032038
 10
999.0524165444776
 20
-533.0212568811858
 10
1006.612658479462
 20
-533.0212976036628
 10
1014.172965570411
 20
-533.0163701839092
 10
1021.733207505396
 20
-533.0235454844105
 10
1025.812817859995
 20
-533.0274222642502
 10
1025.956095824153
 20
-533.0463012047294
 10
1025.696709932698
 20
-536.9549748885847
 10
1024.926370973975
 20
-548.5636093270668
 10
1024.023830564925
 20
-560.1634232769629
 10
1023.189834229677
 20
-571.7678958782635
 10
1022.604147272057
 20
-579.9177341286904
 10
1022.053840002722
 20
-588.070097172711
 10
1021.474017081833
 20
-596.2203589369019
 10
1020.616955535439
 20
-608.2681527151581
 10
1019.731485988874
 20
-620.3139429475304
 10
1018.888693598528
 20
-632.3627303542316
 10
1018.12017900679
 20
-643.3493126628573
 10
1017.417146158561
 20
-654.3405210449046
 10
1016.639705199797
 20
-665.3264517938933
 10
1015.818544589398
 20
-676.9311524410668
 10
1014.927015538211
 20
-688.5308849460089
 10
1014.097449808492
 20
-700.1349991895095
 10
1013.502119768247
 20
-708.4630878676044
 10
1012.952789838364
 20
-716.7944669218668
 10
1012.392774330439
 20
-725.1250803935554
 10
1011.999492933599
 20
-730.9740660981543
 10
1011.592007536674
 20
-736.8224328210981
 10
1011.257040727338
 20
-742.6748392137897
 10
1011.154289772596
 20
-744.4688109400831
 10
1010.365055584403
 20
-745.1275377330012
 10
1008.575416729698
 20
-745.1209244026868
 10
996.0344574622623
 20
-745.0747288244293
 10
983.4931724150092
 20
-745.0789965400509
 10
970.9522131475742
 20
-745.1165263751373
 10
969.2294894675779
 20
-745.1216736962688
 10
968.39054127909
 20
-744.5821823169053
 10
968.1985266540914
 20
-742.7377147187517
 10
967.2331107400796
 20
-733.4650763240152
 10
966.0797850267809
 20
-724.2117240945308
 10
965.1444711679924
 20
-714.9363165713385
 10
963.8794029769633
 20
-702.3907800974539
 10
962.6938902176016
 20
-689.836496435445
 10
961.5855872752136
 20
-677.2761532688119
 10
960.7190129581195
 20
-667.4561233341146
 10
960.0200849356042
 20
-657.6212867066679
 10
959.2503975365198
 20
-647.7927376297175
 10
959.0355783242303
 20
-645.0491828885888
 10
958.8338554606407
 20
-642.3046019410322
 10
958.6061353675414
 20
-639.2962207854807
 10
957.4633649203597
 20
-653.3559655665576
 10
956.3840563818148
 20
-667.1624491167668
 10
955.2074699894783
 20
-680.9606252816056
 10
954.0682179643372
 20
-694.3210836823673
 10
952.8133792596072
 20
-707.671654665638
 10
951.6399855094924
 20
-721.029246203997
 10
951.0337744233084
 20
-727.9299794744993
 10
950.3957672268443
 20
-734.8306475890386
 10
949.9772378940734
 20
-741.7437279146607
 10
949.8304415078774
 20
-744.1682464795749
 10
949.165818100244
 20
-745.1793041461542
 10
946.5379803506312
 20
-745.1530137148047
 10
934.531723499229
 20
-745.0327032278483
 10
922.52305587717
 20
-745.0413689710194
 10
910.5165384019128
 20
-745.1478338156912
 10
908.0052320933619
 20
-745.1700519993101
 10
907.1122370329913
 20
-744.3491520127636
 10
906.9459915916332
 20
-741.8376502363208
 10
905.808042685765
 20
-724.6458908585882
 10
904.521244980845
 20
-707.4640351873359
 10
903.3220494691086
 20
-690.276234034397
 10
902.3514862339634
 20
-676.365110006499
 10
901.4768325773721
 20
-662.4472586253505
 10
900.4860058375198
 20
-648.5376331846182
 10
899.343919527958
 20
-632.5043794192961
 10
898.0932833828865
 20
-616.4788629246641
 10
896.9427267980445
 20
-600.4461955630159
 10
896.1288962335593
 20
-589.105848949529
 10
895.4153732751765
 20
-577.7583351800358
 10
894.6342835824462
 20
-566.4155859403872
 10
893.9386785140778
 20
-556.3147256576849
 10
893.2844800606363
 20
-546.2099967396389
 10
892.4492783400601
 20
-536.1204573056275
 10
892.2313967974769
 20
-533.489166289939
 10
893.256821354049
 20
-532.9623721789994
 10
895.5874501752851
 20
-532.9860482273061
 10
904.4809460173028
 20
-533.0764032599554
 10
913.3766245841034
 20
-533.0835296934838
 10
922.2699249582292
 20
-532.9840121034413
 10
924.7471221197884
 20
-532.9562963853859
 10
925.7534885569821
 20
-533.7886801105324
 10
925.8487139979161
 20
-536.3270587219977
 10
926.3482647715373
 20
-549.6446770766315
 10
926.9227123254204
 20
-562.9600312615266
 10
927.5666161365998
 20
-576.271557533556
 10
928.3433403797626
 20
-592.3300918127898
 10
929.2330450639665
 20
-608.3831529910731
 10
930.0398713623554
 20
-624.440270128096
 10
930.4723766493371
 20
-633.0477475784992
 10
930.9203238997143
 20
-641.6560394784492
 10
931.194467616946
 20
-650.2692669426488
 10
931.3584651775564
 20
-655.4214584825431
 10
932.0634527046959
 20
-660.5479785727421
 10
931.7574802992012
 20
-665.9948868254023
 10
932.5090217623983
 20
-665.0894306869759
 10
932.4645853951606
 20
-664.2645236086628
 10
932.501659138501
 20
-663.4768368746081
 10
933.0782242612049
 20
-651.2301545171858
 10
933.4939518875372
 20
-638.9735684532816
 10
934.2549735434504
 20
-626.7384512794133
 10
935.3079590726647
 20
-609.8091401234287
 10
936.6018587776271
 20
-592.8946682381738
 10
937.826237069331
 20
-575.9762544171163
 10
938.7237604691773
 20
-563.5749243798728
 10
939.7126651081007
 20
-551.1801343724837
 10
940.5862436912912
 20
-538.7771754361474
 10
940.9912205836144
 20
-533.0272675188371
 10
940.9107203904741
 20
-533.0211998697177
 10
946.7251734343163
 20
-533.0213383261407
 10
955.619581459825
 20
-533.0215500830227
 10
964.5142826871706
 20
-533.0594219869181
 10
973.4082020429514
 20
-532.9957157434192
 10
975.5115017068692
 20
-532.9806647158057
 10
976.6712127046094
 20
-533.4342072345653
 10
976.779892852046
 20
-535.884934785875
 10
977.094726468602
 20
-542.9809974910286
 10
977.7072576832634
 20
-550.0633692993115
 10
978.0685475019309
 20
-557.1579659952813
 10
979.0353316911815
 20
-576.1450898080311
 10
979.9576795131952
 20
-595.1345510909787
 10
980.849078252455
 20
-614.1253969381542
 10
981.790190992011
 20
-634.1779592136791
 10
982.6752044468303
 20
-654.2331928837139
 10
983.5994417917891
 20
-674.6129032529334
 97
        0
 97
        0
 75
     2
 76
     1
 98
        0
  0
SPLINE
  5
53
330
41
100
AcDbEntity
  8
katman 1
370
     0
100
AcDbSpline
210
0.0
220
0.0
230
1.0
 70
    11
 71
     3
 72
    47
 73
    43
 74
     0
 42
0.0000000001
 43
0.0000000001
 12
1.0
 22
0.0
 32
0.0
 13
1.0
 23
0.0
 33
0.0
 40
0.0
 40
0.0
 40
0.0
 40
0.0
 40
1.0
 40
1.0
 40
1.0
 40
2.0
 40
2.0
 40
2.0
 40
3.0
 40
3.0
 40
3.0
 40
4.0
 40
4.0
 40
4.0
 40
5.0
 40
5.0
 40
5.0
 40
6.0
 40
6.0
 40
6.0
 40
7.0
 40
7.0
 40
7.0
 40
8.0
 40
8.0
 40
8.0
 40
9.0
 40
9.0
 40
9.0
 40
10.0
 40
10.0
 40
10.0
 40
11.0
 40
11.0
 40
11.0
 40
12.0
 40
12.0
 40
12.0
 40
13.0
 40
13.0
 40
13.0
 40
14.0
 40
14.0
 40
14.0
 40
14.0
 10
1270.919063156274
 20
-639.0056088984265
 30
0.0
 10
1270.919584403986
 20
-605.0312370169595
 30
0.0
 10
1270.918867688386
 20
-571.0568814244825
 30
0.0
 10
1270.92036627555
 20
-537.0825176875105
 30
0.0
 10
1270.92056174344
 20
-533.0331234110727
 30
0.0
 10
1270.926686404027
 20
-533.0774538998694
 30
0.0
 10
1275.092237474735
 20
-533.0129169178335
 30
0.0
 10
1286.473355432503
 20
-532.8365641576074
 30
0.0
 10
1297.84828357372
 20
-533.1703255816155
 30
0.0
 10
1309.219562980968
 20
-533.5117428313579
 30
0.0
 10
1314.540133820032
 20
-533.6714971098336
 30
0.0
 10
1319.85164798014
 20
-534.2486160582284
 30
0.0
 10
1325.054742616669
 20
-535.5188885818579
 30
0.0
 10
1332.946107159132
 20
-537.4454852722438
 30
0.0
 10
1338.760364735084
 20
-542.0364559188829
 30
0.0
 10
1342.582283253283
 20
-549.1746908215355
 30
0.0
 10
1346.880491866068
 20
-557.202483807474
 30
0.0
 10
1348.387940242028
 20
-565.8925301528652
 30
0.0
 10
1348.658858739058
 20
-574.8775456903822
 30
0.0
 10
1349.822218470763
 20
-613.4637544158604
 30
0.0
 10
1348.897134098275
 20
-652.0593781780926
 30
0.0
 10
1349.181083788042
 20
-690.6495614173564
 30
0.0
 10
1349.210534283629
 20
-694.6506588357088
 30
0.0
 10
1349.273735568411
 20
-698.6629956577963
 30
0.0
 10
1349.028879456859
 20
-702.6521695347928
 30
0.0
 10
1348.567184298143
 20
-710.1752399924917
 30
0.0
 10
1348.503461765653
 20
-717.7418346339373
 30
0.0
 10
1346.527672322678
 20
-725.1149486412014
 30
0.0
 10
1343.310531459461
 20
-737.1200652632388
 30
0.0
 10
1335.589549762048
 20
-743.6954422290501
 30
0.0
 10
1323.191738146845
 20
-744.5719202526243
 30
0.0
 10
1306.584134561585
 20
-745.7460307183401
 30
0.0
 10
1289.948188132119
 20
-744.804364153093
 30
0.0
 10
1273.328465537614
 20
-745.1176014485382
 30
0.0
 10
1270.896844972656
 20
-745.1634060910128
 30
0.0
 10
1270.908312422267
 20
-743.718246816341
 30
0.0
 10
1270.909745853467
 20
-741.9961421180005
 30
0.0
 10
1270.926295468245
 20
-721.8071106765237
 30
0.0
 10
1270.919128312238
 20
-701.6181118130307
 30
0.0
 10
1270.91860706453
 20
-681.4290966605458
 30
0.0
 10
1270.91828128471
 20
-667.2879395028367
 30
0.0
 10
1270.918541908566
 20
-653.1467660561357
 30
0.0
 10
1270.919063156274
 20
-639.0056088984265
 30
0.0
  0
SPLINE
  5
54
330
41
100
AcDbEntity
  8
katman 1
370
     0
100
AcDbSpline
210
0.0
220
0.0
230
1.0
 70
    11
 71
     3
 72
    38
 73
    34
 74
     0
 42
0.0000000001
 43
0.0000000001
 12
1.0
 22
0.0
 32
0.0
 13
1.0
 23
0.0
 33
0.0
 40
0.0
 40
0.0
 40
0.0
 40
0.0
 40
1.0
 40
1.0
 40
1.0
 40
2.0
 40
2.0
 40
2.0
 40
3.0
 40
3.0
 40
3.0
 40
4.0
 40
4.0
 40
4.0
 40
5.0
 40
5.0
 40
5.0
 40
6.0
 40
6.0
 40
6.0
 40
7.0
 40
7.0
 40
7.0
 40
8.0
 40
8.0
 40
8.0
 40
9.0
 40
9.0
 40
9.0
 40
10.0
 40
10.0
 40
10.0
 40
11.0
 40
11.0
 40
11.0
 40
11.0
 10
1305.29072352635
 20
-638.7207958921408
 30
0.0
 10
1305.29072352635
 20
-659.7089815172803
 30
0.0
 10
1305.290397746532
 20
-680.6971508534298
 30
0.0
 10
1305.291309930024
 20
-701.6853364785693
 30
0.0
 10
1305.291375085988
 20
-703.1082287026493
 30
0.0
 10
1305.3276018018
 20
-704.5316584634302
 30
0.0
 10
1305.298346774103
 20
-705.9538502609003
 30
0.0
 10
1305.263879269311
 20
-707.6288309085021
 30
0.0
 10
1306.115598026681
 20
-708.1146663517657
 30
0.0
 10
1307.664420439585
 20
-707.9366113919887
 30
0.0
 10
1310.62360884255
 20
-707.5964158165652
 30
0.0
 10
1312.977889278605
 20
-705.6855054244379
 30
0.0
 10
1313.568137153685
 20
-702.5929264748065
 30
0.0
 10
1314.132387799251
 20
-699.6367678241531
 30
0.0
 10
1314.645556169284
 20
-696.6132704850243
 30
0.0
 10
1314.655394719801
 20
-693.6176598983566
 30
0.0
 10
1314.7722193627
 20
-658.1343247647728
 30
0.0
 10
1314.792743491264
 20
-622.650696429353
 30
0.0
 10
1314.828318647436
 20
-587.1671332498963
 30
0.0
 10
1314.83066426213
 20
-584.8555136810674
 30
0.0
 10
1314.814961674881
 20
-582.5401965112997
 30
0.0
 10
1314.688168169538
 20
-580.2331704379112
 30
0.0
 10
1314.546388792547
 20
-577.6537761473019
 30
0.0
 10
1314.259963176159
 20
-575.0768252053322
 30
0.0
 10
1312.767174892029
 20
-572.8443701323877
 30
0.0
 10
1311.701744573751
 20
-571.250981040319
 30
0.0
 10
1307.90947201903
 20
-569.5267017616889
 30
0.0
 10
1306.413425936713
 20
-570.1975719973407
 30
0.0
 10
1304.330585245396
 20
-571.1316071703413
 30
0.0
 10
1305.342783141339
 20
-573.175004070139
 30
0.0
 10
1305.337896444064
 20
-574.6891472213683
 30
0.0
 10
1305.268570498694
 20
-596.0328726513808
 30
0.0
 10
1305.29072352635
 20
-617.3768587052473
 30
0.0
 10
1305.29072352635
 20
-638.7207958921408
 30
0.0
  0
HATCH
  5
55
330
41
100
AcDbEntity
  8
katman 1
 62
     7
420
 16777215
100
AcDbHatch
 10
0.0
 20
0.0
 30
0.0
210
0.0
220
0.0
230
1.0
  2
SOLID
 70
     1
 71
     0
 91
        2
 92
        1
 93
        1
 72
     4
 94
        3
 73
     0
 74
     1
 95
       47
 96
       43
 40
0.0
 40
0.0
 40
0.0
 40
0.0
 40
1.0
 40
1.0
 40
1.0
 40
2.0
 40
2.0
 40
2.0
 40
3.0
 40
3.0
 40
3.0
 40
4.0
 40
4.0
 40
4.0
 40
5.0
 40
5.0
 40
5.0
 40
6.0
 40
6.0
 40
6.0
 40
7.0
 40
7.0
 40
7.0
 40
8.0
 40
8.0
 40
8.0
 40
9.0
 40
9.0
 40
9.0
 40
10.0
 40
10.0
 40
10.0
 40
11.0
 40
11.0
 40
11.0
 40
12.0
 40
12.0
 40
12.0
 40
13.0
 40
13.0
 40
13.0
 40
14.0
 40
14.0
 40
14.0
 40
14.0
 10
1270.919063156274
 20
-639.0056088984265
 10
1270.919584403986
 20
-605.0312370169595
 10
1270.918867688386
 20
-571.0568814244825
 10
1270.92036627555
 20
-537.0825176875105
 10
1270.92056174344
 20
-533.0331234110727
 10
1270.926686404027
 20
-533.0774538998694
 10
1275.092237474735
 20
-533.0129169178335
 10
1286.473355432503
 20
-532.8365641576074
 10
1297.84828357372
 20
-533.1703255816155
 10
1309.219562980968
 20
-533.5117428313579
 10
1314.540133820032
 20
-533.6714971098336
 10
1319.85164798014
 20
-534.2486160582284
 10
1325.054742616669
 20
-535.5188885818579
 10
1332.946107159132
 20
-537.4454852722438
 10
1338.760364735084
 20
-542.0364559188829
 10
1342.582283253283
 20
-549.1746908215355
 10
1346.880491866068
 20
-557.202483807474
 10
1348.387940242028
 20
-565.8925301528652
 10
1348.658858739058
 20
-574.8775456903822
 10
1349.822218470763
 20
-613.4637544158604
 10
1348.897134098275
 20
-652.0593781780926
 10
1349.181083788042
 20
-690.6495614173564
 10
1349.210534283629
 20
-694.6506588357088
 10
1349.273735568411
 20
-698.6629956577963
 10
1349.028879456859
 20
-702.6521695347928
 10
1348.567184298143
 20
-710.1752399924917
 10
1348.503461765653
 20
-717.7418346339373
 10
1346.527672322678
 20
-725.1149486412014
 10
1343.310531459461
 20
-737.1200652632388
 10
1335.589549762048
 20
-743.6954422290501
 10
1323.191738146845
 20
-744.5719202526243
 10
1306.584134561585
 20
-745.7460307183401
 10
1289.948188132119
 20
-744.804364153093
 10
1273.328465537614
 20
-745.1176014485382
 10
1270.896844972656
 20
-745.1634060910128
 10
1270.908312422267
 20
-743.718246816341
 10
1270.909745853467
 20
-741.9961421180005
 10
1270.926295468245
 20
-721.8071106765237
 10
1270.919128312238
 20
-701.6181118130307
 10
1270.91860706453
 20
-681.4290966605458
 10
1270.91828128471
 20
-667.2879395028367
 10
1270.918541908566
 20
-653.1467660561357
 10
1270.919063156274
 20
-639.0056088984265
 97
        0
 97
        0
 92
        1
 93
        1
 72
     4
 94
        3
 73
     0
 74
     1
 95
       38
 96
       34
 40
0.0
 40
0.0
 40
0.0
 40
0.0
 40
1.0
 40
1.0
 40
1.0
 40
2.0
 40
2.0
 40
2.0
 40
3.0
 40
3.0
 40
3.0
 40
4.0
 40
4.0
 40
4.0
 40
5.0
 40
5.0
 40
5.0
 40
6.0
 40
6.0
 40
6.0
 40
7.0
 40
7.0
 40
7.0
 40
8.0
 40
8.0
 40
8.0
 40
9.0
 40
9.0
 40
9.0
 40
10.0
 40
10.0
 40
10.0
 40
11.0
 40
11.0
 40
11.0
 40
11.0
 10
1305.29072352635
 20
-638.7207958921408
 10
1305.29072352635
 20
-659.7089815172803
 10
1305.290397746532
 20
-680.6971508534298
 10
1305.291309930024
 20
-701.6853364785693
 10
1305.291375085988
 20
-703.1082287026493
 10
1305.3276018018
 20
-704.5316584634302
 10
1305.298346774103
 20
-705.9538502609003
 10
1305.263879269311
 20
-707.6288309085021
 10
1306.115598026681
 20
-708.1146663517657
 10
1307.664420439585
 20
-707.9366113919887
 10
1310.62360884255
 20
-707.5964158165652
 10
1312.977889278605
 20
-705.6855054244379
 10
1313.568137153685
 20
-702.5929264748065
 10
1314.132387799251
 20
-699.6367678241531
 10
1314.645556169284
 20
-696.6132704850243
 10
1314.655394719801
 20
-693.6176598983566
 10
1314.7722193627
 20
-658.1343247647728
 10
1314.792743491264
 20
-622.650696429353
 10
1314.828318647436
 20
-587.1671332498963
 10
1314.83066426213
 20
-584.8555136810674
 10
1314.814961674881
 20
-582.5401965112997
 10
1314.688168169538
 20
-580.2331704379112
 10
1314.546388792547
 20
-577.6537761473019
 10
1314.259963176159
 20
-575.0768252053322
 10
1312.767174892029
 20
-572.8443701323877
 10
1311.701744573751
 20
-571.250981040319
 10
1307.90947201903
 20
-569.5267017616889
 10
1306.413425936713
 20
-570.1975719973407
 10
1304.330585245396
 20
-571.1316071703413
 10
1305.342783141339
 20
-573.175004070139
 10
1305.337896444064
 20
-574.6891472213683
 10
1305.268570498694
 20
-596.0328726513808
 10
1305.29072352635
 20
-617.3768587052473
 10
1305.29072352635
 20
-638.7207958921408
 97
        0
 97
        0
 75
     2
 76
     1
 98
        0
  0
SPLINE
  5
56
330
41
100
AcDbEntity
  8
katman 1
370
     0
100
AcDbSpline
210
0.0
220
0.0
230
1.0
 70
    11
 71
     3
 72
    44
 73
    40
 74
     0
 42
0.0000000001
 43
0.0000000001
 12
1.0
 22
0.0
 32
0.0
 13
1.0
 23
0.0
 33
0.0
 40
0.0
 40
0.0
 40
0.0
 40
0.0
 40
1.0
 40
1.0
 40
1.0
 40
2.0
 40
2.0
 40
2.0
 40
3.0
 40
3.0
 40
3.0
 40
4.0
 40
4.0
 40
4.0
 40
5.0
 40
5.0
 40
5.0
 40
6.0
 40
6.0
 40
6.0
 40
7.0
 40
7.0
 40
7.0
 40
8.0
 40
8.0
 40
8.0
 40
9.0
 40
9.0
 40
9.0
 40
10.0
 40
10.0
 40
10.0
 40
11.0
 40
11.0
 40
11.0
 40
12.0
 40
12.0
 40
12.0
 40
13.0
 40
13.0
 40
13.0
 40
13.0
 10
899.029835204984
 20
-914.0102318775589
 30
0.0
 10
899.029835204984
 20
-884.7504477948441
 30
0.0
 10
899.0283040398372
 20
-855.4906637121294
 30
0.0
 10
899.0315944160038
 20
-826.2308796294146
 30
0.0
 10
899.0320505077498
 20
-822.2548021011207
 30
0.0
 10
899.0432573335047
 20
-822.2428785597649
 30
0.0
 10
903.0379694674148
 20
-822.2461689359316
 30
0.0
 10
915.399847568643
 20
-822.2563658442486
 30
0.0
 10
927.763745504747
 20
-822.1497381096679
 30
0.0
 10
940.1228544775195
 20
-822.3420459365034
 30
0.0
 10
947.1336687486782
 20
-822.451149597704
 30
0.0
 10
954.1434731024001
 20
-822.9505374814153
 30
0.0
 10
961.0621894188816
 20
-824.2915775261081
 30
0.0
 10
976.1173218572703
 20
-827.209554782039
 30
0.0
 10
984.2857947133134
 20
-837.2408692179961
 30
0.0
 10
986.6665284706269
 20
-851.9942969665117
 30
0.0
 10
987.658071926081
 20
-858.1392536361782
 30
0.0
 10
987.669930311472
 20
-864.3778394256688
 30
0.0
 10
987.8175085692328
 20
-870.6027750407657
 30
0.0
 10
988.4523882794401
 20
-897.3638604939033
 30
0.0
 10
988.3205777648936
 20
-924.1298000663364
 30
0.0
 10
988.087645194697
 20
-950.8893543543272
 30
0.0
 10
987.993559983126
 20
-961.6967414738119
 30
0.0
 10
988.3679461504962
 20
-972.5935551534612
 30
0.0
 10
986.3042613125035
 20
-983.316988813729
 30
0.0
 10
983.924635206572
 20
-995.681570887451
 30
0.0
 10
976.7575443565001
 20
-1002.756922140645
 30
0.0
 10
964.3836449799701
 20
-1004.850448410009
 30
0.0
 10
960.001515485952
 20
-1005.591858120853
 30
0.0
 10
955.5652413861071
 20
-1005.980774068124
 30
0.0
 10
951.1171740568334
 20
-1005.989309499368
 30
0.0
 10
935.0197416672763
 20
-1006.020128270195
 30
0.0
 10
918.9222115437733
 20
-1006.005077242582
 30
0.0
 10
902.8247465762352
 20
-1005.999148049887
 30
0.0
 10
899.0453423243434
 20
-1005.997779774647
 30
0.0
 10
899.0321156637137
 20
-1005.981099847944
 30
0.0
 10
899.0316595719678
 20
-1002.056365219039
 30
0.0
 10
899.0283040398372
 20
-972.7076432458844
 30
0.0
 10
899.029835204984
 20
-943.3589538507122
 30
0.0
 10
899.029835204984
 20
-914.0102318775589
 30
0.0
  0
SPLINE
  5
57
330
41
100
AcDbEntity
  8
katman 1
370
     0
100
AcDbSpline
210
0.0
220
0.0
230
1.0
 70
    11
 71
     3
 72
    35
 73
    31
 74
     0
 42
0.0000000001
 43
0.0000000001
 12
1.0
 22
0.0
 32
0.0
 13
1.0
 23
0.0
 33
0.0
 40
0.0
 40
0.0
 40
0.0
 40
0.0
 40
1.0
 40
1.0
 40
1.0
 40
2.0
 40
2.0
 40
2.0
 40
3.0
 40
3.0
 40
3.0
 40
4.0
 40
4.0
 40
4.0
 40
5.0
 40
5.0
 40
5.0
 40
6.0
 40
6.0
 40
6.0
 40
7.0
 40
7.0
 40
7.0
 40
8.0
 40
8.0
 40
8.0
 40
9.0
 40
9.0
 40
9.0
 40
10.0
 40
10.0
 40
10.0
 40
10.0
 10
937.6424320957576
 20
-913.5683441318051
 30
0.0
 10
937.6424320957576
 20
-932.0546873521198
 30
0.0
 10
937.6422366278666
 20
-950.5410631504164
 30
0.0
 10
937.6431813893405
 20
-969.0274063707302
 30
0.0
 10
937.6432139673225
 20
-970.0049738719717
 30
0.0
 10
937.6752055454945
 20
-970.9830626209223
 30
0.0
 10
937.6535086095855
 20
-971.9600111405098
 30
0.0
 10
937.6232762424324
 20
-973.3208911761467
 30
0.0
 10
938.2987155400378
 20
-973.8018399221328
 30
0.0
 10
939.6168206855118
 20
-973.861815986711
 30
0.0
 10
944.1041770608908
 20
-974.0660799328825
 30
0.0
 10
947.3055501808967
 20
-971.6560259919079
 30
0.0
 10
948.1106824242288
 20
-967.1904642863828
 30
0.0
 10
948.8362266579124
 20
-963.1663993908305
 30
0.0
 10
949.1506041827224
 20
-959.092587917
 30
0.0
 10
949.1532429992521
 20
-954.9998486357163
 30
0.0
 10
949.1707699534845
 20
-927.9814622819622
 30
0.0
 10
949.2054655041502
 20
-900.9630759282072
 30
0.0
 10
949.1821070911674
 20
-873.9447547304162
 30
0.0
 10
949.1785886691277
 20
-869.8656656235271
 30
0.0
 10
949.3195535965742
 20
-865.7812988835776
 30
0.0
 10
948.7114529874443
 20
-861.7064449143281
 30
0.0
 10
947.9548945150427
 20
-856.6371480492407
 30
0.0
 10
946.0806832194648
 20
-854.7712441390322
 30
0.0
 10
940.9158025556417
 20
-854.396304145971
 30
0.0
 10
937.6496318297459
 20
-854.1592015940987
 30
0.0
 10
937.6438003709955
 20
-854.1592341720807
 30
0.0
 10
937.6434094352135
 20
-857.575980330068
 30
0.0
 10
937.6413896003387
 20
-876.2401015973128
 30
0.0
 10
937.6424972517216
 20
-894.9042228645594
 30
0.0
 10
937.6424320957576
 20
-913.5683441318051
 30
0.0
  0
HATCH
  5
58
330
41
100
AcDbEntity
  8
katman 1
 62
   114
420
    37446
100
AcDbHatch
 10
0.0
 20
0.0
 30
0.0
210
0.0
220
0.0
230
1.0
  2
SOLID
 70
     1
 71
     0
 91
        2
 92
        1
 93
        1
 72
     4
 94
        3
 73
     0
 74
     1
 95
       44
 96
       40
 40
0.0
 40
0.0
 40
0.0
 40
0.0
 40
1.0
 40
1.0
 40
1.0
 40
2.0
 40
2.0
 40
2.0
 40
3.0
 40
3.0
 40
3.0
 40
4.0
 40
4.0
 40
4.0
 40
5.0
 40
5.0
 40
5.0
 40
6.0
 40
6.0
 40
6.0
 40
7.0
 40
7.0
 40
7.0
 40
8.0
 40
8.0
 40
8.0
 40
9.0
 40
9.0
 40
9.0
 40
10.0
 40
10.0
 40
10.0
 40
11.0
 40
11.0
 40
11.0
 40
12.0
 40
12.0
 40
12.0
 40
13.0
 40
13.0
 40
13.0
 40
13.0
 10
899.029835204984
 20
-914.0102318775589
 10
899.029835204984
 20
-884.7504477948441
 10
899.0283040398372
 20
-855.4906637121294
 10
899.0315944160038
 20
-826.2308796294146
 10
899.0320505077498
 20
-822.2548021011207
 10
899.0432573335047
 20
-822.2428785597649
 10
903.0379694674148
 20
-822.2461689359316
 10
915.399847568643
 20
-822.2563658442486
 10
927.763745504747
 20
-822.1497381096679
 10
940.1228544775195
 20
-822.3420459365034
 10
947.1336687486782
 20
-822.451149597704
 10
954.1434731024001
 20
-822.9505374814153
 10
961.0621894188816
 20
-824.2915775261081
 10
976.1173218572703
 20
-827.209554782039
 10
984.2857947133134
 20
-837.2408692179961
 10
986.6665284706269
 20
-851.9942969665117
 10
987.658071926081
 20
-858.1392536361782
 10
987.669930311472
 20
-864.3778394256688
 10
987.8175085692328
 20
-870.6027750407657
 10
988.4523882794401
 20
-897.3638604939033
 10
988.3205777648936
 20
-924.1298000663364
 10
988.087645194697
 20
-950.8893543543272
 10
987.993559983126
 20
-961.6967414738119
 10
988.3679461504962
 20
-972.5935551534612
 10
986.3042613125035
 20
-983.316988813729
 10
983.924635206572
 20
-995.681570887451
 10
976.7575443565001
 20
-1002.756922140645
 10
964.3836449799701
 20
-1004.850448410009
 10
960.001515485952
 20
-1005.591858120853
 10
955.5652413861071
 20
-1005.980774068124
 10
951.1171740568334
 20
-1005.989309499368
 10
935.0197416672763
 20
-1006.020128270195
 10
918.9222115437733
 20
-1006.005077242582
 10
902.8247465762352
 20
-1005.999148049887
 10
899.0453423243434
 20
-1005.997779774647
 10
899.0321156637137
 20
-1005.981099847944
 10
899.0316595719678
 20
-1002.056365219039
 10
899.0283040398372
 20
-972.7076432458844
 10
899.029835204984
 20
-943.3589538507122
 10
899.029835204984
 20
-914.0102318775589
 97
        0
 97
        0
 92
        1
 93
        1
 72
     4
 94
        3
 73
     0
 74
     1
 95
       35
 96
       31
 40
0.0
 40
0.0
 40
0.0
 40
0.0
 40
1.0
 40
1.0
 40
1.0
 40
2.0
 40
2.0
 40
2.0
 40
3.0
 40
3.0
 40
3.0
 40
4.0
 40
4.0
 40
4.0
 40
5.0
 40
5.0
 40
5.0
 40
6.0
 40
6.0
 40
6.0
 40
7.0
 40
7.0
 40
7.0
 40
8.0
 40
8.0
 40
8.0
 40
9.0
 40
9.0
 40
9.0
 40
10.0
 40
10.0
 40
10.0
 40
10.0
 10
937.6424320957576
 20
-913.5683441318051
 10
937.6424320957576
 20
-932.0546873521198
 10
937.6422366278666
 20
-950.5410631504164
 10
937.6431813893405
 20
-969.0274063707302
 10
937.6432139673225
 20
-970.0049738719717
 10
937.6752055454945
 20
-970.9830626209223
 10
937.6535086095855
 20
-971.9600111405098
 10
937.6232762424324
 20
-973.3208911761467
 10
938.2987155400378
 20
-973.8018399221328
 10
939.6168206855118
 20
-973.861815986711
 10
944.1041770608908
 20
-974.0660799328825
 10
947.3055501808967
 20
-971.6560259919079
 10
948.1106824242288
 20
-967.1904642863828
 10
948.8362266579124
 20
-963.1663993908305
 10
949.1506041827224
 20
-959.092587917
 10
949.1532429992521
 20
-954.9998486357163
 10
949.1707699534845
 20
-927.9814622819622
 10
949.2054655041502
 20
-900.9630759282072
 10
949.1821070911674
 20
-873.9447547304162
 10
949.1785886691277
 20
-869.8656656235271
 10
949.3195535965742
 20
-865.7812988835776
 10
948.7114529874443
 20
-861.7064449143281
 10
947.9548945150427
 20
-856.6371480492407
 10
946.0806832194648
 20
-854.7712441390322
 10
940.9158025556417
 20
-854.396304145971
 10
937.6496318297459
 20
-854.1592015940987
 10
937.6438003709955
 20
-854.1592341720807
 10
937.6434094352135
 20
-857.575980330068
 10
937.6413896003387
 20
-876.2401015973128
 10
937.6424972517216
 20
-894.9042228645594
 10
937.6424320957576
 20
-913.5683441318051
 97
        0
 97
        0
 75
     2
 76
     1
 98
        0
  0
SPLINE
  5
59
330
41
100
AcDbEntity
  8
katman 1
370
     0
100
AcDbSpline
210
0.0
220
0.0
230
1.0
 70
    11
 71
     3
 72
    77
 73
    73
 74
     0
 42
0.0000000001
 43
0.0000000001
 12
1.0
 22
0.0
 32
0.0
 13
1.0
 23
0.0
 33
0.0
 40
0.0
 40
0.0
 40
0.0
 40
0.0
 40
1.0
 40
1.0
 40
1.0
 40
2.0
 40
2.0
 40
2.0
 40
3.0
 40
3.0
 40
3.0
 40
4.0
 40
4.0
 40
4.0
 40
5.0
 40
5.0
 40
5.0
 40
6.0
 40
6.0
 40
6.0
 40
7.0
 40
7.0
 40
7.0
 40
8.0
 40
8.0
 40
8.0
 40
9.0
 40
9.0
 40
9.0
 40
10.0
 40
10.0
 40
10.0
 40
11.0
 40
11.0
 40
11.0
 40
12.0
 40
12.0
 40
12.0
 40
13.0
 40
13.0
 40
13.0
 40
14.0
 40
14.0
 40
14.0
 40
15.0
 40
15.0
 40
15.0
 40
16.0
 40
16.0
 40
16.0
 40
17.0
 40
17.0
 40
17.0
 40
18.0
 40
18.0
 40
18.0
 40
19.0
 40
19.0
 40
19.0
 40
20.0
 40
20.0
 40
20.0
 40
21.0
 40
21.0
 40
21.0
 40
22.0
 40
22.0
 40
22.0
 40
23.0
 40
23.0
 40
23.0
 40
24.0
 40
24.0
 40
24.0
 40
24.0
 10
1179.047004204829
 20
-634.6268512255301
 30
0.0
 10
1191.351773103885
 20
-640.1985820156306
 30
0.0
 10
1195.413595880396
 20
-650.0727239781736
 30
0.0
 10
1195.971070305737
 20
-661.7491939193533
 30
0.0
 10
1197.244152680301
 20
-688.413783390265
 30
0.0
 10
1196.229022765991
 20
-715.1043863796795
 30
0.0
 10
1196.577216235957
 20
-741.7811274378191
 30
0.0
 10
1196.610510933402
 20
-744.3277808566727
 30
0.0
 10
1195.815999112152
 20
-745.1897942563082
 30
0.0
 10
1193.2390155922
 20
-745.1492672468921
 30
0.0
 10
1184.879309982723
 20
-745.0176847782177
 30
0.0
 10
1176.514391896151
 20
-745.0026989065691
 30
0.0
 10
1168.155403002274
 20
-745.1561086230795
 30
0.0
 10
1165.430776068599
 20
-745.2061158252127
 30
0.0
 10
1164.675813917309
 20
-744.3009365996322
 30
0.0
 10
1164.684088724698
 20
-741.6383381433898
 30
0.0
 10
1164.759734798543
 20
-717.2648929797178
 30
0.0
 10
1164.756542156323
 20
-692.8909428573261
 30
0.0
 10
1164.660437109877
 20
-668.5175954275992
 30
0.0
 10
1164.64369202721
 20
-664.2670158242745
 30
0.0
 10
1164.390756576158
 20
-659.9918724226372
 30
0.0
 10
1163.635989892759
 20
-655.7813148700097
 30
0.0
 10
1163.033883632288
 20
-652.4223457628259
 30
0.0
 10
1160.699215141303
 20
-650.3116020300577
 30
0.0
 10
1157.515434131496
 20
-650.0955285654663
 30
0.0
 10
1156.078549664213
 20
-649.9980063768116
 30
0.0
 10
1155.294853732936
 20
-650.4828970586013
 30
0.0
 10
1155.319417531246
 20
-652.003620962164
 30
0.0
 10
1155.333751843258
 20
-652.892755531685
 30
0.0
 10
1155.305604466943
 20
-653.7825253718529
 30
0.0
 10
1155.305604466943
 20
-654.6720020101839
 30
0.0
 10
1155.304692283451
 20
-683.4045603237
 30
0.0
 10
1155.305995402727
 20
-712.1371186372171
 30
0.0
 10
1155.303389164179
 20
-740.8696932397243
 30
0.0
 10
1155.302998228397
 20
-745.0961651364842
 30
0.0
 10
1155.294788576972
 20
-745.0993252007229
 30
0.0
 10
1151.011109744089
 20
-745.1004328521058
 30
0.0
 10
1142.471378206934
 20
-745.1026807328526
 30
0.0
 10
1133.931711825742
 20
-745.1024526869796
 30
0.0
 10
1125.391980288587
 20
-745.1004980080688
 30
0.0
 10
1120.971408775991
 20
-745.0994555126499
 30
0.0
 10
1120.967238794314
 20
-745.0967841181391
 30
0.0
 10
1120.967108482389
 20
-740.7761292758642
 30
0.0
 10
1120.965935675042
 20
-705.1940014123329
 30
0.0
 10
1120.966391766786
 20
-669.6118898377936
 30
0.0
 10
1120.966391766786
 20
-634.0297619742632
 30
0.0
 10
1120.96645692275
 20
-601.6500171481748
 30
0.0
 10
1120.965284115404
 20
-569.2702804665823
 30
0.0
 10
1120.968020665878
 20
-536.8905437849899
 30
0.0
 10
1120.968346445698
 20
-533.0424977253497
 30
0.0
 10
1120.978575931997
 20
-533.081338824205
 30
0.0
 10
1124.821409514543
 20
-533.0143503490344
 30
0.0
 10
1136.382944335772
 20
-532.8128229533377
 30
0.0
 10
1147.936204349611
 20
-533.2456214421563
 30
0.0
 10
1159.489138583631
 20
-533.5272173727344
 30
0.0
 10
1164.097489583586
 20
-533.6395462541386
 30
0.0
 10
1168.694438289893
 20
-534.2368472622866
 30
0.0
 10
1173.24727640878
 20
-535.0836548888956
 30
0.0
 10
1179.90048217322
 20
-536.3211213848062
 30
0.0
 10
1184.661949687848
 20
-540.1054530564516
 30
0.0
 10
1188.169295213349
 20
-545.7556642048194
 30
0.0
 10
1192.695289075196
 20
-553.0469748996693
 30
0.0
 10
1194.438015636046
 20
-561.1615556292445
 30
0.0
 10
1195.461876449492
 20
-569.5175066263137
 30
0.0
 10
1196.741930512169
 20
-579.964646422548
 30
0.0
 10
1196.69677742933
 20
-590.4571021915299
 30
0.0
 10
1196.44136605166
 20
-600.9446875522262
 30
0.0
 10
1196.307340234347
 20
-606.4463919703503
 30
0.0
 10
1195.781205827541
 20
-611.9364660489564
 30
0.0
 10
1194.860226280765
 20
-617.380474861232
 30
0.0
 10
1193.363789262668
 20
-626.2258041570913
 30
0.0
 10
1189.118031200656
 20
-632.6398223788201
 30
0.0
 10
1179.047004204829
 20
-634.6268512255301
 30
0.0
  0
SPLINE
  5
5A
330
41
100
AcDbEntity
  8
katman 1
370
     0
100
AcDbSpline
210
0.0
220
0.0
230
1.0
 70
    11
 71
     3
 72
    29
 73
    25
 74
     0
 42
0.0000000001
 43
0.0000000001
 12
1.0
 22
0.0
 32
0.0
 13
1.0
 23
0.0
 33
0.0
 40
0.0
 40
0.0
 40
0.0
 40
0.0
 40
1.0
 40
1.0
 40
1.0
 40
2.0
 40
2.0
 40
2.0
 40
3.0
 40
3.0
 40
3.0
 40
4.0
 40
4.0
 40
4.0
 40
5.0
 40
5.0
 40
5.0
 40
6.0
 40
6.0
 40
6.0
 40
7.0
 40
7.0
 40
7.0
 40
8.0
 40
8.0
 40
8.0
 40
8.0
 10
1155.30710305411
 20
-593.1029881430859
 30
0.0
 10
1155.30710305411
 20
-599.8560942888553
 30
0.0
 10
1155.288468448492
 20
-606.6092818795787
 30
0.0
 10
1155.316159733062
 20
-613.362274002412
 30
0.0
 10
1155.327627182673
 20
-616.155738211728
 30
0.0
 10
1155.998342672909
 20
-616.6077251318538
 30
0.0
 10
1158.747012157188
 20
-615.8489350676964
 30
0.0
 10
1162.448717922378
 20
-614.8270452221541
 30
0.0
 10
1163.657295892886
 20
-613.1344398863748
 30
0.0
 10
1164.172614409719
 20
-608.3059757520805
 30
0.0
 10
1165.099392837265
 20
-599.6226730489316
 30
0.0
 10
1164.751655459044
 20
-590.9122654648863
 30
0.0
 10
1164.621538999552
 20
-582.2140257570609
 30
0.0
 10
1164.586289623196
 20
-579.8557219402473
 30
0.0
 10
1164.28559485076
 20
-577.4387451781295
 30
0.0
 10
1163.500595800209
 20
-575.1363614671545
 30
0.0
 10
1162.654675923606
 20
-572.6553526817197
 30
0.0
 10
1161.041283950683
 20
-571.1176230716337
 30
0.0
 10
1158.47257523812
 20
-570.4991219417998
 30
0.0
 10
1155.648064212106
 20
-569.8190077037989
 30
0.0
 10
1155.326193751471
 20
-569.9875498928777
 30
0.0
 10
1155.315182393606
 20
-572.8437348617417
 30
0.0
 10
1155.28912000813
 20
-579.5967269845751
 30
0.0
 10
1155.306842430255
 20
-586.3498982863075
 30
0.0
 10
1155.30710305411
 20
-593.1029881430859
 30
0.0
  0
HATCH
  5
5B
330
41
100
AcDbEntity
  8
katman 1
 62
     7
420
 16777215
100
AcDbHatch
 10
0.0
 20
0.0
 30
0.0
210
0.0
220
0.0
230
1.0
  2
SOLID
 70
     1
 71
     0
 91
        2
 92
        1
 93
        1
 72
     4
 94
        3
 73
     0
 74
     1
 95
       77
 96
       73
 40
0.0
 40
0.0
 40
0.0
 40
0.0
 40
1.0
 40
1.0
 40
1.0
 40
2.0
 40
2.0
 40
2.0
 40
3.0
 40
3.0
 40
3.0
 40
4.0
 40
4.0
 40
4.0
 40
5.0
 40
5.0
 40
5.0
 40
6.0
 40
6.0
 40
6.0
 40
7.0
 40
7.0
 40
7.0
 40
8.0
 40
8.0
 40
8.0
 40
9.0
 40
9.0
 40
9.0
 40
10.0
 40
10.0
 40
10.0
 40
11.0
 40
11.0
 40
11.0
 40
12.0
 40
12.0
 40
12.0
 40
13.0
 40
13.0
 40
13.0
 40
14.0
 40
14.0
 40
14.0
 40
15.0
 40
15.0
 40
15.0
 40
16.0
 40
16.0
 40
16.0
 40
17.0
 40
17.0
 40
17.0
 40
18.0
 40
18.0
 40
18.0
 40
19.0
 40
19.0
 40
19.0
 40
20.0
 40
20.0
 40
20.0
 40
21.0
 40
21.0
 40
21.0
 40
22.0
 40
22.0
 40
22.0
 40
23.0
 40
23.0
 40
23.0
 40
24.0
 40
24.0
 40
24.0
 40
24.0
 10
1179.047004204829
 20
-634.6268512255301
 10
1191.351773103885
 20
-640.1985820156306
 10
1195.413595880396
 20
-650.0727239781736
 10
1195.971070305737
 20
-661.7491939193533
 10
1197.244152680301
 20
-688.413783390265
 10
1196.229022765991
 20
-715.1043863796795
 10
1196.577216235957
 20
-741.7811274378191
 10
1196.610510933402
 20
-744.3277808566727
 10
1195.815999112152
 20
-745.1897942563082
 10
1193.2390155922
 20
-745.1492672468921
 10
1184.879309982723
 20
-745.0176847782177
 10
1176.514391896151
 20
-745.0026989065691
 10
1168.155403002274
 20
-745.1561086230795
 10
1165.430776068599
 20
-745.2061158252127
 10
1164.675813917309
 20
-744.3009365996322
 10
1164.684088724698
 20
-741.6383381433898
 10
1164.759734798543
 20
-717.2648929797178
 10
1164.756542156323
 20
-692.8909428573261
 10
1164.660437109877
 20
-668.5175954275992
 10
1164.64369202721
 20
-664.2670158242745
 10
1164.390756576158
 20
-659.9918724226372
 10
1163.635989892759
 20
-655.7813148700097
 10
1163.033883632288
 20
-652.4223457628259
 10
1160.699215141303
 20
-650.3116020300577
 10
1157.515434131496
 20
-650.0955285654663
 10
1156.078549664213
 20
-649.9980063768116
 10
1155.294853732936
 20
-650.4828970586013
 10
1155.319417531246
 20
-652.003620962164
 10
1155.333751843258
 20
-652.892755531685
 10
1155.305604466943
 20
-653.7825253718529
 10
1155.305604466943
 20
-654.6720020101839
 10
1155.304692283451
 20
-683.4045603237
 10
1155.305995402727
 20
-712.1371186372171
 10
1155.303389164179
 20
-740.8696932397243
 10
1155.302998228397
 20
-745.0961651364842
 10
1155.294788576972
 20
-745.0993252007229
 10
1151.011109744089
 20
-745.1004328521058
 10
1142.471378206934
 20
-745.1026807328526
 10
1133.931711825742
 20
-745.1024526869796
 10
1125.391980288587
 20
-745.1004980080688
 10
1120.971408775991
 20
-745.0994555126499
 10
1120.967238794314
 20
-745.0967841181391
 10
1120.967108482389
 20
-740.7761292758642
 10
1120.965935675042
 20
-705.1940014123329
 10
1120.966391766786
 20
-669.6118898377936
 10
1120.966391766786
 20
-634.0297619742632
 10
1120.96645692275
 20
-601.6500171481748
 10
1120.965284115404
 20
-569.2702804665823
 10
1120.968020665878
 20
-536.8905437849899
 10
1120.968346445698
 20
-533.0424977253497
 10
1120.978575931997
 20
-533.081338824205
 10
1124.821409514543
 20
-533.0143503490344
 10
1136.382944335772
 20
-532.8128229533377
 10
1147.936204349611
 20
-533.2456214421563
 10
1159.489138583631
 20
-533.5272173727344
 10
1164.097489583586
 20
-533.6395462541386
 10
1168.694438289893
 20
-534.2368472622866
 10
1173.24727640878
 20
-535.0836548888956
 10
1179.90048217322
 20
-536.3211213848062
 10
1184.661949687848
 20
-540.1054530564516
 10
1188.169295213349
 20
-545.7556642048194
 10
1192.695289075196
 20
-553.0469748996693
 10
1194.438015636046
 20
-561.1615556292445
 10
1195.461876449492
 20
-569.5175066263137
 10
1196.741930512169
 20
-579.964646422548
 10
1196.69677742933
 20
-590.4571021915299
 10
1196.44136605166
 20
-600.9446875522262
 10
1196.307340234347
 20
-606.4463919703503
 10
1195.781205827541
 20
-611.9364660489564
 10
1194.860226280765
 20
-617.380474861232
 10
1193.363789262668
 20
-626.2258041570913
 10
1189.118031200656
 20
-632.6398223788201
 10
1179.047004204829
 20
-634.6268512255301
 97
        0
 97
        0
 92
        1
 93
        1
 72
     4
 94
        3
 73
     0
 74
     1
 95
       29
 96
       25
 40
0.0
 40
0.0
 40
0.0
 40
0.0
 40
1.0
 40
1.0
 40
1.0
 40
2.0
 40
2.0
 40
2.0
 40
3.0
 40
3.0
 40
3.0
 40
4.0
 40
4.0
 40
4.0
 40
5.0
 40
5.0
 40
5.0
 40
6.0
 40
6.0
 40
6.0
 40
7.0
 40
7.0
 40
7.0
 40
8.0
 40
8.0
 40
8.0
 40
8.0
 10
1155.30710305411
 20
-593.1029881430859
 10
1155.30710305411
 20
-599.8560942888553
 10
1155.288468448492
 20
-606.6092818795787
 10
1155.316159733062
 20
-613.362274002412
 10
1155.327627182673
 20
-616.155738211728
 10
1155.998342672909
 20
-616.6077251318538
 10
1158.747012157188
 20
-615.8489350676964
 10
1162.448717922378
 20
-614.8270452221541
 10
1163.657295892886
 20
-613.1344398863748
 10
1164.172614409719
 20
-608.3059757520805
 10
1165.099392837265
 20
-599.6226730489316
 10
1164.751655459044
 20
-590.9122654648863
 10
1164.621538999552
 20
-582.2140257570609
 10
1164.586289623196
 20
-579.8557219402473
 10
1164.28559485076
 20
-577.4387451781295
 10
1163.500595800209
 20
-575.1363614671545
 10
1162.654675923606
 20
-572.6553526817197
 10
1161.041283950683
 20
-571.1176230716337
 10
1158.47257523812
 20
-570.4991219417998
 10
1155.648064212106
 20
-569.8190077037989
 10
1155.326193751471
 20
-569.9875498928777
 10
1155.315182393606
 20
-572.8437348617417
 10
1155.28912000813
 20
-579.5967269845751
 10
1155.306842430255
 20
-586.3498982863075
 10
1155.30710305411
 20
-593.1029881430859
 97
        0
 97
        0
 75
     2
 76
     1
 98
        0
  0
SPLINE
  5
5C
330
41
100
AcDbEntity
  8
katman 1
370
     0
100
AcDbSpline
210
0.0
220
0.0
230
1.0
 70
    11
 71
     3
 72
    41
 73
    37
 74
     0
 42
0.0000000001
 43
0.0000000001
 12
1.0
 22
0.0
 32
0.0
 13
1.0
 23
0.0
 33
0.0
 40
0.0
 40
0.0
 40
0.0
 40
0.0
 40
1.0
 40
1.0
 40
1.0
 40
2.0
 40
2.0
 40
2.0
 40
3.0
 40
3.0
 40
3.0
 40
4.0
 40
4.0
 40
4.0
 40
5.0
 40
5.0
 40
5.0
 40
6.0
 40
6.0
 40
6.0
 40
7.0
 40
7.0
 40
7.0
 40
8.0
 40
8.0
 40
8.0
 40
9.0
 40
9.0
 40
9.0
 40
10.0
 40
10.0
 40
10.0
 40
11.0
 40
11.0
 40
11.0
 40
12.0
 40
12.0
 40
12.0
 40
12.0
 10
1108.872728190094
 20
-639.1347480184622
 30
0.0
 10
1108.872728190094
 20
-656.5688712921365
 30
0.0
 10
1109.04070026449
 20
-674.0051772905936
 30
0.0
 10
1108.815586409935
 20
-691.4364011238831
 30
0.0
 10
1108.656736170456
 20
-703.7381076926431
 30
0.0
 10
1107.564266127247
 20
-715.9557142012691
 30
0.0
 10
1102.183100241949
 20
-727.3383959021648
 30
0.0
 10
1096.741599934277
 20
-738.8486204019855
 30
0.0
 10
1088.606486931643
 20
-747.1934052957777
 30
0.0
 10
1075.466679201923
 20
-749.0511972885051
 30
0.0
 10
1062.851637603771
 20
-750.8348092165716
 30
0.0
 10
1052.009424621694
 20
-747.1877041489543
 30
0.0
 10
1043.874832866772
 20
-737.0570920243317
 30
0.0
 10
1037.11216508333
 20
-728.6350973135659
 30
0.0
 10
1033.809409283822
 20
-718.695978566232
 30
0.0
 10
1032.424519275562
 20
-708.1482542510485
 30
0.0
 10
1030.836798752334
 20
-696.0553399679366
 30
0.0
 10
1030.918308862914
 20
-683.8504062942484
 30
0.0
 10
1030.856931945116
 20
-671.6835725703295
 30
0.0
 10
1030.732940146212
 20
-647.1337176349625
 30
0.0
 10
1030.634098549292
 20
-622.579187759201
 30
0.0
 10
1030.992651817485
 20
-598.0334050715655
 30
0.0
 10
1031.168572919452
 20
-585.989162293331
 30
0.0
 10
1030.823506935743
 20
-573.8262867942058
 30
0.0
 10
1033.984418202295
 20
-561.9967084828477
 30
0.0
 10
1036.070581847762
 20
-554.1890041977631
 30
0.0
 10
1038.99803929641
 20
-546.7542852268289
 30
0.0
 10
1044.363111658673
 20
-540.5748936303526
 30
0.0
 10
1060.337203808962
 20
-522.1762910596426
 30
0.0
 10
1088.280511645295
 20
-525.4766035105131
 30
0.0
 10
1100.209591257706
 20
-547.1385832451751
 30
0.0
 10
1105.640275675407
 20
-557.0001256732394
 30
0.0
 10
1107.907377432044
 20
-567.6928138631401
 30
0.0
 10
1108.472019013392
 20
-578.8493229250726
 30
0.0
 10
1109.488712670831
 20
-598.938519141183
 30
0.0
 10
1108.780727969362
 20
-619.0404044812212
 30
0.0
 10
1108.872728190094
 20
-639.1347480184622
 30
0.0
  0
SPLINE
  5
5D
330
41
100
AcDbEntity
  8
katman 1
370
     0
100
AcDbSpline
210
0.0
220
0.0
230
1.0
 70
    11
 71
     3
 72
    44
 73
    40
 74
     0
 42
0.0000000001
 43
0.0000000001
 12
1.0
 22
0.0
 32
0.0
 13
1.0
 23
0.0
 33
0.0
 40
0.0
 40
0.0
 40
0.0
 40
0.0
 40
1.0
 40
1.0
 40
1.0
 40
2.0
 40
2.0
 40
2.0
 40
3.0
 40
3.0
 40
3.0
 40
4.0
 40
4.0
 40
4.0
 40
5.0
 40
5.0
 40
5.0
 40
6.0
 40
6.0
 40
6.0
 40
7.0
 40
7.0
 40
7.0
 40
8.0
 40
8.0
 40
8.0
 40
9.0
 40
9.0
 40
9.0
 40
10.0
 40
10.0
 40
10.0
 40
11.0
 40
11.0
 40
11.0
 40
12.0
 40
12.0
 40
12.0
 40
13.0
 40
13.0
 40
13.0
 40
13.0
 10
1065.235173067524
 20
-639.0078893571554
 30
0.0
 10
1065.235173067524
 20
-658.9333975034824
 30
0.0
 10
1065.218818920637
 20
-678.8589382277905
 30
0.0
 10
1065.250093783208
 20
-698.7843975071437
 30
0.0
 10
1065.255827508015
 20
-702.4238630380178
 30
0.0
 10
1065.445301050429
 20
-706.071505642336
 30
0.0
 10
1066.294413569252
 20
-709.6296239525409
 30
0.0
 10
1066.738190837954
 20
-711.489207734272
 30
0.0
 10
1067.755210275209
 20
-712.8774532746584
 30
0.0
 10
1069.957156068154
 20
-712.8450381827224
 30
0.0
 10
1072.13349556737
 20
-712.8129814485856
 30
0.0
 10
1073.081579995041
 20
-711.4181551558659
 30
0.0
 10
1073.611688915633
 20
-709.5764078191969
 30
0.0
 10
1073.806896182852
 20
-708.8982482601077
 30
0.0
 10
1073.961511284691
 20
-708.1968280219808
 30
0.0
 10
1074.030706918131
 20
-707.4957498526628
 30
0.0
 10
1074.852779712022
 20
-699.1746980186454
 30
0.0
 10
1075.035020942469
 20
-690.8278118450253
 30
0.0
 10
1075.033196575485
 20
-682.4725694190611
 30
0.0
 10
1075.026290043334
 20
-650.0933295516916
 30
0.0
 10
1075.050332593935
 20
-617.7140571063401
 30
0.0
 10
1075.006417474407
 20
-585.3348823949345
 30
0.0
 10
1075.000683749604
 20
-581.073356589709
 30
0.0
 10
1074.73178508745
 20
-576.8082146284987
 30
0.0
 10
1074.456826920672
 20
-572.5529926627614
 30
0.0
 10
1074.343064608067
 20
-570.7919246981319
 30
0.0
 10
1074.075664533078
 20
-568.9993049580862
 30
0.0
 10
1073.277047886115
 20
-567.379682446136
 30
0.0
 10
1072.052702172394
 20
-564.8969551721584
 30
0.0
 10
1069.501259790208
 20
-564.5612472137345
 30
0.0
 10
1067.622226953317
 20
-566.605645886475
 30
0.0
 10
1066.818528141184
 20
-567.4800959306795
 30
0.0
 10
1066.371949166045
 20
-568.5344741686167
 30
0.0
 10
1066.163906173979
 20
-569.7000003361172
 30
0.0
 10
1065.569683785114
 20
-573.0291035784439
 30
0.0
 10
1065.228722627118
 20
-576.3794883874107
 30
0.0
 10
1065.22963481061
 20
-579.76504112778
 30
0.0
 10
1065.23491244367
 20
-599.5126572042391
 30
0.0
 10
1065.232175893194
 20
-619.2602732806972
 30
0.0
 10
1065.235173067524
 20
-639.0078893571554
 30
0.0
  0
HATCH
  5
5E
330
41
100
AcDbEntity
  8
katman 1
 62
     7
420
 16777215
100
AcDbHatch
 10
0.0
 20
0.0
 30
0.0
210
0.0
220
0.0
230
1.0
  2
SOLID
 70
     1
 71
     0
 91
        2
 92
        1
 93
        1
 72
     4
 94
        3
 73
     0
 74
     1
 95
       41
 96
       37
 40
0.0
 40
0.0
 40
0.0
 40
0.0
 40
1.0
 40
1.0
 40
1.0
 40
2.0
 40
2.0
 40
2.0
 40
3.0
 40
3.0
 40
3.0
 40
4.0
 40
4.0
 40
4.0
 40
5.0
 40
5.0
 40
5.0
 40
6.0
 40
6.0
 40
6.0
 40
7.0
 40
7.0
 40
7.0
 40
8.0
 40
8.0
 40
8.0
 40
9.0
 40
9.0
 40
9.0
 40
10.0
 40
10.0
 40
10.0
 40
11.0
 40
11.0
 40
11.0
 40
12.0
 40
12.0
 40
12.0
 40
12.0
 10
1108.872728190094
 20
-639.1347480184622
 10
1108.872728190094
 20
-656.5688712921365
 10
1109.04070026449
 20
-674.0051772905936
 10
1108.815586409935
 20
-691.4364011238831
 10
1108.656736170456
 20
-703.7381076926431
 10
1107.564266127247
 20
-715.9557142012691
 10
1102.183100241949
 20
-727.3383959021648
 10
1096.741599934277
 20
-738.8486204019855
 10
1088.606486931643
 20
-747.1934052957777
 10
1075.466679201923
 20
-749.0511972885051
 10
1062.851637603771
 20
-750.8348092165716
 10
1052.009424621694
 20
-747.1877041489543
 10
1043.874832866772
 20
-737.0570920243317
 10
1037.11216508333
 20
-728.6350973135659
 10
1033.809409283822
 20
-718.695978566232
 10
1032.424519275562
 20
-708.1482542510485
 10
1030.836798752334
 20
-696.0553399679366
 10
1030.918308862914
 20
-683.8504062942484
 10
1030.856931945116
 20
-671.6835725703295
 10
1030.732940146212
 20
-647.1337176349625
 10
1030.634098549292
 20
-622.579187759201
 10
1030.992651817485
 20
-598.0334050715655
 10
1031.168572919452
 20
-585.989162293331
 10
1030.823506935743
 20
-573.8262867942058
 10
1033.984418202295
 20
-561.9967084828477
 10
1036.070581847762
 20
-554.1890041977631
 10
1038.99803929641
 20
-546.7542852268289
 10
1044.363111658673
 20
-540.5748936303526
 10
1060.337203808962
 20
-522.1762910596426
 10
1088.280511645295
 20
-525.4766035105131
 10
1100.209591257706
 20
-547.1385832451751
 10
1105.640275675407
 20
-557.0001256732394
 10
1107.907377432044
 20
-567.6928138631401
 10
1108.472019013392
 20
-578.8493229250726
 10
1109.488712670831
 20
-598.938519141183
 10
1108.780727969362
 20
-619.0404044812212
 10
1108.872728190094
 20
-639.1347480184622
 97
        0
 97
        0
 92
        1
 93
        1
 72
     4
 94
        3
 73
     0
 74
     1
 95
       44
 96
       40
 40
0.0
 40
0.0
 40
0.0
 40
0.0
 40
1.0
 40
1.0
 40
1.0
 40
2.0
 40
2.0
 40
2.0
 40
3.0
 40
3.0
 40
3.0
 40
4.0
 40
4.0
 40
4.0
 40
5.0
 40
5.0
 40
5.0
 40
6.0
 40
6.0
 40
6.0
 40
7.0
 40
7.0
 40
7.0
 40
8.0
 40
8.0
 40
8.0
 40
9.0
 40
9.0
 40
9.0
 40
10.0
 40
10.0
 40
10.0
 40
11.0
 40
11.0
 40
11.0
 40
12.0
 40
12.0
 40
12.0
 40
13.0
 40
13.0
 40
13.0
 40
13.0
 10
1065.235173067524
 20
-639.0078893571554
 10
1065.235173067524
 20
-658.9333975034824
 10
1065.218818920637
 20
-678.8589382277905
 10
1065.250093783208
 20
-698.7843975071437
 10
1065.255827508015
 20
-702.4238630380178
 10
1065.445301050429
 20
-706.071505642336
 10
1066.294413569252
 20
-709.6296239525409
 10
1066.738190837954
 20
-711.489207734272
 10
1067.755210275209
 20
-712.8774532746584
 10
1069.957156068154
 20
-712.8450381827224
 10
1072.13349556737
 20
-712.8129814485856
 10
1073.081579995041
 20
-711.4181551558659
 10
1073.611688915633
 20
-709.5764078191969
 10
1073.806896182852
 20
-708.8982482601077
 10
1073.961511284691
 20
-708.1968280219808
 10
1074.030706918131
 20
-707.4957498526628
 10
1074.852779712022
 20
-699.1746980186454
 10
1075.035020942469
 20
-690.8278118450253
 10
1075.033196575485
 20
-682.4725694190611
 10
1075.026290043334
 20
-650.0933295516916
 10
1075.050332593935
 20
-617.7140571063401
 10
1075.006417474407
 20
-585.3348823949345
 10
1075.000683749604
 20
-581.073356589709
 10
1074.73178508745
 20
-576.8082146284987
 10
1074.456826920672
 20
-572.5529926627614
 10
1074.343064608067
 20
-570.7919246981319
 10
1074.075664533078
 20
-568.9993049580862
 10
1073.277047886115
 20
-567.379682446136
 10
1072.052702172394
 20
-564.8969551721584
 10
1069.501259790208
 20
-564.5612472137345
 10
1067.622226953317
 20
-566.605645886475
 10
1066.818528141184
 20
-567.4800959306795
 10
1066.371949166045
 20
-568.5344741686167
 10
1066.163906173979
 20
-569.7000003361172
 10
1065.569683785114
 20
-573.0291035784439
 10
1065.228722627118
 20
-576.3794883874107
 10
1065.22963481061
 20
-579.76504112778
 10
1065.23491244367
 20
-599.5126572042391
 10
1065.232175893194
 20
-619.2602732806972
 10
1065.235173067524
 20
-639.0078893571554
 97
        0
 97
        0
 75
     2
 76
     1
 98
        0
  0
SPLINE
  5
5F
330
41
100
AcDbEntity
  8
katman 1
370
     0
100
AcDbSpline
210
0.0
220
0.0
230
1.0
 70
    11
 71
     3
 72
    41
 73
    37
 74
     0
 42
0.0000000001
 43
0.0000000001
 12
1.0
 22
0.0
 32
0.0
 13
1.0
 23
0.0
 33
0.0
 40
0.0
 40
0.0
 40
0.0
 40
0.0
 40
1.0
 40
1.0
 40
1.0
 40
2.0
 40
2.0
 40
2.0
 40
3.0
 40
3.0
 40
3.0
 40
4.0
 40
4.0
 40
4.0
 40
5.0
 40
5.0
 40
5.0
 40
6.0
 40
6.0
 40
6.0
 40
7.0
 40
7.0
 40
7.0
 40
8.0
 40
8.0
 40
8.0
 40
9.0
 40
9.0
 40
9.0
 40
10.0
 40
10.0
 40
10.0
 40
11.0
 40
11.0
 40
11.0
 40
12.0
 40
12.0
 40
12.0
 40
12.0
 10
1089.143763008242
 20
-907.4022443519216
 30
0.0
 10
1089.143763008242
 20
-927.8849662997354
 30
0.0
 10
1089.328805945124
 20
-941.6753237489311
 30
0.0
 10
1089.08140875099
 20
-955.4579276384475
 30
0.0
 10
1088.904510309567
 20
-965.3108776238005
 30
0.0
 10
1088.544132674391
 20
-975.1928220129957
 30
0.0
 10
1084.508502595283
 20
-984.5023712611637
 30
0.0
 10
1077.719186022692
 20
-1000.164431501335
 30
0.0
 10
1065.675040978404
 20
-1008.435590156156
 30
0.0
 10
1048.859329245115
 20
-1009.670947227742
 30
0.0
 10
1037.150476789981
 20
-1010.531136260393
 30
0.0
 10
1026.130583494918
 20
-1008.187736870274
 30
0.0
 10
1016.887493329716
 20
-1000.401794677063
 30
0.0
 10
1008.171449754811
 20
-993.0598252204436
 30
0.0
 10
1003.657379434318
 20
-983.3092352540498
 30
0.0
 10
1002.038905296227
 20
-972.249759711045
 30
0.0
 10
1000.427142222398
 20
-961.2355024068411
 30
0.0
 10
1000.559799764474
 20
-950.0879360009258
 30
0.0
 10
1000.485652277792
 20
-938.9864022833581
 30
0.0
 10
1000.356708625648
 20
-919.6854792049753
 30
0.0
 10
1000.236886808419
 20
-900.3779102182962
 30
0.0
 10
1000.614335306083
 20
-881.0829163326107
 30
0.0
 10
1000.809933509084
 20
-871.0814759060049
 30
0.0
 10
1000.47855027775
 20
-860.9796627173337
 30
0.0
 10
1002.954802677836
 20
-851.1165158236636
 30
0.0
 10
1008.189041865007
 20
-830.2680408736687
 30
0.0
 10
1023.203386670124
 20
-818.5486331524171
 30
0.0
 10
1044.636180302503
 20
-818.4397901150705
 30
0.0
 10
1055.131242310033
 20
-818.3864925367716
 30
0.0
 10
1064.778690385903
 20
-820.7960578080192
 30
0.0
 10
1072.918624929851
 20
-827.6383136011091
 30
0.0
 10
1082.105811278205
 20
-835.3608916196308
 30
0.0
 10
1086.73976857189
 20
-845.6379091946674
 30
0.0
 10
1088.069080543119
 20
-857.3215137138704
 30
0.0
 10
1090.216295326562
 20
-876.1940363309832
 30
0.0
 10
1088.844241043153
 20
-895.170580444129
 30
0.0
 10
1089.143763008242
 20
-907.4022443519216
 30
0.0
  0
SPLINE
  5
60
330
41
100
AcDbEntity
  8
katman 1
370
     0
100
AcDbSpline
210
0.0
220
0.0
230
1.0
 70
    11
 71
     3
 72
    41
 73
    37
 74
     0
 42
0.0000000001
 43
0.0000000001
 12
1.0
 22
0.0
 32
0.0
 13
1.0
 23
0.0
 33
0.0
 40
0.0
 40
0.0
 40
0.0
 40
0.0
 40
1.0
 40
1.0
 40
1.0
 40
2.0
 40
2.0
 40
2.0
 40
3.0
 40
3.0
 40
3.0
 40
4.0
 40
4.0
 40
4.0
 40
5.0
 40
5.0
 40
5.0
 40
6.0
 40
6.0
 40
6.0
 40
7.0
 40
7.0
 40
7.0
 40
8.0
 40
8.0
 40
8.0
 40
9.0
 40
9.0
 40
9.0
 40
10.0
 40
10.0
 40
10.0
 40
11.0
 40
11.0
 40
11.0
 40
12.0
 40
12.0
 40
12.0
 40
12.0
 10
1039.508796895785
 20
-914.166410722527
 30
0.0
 10
1039.485275592891
 20
-914.166443300509
 30
0.0
 10
1039.461689134037
 20
-914.166443300509
 30
0.0
 10
1039.438167831144
 20
-914.166443300509
 30
0.0
 10
1039.438167831144
 20
-929.4641839697015
 30
0.0
 10
1039.402136583223
 20
-944.762054950821
 30
0.0
 10
1039.461102730362
 20
-960.0595675741415
 30
0.0
 10
1039.477847813032
 20
-964.4078485450218
 30
0.0
 10
1039.277558380643
 20
-968.7733632682985
 30
0.0
 10
1040.050764201769
 20
-973.099067697759
 30
0.0
 10
1040.641793948411
 20
-976.4048858275619
 30
0.0
 10
1041.998471424391
 20
-977.9675213047685
 30
0.0
 10
1044.610183072989
 20
-978.1016774340096
 30
0.0
 10
1047.202999492119
 20
-978.2349213797579
 30
0.0
 10
1048.951003686027
 20
-976.790837178487
 30
0.0
 10
1049.596634130245
 20
-973.56913539781
 30
0.0
 10
1050.312698171212
 20
-969.9956239911826
 30
0.0
 10
1050.54921431941
 20
-966.3469226024545
 30
0.0
 10
1050.553319145123
 20
-962.7026192412768
 30
0.0
 10
1050.588112429734
 20
-931.5736734501697
 30
0.0
 10
1050.601078466509
 20
-900.4446950810798
 30
0.0
 10
1050.610265457388
 20
-869.3157492899727
 30
0.0
 10
1050.611633732628
 20
-864.6044192894042
 30
0.0
 10
1050.642582815381
 20
-859.8877139218321
 30
0.0
 10
1049.944827600211
 20
-855.2099392425653
 30
0.0
 10
1049.433548753124
 20
-851.781953680842
 30
0.0
 10
1047.860488321727
 20
-850.1172188085311
 30
0.0
 10
1045.204991865527
 20
-850.1142216342014
 30
0.0
 10
1042.45032803259
 20
-850.1110941479437
 30
0.0
 10
1040.794324059414
 20
-851.6790724141738
 30
0.0
 10
1040.169608679542
 20
-854.9803947824812
 30
0.0
 10
1039.739449007251
 20
-857.2531651079589
 30
0.0
 10
1039.497199134248
 20
-859.5458731583267
 30
0.0
 10
1039.499479592978
 20
-861.8703447409935
 30
0.0
 10
1039.516680767392
 20
-879.302366734838
 30
0.0
 10
1039.508796895785
 20
-896.7343887286825
 30
0.0
 10
1039.508796895785
 20
-914.166410722527
 30
0.0
  0
HATCH
  5
61
330
41
100
AcDbEntity
  8
katman 1
 62
   114
420
    37446
100
AcDbHatch
 10
0.0
 20
0.0
 30
0.0
210
0.0
220
0.0
230
1.0
  2
SOLID
 70
     1
 71
     0
 91
        2
 92
        1
 93
        1
 72
     4
 94
        3
 73
     0
 74
     1
 95
       41
 96
       37
 40
0.0
 40
0.0
 40
0.0
 40
0.0
 40
1.0
 40
1.0
 40
1.0
 40
2.0
 40
2.0
 40
2.0
 40
3.0
 40
3.0
 40
3.0
 40
4.0
 40
4.0
 40
4.0
 40
5.0
 40
5.0
 40
5.0
 40
6.0
 40
6.0
 40
6.0
 40
7.0
 40
7.0
 40
7.0
 40
8.0
 40
8.0
 40
8.0
 40
9.0
 40
9.0
 40
9.0
 40
10.0
 40
10.0
 40
10.0
 40
11.0
 40
11.0
 40
11.0
 40
12.0
 40
12.0
 40
12.0
 40
12.0
 10
1089.143763008242
 20
-907.4022443519216
 10
1089.143763008242
 20
-927.8849662997354
 10
1089.328805945124
 20
-941.6753237489311
 10
1089.08140875099
 20
-955.4579276384475
 10
1088.904510309567
 20
-965.3108776238005
 10
1088.544132674391
 20
-975.1928220129957
 10
1084.508502595283
 20
-984.5023712611637
 10
1077.719186022692
 20
-1000.164431501335
 10
1065.675040978404
 20
-1008.435590156156
 10
1048.859329245115
 20
-1009.670947227742
 10
1037.150476789981
 20
-1010.531136260393
 10
1026.130583494918
 20
-1008.187736870274
 10
1016.887493329716
 20
-1000.401794677063
 10
1008.171449754811
 20
-993.0598252204436
 10
1003.657379434318
 20
-983.3092352540498
 10
1002.038905296227
 20
-972.249759711045
 10
1000.427142222398
 20
-961.2355024068411
 10
1000.559799764474
 20
-950.0879360009258
 10
1000.485652277792
 20
-938.9864022833581
 10
1000.356708625648
 20
-919.6854792049753
 10
1000.236886808419
 20
-900.3779102182962
 10
1000.614335306083
 20
-881.0829163326107
 10
1000.809933509084
 20
-871.0814759060049
 10
1000.47855027775
 20
-860.9796627173337
 10
1002.954802677836
 20
-851.1165158236636
 10
1008.189041865007
 20
-830.2680408736687
 10
1023.203386670124
 20
-818.5486331524171
 10
1044.636180302503
 20
-818.4397901150705
 10
1055.131242310033
 20
-818.3864925367716
 10
1064.778690385903
 20
-820.7960578080192
 10
1072.918624929851
 20
-827.6383136011091
 10
1082.105811278205
 20
-835.3608916196308
 10
1086.73976857189
 20
-845.6379091946674
 10
1088.069080543119
 20
-857.3215137138704
 10
1090.216295326562
 20
-876.1940363309832
 10
1088.844241043153
 20
-895.170580444129
 10
1089.143763008242
 20
-907.4022443519216
 97
        0
 97
        0
 92
        1
 93
        1
 72
     4
 94
        3
 73
     0
 74
     1
 95
       41
 96
       37
 40
0.0
 40
0.0
 40
0.0
 40
0.0
 40
1.0
 40
1.0
 40
1.0
 40
2.0
 40
2.0
 40
2.0
 40
3.0
 40
3.0
 40
3.0
 40
4.0
 40
4.0
 40
4.0
 40
5.0
 40
5.0
 40
5.0
 40
6.0
 40
6.0
 40
6.0
 40
7.0
 40
7.0
 40
7.0
 40
8.0
 40
8.0
 40
8.0
 40
9.0
 40
9.0
 40
9.0
 40
10.0
 40
10.0
 40
10.0
 40
11.0
 40
11.0
 40
11.0
 40
12.0
 40
12.0
 40
12.0
 40
12.0
 10
1039.508796895785
 20
-914.166410722527
 10
1039.485275592891
 20
-914.166443300509
 10
1039.461689134037
 20
-914.166443300509
 10
1039.438167831144
 20
-914.166443300509
 10
1039.438167831144
 20
-929.4641839697015
 10
1039.402136583223
 20
-944.762054950821
 10
1039.461102730362
 20
-960.0595675741415
 10
1039.477847813032
 20
-964.4078485450218
 10
1039.277558380643
 20
-968.7733632682985
 10
1040.050764201769
 20
-973.099067697759
 10
1040.641793948411
 20
-976.4048858275619
 10
1041.998471424391
 20
-977.9675213047685
 10
1044.610183072989
 20
-978.1016774340096
 10
1047.202999492119
 20
-978.2349213797579
 10
1048.951003686027
 20
-976.790837178487
 10
1049.596634130245
 20
-973.56913539781
 10
1050.312698171212
 20
-969.9956239911826
 10
1050.54921431941
 20
-966.3469226024545
 10
1050.553319145123
 20
-962.7026192412768
 10
1050.588112429734
 20
-931.5736734501697
 10
1050.601078466509
 20
-900.4446950810798
 10
1050.610265457388
 20
-869.3157492899727
 10
1050.611633732628
 20
-864.6044192894042
 10
1050.642582815381
 20
-859.8877139218321
 10
1049.944827600211
 20
-855.2099392425653
 10
1049.433548753124
 20
-851.781953680842
 10
1047.860488321727
 20
-850.1172188085311
 10
1045.204991865527
 20
-850.1142216342014
 10
1042.45032803259
 20
-850.1110941479437
 10
1040.794324059414
 20
-851.6790724141738
 10
1040.169608679542
 20
-854.9803947824812
 10
1039.739449007251
 20
-857.2531651079589
 10
1039.497199134248
 20
-859.5458731583267
 10
1039.499479592978
 20
-861.8703447409935
 10
1039.516680767392
 20
-879.302366734838
 10
1039.508796895785
 20
-896.7343887286825
 10
1039.508796895785
 20
-914.166410722527
 97
        0
 97
        0
 75
     2
 76
     1
 98
        0
  0
SPLINE
  5
62
330
41
100
AcDbEntity
  8
katman 1
370
     0
100
AcDbSpline
210
0.0
220
0.0
230
1.0
 70
    11
 71
     3
 72
   116
 73
   112
 74
     0
 42
0.0000000001
 43
0.0000000001
 12
1.0
 22
0.0
 32
0.0
 13
1.0
 23
0.0
 33
0.0
 40
0.0
 40
0.0
 40
0.0
 40
0.0
 40
1.0
 40
1.0
 40
1.0
 40
2.0
 40
2.0
 40
2.0
 40
3.0
 40
3.0
 40
3.0
 40
4.0
 40
4.0
 40
4.0
 40
5.0
 40
5.0
 40
5.0
 40
6.0
 40
6.0
 40
6.0
 40
7.0
 40
7.0
 40
7.0
 40
8.0
 40
8.0
 40
8.0
 40
9.0
 40
9.0
 40
9.0
 40
10.0
 40
10.0
 40
10.0
 40
11.0
 40
11.0
 40
11.0
 40
12.0
 40
12.0
 40
12.0
 40
13.0
 40
13.0
 40
13.0
 40
14.0
 40
14.0
 40
14.0
 40
15.0
 40
15.0
 40
15.0
 40
16.0
 40
16.0
 40
16.0
 40
17.0
 40
17.0
 40
17.0
 40
18.0
 40
18.0
 40
18.0
 40
19.0
 40
19.0
 40
19.0
 40
20.0
 40
20.0
 40
20.0
 40
21.0
 40
21.0
 40
21.0
 40
22.0
 40
22.0
 40
22.0
 40
23.0
 40
23.0
 40
23.0
 40
24.0
 40
24.0
 40
24.0
 40
25.0
 40
25.0
 40
25.0
 40
26.0
 40
26.0
 40
26.0
 40
27.0
 40
27.0
 40
27.0
 40
28.0
 40
28.0
 40
28.0
 40
29.0
 40
29.0
 40
29.0
 40
30.0
 40
30.0
 40
30.0
 40
31.0
 40
31.0
 40
31.0
 40
32.0
 40
32.0
 40
32.0
 40
33.0
 40
33.0
 40
33.0
 40
34.0
 40
34.0
 40
34.0
 40
35.0
 40
35.0
 40
35.0
 40
36.0
 40
36.0
 40
36.0
 40
37.0
 40
37.0
 40
37.0
 40
37.0
 10
1418.577918844014
 20
-687.5830937201736
 30
0.0
 10
1418.775992973635
 20
-693.0844234915076
 30
0.0
 10
1418.138767648736
 20
-699.5902301770866
 30
0.0
 10
1419.108092920571
 20
-706.0480169174243
 30
0.0
 10
1419.304798774952
 20
-707.358466237165
 30
0.0
 10
1419.551805033308
 20
-708.6831032679984
 30
0.0
 10
1419.978250815668
 20
-709.932029069023
 30
0.0
 10
1420.566739479724
 20
-711.6558441114112
 30
0.0
 10
1421.759484551058
 20
-712.7534940537362
 30
0.0
 10
1423.709407076443
 20
-712.8583625772972
 30
0.0
 10
1425.580099949984
 20
-712.9589308072545
 30
0.0
 10
1426.965446049988
 20
-712.2446911332709
 30
0.0
 10
1427.948779854014
 20
-710.6448190228148
 30
0.0
 10
1429.145499439132
 20
-708.6979099607479
 30
0.0
 10
1429.648503478827
 20
-706.5128558513898
 30
0.0
 10
1429.908866709739
 20
-704.3192337328055
 30
0.0
 10
1431.016974184236
 20
-694.9862283377088
 30
0.0
 10
1430.470641428685
 20
-685.6971543511308
 30
0.0
 10
1428.839461877673
 20
-676.4644891401194
 30
0.0
 10
1428.182820075592
 20
-672.7478300812618
 30
0.0
 10
1426.010585402091
 20
-669.7966395728399
 30
0.0
 10
1423.759316544631
 20
-666.9052785280774
 30
0.0
 10
1416.810563328891
 20
-657.9809639152345
 30
0.0
 10
1408.927538749776
 20
-649.8675315595192
 30
0.0
 10
1401.350877511941
 20
-641.5049427986496
 30
0.0
 10
1391.512848242273
 20
-630.6463756696867
 30
0.0
 10
1387.522566713895
 20
-617.6829940006501
 30
0.0
 10
1386.295810229516
 20
-603.5739261550589
 30
0.0
 10
1385.200017232159
 20
-590.9724044193736
 30
0.0
 10
1385.360561526693
 20
-578.3586333625135
 30
0.0
 10
1386.793797260008
 20
-565.7796718792561
 30
0.0
 10
1387.368342547838
 20
-560.737797530388
 30
0.0
 10
1388.22058255292
 20
-555.7338928193594
 30
0.0
 10
1390.124961059688
 20
-550.9986180021351
 30
0.0
 10
1395.633311386107
 20
-537.3018733837725
 30
0.0
 10
1405.665896363356
 20
-529.514538481837
 30
0.0
 10
1420.507447552765
 20
-528.7947605509398
 30
0.0
 10
1433.466512639206
 20
-528.1662824141649
 30
0.0
 10
1444.415776869628
 20
-532.6054396654035
 30
0.0
 10
1452.3588100913
 20
-543.2836876648516
 30
0.0
 10
1456.820885952766
 20
-549.2822796065811
 30
0.0
 10
1458.292628860625
 20
-556.3149699925489
 30
0.0
 10
1459.09287440668
 20
-563.5336643658648
 30
0.0
 10
1460.23101878044
 20
-573.8005338995572
 30
0.0
 10
1460.244310597031
 20
-584.1115303096594
 30
0.0
 10
1460.260404120065
 20
-594.4261102977644
 30
0.0
 10
1460.264248321921
 20
-596.9207529686009
 30
0.0
 10
1459.578221180218
 20
-597.8760371302606
 30
0.0
 10
1456.954195054481
 20
-597.8337020428517
 30
0.0
 10
1448.506594049984
 20
-597.6973306108466
 30
0.0
 10
1440.054432128029
 20
-597.715183344897
 30
0.0
 10
1431.606114407932
 20
-597.8256227033544
 30
0.0
 10
1429.193519384375
 20
-597.8571581897804
 30
0.0
 10
1428.356265250939
 20
-597.0991988641599
 30
0.0
 10
1428.359979140871
 20
-594.6304882668728
 30
0.0
 10
1428.371316278553
 20
-587.0790098090038
 30
0.0
 10
1428.776912152531
 20
-579.5123174336122
 30
0.0
 10
1427.893657908731
 20
-571.9790419231003
 30
0.0
 10
1427.759697247384
 20
-570.8369881915205
 30
0.0
 10
1427.59374500786
 20
-569.6879709163204
 30
0.0
 10
1427.307645171291
 20
-568.5769314234576
 30
0.0
 10
1426.852856544727
 20
-566.8109930505434
 30
0.0
 10
1425.810165657778
 20
-565.5097632996658
 30
0.0
 10
1423.890019407798
 20
-565.2915478327677
 30
0.0
 10
1421.922765396066
 20
-565.067981432353
 30
0.0
 10
1420.770547334152
 20
-566.302255286042
 30
0.0
 10
1419.880386558201
 20
-567.8444399351456
 30
0.0
 10
1418.834307561137
 20
-569.6570218335673
 30
0.0
 10
1418.405385852158
 20
-571.7016974191529
 30
0.0
 10
1418.224121961171
 20
-573.7126547935286
 30
0.0
 10
1417.704633462661
 20
-579.4756020480727
 30
0.0
 10
1417.840288179064
 20
-585.2485996100168
 30
0.0
 10
1418.253963392541
 20
-591.0261743784095
 30
0.0
 10
1418.757684147837
 20
-598.0614384249438
 30
0.0
 10
1422.469228463546
 20
-603.352835681264
 30
0.0
 10
1427.227894271735
 20
-608.0937790673288
 30
0.0
 10
1434.91662376712
 20
-615.7538888056624
 30
0.0
 10
1442.463704197438
 20
-623.5150065767075
 30
0.0
 10
1449.163561631882
 20
-632.1024974352495
 30
0.0
 10
1456.882132558636
 20
-641.9957463841447
 30
0.0
 10
1460.465580249729
 20
-653.2879753184461
 30
0.0
 10
1461.811116055917
 20
-665.5502462401819
 30
0.0
 10
1463.143816137257
 20
-677.6965232575567
 30
0.0
 10
1463.093711201178
 20
-689.8724462384107
 30
0.0
 10
1462.774121199272
 20
-702.044655329335
 30
0.0
 10
1462.585429528423
 20
-709.2316187483339
 30
0.0
 10
1461.932045524525
 20
-716.4212535618435
 30
0.0
 10
1459.944462852123
 20
-723.3934955024961
 30
0.0
 10
1455.951118993453
 20
-737.4020602740948
 30
0.0
 10
1443.880911563687
 20
-747.7533882257221
 30
0.0
 10
1429.799925938445
 20
-749.2957601982207
 30
0.0
 10
1414.566591939365
 20
-750.9643392723892
 30
0.0
 10
1401.046534005542
 20
-743.8905191843405
 30
0.0
 10
1393.72482805363
 20
-730.5640721966265
 30
0.0
 10
1389.994193040558
 20
-723.7738760185266
 30
0.0
 10
1388.766654684616
 20
-716.3555111944788
 30
0.0
 10
1387.866981137968
 20
-708.8315122642971
 30
0.0
 10
1386.395433698002
 20
-696.5233063881578
 30
0.0
 10
1386.851069352095
 20
-684.1553524933142
 30
0.0
 10
1386.697170965856
 20
-671.8039807912301
 30
0.0
 10
1386.666287039065
 20
-669.3317517719033
 30
0.0
 10
1387.498654475221
 20
-668.5359531203694
 30
0.0
 10
1389.904538434519
 20
-668.5620969508
 30
0.0
 10
1398.442380448731
 20
-668.654862754106
 30
0.0
 10
1406.982242297814
 20
-668.6495688320556
 30
0.0
 10
1415.52021462395
 20
-668.5651429921027
 30
0.0
 10
1417.809404252275
 20
-668.5425012947198
 30
0.0
 10
1418.682950257484
 20
-669.3121724048142
 30
0.0
 10
1418.61916256903
 20
-671.6608657169827
 30
0.0
 10
1418.483963944371
 20
-676.6381460723478
 30
0.0
 10
1418.577918844014
 20
-681.6216814002264
 30
0.0
 10
1418.577918844014
 20
-687.5830937201736
 30
0.0
  0
HATCH
  5
63
330
41
100
AcDbEntity
  8
katman 1
 62
     7
420
 16777215
100
AcDbHatch
 10
0.0
 20
0.0
 30
0.0
210
0.0
220
0.0
230
1.0
  2
SOLID
 70
     1
 71
     0
 91
        1
 92
        1
 93
        1
 72
     4
 94
        3
 73
     0
 74
     1
 95
      116
 96
      112
 40
0.0
 40
0.0
 40
0.0
 40
0.0
 40
1.0
 40
1.0
 40
1.0
 40
2.0
 40
2.0
 40
2.0
 40
3.0
 40
3.0
 40
3.0
 40
4.0
 40
4.0
 40
4.0
 40
5.0
 40
5.0
 40
5.0
 40
6.0
 40
6.0
 40
6.0
 40
7.0
 40
7.0
 40
7.0
 40
8.0
 40
8.0
 40
8.0
 40
9.0
 40
9.0
 40
9.0
 40
10.0
 40
10.0
 40
10.0
 40
11.0
 40
11.0
 40
11.0
 40
12.0
 40
12.0
 40
12.0
 40
13.0
 40
13.0
 40
13.0
 40
14.0
 40
14.0
 40
14.0
 40
15.0
 40
15.0
 40
15.0
 40
16.0
 40
16.0
 40
16.0
 40
17.0
 40
17.0
 40
17.0
 40
18.0
 40
18.0
 40
18.0
 40
19.0
 40
19.0
 40
19.0
 40
20.0
 40
20.0
 40
20.0
 40
21.0
 40
21.0
 40
21.0
 40
22.0
 40
22.0
 40
22.0
 40
23.0
 40
23.0
 40
23.0
 40
24.0
 40
24.0
 40
24.0
 40
25.0
 40
25.0
 40
25.0
 40
26.0
 40
26.0
 40
26.0
 40
27.0
 40
27.0
 40
27.0
 40
28.0
 40
28.0
 40
28.0
 40
29.0
 40
29.0
 40
29.0
 40
30.0
 40
30.0
 40
30.0
 40
31.0
 40
31.0
 40
31.0
 40
32.0
 40
32.0
 40
32.0
 40
33.0
 40
33.0
 40
33.0
 40
34.0
 40
34.0
 40
34.0
 40
35.0
 40
35.0
 40
35.0
 40
36.0
 40
36.0
 40
36.0
 40
37.0
 40
37.0
 40
37.0
 40
37.0
 10
1418.577918844014
 20
-687.5830937201736
 10
1418.775992973635
 20
-693.0844234915076
 10
1418.138767648736
 20
-699.5902301770866
 10
1419.108092920571
 20
-706.0480169174243
 10
1419.304798774952
 20
-707.358466237165
 10
1419.551805033308
 20
-708.6831032679984
 10
1419.978250815668
 20
-709.932029069023
 10
1420.566739479724
 20
-711.6558441114112
 10
1421.759484551058
 20
-712.7534940537362
 10
1423.709407076443
 20
-712.8583625772972
 10
1425.580099949984
 20
-712.9589308072545
 10
1426.965446049988
 20
-712.2446911332709
 10
1427.948779854014
 20
-710.6448190228148
 10
1429.145499439132
 20
-708.6979099607479
 10
1429.648503478827
 20
-706.5128558513898
 10
1429.908866709739
 20
-704.3192337328055
 10
1431.016974184236
 20
-694.9862283377088
 10
1430.470641428685
 20
-685.6971543511308
 10
1428.839461877673
 20
-676.4644891401194
 10
1428.182820075592
 20
-672.7478300812618
 10
1426.010585402091
 20
-669.7966395728399
 10
1423.759316544631
 20
-666.9052785280774
 10
1416.810563328891
 20
-657.9809639152345
 10
1408.927538749776
 20
-649.8675315595192
 10
1401.350877511941
 20
-641.5049427986496
 10
1391.512848242273
 20
-630.6463756696867
 10
1387.522566713895
 20
-617.6829940006501
 10
1386.295810229516
 20
-603.5739261550589
 10
1385.200017232159
 20
-590.9724044193736
 10
1385.360561526693
 20
-578.3586333625135
 10
1386.793797260008
 20
-565.7796718792561
 10
1387.368342547838
 20
-560.737797530388
 10
1388.22058255292
 20
-555.7338928193594
 10
1390.124961059688
 20
-550.9986180021351
 10
1395.633311386107
 20
-537.3018733837725
 10
1405.665896363356
 20
-529.514538481837
 10
1420.507447552765
 20
-528.7947605509398
 10
1433.466512639206
 20
-528.1662824141649
 10
1444.415776869628
 20
-532.6054396654035
 10
1452.3588100913
 20
-543.2836876648516
 10
1456.820885952766
 20
-549.2822796065811
 10
1458.292628860625
 20
-556.3149699925489
 10
1459.09287440668
 20
-563.5336643658648
 10
1460.23101878044
 20
-573.8005338995572
 10
1460.244310597031
 20
-584.1115303096594
 10
1460.260404120065
 20
-594.4261102977644
 10
1460.264248321921
 20
-596.9207529686009
 10
1459.578221180218
 20
-597.8760371302606
 10
1456.954195054481
 20
-597.8337020428517
 10
1448.506594049984
 20
-597.6973306108466
 10
1440.054432128029
 20
-597.715183344897
 10
1431.606114407932
 20
-597.8256227033544
 10
1429.193519384375
 20
-597.8571581897804
 10
1428.356265250939
 20
-597.0991988641599
 10
1428.359979140871
 20
-594.6304882668728
 10
1428.371316278553
 20
-587.0790098090038
 10
1428.776912152531
 20
-579.5123174336122
 10
1427.893657908731
 20
-571.9790419231003
 10
1427.759697247384
 20
-570.8369881915205
 10
1427.59374500786
 20
-569.6879709163204
 10
1427.307645171291
 20
-568.5769314234576
 10
1426.852856544727
 20
-566.8109930505434
 10
1425.810165657778
 20
-565.5097632996658
 10
1423.890019407798
 20
-565.2915478327677
 10
1421.922765396066
 20
-565.067981432353
 10
1420.770547334152
 20
-566.302255286042
 10
1419.880386558201
 20
-567.8444399351456
 10
1418.834307561137
 20
-569.6570218335673
 10
1418.405385852158
 20
-571.7016974191529
 10
1418.224121961171
 20
-573.7126547935286
 10
1417.704633462661
 20
-579.4756020480727
 10
1417.840288179064
 20
-585.2485996100168
 10
1418.253963392541
 20
-591.0261743784095
 10
1418.757684147837
 20
-598.0614384249438
 10
1422.469228463546
 20
-603.352835681264
 10
1427.227894271735
 20
-608.0937790673288
 10
1434.91662376712
 20
-615.7538888056624
 10
1442.463704197438
 20
-623.5150065767075
 10
1449.163561631882
 20
-632.1024974352495
 10
1456.882132558636
 20
-641.9957463841447
 10
1460.465580249729
 20
-653.2879753184461
 10
1461.811116055917
 20
-665.5502462401819
 10
1463.143816137257
 20
-677.6965232575567
 10
1463.093711201178
 20
-689.8724462384107
 10
1462.774121199272
 20
-702.044655329335
 10
1462.585429528423
 20
-709.2316187483339
 10
1461.932045524525
 20
-716.4212535618435
 10
1459.944462852123
 20
-723.3934955024961
 10
1455.951118993453
 20
-737.4020602740948
 10
1443.880911563687
 20
-747.7533882257221
 10
1429.799925938445
 20
-749.2957601982207
 10
1414.566591939365
 20
-750.9643392723892
 10
1401.046534005542
 20
-743.8905191843405
 10
1393.72482805363
 20
-730.5640721966265
 10
1389.994193040558
 20
-723.7738760185266
 10
1388.766654684616
 20
-716.3555111944788
 10
1387.866981137968
 20
-708.8315122642971
 10
1386.395433698002
 20
-696.5233063881578
 10
1386.851069352095
 20
-684.1553524933142
 10
1386.697170965856
 20
-671.8039807912301
 10
1386.666287039065
 20
-669.3317517719033
 10
1387.498654475221
 20
-668.5359531203694
 10
1389.904538434519
 20
-668.5620969508
 10
1398.442380448731
 20
-668.654862754106
 10
1406.982242297814
 20
-668.6495688320556
 10
1415.52021462395
 20
-668.5651429921027
 10
1417.809404252275
 20
-668.5425012947198
 10
1418.682950257484
 20
-669.3121724048142
 10
1418.61916256903
 20
-671.6608657169827
 10
1418.483963944371
 20
-676.6381460723478
 10
1418.577918844014
 20
-681.6216814002264
 10
1418.577918844014
 20
-687.5830937201736
 97
        0
 97
        0
 75
     2
 76
     1
 98
        0
  0
SPLINE
  5
64
330
41
100
AcDbEntity
  8
katman 1
370
     0
100
AcDbSpline
210
0.0
220
0.0
230
1.0
 70
    11
 71
     3
 72
   107
 73
   103
 74
     0
 42
0.0000000001
 43
0.0000000001
 12
1.0
 22
0.0
 32
0.0
 13
1.0
 23
0.0
 33
0.0
 40
0.0
 40
0.0
 40
0.0
 40
0.0
 40
1.0
 40
1.0
 40
1.0
 40
2.0
 40
2.0
 40
2.0
 40
3.0
 40
3.0
 40
3.0
 40
4.0
 40
4.0
 40
4.0
 40
5.0
 40
5.0
 40
5.0
 40
6.0
 40
6.0
 40
6.0
 40
7.0
 40
7.0
 40
7.0
 40
8.0
 40
8.0
 40
8.0
 40
9.0
 40
9.0
 40
9.0
 40
10.0
 40
10.0
 40
10.0
 40
11.0
 40
11.0
 40
11.0
 40
12.0
 40
12.0
 40
12.0
 40
13.0
 40
13.0
 40
13.0
 40
14.0
 40
14.0
 40
14.0
 40
15.0
 40
15.0
 40
15.0
 40
16.0
 40
16.0
 40
16.0
 40
17.0
 40
17.0
 40
17.0
 40
18.0
 40
18.0
 40
18.0
 40
19.0
 40
19.0
 40
19.0
 40
20.0
 40
20.0
 40
20.0
 40
21.0
 40
21.0
 40
21.0
 40
22.0
 40
22.0
 40
22.0
 40
23.0
 40
23.0
 40
23.0
 40
24.0
 40
24.0
 40
24.0
 40
25.0
 40
25.0
 40
25.0
 40
26.0
 40
26.0
 40
26.0
 40
27.0
 40
27.0
 40
27.0
 40
28.0
 40
28.0
 40
28.0
 40
29.0
 40
29.0
 40
29.0
 40
30.0
 40
30.0
 40
30.0
 40
31.0
 40
31.0
 40
31.0
 40
32.0
 40
32.0
 40
32.0
 40
33.0
 40
33.0
 40
33.0
 40
34.0
 40
34.0
 40
34.0
 40
34.0
 10
1289.338067688115
 20
-939.6718104434076
 30
0.0
 10
1294.230368377835
 20
-939.6712891956977
 30
0.0
 10
1299.126252645558
 20
-939.7833900312289
 30
0.0
 10
1304.013406014146
 20
-939.6252565073501
 30
0.0
 10
1306.556573588943
 20
-939.5429645252079
 30
0.0
 10
1307.459570089741
 20
-940.3953999981804
 30
0.0
 10
1307.427383043678
 20
-942.9684741603114
 30
0.0
 10
1307.328280822901
 20
-950.8832296937408
 30
0.0
 10
1307.437221594195
 20
-958.8005263097539
 30
0.0
 10
1307.448884511696
 20
-966.7168130083292
 30
0.0
 10
1307.452011997953
 20
-968.8582940669694
 30
0.0
 10
1307.598287136439
 20
-970.9785017034646
 30
0.0
 10
1308.060047451119
 20
-973.0755138168861
 30
0.0
 10
1308.768748868188
 20
-976.2942510012144
 30
0.0
 10
1310.33060247383
 20
-977.8670508087571
 30
0.0
 10
1313.091130343502
 20
-978.0959437092042
 30
0.0
 10
1316.000018342496
 20
-978.3371510867892
 30
0.0
 10
1318.1394144103
 20
-977.0140615100927
 30
0.0
 10
1319.384479720473
 20
-974.1672019885318
 30
0.0
 10
1320.883197197301
 20
-970.7401937662644
 30
0.0
 10
1321.114500868403
 20
-967.0243491569527
 30
0.0
 10
1321.033772629391
 20
-963.432528924528
 30
0.0
 10
1320.930435270977
 20
-958.8345051448186
 30
0.0
 10
1320.804814572981
 20
-954.2025676860085
 30
0.0
 10
1320.012452898531
 20
-949.6228527320973
 30
0.0
 10
1319.300819463095
 20
-945.5091006525236
 30
0.0
 10
1317.435208754723
 20
-942.1418730269415
 30
0.0
 10
1314.509640829023
 20
-939.2099523947818
 30
0.0
 10
1307.394674749905
 20
-932.0797723981404
 30
0.0
 10
1299.295136903445
 20
-926.090375591787
 30
0.0
 10
1291.787084895377
 20
-919.4190564694418
 30
0.0
 10
1286.679183121803
 20
-914.8803246166917
 30
0.0
 10
1281.239246557259
 20
-910.6473697015454
 30
0.0
 10
1277.703232407734
 20
-904.5969869131768
 30
0.0
 10
1273.68213210853
 20
-897.7166148813276
 30
0.0
 10
1271.538566059051
 20
-890.2359283780097
 30
0.0
 10
1270.684175907169
 20
-882.3811814871397
 30
0.0
 10
1269.408031202312
 20
-870.6482213254403
 30
0.0
 10
1269.664876011182
 20
-858.9238617509482
 30
0.0
 10
1271.960190300098
 20
-847.3403693699565
 30
0.0
 10
1275.063634006674
 20
-831.6783091297839
 30
0.0
 10
1285.095502268325
 20
-822.6690311402872
 30
0.0
 10
1300.3728165429
 20
-819.553663892355
 30
0.0
 10
1312.304111458076
 20
-817.1206098961966
 30
0.0
 10
1324.098969785282
 20
-817.9268172129305
 30
0.0
 10
1335.276345044585
 20
-823.3434279424737
 30
0.0
 10
1345.853373254438
 20
-828.4691824500997
 30
0.0
 10
1352.066059548362
 20
-836.7204033800308
 30
0.0
 10
1353.412246914188
 20
-848.5369586431461
 30
0.0
 10
1353.996304972716
 20
-853.6636253342631
 30
0.0
 10
1354.51338270057
 20
-858.779541291372
 30
0.0
 10
1354.528107948365
 20
-863.9479077992519
 30
0.0
 10
1354.5389889943
 20
-867.7656563357759
 30
0.0
 10
1354.716929931141
 20
-871.5846754135928
 30
0.0
 10
1354.898128666166
 20
-875.3994593537691
 30
0.0
 10
1355.001856960364
 20
-877.5818257796254
 30
0.0
 10
1354.06048359695
 20
-878.3989792982593
 30
0.0
 10
1351.900824024442
 20
-878.3867299770845
 30
0.0
 10
1341.760862019029
 20
-878.329034371236
 30
0.0
 10
1331.620183298015
 20
-878.3303700684919
 30
0.0
 10
1321.48015613664
 20
-878.382266793572
 30
0.0
 10
1319.281793921698
 20
-878.3935387752908
 30
0.0
 10
1318.567814871567
 20
-877.4674444853654
 30
0.0
 10
1318.528786449318
 20
-875.3315342616206
 30
0.0
 10
1318.405381054086
 20
-868.5831356342278
 30
0.0
 10
1319.089779296699
 20
-861.8097171167783
 30
0.0
 10
1318.032493473882
 20
-855.0886839941359
 30
0.0
 10
1317.532486608514
 20
-851.9103760852777
 30
0.0
 10
1316.135412435047
 20
-850.3689162962701
 30
0.0
 10
1313.711024182059
 20
-850.1328562398176
 30
0.0
 10
1310.932643578339
 20
-849.8623612565525
 30
0.0
 10
1308.990279144738
 20
-851.1666859157058
 30
0.0
 10
1307.809392458799
 20
-854.0958699973908
 30
0.0
 10
1303.544152763643
 20
-864.6755370237743
 30
0.0
 10
1307.061858087369
 20
-878.9308800078525
 30
0.0
 10
1315.843318249819
 20
-885.9913431233435
 30
0.0
 10
1322.701830455851
 20
-891.5057529543883
 30
0.0
 10
1329.674039818523
 20
-896.8681213441587
 30
0.0
 10
1336.435860574435
 20
-902.5150909833328
 30
0.0
 10
1348.588229674417
 20
-912.6637513098976
 30
0.0
 10
1355.911303901565
 20
-925.1714810358499
 30
0.0
 10
1357.04606016521
 20
-941.1172629199154
 30
0.0
 10
1357.899212353783
 20
-953.1053412574483
 30
0.0
 10
1358.069399730946
 20
-965.0576163929327
 30
0.0
 10
1356.783872567317
 20
-977.052047436925
 30
0.0
 10
1354.801828151829
 20
-995.545525235264
 30
0.0
 10
1342.121956369805
 20
-1004.786595565593
 30
0.0
 10
1327.662610063409
 20
-1008.343915715242
 30
0.0
 10
1317.408885745393
 20
-1010.866428849549
 30
0.0
 10
1307.147212399805
 20
-1010.466957636158
 30
0.0
 10
1297.221613514936
 20
-1006.714430219288
 30
0.0
 10
1282.612603959942
 20
-1001.191354645074
 30
0.0
 10
1274.602004003922
 20
-990.4434874984208
 30
0.0
 10
1272.641786836271
 20
-975.0002209843251
 30
0.0
 10
1271.272403947372
 20
-964.2117616722926
 30
0.0
 10
1271.096548001369
 20
-953.3832640205728
 30
0.0
 10
1271.099154239919
 20
-942.5348286439639
 30
0.0
 10
1271.099740643591
 20
-940.3086774105077
 30
0.0
 10
1271.976218667165
 20
-939.5933300851411
 30
0.0
 10
1274.128254991923
 20
-939.6383528560518
 30
0.0
 10
1279.196216159755
 20
-939.7443616089777
 30
0.0
 10
1284.267891217518
 20
-939.6723316911175
 30
0.0
 10
1289.338067688115
 20
-939.6718104434076
 30
0.0
  0
HATCH
  5
65
330
41
100
AcDbEntity
  8
katman 1
 62
   114
420
    37446
100
AcDbHatch
 10
0.0
 20
0.0
 30
0.0
210
0.0
220
0.0
230
1.0
  2
SOLID
 70
     1
 71
     0
 91
        1
 92
        1
 93
        1
 72
     4
 94
        3
 73
     0
 74
     1
 95
      107
 96
      103
 40
0.0
 40
0.0
 40
0.0
 40
0.0
 40
1.0
 40
1.0
 40
1.0
 40
2.0
 40
2.0
 40
2.0
 40
3.0
 40
3.0
 40
3.0
 40
4.0
 40
4.0
 40
4.0
 40
5.0
 40
5.0
 40
5.0
 40
6.0
 40
6.0
 40
6.0
 40
7.0
 40
7.0
 40
7.0
 40
8.0
 40
8.0
 40
8.0
 40
9.0
 40
9.0
 40
9.0
 40
10.0
 40
10.0
 40
10.0
 40
11.0
 40
11.0
 40
11.0
 40
12.0
 40
12.0
 40
12.0
 40
13.0
 40
13.0
 40
13.0
 40
14.0
 40
14.0
 40
14.0
 40
15.0
 40
15.0
 40
15.0
 40
16.0
 40
16.0
 40
16.0
 40
17.0
 40
17.0
 40
17.0
 40
18.0
 40
18.0
 40
18.0
 40
19.0
 40
19.0
 40
19.0
 40
20.0
 40
20.0
 40
20.0
 40
21.0
 40
21.0
 40
21.0
 40
22.0
 40
22.0
 40
22.0
 40
23.0
 40
23.0
 40
23.0
 40
24.0
 40
24.0
 40
24.0
 40
25.0
 40
25.0
 40
25.0
 40
26.0
 40
26.0
 40
26.0
 40
27.0
 40
27.0
 40
27.0
 40
28.0
 40
28.0
 40
28.0
 40
29.0
 40
29.0
 40
29.0
 40
30.0
 40
30.0
 40
30.0
 40
31.0
 40
31.0
 40
31.0
 40
32.0
 40
32.0
 40
32.0
 40
33.0
 40
33.0
 40
33.0
 40
34.0
 40
34.0
 40
34.0
 40
34.0
 10
1289.338067688115
 20
-939.6718104434076
 10
1294.230368377835
 20
-939.6712891956977
 10
1299.126252645558
 20
-939.7833900312289
 10
1304.013406014146
 20
-939.6252565073501
 10
1306.556573588943
 20
-939.5429645252079
 10
1307.459570089741
 20
-940.3953999981804
 10
1307.427383043678
 20
-942.9684741603114
 10
1307.328280822901
 20
-950.8832296937408
 10
1307.437221594195
 20
-958.8005263097539
 10
1307.448884511696
 20
-966.7168130083292
 10
1307.452011997953
 20
-968.8582940669694
 10
1307.598287136439
 20
-970.9785017034646
 10
1308.060047451119
 20
-973.0755138168861
 10
1308.768748868188
 20
-976.2942510012144
 10
1310.33060247383
 20
-977.8670508087571
 10
1313.091130343502
 20
-978.0959437092042
 10
1316.000018342496
 20
-978.3371510867892
 10
1318.1394144103
 20
-977.0140615100927
 10
1319.384479720473
 20
-974.1672019885318
 10
1320.883197197301
 20
-970.7401937662644
 10
1321.114500868403
 20
-967.0243491569527
 10
1321.033772629391
 20
-963.432528924528
 10
1320.930435270977
 20
-958.8345051448186
 10
1320.804814572981
 20
-954.2025676860085
 10
1320.012452898531
 20
-949.6228527320973
 10
1319.300819463095
 20
-945.5091006525236
 10
1317.435208754723
 20
-942.1418730269415
 10
1314.509640829023
 20
-939.2099523947818
 10
1307.394674749905
 20
-932.0797723981404
 10
1299.295136903445
 20
-926.090375591787
 10
1291.787084895377
 20
-919.4190564694418
 10
1286.679183121803
 20
-914.8803246166917
 10
1281.239246557259
 20
-910.6473697015454
 10
1277.703232407734
 20
-904.5969869131768
 10
1273.68213210853
 20
-897.7166148813276
 10
1271.538566059051
 20
-890.2359283780097
 10
1270.684175907169
 20
-882.3811814871397
 10
1269.408031202312
 20
-870.6482213254403
 10
1269.664876011182
 20
-858.9238617509482
 10
1271.960190300098
 20
-847.3403693699565
 10
1275.063634006674
 20
-831.6783091297839
 10
1285.095502268325
 20
-822.6690311402872
 10
1300.3728165429
 20
-819.553663892355
 10
1312.304111458076
 20
-817.1206098961966
 10
1324.098969785282
 20
-817.9268172129305
 10
1335.276345044585
 20
-823.3434279424737
 10
1345.853373254438
 20
-828.4691824500997
 10
1352.066059548362
 20
-836.7204033800308
 10
1353.412246914188
 20
-848.5369586431461
 10
1353.996304972716
 20
-853.6636253342631
 10
1354.51338270057
 20
-858.779541291372
 10
1354.528107948365
 20
-863.9479077992519
 10
1354.5389889943
 20
-867.7656563357759
 10
1354.716929931141
 20
-871.5846754135928
 10
1354.898128666166
 20
-875.3994593537691
 10
1355.001856960364
 20
-877.5818257796254
 10
1354.06048359695
 20
-878.3989792982593
 10
1351.900824024442
 20
-878.3867299770845
 10
1341.760862019029
 20
-878.329034371236
 10
1331.620183298015
 20
-878.3303700684919
 10
1321.48015613664
 20
-878.382266793572
 10
1319.281793921698
 20
-878.3935387752908
 10
1318.567814871567
 20
-877.4674444853654
 10
1318.528786449318
 20
-875.3315342616206
 10
1318.405381054086
 20
-868.5831356342278
 10
1319.089779296699
 20
-861.8097171167783
 10
1318.032493473882
 20
-855.0886839941359
 10
1317.532486608514
 20
-851.9103760852777
 10
1316.135412435047
 20
-850.3689162962701
 10
1313.711024182059
 20
-850.1328562398176
 10
1310.932643578339
 20
-849.8623612565525
 10
1308.990279144738
 20
-851.1666859157058
 10
1307.809392458799
 20
-854.0958699973908
 10
1303.544152763643
 20
-864.6755370237743
 10
1307.061858087369
 20
-878.9308800078525
 10
1315.843318249819
 20
-885.9913431233435
 10
1322.701830455851
 20
-891.5057529543883
 10
1329.674039818523
 20
-896.8681213441587
 10
1336.435860574435
 20
-902.5150909833328
 10
1348.588229674417
 20
-912.6637513098976
 10
1355.911303901565
 20
-925.1714810358499
 10
1357.04606016521
 20
-941.1172629199154
 10
1357.899212353783
 20
-953.1053412574483
 10
1358.069399730946
 20
-965.0576163929327
 10
1356.783872567317
 20
-977.052047436925
 10
1354.801828151829
 20
-995.545525235264
 10
1342.121956369805
 20
-1004.786595565593
 10
1327.662610063409
 20
-1008.343915715242
 10
1317.408885745393
 20
-1010.866428849549
 10
1307.147212399805
 20
-1010.466957636158
 10
1297.221613514936
 20
-1006.714430219288
 10
1282.612603959942
 20
-1001.191354645074
 10
1274.602004003922
 20
-990.4434874984208
 10
1272.641786836271
 20
-975.0002209843251
 10
1271.272403947372
 20
-964.2117616722926
 10
1271.096548001369
 20
-953.3832640205728
 10
1271.099154239919
 20
-942.5348286439639
 10
1271.099740643591
 20
-940.3086774105077
 10
1271.976218667165
 20
-939.5933300851411
 10
1274.128254991923
 20
-939.6383528560518
 10
1279.196216159755
 20
-939.7443616089777
 10
1284.267891217518
 20
-939.6723316911175
 10
1289.338067688115
 20
-939.6718104434076
 97
        0
 97
        0
 75
     2
 76
     1
 98
        0
  0
SPLINE
  5
66
330
41
100
AcDbEntity
  8
katman 1
370
     0
100
AcDbSpline
210
0.0
220
0.0
230
1.0
 70
    11
 71
     3
 72
    53
 73
    49
 74
     0
 42
0.0000000001
 43
0.0000000001
 12
1.0
 22
0.0
 32
0.0
 13
1.0
 23
0.0
 33
0.0
 40
0.0
 40
0.0
 40
0.0
 40
0.0
 40
1.0
 40
1.0
 40
1.0
 40
2.0
 40
2.0
 40
2.0
 40
3.0
 40
3.0
 40
3.0
 40
4.0
 40
4.0
 40
4.0
 40
5.0
 40
5.0
 40
5.0
 40
6.0
 40
6.0
 40
6.0
 40
7.0
 40
7.0
 40
7.0
 40
8.0
 40
8.0
 40
8.0
 40
9.0
 40
9.0
 40
9.0
 40
10.0
 40
10.0
 40
10.0
 40
11.0
 40
11.0
 40
11.0
 40
12.0
 40
12.0
 40
12.0
 40
13.0
 40
13.0
 40
13.0
 40
14.0
 40
14.0
 40
14.0
 40
15.0
 40
15.0
 40
15.0
 40
16.0
 40
16.0
 40
16.0
 40
16.0
 10
1102.92516151243
 20
-914.1525650802423
 30
0.0
 10
1102.925096356466
 20
-884.888285236033
 30
0.0
 10
1102.923793237193
 20
-855.6240053918236
 30
0.0
 10
1102.926464631704
 20
-826.3597255476134
 30
0.0
 10
1102.926855567486
 20
-822.2520003946811
 30
0.0
 10
1102.935651622583
 20
-822.2459408900586
 30
0.0
 10
1107.07259922523
 20
-822.2449961285847
 30
0.0
 10
1119.881284347473
 20
-822.242064110219
 30
0.0
 10
1132.689904313753
 20
-822.252489064409
 30
0.0
 10
1145.498589435992
 20
-822.2401745872712
 30
0.0
 10
1150.765536916937
 20
-822.2351250000856
 30
0.0
 10
1155.966872342447
 20
-822.8227666366165
 30
0.0
 10
1161.113085822672
 20
-823.9066686706019
 30
0.0
 10
1173.924377183461
 20
-826.6049725949479
 30
0.0
 10
1181.730778349272
 20
-834.6445995327913
 30
0.0
 10
1184.181098675806
 20
-847.774894491813
 30
0.0
 10
1185.489951674437
 20
-854.7880543776646
 30
0.0
 10
1185.776637914678
 20
-861.8970586861069
 30
0.0
 10
1185.791363162472
 20
-869.0138165542276
 30
0.0
 10
1185.810128080017
 20
-878.0863935624502
 30
0.0
 10
1185.856910061946
 20
-887.1604365798557
 30
0.0
 10
1185.718518795067
 20
-896.2312543770586
 30
0.0
 10
1185.641308978091
 20
-901.2955993889054
 30
0.0
 10
1185.104945084986
 20
-906.3472389878334
 30
0.0
 10
1184.03514931714
 20
-911.3121234211048
 30
0.0
 10
1181.878812698778
 20
-921.3194604624241
 30
0.0
 10
1175.669644826894
 20
-927.5194739214094
 30
0.0
 10
1165.946159741396
 20
-930.3587101952189
 30
0.0
 10
1159.546866767461
 20
-932.2272529219563
 30
0.0
 10
1152.977712196182
 20
-932.3485081703857
 30
0.0
 10
1146.384645386232
 20
-932.2856652434048
 30
0.0
 10
1141.925957634874
 20
-932.2431509770968
 30
0.0
 10
1141.920680001816
 20
-932.2812346378741
 30
0.0
 10
1141.920289066034
 20
-936.624661489459
 30
0.0
 10
1141.918334387123
 20
-958.32827588492
 30
0.0
 10
1141.921657341272
 20
-980.0318577023982
 30
0.0
 10
1141.917096423815
 20
-1001.735472097858
 30
0.0
 10
1141.916249396287
 20
-1005.971000673571
 30
0.0
 10
1141.881847047456
 20
-1005.999082893923
 30
0.0
 10
1137.564482581347
 20
-1006.000711793014
 30
0.0
 10
1127.246384171205
 20
-1006.004555994872
 30
0.0
 10
1116.92828576106
 20
-1006.007488013238
 30
0.0
 10
1106.610187350914
 20
-1005.998691958139
 30
0.0
 10
1102.99207668714
 20
-1005.995564471883
 30
0.0
 10
1102.92835415465
 20
-1005.929822104517
 30
0.0
 10
1102.927767750978
 20
-1002.212218284187
 30
0.0
 10
1102.923337145447
 20
-972.8590005495389
 30
0.0
 10
1102.925291824356
 20
-943.5057828148911
 30
0.0
 10
1102.92516151243
 20
-914.1525650802423
 30
0.0
  0
SPLINE
  5
67
330
41
100
AcDbEntity
  8
katman 1
370
     0
100
AcDbSpline
210
0.0
220
0.0
230
1.0
 70
    11
 71
     3
 72
    26
 73
    22
 74
     0
 42
0.0000000001
 43
0.0000000001
 12
1.0
 22
0.0
 32
0.0
 13
1.0
 23
0.0
 33
0.0
 40
0.0
 40
0.0
 40
0.0
 40
0.0
 40
1.0
 40
1.0
 40
1.0
 40
2.0
 40
2.0
 40
2.0
 40
3.0
 40
3.0
 40
3.0
 40
4.0
 40
4.0
 40
4.0
 40
5.0
 40
5.0
 40
5.0
 40
6.0
 40
6.0
 40
6.0
 40
7.0
 40
7.0
 40
7.0
 40
7.0
 10
1141.92302561651
 20
-877.3963919069602
 30
0.0
 10
1141.92302561651
 20
-884.0592733320082
 30
0.0
 10
1141.950325965296
 20
-890.7223176469652
 30
0.0
 10
1141.90484710264
 20
-897.3848732921942
 30
0.0
 10
1141.892662937429
 20
-899.1679639725498
 30
0.0
 10
1142.299236150862
 20
-900.212511804466
 30
0.0
 10
1144.401428163397
 20
-900.2291591531894
 30
0.0
 10
1148.973813071392
 20
-900.2654836029469
 30
0.0
 10
1151.898468813602
 20
-898.1312348562769
 30
0.0
 10
1152.486631697842
 20
-893.5083866544019
 30
0.0
 10
1153.80284732037
 20
-883.1620431339979
 30
0.0
 10
1153.37144968477
 20
-872.7516838792662
 30
0.0
 10
1152.831827993479
 20
-862.388790744084
 30
0.0
 10
1152.546053936729
 20
-856.8999546287887
 30
0.0
 10
1150.074623077957
 20
-854.9201906720309
 30
0.0
 10
1145.259271581355
 20
-854.417610146098
 30
0.0
 10
1142.894175255326
 20
-854.1707016216906
 30
0.0
 10
1141.834804441671
 20
-854.83545534125
 30
0.0
 10
1141.881130331858
 20
-857.408496925399
 30
0.0
 10
1142.001082461011
 20
-864.0692282036453
 30
0.0
 10
1141.921396717418
 20
-870.7335104819122
 30
0.0
 10
1141.92302561651
 20
-877.3963919069602
 30
0.0
  0
HATCH
  5
68
330
41
100
AcDbEntity
  8
katman 1
 62
   114
420
    37446
100
AcDbHatch
 10
0.0
 20
0.0
 30
0.0
210
0.0
220
0.0
230
1.0
  2
SOLID
 70
     1
 71
     0
 91
        2
 92
        1
 93
        1
 72
     4
 94
        3
 73
     0
 74
     1
 95
       53
 96
       49
 40
0.0
 40
0.0
 40
0.0
 40
0.0
 40
1.0
 40
1.0
 40
1.0
 40
2.0
 40
2.0
 40
2.0
 40
3.0
 40
3.0
 40
3.0
 40
4.0
 40
4.0
 40
4.0
 40
5.0
 40
5.0
 40
5.0
 40
6.0
 40
6.0
 40
6.0
 40
7.0
 40
7.0
 40
7.0
 40
8.0
 40
8.0
 40
8.0
 40
9.0
 40
9.0
 40
9.0
 40
10.0
 40
10.0
 40
10.0
 40
11.0
 40
11.0
 40
11.0
 40
12.0
 40
12.0
 40
12.0
 40
13.0
 40
13.0
 40
13.0
 40
14.0
 40
14.0
 40
14.0
 40
15.0
 40
15.0
 40
15.0
 40
16.0
 40
16.0
 40
16.0
 40
16.0
 10
1102.92516151243
 20
-914.1525650802423
 10
1102.925096356466
 20
-884.888285236033
 10
1102.923793237193
 20
-855.6240053918236
 10
1102.926464631704
 20
-826.3597255476134
 10
1102.926855567486
 20
-822.2520003946811
 10
1102.935651622583
 20
-822.2459408900586
 10
1107.07259922523
 20
-822.2449961285847
 10
1119.881284347473
 20
-822.242064110219
 10
1132.689904313753
 20
-822.252489064409
 10
1145.498589435992
 20
-822.2401745872712
 10
1150.765536916937
 20
-822.2351250000856
 10
1155.966872342447
 20
-822.8227666366165
 10
1161.113085822672
 20
-823.9066686706019
 10
1173.924377183461
 20
-826.6049725949479
 10
1181.730778349272
 20
-834.6445995327913
 10
1184.181098675806
 20
-847.774894491813
 10
1185.489951674437
 20
-854.7880543776646
 10
1185.776637914678
 20
-861.8970586861069
 10
1185.791363162472
 20
-869.0138165542276
 10
1185.810128080017
 20
-878.0863935624502
 10
1185.856910061946
 20
-887.1604365798557
 10
1185.718518795067
 20
-896.2312543770586
 10
1185.641308978091
 20
-901.2955993889054
 10
1185.104945084986
 20
-906.3472389878334
 10
1184.03514931714
 20
-911.3121234211048
 10
1181.878812698778
 20
-921.3194604624241
 10
1175.669644826894
 20
-927.5194739214094
 10
1165.946159741396
 20
-930.3587101952189
 10
1159.546866767461
 20
-932.2272529219563
 10
1152.977712196182
 20
-932.3485081703857
 10
1146.384645386232
 20
-932.2856652434048
 10
1141.925957634874
 20
-932.2431509770968
 10
1141.920680001816
 20
-932.2812346378741
 10
1141.920289066034
 20
-936.624661489459
 10
1141.918334387123
 20
-958.32827588492
 10
1141.921657341272
 20
-980.0318577023982
 10
1141.917096423815
 20
-1001.735472097858
 10
1141.916249396287
 20
-1005.971000673571
 10
1141.881847047456
 20
-1005.999082893923
 10
1137.564482581347
 20
-1006.000711793014
 10
1127.246384171205
 20
-1006.004555994872
 10
1116.92828576106
 20
-1006.007488013238
 10
1106.610187350914
 20
-1005.998691958139
 10
1102.99207668714
 20
-1005.995564471883
 10
1102.92835415465
 20
-1005.929822104517
 10
1102.927767750978
 20
-1002.212218284187
 10
1102.923337145447
 20
-972.8590005495389
 10
1102.925291824356
 20
-943.5057828148911
 10
1102.92516151243
 20
-914.1525650802423
 97
        0
 97
        0
 92
        1
 93
        1
 72
     4
 94
        3
 73
     0
 74
     1
 95
       26
 96
       22
 40
0.0
 40
0.0
 40
0.0
 40
0.0
 40
1.0
 40
1.0
 40
1.0
 40
2.0
 40
2.0
 40
2.0
 40
3.0
 40
3.0
 40
3.0
 40
4.0
 40
4.0
 40
4.0
 40
5.0
 40
5.0
 40
5.0
 40
6.0
 40
6.0
 40
6.0
 40
7.0
 40
7.0
 40
7.0
 40
7.0
 10
1141.92302561651
 20
-877.3963919069602
 10
1141.92302561651
 20
-884.0592733320082
 10
1141.950325965296
 20
-890.7223176469652
 10
1141.90484710264
 20
-897.3848732921942
 10
1141.892662937429
 20
-899.1679639725498
 10
1142.299236150862
 20
-900.212511804466
 10
1144.401428163397
 20
-900.2291591531894
 10
1148.973813071392
 20
-900.2654836029469
 10
1151.898468813602
 20
-898.1312348562769
 10
1152.486631697842
 20
-893.5083866544019
 10
1153.80284732037
 20
-883.1620431339979
 10
1153.37144968477
 20
-872.7516838792662
 10
1152.831827993479
 20
-862.388790744084
 10
1152.546053936729
 20
-856.8999546287887
 10
1150.074623077957
 20
-854.9201906720309
 10
1145.259271581355
 20
-854.417610146098
 10
1142.894175255326
 20
-854.1707016216906
 10
1141.834804441671
 20
-854.83545534125
 10
1141.881130331858
 20
-857.408496925399
 10
1142.001082461011
 20
-864.0692282036453
 10
1141.921396717418
 20
-870.7335104819122
 10
1141.92302561651
 20
-877.3963919069602
 97
        0
 97
        0
 75
     2
 76
     1
 98
        0
  0
SPLINE
  5
69
330
41
100
AcDbEntity
  8
katman 1
370
     0
100
AcDbSpline
210
0.0
220
0.0
230
1.0
 70
    11
 71
     3
 72
    80
 73
    76
 74
     0
 42
0.0000000001
 43
0.0000000001
 12
1.0
 22
0.0
 32
0.0
 13
1.0
 23
0.0
 33
0.0
 40
0.0
 40
0.0
 40
0.0
 40
0.0
 40
1.0
 40
1.0
 40
1.0
 40
2.0
 40
2.0
 40
2.0
 40
3.0
 40
3.0
 40
3.0
 40
4.0
 40
4.0
 40
4.0
 40
5.0
 40
5.0
 40
5.0
 40
6.0
 40
6.0
 40
6.0
 40
7.0
 40
7.0
 40
7.0
 40
8.0
 40
8.0
 40
8.0
 40
9.0
 40
9.0
 40
9.0
 40
10.0
 40
10.0
 40
10.0
 40
11.0
 40
11.0
 40
11.0
 40
12.0
 40
12.0
 40
12.0
 40
13.0
 40
13.0
 40
13.0
 40
14.0
 40
14.0
 40
14.0
 40
15.0
 40
15.0
 40
15.0
 40
16.0
 40
16.0
 40
16.0
 40
17.0
 40
17.0
 40
17.0
 40
18.0
 40
18.0
 40
18.0
 40
19.0
 40
19.0
 40
19.0
 40
20.0
 40
20.0
 40
20.0
 40
21.0
 40
21.0
 40
21.0
 40
22.0
 40
22.0
 40
22.0
 40
23.0
 40
23.0
 40
23.0
 40
24.0
 40
24.0
 40
24.0
 40
25.0
 40
25.0
 40
25.0
 40
25.0
 10
1196.247657371607
 20
-913.8797896382493
 30
0.0
 10
1196.247527059679
 20
-884.615705261931
 30
0.0
 10
1196.246028472515
 20
-855.3515883076307
 30
0.0
 10
1196.249351426661
 20
-826.0875039313114
 30
0.0
 10
1196.249807518408
 20
-822.2599820002342
 30
0.0
 10
1196.261274968019
 20
-822.2472114313505
 30
0.0
 10
1200.096941394557
 20
-822.2462340918946
 30
0.0
 10
1218.954054626258
 20
-822.241477706546
 30
0.0
 10
1237.811102701991
 20
-822.2415102845271
 30
0.0
 10
1256.668215933692
 20
-822.2462666698766
 30
0.0
 10
1260.41631274503
 20
-822.2471788533685
 30
0.0
 10
1260.472802965553
 20
-822.2964693399008
 30
0.0
 10
1260.476451699516
 20
-825.8943816549308
 30
0.0
 10
1260.486550873889
 20
-835.8566307693754
 30
0.0
 10
1260.487853993163
 20
-845.8188473058381
 30
0.0
 10
1260.475213736208
 20
-855.7810964202836
 30
0.0
 10
1260.470848286641
 20
-859.2235791839275
 30
0.0
 10
1260.383604451257
 20
-859.2961629274796
 30
0.0
 10
1256.82387353095
 20
-859.3012450926481
 30
0.0
 10
1250.508501438249
 20
-859.3103343495832
 30
0.0
 10
1244.192282318021
 20
-859.3660752765209
 30
0.0
 10
1237.878343656521
 20
-859.2701982759481
 30
0.0
 10
1235.779148818317
 20
-859.2383044317221
 30
0.0
 10
1234.844877454951
 20
-859.7776003431936
 30
0.0
 10
1234.868854849588
 20
-862.0891384670686
 30
0.0
 10
1234.968608629999
 20
-871.6945609463583
 30
0.0
 10
1234.965676611631
 20
-881.3021661504308
 30
0.0
 10
1234.870092812896
 20
-890.9076537856845
 30
0.0
 10
1234.847483693497
 20
-893.172344771664
 30
0.0
 10
1235.696009808649
 20
-893.8035757479056
 30
0.0
 10
1237.840488041616
 20
-893.7665345825462
 30
0.0
 10
1243.887156940054
 20
-893.6621221507312
 30
0.0
 10
1249.937735196316
 20
-893.7935091515155
 30
0.0
 10
1255.984795030534
 20
-893.7002058115086
 30
0.0
 10
1258.064508235595
 20
-893.6681164993915
 30
0.0
 10
1258.838952020029
 20
-894.4396608434408
 30
0.0
 10
1258.828527065838
 20
-896.4911289382408
 30
0.0
 10
1258.778422129759
 20
-906.3641469604108
 30
0.0
 10
1258.76708499208
 20
-916.237783964235
 30
0.0
 10
1258.834977506243
 20
-926.110606518514
 30
0.0
 10
1258.851071029276
 20
-928.4571659728717
 30
0.0
 10
1257.86708566561
 20
-929.2084142342319
 30
0.0
 10
1255.622136936629
 20
-929.1700047936356
 30
0.0
 10
1250.020027178456
 20
-929.0741603710458
 30
0.0
 10
1244.41518086981
 20
-929.1367426741717
 30
0.0
 10
1238.811442212544
 20
-929.1421831971393
 30
0.0
 10
1234.915636831516
 20
-929.1459948210158
 30
0.0
 10
1234.910815290204
 20
-929.1507837843465
 30
0.0
 10
1234.909772794785
 20
-933.1649449734186
 30
0.0
 10
1234.906971088347
 20
-943.6608540084762
 30
0.0
 10
1234.906514996601
 20
-954.1567956215158
 30
0.0
 10
1234.910163730568
 20
-964.6527046565734
 30
0.0
 10
1234.911532005804
 20
-968.5291587163838
 30
0.0
 10
1234.917852134284
 20
-968.5368471200991
 30
0.0
 10
1238.67917560625
 20
-968.5402352302117
 30
0.0
 10
1245.617178087985
 20
-968.5464250467621
 30
0.0
 10
1252.555115413756
 20
-968.5313414411676
 30
0.0
 10
1259.49311789549
 20
-968.547923633927
 30
0.0
 10
1262.80206351155
 20
-968.5558075055333
 30
0.0
 10
1263.064967825043
 20
-968.7882839839831
 30
0.0
 10
1263.07180920123
 20
-971.9731726451755
 30
0.0
 10
1263.09370160503
 20
-982.2021702749716
 30
0.0
 10
1263.025874246829
 20
-992.4317217304597
 30
0.0
 10
1263.117222907924
 20
-1002.660035222638
 30
0.0
 10
1263.140092651178
 20
-1005.216820393845
 30
0.0
 10
1262.193441654708
 20
-1006.049252985964
 30
0.0
 10
1259.670472428657
 20
-1006.040261462975
 30
0.0
 10
1239.657296933183
 20
-1005.968785370806
 30
0.0
 10
1219.64360019
 20
-1005.955689022103
 30
0.0
 10
1199.630620162419
 20
-1006.053162343786
 30
0.0
 10
1196.865726843182
 20
-1006.066584472306
 30
0.0
 10
1196.192665738252
 20
-1005.08592206279
 30
0.0
 10
1196.199441958473
 20
-1002.472386047206
 30
0.0
 10
1196.275674435994
 20
-972.9416834674639
 30
0.0
 10
1196.247787683533
 20
-943.4106876858832
 30
0.0
 10
1196.247657371607
 20
-913.8797896382493
 30
0.0
  0
HATCH
  5
6A
330
41
100
AcDbEntity
  8
katman 1
 62
   114
420
    37446
100
AcDbHatch
 10
0.0
 20
0.0
 30
0.0
210
0.0
220
0.0
230
1.0
  2
SOLID
 70
     1
 71
     0
 91
        1
 92
        1
 93
        1
 72
     4
 94
        3
 73
     0
 74
     1
 95
       80
 96
       76
 40
0.0
 40
0.0
 40
0.0
 40
0.0
 40
1.0
 40
1.0
 40
1.0
 40
2.0
 40
2.0
 40
2.0
 40
3.0
 40
3.0
 40
3.0
 40
4.0
 40
4.0
 40
4.0
 40
5.0
 40
5.0
 40
5.0
 40
6.0
 40
6.0
 40
6.0
 40
7.0
 40
7.0
 40
7.0
 40
8.0
 40
8.0
 40
8.0
 40
9.0
 40
9.0
 40
9.0
 40
10.0
 40
10.0
 40
10.0
 40
11.0
 40
11.0
 40
11.0
 40
12.0
 40
12.0
 40
12.0
 40
13.0
 40
13.0
 40
13.0
 40
14.0
 40
14.0
 40
14.0
 40
15.0
 40
15.0
 40
15.0
 40
16.0
 40
16.0
 40
16.0
 40
17.0
 40
17.0
 40
17.0
 40
18.0
 40
18.0
 40
18.0
 40
19.0
 40
19.0
 40
19.0
 40
20.0
 40
20.0
 40
20.0
 40
21.0
 40
21.0
 40
21.0
 40
22.0
 40
22.0
 40
22.0
 40
23.0
 40
23.0
 40
23.0
 40
24.0
 40
24.0
 40
24.0
 40
25.0
 40
25.0
 40
25.0
 40
25.0
 10
1196.247657371607
 20
-913.8797896382493
 10
1196.247527059679
 20
-884.615705261931
 10
1196.246028472515
 20
-855.3515883076307
 10
1196.249351426661
 20
-826.0875039313114
 10
1196.249807518408
 20
-822.2599820002342
 10
1196.261274968019
 20
-822.2472114313505
 10
1200.096941394557
 20
-822.2462340918946
 10
1218.954054626258
 20
-822.241477706546
 10
1237.811102701991
 20
-822.2415102845271
 10
1256.668215933692
 20
-822.2462666698766
 10
1260.41631274503
 20
-822.2471788533685
 10
1260.472802965553
 20
-822.2964693399008
 10
1260.476451699516
 20
-825.8943816549308
 10
1260.486550873889
 20
-835.8566307693754
 10
1260.487853993163
 20
-845.8188473058381
 10
1260.475213736208
 20
-855.7810964202836
 10
1260.470848286641
 20
-859.2235791839275
 10
1260.383604451257
 20
-859.2961629274796
 10
1256.82387353095
 20
-859.3012450926481
 10
1250.508501438249
 20
-859.3103343495832
 10
1244.192282318021
 20
-859.3660752765209
 10
1237.878343656521
 20
-859.2701982759481
 10
1235.779148818317
 20
-859.2383044317221
 10
1234.844877454951
 20
-859.7776003431936
 10
1234.868854849588
 20
-862.0891384670686
 10
1234.968608629999
 20
-871.6945609463583
 10
1234.965676611631
 20
-881.3021661504308
 10
1234.870092812896
 20
-890.9076537856845
 10
1234.847483693497
 20
-893.172344771664
 10
1235.696009808649
 20
-893.8035757479056
 10
1237.840488041616
 20
-893.7665345825462
 10
1243.887156940054
 20
-893.6621221507312
 10
1249.937735196316
 20
-893.7935091515155
 10
1255.984795030534
 20
-893.7002058115086
 10
1258.064508235595
 20
-893.6681164993915
 10
1258.838952020029
 20
-894.4396608434408
 10
1258.828527065838
 20
-896.4911289382408
 10
1258.778422129759
 20
-906.3641469604108
 10
1258.76708499208
 20
-916.237783964235
 10
1258.834977506243
 20
-926.110606518514
 10
1258.851071029276
 20
-928.4571659728717
 10
1257.86708566561
 20
-929.2084142342319
 10
1255.622136936629
 20
-929.1700047936356
 10
1250.020027178456
 20
-929.0741603710458
 10
1244.41518086981
 20
-929.1367426741717
 10
1238.811442212544
 20
-929.1421831971393
 10
1234.915636831516
 20
-929.1459948210158
 10
1234.910815290204
 20
-929.1507837843465
 10
1234.909772794785
 20
-933.1649449734186
 10
1234.906971088347
 20
-943.6608540084762
 10
1234.906514996601
 20
-954.1567956215158
 10
1234.910163730568
 20
-964.6527046565734
 10
1234.911532005804
 20
-968.5291587163838
 10
1234.917852134284
 20
-968.5368471200991
 10
1238.67917560625
 20
-968.5402352302117
 10
1245.617178087985
 20
-968.5464250467621
 10
1252.555115413756
 20
-968.5313414411676
 10
1259.49311789549
 20
-968.547923633927
 10
1262.80206351155
 20
-968.5558075055333
 10
1263.064967825043
 20
-968.7882839839831
 10
1263.07180920123
 20
-971.9731726451755
 10
1263.09370160503
 20
-982.2021702749716
 10
1263.025874246829
 20
-992.4317217304597
 10
1263.117222907924
 20
-1002.660035222638
 10
1263.140092651178
 20
-1005.216820393845
 10
1262.193441654708
 20
-1006.049252985964
 10
1259.670472428657
 20
-1006.040261462975
 10
1239.657296933183
 20
-1005.968785370806
 10
1219.64360019
 20
-1005.955689022103
 10
1199.630620162419
 20
-1006.053162343786
 10
1196.865726843182
 20
-1006.066584472306
 10
1196.192665738252
 20
-1005.08592206279
 10
1196.199441958473
 20
-1002.472386047206
 10
1196.275674435994
 20
-972.9416834674639
 10
1196.247787683533
 20
-943.4106876858832
 10
1196.247657371607
 20
-913.8797896382493
 97
        0
 97
        0
 75
     2
 76
     1
 98
        0
  0
SPLINE
  5
6B
330
41
100
AcDbEntity
  8
katman 1
370
     0
100
AcDbSpline
210
0.0
220
0.0
230
1.0
 70
    11
 71
     3
 72
    59
 73
    55
 74
     0
 42
0.0000000001
 43
0.0000000001
 12
1.0
 22
0.0
 32
0.0
 13
1.0
 23
0.0
 33
0.0
 40
0.0
 40
0.0
 40
0.0
 40
0.0
 40
1.0
 40
1.0
 40
1.0
 40
2.0
 40
2.0
 40
2.0
 40
3.0
 40
3.0
 40
3.0
 40
4.0
 40
4.0
 40
4.0
 40
5.0
 40
5.0
 40
5.0
 40
6.0
 40
6.0
 40
6.0
 40
7.0
 40
7.0
 40
7.0
 40
8.0
 40
8.0
 40
8.0
 40
9.0
 40
9.0
 40
9.0
 40
10.0
 40
10.0
 40
10.0
 40
11.0
 40
11.0
 40
11.0
 40
12.0
 40
12.0
 40
12.0
 40
13.0
 40
13.0
 40
13.0
 40
14.0
 40
14.0
 40
14.0
 40
15.0
 40
15.0
 40
15.0
 40
16.0
 40
16.0
 40
16.0
 40
17.0
 40
17.0
 40
17.0
 40
18.0
 40
18.0
 40
18.0
 40
18.0
 10
1423.895557664709
 20
-932.785150861062
 30
0.0
 10
1423.895427352782
 20
-955.9039853658778
 30
0.0
 10
1423.897186563805
 20
-979.0228198706936
 30
0.0
 10
1423.893733297729
 20
-1002.141654375509
 30
0.0
 10
1423.893146894054
 20
-1005.983380306672
 30
0.0
 10
1423.882656783899
 20
-1005.996476655375
 30
0.0
 10
1420.045296302305
 20
-1005.999213205849
 30
0.0
 10
1409.7307163142
 20
-1006.00664098571
 30
0.0
 10
1399.416201482058
 20
-1006.006445517818
 30
0.0
 10
1389.101621493954
 20
-1005.999473829705
 30
0.0
 10
1385.251360131548
 20
-1005.996867591155
 30
0.0
 10
1385.236504571825
 20
-1005.982077187398
 30
0.0
 10
1385.236243947969
 20
-1002.142240779183
 30
0.0
 10
1385.233311929605
 20
-956.3491960657802
 30
0.0
 10
1385.234289269059
 20
-910.556118774396
 30
0.0
 10
1385.234158957133
 20
-864.763074060993
 30
0.0
 10
1385.234158957133
 20
-863.9627959369554
 30
0.0
 10
1385.143787635494
 20
-863.1504639596351
 30
0.0
 10
1385.249666076492
 20
-862.3644875696273
 30
0.0
 10
1385.596035179475
 20
-859.7927816827341
 30
0.0
 10
1384.345431612384
 20
-859.2057264498762
 30
0.0
 10
1382.005811268158
 20
-859.2624447162689
 30
0.0
 10
1376.58503055694
 20
-859.3938642950343
 30
0.0
 10
1371.157603937423
 20
-859.2348837436284
 30
0.0
 10
1365.735454950966
 20
-859.3350284598218
 30
0.0
 10
1363.600880424478
 20
-859.3744478178542
 30
0.0
 10
1362.728051134869
 20
-858.7150043093352
 30
0.0
 10
1362.746099336811
 20
-856.4603473417646
 30
0.0
 10
1362.830215685935
 20
-845.9686408663638
 30
0.0
 10
1362.82252728222
 20
-835.4756312716909
 30
0.0
 10
1362.751181501979
 20
-824.9837293283999
 30
0.0
 10
1362.736782034004
 20
-822.8595471781209
 30
0.0
 10
1363.577880369296
 20
-822.2190966330172
 30
0.0
 10
1365.597063684087
 20
-822.2221263853298
 30
0.0
 10
1391.739069748211
 20
-822.2614154314351
 30
0.0
 10
1417.8811409683
 20
-822.2641194039279
 30
0.0
 10
1444.023147032425
 20
-822.2191292109992
 30
0.0
 10
1446.160588421317
 20
-822.2154478990506
 30
0.0
 10
1446.790842058101
 20
-823.1057064089455
 30
0.0
 10
1446.781198975474
 20
-825.0985667144059
 30
0.0
 10
1446.730312167834
 20
-835.5906967035698
 30
0.0
 10
1446.725295158627
 20
-846.0833479404428
 30
0.0
 10
1446.782632406677
 20
-856.5754453516247
 30
0.0
 10
1446.794230168212
 20
-858.6763668228668
 30
0.0
 10
1445.946876860409
 20
-859.3637948177911
 30
0.0
 10
1443.913033453788
 20
-859.3313471478732
 30
0.0
 10
1438.401425329183
 20
-859.2434191748716
 30
0.0
 10
1432.88760190181
 20
-859.2981176063904
 30
0.0
 10
1427.374625501969
 20
-859.3060340559787
 30
0.0
 10
1423.907285738176
 20
-859.3109859092192
 30
0.0
 10
1423.897642655549
 20
-859.3188697808264
 30
0.0
 10
1423.897186563805
 20
-862.8951503159105
 30
0.0
 10
1423.894189389473
 20
-886.1918280236223
 30
0.0
 10
1423.895753132601
 20
-909.4884731533512
 30
0.0
 10
1423.895557664709
 20
-932.785150861062
 30
0.0
  0
HATCH
  5
6C
330
41
100
AcDbEntity
  8
katman 1
 62
   114
420
    37446
100
AcDbHatch
 10
0.0
 20
0.0
 30
0.0
210
0.0
220
0.0
230
1.0
  2
SOLID
 70
     1
 71
     0
 91
        1
 92
        1
 93
        1
 72
     4
 94
        3
 73
     0
 74
     1
 95
       59
 96
       55
 40
0.0
 40
0.0
 40
0.0
 40
0.0
 40
1.0
 40
1.0
 40
1.0
 40
2.0
 40
2.0
 40
2.0
 40
3.0
 40
3.0
 40
3.0
 40
4.0
 40
4.0
 40
4.0
 40
5.0
 40
5.0
 40
5.0
 40
6.0
 40
6.0
 40
6.0
 40
7.0
 40
7.0
 40
7.0
 40
8.0
 40
8.0
 40
8.0
 40
9.0
 40
9.0
 40
9.0
 40
10.0
 40
10.0
 40
10.0
 40
11.0
 40
11.0
 40
11.0
 40
12.0
 40
12.0
 40
12.0
 40
13.0
 40
13.0
 40
13.0
 40
14.0
 40
14.0
 40
14.0
 40
15.0
 40
15.0
 40
15.0
 40
16.0
 40
16.0
 40
16.0
 40
17.0
 40
17.0
 40
17.0
 40
18.0
 40
18.0
 40
18.0
 40
18.0
 10
1423.895557664709
 20
-932.785150861062
 10
1423.895427352782
 20
-955.9039853658778
 10
1423.897186563805
 20
-979.0228198706936
 10
1423.893733297729
 20
-1002.141654375509
 10
1423.893146894054
 20
-1005.983380306672
 10
1423.882656783899
 20
-1005.996476655375
 10
1420.045296302305
 20
-1005.999213205849
 10
1409.7307163142
 20
-1006.00664098571
 10
1399.416201482058
 20
-1006.006445517818
 10
1389.101621493954
 20
-1005.999473829705
 10
1385.251360131548
 20
-1005.996867591155
 10
1385.236504571825
 20
-1005.982077187398
 10
1385.236243947969
 20
-1002.142240779183
 10
1385.233311929605
 20
-956.3491960657802
 10
1385.234289269059
 20
-910.556118774396
 10
1385.234158957133
 20
-864.763074060993
 10
1385.234158957133
 20
-863.9627959369554
 10
1385.143787635494
 20
-863.1504639596351
 10
1385.249666076492
 20
-862.3644875696273
 10
1385.596035179475
 20
-859.7927816827341
 10
1384.345431612384
 20
-859.2057264498762
 10
1382.005811268158
 20
-859.2624447162689
 10
1376.58503055694
 20
-859.3938642950343
 10
1371.157603937423
 20
-859.2348837436284
 10
1365.735454950966
 20
-859.3350284598218
 10
1363.600880424478
 20
-859.3744478178542
 10
1362.728051134869
 20
-858.7150043093352
 10
1362.746099336811
 20
-856.4603473417646
 10
1362.830215685935
 20
-845.9686408663638
 10
1362.82252728222
 20
-835.4756312716909
 10
1362.751181501979
 20
-824.9837293283999
 10
1362.736782034004
 20
-822.8595471781209
 10
1363.577880369296
 20
-822.2190966330172
 10
1365.597063684087
 20
-822.2221263853298
 10
1391.739069748211
 20
-822.2614154314351
 10
1417.8811409683
 20
-822.2641194039279
 10
1444.023147032425
 20
-822.2191292109992
 10
1446.160588421317
 20
-822.2154478990506
 10
1446.790842058101
 20
-823.1057064089455
 10
1446.781198975474
 20
-825.0985667144059
 10
1446.730312167834
 20
-835.5906967035698
 10
1446.725295158627
 20
-846.0833479404428
 10
1446.782632406677
 20
-856.5754453516247
 10
1446.794230168212
 20
-858.6763668228668
 10
1445.946876860409
 20
-859.3637948177911
 10
1443.913033453788
 20
-859.3313471478732
 10
1438.401425329183
 20
-859.2434191748716
 10
1432.88760190181
 20
-859.2981176063904
 10
1427.374625501969
 20
-859.3060340559787
 10
1423.907285738176
 20
-859.3109859092192
 10
1423.897642655549
 20
-859.3188697808264
 10
1423.897186563805
 20
-862.8951503159105
 10
1423.894189389473
 20
-886.1918280236223
 10
1423.895753132601
 20
-909.4884731533512
 10
1423.895557664709
 20
-932.785150861062
 97
        0
 97
        0
 75
     2
 76
     1
 98
        0
  0
SPLINE
  5
6D
330
41
100
AcDbEntity
  8
katman 1
370
     0
100
AcDbSpline
210
0.0
220
0.0
230
1.0
 70
    11
 71
     3
 72
    47
 73
    43
 74
     0
 42
0.0000000001
 43
0.0000000001
 12
1.0
 22
0.0
 32
0.0
 13
1.0
 23
0.0
 33
0.0
 40
0.0
 40
0.0
 40
0.0
 40
0.0
 40
1.0
 40
1.0
 40
1.0
 40
2.0
 40
2.0
 40
2.0
 40
3.0
 40
3.0
 40
3.0
 40
4.0
 40
4.0
 40
4.0
 40
5.0
 40
5.0
 40
5.0
 40
6.0
 40
6.0
 40
6.0
 40
7.0
 40
7.0
 40
7.0
 40
8.0
 40
8.0
 40
8.0
 40
9.0
 40
9.0
 40
9.0
 40
10.0
 40
10.0
 40
10.0
 40
11.0
 40
11.0
 40
11.0
 40
12.0
 40
12.0
 40
12.0
 40
13.0
 40
13.0
 40
13.0
 40
14.0
 40
14.0
 40
14.0
 40
14.0
 10
1208.634457628948
 20
-638.9720535771257
 30
0.0
 10
1208.634522784912
 20
-605.1792713664654
 30
0.0
 10
1208.633740913347
 20
-571.38648101131
 30
0.0
 10
1208.635500124366
 20
-537.5936988006506
 30
0.0
 10
1208.635760748222
 20
-533.028814972974
 30
0.0
 10
1208.64175509688
 20
-533.0242377665245
 30
0.0
 10
1213.210230647055
 20
-533.0223156655957
 30
0.0
 10
1221.569480164788
 20
-533.018797243557
 30
0.0
 10
1229.928794838481
 20
-533.0200107733799
 30
0.0
 10
1238.288044356212
 20
-533.0217781288957
 30
0.0
 10
1243.004619411859
 20
-533.0227717573416
 30
0.0
 10
1243.005466439387
 20
-533.0250277825844
 30
0.0
 10
1243.005466439387
 20
-537.8708315477152
 30
0.0
 10
1243.005661907277
 20
-591.2278646640161
 30
0.0
 10
1243.005531595349
 20
-644.5848814913252
 30
0.0
 10
1243.005922531131
 20
-697.9419146076252
 30
0.0
 10
1243.005922531131
 20
-702.0883586919817
 30
0.0
 10
1243.00768174215
 20
-702.0888310727178
 30
0.0
 10
1247.232264115963
 20
-702.0903296598826
 30
0.0
 10
1251.767640436583
 20
-702.0919422699844
 30
0.0
 10
1256.304645656295
 20
-702.1662526465743
 30
0.0
 10
1260.837546050294
 20
-702.0607162743854
 30
0.0
 10
1262.92370969576
 20
-702.0121262144621
 30
0.0
 10
1263.681082617706
 20
-702.8144404623654
 30
0.0
 10
1263.673850305739
 20
-704.8594092497879
 30
0.0
 10
1263.629609406391
 20
-717.3092316130096
 30
0.0
 10
1263.62166037882
 20
-729.7593960450395
 30
0.0
 10
1263.681603865418
 20
-742.2090718073432
 30
0.0
 10
1263.692093975571
 20
-744.4013419396806
 30
0.0
 10
1262.878165677139
 20
-745.1423932927228
 30
0.0
 10
1260.694463554029
 20
-745.1338578614796
 30
0.0
 10
1244.331911548212
 20
-745.0699724390797
 30
0.0
 10
1227.968447358904
 20
-745.0332244755582
 30
0.0
 10
1211.606612068688
 20
-745.1580307240092
 30
0.0
 10
1208.553208142224
 20
-745.18135655901
 30
0.0
 10
1208.623837206866
 20
-743.5061641545262
 30
0.0
 10
1208.625010014213
 20
-741.4175571604219
 30
0.0
 10
1208.639995885862
 20
-715.0058379845959
 30
0.0
 10
1208.634587940876
 20
-688.5941025197799
 30
0.0
 10
1208.634457628948
 20
-662.1823670549638
 30
0.0
 10
1208.634457628948
 20
-654.4456013253484
 30
0.0
 10
1208.634457628948
 20
-646.7088193067411
 30
0.0
 10
1208.634457628948
 20
-638.9720535771257
 30
0.0
  0
HATCH
  5
6E
330
41
100
AcDbEntity
  8
katman 1
 62
     7
420
 16777215
100
AcDbHatch
 10
0.0
 20
0.0
 30
0.0
210
0.0
220
0.0
230
1.0
  2
SOLID
 70
     1
 71
     0
 91
        1
 92
        1
 93
        1
 72
     4
 94
        3
 73
     0
 74
     1
 95
       47
 96
       43
 40
0.0
 40
0.0
 40
0.0
 40
0.0
 40
1.0
 40
1.0
 40
1.0
 40
2.0
 40
2.0
 40
2.0
 40
3.0
 40
3.0
 40
3.0
 40
4.0
 40
4.0
 40
4.0
 40
5.0
 40
5.0
 40
5.0
 40
6.0
 40
6.0
 40
6.0
 40
7.0
 40
7.0
 40
7.0
 40
8.0
 40
8.0
 40
8.0
 40
9.0
 40
9.0
 40
9.0
 40
10.0
 40
10.0
 40
10.0
 40
11.0
 40
11.0
 40
11.0
 40
12.0
 40
12.0
 40
12.0
 40
13.0
 40
13.0
 40
13.0
 40
14.0
 40
14.0
 40
14.0
 40
14.0
 10
1208.634457628948
 20
-638.9720535771257
 10
1208.634522784912
 20
-605.1792713664654
 10
1208.633740913347
 20
-571.38648101131
 10
1208.635500124366
 20
-537.5936988006506
 10
1208.635760748222
 20
-533.028814972974
 10
1208.64175509688
 20
-533.0242377665245
 10
1213.210230647055
 20
-533.0223156655957
 10
1221.569480164788
 20
-533.018797243557
 10
1229.928794838481
 20
-533.0200107733799
 10
1238.288044356212
 20
-533.0217781288957
 10
1243.004619411859
 20
-533.0227717573416
 10
1243.005466439387
 20
-533.0250277825844
 10
1243.005466439387
 20
-537.8708315477152
 10
1243.005661907277
 20
-591.2278646640161
 10
1243.005531595349
 20
-644.5848814913252
 10
1243.005922531131
 20
-697.9419146076252
 10
1243.005922531131
 20
-702.0883586919817
 10
1243.00768174215
 20
-702.0888310727178
 10
1247.232264115963
 20
-702.0903296598826
 10
1251.767640436583
 20
-702.0919422699844
 10
1256.304645656295
 20
-702.1662526465743
 10
1260.837546050294
 20
-702.0607162743854
 10
1262.92370969576
 20
-702.0121262144621
 10
1263.681082617706
 20
-702.8144404623654
 10
1263.673850305739
 20
-704.8594092497879
 10
1263.629609406391
 20
-717.3092316130096
 10
1263.62166037882
 20
-729.7593960450395
 10
1263.681603865418
 20
-742.2090718073432
 10
1263.692093975571
 20
-744.4013419396806
 10
1262.878165677139
 20
-745.1423932927228
 10
1260.694463554029
 20
-745.1338578614796
 10
1244.331911548212
 20
-745.0699724390797
 10
1227.968447358904
 20
-745.0332244755582
 10
1211.606612068688
 20
-745.1580307240092
 10
1208.553208142224
 20
-745.18135655901
 10
1208.623837206866
 20
-743.5061641545262
 10
1208.625010014213
 20
-741.4175571604219
 10
1208.639995885862
 20
-715.0058379845959
 10
1208.634587940876
 20
-688.5941025197799
 10
1208.634457628948
 20
-662.1823670549638
 10
1208.634457628948
 20
-654.4456013253484
 10
1208.634457628948
 20
-646.7088193067411
 10
1208.634457628948
 20
-638.9720535771257
 97
        0
 97
        0
 75
     2
 76
     1
 98
        0
  0
SPLINE
  5
6F
330
41
100
AcDbEntity
  8
katman 1
370
     0
100
AcDbSpline
210
0.0
220
0.0
230
1.0
 70
    11
 71
     3
 72
    47
 73
    43
 74
     0
 42
0.0000000001
 43
0.0000000001
 12
1.0
 22
0.0
 32
0.0
 13
1.0
 23
0.0
 33
0.0
 40
0.0
 40
0.0
 40
0.0
 40
0.0
 40
1.0
 40
1.0
 40
1.0
 40
2.0
 40
2.0
 40
2.0
 40
3.0
 40
3.0
 40
3.0
 40
4.0
 40
4.0
 40
4.0
 40
5.0
 40
5.0
 40
5.0
 40
6.0
 40
6.0
 40
6.0
 40
7.0
 40
7.0
 40
7.0
 40
8.0
 40
8.0
 40
8.0
 40
9.0
 40
9.0
 40
9.0
 40
10.0
 40
10.0
 40
10.0
 40
11.0
 40
11.0
 40
11.0
 40
12.0
 40
12.0
 40
12.0
 40
13.0
 40
13.0
 40
13.0
 40
14.0
 40
14.0
 40
14.0
 40
14.0
 10
1379.561680758174
 20
-548.5994858295744
 30
0.0
 10
1379.691797217663
 20
-558.2888943460612
 30
0.0
 10
1379.487012023783
 20
-568.5976754533976
 30
0.0
 10
1376.913546925871
 20
-578.6692155524388
 30
0.0
 10
1374.512093572102
 20
-588.0675886681092
 30
0.0
 10
1369.644356680694
 20
-595.8122382693309
 30
0.0
 10
1361.028979069692
 20
-600.76928769797
 30
0.0
 10
1357.574931122492
 20
-602.756691191471
 30
0.0
 10
1357.040782532153
 20
-602.3849927076026
 30
0.0
 10
1357.020975119191
 20
-598.3768584451736
 30
0.0
 10
1357.012179064091
 20
-596.5988662189757
 30
0.0
 10
1357.087369046192
 20
-594.817665061566
 30
0.0
 10
1357.004816440194
 20
-593.0434681702545
 30
0.0
 10
1356.83775654929
 20
-589.4472661992704
 30
0.0
 10
1356.811368383995
 20
-585.9861325410193
 30
0.0
 10
1359.867183081114
 20
-583.2634114192806
 30
0.0
 10
1360.966299032621
 20
-582.2841335739922
 30
0.0
 10
1361.322636998049
 20
-580.6483768165326
 30
0.0
 10
1361.774167826428
 20
-579.1973372161383
 30
0.0
 10
1362.848198731917
 20
-575.7457489065682
 30
0.0
 10
1362.797116456382
 20
-575.5542555292795
 30
0.0
 10
1359.18662904036
 20
-575.3373350371603
 30
0.0
 10
1357.097207596707
 20
-575.2118283621003
 30
0.0
 10
1357.022278238463
 20
-573.928760836101
 30
0.0
 10
1357.022538862318
 20
-572.4210925587631
 30
0.0
 10
1357.02345104581
 20
-566.4647461149925
 30
0.0
 10
1357.019476532025
 20
-560.5083996712219
 30
0.0
 10
1357.019346220097
 20
-554.5520532274504
 30
0.0
 10
1357.019215908171
 20
-548.4179043032618
 30
0.0
 10
1357.080136734221
 20
-542.2829083515453
 30
0.0
 10
1356.992241339201
 20
-536.1500381131436
 30
0.0
 10
1356.959598201393
 20
-533.8768198404159
 30
0.0
 10
1357.782257398958
 20
-532.9528186858233
 30
0.0
 10
1360.101940018292
 20
-532.9939320989124
 30
0.0
 10
1365.612049555733
 20
-533.091600888486
 30
0.0
 10
1371.12593813907
 20
-533.0825767875149
 30
0.0
 10
1376.636438612291
 20
-532.996978140216
 30
0.0
 10
1378.807435322484
 20
-532.9632680735012
 30
0.0
 10
1379.661239070694
 20
-533.7580486631023
 30
0.0
 10
1379.595431547365
 20
-535.9662982955342
 30
0.0
 10
1379.476326445736
 20
-539.9632908881731
 30
0.0
 10
1379.561680758174
 20
-543.9663592744264
 30
0.0
 10
1379.561680758174
 20
-548.5994858295744
 30
0.0
  0
HATCH
  5
70
330
41
100
AcDbEntity
  8
katman 1
 62
     7
420
 16777215
100
AcDbHatch
 10
0.0
 20
0.0
 30
0.0
210
0.0
220
0.0
230
1.0
  2
SOLID
 70
     1
 71
     0
 91
        1
 92
        1
 93
        1
 72
     4
 94
        3
 73
     0
 74
     1
 95
       47
 96
       43
 40
0.0
 40
0.0
 40
0.0
 40
0.0
 40
1.0
 40
1.0
 40
1.0
 40
2.0
 40
2.0
 40
2.0
 40
3.0
 40
3.0
 40
3.0
 40
4.0
 40
4.0
 40
4.0
 40
5.0
 40
5.0
 40
5.0
 40
6.0
 40
6.0
 40
6.0
 40
7.0
 40
7.0
 40
7.0
 40
8.0
 40
8.0
 40
8.0
 40
9.0
 40
9.0
 40
9.0
 40
10.0
 40
10.0
 40
10.0
 40
11.0
 40
11.0
 40
11.0
 40
12.0
 40
12.0
 40
12.0
 40
13.0
 40
13.0
 40
13.0
 40
14.0
 40
14.0
 40
14.0
 40
14.0
 10
1379.561680758174
 20
-548.5994858295744
 10
1379.691797217663
 20
-558.2888943460612
 10
1379.487012023783
 20
-568.5976754533976
 10
1376.913546925871
 20
-578.6692155524388
 10
1374.512093572102
 20
-588.0675886681092
 10
1369.644356680694
 20
-595.8122382693309
 10
1361.028979069692
 20
-600.76928769797
 10
1357.574931122492
 20
-602.756691191471
 10
1357.040782532153
 20
-602.3849927076026
 10
1357.020975119191
 20
-598.3768584451736
 10
1357.012179064091
 20
-596.5988662189757
 10
1357.087369046192
 20
-594.817665061566
 10
1357.004816440194
 20
-593.0434681702545
 10
1356.83775654929
 20
-589.4472661992704
 10
1356.811368383995
 20
-585.9861325410193
 10
1359.867183081114
 20
-583.2634114192806
 10
1360.966299032621
 20
-582.2841335739922
 10
1361.322636998049
 20
-580.6483768165326
 10
1361.774167826428
 20
-579.1973372161383
 10
1362.848198731917
 20
-575.7457489065682
 10
1362.797116456382
 20
-575.5542555292795
 10
1359.18662904036
 20
-575.3373350371603
 10
1357.097207596707
 20
-575.2118283621003
 10
1357.022278238463
 20
-573.928760836101
 10
1357.022538862318
 20
-572.4210925587631
 10
1357.02345104581
 20
-566.4647461149925
 10
1357.019476532025
 20
-560.5083996712219
 10
1357.019346220097
 20
-554.5520532274504
 10
1357.019215908171
 20
-548.4179043032618
 10
1357.080136734221
 20
-542.2829083515453
 10
1356.992241339201
 20
-536.1500381131436
 10
1356.959598201393
 20
-533.8768198404159
 10
1357.782257398958
 20
-532.9528186858233
 10
1360.101940018292
 20
-532.9939320989124
 10
1365.612049555733
 20
-533.091600888486
 10
1371.12593813907
 20
-533.0825767875149
 10
1376.636438612291
 20
-532.996978140216
 10
1378.807435322484
 20
-532.9632680735012
 10
1379.661239070694
 20
-533.7580486631023
 10
1379.595431547365
 20
-535.9662982955342
 10
1379.476326445736
 20
-539.9632908881731
 10
1379.561680758174
 20
-543.9663592744264
 10
1379.561680758174
 20
-548.5994858295744
 97
        0
 97
        0
 75
     2
 76
     1
 98
        0
  0
ENDBLK
  5
44
330
41
100
AcDbEntity
  8
0
100
AcDbBlockEnd
  0
ENDSEC
  0
SECTION
  2
ENTITIES
  0
INSERT
  5
42
330
1F
100
AcDbEntity
  8
katman 1
100
AcDbBlockReference
  2
block 2
 10
0.0
 20
0.0
 30
0.0
  0
ENDSEC
  0
SECTION
  2
OBJECTS
  0
DICTIONARY
  5
C
330
0
100
AcDbDictionary
281
     1
  3
ACAD_GROUP
350
D
  3
ACAD_LAYOUT
350
1A
  3
ACAD_MATERIAL
350
3B
  3
ACAD_MLEADERSTYLE
350
72
  3
ACAD_MLINESTYLE
350
17
  3
ACAD_PLOTSETTINGS
350
19
  3
ACAD_PLOTSTYLENAME
350
E
  3
ACAD_TABLESTYLE
350
71
  3
ACAD_VISUALSTYLE
350
2A
  0
SUN
  5
3F
330
29
100
AcDbSun
 90
        1
290
     0
 63
     7
421
 16777215
 40
1.0
291
     1
 91
  2455826
 92
 54000000
292
     0
 70
     2
 71
   256
280
     1
  0
DICTIONARY
  5
D
102
{ACAD_REACTORS
330
C
102
}
330
C
100
AcDbDictionary
281
     1
  0
DICTIONARY
  5
1A
102
{ACAD_REACTORS
330
C
102
}
330
C
100
AcDbDictionary
281
     1
  3
Layout1
350
1E
  3
Layout2
350
26
  3
Model
350
22
  0
DICTIONARY
  5
3B
102
{ACAD_REACTORS
330
C
102
}
330
C
100
AcDbDictionary
281
     1
  3
ByBlock
350
3D
  3
ByLayer
350
3C
  3
Global
350
3E
  0
DICTIONARY
  5
72
102
{ACAD_REACTORS
330
C
102
}
330
C
100
AcDbDictionary
281
     1
  0
DICTIONARY
  5
17
102
{ACAD_REACTORS
330
C
102
}
330
C
100
AcDbDictionary
281
     1
  3
Standard
350
18
  0
DICTIONARY
  5
19
102
{ACAD_REACTORS
330
C
102
}
330
C
100
AcDbDictionary
281
     1
  0
ACDBDICTIONARYWDFLT
  5
E
102
{ACAD_REACTORS
330
C
102
}
330
C
100
AcDbDictionary
281
     1
  3
Normal
350
F
100
AcDbDictionaryWithDefault
340
F
  0
DICTIONARY
  5
71
102
{ACAD_REACTORS
330
C
102
}
330
C
100
AcDbDictionary
281
     1
  0
DICTIONARY
  5
2A
102
{ACAD_REACTORS
330
C
102
}
330
C
100
AcDbDictionary
281
     1
  3
2dWireframe
350
2F
  3
3D Hidden
350
31
  3
3dWireframe
350
30
  3
Basic
350
32
  3
Brighten
350
36
  3
ColorChange
350
3A
  3
Conceptual
350
34
  3
Dim
350
35
  3
Facepattern
350
39
  3
Flat
350
2B
  3
FlatWithEdges
350
2C
  3
Gouraud
350
2D
  3
GouraudWithEdges
350
2E
  3
Linepattern
350
38
  3
Realistic
350
33
  3
Thicken
350
37
  0
LAYOUT
  5
1E
102
{ACAD_REACTORS
330
1A
102
}
330
1A
100
AcDbPlotSettings
  1

  2
none_device
  4

  6

 40
0.0
 41
0.0
 42
0.0
 43
0.0
 44
0.0
 45
0.0
 46
0.0
 47
0.0
 48
0.0
 49
0.0
140
0.0
141
0.0
142
1.0
143
1.0
 70
   688
 72
     0
 73
     0
 74
     5
  7

 75
    16
 76
     0
 77
     2
 78
   300
147
1.0
148
0.0
149
0.0
100
AcDbLayout
  1
Layout1
 70
     1
 71
     1
 10
0.0
 20
0.0
 11
12.0
 21
9.0
 12
0.0
 22
0.0
 32
0.0
 14
1.000000000000000E+20
 24
1.000000000000000E+20
 34
1.000000000000000E+20
 15
-1.000000000000000E+20
 25
-1.000000000000000E+20
 35
-1.000000000000000E+20
146
0.0
 13
0.0
 23
0.0
 33
0.0
 16
1.0
 26
0.0
 36
0.0
 17
0.0
 27
1.0
 37
0.0
 76
     0
330
1B
  0
LAYOUT
  5
26
102
{ACAD_REACTORS
330
1A
102
}
330
1A
100
AcDbPlotSettings
  1

  2
none_device
  4

  6

 40
0.0
 41
0.0
 42
0.0
 43
0.0
 44
0.0
 45
0.0
 46
0.0
 47
0.0
 48
0.0
 49
0.0
140
0.0
141
0.0
142
1.0
143
1.0
 70
   688
 72
     0
 73
     0
 74
     5
  7

 75
    16
 76
     0
 77
     2
 78
   300
147
1.0
148
0.0
149
0.0
100
AcDbLayout
  1
Layout2
 70
     1
 71
     2
 10
0.0
 20
0.0
 11
0.0
 21
0.0
 12
0.0
 22
0.0
 32
0.0
 14
0.0
 24
0.0
 34
0.0
 15
0.0
 25
0.0
 35
0.0
146
0.0
 13
0.0
 23
0.0
 33
0.0
 16
1.0
 26
0.0
 36
0.0
 17
0.0
 27
1.0
 37
0.0
 76
     0
330
23
  0
LAYOUT
  5
22
102
{ACAD_REACTORS
330
1A
102
}
330
1A
100
AcDbPlotSettings
  1

  2
none_device
  4

  6

 40
0.0
 41
0.0
 42
0.0
 43
0.0
 44
0.0
 45
0.0
 46
0.0
 47
0.0
 48
0.0
 49
0.0
140
0.0
141
0.0
142
1.0
143
1.0
 70
  1712
 72
     0
 73
     0
 74
     0
  7

 75
     0
 76
     0
 77
     2
 78
   300
147
1.0
148
0.0
149
0.0
100
AcDbLayout
  1
Model
 70
     1
 71
     0
 10
0.0
 20
0.0
 11
12.0
 21
9.0
 12
0.0
 22
0.0
 32
0.0
 14
1.000000000000000E+20
 24
1.000000000000000E+20
 34
1.000000000000000E+20
 15
-1.000000000000000E+20
 25
-1.000000000000000E+20
 35
-1.000000000000000E+20
146
0.0
 13
0.0
 23
0.0
 33
0.0
 16
1.0
 26
0.0
 36
0.0
 17
0.0
 27
1.0
 37
0.0
 76
     0
330
1F
331
29
  0
MATERIAL
  5
3D
102
{ACAD_REACTORS
330
3B
102
}
330
3B
100
AcDbMaterial
  1
ByBlock
 72
     1
 94
      127
  0
MATERIAL
  5
3C
102
{ACAD_REACTORS
330
3B
102
}
330
3B
100
AcDbMaterial
  1
ByLayer
 72
     1
 94
      127
  0
MATERIAL
  5
3E
102
{ACAD_REACTORS
330
3B
102
}
330
3B
100
AcDbMaterial
  1
Global
 72
     1
 94
      127
  0
MLINESTYLE
  5
18
102
{ACAD_REACTORS
330
17
102
}
330
17
100
AcDbMlineStyle
  2
Standard
 70
     0
  3

 62
   256
 51
90.0
 52
90.0
 71
     2
 49
0.5
 62
   256
  6
BYLAYER
 49
-0.5
 62
   256
  6
BYLAYER
  0
ACDBPLACEHOLDER
  5
F
102
{ACAD_REACTORS
330
E
102
}
330
E
  0
VISUALSTYLE
  5
2F
102
{ACAD_REACTORS
330
2A
102
}
330
2A
100
AcDbVisualStyle
  2
2dWireframe
 70
     4
177
     2
291
     0
 71
     0
176
     1
 72
     2
176
     1
 73
     0
176
     1
 90
        0
176
     1
 40
-0.6
176
     1
 41
-30.0
176
     1
 62
     5
 63
     7
421
 16777215
176
     1
 74
     1
176
     1
 91
        4
176
     1
 64
     7
176
     1
 65
   257
176
     1
 75
     1
176
     1
175
     1
176
     1
 42
1.0
176
     1
 92
        0
176
     1
 66
   257
176
     1
 43
1.0
176
     1
 76
     1
176
     1
 77
     6
176
     1
 78
     2
176
     1
 67
     7
176
     1
 79
     5
176
     1
170
     0
176
     1
171
     0
176
     1
290
     0
176
     1
 93
        1
176
     1
 44
0.0
176
     1
173
     0
176
     1
  0
VISUALSTYLE
  5
31
102
{ACAD_REACTORS
330
2A
102
}
330
2A
100
AcDbVisualStyle
  2
3D Hidden
 70
     6
177
     2
291
     0
 71
     1
176
     1
 72
     2
176
     1
 73
     2
176
     1
 90
        0
176
     1
 40
-0.6
176
     1
 41
-30.0
176
     1
 62
     5
 63
     7
421
 16777215
176
     1
 74
     2
176
     1
 91
        2
176
     1
 64
     7
176
     1
 65
   257
176
     1
 75
     2
176
     1
175
     1
176
     1
 42
40.0
176
     1
 92
        0
176
     1
 66
   257
176
     1
 43
1.0
176
     1
 76
     1
176
     1
 77
     6
176
     1
 78
     2
176
     1
 67
     7
176
     1
 79
     3
176
     1
170
     0
176
     1
171
     0
176
     1
290
     0
176
     1
 93
        1
176
     1
 44
0.0
176
     1
173
     0
176
     1
  0
VISUALSTYLE
  5
30
102
{ACAD_REACTORS
330
2A
102
}
330
2A
100
AcDbVisualStyle
  2
3dWireframe
 70
     5
177
     2
291
     0
 71
     0
176
     1
 72
     2
176
     1
 73
     0
176
     1
 90
        0
176
     1
 40
-0.6
176
     1
 41
-30.0
176
     1
 62
     5
 63
     7
421
 16777215
176
     1
 74
     1
176
     1
 91
        4
176
     1
 64
     7
176
     1
 65
   257
176
     1
 75
     1
176
     1
175
     1
176
     1
 42
1.0
176
     1
 92
        0
176
     1
 66
   257
176
     1
 43
1.0
176
     1
 76
     1
176
     1
 77
     6
176
     1
 78
     2
176
     1
 67
     7
176
     1
 79
     5
176
     1
170
     0
176
     1
171
     0
176
     1
290
     0
176
     1
 93
        1
176
     1
 44
0.0
176
     1
173
     0
176
     1
  0
VISUALSTYLE
  5
32
102
{ACAD_REACTORS
330
2A
102
}
330
2A
100
AcDbVisualStyle
  2
Basic
 70
     7
177
     2
291
     1
 71
     1
176
     1
 72
     0
176
     1
 73
     1
176
     1
 90
        0
176
     1
 40
-0.6
176
     1
 41
-30.0
176
     1
 62
     5
 63
     7
421
 16777215
176
     1
 74
     0
176
     1
 91
        4
176
     1
 64
     7
176
     1
 65
   257
176
     1
 75
     1
176
     1
175
     1
176
     1
 42
1.0
176
     1
 92
        8
176
     1
 66
     7
176
     1
 43
1.0
176
     1
 76
     1
176
     1
 77
     6
176
     1
 78
     2
176
     1
 67
     7
176
     1
 79
     5
176
     1
170
     0
176
     1
171
     0
176
     1
290
     0
176
     1
 93
        1
176
     1
 44
0.0
176
     1
173
     0
176
     1
  0
VISUALSTYLE
  5
36
102
{ACAD_REACTORS
330
2A
102
}
330
2A
100
AcDbVisualStyle
  2
Brighten
 70
    12
177
     2
291
     1
 71
     2
176
     1
 72
     2
176
     1
 73
     0
176
     1
 90
        0
176
     1
 40
-0.6
176
     1
 41
-30.0
176
     1
 62
     5
 63
     7
421
 16777215
176
     1
 74
     1
176
     1
 91
        4
176
     1
 64
     7
176
     1
 65
   257
176
     1
 75
     1
176
     1
175
     1
176
     1
 42
1.0
176
     1
 92
        8
176
     1
 66
     7
176
     1
 43
1.0
176
     1
 76
     1
176
     1
 77
     6
176
     1
 78
     2
176
     1
 67
     7
176
     1
 79
     5
176
     1
170
     0
176
     1
171
     0
176
     1
290
     0
176
     1
 93
        1
176
     1
 44
50.0
176
     1
173
     0
176
     1
  0
VISUALSTYLE
  5
3A
102
{ACAD_REACTORS
330
2A
102
}
330
2A
100
AcDbVisualStyle
  2
ColorChange
 70
    16
177
     2
291
     1
 71
     2
176
     1
 72
     2
176
     1
 73
     3
176
     1
 90
        0
176
     1
 40
-0.6
176
     1
 41
-30.0
176
     1
 62
     5
 63
     8
421
  8421504
176
     1
 74
     1
176
     1
 91
        4
176
     1
 64
     7
176
     1
 65
   257
176
     1
 75
     1
176
     1
175
     1
176
     1
 42
1.0
176
     1
 92
        8
176
     1
 66
     8
424
  8421504
176
     1
 43
1.0
176
     1
 76
     1
176
     1
 77
     6
176
     1
 78
     2
176
     1
 67
     7
176
     1
 79
     5
176
     1
170
     0
176
     1
171
     0
176
     1
290
     0
176
     1
 93
        1
176
     1
 44
0.0
176
     1
173
     0
176
     1
  0
VISUALSTYLE
  5
34
102
{ACAD_REACTORS
330
2A
102
}
330
2A
100
AcDbVisualStyle
  2
Conceptual
 70
     9
177
     2
291
     0
 71
     3
176
     1
 72
     2
176
     1
 73
     0
176
     1
 90
        0
176
     1
 40
-0.6
176
     1
 41
-30.0
176
     1
 62
     5
 63
     7
421
 16777215
176
     1
 74
     2
176
     1
 91
        2
176
     1
 64
     7
176
     1
 65
   257
176
     1
 75
     1
176
     1
175
     1
176
     1
 42
40.0
176
     1
 92
        8
176
     1
 66
     7
176
     1
 43
1.0
176
     1
 76
     1
176
     1
 77
     6
176
     1
 78
     2
176
     1
 67
     7
176
     1
 79
     3
176
     1
170
     0
176
     1
171
     0
176
     1
290
     0
176
     1
 93
        1
176
     1
 44
0.0
176
     1
173
     0
176
     1
  0
VISUALSTYLE
  5
35
102
{ACAD_REACTORS
330
2A
102
}
330
2A
100
AcDbVisualStyle
  2
Dim
 70
    11
177
     2
291
     1
 71
     2
176
     1
 72
     2
176
     1
 73
     0
176
     1
 90
        0
176
     1
 40
-0.6
176
     1
 41
-30.0
176
     1
 62
     5
 63
     7
421
 16777215
176
     1
 74
     1
176
     1
 91
        4
176
     1
 64
     7
176
     1
 65
   257
176
     1
 75
     1
176
     1
175
     1
176
     1
 42
1.0
176
     1
 92
        8
176
     1
 66
     7
176
     1
 43
1.0
176
     1
 76
     1
176
     1
 77
     6
176
     1
 78
     2
176
     1
 67
     7
176
     1
 79
     5
176
     1
170
     0
176
     1
171
     0
176
     1
290
     0
176
     1
 93
        1
176
     1
 44
-50.0
176
     1
173
     0
176
     1
  0
VISUALSTYLE
  5
39
102
{ACAD_REACTORS
330
2A
102
}
330
2A
100
AcDbVisualStyle
  2
Facepattern
 70
    15
177
     2
291
     1
 71
     2
176
     1
 72
     2
176
     1
 73
     0
176
     1
 90
        0
176
     1
 40
-0.6
176
     1
 41
-30.0
176
     1
 62
     5
 63
     7
421
 16777215
176
     1
 74
     1
176
     1
 91
        4
176
     1
 64
     7
176
     1
 65
   257
176
     1
 75
     1
176
     1
175
     1
176
     1
 42
1.0
176
     1
 92
        8
176
     1
 66
     7
176
     1
 43
1.0
176
     1
 76
     1
176
     1
 77
     6
176
     1
 78
     2
176
     1
 67
     7
176
     1
 79
     5
176
     1
170
     0
176
     1
171
     0
176
     1
290
     0
176
     1
 93
        1
176
     1
 44
0.0
176
     1
173
     0
176
     1
  0
VISUALSTYLE
  5
2B
102
{ACAD_REACTORS
330
2A
102
}
330
2A
100
AcDbVisualStyle
  2
Flat
 70
     0
177
     2
291
     1
 71
     2
176
     1
 72
     1
176
     1
 73
     1
176
     1
 90
        2
176
     1
 40
-0.6
176
     1
 41
30.0
176
     1
 62
     5
 63
     7
421
 16777215
176
     1
 74
     0
176
     1
 91
        4
176
     1
 64
     7
176
     1
 65
   257
176
     1
 75
     1
176
     1
175
     1
176
     1
 42
1.0
176
     1
 92
        8
176
     1
 66
     7
176
     1
 43
1.0
176
     1
 76
     1
176
     1
 77
     6
176
     1
 78
     2
176
     1
 67
     7
176
     1
 79
     5
176
     1
170
     0
176
     1
171
     0
176
     1
290
     0
176
     1
 93
       13
176
     1
 44
0.0
176
     1
173
     0
176
     1
  0
VISUALSTYLE
  5
2C
102
{ACAD_REACTORS
330
2A
102
}
330
2A
100
AcDbVisualStyle
  2
FlatWithEdges
 70
     1
177
     2
291
     1
 71
     2
176
     1
 72
     1
176
     1
 73
     1
176
     1
 90
        2
176
     1
 40
-0.6
176
     1
 41
30.0
176
     1
 62
     5
 63
     7
421
 16777215
176
     1
 74
     1
176
     1
 91
        4
176
     1
 64
     7
176
     1
 65
   257
176
     1
 75
     1
176
     1
175
     1
176
     1
 42
1.0
176
     1
 92
        0
176
     1
 66
   257
176
     1
 43
1.0
176
     1
 76
     1
176
     1
 77
     6
176
     1
 78
     2
176
     1
 67
     7
176
     1
 79
     5
176
     1
170
     0
176
     1
171
     0
176
     1
290
     0
176
     1
 93
       13
176
     1
 44
0.0
176
     1
173
     0
176
     1
  0
VISUALSTYLE
  5
2D
102
{ACAD_REACTORS
330
2A
102
}
330
2A
100
AcDbVisualStyle
  2
Gouraud
 70
     2
177
     2
291
     1
 71
     2
176
     1
 72
     2
176
     1
 73
     1
176
     1
 90
        2
176
     1
 40
-0.6
176
     1
 41
30.0
176
     1
 62
     5
 63
     7
421
 16777215
176
     1
 74
     0
176
     1
 91
        4
176
     1
 64
     7
176
     1
 65
   257
176
     1
 75
     1
176
     1
175
     1
176
     1
 42
1.0
176
     1
 92
        0
176
     1
 66
     7
176
     1
 43
1.0
176
     1
 76
     1
176
     1
 77
     6
176
     1
 78
     2
176
     1
 67
     7
176
     1
 79
     5
176
     1
170
     0
176
     1
171
     0
176
     1
290
     0
176
     1
 93
       13
176
     1
 44
0.0
176
     1
173
     0
176
     1
  0
VISUALSTYLE
  5
2E
102
{ACAD_REACTORS
330
2A
102
}
330
2A
100
AcDbVisualStyle
  2
GouraudWithEdges
 70
     3
177
     2
291
     1
 71
     2
176
     1
 72
     2
176
     1
 73
     1
176
     1
 90
        2
176
     1
 40
-0.6
176
     1
 41
30.0
176
     1
 62
     5
 63
     7
421
 16777215
176
     1
 74
     1
176
     1
 91
        4
176
     1
 64
     7
176
     1
 65
   257
176
     1
 75
     1
176
     1
175
     1
176
     1
 42
1.0
176
     1
 92
        0
176
     1
 66
   257
176
     1
 43
1.0
176
     1
 76
     1
176
     1
 77
     6
176
     1
 78
     2
176
     1
 67
     7
176
     1
 79
     5
176
     1
170
     0
176
     1
171
     0
176
     1
290
     0
176
     1
 93
       13
176
     1
 44
0.0
176
     1
173
     0
176
     1
  0
VISUALSTYLE
  5
38
102
{ACAD_REACTORS
330
2A
102
}
330
2A
100
AcDbVisualStyle
  2
Linepattern
 70
    14
177
     2
291
     1
 71
     2
176
     1
 72
     2
176
     1
 73
     0
176
     1
 90
        0
176
     1
 40
-0.6
176
     1
 41
-30.0
176
     1
 62
     5
 63
     7
421
 16777215
176
     1
 74
     1
176
     1
 91
        4
176
     1
 64
     7
176
     1
 65
   257
176
     1
 75
     7
176
     1
175
     7
176
     1
 42
1.0
176
     1
 92
        8
176
     1
 66
     7
176
     1
 43
1.0
176
     1
 76
     1
176
     1
 77
     6
176
     1
 78
     2
176
     1
 67
     7
176
     1
 79
     5
176
     1
170
     0
176
     1
171
     0
176
     1
290
     0
176
     1
 93
        1
176
     1
 44
0.0
176
     1
173
     0
176
     1
  0
VISUALSTYLE
  5
33
102
{ACAD_REACTORS
330
2A
102
}
330
2A
100
AcDbVisualStyle
  2
Realistic
 70
     8
177
     2
291
     0
 71
     2
176
     1
 72
     2
176
     1
 73
     0
176
     1
 90
        0
176
     1
 40
-0.6
176
     1
 41
-30.0
176
     1
 62
     5
 63
     7
421
 16777215
176
     1
 74
     1
176
     1
 91
        0
176
     1
 64
     7
176
     1
 65
   257
176
     1
 75
     1
176
     1
175
     1
176
     1
 42
1.0
176
     1
 92
        8
176
     1
 66
     8
424
  7895160
176
     1
 43
1.0
176
     1
 76
     1
176
     1
 77
     6
176
     1
 78
     2
176
     1
 67
     7
176
     1
 79
     5
176
     1
170
     0
176
     1
171
     0
176
     1
290
     0
176
     1
 93
       13
176
     1
 44
0.0
176
     1
173
     0
176
     1
  0
VISUALSTYLE
  5
37
102
{ACAD_REACTORS
330
2A
102
}
330
2A
100
AcDbVisualStyle
  2
Thicken
 70
    13
177
     2
291
     1
 71
     2
176
     1
 72
     2
176
     1
 73
     0
176
     1
 90
        0
176
     1
 40
-0.6
176
     1
 41
-30.0
176
     1
 62
     5
 63
     7
421
 16777215
176
     1
 74
     1
176
     1
 91
        4
176
     1
 64
     7
176
     1
 65
   257
176
     1
 75
     1
176
     1
175
     1
176
     1
 42
1.0
176
     1
 92
       12
176
     1
 66
     7
176
     1
 43
1.0
176
     1
 76
     1
176
     1
 77
     6
176
     1
 78
     2
176
     1
 67
     7
176
     1
 79
     5
176
     1
170
     0
176
     1
171
     0
176
     1
290
     0
176
     1
 93
        1
176
     1
 44
0.0
176
     1
173
     0
176
     1
  0
ENDSEC
  0
EOF
