  0
SECTION
  2
HEADER
  9
$ACADVER
  1
AC1024
  9
$ACADMAINTVER
 70
     6
  9
$DWGCODEPAGE
  3
ANSI_1254
  9
$INSBASE
 10
0.0
 20
0.0
 30
0.0
  9
$EXTMIN
 10
1.000000000000000E+20
 20
1.000000000000000E+20
 30
1.000000000000000E+20
  9
$EXTMAX
 10
-1.000000000000000E+20
 20
-1.000000000000000E+20
 30
-1.000000000000000E+20
  9
$LIMMIN
 10
0.0
 20
0.0
  9
$LIMMAX
 10
12.0
 20
9.0
  9
$ORTHOMODE
 70
     0
  9
$REGENMODE
 70
     1
  9
$FILLMODE
 70
     1
  9
$QTEXTMODE
 70
     0
  9
$MIRRTEXT
 70
     1
  9
$LTSCALE
 40
1.0
  9
$ATTMODE
 70
     1
  9
$TEXTSIZE
 40
0.2
  9
$TRACEWID
 40
0.05
  9
$TEXTSTYLE
  7
Standard
  9
$CLAYER
  8
0
  9
$CELTYPE
  6
ByLayer
  9
$CECOLOR
 62
   256
  9
$CELTSCALE
 40
1.0
  9
$DISPSILH
 70
     0
  9
$DIMSCALE
 40
1.0
  9
$DIMASZ
 40
0.18
  9
$DIMEXO
 40
0.0625
  9
$DIMDLI
 40
0.38
  9
$DIMRND
 40
0.0
  9
$DIMDLE
 40
0.0
  9
$DIMEXE
 40
0.18
  9
$DIMTP
 40
0.0
  9
$DIMTM
 40
0.0
  9
$DIMTXT
 40
0.18
  9
$DIMCEN
 40
0.09
  9
$DIMTSZ
 40
0.0
  9
$DIMTOL
 70
     0
  9
$DIMLIM
 70
     0
  9
$DIMTIH
 70
     1
  9
$DIMTOH
 70
     1
  9
$DIMSE1
 70
     0
  9
$DIMSE2
 70
     0
  9
$DIMTAD
 70
     0
  9
$DIMZIN
 70
     0
  9
$DIMBLK
  1

  9
$DIMASO
 70
     1
  9
$DIMSHO
 70
     1
  9
$DIMPOST
  1

  9
$DIMAPOST
  1

  9
$DIMALT
 70
     0
  9
$DIMALTD
 70
     2
  9
$DIMALTF
 40
25.4
  9
$DIMLFAC
 40
1.0
  9
$DIMTOFL
 70
     0
  9
$DIMTVP
 40
0.0
  9
$DIMTIX
 70
     0
  9
$DIMSOXD
 70
     0
  9
$DIMSAH
 70
     0
  9
$DIMBLK1
  1

  9
$DIMBLK2
  1

  9
$DIMSTYLE
  2
Standard
  9
$DIMCLRD
 70
     0
  9
$DIMCLRE
 70
     0
  9
$DIMCLRT
 70
     0
  9
$DIMTFAC
 40
1.0
  9
$DIMGAP
 40
0.09
  9
$DIMJUST
 70
     0
  9
$DIMSD1
 70
     0
  9
$DIMSD2
 70
     0
  9
$DIMTOLJ
 70
     1
  9
$DIMTZIN
 70
     0
  9
$DIMALTZ
 70
     0
  9
$DIMALTTZ
 70
     0
  9
$DIMUPT
 70
     0
  9
$DIMDEC
 70
     4
  9
$DIMTDEC
 70
     4
  9
$DIMALTU
 70
     2
  9
$DIMALTTD
 70
     2
  9
$DIMTXSTY
  7
Standard
  9
$DIMAUNIT
 70
     0
  9
$DIMADEC
 70
     0
  9
$DIMALTRND
 40
0.0
  9
$DIMAZIN
 70
     0
  9
$DIMDSEP
 70
    46
  9
$DIMATFIT
 70
     3
  9
$DIMFRAC
 70
     0
  9
$DIMLDRBLK
  1

  9
$DIMLUNIT
 70
     2
  9
$DIMLWD
 70
    -2
  9
$DIMLWE
 70
    -2
  9
$DIMTMOVE
 70
     0
  9
$DIMFXL
 40
1.0
  9
$DIMFXLON
 70
     0
  9
$DIMJOGANG
 40
0.7853981633974483
  9
$DIMTFILL
 70
     0
  9
$DIMTFILLCLR
 70
     0
  9
$DIMARCSYM
 70
     0
  9
$DIMLTYPE
  6

  9
$DIMLTEX1
  6

  9
$DIMLTEX2
  6

  9
$DIMTXTDIRECTION
 70
     0
  9
$LUNITS
 70
     2
  9
$LUPREC
 70
     4
  9
$SKETCHINC
 40
0.1
  9
$FILLETRAD
 40
0.5
  9
$AUNITS
 70
     0
  9
$AUPREC
 70
     0
  9
$MENU
  1
.
  9
$ELEVATION
 40
0.0
  9
$PELEVATION
 40
0.0
  9
$THICKNESS
 40
0.0
  9
$LIMCHECK
 70
     0
  9
$CHAMFERA
 40
0.5
  9
$CHAMFERB
 40
0.5
  9
$CHAMFERC
 40
1.0
  9
$CHAMFERD
 40
0.0
  9
$SKPOLY
 70
     0
  9
$TDCREATE
 40
2459353.840986412
  9
$TDUCREATE
 40
2459353.715986412
  9
$TDUPDATE
 40
2459353.840986412
  9
$TDUUPDATE
 40
2459353.715986412
  9
$TDINDWG
 40
0.0000000116
  9
$TDUSRTIMER
 40
0.0000000116
  9
$USRTIMER
 70
     1
  9
$ANGBASE
 50
0.0
  9
$ANGDIR
 70
     0
  9
$PDMODE
 70
     0
  9
$PDSIZE
 40
0.0
  9
$PLINEWID
 40
0.0
  9
$SPLFRAME
 70
     0
  9
$SPLINETYPE
 70
     6
  9
$SPLINESEGS
 70
     8
  9
$HANDSEED
  5
7F
  9
$SURFTAB1
 70
     6
  9
$SURFTAB2
 70
     6
  9
$SURFTYPE
 70
     6
  9
$SURFU
 70
     6
  9
$SURFV
 70
     6
  9
$UCSBASE
  2

  9
$UCSNAME
  2

  9
$UCSORG
 10
0.0
 20
0.0
 30
0.0
  9
$UCSXDIR
 10
1.0
 20
0.0
 30
0.0
  9
$UCSYDIR
 10
0.0
 20
1.0
 30
0.0
  9
$UCSORTHOREF
  2

  9
$UCSORTHOVIEW
 70
     0
  9
$UCSORGTOP
 10
0.0
 20
0.0
 30
0.0
  9
$UCSORGBOTTOM
 10
0.0
 20
0.0
 30
0.0
  9
$UCSORGLEFT
 10
0.0
 20
0.0
 30
0.0
  9
$UCSORGRIGHT
 10
0.0
 20
0.0
 30
0.0
  9
$UCSORGFRONT
 10
0.0
 20
0.0
 30
0.0
  9
$UCSORGBACK
 10
0.0
 20
0.0
 30
0.0
  9
$PUCSBASE
  2

  9
$PUCSNAME
  2

  9
$PUCSORG
 10
0.0
 20
0.0
 30
0.0
  9
$PUCSXDIR
 10
1.0
 20
0.0
 30
0.0
  9
$PUCSYDIR
 10
0.0
 20
1.0
 30
0.0
  9
$PUCSORTHOREF
  2

  9
$PUCSORTHOVIEW
 70
     0
  9
$PUCSORGTOP
 10
0.0
 20
0.0
 30
0.0
  9
$PUCSORGBOTTOM
 10
0.0
 20
0.0
 30
0.0
  9
$PUCSORGLEFT
 10
0.0
 20
0.0
 30
0.0
  9
$PUCSORGRIGHT
 10
0.0
 20
0.0
 30
0.0
  9
$PUCSORGFRONT
 10
0.0
 20
0.0
 30
0.0
  9
$PUCSORGBACK
 10
0.0
 20
0.0
 30
0.0
  9
$USERI1
 70
     0
  9
$USERI2
 70
     0
  9
$USERI3
 70
     0
  9
$USERI4
 70
     0
  9
$USERI5
 70
     0
  9
$USERR1
 40
0.0
  9
$USERR2
 40
0.0
  9
$USERR3
 40
0.0
  9
$USERR4
 40
0.0
  9
$USERR5
 40
0.0
  9
$WORLDVIEW
 70
     1
  9
$SHADEDGE
 70
     3
  9
$SHADEDIF
 70
    70
  9
$TILEMODE
 70
     1
  9
$MAXACTVP
 70
    64
  9
$PINSBASE
 10
0.0
 20
0.0
 30
0.0
  9
$PLIMCHECK
 70
     0
  9
$PEXTMIN
 10
1.000000000000000E+20
 20
1.000000000000000E+20
 30
1.000000000000000E+20
  9
$PEXTMAX
 10
-1.000000000000000E+20
 20
-1.000000000000000E+20
 30
-1.000000000000000E+20
  9
$PLIMMIN
 10
0.0
 20
0.0
  9
$PLIMMAX
 10
12.0
 20
9.0
  9
$UNITMODE
 70
     0
  9
$VISRETAIN
 70
     1
  9
$PLINEGEN
 70
     0
  9
$PSLTSCALE
 70
     1
  9
$TREEDEPTH
 70
  3020
  9
$CMLSTYLE
  2
Standard
  9
$CMLJUST
 70
     0
  9
$CMLSCALE
 40
1.0
  9
$PROXYGRAPHICS
 70
     1
  9
$MEASUREMENT
 70
     0
  9
$CELWEIGHT
370
    -1
  9
$ENDCAPS
280
     0
  9
$JOINSTYLE
280
     0
  9
$LWDISPLAY
290
     1
  9
$INSUNITS
 70
     0
  9
$HYPERLINKBASE
  1

  9
$STYLESHEET
  1

  9
$XEDIT
290
     1
  9
$CEPSNTYPE
380
     0
  9
$PSTYLEMODE
290
     1
  9
$FINGERPRINTGUID
  2
{B6E5D559-792C-4761-ACC5-0A6D3608527E}
  9
$VERSIONGUID
  2
{FAEB1C32-E019-11D5-929B-00C0DF256EC4}
  9
$EXTNAMES
290
     1
  9
$PSVPSCALE
 40
0.0
  9
$OLESTARTUP
290
     0
  9
$SORTENTS
280
   127
  9
$INDEXCTL
280
     0
  9
$HIDETEXT
280
     1
  9
$XCLIPFRAME
280
     2
  9
$HALOGAP
280
     0
  9
$OBSCOLOR
 70
   257
  9
$OBSLTYPE
280
     0
  9
$INTERSECTIONDISPLAY
280
     0
  9
$INTERSECTIONCOLOR
 70
   257
  9
$DIMASSOC
280
     2
  9
$PROJECTNAME
  1

  9
$CAMERADISPLAY
290
     0
  9
$LENSLENGTH
 40
50.0
  9
$CAMERAHEIGHT
 40
0.0
  9
$STEPSPERSEC
 40
2.0
  9
$STEPSIZE
 40
6.0
  9
$3DDWFPREC
 40
2.0
  9
$PSOLWIDTH
 40
0.25
  9
$PSOLHEIGHT
 40
4.0
  9
$LOFTANG1
 40
1.570796326794897
  9
$LOFTANG2
 40
1.570796326794897
  9
$LOFTMAG1
 40
0.0
  9
$LOFTMAG2
 40
0.0
  9
$LOFTPARAM
 70
     7
  9
$LOFTNORMALS
280
     1
  9
$LATITUDE
 40
37.795
  9
$LONGITUDE
 40
-122.394
  9
$NORTHDIRECTION
 40
0.0
  9
$TIMEZONE
 70
 -8000
  9
$LIGHTGLYPHDISPLAY
280
     1
  9
$TILEMODELIGHTSYNCH
280
     1
  9
$CMATERIAL
347
3C
  9
$SOLIDHIST
280
     1
  9
$SHOWHIST
280
     1
  9
$DWFFRAME
280
     2
  9
$DGNFRAME
280
     2
  9
$REALWORLDSCALE
290
     1
  9
$INTERFERECOLOR
 62
   256
  9
$CSHADOW
280
     0
  9
$SHADOWPLANELOCATION
 40
0.0
  0
ENDSEC
  0
SECTION
  2
CLASSES
  0
CLASS
  1
ACDBDICTIONARYWDFLT
  2
AcDbDictionaryWithDefault
  3
ObjectDBX Classes
 90
        0
 91
        4
280
     0
281
     0
  0
CLASS
  1
VISUALSTYLE
  2
AcDbVisualStyle
  3
ObjectDBX Classes
 90
     4095
 91
        4
280
     0
281
     0
  0
CLASS
  1
MATERIAL
  2
AcDbMaterial
  3
ObjectDBX Classes
 90
     1153
 91
        4
280
     0
281
     0
  0
CLASS
  1
SUN
  2
AcDbSun
  3
SCENEOE
 90
     1024
 91
        4
280
     0
281
     0
  0
ENDSEC
  0
SECTION
  2
TABLES
  0
TABLE
  2
VPORT
  5
8
330
0
100
AcDbSymbolTable
 70
     1
  0
VPORT
  5
29
330
8
100
AcDbSymbolTableRecord
100
AcDbViewportTableRecord
  2
*Active
 70
     0
 10
0.0
 20
0.0
 11
1.0
 21
1.0
 12
0.0
 22
0.0
 13
0.0
 23
0.0
 14
0.5
 24
0.5
 15
0.5
 25
0.5
 16
0.0
 26
0.0
 36
1.0
 17
1011.284883689639
 27
-963.0150410982797
 37
0.0
 40
857.3753409677174
 41
1.154022264629103
 42
50.0
 43
0.0
 44
0.0
 50
0.0
 51
0.0
 71
     0
 72
   100
 73
     1
 74
     3
 75
     0
 76
     0
 77
     0
 78
     0
281
     0
 65
     1
110
0.0
120
0.0
130
0.0
111
1.0
121
0.0
131
0.0
112
0.0
122
1.0
132
0.0
 79
     0
146
0.0
 60
     3
 61
     5
292
     1
282
     1
141
0.0
142
0.0
 63
   250
361
3F
  0
ENDTAB
  0
TABLE
  2
LTYPE
  5
5
330
0
100
AcDbSymbolTable
 70
     1
  0
LTYPE
  5
14
330
5
100
AcDbSymbolTableRecord
100
AcDbLinetypeTableRecord
  2
ByBlock
 70
     0
  3

 72
    65
 73
     0
 40
0.0
  0
LTYPE
  5
15
330
5
100
AcDbSymbolTableRecord
100
AcDbLinetypeTableRecord
  2
ByLayer
 70
     0
  3

 72
    65
 73
     0
 40
0.0
  0
LTYPE
  5
16
330
5
100
AcDbSymbolTableRecord
100
AcDbLinetypeTableRecord
  2
Continuous
 70
     0
  3
Solid line
 72
    65
 73
     0
 40
0.0
  0
ENDTAB
  0
TABLE
  2
LAYER
  5
2
330
0
100
AcDbSymbolTable
 70
     2
  0
LAYER
  5
10
330
2
100
AcDbSymbolTableRecord
100
AcDbLayerTableRecord
  2
0
 70
     0
 62
     7
  6
Continuous
370
    -3
390
F
347
3E
  0
LAYER
  5
40
330
2
100
AcDbSymbolTableRecord
100
AcDbLayerTableRecord
  2
katman 1
 70
     0
 62
     7
  6
Continuous
370
    -3
390
F
347
3E
  0
ENDTAB
  0
TABLE
  2
STYLE
  5
3
330
0
100
AcDbSymbolTable
 70
     1
  0
STYLE
  5
11
330
3
100
AcDbSymbolTableRecord
100
AcDbTextStyleTableRecord
  2
Standard
 70
     0
 40
0.0
 41
1.0
 50
0.0
 71
     0
 42
0.2
  3
txt
  4

  0
ENDTAB
  0
TABLE
  2
VIEW
  5
6
330
0
100
AcDbSymbolTable
 70
     0
  0
ENDTAB
  0
TABLE
  2
UCS
  5
7
330
0
100
AcDbSymbolTable
 70
     0
  0
ENDTAB
  0
TABLE
  2
APPID
  5
9
330
0
100
AcDbSymbolTable
 70
     1
  0
APPID
  5
12
330
9
100
AcDbSymbolTableRecord
100
AcDbRegAppTableRecord
  2
ACAD
 70
     0
  0
ENDTAB
  0
TABLE
  2
DIMSTYLE
  5
A
330
0
100
AcDbSymbolTable
 70
     1
100
AcDbDimStyleTable
  0
DIMSTYLE
105
27
330
A
100
AcDbSymbolTableRecord
100
AcDbDimStyleTableRecord
  2
Standard
 70
     0
178
     0
340
11
  0
ENDTAB
  0
TABLE
  2
BLOCK_RECORD
  5
1
330
0
100
AcDbSymbolTable
 70
     5
  0
BLOCK_RECORD
  5
1F
330
1
100
AcDbSymbolTableRecord
100
AcDbBlockTableRecord
  2
*Model_Space
340
22
 70
     0
280
     1
281
     0
  0
BLOCK_RECORD
  5
1B
330
1
100
AcDbSymbolTableRecord
100
AcDbBlockTableRecord
  2
*Paper_Space
340
1E
 70
     0
280
     1
281
     0
  0
BLOCK_RECORD
  5
23
330
1
100
AcDbSymbolTableRecord
100
AcDbBlockTableRecord
  2
*Paper_Space0
340
26
 70
     0
280
     1
281
     0
  0
BLOCK_RECORD
  5
41
330
1
100
AcDbSymbolTableRecord
100
AcDbBlockTableRecord
  2
block 2
340
0
102
{BLKREFS
331
42
102
}
 70
     0
280
     1
281
     0
  0
BLOCK_RECORD
  5
53
330
1
100
AcDbSymbolTableRecord
100
AcDbBlockTableRecord
  2
block 3
340
0
102
{BLKREFS
331
54
102
}
 70
     0
280
     1
281
     0
  0
BLOCK_RECORD
  5
69
330
1
100
AcDbSymbolTableRecord
100
AcDbBlockTableRecord
  2
block 4
340
0
102
{BLKREFS
331
6A
102
}
 70
     0
280
     1
281
     0
  0
BLOCK_RECORD
  5
75
330
1
100
AcDbSymbolTableRecord
100
AcDbBlockTableRecord
  2
block 5
340
0
102
{BLKREFS
331
76
102
}
 70
     0
280
     1
281
     0
  0
ENDTAB
  0
ENDSEC
  0
SECTION
  2
BLOCKS
  0
BLOCK
  5
20
330
1F
100
AcDbEntity
  8
0
100
AcDbBlockBegin
  2
*Model_Space
 70
     0
 10
0.0
 20
0.0
 30
0.0
  3
*Model_Space
  1

  0
ENDBLK
  5
21
330
1F
100
AcDbEntity
  8
0
100
AcDbBlockEnd
  0
BLOCK
  5
1C
330
1B
100
AcDbEntity
 67
     1
  8
0
100
AcDbBlockBegin
  2
*Paper_Space
 70
     0
 10
0.0
 20
0.0
 30
0.0
  3
*Paper_Space
  1

  0
ENDBLK
  5
1D
330
1B
100
AcDbEntity
 67
     1
  8
0
100
AcDbBlockEnd
  0
BLOCK
  5
24
330
23
100
AcDbEntity
  8
0
100
AcDbBlockBegin
  2
*Paper_Space0
 70
     0
 10
0.0
 20
0.0
 30
0.0
  3
*Paper_Space0
  1

  0
ENDBLK
  5
25
330
23
100
AcDbEntity
  8
0
100
AcDbBlockEnd
  0
BLOCK
  5
43
330
41
100
AcDbEntity
  8
0
100
AcDbBlockBegin
  2
block 2
 70
     0
 10
0.0
 20
0.0
 30
0.0
  3
block 2
  1

  0
SPLINE
  5
45
330
41
100
AcDbEntity
  8
katman 1
370
     0
100
AcDbSpline
210
0.0
220
0.0
230
1.0
 70
    11
 71
     3
 72
   353
 73
   349
 74
     0
 42
0.0000000001
 43
0.0000000001
 12
1.0
 22
0.0
 32
0.0
 13
1.0
 23
0.0
 33
0.0
 40
0.0
 40
0.0
 40
0.0
 40
0.0
 40
1.0
 40
1.0
 40
1.0
 40
2.0
 40
2.0
 40
2.0
 40
3.0
 40
3.0
 40
3.0
 40
4.0
 40
4.0
 40
4.0
 40
5.0
 40
5.0
 40
5.0
 40
6.0
 40
6.0
 40
6.0
 40
7.0
 40
7.0
 40
7.0
 40
8.0
 40
8.0
 40
8.0
 40
9.0
 40
9.0
 40
9.0
 40
10.0
 40
10.0
 40
10.0
 40
11.0
 40
11.0
 40
11.0
 40
12.0
 40
12.0
 40
12.0
 40
13.0
 40
13.0
 40
13.0
 40
14.0
 40
14.0
 40
14.0
 40
15.0
 40
15.0
 40
15.0
 40
16.0
 40
16.0
 40
16.0
 40
17.0
 40
17.0
 40
17.0
 40
18.0
 40
18.0
 40
18.0
 40
19.0
 40
19.0
 40
19.0
 40
20.0
 40
20.0
 40
20.0
 40
21.0
 40
21.0
 40
21.0
 40
22.0
 40
22.0
 40
22.0
 40
23.0
 40
23.0
 40
23.0
 40
24.0
 40
24.0
 40
24.0
 40
25.0
 40
25.0
 40
25.0
 40
26.0
 40
26.0
 40
26.0
 40
27.0
 40
27.0
 40
27.0
 40
28.0
 40
28.0
 40
28.0
 40
29.0
 40
29.0
 40
29.0
 40
30.0
 40
30.0
 40
30.0
 40
31.0
 40
31.0
 40
31.0
 40
32.0
 40
32.0
 40
32.0
 40
33.0
 40
33.0
 40
33.0
 40
34.0
 40
34.0
 40
34.0
 40
35.0
 40
35.0
 40
35.0
 40
36.0
 40
36.0
 40
36.0
 40
37.0
 40
37.0
 40
37.0
 40
38.0
 40
38.0
 40
38.0
 40
39.0
 40
39.0
 40
39.0
 40
40.0
 40
40.0
 40
40.0
 40
41.0
 40
41.0
 40
41.0
 40
42.0
 40
42.0
 40
42.0
 40
43.0
 40
43.0
 40
43.0
 40
44.0
 40
44.0
 40
44.0
 40
45.0
 40
45.0
 40
45.0
 40
46.0
 40
46.0
 40
46.0
 40
47.0
 40
47.0
 40
47.0
 40
48.0
 40
48.0
 40
48.0
 40
49.0
 40
49.0
 40
49.0
 40
50.0
 40
50.0
 40
50.0
 40
51.0
 40
51.0
 40
51.0
 40
52.0
 40
52.0
 40
52.0
 40
53.0
 40
53.0
 40
53.0
 40
54.0
 40
54.0
 40
54.0
 40
55.0
 40
55.0
 40
55.0
 40
56.0
 40
56.0
 40
56.0
 40
57.0
 40
57.0
 40
57.0
 40
58.0
 40
58.0
 40
58.0
 40
59.0
 40
59.0
 40
59.0
 40
60.0
 40
60.0
 40
60.0
 40
61.0
 40
61.0
 40
61.0
 40
62.0
 40
62.0
 40
62.0
 40
63.0
 40
63.0
 40
63.0
 40
64.0
 40
64.0
 40
64.0
 40
65.0
 40
65.0
 40
65.0
 40
66.0
 40
66.0
 40
66.0
 40
67.0
 40
67.0
 40
67.0
 40
68.0
 40
68.0
 40
68.0
 40
69.0
 40
69.0
 40
69.0
 40
70.0
 40
70.0
 40
70.0
 40
71.0
 40
71.0
 40
71.0
 40
72.0
 40
72.0
 40
72.0
 40
73.0
 40
73.0
 40
73.0
 40
74.0
 40
74.0
 40
74.0
 40
75.0
 40
75.0
 40
75.0
 40
76.0
 40
76.0
 40
76.0
 40
77.0
 40
77.0
 40
77.0
 40
78.0
 40
78.0
 40
78.0
 40
79.0
 40
79.0
 40
79.0
 40
80.0
 40
80.0
 40
80.0
 40
81.0
 40
81.0
 40
81.0
 40
82.0
 40
82.0
 40
82.0
 40
83.0
 40
83.0
 40
83.0
 40
84.0
 40
84.0
 40
84.0
 40
85.0
 40
85.0
 40
85.0
 40
86.0
 40
86.0
 40
86.0
 40
87.0
 40
87.0
 40
87.0
 40
88.0
 40
88.0
 40
88.0
 40
89.0
 40
89.0
 40
89.0
 40
90.0
 40
90.0
 40
90.0
 40
91.0
 40
91.0
 40
91.0
 40
92.0
 40
92.0
 40
92.0
 40
93.0
 40
93.0
 40
93.0
 40
94.0
 40
94.0
 40
94.0
 40
95.0
 40
95.0
 40
95.0
 40
96.0
 40
96.0
 40
96.0
 40
97.0
 40
97.0
 40
97.0
 40
98.0
 40
98.0
 40
98.0
 40
99.0
 40
99.0
 40
99.0
 40
100.0
 40
100.0
 40
100.0
 40
101.0
 40
101.0
 40
101.0
 40
102.0
 40
102.0
 40
102.0
 40
103.0
 40
103.0
 40
103.0
 40
104.0
 40
104.0
 40
104.0
 40
105.0
 40
105.0
 40
105.0
 40
106.0
 40
106.0
 40
106.0
 40
107.0
 40
107.0
 40
107.0
 40
108.0
 40
108.0
 40
108.0
 40
109.0
 40
109.0
 40
109.0
 40
110.0
 40
110.0
 40
110.0
 40
111.0
 40
111.0
 40
111.0
 40
112.0
 40
112.0
 40
112.0
 40
113.0
 40
113.0
 40
113.0
 40
114.0
 40
114.0
 40
114.0
 40
115.0
 40
115.0
 40
115.0
 40
116.0
 40
116.0
 40
116.0
 40
116.0
 10
811.2922214469218
 20
-1228.698672077189
 30
0.0
 10
813.915345576439
 20
-1227.387128774493
 30
0.0
 10
815.8826855465659
 20
-1226.731307090973
 30
0.0
 10
817.5221396910201
 20
-1225.747674630038
 30
0.0
 10
817.5221396910201
 20
-1225.419763788288
 30
0.0
 10
817.5221396910201
 20
-1224.763992136935
 30
0.0
 10
817.5221396910201
 20
-1224.436131327342
 30
0.0
 10
798.1765757832518
 20
-1220.829312196682
 30
0.0
 10
778.831024383524
 20
-1216.894632256428
 30
0.0
 10
760.4691304608186
 20
-1209.02527237592
 30
0.0
 10
761.1249146202081
 20
-1208.041589882809
 30
0.0
 10
762.1085846052711
 20
-1207.057907389701
 30
0.0
 10
763.4201529240527
 20
-1205.090592435663
 30
0.0
 10
750.9603039278136
 20
-1204.762681593902
 30
0.0
 10
740.795680727374
 20
-1198.860686699605
 30
0.0
 10
729.6474000499165
 20
-1194.925956727175
 30
0.0
 10
731.6147400200434
 20
-1193.614413424484
 30
0.0
 10
732.9263083388232
 20
-1192.958591740971
 30
0.0
 10
734.8936483089501
 20
-1191.64704843827
 30
0.0
 10
722.7616851383855
 20
-1186.728686004913
 30
0.0
 10
710.9576203015367
 20
-1182.138234413307
 30
0.0
 10
698.8256571309712
 20
-1177.547732789535
 30
0.0
 10
701.1208954348149
 20
-1175.580367803324
 30
0.0
 10
702.7603495792673
 20
-1173.940913658869
 30
0.0
 10
704.0719116440268
 20
-1172.629370356179
 30
0.0
 10
691.9399484734613
 20
-1168.038918764578
 30
0.0
 10
680.4637757163073
 20
-1163.776327982559
 30
0.0
 10
668.9875967051321
 20
-1159.185826358791
 30
0.0
 10
668.9875967051321
 20
-1158.857915517032
 30
0.0
 10
668.9875967051321
 20
-1158.530054707438
 30
0.0
 10
668.9875967051321
 20
-1157.874283056095
 30
0.0
 10
671.6107208346502
 20
-1156.562739753399
 30
0.0
 10
674.2338512181896
 20
-1155.251146418534
 30
0.0
 10
676.8569753477059
 20
-1153.611692274082
 30
0.0
 10
676.8569753477059
 20
-1153.283781432323
 30
0.0
 10
676.8569753477059
 20
-1152.955920622735
 30
0.0
 10
676.8569753477059
 20
-1152.300148971382
 30
0.0
 10
658.8229797587164
 20
-1145.086560742222
 30
0.0
 10
640.788984169727
 20
-1138.200833322651
 30
0.0
 10
623.0828806604331
 20
-1130.987245093487
 30
0.0
 10
623.0828806604331
 20
-1130.659334251728
 30
0.0
 10
623.0828806604331
 20
-1130.659334251728
 30
0.0
 10
623.0828806604331
 20
-1130.33147344214
 30
0.0
 10
623.7386616928115
 20
-1130.33147344214
 30
0.0
 10
624.7223348048856
 20
-1130.00356260039
 30
0.0
 10
625.3781158372649
 20
-1130.00356260039
 30
0.0
 10
631.2801513827008
 20
-1130.987245093487
 30
0.0
 10
636.8542948484401
 20
-1132.298788396178
 30
0.0
 10
642.7563303938741
 20
-1133.282470889295
 30
0.0
 10
645.7073466030879
 20
-1133.938242540638
 30
0.0
 10
648.9862548919946
 20
-1134.266153382392
 30
0.0
 10
651.9372742282167
 20
-1134.921925033746
 30
0.0
 10
655.8719635495045
 20
-1135.577696685094
 30
0.0
 10
660.134541823476
 20
-1135.905607526849
 30
0.0
 10
664.069234271773
 20
-1136.889290019961
 30
0.0
 10
668.0039267200691
 20
-1137.545061671299
 30
0.0
 10
671.938612914345
 20
-1138.856655006166
 30
0.0
 10
675.5454132829473
 20
-1139.512426657519
 30
0.0
 10
678.4964294921592
 20
-1140.168198308866
 30
0.0
 10
681.7753377810668
 20
-1140.496109150621
 30
0.0
 10
685.0542460699744
 20
-1140.823969960215
 30
0.0
 10
684.7263539902788
 20
-1139.512426657519
 30
0.0
 10
684.7263539902788
 20
-1138.52874416441
 30
0.0
 10
684.398461910584
 20
-1136.561379178196
 30
0.0
 10
693.9072946976112
 20
-1138.52874416441
 30
0.0
 10
703.0882354049418
 20
-1140.823969960215
 30
0.0
 10
713.2528586053786
 20
-1142.791284914252
 30
0.0
 10
712.924972779706
 20
-1140.823919928038
 30
0.0
 10
712.2691886203165
 20
-1139.184465783583
 30
0.0
 10
711.6134044609262
 20
-1136.561379178196
 30
0.0
 10
714.5644269241602
 20
-1136.889290019961
 30
0.0
 10
717.1875510536765
 20
-1137.217150829543
 30
0.0
 10
719.4827893575211
 20
-1137.872922480898
 30
0.0
 10
722.7616976464287
 20
-1138.528694132245
 30
0.0
 10
726.368491761009
 20
-1139.184465783583
 30
0.0
 10
729.6474000499165
 20
-1140.168148276694
 30
0.0
 10
734.8936483089501
 20
-1141.47969157939
 30
0.0
 10
739.812010742311
 20
-1143.119145723842
 30
0.0
 10
745.0582715093888
 20
-1144.430739058709
 30
0.0
 10
745.7140556687782
 20
-1144.758649900468
 30
0.0
 10
747.3535098132324
 20
-1144.758649900468
 30
0.0
 10
747.681395638906
 20
-1144.758649900468
 30
0.0
 10
748.0092814645786
 20
-1143.447106597767
 30
0.0
 10
748.0092814645786
 20
-1141.807652453317
 30
0.0
 10
748.3371797982954
 20
-1139.840287467101
 30
0.0
 10
752.5997580722651
 20
-1140.823969960215
 30
0.0
 10
757.5181205056269
 20
-1141.479741611558
 30
0.0
 10
762.1085971133143
 20
-1142.463424104664
 30
0.0
 10
767.0269595466752
 20
-1143.774967407355
 30
0.0
 10
771.9453219800353
 20
-1145.086560742222
 30
0.0
 10
776.8636844133971
 20
-1146.726014886672
 30
0.0
 10
783.0936151655387
 20
-1148.693379872893
 30
0.0
 10
788.9956475839617
 20
-1150.988605668696
 30
0.0
 10
795.2255658280601
 20
-1153.283831464494
 30
0.0
 10
796.5371341468399
 20
-1153.611742306248
 30
0.0
 10
798.1765882912932
 20
-1153.939603115841
 30
0.0
 10
799.4881441020307
 20
-1154.267513957602
 30
0.0
 10
798.8323599426412
 20
-1152.955970654906
 30
0.0
 10
798.1765757832518
 20
-1151.316516510446
 30
0.0
 10
797.8486899575773
 20
-1150.004923175578
 30
0.0
 10
797.8486899575773
 20
-1149.677012333828
 30
0.0
 10
797.5208041319038
 20
-1149.34915152424
 30
0.0
 10
796.8650199725143
 20
-1148.037558189373
 30
0.0
 10
801.4554965802008
 20
-1149.349101492064
 30
0.0
 10
805.7180748541714
 20
-1150.332783985177
 30
0.0
 10
809.6527673024693
 20
-1151.972238129627
 30
0.0
 10
821.4568446473604
 20
-1157.218511404748
 30
0.0
 10
833.2609094842092
 20
-1163.120506299039
 30
0.0
 10
845.0649743210588
 20
-1168.36677957416
 30
0.0
 10
845.7207459724059
 20
-1168.694690415925
 30
0.0
 10
847.0323142911848
 20
-1168.694690415925
 30
0.0
 10
847.3602001168592
 20
-1168.36677957416
 30
0.0
 10
847.6880859425328
 20
-1167.711007922813
 30
0.0
 10
847.6880859425328
 20
-1166.727325429711
 30
0.0
 10
847.3602001168592
 20
-1165.743642936608
 30
0.0
 10
847.0323142911848
 20
-1164.759960443494
 30
0.0
 10
846.376517623753
 20
-1164.104188792147
 30
0.0
 10
846.0486317980794
 20
-1163.120506299039
 30
0.0
 10
859.4921507793806
 20
-1168.36677957416
 30
0.0
 10
870.3125581392087
 20
-1177.875593599123
 30
0.0
 10
882.1166229760584
 20
-1185.744953479631
 30
0.0
 10
882.444508801731
 20
-1185.417042637881
 30
0.0
 10
882.7723946274054
 20
-1185.417042637881
 30
0.0
 10
883.1003054691646
 20
-1185.089181828287
 30
0.0
 10
882.4445338178175
 20
-1183.121816842078
 30
0.0
 10
882.1166229760584
 20
-1180.826591046274
 30
0.0
 10
881.4608513247113
 20
-1178.859276092231
 30
0.0
 10
881.7887371503839
 20
-1178.531365250476
 30
0.0
 10
882.1166229760584
 20
-1178.203504440888
 30
0.0
 10
882.4445338178175
 20
-1177.875593599123
 30
0.0
 10
896.5438494665523
 20
-1187.056546814501
 30
0.0
 10
910.3152542735279
 20
-1196.237500029876
 30
0.0
 10
925.0703415736116
 20
-1205.746314054833
 30
0.0
 10
925.0703415736116
 20
-1203.451088259035
 30
0.0
 10
924.7424557479371
 20
-1202.139494924169
 30
0.0
 10
924.7424557479371
 20
-1200.17217997013
 30
0.0
 10
927.3655923854967
 20
-1201.483723272826
 30
0.0
 10
929.3329323556245
 20
-1202.467405765934
 30
0.0
 10
931.9560439770994
 20
-1203.778999100796
 30
0.0
 10
931.9560439770994
 20
-1202.139544956344
 30
0.0
 10
931.9560439770994
 20
-1201.483773304997
 30
0.0
 10
931.6281581514249
 20
-1200.17217997013
 30
0.0
 10
934.2512947889845
 20
-1200.17217997013
 30
0.0
 10
936.8744064104594
 20
-1200.17217997013
 30
0.0
 10
939.1696572223464
 20
-1200.17217997013
 30
0.0
 10
939.4975430480208
 20
-1199.844269128365
 30
0.0
 10
939.4975430480208
 20
-1199.188497477027
 30
0.0
 10
939.8254288736935
 20
-1198.860636667428
 30
0.0
 10
927.365567369412
 20
-1188.040229307604
 30
0.0
 10
913.5941625624364
 20
-1178.531415282641
 30
0.0
 10
900.8064152324805
 20
-1166.727325429711
 30
0.0
 10
903.1016410282809
 20
-1166.399414587946
 30
0.0
 10
905.0690060144934
 20
-1166.071553778362
 30
0.0
 10
908.0200034616428
 20
-1165.415782127015
 30
0.0
 10
907.0363209685347
 20
-1164.104238824324
 30
0.0
 10
906.3805493171876
 20
-1162.792645489457
 30
0.0
 10
905.3968668240832
 20
-1162.136873838108
 30
0.0
 10
899.4948218976151
 20
-1158.202193897851
 30
0.0
 10
893.5928019872335
 20
-1154.267513957602
 30
0.0
 10
887.6907570607673
 20
-1150.004923175578
 30
0.0
 10
879.4934863384988
 20
-1144.102878249119
 30
0.0
 10
871.6241014419047
 20
-1138.200833322651
 30
0.0
 10
863.7547165453107
 20
-1132.298838428354
 30
0.0
 10
863.7547165453107
 20
-1131.970927586595
 30
0.0
 10
864.0826023709833
 20
-1131.643066777006
 30
0.0
 10
864.0826023709833
 20
-1131.315155935246
 30
0.0
 10
867.3615106598918
 20
-1131.315155935246
 30
0.0
 10
870.312533123124
 20
-1131.315155935246
 30
0.0
 10
874.9030097308114
 20
-1131.315155935246
 30
0.0
 10
873.263555586358
 20
-1129.347790949038
 30
0.0
 10
872.607783935011
 20
-1128.036247646342
 30
0.0
 10
871.6241014419047
 20
-1127.052565153233
 30
0.0
 10
863.7547165453107
 20
-1120.166837733663
 30
0.0
 10
855.8853316487157
 20
-1113.609021155846
 30
0.0
 10
848.3438575938799
 20
-1107.051204578034
 30
0.0
 10
845.3928351306467
 20
-1104.428067940476
 30
0.0
 10
842.4418126674127
 20
-1101.80493130291
 30
0.0
 10
839.4908152202643
 20
-1099.181844697529
 30
0.0
 10
839.8187010459387
 20
-1098.853933855764
 30
0.0
 10
839.8187010459387
 20
-1098.19816220442
 30
0.0
 10
840.1465868716114
 20
-1097.870301394827
 30
0.0
 10
841.4581551903921
 20
-1097.870301394827
 30
0.0
 10
842.4418126674127
 20
-1097.870301394827
 30
0.0
 10
843.7533809861925
 20
-1097.870301394827
 30
0.0
 10
844.7370634792987
 20
-1097.870301394827
 30
0.0
 10
845.3928351306467
 20
-1097.214529743484
 30
0.0
 10
846.376517623753
 20
-1096.886618901719
 30
0.0
 10
846.0486317980794
 20
-1095.902936408622
 30
0.0
 10
845.7207459724059
 20
-1094.591393105922
 30
0.0
 10
845.0649493049732
 20
-1093.935621454573
 30
0.0
 10
835.5561102639258
 20
-1084.754668239204
 30
0.0
 10
825.719385397204
 20
-1075.573715023826
 30
0.0
 10
816.2105463561556
 20
-1066.064900998863
 30
0.0
 10
812.2758539078595
 20
-1061.80231021685
 30
0.0
 10
808.996945618951
 20
-1056.883947783488
 30
0.0
 10
805.0622531706549
 20
-1051.63769952445
 30
0.0
 10
808.3411614595616
 20
-1051.309813698779
 30
0.0
 10
810.6363997634044
 20
-1051.309813698779
 30
0.0
 10
814.5710922117014
 20
-1050.981927873108
 30
0.0
 10
801.4554590560738
 20
-1037.538408891804
 30
0.0
 10
791.6187341893519
 20
-1023.111207417398
 30
0.0
 10
783.4214634670843
 20
-1007.04455179853
 30
0.0
 10
785.7167017709271
 20
-1006.716665972855
 30
0.0
 10
787.3561559153804
 20
-1006.716665972855
 30
0.0
 10
789.9792800448995
 20
-1006.388780147183
 30
0.0
 10
788.9956100598347
 20
-1005.077211828404
 30
0.0
 10
788.6677117261179
 20
-1003.765643509625
 30
0.0
 10
787.684041741054
 20
-1003.109871858276
 30
0.0
 10
779.4867710187873
 20
-994.9126011360095
 30
0.0
 10
772.9289544409721
 20
-986.0595587623957
 30
0.0
 10
767.3548078482208
 20
-975.8949230539092
 30
0.0
 10
767.0269220225482
 20
-975.5670372282366
 30
0.0
 10
766.6990236888314
 20
-975.2391514025621
 30
0.0
 10
766.6990236888314
 20
-974.9112405608066
 30
0.0
 10
764.0758995593151
 20
-969.6649923017685
 30
0.0
 10
764.0758995593151
 20
-969.9928781274448
 30
0.0
 10
769.9779319777399
 20
-969.3371064760977
 30
0.0
 10
770.961601962802
 20
-969.3371064760977
 30
0.0
 10
771.9452719478659
 20
-968.6813348247488
 30
0.0
 10
772.6010561072571
 20
-968.3534239829933
 30
0.0
 10
772.2731702815827
 20
-967.369741489887
 30
0.0
 10
771.9452719478659
 20
-966.3860840128636
 30
0.0
 10
771.2894877884755
 20
-965.7302873454319
 30
0.0
 10
763.0922170662079
 20
-956.2214483043845
 30
0.0
 10
756.5344004883937
 20
-945.4010659606411
 30
0.0
 10
750.9602538956433
 20
-934.2527727751403
 30
0.0
 10
750.6323680699697
 20
-933.5970011237914
 30
0.0
 10
751.6160380550327
 20
-931.6296361375807
 30
0.0
 10
752.5997080400957
 20
-931.3017503119063
 30
0.0
 10
753.9112763588773
 20
-930.6459786605574
 30
0.0
 10
755.2228321696139
 20
-930.9738644862318
 30
0.0
 10
757.8459562991311
 20
-930.6459786605574
 30
0.0
 10
745.7140556687782
 20
-914.2513871838528
 30
0.0
 10
734.237876657603
 20
-897.8568457393176
 30
0.0
 10
722.4337993127119
 20
-881.1344184691079
 30
0.0
 10
722.7616851383855
 20
-880.8065326434335
 30
0.0
 10
723.0895834721014
 20
-880.478646817759
 30
0.0
 10
723.7453676314917
 20
-880.1507359760017
 30
0.0
 10
743.090931539261
 20
-890.3153466683962
 30
0.0
 10
760.7970287945354
 20
-902.7752081726758
 30
0.0
 10
774.8963319352279
 20
-920.4813179359935
 30
0.0
 10
775.8800019202909
 20
-918.1860921401931
 30
0.0
 10
776.8636719053547
 20
-916.5466379957379
 30
0.0
 10
777.5194560647442
 20
-914.9071838512864
 30
0.0
 10
777.8473418904177
 20
-913.2677297068312
 30
0.0
 10
777.5194560647442
 20
-911.3003897367053
 30
0.0
 10
777.5194560647442
 20
-909.6609355922501
 30
0.0
 10
778.1752402241345
 20
-909.6609355922501
 30
0.0
 10
778.5031260498072
 20
-909.3330497665775
 30
0.0
 10
778.5031260498072
 20
-909.6609355922501
 30
0.0
 10
787.6840667571396
 20
-917.8582063145186
 30
0.0
 10
795.8813374794063
 20
-926.7112486881342
 30
0.0
 10
802.4391540572215
 20
-937.5316560479623
 30
0.0
 10
803.0949382166109
 20
-938.5153385410686
 30
0.0
 10
804.0786082016757
 20
-938.8432243667412
 30
0.0
 10
804.7343923610651
 20
-939.4989960180901
 30
0.0
 10
805.3901765204546
 20
-938.5153135249839
 30
0.0
 10
806.045960679844
 20
-937.859541873635
 30
0.0
 10
806.3738465055185
 20
-936.8758593805287
 30
0.0
 10
807.0296306649088
 20
-935.5642910617498
 30
0.0
 10
807.3575164905824
 20
-934.2527227429691
 30
0.0
 10
808.3411864756463
 20
-931.6296111214942
 30
0.0
 10
817.5221396910201
 20
-942.122107639565
 30
0.0
 10
825.7194104132886
 20
-951.958832506285
 30
0.0
 10
834.5724527869043
 20
-962.123468214766
 30
0.0
 10
835.5561352800105
 20
-960.1561282446382
 30
0.0
 10
836.2119069313585
 20
-958.1887882745104
 30
0.0
 10
837.1955894244629
 20
-955.8935374626271
 30
0.0
 10
847.3602001168592
 20
-966.7139448224516
 30
0.0
 10
856.8690391579075
 20
-978.1901238336286
 30
0.0
 10
861.7874015912666
 20
-992.9452111337123
 30
0.0
 10
862.4431732426165
 20
-992.617325308036
 30
0.0
 10
862.7710840843747
 20
-992.2894394823634
 30
0.0
 10
863.4268557357209
 20
-992.2894394823634
 30
0.0
 10
863.4268557357209
 20
-990.6499853379082
 30
0.0
 10
863.7547415613953
 20
-989.0105311934567
 30
0.0
 10
864.0826273870689
 20
-986.0595087302245
 30
0.0
 10
869.0009898204298
 20
-991.9615536566907
 30
0.0
 10
873.5914664281154
 20
-996.5520052482898
 30
0.0
 10
876.8703747170221
 20
-1002.126164349083
 30
0.0
 10
883.4281912948372
 20
-1012.618660867154
 30
0.0
 10
889.3302362213053
 20
-1023.766954052659
 30
0.0
 10
895.5601419573613
 20
-1034.587361412487
 30
0.0
 10
896.5438244504658
 20
-1036.226815556942
 30
0.0
 10
896.2159136087084
 20
-1039.505723845847
 30
0.0
 10
900.1506185650469
 20
-1038.52204135274
 30
0.0
 10
900.1506185650469
 20
-1036.226815556942
 30
0.0
 10
900.1506185650469
 20
-1034.259450570727
 30
0.0
 10
900.1506185650469
 20
-1031.964224774925
 30
0.0
 10
900.4785043907214
 20
-1031.964224774925
 30
0.0
 10
900.8063902163958
 20
-1031.636338949253
 30
0.0
 10
901.4621868838276
 20
-1031.636338949253
 30
0.0
 10
907.6921176359683
 20
-1038.194155527064
 30
0.0
 10
911.9546834018984
 20
-1046.063540423658
 30
0.0
 10
916.2172741839113
 20
-1054.260811145925
 30
0.0
 10
920.1519541241651
 20
-1062.458081868197
 30
0.0
 10
923.7587732548309
 20
-1070.655352590464
 30
0.0
 10
928.0213390207609
 20
-1079.836305805838
 30
0.0
 10
929.3329073395398
 20
-1077.213169168281
 30
0.0
 10
930.3165648165595
 20
-1075.573715023826
 30
0.0
 10
931.6281331353384
 20
-1073.606400069781
 30
0.0
 10
941.1369721763876
 20
-1092.296167310118
 30
0.0
 10
946.0553346097477
 20
-1112.297527885321
 30
0.0
 10
952.9410370132355
 20
-1131.643066777006
 30
0.0
 10
953.2689228389099
 20
-1131.643066777006
 30
0.0
 10
953.5968086645844
 20
-1131.643066777006
 30
0.0
 10
954.252605332018
 20
-1131.315155935246
 30
0.0
 10
954.9083769833651
 20
-1129.675701790791
 30
0.0
 10
955.8920594764713
 20
-1128.036247646342
 30
0.0
 10
957.2036277952502
 20
-1125.413111008784
 30
0.0
 10
963.1056727217183
 20
-1139.512426657519
 30
0.0
 10
968.6798068064254
 20
-1152.955920622735
 30
0.0
 10
974.2539408911325
 20
-1167.055236271464
 30
0.0
 10
975.5655092099132
 20
-1165.087871285261
 30
0.0
 10
976.5491666869348
 20
-1163.448417140804
 30
0.0
 10
977.8607350057155
 20
-1161.481102186755
 30
0.0
 10
986.3858915536566
 20
-1189.67973348423
 30
0.0
 10
991.3042539870166
 20
-1218.20622559129
 30
0.0
 10
1002.124661346845
 20
-1245.421174395653
 30
0.0
 10
981.4675291202948
 20
-1230.010315444226
 30
0.0
 10
958.8430819397036
 20
-1218.20622559129
 30
0.0
 10
936.5464955687003
 20
-1205.746364087005
 30
0.0
 10
936.2186097430276
 20
-1206.402135738354
 30
0.0
 10
935.8907239173532
 20
-1207.057907389701
 30
0.0
 10
935.2349272499196
 20
-1207.713729073221
 30
0.0
 10
956.5478311278166
 20
-1223.780359675999
 30
0.0
 10
977.8607350057155
 20
-1239.84704031095
 30
0.0
 10
1000.813093028064
 20
-1253.946355959679
 30
0.0
 10
997.2062989134829
 20
-1253.61844511792
 30
0.0
 10
993.5995047989036
 20
-1252.634812656983
 30
0.0
 10
990.3205965099951
 20
-1252.634812656983
 30
0.0
 10
979.8280999919261
 20
-1252.306901815229
 30
0.0
 10
969.3355784577725
 20
-1252.306901815229
 30
0.0
 10
958.8430819397036
 20
-1252.634812656983
 30
0.0
 10
944.4158804652943
 20
-1252.962723498747
 30
0.0
 10
929.9886789908869
 20
-1253.618495150096
 30
0.0
 10
915.2335916908032
 20
-1254.274266801438
 30
0.0
 10
916.2172741839113
 20
-1252.306901815229
 30
0.0
 10
916.8730458352584
 20
-1251.323269354292
 30
0.0
 10
917.8567283283628
 20
-1249.355904368078
 30
0.0
 10
898.1832785949209
 20
-1248.700132716724
 30
0.0
 10
878.8377146871517
 20
-1247.716450223626
 30
0.0
 10
859.4921507793806
 20
-1244.765452776475
 30
0.0
 10
861.1316049238349
 20
-1242.798087790266
 30
0.0
 10
862.1152874169411
 20
-1241.814455329324
 30
0.0
 10
863.4268307196371
 20
-1239.847090343115
 30
0.0
 10
845.3928601467323
 20
-1237.223853641215
 30
0.0
 10
828.3425470508482
 20
-1234.928627845416
 30
0.0
 10
811.2922214469218
 20
-1228.698672077189
 30
0.0
  0
SPLINE
  5
46
330
41
100
AcDbEntity
  8
katman 1
370
     0
100
AcDbSpline
210
0.0
220
0.0
230
1.0
 70
    11
 71
     3
 72
   239
 73
   235
 74
     0
 42
0.0000000001
 43
0.0000000001
 12
1.0
 22
0.0
 32
0.0
 13
1.0
 23
0.0
 33
0.0
 40
0.0
 40
0.0
 40
0.0
 40
0.0
 40
1.0
 40
1.0
 40
1.0
 40
2.0
 40
2.0
 40
2.0
 40
3.0
 40
3.0
 40
3.0
 40
4.0
 40
4.0
 40
4.0
 40
5.0
 40
5.0
 40
5.0
 40
6.0
 40
6.0
 40
6.0
 40
7.0
 40
7.0
 40
7.0
 40
8.0
 40
8.0
 40
8.0
 40
9.0
 40
9.0
 40
9.0
 40
10.0
 40
10.0
 40
10.0
 40
11.0
 40
11.0
 40
11.0
 40
12.0
 40
12.0
 40
12.0
 40
13.0
 40
13.0
 40
13.0
 40
14.0
 40
14.0
 40
14.0
 40
15.0
 40
15.0
 40
15.0
 40
16.0
 40
16.0
 40
16.0
 40
17.0
 40
17.0
 40
17.0
 40
18.0
 40
18.0
 40
18.0
 40
19.0
 40
19.0
 40
19.0
 40
20.0
 40
20.0
 40
20.0
 40
21.0
 40
21.0
 40
21.0
 40
22.0
 40
22.0
 40
22.0
 40
23.0
 40
23.0
 40
23.0
 40
24.0
 40
24.0
 40
24.0
 40
25.0
 40
25.0
 40
25.0
 40
26.0
 40
26.0
 40
26.0
 40
27.0
 40
27.0
 40
27.0
 40
28.0
 40
28.0
 40
28.0
 40
29.0
 40
29.0
 40
29.0
 40
30.0
 40
30.0
 40
30.0
 40
31.0
 40
31.0
 40
31.0
 40
32.0
 40
32.0
 40
32.0
 40
33.0
 40
33.0
 40
33.0
 40
34.0
 40
34.0
 40
34.0
 40
35.0
 40
35.0
 40
35.0
 40
36.0
 40
36.0
 40
36.0
 40
37.0
 40
37.0
 40
37.0
 40
38.0
 40
38.0
 40
38.0
 40
39.0
 40
39.0
 40
39.0
 40
40.0
 40
40.0
 40
40.0
 40
41.0
 40
41.0
 40
41.0
 40
42.0
 40
42.0
 40
42.0
 40
43.0
 40
43.0
 40
43.0
 40
44.0
 40
44.0
 40
44.0
 40
45.0
 40
45.0
 40
45.0
 40
46.0
 40
46.0
 40
46.0
 40
47.0
 40
47.0
 40
47.0
 40
48.0
 40
48.0
 40
48.0
 40
49.0
 40
49.0
 40
49.0
 40
50.0
 40
50.0
 40
50.0
 40
51.0
 40
51.0
 40
51.0
 40
52.0
 40
52.0
 40
52.0
 40
53.0
 40
53.0
 40
53.0
 40
54.0
 40
54.0
 40
54.0
 40
55.0
 40
55.0
 40
55.0
 40
56.0
 40
56.0
 40
56.0
 40
57.0
 40
57.0
 40
57.0
 40
58.0
 40
58.0
 40
58.0
 40
59.0
 40
59.0
 40
59.0
 40
60.0
 40
60.0
 40
60.0
 40
61.0
 40
61.0
 40
61.0
 40
62.0
 40
62.0
 40
62.0
 40
63.0
 40
63.0
 40
63.0
 40
64.0
 40
64.0
 40
64.0
 40
65.0
 40
65.0
 40
65.0
 40
66.0
 40
66.0
 40
66.0
 40
67.0
 40
67.0
 40
67.0
 40
68.0
 40
68.0
 40
68.0
 40
69.0
 40
69.0
 40
69.0
 40
70.0
 40
70.0
 40
70.0
 40
71.0
 40
71.0
 40
71.0
 40
72.0
 40
72.0
 40
72.0
 40
73.0
 40
73.0
 40
73.0
 40
74.0
 40
74.0
 40
74.0
 40
75.0
 40
75.0
 40
75.0
 40
76.0
 40
76.0
 40
76.0
 40
77.0
 40
77.0
 40
77.0
 40
78.0
 40
78.0
 40
78.0
 40
78.0
 10
765.387505402221
 20
-929.6622461352836
 30
0.0
 10
765.0596195765484
 20
-929.990131960958
 30
0.0
 10
764.7317212428316
 20
-929.990131960958
 30
0.0
 10
764.7317212428316
 20
-930.3180177866307
 30
0.0
 10
777.5194685727865
 20
-947.6962417242739
 30
0.0
 10
790.3072033946992
 20
-965.0744406458307
 30
0.0
 10
803.0949507246542
 20
-982.1247787577995
 30
0.0
 10
802.7670648989815
 20
-982.4526645834703
 30
0.0
 10
802.4391665652647
 20
-982.4526645834703
 30
0.0
 10
802.4391665652647
 20
-982.7805504091466
 30
0.0
 10
800.4718265951378
 20
-982.1247787577995
 30
0.0
 10
798.5044741169668
 20
-981.1410962646914
 30
0.0
 10
796.8650199725143
 20
-980.4853246133443
 30
0.0
 10
801.127598246484
 20
-983.7642329022528
 30
0.0
 10
806.045960679844
 20
-986.7152553654832
 30
0.0
 10
809.6527673024693
 20
-990.9778211314133
 30
0.0
 10
817.5221396910201
 20
-1000.486660172459
 30
0.0
 10
824.735752936268
 20
-1010.651270864855
 30
0.0
 10
832.2772269911029
 20
-1020.815881557257
 30
0.0
 10
832.6051128167765
 20
-1021.471653208602
 30
0.0
 10
832.93299864245
 20
-1022.127449876036
 30
0.0
 10
833.5887953098836
 20
-1023.439018194815
 30
0.0
 10
831.2935695140814
 20
-1022.783246543466
 30
0.0
 10
829.6541153696271
 20
-1022.127449876036
 30
0.0
 10
828.0146612251747
 20
-1021.471678224687
 30
0.0
 10
826.3752070807204
 20
-1021.143792399011
 30
0.0
 10
825.0636387619415
 20
-1020.487995731581
 30
0.0
 10
823.4241846174873
 20
-1019.832224080232
 30
0.0
 10
823.7520704431618
 20
-1020.81590657334
 30
0.0
 10
824.0799562688353
 20
-1021.143792399011
 30
0.0
 10
824.4078671105935
 20
-1021.143792399011
 30
0.0
 10
829.9820011953016
 20
-1023.766929036574
 30
0.0
 10
835.8840461217687
 20
-1024.750586513594
 30
0.0
 10
839.8187260620234
 20
-1030.324745614385
 30
0.0
 10
845.7207709884906
 20
-1038.849902162328
 30
0.0
 10
851.9506767245466
 20
-1046.719287058924
 30
0.0
 10
858.1806074766864
 20
-1054.916557781191
 30
0.0
 10
861.1316299399205
 20
-1058.851237721445
 30
0.0
 10
864.0826524031536
 20
-1062.785942677785
 30
0.0
 10
867.033649850302
 20
-1067.048533459798
 30
0.0
 10
866.7057640246294
 20
-1067.376444301559
 30
0.0
 10
866.7057640246294
 20
-1067.704305111147
 30
0.0
 10
866.3778781989549
 20
-1067.704305111147
 30
0.0
 10
863.7547415613953
 20
-1067.048533459798
 30
0.0
 10
861.1316299399205
 20
-1066.392761808451
 30
0.0
 10
858.1806074766864
 20
-1065.736940124936
 30
0.0
 10
858.50849330236
 20
-1066.720622618039
 30
0.0
 10
858.50849330236
 20
-1066.720622618039
 30
0.0
 10
858.50849330236
 20
-1066.720622618039
 30
0.0
 10
858.8363791280344
 20
-1067.048533459798
 30
0.0
 10
859.4921757954662
 20
-1067.048533459798
 30
0.0
 10
859.8200616211398
 20
-1067.376394269388
 30
0.0
 10
865.0663098801742
 20
-1069.015848413843
 30
0.0
 10
869.9846723135342
 20
-1070.327391716533
 30
0.0
 10
873.5914664281154
 20
-1075.573664991654
 30
0.0
 10
879.8213971802561
 20
-1084.426707365274
 30
0.0
 10
886.7070995837457
 20
-1092.951888929299
 30
0.0
 10
893.2649161615609
 20
-1101.477020461154
 30
0.0
 10
896.2159386247931
 20
-1105.411700401413
 30
0.0
 10
898.839050246268
 20
-1109.018519532074
 30
0.0
 10
901.790072709502
 20
-1112.953199472327
 30
0.0
 10
901.4621868838276
 20
-1113.281110314087
 30
0.0
 10
901.4621868838276
 20
-1113.608971123675
 30
0.0
 10
901.134301058155
 20
-1113.936881965439
 30
0.0
 10
897.1996211178994
 20
-1112.953199472327
 30
0.0
 10
893.2649161615609
 20
-1111.641656169637
 30
0.0
 10
889.3302362213053
 20
-1110.657973676523
 30
0.0
 10
889.3302362213053
 20
-1110.985884518288
 30
0.0
 10
889.0023503956309
 20
-1111.313745327872
 30
0.0
 10
889.0023503956309
 20
-1111.641656169637
 30
0.0
 10
889.6581220469798
 20
-1111.969567011391
 30
0.0
 10
889.9860328887371
 20
-1111.969567011391
 30
0.0
 10
890.641804540086
 20
-1112.297427820984
 30
0.0
 10
895.2322811477716
 20
-1113.936881965439
 30
0.0
 10
901.134301058155
 20
-1114.264792807195
 30
0.0
 10
904.4132093470616
 20
-1117.5437010961
 30
0.0
 10
912.2825942436539
 20
-1126.068882660131
 30
0.0
 10
919.1682966471435
 20
-1135.905607526849
 30
0.0
 10
926.381884876304
 20
-1145.086510710056
 30
0.0
 10
926.0539990506313
 20
-1145.414421551806
 30
0.0
 10
925.7261132249587
 20
-1145.742282361403
 30
0.0
 10
925.7261132249587
 20
-1146.398054012747
 30
0.0
 10
921.7914332847049
 20
-1145.414371519639
 30
0.0
 10
917.8567283283628
 20
-1144.102828216954
 30
0.0
 10
913.922048388109
 20
-1143.119145723842
 30
0.0
 10
913.922048388109
 20
-1143.447056565601
 30
0.0
 10
913.922048388109
 20
-1143.774917375189
 30
0.0
 10
913.5941625624364
 20
-1144.102828216954
 30
0.0
 10
915.8893883582368
 20
-1144.758599868292
 30
0.0
 10
917.8567533444475
 20
-1145.414371519639
 30
0.0
 10
920.1519791402498
 20
-1146.398054012747
 30
0.0
 10
924.4145699222627
 20
-1148.365418998961
 30
0.0
 10
929.3329323556245
 20
-1148.693279808545
 30
0.0
 10
932.6118406445294
 20
-1153.283781432323
 30
0.0
 10
938.1859747292383
 20
-1161.153141312836
 30
0.0
 10
944.415905481379
 20
-1168.694640383748
 30
0.0
 10
950.3179504078471
 20
-1176.236139454673
 30
0.0
 10
950.973722059196
 20
-1176.89191110602
 30
0.0
 10
951.3016329009533
 20
-1178.203504440888
 30
0.0
 10
952.2852903779749
 20
-1179.842958585337
 30
0.0
 10
948.0226995959601
 20
-1178.531415282641
 30
0.0
 10
945.0717021488126
 20
-1177.219821947776
 30
0.0
 10
941.7927938599059
 20
-1176.236139454673
 30
0.0
 10
941.7927938599059
 20
-1176.564050296438
 30
0.0
 10
941.4649080342315
 20
-1176.89191110602
 30
0.0
 10
941.4649080342315
 20
-1177.219821947776
 30
0.0
 10
942.1206796855786
 20
-1177.547732789535
 30
0.0
 10
942.4485905273377
 20
-1177.875593599123
 30
0.0
 10
943.1043621786848
 20
-1177.875593599123
 30
0.0
 10
950.9737470752789
 20
-1180.170819394927
 30
0.0
 10
957.8594494787685
 20
-1183.777638525597
 30
0.0
 10
962.4499260864541
 20
-1191.319137596514
 30
0.0
 10
963.7614944052348
 20
-1193.614363392318
 30
0.0
 10
965.7288343753626
 20
-1195.581728378524
 30
0.0
 10
967.3682885198159
 20
-1197.549043332572
 30
0.0
 10
968.3519710129221
 20
-1198.860586635263
 30
0.0
 10
969.3356284899437
 20
-1199.844269128365
 30
0.0
 10
970.3193109830481
 20
-1201.155862463233
 30
0.0
 10
966.712516868467
 20
-1194.598045885421
 30
0.0
 10
962.4499260864541
 20
-1189.023911800712
 30
0.0
 10
958.1873603205258
 20
-1183.121866874244
 30
0.0
 10
955.8921345247254
 20
-1179.842958585337
 30
0.0
 10
953.2689978871658
 20
-1176.891961138192
 30
0.0
 10
953.9247695385129
 20
-1172.629370356179
 30
0.0
 10
953.9247695385129
 20
-1172.629370356179
 30
0.0
 10
953.5968837128385
 20
-1172.30145951442
 30
0.0
 10
953.2689978871658
 20
-1171.97359870483
 30
0.0
 10
952.6132262358187
 20
-1172.629370356179
 30
0.0
 10
952.2853153940596
 20
-1173.285142007522
 30
0.0
 10
951.301657917038
 20
-1174.268824500634
 30
0.0
 10
945.3996129905718
 20
-1166.399464620121
 30
0.0
 10
939.8254789058628
 20
-1158.857965549203
 30
0.0
 10
933.9234339793948
 20
-1151.31646647828
 30
0.0
 10
931.956094009267
 20
-1148.693329840722
 30
0.0
 10
930.6445256904881
 20
-1146.070193203159
 30
0.0
 10
930.9724115161625
 20
-1142.791284914252
 30
0.0
 10
930.9724115161625
 20
-1140.823919928038
 30
0.0
 10
930.9724115161625
 20
-1138.856604974
 30
0.0
 10
930.6445256904881
 20
-1136.889239987784
 30
0.0
 10
930.3166398648154
 20
-1136.889239987784
 30
0.0
 10
929.988754039141
 20
-1136.889239987784
 30
0.0
 10
929.6608431973837
 20
-1136.889239987784
 30
0.0
 10
929.6608431973837
 20
-1139.184465783583
 30
0.0
 10
929.3329573717092
 20
-1141.151830769802
 30
0.0
 10
929.3329573717092
 20
-1143.447056565601
 30
0.0
 10
929.0050715460347
 20
-1143.774967407355
 30
0.0
 10
928.6771857203621
 20
-1143.774967407355
 30
0.0
 10
928.349274878603
 20
-1144.102828216954
 30
0.0
 10
928.0213890529285
 20
-1143.447056565601
 30
0.0
 10
927.6935032272559
 20
-1142.791284914252
 30
0.0
 10
927.0377065598241
 20
-1142.135463230734
 30
0.0
 10
918.8404358375556
 20
-1130.987195061321
 30
0.0
 10
910.3152792896144
 20
-1120.166787701497
 30
0.0
 10
902.4458943930185
 20
-1109.018469499908
 30
0.0
 10
901.1343260742397
 20
-1107.379015355453
 30
0.0
 10
900.8064402485652
 20
-1104.755878717895
 30
0.0
 10
900.8064402485652
 20
-1102.78856376385
 30
0.0
 10
900.4785544228907
 20
-1095.902836344274
 30
0.0
 10
900.8064402485652
 20
-1088.689248115115
 30
0.0
 10
900.8064402485652
 20
-1081.80357072771
 30
0.0
 10
900.1506685972199
 20
-1081.80357072771
 30
0.0
 10
899.8227577554571
 20
-1081.80357072771
 30
0.0
 10
899.1669861041119
 20
-1081.80357072771
 30
0.0
 10
899.1669861041119
 20
-1089.017158956874
 30
0.0
 10
899.1669861041119
 20
-1096.558658027789
 30
0.0
 10
899.1669861041119
 20
-1104.428017908302
 30
0.0
 10
898.1833036110056
 20
-1103.772246256958
 30
0.0
 10
897.8554177853312
 20
-1103.444335415194
 30
0.0
 10
897.5275319596567
 20
-1103.116474605609
 30
0.0
 10
889.0023754117174
 20
-1091.968206436188
 30
0.0
 10
880.4772188637744
 20
-1080.49202742502
 30
0.0
 10
872.2799481415077
 20
-1069.015848413843
 30
0.0
 10
870.968379822727
 20
-1067.376394269388
 30
0.0
 10
870.968379822727
 20
-1065.081168473584
 30
0.0
 10
870.6404939970525
 20
-1062.785917661702
 30
0.0
 10
869.9847223457054
 20
-1059.834895198468
 30
0.0
 10
869.9847223457054
 20
-1056.883872735234
 30
0.0
 10
869.6568115039481
 20
-1053.932875288083
 30
0.0
 10
869.3289256782718
 20
-1053.932875288083
 30
0.0
 10
869.3289256782718
 20
-1053.932875288083
 30
0.0
 10
869.0010398525992
 20
-1053.932875288083
 30
0.0
 10
869.0010398525992
 20
-1056.883897751317
 30
0.0
 10
869.0010398525992
 20
-1060.162806040224
 30
0.0
 10
869.0010398525992
 20
-1063.113828503461
 30
0.0
 10
868.3452682012539
 20
-1062.785942677785
 30
0.0
 10
868.017357359493
 20
-1063.113828503461
 30
0.0
 10
868.017357359493
 20
-1062.785942677785
 30
0.0
 10
860.1479724628998
 20
-1052.621331985392
 30
0.0
 10
852.2785875663049
 20
-1042.128810451239
 30
0.0
 10
844.737113511469
 20
-1031.63631393317
 30
0.0
 10
844.081341860121
 20
-1030.652631440062
 30
0.0
 10
843.7534310183628
 20
-1029.66897396304
 30
0.0
 10
843.7534310183628
 20
-1028.357405644259
 30
0.0
 10
843.0976593670157
 20
-1023.439043210899
 30
0.0
 10
842.4418626995839
 20
-1018.848566603214
 30
0.0
 10
841.7860910482359
 20
-1013.930204169847
 30
0.0
 10
841.4582052225614
 20
-1013.930204169847
 30
0.0
 10
841.4582052225614
 20
-1013.930204169847
 30
0.0
 10
841.1303193968879
 20
-1013.930204169847
 30
0.0
 10
841.1303193968879
 20
-1017.536998284435
 30
0.0
 10
841.1303193968879
 20
-1021.471703240772
 30
0.0
 10
841.1303193968879
 20
-1026.062154832374
 30
0.0
 10
839.818751078109
 20
-1024.750586513594
 30
0.0
 10
838.8350936010875
 20
-1024.094814862245
 30
0.0
 10
838.5071827593292
 20
-1023.439018194815
 30
0.0
 10
832.605137832862
 20
-1015.89751912389
 30
0.0
 10
826.7031179224796
 20
-1008.356045069055
 30
0.0
 10
821.1289588216869
 20
-1000.486660172459
 30
0.0
 10
818.1779363584528
 20
-996.224069390446
 30
0.0
 10
815.2269138952206
 20
-991.6336177988469
 30
0.0
 10
812.9316880994184
 20
-987.0431411911577
 30
0.0
 10
811.9480181143554
 20
-984.7479153953573
 30
0.0
 10
811.9480181143554
 20
-981.7968929321232
 30
0.0
 10
811.6201197806386
 20
-979.5016421202363
 30
0.0
 10
811.292233954965
 20
-979.5016421202363
 30
0.0
 10
811.292233954965
 20
-979.5016421202363
 30
0.0
 10
810.9643356212491
 20
-979.5016421202363
 30
0.0
 10
810.9643356212491
 20
-981.4689820903623
 30
0.0
 10
810.6364497955756
 20
-983.1084362348192
 30
0.0
 10
810.3085514618597
 20
-986.0594586980533
 30
0.0
 10
808.6690973174045
 20
-984.4200045535981
 30
0.0
 10
808.0133131580151
 20
-983.4363220604919
 30
0.0
 10
807.3575289986256
 20
-982.4526645834703
 30
0.0
 10
803.7507348840445
 20
-977.8621879757866
 30
0.0
 10
800.143928261421
 20
-973.5996222098565
 30
0.0
 10
796.8650199725143
 20
-968.6812597764947
 30
0.0
 10
791.9466575391534
 20
-961.1397607055751
 30
0.0
 10
783.749386816884
 20
-955.2377407951917
 30
0.0
 10
782.7657168318228
 20
-944.4173334353654
 30
0.0
 10
782.1099326724325
 20
-946.0567875798188
 30
0.0
 10
781.7820468467571
 20
-946.7125592311659
 30
0.0
 10
781.1262626873677
 20
-948.0241275499466
 30
0.0
 10
774.8963319352279
 20
-941.7942218138905
 30
0.0
 10
770.3058678355819
 20
-935.5642910617498
 30
0.0
 10
765.387505402221
 20
-929.6622461352836
 30
0.0
  0
SPLINE
  5
47
330
41
100
AcDbEntity
  8
katman 1
370
     0
100
AcDbSpline
210
0.0
220
0.0
230
1.0
 70
    11
 71
     3
 72
   116
 73
   112
 74
     0
 42
0.0000000001
 43
0.0000000001
 12
1.0
 22
0.0
 32
0.0
 13
1.0
 23
0.0
 33
0.0
 40
0.0
 40
0.0
 40
0.0
 40
0.0
 40
1.0
 40
1.0
 40
1.0
 40
2.0
 40
2.0
 40
2.0
 40
3.0
 40
3.0
 40
3.0
 40
4.0
 40
4.0
 40
4.0
 40
5.0
 40
5.0
 40
5.0
 40
6.0
 40
6.0
 40
6.0
 40
7.0
 40
7.0
 40
7.0
 40
8.0
 40
8.0
 40
8.0
 40
9.0
 40
9.0
 40
9.0
 40
10.0
 40
10.0
 40
10.0
 40
11.0
 40
11.0
 40
11.0
 40
12.0
 40
12.0
 40
12.0
 40
13.0
 40
13.0
 40
13.0
 40
14.0
 40
14.0
 40
14.0
 40
15.0
 40
15.0
 40
15.0
 40
16.0
 40
16.0
 40
16.0
 40
17.0
 40
17.0
 40
17.0
 40
18.0
 40
18.0
 40
18.0
 40
19.0
 40
19.0
 40
19.0
 40
20.0
 40
20.0
 40
20.0
 40
21.0
 40
21.0
 40
21.0
 40
22.0
 40
22.0
 40
22.0
 40
23.0
 40
23.0
 40
23.0
 40
24.0
 40
24.0
 40
24.0
 40
25.0
 40
25.0
 40
25.0
 40
26.0
 40
26.0
 40
26.0
 40
27.0
 40
27.0
 40
27.0
 40
28.0
 40
28.0
 40
28.0
 40
29.0
 40
29.0
 40
29.0
 40
30.0
 40
30.0
 40
30.0
 40
31.0
 40
31.0
 40
31.0
 40
32.0
 40
32.0
 40
32.0
 40
33.0
 40
33.0
 40
33.0
 40
34.0
 40
34.0
 40
34.0
 40
35.0
 40
35.0
 40
35.0
 40
36.0
 40
36.0
 40
36.0
 40
37.0
 40
37.0
 40
37.0
 40
37.0
 10
775.8800144283323
 20
-1183.777638525597
 30
0.0
 10
780.1425927023038
 20
-1184.105549367345
 30
0.0
 10
784.4051709762743
 20
-1183.777638525597
 30
0.0
 10
788.3398634245723
 20
-1184.761321018699
 30
0.0
 10
794.8976800023875
 20
-1186.400775163149
 30
0.0
 10
801.4554965802008
 20
-1189.023911800712
 30
0.0
 10
808.0133131580151
 20
-1191.319137596514
 30
0.0
 10
812.931675591376
 20
-1192.958591740971
 30
0.0
 10
817.1942538653466
 20
-1194.925956727175
 30
0.0
 10
822.440502124381
 20
-1196.56541087163
 30
0.0
 10
839.1629293945907
 20
-1201.155862463233
 30
0.0
 10
855.5574708391268
 20
-1207.057907389701
 30
0.0
 10
872.2798981093365
 20
-1212.304180664822
 30
0.0
 10
886.051302916314
 20
-1216.894632256428
 30
0.0
 10
900.1506185650469
 20
-1221.485133880196
 30
0.0
 10
913.9220233720243
 20
-1226.075585471803
 30
0.0
 10
916.5451600095839
 20
-1227.059267964905
 30
0.0
 10
919.1682716310588
 20
-1228.370811267596
 30
0.0
 10
922.1192940942929
 20
-1229.354493760708
 30
0.0
 10
924.0866340644188
 20
-1230.010265412056
 30
0.0
 10
926.0539740345484
 20
-1230.010265412056
 30
0.0
 10
927.693428179
 20
-1230.33817625381
 30
0.0
 10
936.2185847269411
 20
-1232.961312891373
 30
0.0
 10
944.4158554492096
 20
-1235.912310338514
 30
0.0
 10
952.9410119971526
 20
-1238.535446976082
 30
0.0
 10
953.9246944902588
 20
-1238.863357817836
 30
0.0
 10
955.236237792953
 20
-1238.863357817836
 30
0.0
 10
955.8920344603866
 20
-1238.863357817836
 30
0.0
 10
952.6131261714781
 20
-1235.912360370696
 30
0.0
 10
949.006332056897
 20
-1233.289223733127
 30
0.0
 10
945.0716271005567
 20
-1229.682404602463
 30
0.0
 10
946.3831954193374
 20
-1231.321858746913
 30
0.0
 10
947.0389670706845
 20
-1232.633402049609
 30
0.0
 10
948.3505353894652
 20
-1234.272856194064
 30
0.0
 10
946.0553095936648
 20
-1233.944945352308
 30
0.0
 10
945.0716271005567
 20
-1233.944945352308
 30
0.0
 10
944.0879446074505
 20
-1233.617084542715
 30
0.0
 10
938.841696348416
 20
-1231.977630398265
 30
0.0
 10
933.923333915056
 20
-1229.682404602463
 30
0.0
 10
928.6770856560215
 20
-1228.370811267596
 30
0.0
 10
923.7587232226615
 20
-1227.059267964905
 30
0.0
 10
919.4961324406468
 20
-1223.780359675999
 30
0.0
 10
914.2498841816123
 20
-1223.12453799248
 30
0.0
 10
908.6757500969034
 20
-1222.468766341137
 30
0.0
 10
903.4294768217842
 20
-1219.845629703568
 30
0.0
 10
898.1832285627497
 20
-1218.206175559113
 30
0.0
 10
890.6417294918301
 20
-1215.583038921561
 30
0.0
 10
881.7886871182145
 20
-1214.599356428449
 30
0.0
 10
877.5260963362016
 20
-1206.074224896598
 30
0.0
 10
877.5260963362016
 20
-1206.074224896598
 30
0.0
 10
877.1982105105271
 20
-1206.074224896598
 30
0.0
 10
876.8703246848545
 20
-1206.074224896598
 30
0.0
 10
877.8540071779607
 20
-1207.713679041053
 30
0.0
 10
878.8376646549805
 20
-1209.353133185505
 30
0.0
 10
880.1492329737612
 20
-1211.648358981301
 30
0.0
 10
879.1655504806549
 20
-1211.648358981301
 30
0.0
 10
878.5097788293078
 20
-1211.648358981301
 30
0.0
 10
878.1818930036334
 20
-1211.648358981301
 30
0.0
 10
871.9519622514927
 20
-1209.680993995093
 30
0.0
 10
865.3941456736784
 20
-1207.713679041053
 30
0.0
 10
859.1642149215377
 20
-1205.090542403486
 30
0.0
 10
852.6063983437234
 20
-1202.467405765934
 30
0.0
 10
845.0648992728029
 20
-1201.81163411458
 30
0.0
 10
839.8186510137693
 20
-1196.237500029876
 30
0.0
 10
839.8186510137693
 20
-1196.237500029876
 30
0.0
 10
839.4907651880949
 20
-1196.237500029876
 30
0.0
 10
839.1628793624213
 20
-1195.909589188112
 30
0.0
 10
839.1628793624213
 20
-1196.565360839464
 30
0.0
 10
839.1628793624213
 20
-1197.221132490808
 30
0.0
 10
839.1628793624213
 20
-1198.204814983916
 30
0.0
 10
834.9002885804084
 20
-1196.893271681223
 30
0.0
 10
830.9656086401537
 20
-1195.581678346358
 30
0.0
 10
827.0309286998981
 20
-1194.270135043656
 30
0.0
 10
813.587409718597
 20
-1189.023861768535
 30
0.0
 10
798.5044240847974
 20
-1187.056546814501
 30
0.0
 10
785.7166892628848
 20
-1178.203504440888
 30
0.0
 10
786.3724734222751
 20
-1179.18718693399
 30
0.0
 10
786.7003592479477
 20
-1180.170869427096
 30
0.0
 10
787.0282575816645
 20
-1180.82664107844
 30
0.0
 10
786.700371755991
 20
-1180.82664107844
 30
0.0
 10
786.700371755991
 20
-1181.154551920205
 30
0.0
 10
786.3724734222751
 20
-1181.154551920205
 30
0.0
 10
776.8636343812277
 20
-1178.203554473053
 30
0.0
 10
767.6826936738944
 20
-1174.924646184149
 30
0.0
 10
758.1738546328479
 20
-1172.301509546585
 30
0.0
 10
748.9929139255164
 20
-1169.678372909028
 30
0.0
 10
740.1398590438575
 20
-1165.415782127015
 30
0.0
 10
730.9589183365251
 20
-1163.120556331211
 30
0.0
 10
718.499069340287
 20
-1160.16955888407
 30
0.0
 10
706.6949982494161
 20
-1155.579057260296
 30
0.0
 10
694.5630350788533
 20
-1151.644377320039
 30
0.0
 10
693.9072509194621
 20
-1151.31646647828
 30
0.0
 10
692.9235809343973
 20
-1151.644377320039
 30
0.0
 10
692.2677967750096
 20
-1151.972288161798
 30
0.0
 10
692.2677967750096
 20
-1152.300199003557
 30
0.0
 10
692.2677967750096
 20
-1152.300199003557
 30
0.0
 10
692.2677967750096
 20
-1152.628059813145
 30
0.0
 10
708.9902302992386
 20
-1158.202193897851
 30
0.0
 10
725.7126575694483
 20
-1164.104238824324
 30
0.0
 10
743.4187673327651
 20
-1170.006283750781
 30
0.0
 10
741.1235290289214
 20
-1170.662055402136
 30
0.0
 10
739.811973218184
 20
-1171.317827053483
 30
0.0
 10
738.5004048994042
 20
-1171.645737895247
 30
0.0
 10
753.9112763588773
 20
-1170.334194592546
 30
0.0
 10
766.3711253551155
 20
-1179.187236966156
 30
0.0
 10
780.4704284958079
 20
-1182.138234413307
 30
0.0
 10
780.4704284958079
 20
-1182.466145255072
 30
0.0
 10
780.4704284958079
 20
-1182.79400606466
 30
0.0
 10
780.4704284958079
 20
-1183.121916906415
 30
0.0
 10
778.5031385578504
 20
-1183.121866874244
 30
0.0
 10
777.1915702390697
 20
-1183.449777716009
 30
0.0
 10
775.8800144283323
 20
-1183.777638525597
 30
0.0
  0
HATCH
  5
48
330
41
100
AcDbEntity
  8
katman 1
 62
    96
420
    32768
100
AcDbHatch
 10
0.0
 20
0.0
 30
0.0
210
0.0
220
0.0
230
1.0
  2
SOLID
 70
     1
 71
     0
 91
        3
 92
        1
 93
        1
 72
     4
 94
        3
 73
     0
 74
     1
 95
      353
 96
      349
 40
0.0
 40
0.0
 40
0.0
 40
0.0
 40
1.0
 40
1.0
 40
1.0
 40
2.0
 40
2.0
 40
2.0
 40
3.0
 40
3.0
 40
3.0
 40
4.0
 40
4.0
 40
4.0
 40
5.0
 40
5.0
 40
5.0
 40
6.0
 40
6.0
 40
6.0
 40
7.0
 40
7.0
 40
7.0
 40
8.0
 40
8.0
 40
8.0
 40
9.0
 40
9.0
 40
9.0
 40
10.0
 40
10.0
 40
10.0
 40
11.0
 40
11.0
 40
11.0
 40
12.0
 40
12.0
 40
12.0
 40
13.0
 40
13.0
 40
13.0
 40
14.0
 40
14.0
 40
14.0
 40
15.0
 40
15.0
 40
15.0
 40
16.0
 40
16.0
 40
16.0
 40
17.0
 40
17.0
 40
17.0
 40
18.0
 40
18.0
 40
18.0
 40
19.0
 40
19.0
 40
19.0
 40
20.0
 40
20.0
 40
20.0
 40
21.0
 40
21.0
 40
21.0
 40
22.0
 40
22.0
 40
22.0
 40
23.0
 40
23.0
 40
23.0
 40
24.0
 40
24.0
 40
24.0
 40
25.0
 40
25.0
 40
25.0
 40
26.0
 40
26.0
 40
26.0
 40
27.0
 40
27.0
 40
27.0
 40
28.0
 40
28.0
 40
28.0
 40
29.0
 40
29.0
 40
29.0
 40
30.0
 40
30.0
 40
30.0
 40
31.0
 40
31.0
 40
31.0
 40
32.0
 40
32.0
 40
32.0
 40
33.0
 40
33.0
 40
33.0
 40
34.0
 40
34.0
 40
34.0
 40
35.0
 40
35.0
 40
35.0
 40
36.0
 40
36.0
 40
36.0
 40
37.0
 40
37.0
 40
37.0
 40
38.0
 40
38.0
 40
38.0
 40
39.0
 40
39.0
 40
39.0
 40
40.0
 40
40.0
 40
40.0
 40
41.0
 40
41.0
 40
41.0
 40
42.0
 40
42.0
 40
42.0
 40
43.0
 40
43.0
 40
43.0
 40
44.0
 40
44.0
 40
44.0
 40
45.0
 40
45.0
 40
45.0
 40
46.0
 40
46.0
 40
46.0
 40
47.0
 40
47.0
 40
47.0
 40
48.0
 40
48.0
 40
48.0
 40
49.0
 40
49.0
 40
49.0
 40
50.0
 40
50.0
 40
50.0
 40
51.0
 40
51.0
 40
51.0
 40
52.0
 40
52.0
 40
52.0
 40
53.0
 40
53.0
 40
53.0
 40
54.0
 40
54.0
 40
54.0
 40
55.0
 40
55.0
 40
55.0
 40
56.0
 40
56.0
 40
56.0
 40
57.0
 40
57.0
 40
57.0
 40
58.0
 40
58.0
 40
58.0
 40
59.0
 40
59.0
 40
59.0
 40
60.0
 40
60.0
 40
60.0
 40
61.0
 40
61.0
 40
61.0
 40
62.0
 40
62.0
 40
62.0
 40
63.0
 40
63.0
 40
63.0
 40
64.0
 40
64.0
 40
64.0
 40
65.0
 40
65.0
 40
65.0
 40
66.0
 40
66.0
 40
66.0
 40
67.0
 40
67.0
 40
67.0
 40
68.0
 40
68.0
 40
68.0
 40
69.0
 40
69.0
 40
69.0
 40
70.0
 40
70.0
 40
70.0
 40
71.0
 40
71.0
 40
71.0
 40
72.0
 40
72.0
 40
72.0
 40
73.0
 40
73.0
 40
73.0
 40
74.0
 40
74.0
 40
74.0
 40
75.0
 40
75.0
 40
75.0
 40
76.0
 40
76.0
 40
76.0
 40
77.0
 40
77.0
 40
77.0
 40
78.0
 40
78.0
 40
78.0
 40
79.0
 40
79.0
 40
79.0
 40
80.0
 40
80.0
 40
80.0
 40
81.0
 40
81.0
 40
81.0
 40
82.0
 40
82.0
 40
82.0
 40
83.0
 40
83.0
 40
83.0
 40
84.0
 40
84.0
 40
84.0
 40
85.0
 40
85.0
 40
85.0
 40
86.0
 40
86.0
 40
86.0
 40
87.0
 40
87.0
 40
87.0
 40
88.0
 40
88.0
 40
88.0
 40
89.0
 40
89.0
 40
89.0
 40
90.0
 40
90.0
 40
90.0
 40
91.0
 40
91.0
 40
91.0
 40
92.0
 40
92.0
 40
92.0
 40
93.0
 40
93.0
 40
93.0
 40
94.0
 40
94.0
 40
94.0
 40
95.0
 40
95.0
 40
95.0
 40
96.0
 40
96.0
 40
96.0
 40
97.0
 40
97.0
 40
97.0
 40
98.0
 40
98.0
 40
98.0
 40
99.0
 40
99.0
 40
99.0
 40
100.0
 40
100.0
 40
100.0
 40
101.0
 40
101.0
 40
101.0
 40
102.0
 40
102.0
 40
102.0
 40
103.0
 40
103.0
 40
103.0
 40
104.0
 40
104.0
 40
104.0
 40
105.0
 40
105.0
 40
105.0
 40
106.0
 40
106.0
 40
106.0
 40
107.0
 40
107.0
 40
107.0
 40
108.0
 40
108.0
 40
108.0
 40
109.0
 40
109.0
 40
109.0
 40
110.0
 40
110.0
 40
110.0
 40
111.0
 40
111.0
 40
111.0
 40
112.0
 40
112.0
 40
112.0
 40
113.0
 40
113.0
 40
113.0
 40
114.0
 40
114.0
 40
114.0
 40
115.0
 40
115.0
 40
115.0
 40
116.0
 40
116.0
 40
116.0
 40
116.0
 10
811.2922214469218
 20
-1228.698672077189
 10
813.915345576439
 20
-1227.387128774493
 10
815.8826855465659
 20
-1226.731307090973
 10
817.5221396910201
 20
-1225.747674630038
 10
817.5221396910201
 20
-1225.419763788288
 10
817.5221396910201
 20
-1224.763992136935
 10
817.5221396910201
 20
-1224.436131327342
 10
798.1765757832518
 20
-1220.829312196682
 10
778.831024383524
 20
-1216.894632256428
 10
760.4691304608186
 20
-1209.02527237592
 10
761.1249146202081
 20
-1208.041589882809
 10
762.1085846052711
 20
-1207.057907389701
 10
763.4201529240527
 20
-1205.090592435663
 10
750.9603039278136
 20
-1204.762681593902
 10
740.795680727374
 20
-1198.860686699605
 10
729.6474000499165
 20
-1194.925956727175
 10
731.6147400200434
 20
-1193.614413424484
 10
732.9263083388232
 20
-1192.958591740971
 10
734.8936483089501
 20
-1191.64704843827
 10
722.7616851383855
 20
-1186.728686004913
 10
710.9576203015367
 20
-1182.138234413307
 10
698.8256571309712
 20
-1177.547732789535
 10
701.1208954348149
 20
-1175.580367803324
 10
702.7603495792673
 20
-1173.940913658869
 10
704.0719116440268
 20
-1172.629370356179
 10
691.9399484734613
 20
-1168.038918764578
 10
680.4637757163073
 20
-1163.776327982559
 10
668.9875967051321
 20
-1159.185826358791
 10
668.9875967051321
 20
-1158.857915517032
 10
668.9875967051321
 20
-1158.530054707438
 10
668.9875967051321
 20
-1157.874283056095
 10
671.6107208346502
 20
-1156.562739753399
 10
674.2338512181896
 20
-1155.251146418534
 10
676.8569753477059
 20
-1153.611692274082
 10
676.8569753477059
 20
-1153.283781432323
 10
676.8569753477059
 20
-1152.955920622735
 10
676.8569753477059
 20
-1152.300148971382
 10
658.8229797587164
 20
-1145.086560742222
 10
640.788984169727
 20
-1138.200833322651
 10
623.0828806604331
 20
-1130.987245093487
 10
623.0828806604331
 20
-1130.659334251728
 10
623.0828806604331
 20
-1130.659334251728
 10
623.0828806604331
 20
-1130.33147344214
 10
623.7386616928115
 20
-1130.33147344214
 10
624.7223348048856
 20
-1130.00356260039
 10
625.3781158372649
 20
-1130.00356260039
 10
631.2801513827008
 20
-1130.987245093487
 10
636.8542948484401
 20
-1132.298788396178
 10
642.7563303938741
 20
-1133.282470889295
 10
645.7073466030879
 20
-1133.938242540638
 10
648.9862548919946
 20
-1134.266153382392
 10
651.9372742282167
 20
-1134.921925033746
 10
655.8719635495045
 20
-1135.577696685094
 10
660.134541823476
 20
-1135.905607526849
 10
664.069234271773
 20
-1136.889290019961
 10
668.0039267200691
 20
-1137.545061671299
 10
671.938612914345
 20
-1138.856655006166
 10
675.5454132829473
 20
-1139.512426657519
 10
678.4964294921592
 20
-1140.168198308866
 10
681.7753377810668
 20
-1140.496109150621
 10
685.0542460699744
 20
-1140.823969960215
 10
684.7263539902788
 20
-1139.512426657519
 10
684.7263539902788
 20
-1138.52874416441
 10
684.398461910584
 20
-1136.561379178196
 10
693.9072946976112
 20
-1138.52874416441
 10
703.0882354049418
 20
-1140.823969960215
 10
713.2528586053786
 20
-1142.791284914252
 10
712.924972779706
 20
-1140.823919928038
 10
712.2691886203165
 20
-1139.184465783583
 10
711.6134044609262
 20
-1136.561379178196
 10
714.5644269241602
 20
-1136.889290019961
 10
717.1875510536765
 20
-1137.217150829543
 10
719.4827893575211
 20
-1137.872922480898
 10
722.7616976464287
 20
-1138.528694132245
 10
726.368491761009
 20
-1139.184465783583
 10
729.6474000499165
 20
-1140.168148276694
 10
734.8936483089501
 20
-1141.47969157939
 10
739.812010742311
 20
-1143.119145723842
 10
745.0582715093888
 20
-1144.430739058709
 10
745.7140556687782
 20
-1144.758649900468
 10
747.3535098132324
 20
-1144.758649900468
 10
747.681395638906
 20
-1144.758649900468
 10
748.0092814645786
 20
-1143.447106597767
 10
748.0092814645786
 20
-1141.807652453317
 10
748.3371797982954
 20
-1139.840287467101
 10
752.5997580722651
 20
-1140.823969960215
 10
757.5181205056269
 20
-1141.479741611558
 10
762.1085971133143
 20
-1142.463424104664
 10
767.0269595466752
 20
-1143.774967407355
 10
771.9453219800353
 20
-1145.086560742222
 10
776.8636844133971
 20
-1146.726014886672
 10
783.0936151655387
 20
-1148.693379872893
 10
788.9956475839617
 20
-1150.988605668696
 10
795.2255658280601
 20
-1153.283831464494
 10
796.5371341468399
 20
-1153.611742306248
 10
798.1765882912932
 20
-1153.939603115841
 10
799.4881441020307
 20
-1154.267513957602
 10
798.8323599426412
 20
-1152.955970654906
 10
798.1765757832518
 20
-1151.316516510446
 10
797.8486899575773
 20
-1150.004923175578
 10
797.8486899575773
 20
-1149.677012333828
 10
797.5208041319038
 20
-1149.34915152424
 10
796.8650199725143
 20
-1148.037558189373
 10
801.4554965802008
 20
-1149.349101492064
 10
805.7180748541714
 20
-1150.332783985177
 10
809.6527673024693
 20
-1151.972238129627
 10
821.4568446473604
 20
-1157.218511404748
 10
833.2609094842092
 20
-1163.120506299039
 10
845.0649743210588
 20
-1168.36677957416
 10
845.7207459724059
 20
-1168.694690415925
 10
847.0323142911848
 20
-1168.694690415925
 10
847.3602001168592
 20
-1168.36677957416
 10
847.6880859425328
 20
-1167.711007922813
 10
847.6880859425328
 20
-1166.727325429711
 10
847.3602001168592
 20
-1165.743642936608
 10
847.0323142911848
 20
-1164.759960443494
 10
846.376517623753
 20
-1164.104188792147
 10
846.0486317980794
 20
-1163.120506299039
 10
859.4921507793806
 20
-1168.36677957416
 10
870.3125581392087
 20
-1177.875593599123
 10
882.1166229760584
 20
-1185.744953479631
 10
882.444508801731
 20
-1185.417042637881
 10
882.7723946274054
 20
-1185.417042637881
 10
883.1003054691646
 20
-1185.089181828287
 10
882.4445338178175
 20
-1183.121816842078
 10
882.1166229760584
 20
-1180.826591046274
 10
881.4608513247113
 20
-1178.859276092231
 10
881.7887371503839
 20
-1178.531365250476
 10
882.1166229760584
 20
-1178.203504440888
 10
882.4445338178175
 20
-1177.875593599123
 10
896.5438494665523
 20
-1187.056546814501
 10
910.3152542735279
 20
-1196.237500029876
 10
925.0703415736116
 20
-1205.746314054833
 10
925.0703415736116
 20
-1203.451088259035
 10
924.7424557479371
 20
-1202.139494924169
 10
924.7424557479371
 20
-1200.17217997013
 10
927.3655923854967
 20
-1201.483723272826
 10
929.3329323556245
 20
-1202.467405765934
 10
931.9560439770994
 20
-1203.778999100796
 10
931.9560439770994
 20
-1202.139544956344
 10
931.9560439770994
 20
-1201.483773304997
 10
931.6281581514249
 20
-1200.17217997013
 10
934.2512947889845
 20
-1200.17217997013
 10
936.8744064104594
 20
-1200.17217997013
 10
939.1696572223464
 20
-1200.17217997013
 10
939.4975430480208
 20
-1199.844269128365
 10
939.4975430480208
 20
-1199.188497477027
 10
939.8254288736935
 20
-1198.860636667428
 10
927.365567369412
 20
-1188.040229307604
 10
913.5941625624364
 20
-1178.531415282641
 10
900.8064152324805
 20
-1166.727325429711
 10
903.1016410282809
 20
-1166.399414587946
 10
905.0690060144934
 20
-1166.071553778362
 10
908.0200034616428
 20
-1165.415782127015
 10
907.0363209685347
 20
-1164.104238824324
 10
906.3805493171876
 20
-1162.792645489457
 10
905.3968668240832
 20
-1162.136873838108
 10
899.4948218976151
 20
-1158.202193897851
 10
893.5928019872335
 20
-1154.267513957602
 10
887.6907570607673
 20
-1150.004923175578
 10
879.4934863384988
 20
-1144.102878249119
 10
871.6241014419047
 20
-1138.200833322651
 10
863.7547165453107
 20
-1132.298838428354
 10
863.7547165453107
 20
-1131.970927586595
 10
864.0826023709833
 20
-1131.643066777006
 10
864.0826023709833
 20
-1131.315155935246
 10
867.3615106598918
 20
-1131.315155935246
 10
870.312533123124
 20
-1131.315155935246
 10
874.9030097308114
 20
-1131.315155935246
 10
873.263555586358
 20
-1129.347790949038
 10
872.607783935011
 20
-1128.036247646342
 10
871.6241014419047
 20
-1127.052565153233
 10
863.7547165453107
 20
-1120.166837733663
 10
855.8853316487157
 20
-1113.609021155846
 10
848.3438575938799
 20
-1107.051204578034
 10
845.3928351306467
 20
-1104.428067940476
 10
842.4418126674127
 20
-1101.80493130291
 10
839.4908152202643
 20
-1099.181844697529
 10
839.8187010459387
 20
-1098.853933855764
 10
839.8187010459387
 20
-1098.19816220442
 10
840.1465868716114
 20
-1097.870301394827
 10
841.4581551903921
 20
-1097.870301394827
 10
842.4418126674127
 20
-1097.870301394827
 10
843.7533809861925
 20
-1097.870301394827
 10
844.7370634792987
 20
-1097.870301394827
 10
845.3928351306467
 20
-1097.214529743484
 10
846.376517623753
 20
-1096.886618901719
 10
846.0486317980794
 20
-1095.902936408622
 10
845.7207459724059
 20
-1094.591393105922
 10
845.0649493049732
 20
-1093.935621454573
 10
835.5561102639258
 20
-1084.754668239204
 10
825.719385397204
 20
-1075.573715023826
 10
816.2105463561556
 20
-1066.064900998863
 10
812.2758539078595
 20
-1061.80231021685
 10
808.996945618951
 20
-1056.883947783488
 10
805.0622531706549
 20
-1051.63769952445
 10
808.3411614595616
 20
-1051.309813698779
 10
810.6363997634044
 20
-1051.309813698779
 10
814.5710922117014
 20
-1050.981927873108
 10
801.4554590560738
 20
-1037.538408891804
 10
791.6187341893519
 20
-1023.111207417398
 10
783.4214634670843
 20
-1007.04455179853
 10
785.7167017709271
 20
-1006.716665972855
 10
787.3561559153804
 20
-1006.716665972855
 10
789.9792800448995
 20
-1006.388780147183
 10
788.9956100598347
 20
-1005.077211828404
 10
788.6677117261179
 20
-1003.765643509625
 10
787.684041741054
 20
-1003.109871858276
 10
779.4867710187873
 20
-994.9126011360095
 10
772.9289544409721
 20
-986.0595587623957
 10
767.3548078482208
 20
-975.8949230539092
 10
767.0269220225482
 20
-975.5670372282366
 10
766.6990236888314
 20
-975.2391514025621
 10
766.6990236888314
 20
-974.9112405608066
 10
764.0758995593151
 20
-969.6649923017685
 10
764.0758995593151
 20
-969.9928781274448
 10
769.9779319777399
 20
-969.3371064760977
 10
770.961601962802
 20
-969.3371064760977
 10
771.9452719478659
 20
-968.6813348247488
 10
772.6010561072571
 20
-968.3534239829933
 10
772.2731702815827
 20
-967.369741489887
 10
771.9452719478659
 20
-966.3860840128636
 10
771.2894877884755
 20
-965.7302873454319
 10
763.0922170662079
 20
-956.2214483043845
 10
756.5344004883937
 20
-945.4010659606411
 10
750.9602538956433
 20
-934.2527727751403
 10
750.6323680699697
 20
-933.5970011237914
 10
751.6160380550327
 20
-931.6296361375807
 10
752.5997080400957
 20
-931.3017503119063
 10
753.9112763588773
 20
-930.6459786605574
 10
755.2228321696139
 20
-930.9738644862318
 10
757.8459562991311
 20
-930.6459786605574
 10
745.7140556687782
 20
-914.2513871838528
 10
734.237876657603
 20
-897.8568457393176
 10
722.4337993127119
 20
-881.1344184691079
 10
722.7616851383855
 20
-880.8065326434335
 10
723.0895834721014
 20
-880.478646817759
 10
723.7453676314917
 20
-880.1507359760017
 10
743.090931539261
 20
-890.3153466683962
 10
760.7970287945354
 20
-902.7752081726758
 10
774.8963319352279
 20
-920.4813179359935
 10
775.8800019202909
 20
-918.1860921401931
 10
776.8636719053547
 20
-916.5466379957379
 10
777.5194560647442
 20
-914.9071838512864
 10
777.8473418904177
 20
-913.2677297068312
 10
777.5194560647442
 20
-911.3003897367053
 10
777.5194560647442
 20
-909.6609355922501
 10
778.1752402241345
 20
-909.6609355922501
 10
778.5031260498072
 20
-909.3330497665775
 10
778.5031260498072
 20
-909.6609355922501
 10
787.6840667571396
 20
-917.8582063145186
 10
795.8813374794063
 20
-926.7112486881342
 10
802.4391540572215
 20
-937.5316560479623
 10
803.0949382166109
 20
-938.5153385410686
 10
804.0786082016757
 20
-938.8432243667412
 10
804.7343923610651
 20
-939.4989960180901
 10
805.3901765204546
 20
-938.5153135249839
 10
806.045960679844
 20
-937.859541873635
 10
806.3738465055185
 20
-936.8758593805287
 10
807.0296306649088
 20
-935.5642910617498
 10
807.3575164905824
 20
-934.2527227429691
 10
808.3411864756463
 20
-931.6296111214942
 10
817.5221396910201
 20
-942.122107639565
 10
825.7194104132886
 20
-951.958832506285
 10
834.5724527869043
 20
-962.123468214766
 10
835.5561352800105
 20
-960.1561282446382
 10
836.2119069313585
 20
-958.1887882745104
 10
837.1955894244629
 20
-955.8935374626271
 10
847.3602001168592
 20
-966.7139448224516
 10
856.8690391579075
 20
-978.1901238336286
 10
861.7874015912666
 20
-992.9452111337123
 10
862.4431732426165
 20
-992.617325308036
 10
862.7710840843747
 20
-992.2894394823634
 10
863.4268557357209
 20
-992.2894394823634
 10
863.4268557357209
 20
-990.6499853379082
 10
863.7547415613953
 20
-989.0105311934567
 10
864.0826273870689
 20
-986.0595087302245
 10
869.0009898204298
 20
-991.9615536566907
 10
873.5914664281154
 20
-996.5520052482898
 10
876.8703747170221
 20
-1002.126164349083
 10
883.4281912948372
 20
-1012.618660867154
 10
889.3302362213053
 20
-1023.766954052659
 10
895.5601419573613
 20
-1034.587361412487
 10
896.5438244504658
 20
-1036.226815556942
 10
896.2159136087084
 20
-1039.505723845847
 10
900.1506185650469
 20
-1038.52204135274
 10
900.1506185650469
 20
-1036.226815556942
 10
900.1506185650469
 20
-1034.259450570727
 10
900.1506185650469
 20
-1031.964224774925
 10
900.4785043907214
 20
-1031.964224774925
 10
900.8063902163958
 20
-1031.636338949253
 10
901.4621868838276
 20
-1031.636338949253
 10
907.6921176359683
 20
-1038.194155527064
 10
911.9546834018984
 20
-1046.063540423658
 10
916.2172741839113
 20
-1054.260811145925
 10
920.1519541241651
 20
-1062.458081868197
 10
923.7587732548309
 20
-1070.655352590464
 10
928.0213390207609
 20
-1079.836305805838
 10
929.3329073395398
 20
-1077.213169168281
 10
930.3165648165595
 20
-1075.573715023826
 10
931.6281331353384
 20
-1073.606400069781
 10
941.1369721763876
 20
-1092.296167310118
 10
946.0553346097477
 20
-1112.297527885321
 10
952.9410370132355
 20
-1131.643066777006
 10
953.2689228389099
 20
-1131.643066777006
 10
953.5968086645844
 20
-1131.643066777006
 10
954.252605332018
 20
-1131.315155935246
 10
954.9083769833651
 20
-1129.675701790791
 10
955.8920594764713
 20
-1128.036247646342
 10
957.2036277952502
 20
-1125.413111008784
 10
963.1056727217183
 20
-1139.512426657519
 10
968.6798068064254
 20
-1152.955920622735
 10
974.2539408911325
 20
-1167.055236271464
 10
975.5655092099132
 20
-1165.087871285261
 10
976.5491666869348
 20
-1163.448417140804
 10
977.8607350057155
 20
-1161.481102186755
 10
986.3858915536566
 20
-1189.67973348423
 10
991.3042539870166
 20
-1218.20622559129
 10
1002.124661346845
 20
-1245.421174395653
 10
981.4675291202948
 20
-1230.010315444226
 10
958.8430819397036
 20
-1218.20622559129
 10
936.5464955687003
 20
-1205.746364087005
 10
936.2186097430276
 20
-1206.402135738354
 10
935.8907239173532
 20
-1207.057907389701
 10
935.2349272499196
 20
-1207.713729073221
 10
956.5478311278166
 20
-1223.780359675999
 10
977.8607350057155
 20
-1239.84704031095
 10
1000.813093028064
 20
-1253.946355959679
 10
997.2062989134829
 20
-1253.61844511792
 10
993.5995047989036
 20
-1252.634812656983
 10
990.3205965099951
 20
-1252.634812656983
 10
979.8280999919261
 20
-1252.306901815229
 10
969.3355784577725
 20
-1252.306901815229
 10
958.8430819397036
 20
-1252.634812656983
 10
944.4158804652943
 20
-1252.962723498747
 10
929.9886789908869
 20
-1253.618495150096
 10
915.2335916908032
 20
-1254.274266801438
 10
916.2172741839113
 20
-1252.306901815229
 10
916.8730458352584
 20
-1251.323269354292
 10
917.8567283283628
 20
-1249.355904368078
 10
898.1832785949209
 20
-1248.700132716724
 10
878.8377146871517
 20
-1247.716450223626
 10
859.4921507793806
 20
-1244.765452776475
 10
861.1316049238349
 20
-1242.798087790266
 10
862.1152874169411
 20
-1241.814455329324
 10
863.4268307196371
 20
-1239.847090343115
 10
845.3928601467323
 20
-1237.223853641215
 10
828.3425470508482
 20
-1234.928627845416
 10
811.2922214469218
 20
-1228.698672077189
 97
        0
 97
        0
 92
        1
 93
        1
 72
     4
 94
        3
 73
     0
 74
     1
 95
      239
 96
      235
 40
0.0
 40
0.0
 40
0.0
 40
0.0
 40
1.0
 40
1.0
 40
1.0
 40
2.0
 40
2.0
 40
2.0
 40
3.0
 40
3.0
 40
3.0
 40
4.0
 40
4.0
 40
4.0
 40
5.0
 40
5.0
 40
5.0
 40
6.0
 40
6.0
 40
6.0
 40
7.0
 40
7.0
 40
7.0
 40
8.0
 40
8.0
 40
8.0
 40
9.0
 40
9.0
 40
9.0
 40
10.0
 40
10.0
 40
10.0
 40
11.0
 40
11.0
 40
11.0
 40
12.0
 40
12.0
 40
12.0
 40
13.0
 40
13.0
 40
13.0
 40
14.0
 40
14.0
 40
14.0
 40
15.0
 40
15.0
 40
15.0
 40
16.0
 40
16.0
 40
16.0
 40
17.0
 40
17.0
 40
17.0
 40
18.0
 40
18.0
 40
18.0
 40
19.0
 40
19.0
 40
19.0
 40
20.0
 40
20.0
 40
20.0
 40
21.0
 40
21.0
 40
21.0
 40
22.0
 40
22.0
 40
22.0
 40
23.0
 40
23.0
 40
23.0
 40
24.0
 40
24.0
 40
24.0
 40
25.0
 40
25.0
 40
25.0
 40
26.0
 40
26.0
 40
26.0
 40
27.0
 40
27.0
 40
27.0
 40
28.0
 40
28.0
 40
28.0
 40
29.0
 40
29.0
 40
29.0
 40
30.0
 40
30.0
 40
30.0
 40
31.0
 40
31.0
 40
31.0
 40
32.0
 40
32.0
 40
32.0
 40
33.0
 40
33.0
 40
33.0
 40
34.0
 40
34.0
 40
34.0
 40
35.0
 40
35.0
 40
35.0
 40
36.0
 40
36.0
 40
36.0
 40
37.0
 40
37.0
 40
37.0
 40
38.0
 40
38.0
 40
38.0
 40
39.0
 40
39.0
 40
39.0
 40
40.0
 40
40.0
 40
40.0
 40
41.0
 40
41.0
 40
41.0
 40
42.0
 40
42.0
 40
42.0
 40
43.0
 40
43.0
 40
43.0
 40
44.0
 40
44.0
 40
44.0
 40
45.0
 40
45.0
 40
45.0
 40
46.0
 40
46.0
 40
46.0
 40
47.0
 40
47.0
 40
47.0
 40
48.0
 40
48.0
 40
48.0
 40
49.0
 40
49.0
 40
49.0
 40
50.0
 40
50.0
 40
50.0
 40
51.0
 40
51.0
 40
51.0
 40
52.0
 40
52.0
 40
52.0
 40
53.0
 40
53.0
 40
53.0
 40
54.0
 40
54.0
 40
54.0
 40
55.0
 40
55.0
 40
55.0
 40
56.0
 40
56.0
 40
56.0
 40
57.0
 40
57.0
 40
57.0
 40
58.0
 40
58.0
 40
58.0
 40
59.0
 40
59.0
 40
59.0
 40
60.0
 40
60.0
 40
60.0
 40
61.0
 40
61.0
 40
61.0
 40
62.0
 40
62.0
 40
62.0
 40
63.0
 40
63.0
 40
63.0
 40
64.0
 40
64.0
 40
64.0
 40
65.0
 40
65.0
 40
65.0
 40
66.0
 40
66.0
 40
66.0
 40
67.0
 40
67.0
 40
67.0
 40
68.0
 40
68.0
 40
68.0
 40
69.0
 40
69.0
 40
69.0
 40
70.0
 40
70.0
 40
70.0
 40
71.0
 40
71.0
 40
71.0
 40
72.0
 40
72.0
 40
72.0
 40
73.0
 40
73.0
 40
73.0
 40
74.0
 40
74.0
 40
74.0
 40
75.0
 40
75.0
 40
75.0
 40
76.0
 40
76.0
 40
76.0
 40
77.0
 40
77.0
 40
77.0
 40
78.0
 40
78.0
 40
78.0
 40
78.0
 10
765.387505402221
 20
-929.6622461352836
 10
765.0596195765484
 20
-929.990131960958
 10
764.7317212428316
 20
-929.990131960958
 10
764.7317212428316
 20
-930.3180177866307
 10
777.5194685727865
 20
-947.6962417242739
 10
790.3072033946992
 20
-965.0744406458307
 10
803.0949507246542
 20
-982.1247787577995
 10
802.7670648989815
 20
-982.4526645834703
 10
802.4391665652647
 20
-982.4526645834703
 10
802.4391665652647
 20
-982.7805504091466
 10
800.4718265951378
 20
-982.1247787577995
 10
798.5044741169668
 20
-981.1410962646914
 10
796.8650199725143
 20
-980.4853246133443
 10
801.127598246484
 20
-983.7642329022528
 10
806.045960679844
 20
-986.7152553654832
 10
809.6527673024693
 20
-990.9778211314133
 10
817.5221396910201
 20
-1000.486660172459
 10
824.735752936268
 20
-1010.651270864855
 10
832.2772269911029
 20
-1020.815881557257
 10
832.6051128167765
 20
-1021.471653208602
 10
832.93299864245
 20
-1022.127449876036
 10
833.5887953098836
 20
-1023.439018194815
 10
831.2935695140814
 20
-1022.783246543466
 10
829.6541153696271
 20
-1022.127449876036
 10
828.0146612251747
 20
-1021.471678224687
 10
826.3752070807204
 20
-1021.143792399011
 10
825.0636387619415
 20
-1020.487995731581
 10
823.4241846174873
 20
-1019.832224080232
 10
823.7520704431618
 20
-1020.81590657334
 10
824.0799562688353
 20
-1021.143792399011
 10
824.4078671105935
 20
-1021.143792399011
 10
829.9820011953016
 20
-1023.766929036574
 10
835.8840461217687
 20
-1024.750586513594
 10
839.8187260620234
 20
-1030.324745614385
 10
845.7207709884906
 20
-1038.849902162328
 10
851.9506767245466
 20
-1046.719287058924
 10
858.1806074766864
 20
-1054.916557781191
 10
861.1316299399205
 20
-1058.851237721445
 10
864.0826524031536
 20
-1062.785942677785
 10
867.033649850302
 20
-1067.048533459798
 10
866.7057640246294
 20
-1067.376444301559
 10
866.7057640246294
 20
-1067.704305111147
 10
866.3778781989549
 20
-1067.704305111147
 10
863.7547415613953
 20
-1067.048533459798
 10
861.1316299399205
 20
-1066.392761808451
 10
858.1806074766864
 20
-1065.736940124936
 10
858.50849330236
 20
-1066.720622618039
 10
858.50849330236
 20
-1066.720622618039
 10
858.50849330236
 20
-1066.720622618039
 10
858.8363791280344
 20
-1067.048533459798
 10
859.4921757954662
 20
-1067.048533459798
 10
859.8200616211398
 20
-1067.376394269388
 10
865.0663098801742
 20
-1069.015848413843
 10
869.9846723135342
 20
-1070.327391716533
 10
873.5914664281154
 20
-1075.573664991654
 10
879.8213971802561
 20
-1084.426707365274
 10
886.7070995837457
 20
-1092.951888929299
 10
893.2649161615609
 20
-1101.477020461154
 10
896.2159386247931
 20
-1105.411700401413
 10
898.839050246268
 20
-1109.018519532074
 10
901.790072709502
 20
-1112.953199472327
 10
901.4621868838276
 20
-1113.281110314087
 10
901.4621868838276
 20
-1113.608971123675
 10
901.134301058155
 20
-1113.936881965439
 10
897.1996211178994
 20
-1112.953199472327
 10
893.2649161615609
 20
-1111.641656169637
 10
889.3302362213053
 20
-1110.657973676523
 10
889.3302362213053
 20
-1110.985884518288
 10
889.0023503956309
 20
-1111.313745327872
 10
889.0023503956309
 20
-1111.641656169637
 10
889.6581220469798
 20
-1111.969567011391
 10
889.9860328887371
 20
-1111.969567011391
 10
890.641804540086
 20
-1112.297427820984
 10
895.2322811477716
 20
-1113.936881965439
 10
901.134301058155
 20
-1114.264792807195
 10
904.4132093470616
 20
-1117.5437010961
 10
912.2825942436539
 20
-1126.068882660131
 10
919.1682966471435
 20
-1135.905607526849
 10
926.381884876304
 20
-1145.086510710056
 10
926.0539990506313
 20
-1145.414421551806
 10
925.7261132249587
 20
-1145.742282361403
 10
925.7261132249587
 20
-1146.398054012747
 10
921.7914332847049
 20
-1145.414371519639
 10
917.8567283283628
 20
-1144.102828216954
 10
913.922048388109
 20
-1143.119145723842
 10
913.922048388109
 20
-1143.447056565601
 10
913.922048388109
 20
-1143.774917375189
 10
913.5941625624364
 20
-1144.102828216954
 10
915.8893883582368
 20
-1144.758599868292
 10
917.8567533444475
 20
-1145.414371519639
 10
920.1519791402498
 20
-1146.398054012747
 10
924.4145699222627
 20
-1148.365418998961
 10
929.3329323556245
 20
-1148.693279808545
 10
932.6118406445294
 20
-1153.283781432323
 10
938.1859747292383
 20
-1161.153141312836
 10
944.415905481379
 20
-1168.694640383748
 10
950.3179504078471
 20
-1176.236139454673
 10
950.973722059196
 20
-1176.89191110602
 10
951.3016329009533
 20
-1178.203504440888
 10
952.2852903779749
 20
-1179.842958585337
 10
948.0226995959601
 20
-1178.531415282641
 10
945.0717021488126
 20
-1177.219821947776
 10
941.7927938599059
 20
-1176.236139454673
 10
941.7927938599059
 20
-1176.564050296438
 10
941.4649080342315
 20
-1176.89191110602
 10
941.4649080342315
 20
-1177.219821947776
 10
942.1206796855786
 20
-1177.547732789535
 10
942.4485905273377
 20
-1177.875593599123
 10
943.1043621786848
 20
-1177.875593599123
 10
950.9737470752789
 20
-1180.170819394927
 10
957.8594494787685
 20
-1183.777638525597
 10
962.4499260864541
 20
-1191.319137596514
 10
963.7614944052348
 20
-1193.614363392318
 10
965.7288343753626
 20
-1195.581728378524
 10
967.3682885198159
 20
-1197.549043332572
 10
968.3519710129221
 20
-1198.860586635263
 10
969.3356284899437
 20
-1199.844269128365
 10
970.3193109830481
 20
-1201.155862463233
 10
966.712516868467
 20
-1194.598045885421
 10
962.4499260864541
 20
-1189.023911800712
 10
958.1873603205258
 20
-1183.121866874244
 10
955.8921345247254
 20
-1179.842958585337
 10
953.2689978871658
 20
-1176.891961138192
 10
953.9247695385129
 20
-1172.629370356179
 10
953.9247695385129
 20
-1172.629370356179
 10
953.5968837128385
 20
-1172.30145951442
 10
953.2689978871658
 20
-1171.97359870483
 10
952.6132262358187
 20
-1172.629370356179
 10
952.2853153940596
 20
-1173.285142007522
 10
951.301657917038
 20
-1174.268824500634
 10
945.3996129905718
 20
-1166.399464620121
 10
939.8254789058628
 20
-1158.857965549203
 10
933.9234339793948
 20
-1151.31646647828
 10
931.956094009267
 20
-1148.693329840722
 10
930.6445256904881
 20
-1146.070193203159
 10
930.9724115161625
 20
-1142.791284914252
 10
930.9724115161625
 20
-1140.823919928038
 10
930.9724115161625
 20
-1138.856604974
 10
930.6445256904881
 20
-1136.889239987784
 10
930.3166398648154
 20
-1136.889239987784
 10
929.988754039141
 20
-1136.889239987784
 10
929.6608431973837
 20
-1136.889239987784
 10
929.6608431973837
 20
-1139.184465783583
 10
929.3329573717092
 20
-1141.151830769802
 10
929.3329573717092
 20
-1143.447056565601
 10
929.0050715460347
 20
-1143.774967407355
 10
928.6771857203621
 20
-1143.774967407355
 10
928.349274878603
 20
-1144.102828216954
 10
928.0213890529285
 20
-1143.447056565601
 10
927.6935032272559
 20
-1142.791284914252
 10
927.0377065598241
 20
-1142.135463230734
 10
918.8404358375556
 20
-1130.987195061321
 10
910.3152792896144
 20
-1120.166787701497
 10
902.4458943930185
 20
-1109.018469499908
 10
901.1343260742397
 20
-1107.379015355453
 10
900.8064402485652
 20
-1104.755878717895
 10
900.8064402485652
 20
-1102.78856376385
 10
900.4785544228907
 20
-1095.902836344274
 10
900.8064402485652
 20
-1088.689248115115
 10
900.8064402485652
 20
-1081.80357072771
 10
900.1506685972199
 20
-1081.80357072771
 10
899.8227577554571
 20
-1081.80357072771
 10
899.1669861041119
 20
-1081.80357072771
 10
899.1669861041119
 20
-1089.017158956874
 10
899.1669861041119
 20
-1096.558658027789
 10
899.1669861041119
 20
-1104.428017908302
 10
898.1833036110056
 20
-1103.772246256958
 10
897.8554177853312
 20
-1103.444335415194
 10
897.5275319596567
 20
-1103.116474605609
 10
889.0023754117174
 20
-1091.968206436188
 10
880.4772188637744
 20
-1080.49202742502
 10
872.2799481415077
 20
-1069.015848413843
 10
870.968379822727
 20
-1067.376394269388
 10
870.968379822727
 20
-1065.081168473584
 10
870.6404939970525
 20
-1062.785917661702
 10
869.9847223457054
 20
-1059.834895198468
 10
869.9847223457054
 20
-1056.883872735234
 10
869.6568115039481
 20
-1053.932875288083
 10
869.3289256782718
 20
-1053.932875288083
 10
869.3289256782718
 20
-1053.932875288083
 10
869.0010398525992
 20
-1053.932875288083
 10
869.0010398525992
 20
-1056.883897751317
 10
869.0010398525992
 20
-1060.162806040224
 10
869.0010398525992
 20
-1063.113828503461
 10
868.3452682012539
 20
-1062.785942677785
 10
868.017357359493
 20
-1063.113828503461
 10
868.017357359493
 20
-1062.785942677785
 10
860.1479724628998
 20
-1052.621331985392
 10
852.2785875663049
 20
-1042.128810451239
 10
844.737113511469
 20
-1031.63631393317
 10
844.081341860121
 20
-1030.652631440062
 10
843.7534310183628
 20
-1029.66897396304
 10
843.7534310183628
 20
-1028.357405644259
 10
843.0976593670157
 20
-1023.439043210899
 10
842.4418626995839
 20
-1018.848566603214
 10
841.7860910482359
 20
-1013.930204169847
 10
841.4582052225614
 20
-1013.930204169847
 10
841.4582052225614
 20
-1013.930204169847
 10
841.1303193968879
 20
-1013.930204169847
 10
841.1303193968879
 20
-1017.536998284435
 10
841.1303193968879
 20
-1021.471703240772
 10
841.1303193968879
 20
-1026.062154832374
 10
839.818751078109
 20
-1024.750586513594
 10
838.8350936010875
 20
-1024.094814862245
 10
838.5071827593292
 20
-1023.439018194815
 10
832.605137832862
 20
-1015.89751912389
 10
826.7031179224796
 20
-1008.356045069055
 10
821.1289588216869
 20
-1000.486660172459
 10
818.1779363584528
 20
-996.224069390446
 10
815.2269138952206
 20
-991.6336177988469
 10
812.9316880994184
 20
-987.0431411911577
 10
811.9480181143554
 20
-984.7479153953573
 10
811.9480181143554
 20
-981.7968929321232
 10
811.6201197806386
 20
-979.5016421202363
 10
811.292233954965
 20
-979.5016421202363
 10
811.292233954965
 20
-979.5016421202363
 10
810.9643356212491
 20
-979.5016421202363
 10
810.9643356212491
 20
-981.4689820903623
 10
810.6364497955756
 20
-983.1084362348192
 10
810.3085514618597
 20
-986.0594586980533
 10
808.6690973174045
 20
-984.4200045535981
 10
808.0133131580151
 20
-983.4363220604919
 10
807.3575289986256
 20
-982.4526645834703
 10
803.7507348840445
 20
-977.8621879757866
 10
800.143928261421
 20
-973.5996222098565
 10
796.8650199725143
 20
-968.6812597764947
 10
791.9466575391534
 20
-961.1397607055751
 10
783.749386816884
 20
-955.2377407951917
 10
782.7657168318228
 20
-944.4173334353654
 10
782.1099326724325
 20
-946.0567875798188
 10
781.7820468467571
 20
-946.7125592311659
 10
781.1262626873677
 20
-948.0241275499466
 10
774.8963319352279
 20
-941.7942218138905
 10
770.3058678355819
 20
-935.5642910617498
 10
765.387505402221
 20
-929.6622461352836
 97
        0
 97
        0
 92
        1
 93
        1
 72
     4
 94
        3
 73
     0
 74
     1
 95
      116
 96
      112
 40
0.0
 40
0.0
 40
0.0
 40
0.0
 40
1.0
 40
1.0
 40
1.0
 40
2.0
 40
2.0
 40
2.0
 40
3.0
 40
3.0
 40
3.0
 40
4.0
 40
4.0
 40
4.0
 40
5.0
 40
5.0
 40
5.0
 40
6.0
 40
6.0
 40
6.0
 40
7.0
 40
7.0
 40
7.0
 40
8.0
 40
8.0
 40
8.0
 40
9.0
 40
9.0
 40
9.0
 40
10.0
 40
10.0
 40
10.0
 40
11.0
 40
11.0
 40
11.0
 40
12.0
 40
12.0
 40
12.0
 40
13.0
 40
13.0
 40
13.0
 40
14.0
 40
14.0
 40
14.0
 40
15.0
 40
15.0
 40
15.0
 40
16.0
 40
16.0
 40
16.0
 40
17.0
 40
17.0
 40
17.0
 40
18.0
 40
18.0
 40
18.0
 40
19.0
 40
19.0
 40
19.0
 40
20.0
 40
20.0
 40
20.0
 40
21.0
 40
21.0
 40
21.0
 40
22.0
 40
22.0
 40
22.0
 40
23.0
 40
23.0
 40
23.0
 40
24.0
 40
24.0
 40
24.0
 40
25.0
 40
25.0
 40
25.0
 40
26.0
 40
26.0
 40
26.0
 40
27.0
 40
27.0
 40
27.0
 40
28.0
 40
28.0
 40
28.0
 40
29.0
 40
29.0
 40
29.0
 40
30.0
 40
30.0
 40
30.0
 40
31.0
 40
31.0
 40
31.0
 40
32.0
 40
32.0
 40
32.0
 40
33.0
 40
33.0
 40
33.0
 40
34.0
 40
34.0
 40
34.0
 40
35.0
 40
35.0
 40
35.0
 40
36.0
 40
36.0
 40
36.0
 40
37.0
 40
37.0
 40
37.0
 40
37.0
 10
775.8800144283323
 20
-1183.777638525597
 10
780.1425927023038
 20
-1184.105549367345
 10
784.4051709762743
 20
-1183.777638525597
 10
788.3398634245723
 20
-1184.761321018699
 10
794.8976800023875
 20
-1186.400775163149
 10
801.4554965802008
 20
-1189.023911800712
 10
808.0133131580151
 20
-1191.319137596514
 10
812.931675591376
 20
-1192.958591740971
 10
817.1942538653466
 20
-1194.925956727175
 10
822.440502124381
 20
-1196.56541087163
 10
839.1629293945907
 20
-1201.155862463233
 10
855.5574708391268
 20
-1207.057907389701
 10
872.2798981093365
 20
-1212.304180664822
 10
886.051302916314
 20
-1216.894632256428
 10
900.1506185650469
 20
-1221.485133880196
 10
913.9220233720243
 20
-1226.075585471803
 10
916.5451600095839
 20
-1227.059267964905
 10
919.1682716310588
 20
-1228.370811267596
 10
922.1192940942929
 20
-1229.354493760708
 10
924.0866340644188
 20
-1230.010265412056
 10
926.0539740345484
 20
-1230.010265412056
 10
927.693428179
 20
-1230.33817625381
 10
936.2185847269411
 20
-1232.961312891373
 10
944.4158554492096
 20
-1235.912310338514
 10
952.9410119971526
 20
-1238.535446976082
 10
953.9246944902588
 20
-1238.863357817836
 10
955.236237792953
 20
-1238.863357817836
 10
955.8920344603866
 20
-1238.863357817836
 10
952.6131261714781
 20
-1235.912360370696
 10
949.006332056897
 20
-1233.289223733127
 10
945.0716271005567
 20
-1229.682404602463
 10
946.3831954193374
 20
-1231.321858746913
 10
947.0389670706845
 20
-1232.633402049609
 10
948.3505353894652
 20
-1234.272856194064
 10
946.0553095936648
 20
-1233.944945352308
 10
945.0716271005567
 20
-1233.944945352308
 10
944.0879446074505
 20
-1233.617084542715
 10
938.841696348416
 20
-1231.977630398265
 10
933.923333915056
 20
-1229.682404602463
 10
928.6770856560215
 20
-1228.370811267596
 10
923.7587232226615
 20
-1227.059267964905
 10
919.4961324406468
 20
-1223.780359675999
 10
914.2498841816123
 20
-1223.12453799248
 10
908.6757500969034
 20
-1222.468766341137
 10
903.4294768217842
 20
-1219.845629703568
 10
898.1832285627497
 20
-1218.206175559113
 10
890.6417294918301
 20
-1215.583038921561
 10
881.7886871182145
 20
-1214.599356428449
 10
877.5260963362016
 20
-1206.074224896598
 10
877.5260963362016
 20
-1206.074224896598
 10
877.1982105105271
 20
-1206.074224896598
 10
876.8703246848545
 20
-1206.074224896598
 10
877.8540071779607
 20
-1207.713679041053
 10
878.8376646549805
 20
-1209.353133185505
 10
880.1492329737612
 20
-1211.648358981301
 10
879.1655504806549
 20
-1211.648358981301
 10
878.5097788293078
 20
-1211.648358981301
 10
878.1818930036334
 20
-1211.648358981301
 10
871.9519622514927
 20
-1209.680993995093
 10
865.3941456736784
 20
-1207.713679041053
 10
859.1642149215377
 20
-1205.090542403486
 10
852.6063983437234
 20
-1202.467405765934
 10
845.0648992728029
 20
-1201.81163411458
 10
839.8186510137693
 20
-1196.237500029876
 10
839.8186510137693
 20
-1196.237500029876
 10
839.4907651880949
 20
-1196.237500029876
 10
839.1628793624213
 20
-1195.909589188112
 10
839.1628793624213
 20
-1196.565360839464
 10
839.1628793624213
 20
-1197.221132490808
 10
839.1628793624213
 20
-1198.204814983916
 10
834.9002885804084
 20
-1196.893271681223
 10
830.9656086401537
 20
-1195.581678346358
 10
827.0309286998981
 20
-1194.270135043656
 10
813.587409718597
 20
-1189.023861768535
 10
798.5044240847974
 20
-1187.056546814501
 10
785.7166892628848
 20
-1178.203504440888
 10
786.3724734222751
 20
-1179.18718693399
 10
786.7003592479477
 20
-1180.170869427096
 10
787.0282575816645
 20
-1180.82664107844
 10
786.700371755991
 20
-1180.82664107844
 10
786.700371755991
 20
-1181.154551920205
 10
786.3724734222751
 20
-1181.154551920205
 10
776.8636343812277
 20
-1178.203554473053
 10
767.6826936738944
 20
-1174.924646184149
 10
758.1738546328479
 20
-1172.301509546585
 10
748.9929139255164
 20
-1169.678372909028
 10
740.1398590438575
 20
-1165.415782127015
 10
730.9589183365251
 20
-1163.120556331211
 10
718.499069340287
 20
-1160.16955888407
 10
706.6949982494161
 20
-1155.579057260296
 10
694.5630350788533
 20
-1151.644377320039
 10
693.9072509194621
 20
-1151.31646647828
 10
692.9235809343973
 20
-1151.644377320039
 10
692.2677967750096
 20
-1151.972288161798
 10
692.2677967750096
 20
-1152.300199003557
 10
692.2677967750096
 20
-1152.300199003557
 10
692.2677967750096
 20
-1152.628059813145
 10
708.9902302992386
 20
-1158.202193897851
 10
725.7126575694483
 20
-1164.104238824324
 10
743.4187673327651
 20
-1170.006283750781
 10
741.1235290289214
 20
-1170.662055402136
 10
739.811973218184
 20
-1171.317827053483
 10
738.5004048994042
 20
-1171.645737895247
 10
753.9112763588773
 20
-1170.334194592546
 10
766.3711253551155
 20
-1179.187236966156
 10
780.4704284958079
 20
-1182.138234413307
 10
780.4704284958079
 20
-1182.466145255072
 10
780.4704284958079
 20
-1182.79400606466
 10
780.4704284958079
 20
-1183.121916906415
 10
778.5031385578504
 20
-1183.121866874244
 10
777.1915702390697
 20
-1183.449777716009
 10
775.8800144283323
 20
-1183.777638525597
 97
        0
 97
        0
 75
     2
 76
     1
 98
        0
  0
SPLINE
  5
49
330
41
100
AcDbEntity
  8
katman 1
370
     0
100
AcDbSpline
210
0.0
220
0.0
230
1.0
 70
    11
 71
     3
 72
   335
 73
   331
 74
     0
 42
0.0000000001
 43
0.0000000001
 12
1.0
 22
0.0
 32
0.0
 13
1.0
 23
0.0
 33
0.0
 40
0.0
 40
0.0
 40
0.0
 40
0.0
 40
1.0
 40
1.0
 40
1.0
 40
2.0
 40
2.0
 40
2.0
 40
3.0
 40
3.0
 40
3.0
 40
4.0
 40
4.0
 40
4.0
 40
5.0
 40
5.0
 40
5.0
 40
6.0
 40
6.0
 40
6.0
 40
7.0
 40
7.0
 40
7.0
 40
8.0
 40
8.0
 40
8.0
 40
9.0
 40
9.0
 40
9.0
 40
10.0
 40
10.0
 40
10.0
 40
11.0
 40
11.0
 40
11.0
 40
12.0
 40
12.0
 40
12.0
 40
13.0
 40
13.0
 40
13.0
 40
14.0
 40
14.0
 40
14.0
 40
15.0
 40
15.0
 40
15.0
 40
16.0
 40
16.0
 40
16.0
 40
17.0
 40
17.0
 40
17.0
 40
18.0
 40
18.0
 40
18.0
 40
19.0
 40
19.0
 40
19.0
 40
20.0
 40
20.0
 40
20.0
 40
21.0
 40
21.0
 40
21.0
 40
22.0
 40
22.0
 40
22.0
 40
23.0
 40
23.0
 40
23.0
 40
24.0
 40
24.0
 40
24.0
 40
25.0
 40
25.0
 40
25.0
 40
26.0
 40
26.0
 40
26.0
 40
27.0
 40
27.0
 40
27.0
 40
28.0
 40
28.0
 40
28.0
 40
29.0
 40
29.0
 40
29.0
 40
30.0
 40
30.0
 40
30.0
 40
31.0
 40
31.0
 40
31.0
 40
32.0
 40
32.0
 40
32.0
 40
33.0
 40
33.0
 40
33.0
 40
34.0
 40
34.0
 40
34.0
 40
35.0
 40
35.0
 40
35.0
 40
36.0
 40
36.0
 40
36.0
 40
37.0
 40
37.0
 40
37.0
 40
38.0
 40
38.0
 40
38.0
 40
39.0
 40
39.0
 40
39.0
 40
40.0
 40
40.0
 40
40.0
 40
41.0
 40
41.0
 40
41.0
 40
42.0
 40
42.0
 40
42.0
 40
43.0
 40
43.0
 40
43.0
 40
44.0
 40
44.0
 40
44.0
 40
45.0
 40
45.0
 40
45.0
 40
46.0
 40
46.0
 40
46.0
 40
47.0
 40
47.0
 40
47.0
 40
48.0
 40
48.0
 40
48.0
 40
49.0
 40
49.0
 40
49.0
 40
50.0
 40
50.0
 40
50.0
 40
51.0
 40
51.0
 40
51.0
 40
52.0
 40
52.0
 40
52.0
 40
53.0
 40
53.0
 40
53.0
 40
54.0
 40
54.0
 40
54.0
 40
55.0
 40
55.0
 40
55.0
 40
56.0
 40
56.0
 40
56.0
 40
57.0
 40
57.0
 40
57.0
 40
58.0
 40
58.0
 40
58.0
 40
59.0
 40
59.0
 40
59.0
 40
60.0
 40
60.0
 40
60.0
 40
61.0
 40
61.0
 40
61.0
 40
62.0
 40
62.0
 40
62.0
 40
63.0
 40
63.0
 40
63.0
 40
64.0
 40
64.0
 40
64.0
 40
65.0
 40
65.0
 40
65.0
 40
66.0
 40
66.0
 40
66.0
 40
67.0
 40
67.0
 40
67.0
 40
68.0
 40
68.0
 40
68.0
 40
69.0
 40
69.0
 40
69.0
 40
70.0
 40
70.0
 40
70.0
 40
71.0
 40
71.0
 40
71.0
 40
72.0
 40
72.0
 40
72.0
 40
73.0
 40
73.0
 40
73.0
 40
74.0
 40
74.0
 40
74.0
 40
75.0
 40
75.0
 40
75.0
 40
76.0
 40
76.0
 40
76.0
 40
77.0
 40
77.0
 40
77.0
 40
78.0
 40
78.0
 40
78.0
 40
79.0
 40
79.0
 40
79.0
 40
80.0
 40
80.0
 40
80.0
 40
81.0
 40
81.0
 40
81.0
 40
82.0
 40
82.0
 40
82.0
 40
83.0
 40
83.0
 40
83.0
 40
84.0
 40
84.0
 40
84.0
 40
85.0
 40
85.0
 40
85.0
 40
86.0
 40
86.0
 40
86.0
 40
87.0
 40
87.0
 40
87.0
 40
88.0
 40
88.0
 40
88.0
 40
89.0
 40
89.0
 40
89.0
 40
90.0
 40
90.0
 40
90.0
 40
91.0
 40
91.0
 40
91.0
 40
92.0
 40
92.0
 40
92.0
 40
93.0
 40
93.0
 40
93.0
 40
94.0
 40
94.0
 40
94.0
 40
95.0
 40
95.0
 40
95.0
 40
96.0
 40
96.0
 40
96.0
 40
97.0
 40
97.0
 40
97.0
 40
98.0
 40
98.0
 40
98.0
 40
99.0
 40
99.0
 40
99.0
 40
100.0
 40
100.0
 40
100.0
 40
101.0
 40
101.0
 40
101.0
 40
102.0
 40
102.0
 40
102.0
 40
103.0
 40
103.0
 40
103.0
 40
104.0
 40
104.0
 40
104.0
 40
105.0
 40
105.0
 40
105.0
 40
106.0
 40
106.0
 40
106.0
 40
107.0
 40
107.0
 40
107.0
 40
108.0
 40
108.0
 40
108.0
 40
109.0
 40
109.0
 40
109.0
 40
110.0
 40
110.0
 40
110.0
 40
110.0
 10
1062.456603882041
 20
-1130.659334251728
 30
0.0
 10
1068.686509618099
 20
-1110.657973676523
 30
0.0
 10
1073.932782893209
 20
-1091.640345626598
 30
0.0
 10
1083.441596918183
 20
-1072.950528354097
 30
0.0
 10
1084.425279411284
 20
-1074.589982498552
 30
0.0
 10
1084.75314022087
 20
-1075.573664991654
 30
0.0
 10
1085.408961904388
 20
-1076.229436643001
 30
0.0
 10
1085.736872746149
 20
-1076.88520829435
 30
0.0
 10
1086.3926443975
 20
-1077.540979945697
 30
0.0
 10
1087.048416048841
 20
-1078.196801629216
 30
0.0
 10
1087.70418770019
 20
-1077.541029977869
 30
0.0
 10
1089.015781035054
 20
-1077.213119136104
 30
0.0
 10
1089.34364184464
 20
-1076.229436643001
 30
0.0
 10
1093.934093436244
 20
-1063.441689313046
 30
0.0
 10
1099.836138362716
 20
-1051.309738650525
 30
0.0
 10
1107.049726591875
 20
-1039.833559639348
 30
0.0
 10
1109.017091578089
 20
-1036.88253717612
 30
0.0
 10
1111.312317373893
 20
-1033.931514712884
 30
0.0
 10
1113.607543169692
 20
-1030.980517265732
 30
0.0
 10
1114.5912256628
 20
-1033.931539728968
 30
0.0
 10
1115.246997314147
 20
-1036.554651350445
 30
0.0
 10
1116.23067980725
 20
-1039.177787987999
 30
0.0
 10
1126.067404673973
 20
-1020.81590657334
 30
0.0
 10
1136.232040382452
 20
-1003.109796810022
 30
0.0
 10
1150.331305999016
 20
-987.3710270168322
 30
0.0
 10
1150.987077650365
 20
-988.682595335611
 30
0.0
 10
1151.314988492122
 20
-989.6662528126326
 30
0.0
 10
1151.970760143471
 20
-990.3220494800662
 30
0.0
 10
1152.298670985223
 20
-990.9778211314133
 30
0.0
 10
1152.954442636574
 20
-991.6336177988469
 30
0.0
 10
1153.938125129676
 20
-992.945186117624
 30
0.0
 10
1158.856487563044
 20
-978.5179846432166
 30
0.0
 10
1167.381669127069
 20
-967.3696914577158
 30
0.0
 10
1178.202026454728
 20
-956.5493091139742
 30
0.0
 10
1179.185708947834
 20
-958.5166490841002
 30
0.0
 10
1179.841480599183
 20
-960.1561032285535
 30
0.0
 10
1180.825163092286
 20
-962.7792398661131
 30
0.0
 10
1189.350344656312
 20
-952.2867433480442
 30
0.0
 10
1196.563932885481
 20
-941.1384501625434
 30
0.0
 10
1207.384340245306
 20
-932.6132936146023
 30
0.0
 10
1208.695883547996
 20
-935.2364302521619
 30
0.0
 10
1209.679566041108
 20
-937.5316560479623
 30
0.0
 10
1210.663248534211
 20
-939.8268818437646
 30
0.0
 10
1219.188430098236
 20
-929.3343853256938
 30
0.0
 10
1227.713561630098
 20
-919.1697496172128
 30
0.0
 10
1235.910832352358
 20
-909.3330247504928
 30
0.0
 10
1236.238743194124
 20
-909.6609105761672
 30
0.0
 10
1236.894514845471
 20
-909.6609105761672
 30
0.0
 10
1237.222375655057
 20
-909.9887964018399
 30
0.0
 10
1237.878147306408
 20
-912.6119330393994
 30
0.0
 10
1238.206058148162
 20
-915.5629304865488
 30
0.0
 10
1238.861829799509
 20
-918.1860671241066
 30
0.0
 10
1239.189740641275
 20
-918.8418387754555
 30
0.0
 10
1239.517601450862
 20
-920.1534070942344
 30
0.0
 10
1240.17337310221
 20
-920.1534070942344
 30
0.0
 10
1240.829144753548
 20
-920.481292919907
 30
0.0
 10
1242.140738088416
 20
-919.8255212685599
 30
0.0
 10
1242.468598898004
 20
-919.1697246011281
 30
0.0
 10
1251.649552113386
 20
-906.7098630968485
 30
0.0
 10
1263.781502775904
 20
-897.8568207232329
 30
0.0
 10
1276.569225089772
 20
-889.987435826637
 30
0.0
 10
1281.815498364889
 20
-886.7085275377322
 30
0.0
 10
1287.061721607843
 20
-883.4296192488237
 30
0.0
 10
1292.307994882962
 20
-880.150710959917
 30
0.0
 10
1292.635905724717
 20
-880.4785967855896
 30
0.0
 10
1292.963766534313
 20
-880.8064826112641
 30
0.0
 10
1293.291677376066
 20
-880.8064826112641
 30
0.0
 10
1289.356997435811
 20
-886.7085275377322
 30
0.0
 10
1285.422317495559
 20
-892.9384332737864
 30
0.0
 10
1281.159726713549
 20
-898.8404782002526
 30
0.0
 10
1274.601910135731
 20
-908.0214314156274
 30
0.0
 10
1267.716182716158
 20
-917.2023596149174
 30
0.0
 10
1261.158366138347
 20
-926.7111986559648
 30
0.0
 10
1257.551547007679
 20
-931.9574469149993
 30
0.0
 10
1257.551547007679
 20
-931.9574469149993
 30
0.0
 10
1264.109363585489
 20
-932.6132435824329
 30
0.0
 10
1264.765135236839
 20
-932.6132435824329
 30
0.0
 10
1265.0930460786
 20
-932.6132435824329
 30
0.0
 10
1265.748817729942
 20
-932.6132435824329
 30
0.0
 10
1259.846772803479
 20
-946.0567625637341
 30
0.0
 10
1251.977412922972
 20
-958.1887382423411
 30
0.0
 10
1242.140688056246
 20
-969.6649172535163
 30
0.0
 10
1243.7801422007
 20
-970.3206889048633
 30
0.0
 10
1244.435913852049
 20
-970.6485997466225
 30
0.0
 10
1245.091685503401
 20
-970.6485997466225
 30
0.0
 10
1250.993730429858
 20
-971.3043713979696
 30
0.0
 10
1251.321591239452
 20
-971.3043713979696
 30
0.0
 10
1248.698504634067
 20
-976.5506446730906
 30
0.0
 10
1243.452231358946
 20
-986.3873695398124
 30
0.0
 10
1236.566553971541
 20
-995.2404119134262
 30
0.0
 10
1228.697144058862
 20
-1003.437682635693
 30
0.0
 10
1227.713461565752
 20
-1004.421365128801
 30
0.0
 10
1226.729779072648
 20
-1005.732908431497
 30
0.0
 10
1225.418235769952
 20
-1007.700273417708
 30
0.0
 10
1228.369233217103
 20
-1008.02815924338
 30
0.0
 10
1230.336598203317
 20
-1008.02815924338
 30
0.0
 10
1232.959734840872
 20
-1008.356045069055
 30
0.0
 10
1228.369283249269
 20
-1016.225429965651
 30
0.0
 10
1224.106692467261
 20
-1024.094814862245
 30
0.0
 10
1219.188330033903
 20
-1031.308403091411
 30
0.0
 10
1214.269967600534
 20
-1038.521991320569
 30
0.0
 10
1208.367922674064
 20
-1045.079807898386
 30
0.0
 10
1202.465877747603
 20
-1052.621306969304
 30
0.0
 10
1205.089014385159
 20
-1052.621306969304
 30
0.0
 10
1207.384240180963
 20
-1052.949192794975
 30
0.0
 10
1210.663148469868
 20
-1052.949192794975
 30
0.0
 10
1199.514880300456
 20
-1070.98316336788
 30
0.0
 10
1183.120338855917
 20
-1083.443024872162
 30
0.0
 10
1168.037340714074
 20
-1098.853883823593
 30
0.0
 10
1171.644159844742
 20
-1099.181794665357
 30
0.0
 10
1173.939385640544
 20
-1099.181794665357
 30
0.0
 10
1176.562522278102
 20
-1099.181794665357
 30
0.0
 10
1176.890433119861
 20
-1099.509705507111
 30
0.0
 10
1176.890433119861
 20
-1099.837566316695
 30
0.0
 10
1177.218293929449
 20
-1100.165477158458
 30
0.0
 10
1165.414204076516
 20
-1110.657973676523
 30
0.0
 10
1153.610164255757
 20
-1120.82260938501
 30
0.0
 10
1141.806074402813
 20
-1131.315105903075
 30
0.0
 10
1141.806074402813
 20
-1131.64301674484
 30
0.0
 10
1142.133985244578
 20
-1131.970877554424
 30
0.0
 10
1142.133985244578
 20
-1132.298788396178
 30
0.0
 10
1145.084982691729
 20
-1132.298788396178
 30
0.0
 10
1148.036030171048
 20
-1132.298788396178
 30
0.0
 10
1151.314938459953
 20
-1132.298788396178
 30
0.0
 10
1151.314938459953
 20
-1132.626699237942
 30
0.0
 10
1151.642849301708
 20
-1132.95456004753
 30
0.0
 10
1151.642849301708
 20
-1133.282470889295
 30
0.0
 10
1138.199305304326
 20
-1145.414421551806
 30
0.0
 10
1122.460585543306
 20
-1154.923285608944
 30
0.0
 10
1107.705498243224
 20
-1165.415782127015
 30
0.0
 10
1108.033409084977
 20
-1165.743692968774
 30
0.0
 10
1108.033409084977
 20
-1166.071553778362
 30
0.0
 10
1108.361269894573
 20
-1166.399464620121
 30
0.0
 10
1110.328634880781
 20
-1166.727375461876
 30
0.0
 10
1112.29594983483
 20
-1167.055236271464
 30
0.0
 10
1114.919086472384
 20
-1167.383147113229
 30
0.0
 10
1113.93540397928
 20
-1168.366829606332
 30
0.0
 10
1113.607543169692
 20
-1169.35051209944
 30
0.0
 10
1112.951721486166
 20
-1170.006283750781
 30
0.0
 10
1101.475542475
 20
-1179.187236966156
 30
0.0
 10
1089.999363463823
 20
-1188.040279339781
 30
0.0
 10
1078.851095294409
 20
-1197.221232555155
 30
0.0
 10
1078.195323643062
 20
-1197.877004206497
 30
0.0
 10
1077.867412801297
 20
-1199.188597541359
 30
0.0
 10
1077.211641149948
 20
-1199.844369192713
 30
0.0
 10
1078.195323643062
 20
-1200.172280034472
 30
0.0
 10
1079.179006136164
 20
-1200.828051685814
 30
0.0
 10
1079.834777787511
 20
-1200.828051685814
 30
0.0
 10
1082.130003583316
 20
-1201.15596252758
 30
0.0
 10
1085.081051062632
 20
-1200.172280034472
 30
0.0
 10
1085.736822713981
 20
-1203.779049132967
 30
0.0
 10
1088.032048509773
 20
-1202.467505830266
 30
0.0
 10
1089.999413495989
 20
-1201.483823337163
 30
0.0
 10
1092.294639291791
 20
-1200.172230002296
 30
0.0
 10
1092.294639291791
 20
-1201.811684146745
 30
0.0
 10
1092.294639291791
 20
-1203.123227449447
 30
0.0
 10
1092.294639291791
 20
-1205.418503277417
 30
0.0
 10
1106.721815750112
 20
-1195.909689252459
 30
0.0
 10
1120.493270589257
 20
-1186.728736037079
 30
0.0
 10
1134.264675396238
 20
-1177.547782821706
 30
0.0
 10
1134.592586237997
 20
-1177.875693663471
 30
0.0
 10
1134.920447047585
 20
-1177.875693663471
 30
0.0
 10
1135.248357889341
 20
-1178.203554473053
 30
0.0
 10
1134.920447047585
 20
-1180.498780268857
 30
0.0
 10
1134.264675396238
 20
-1182.466145255072
 30
0.0
 10
1133.608903744887
 20
-1185.745053543978
 30
0.0
 10
1146.396626058762
 20
-1177.219871979951
 30
0.0
 10
1158.200715911695
 20
-1169.35051209944
 30
0.0
 10
1169.676894922872
 20
-1161.481152218932
 30
0.0
 10
1170.004805764627
 20
-1161.809063060686
 30
0.0
 10
1170.332666574221
 20
-1162.136923870275
 30
0.0
 10
1170.660577415974
 20
-1162.46483471204
 30
0.0
 10
1170.332666574221
 20
-1163.448517205141
 30
0.0
 10
1169.676894922872
 20
-1164.10428885649
 30
0.0
 10
1169.349034113284
 20
-1165.087971349592
 30
0.0
 10
1169.021123271523
 20
-1166.071653842704
 30
0.0
 10
1169.349034113284
 20
-1167.055336335812
 30
0.0
 10
1169.349034113284
 20
-1168.038968796744
 30
0.0
 10
1170.332716606386
 20
-1168.038968796744
 30
0.0
 10
1170.988488257739
 20
-1168.038968796744
 30
0.0
 10
1171.972170750842
 20
-1167.711057954988
 30
0.0
 10
1185.415714748235
 20
-1161.481152218932
 30
0.0
 10
1198.531347903852
 20
-1155.579107292464
 30
0.0
 10
1211.974841869078
 20
-1149.34915152424
 30
0.0
 10
1214.270067664882
 20
-1148.365469031127
 30
0.0
 10
1216.893204302436
 20
-1148.037608221539
 30
0.0
 10
1219.516340939992
 20
-1147.381786538026
 30
0.0
 10
1218.204797637303
 20
-1149.34915152424
 30
0.0
 10
1217.221115144188
 20
-1150.988605668696
 30
0.0
 10
1216.237432651085
 20
-1152.955920622735
 30
0.0
 10
1216.56534349285
 20
-1153.283831464494
 30
0.0
 10
1216.893204302436
 20
-1153.611692274082
 30
0.0
 10
1216.893204302436
 20
-1154.267463925431
 30
0.0
 10
1233.615656588734
 20
-1148.037558189373
 30
0.0
 10
1250.010198033267
 20
-1141.479741611558
 30
0.0
 10
1268.372054431842
 20
-1139.184465783583
 30
0.0
 10
1268.044143590088
 20
-1140.496009086284
 30
0.0
 10
1267.38837193874
 20
-1141.47969157939
 30
0.0
 10
1267.716282780495
 20
-1141.807602421151
 30
0.0
 10
1268.372054431842
 20
-1142.791284914252
 30
0.0
 10
1269.683647766709
 20
-1144.102828216954
 30
0.0
 10
1270.339419418058
 20
-1143.774967407355
 30
0.0
 10
1276.897235995873
 20
-1141.807602421151
 30
0.0
 10
1283.127141731926
 20
-1139.512376625347
 30
0.0
 10
1289.684958309743
 20
-1137.872922480898
 30
0.0
 10
1294.275409901349
 20
-1136.561379178196
 30
0.0
 10
1299.193772334704
 20
-1136.561379178196
 30
0.0
 10
1304.440045609825
 20
-1135.577696685094
 30
0.0
 10
1303.784273958478
 20
-1138.200833322651
 30
0.0
 10
1303.128502307129
 20
-1139.840287467101
 30
0.0
 10
1302.47268062361
 20
-1141.807602421151
 30
0.0
 10
1312.309405490334
 20
-1139.512376625347
 30
0.0
 10
1321.818219515295
 20
-1137.545011639133
 30
0.0
 10
1331.654944382022
 20
-1135.249785843329
 30
0.0
 10
1331.327033540258
 20
-1137.217150829543
 30
0.0
 10
1331.327033540258
 20
-1138.200783290486
 30
0.0
 10
1330.999172730671
 20
-1139.512376625347
 30
0.0
 10
1331.327083572432
 20
-1139.512376625347
 30
0.0
 10
1331.982855223774
 20
-1139.840287467101
 30
0.0
 10
1332.310716033369
 20
-1139.840287467101
 30
0.0
 10
1337.229078466726
 20
-1139.184515815765
 30
0.0
 10
1342.147440900088
 20
-1138.52874416441
 30
0.0
 10
1346.737892491688
 20
-1137.545061671299
 30
0.0
 10
1350.672572431942
 20
-1136.889290019961
 30
0.0
 10
1354.279391562612
 20
-1135.577696685094
 30
0.0
 10
1358.214071502865
 20
-1134.594064224157
 30
0.0
 10
1361.165068950009
 20
-1133.93829257281
 30
0.0
 10
1364.11611642933
 20
-1133.610381731045
 30
0.0
 10
1367.067113876477
 20
-1132.954610079707
 30
0.0
 10
1371.657565468082
 20
-1132.298838428354
 30
0.0
 10
1375.9201562501
 20
-1131.643066777006
 30
0.0
 10
1380.510657873871
 20
-1130.987245093487
 30
0.0
 10
1384.117477004527
 20
-1130.33147344214
 30
0.0
 10
1387.724246103029
 20
-1129.675701790791
 30
0.0
 10
1391.331065233697
 20
-1129.347790949038
 30
0.0
 10
1391.986836885037
 20
-1129.347790949038
 30
0.0
 10
1392.970519378152
 20
-1129.347790949038
 30
0.0
 10
1393.954201871255
 20
-1130.33147344214
 30
0.0
 10
1375.920206282266
 20
-1137.545061671299
 30
0.0
 10
1358.214121535031
 20
-1144.430789090875
 30
0.0
 10
1338.868532611181
 20
-1151.972288161798
 30
0.0
 10
1342.475351741847
 20
-1153.939653148012
 30
0.0
 10
1345.098438347235
 20
-1155.251196450699
 30
0.0
 10
1349.033168319656
 20
-1157.546422246502
 30
0.0
 10
1336.573306815379
 20
-1162.464784679869
 30
0.0
 10
1324.769266994615
 20
-1166.727375461876
 30
0.0
 10
1312.965177141685
 20
-1171.317827053483
 30
0.0
 10
1314.276720444373
 20
-1172.629370356179
 30
0.0
 10
1315.916174588836
 20
-1173.94096369104
 30
0.0
 10
1318.211450416806
 20
-1176.236189486839
 30
0.0
 10
1306.079499754278
 20
-1181.154551920205
 30
0.0
 10
1294.603320743099
 20
-1185.417142702212
 30
0.0
 10
1282.143459238823
 20
-1190.335505135579
 30
0.0
 10
1284.110824225038
 20
-1191.64704843827
 30
0.0
 10
1285.422367527728
 20
-1192.302870121788
 30
0.0
 10
1287.389732513941
 20
-1193.614413424484
 30
0.0
 10
1276.241464344526
 20
-1197.549093364743
 30
0.0
 10
1266.404739477803
 20
-1203.451138291211
 30
0.0
 10
1253.616967131758
 20
-1203.779049132967
 30
0.0
 10
1254.928510434458
 20
-1205.418503277417
 30
0.0
 10
1255.584332117975
 20
-1206.402185770519
 30
0.0
 10
1256.56796457891
 20
-1207.713729073221
 30
0.0
 10
1238.206058148162
 20
-1215.583088953726
 30
0.0
 10
1219.188430098236
 20
-1219.517818926151
 30
0.0
 10
1199.187069523034
 20
-1224.108270517754
 30
0.0
 10
1201.154434509252
 20
-1225.091953010855
 30
0.0
 10
1202.793888653703
 20
-1226.075635503968
 30
0.0
 10
1205.744886100845
 20
-1227.387178806659
 30
0.0
 10
1199.842841174384
 20
-1229.026632951114
 30
0.0
 10
1194.924478741021
 20
-1230.993997937323
 30
0.0
 10
1189.678255498076
 20
-1232.305541240024
 30
0.0
 10
1185.08780390647
 20
-1233.617084542715
 30
0.0
 10
1180.825213124461
 20
-1234.27290622623
 30
0.0
 10
1176.234711500683
 20
-1235.256538687176
 30
0.0
 10
1170.332666574221
 20
-1236.240221180278
 30
0.0
 10
1164.430621647753
 20
-1236.568081989866
 30
0.0
 10
1158.528626753458
 20
-1237.223903673381
 30
0.0
 10
1157.21708345076
 20
-1237.223903673381
 30
0.0
 10
1155.905490115892
 20
-1237.879675324733
 30
0.0
 10
1154.593946813202
 20
-1238.207586166489
 30
0.0
 10
1155.249718464544
 20
-1239.519129469185
 30
0.0
 10
1156.233400957655
 20
-1240.502811962286
 30
0.0
 10
1157.21708345076
 20
-1242.470176948502
 30
0.0
 10
1138.199405368659
 20
-1245.421174395653
 30
0.0
 10
1119.181727286566
 20
-1246.404856888759
 30
0.0
 10
1099.180416743533
 20
-1247.060628540108
 30
0.0
 10
1100.164099236636
 20
-1248.700082684558
 30
0.0
 10
1100.819870887986
 20
-1250.011625987259
 30
0.0
 10
1102.131414190684
 20
-1251.978990973465
 30
0.0
 10
1089.99946352816
 20
-1251.651080131709
 30
0.0
 10
1078.851145326575
 20
-1250.995308480362
 30
0.0
 10
1067.374966315398
 20
-1250.667447670774
 30
0.0
 10
1060.161378086239
 20
-1250.339536829013
 30
0.0
 10
1052.947789857075
 20
-1250.011676019425
 30
0.0
 10
1045.734151595745
 20
-1250.011676019425
 30
0.0
 10
1037.208970031717
 20
-1250.339586861181
 30
0.0
 10
1028.683838499863
 20
-1250.995358512533
 30
0.0
 10
1020.486567777591
 20
-1251.65113016388
 30
0.0
 10
1019.174999458812
 20
-1251.65113016388
 30
0.0
 10
1017.863431140033
 20
-1251.65113016388
 30
0.0
 10
1015.240319518556
 20
-1251.65113016388
 30
0.0
 10
1040.160017511038
 20
-1237.223953705552
 30
0.0
 10
1062.128693040278
 20
-1220.501501419265
 30
0.0
 10
1084.425279411284
 20
-1204.106959974732
 30
0.0
 10
1084.097368569521
 20
-1203.451188323377
 30
0.0
 10
1083.769507759936
 20
-1202.79541667203
 30
0.0
 10
1083.441596918183
 20
-1202.139594988512
 30
0.0
 10
1071.309646255653
 20
-1207.713729073221
 30
0.0
 10
1059.833467244476
 20
-1214.927317302379
 30
0.0
 10
1048.029377391547
 20
-1221.485133880196
 30
0.0
 10
1036.225287538615
 20
-1228.370861299771
 30
0.0
 10
1025.077019369193
 20
-1236.240221180278
 30
0.0
 10
1013.600840358025
 20
-1243.781720251192
 30
0.0
 10
1024.749108527438
 20
-1217.222543098182
 30
0.0
 10
1029.995381802559
 20
-1188.368190181536
 30
0.0
 10
1038.520563366585
 20
-1159.841648042306
 30
0.0
 10
1039.832106669275
 20
-1161.80901302852
 30
0.0
 10
1040.48792835279
 20
-1162.792645489457
 30
0.0
 10
1042.12738249725
 20
-1165.415782127015
 30
0.0
 10
1043.111064990357
 20
-1163.776327982559
 30
0.0
 10
1043.766836641706
 20
-1162.792645489457
 30
0.0
 10
1044.094747483461
 20
-1161.481102186755
 30
0.0
 10
1047.373655772366
 20
-1152.955920622735
 30
0.0
 10
1050.652564061271
 20
-1144.430789090875
 30
0.0
 10
1053.931472350185
 20
-1136.233518368612
 30
0.0
 10
1055.570926494638
 20
-1132.298838428354
 30
0.0
 10
1057.210380639088
 20
-1128.692019297689
 30
0.0
 10
1058.849834783543
 20
-1124.757339357435
 30
0.0
 10
1059.177695593127
 20
-1127.380425962821
 30
0.0
 10
1060.817149737588
 20
-1129.019880107273
 30
0.0
 10
1062.456603882041
 20
-1130.659334251728
 30
0.0
  0
SPLINE
  5
4A
330
41
100
AcDbEntity
  8
katman 1
370
     0
100
AcDbSpline
210
0.0
220
0.0
230
1.0
 70
    11
 71
     3
 72
   218
 73
   214
 74
     0
 42
0.0000000001
 43
0.0000000001
 12
1.0
 22
0.0
 32
0.0
 13
1.0
 23
0.0
 33
0.0
 40
0.0
 40
0.0
 40
0.0
 40
0.0
 40
1.0
 40
1.0
 40
1.0
 40
2.0
 40
2.0
 40
2.0
 40
3.0
 40
3.0
 40
3.0
 40
4.0
 40
4.0
 40
4.0
 40
5.0
 40
5.0
 40
5.0
 40
6.0
 40
6.0
 40
6.0
 40
7.0
 40
7.0
 40
7.0
 40
8.0
 40
8.0
 40
8.0
 40
9.0
 40
9.0
 40
9.0
 40
10.0
 40
10.0
 40
10.0
 40
11.0
 40
11.0
 40
11.0
 40
12.0
 40
12.0
 40
12.0
 40
13.0
 40
13.0
 40
13.0
 40
14.0
 40
14.0
 40
14.0
 40
15.0
 40
15.0
 40
15.0
 40
16.0
 40
16.0
 40
16.0
 40
17.0
 40
17.0
 40
17.0
 40
18.0
 40
18.0
 40
18.0
 40
19.0
 40
19.0
 40
19.0
 40
20.0
 40
20.0
 40
20.0
 40
21.0
 40
21.0
 40
21.0
 40
22.0
 40
22.0
 40
22.0
 40
23.0
 40
23.0
 40
23.0
 40
24.0
 40
24.0
 40
24.0
 40
25.0
 40
25.0
 40
25.0
 40
26.0
 40
26.0
 40
26.0
 40
27.0
 40
27.0
 40
27.0
 40
28.0
 40
28.0
 40
28.0
 40
29.0
 40
29.0
 40
29.0
 40
30.0
 40
30.0
 40
30.0
 40
31.0
 40
31.0
 40
31.0
 40
32.0
 40
32.0
 40
32.0
 40
33.0
 40
33.0
 40
33.0
 40
34.0
 40
34.0
 40
34.0
 40
35.0
 40
35.0
 40
35.0
 40
36.0
 40
36.0
 40
36.0
 40
37.0
 40
37.0
 40
37.0
 40
38.0
 40
38.0
 40
38.0
 40
39.0
 40
39.0
 40
39.0
 40
40.0
 40
40.0
 40
40.0
 40
41.0
 40
41.0
 40
41.0
 40
42.0
 40
42.0
 40
42.0
 40
43.0
 40
43.0
 40
43.0
 40
44.0
 40
44.0
 40
44.0
 40
45.0
 40
45.0
 40
45.0
 40
46.0
 40
46.0
 40
46.0
 40
47.0
 40
47.0
 40
47.0
 40
48.0
 40
48.0
 40
48.0
 40
49.0
 40
49.0
 40
49.0
 40
50.0
 40
50.0
 40
50.0
 40
51.0
 40
51.0
 40
51.0
 40
52.0
 40
52.0
 40
52.0
 40
53.0
 40
53.0
 40
53.0
 40
54.0
 40
54.0
 40
54.0
 40
55.0
 40
55.0
 40
55.0
 40
56.0
 40
56.0
 40
56.0
 40
57.0
 40
57.0
 40
57.0
 40
58.0
 40
58.0
 40
58.0
 40
59.0
 40
59.0
 40
59.0
 40
60.0
 40
60.0
 40
60.0
 40
61.0
 40
61.0
 40
61.0
 40
62.0
 40
62.0
 40
62.0
 40
63.0
 40
63.0
 40
63.0
 40
64.0
 40
64.0
 40
64.0
 40
65.0
 40
65.0
 40
65.0
 40
66.0
 40
66.0
 40
66.0
 40
67.0
 40
67.0
 40
67.0
 40
68.0
 40
68.0
 40
68.0
 40
69.0
 40
69.0
 40
69.0
 40
70.0
 40
70.0
 40
70.0
 40
71.0
 40
71.0
 40
71.0
 40
71.0
 10
1115.246997314147
 20
-1103.116524637777
 30
0.0
 10
1114.919086472384
 20
-1103.116524637777
 30
0.0
 10
1114.263314821033
 20
-1103.116524637777
 30
0.0
 10
1113.935454011447
 20
-1103.116524637777
 30
0.0
 10
1113.935454011447
 20
-1095.902936408622
 30
0.0
 10
1113.935454011447
 20
-1088.689348179458
 30
0.0
 10
1113.935454011447
 20
-1081.14784910854
 30
0.0
 10
1113.607543169692
 20
-1081.14784910854
 30
0.0
 10
1112.951771518343
 20
-1081.14784910854
 30
0.0
 10
1112.623910708749
 20
-1081.14784910854
 30
0.0
 10
1112.623910708749
 20
-1084.754668239204
 30
0.0
 10
1112.623910708749
 20
-1088.361437337693
 30
0.0
 10
1112.623910708749
 20
-1091.968256468364
 30
0.0
 10
1112.623910708749
 20
-1099.509755539288
 30
0.0
 10
1113.279682360098
 20
-1107.0512546102
 30
0.0
 10
1107.377637433639
 20
-1113.281160346258
 30
0.0
 10
1103.115046651621
 20
-1117.871611937859
 30
0.0
 10
1099.508277553126
 20
-1123.445796054733
 30
0.0
 10
1095.573547580698
 20
-1128.364158488101
 30
0.0
 10
1091.966728450032
 20
-1133.282520921461
 30
0.0
 10
1088.359959351539
 20
-1138.200883354817
 30
0.0
 10
1084.425279411284
 20
-1142.791334946423
 30
0.0
 10
1084.097368569521
 20
-1142.791334946423
 30
0.0
 10
1083.769507759936
 20
-1142.463424104664
 30
0.0
 10
1083.441596918183
 20
-1142.463424104664
 30
0.0
 10
1083.441596918183
 20
-1136.889290019961
 30
0.0
 10
1083.441596918183
 20
-1131.315155935246
 30
0.0
 10
1083.441596918183
 20
-1125.413111008784
 30
0.0
 10
1083.113686076418
 20
-1125.413111008784
 30
0.0
 10
1082.457914425069
 20
-1125.413111008784
 30
0.0
 10
1082.130053615481
 20
-1125.413111008784
 30
0.0
 10
1082.130053615481
 20
-1131.64301674484
 30
0.0
 10
1082.130053615481
 20
-1137.545061671299
 30
0.0
 10
1082.130053615481
 20
-1143.775017439531
 30
0.0
 10
1082.130053615481
 20
-1145.086560742222
 30
0.0
 10
1081.474281964132
 20
-1146.726014886672
 30
0.0
 10
1080.490599471032
 20
-1148.037608221539
 30
0.0
 10
1074.916465386323
 20
-1155.906968102052
 30
0.0
 10
1069.014420459855
 20
-1163.776378014731
 30
0.0
 10
1063.11237553339
 20
-1171.317877085648
 30
0.0
 10
1062.784464691631
 20
-1171.973648737003
 30
0.0
 10
1061.800832230694
 20
-1172.301559578751
 30
0.0
 10
1060.817149737588
 20
-1173.285242071863
 30
0.0
 10
1060.489238895827
 20
-1169.678422941199
 30
0.0
 10
1059.833467244476
 20
-1166.727425494057
 30
0.0
 10
1059.50560643489
 20
-1163.776428046905
 30
0.0
 10
1059.177695593127
 20
-1163.776428046905
 30
0.0
 10
1058.521923941789
 20
-1163.776428046905
 30
0.0
 10
1058.194063132192
 20
-1163.448517205141
 30
0.0
 10
1061.472971421106
 20
-1173.941013723212
 30
0.0
 10
1055.898837336392
 20
-1181.482512794135
 30
0.0
 10
1049.66888156817
 20
-1188.696101023295
 30
0.0
 10
1047.373655772366
 20
-1191.319237660853
 30
0.0
 10
1045.734201627911
 20
-1194.270235108004
 30
0.0
 10
1043.766836641706
 20
-1197.221282587321
 30
0.0
 10
1051.636196522213
 20
-1188.696101023295
 30
0.0
 10
1057.538241448676
 20
-1177.875743695637
 30
0.0
 10
1070.981785446069
 20
-1176.564150360769
 30
0.0
 10
1070.653874604304
 20
-1176.236239519016
 30
0.0
 10
1070.326013794718
 20
-1175.580467867667
 30
0.0
 10
1070.326013794718
 20
-1175.252607058073
 30
0.0
 10
1067.047105505815
 20
-1176.236289551187
 30
0.0
 10
1064.096108058664
 20
-1177.219972044288
 30
0.0
 10
1059.833517276653
 20
-1178.531515346984
 30
0.0
 10
1060.817199769757
 20
-1176.892061202534
 30
0.0
 10
1061.145060579343
 20
-1175.908378709421
 30
0.0
 10
1061.80088226286
 20
-1175.252607058073
 30
0.0
 10
1067.70292718933
 20
-1167.711107987154
 30
0.0
 10
1073.604972115792
 20
-1160.169608916236
 30
0.0
 10
1079.179106200507
 20
-1152.628159877484
 30
0.0
 10
1081.4743319963
 20
-1149.349251588577
 30
0.0
 10
1084.425379475622
 20
-1147.709797444122
 30
0.0
 10
1088.360059415874
 20
-1146.398254141432
 30
0.0
 10
1093.278421849242
 20
-1144.758799996971
 30
0.0
 10
1098.196784282598
 20
-1142.791435010766
 30
0.0
 10
1102.787235874199
 20
-1141.151980866311
 30
0.0
 10
1102.787235874199
 20
-1140.824070024551
 30
0.0
 10
1102.45932503244
 20
-1140.496209214964
 30
0.0
 10
1102.45932503244
 20
-1140.168298373199
 30
0.0
 10
1096.885190947733
 20
-1141.807752517654
 30
0.0
 10
1091.638917672621
 20
-1143.447206662115
 30
0.0
 10
1085.081101094798
 20
-1145.414571648318
 30
0.0
 10
1086.064783587906
 20
-1143.447206662115
 30
0.0
 10
1086.3926443975
 20
-1142.791435010766
 30
0.0
 10
1087.048466081016
 20
-1142.135663359419
 30
0.0
 10
1092.950511007477
 20
-1134.594164288494
 30
0.0
 10
1098.524645092186
 20
-1126.724804407982
 30
0.0
 10
1104.426690018654
 20
-1119.511216178824
 30
0.0
 10
1106.066144163105
 20
-1117.21599038302
 30
0.0
 10
1109.017141610258
 20
-1115.904397048158
 30
0.0
 10
1111.640278247814
 20
-1114.592853745467
 30
0.0
 10
1116.886551522934
 20
-1112.625488759251
 30
0.0
 10
1122.460685607643
 20
-1110.986034614796
 30
0.0
 10
1127.706908850596
 20
-1109.018719660753
 30
0.0
 10
1127.706908850596
 20
-1108.690808818999
 30
0.0
 10
1127.378998008833
 20
-1108.36294800941
 30
0.0
 10
1127.378998008833
 20
-1108.035037167645
 30
0.0
 10
1121.804863924124
 20
-1109.6744913121
 30
0.0
 10
1116.230729839417
 20
-1111.313945456552
 30
0.0
 10
1110.328684912956
 20
-1112.953399601007
 30
0.0
 10
1110.328684912956
 20
-1111.313945456552
 30
0.0
 10
1110.656595754712
 20
-1110.658173805214
 30
0.0
 10
1111.312367406059
 20
-1110.002402153867
 30
0.0
 10
1120.821181431022
 20
-1097.542540649581
 30
0.0
 10
1130.002134646396
 20
-1085.082679145296
 30
0.0
 10
1139.510998703525
 20
-1072.950728482776
 30
0.0
 10
1141.15045284798
 20
-1070.655502686972
 30
0.0
 10
1144.101450295131
 20
-1069.671820193869
 30
0.0
 10
1146.724586932694
 20
-1068.360276891173
 30
0.0
 10
1149.019812728486
 20
-1067.376594398067
 30
0.0
 10
1151.31503852429
 20
-1066.720822746718
 30
0.0
 10
1153.610314352267
 20
-1066.065051095376
 30
0.0
 10
1153.610314352267
 20
-1065.737140253616
 30
0.0
 10
1153.282403510504
 20
-1065.409279444022
 30
0.0
 10
1153.282403510504
 20
-1065.081368602268
 30
0.0
 10
1150.659266872946
 20
-1065.737140253616
 30
0.0
 10
1148.036130235385
 20
-1066.065051095376
 30
0.0
 10
1145.085132788245
 20
-1066.720822746718
 30
0.0
 10
1147.380358584034
 20
-1062.130346139034
 30
0.0
 10
1150.003495221599
 20
-1058.523552024451
 30
0.0
 10
1152.626631859157
 20
-1055.244643735547
 30
0.0
 10
1158.528676785625
 20
-1047.703144664622
 30
0.0
 10
1164.758582521683
 20
-1040.489556435463
 30
0.0
 10
1170.004855796804
 20
-1032.620171538867
 30
0.0
 10
1173.611674927468
 20
-1027.046037454158
 30
0.0
 10
1177.87421567731
 20
-1023.767129165253
 30
0.0
 10
1183.776260603774
 20
-1022.1276750208
 30
0.0
 10
1186.727258050925
 20
-1021.143992527695
 30
0.0
 10
1189.350394688488
 20
-1019.832449224999
 30
0.0
 10
1191.973531326046
 20
-1018.520880906219
 30
0.0
 10
1191.973531326046
 20
-1018.192995080544
 30
0.0
 10
1191.64562048428
 20
-1018.192995080544
 30
0.0
 10
1191.64562048428
 20
-1017.865109254873
 30
0.0
 10
1187.383029702272
 20
-1019.504563399325
 30
0.0
 10
1183.120438920254
 20
-1020.816131718102
 30
0.0
 10
1178.202076486898
 20
-1022.455585862557
 30
0.0
 10
1178.529987328659
 20
-1021.471903369449
 30
0.0
 10
1178.529987328659
 20
-1020.816131718102
 30
0.0
 10
1178.857848138246
 20
-1020.488245892431
 30
0.0
 10
1182.464667268916
 20
-1015.89776928474
 30
0.0
 10
1185.743575557819
 20
-1010.97940685138
 30
0.0
 10
1189.350344656312
 20
-1006.388930243691
 30
0.0
 10
1197.219704536819
 20
-996.8800912026454
 30
0.0
 10
1202.465977811939
 20
-985.0760263657958
 30
0.0
 10
1214.92583931622
 20
-980.1576639324358
 30
0.0
 10
1214.92583931622
 20
-980.1576639324358
 30
0.0
 10
1214.92583931622
 20
-979.8297781067631
 30
0.0
 10
1215.253750157983
 20
-979.1739814393277
 30
0.0
 10
1212.95852436218
 20
-980.1576639324358
 30
0.0
 10
1210.663298566382
 20
-980.8134355837828
 30
0.0
 10
1208.695933580164
 20
-981.7971180768909
 30
0.0
 10
1208.695933580164
 20
-981.4692322512146
 30
0.0
 10
1208.368022738414
 20
-981.4692322512146
 30
0.0
 10
1208.368022738414
 20
-981.141346425542
 30
0.0
 10
1220.172112591339
 20
-965.0746908066812
 30
0.0
 10
1232.304063253867
 20
-949.0080351878169
 30
0.0
 10
1244.10810307463
 20
-933.2692904107134
 30
0.0
 10
1243.780192232869
 20
-932.9414045850408
 30
0.0
 10
1243.452331423283
 20
-932.9414045850408
 30
0.0
 10
1243.124420581518
 20
-932.6135187593663
 30
0.0
 10
1239.517601450862
 20
-937.2039953670537
 30
0.0
 10
1235.910832352358
 20
-941.7944719747411
 30
0.0
 10
1231.976152412106
 20
-946.7128344080993
 30
0.0
 10
1231.320380760764
 20
-945.0733802636478
 30
0.0
 10
1230.992469919003
 20
-944.4176086123007
 30
0.0
 10
1230.664609109415
 20
-943.4339261191944
 30
0.0
 10
1230.008837458066
 20
-949.3359710456607
 30
0.0
 10
1226.729929169162
 20
-953.9264226372634
 30
0.0
 10
1223.451020880246
 20
-958.1890134192763
 30
0.0
 10
1217.87688679554
 20
-965.4026016484404
 30
0.0
 10
1212.302752710832
 20
-972.6162148936819
 30
0.0
 10
1206.728568593957
 20
-980.1576889485223
 30
0.0
 10
1203.777571146806
 20
-984.092368888776
 30
0.0
 10
1200.498662857901
 20
-987.0433913520101
 30
0.0
 10
1197.547615378582
 20
-991.3059821340212
 30
0.0
 10
1190.661887959013
 20
-1002.126389493849
 30
0.0
 10
1182.464617236736
 20
-1011.963114360571
 30
0.0
 10
1174.595257356228
 20
-1022.127725052969
 30
0.0
 10
1173.611574863125
 20
-1023.439293371748
 30
0.0
 10
1172.300031560428
 20
-1024.422950848773
 30
0.0
 10
1170.660577415974
 20
-1026.390315834982
 30
0.0
 10
1171.316349067323
 20
-1020.488270908516
 30
0.0
 10
1171.644259909077
 20
-1015.89781931691
 30
0.0
 10
1172.300031560428
 20
-1011.307342709222
 30
0.0
 10
1171.97212071867
 20
-1011.307342709222
 30
0.0
 10
1171.316349067323
 20
-1011.307342709222
 30
0.0
 10
1170.988488257739
 20
-1011.307342709222
 30
0.0
 10
1170.988488257739
 20
-1013.602568505026
 30
0.0
 10
1170.988488257739
 20
-1015.89781931691
 30
0.0
 10
1170.660577415974
 20
-1018.193045112715
 30
0.0
 10
1169.676894922872
 20
-1024.422975864856
 30
0.0
 10
1169.021123271523
 20
-1030.98079244267
 30
0.0
 10
1164.102760838163
 20
-1036.227040701704
 30
0.0
 10
1160.823852549258
 20
-1039.833834816287
 30
0.0
 10
1157.872855102107
 20
-1044.096425598294
 30
0.0
 10
1154.92180762279
 20
-1048.031105538554
 30
0.0
 10
1151.314988492122
 20
-1052.621582146237
 30
0.0
 10
1147.708219393629
 20
-1057.212058753927
 30
0.0
 10
1144.10140026296
 20
-1062.130421187288
 30
0.0
 10
1143.773489421201
 20
-1062.130421187288
 30
0.0
 10
1143.445628611611
 20
-1061.802535361612
 30
0.0
 10
1143.117717769857
 20
-1061.802535361612
 30
0.0
 10
1143.117717769857
 20
-1058.195741247029
 30
0.0
 10
1143.117717769857
 20
-1054.588947132452
 30
0.0
 10
1143.117717769857
 20
-1050.982128001788
 30
0.0
 10
1142.134035276744
 20
-1053.933150465022
 30
0.0
 10
1142.134035276744
 20
-1057.212058753927
 30
0.0
 10
1141.478263625397
 20
-1060.163081217161
 30
0.0
 10
1141.150352783643
 20
-1062.786217854718
 30
0.0
 10
1140.822491974053
 20
-1066.065101127542
 30
0.0
 10
1139.183037829596
 20
-1068.360376955516
 30
0.0
 10
1132.625221251785
 20
-1080.49202742502
 30
0.0
 10
1123.772178878173
 20
-1091.640345626598
 30
0.0
 10
1115.246997314147
 20
-1103.116524637777
 30
0.0
  0
SPLINE
  5
4B
330
41
100
AcDbEntity
  8
katman 1
370
     0
100
AcDbSpline
210
0.0
220
0.0
230
1.0
 70
    11
 71
     3
 72
   119
 73
   115
 74
     0
 42
0.0000000001
 43
0.0000000001
 12
1.0
 22
0.0
 32
0.0
 13
1.0
 23
0.0
 33
0.0
 40
0.0
 40
0.0
 40
0.0
 40
0.0
 40
1.0
 40
1.0
 40
1.0
 40
2.0
 40
2.0
 40
2.0
 40
3.0
 40
3.0
 40
3.0
 40
4.0
 40
4.0
 40
4.0
 40
5.0
 40
5.0
 40
5.0
 40
6.0
 40
6.0
 40
6.0
 40
7.0
 40
7.0
 40
7.0
 40
8.0
 40
8.0
 40
8.0
 40
9.0
 40
9.0
 40
9.0
 40
10.0
 40
10.0
 40
10.0
 40
11.0
 40
11.0
 40
11.0
 40
12.0
 40
12.0
 40
12.0
 40
13.0
 40
13.0
 40
13.0
 40
14.0
 40
14.0
 40
14.0
 40
15.0
 40
15.0
 40
15.0
 40
16.0
 40
16.0
 40
16.0
 40
17.0
 40
17.0
 40
17.0
 40
18.0
 40
18.0
 40
18.0
 40
19.0
 40
19.0
 40
19.0
 40
20.0
 40
20.0
 40
20.0
 40
21.0
 40
21.0
 40
21.0
 40
22.0
 40
22.0
 40
22.0
 40
23.0
 40
23.0
 40
23.0
 40
24.0
 40
24.0
 40
24.0
 40
25.0
 40
25.0
 40
25.0
 40
26.0
 40
26.0
 40
26.0
 40
27.0
 40
27.0
 40
27.0
 40
28.0
 40
28.0
 40
28.0
 40
29.0
 40
29.0
 40
29.0
 40
30.0
 40
30.0
 40
30.0
 40
31.0
 40
31.0
 40
31.0
 40
32.0
 40
32.0
 40
32.0
 40
33.0
 40
33.0
 40
33.0
 40
34.0
 40
34.0
 40
34.0
 40
35.0
 40
35.0
 40
35.0
 40
36.0
 40
36.0
 40
36.0
 40
37.0
 40
37.0
 40
37.0
 40
38.0
 40
38.0
 40
38.0
 40
38.0
 10
1321.162447863946
 20
-1151.972238129627
 30
0.0
 10
1321.162447863946
 20
-1151.644327287868
 30
0.0
 10
1320.834537022192
 20
-1151.31646647828
 30
0.0
 10
1320.834537022192
 20
-1150.988555636524
 30
0.0
 10
1291.65227326378
 20
-1159.185826358791
 30
0.0
 10
1263.125731124554
 20
-1169.678322876862
 30
0.0
 10
1234.271378207908
 20
-1178.531365250476
 30
0.0
 10
1234.271378207908
 20
-1178.203454408722
 30
0.0
 10
1233.943467366153
 20
-1177.875593599123
 30
0.0
 10
1233.943467366153
 20
-1177.547682757369
 30
0.0
 10
1234.271378207908
 20
-1176.89191110602
 30
0.0
 10
1234.927149859257
 20
-1176.236139454673
 30
0.0
 10
1235.25501066884
 20
-1175.580317771159
 30
0.0
 10
1231.648191538183
 20
-1177.547682757369
 30
0.0
 10
1228.041422439683
 20
-1180.17076936276
 30
0.0
 10
1223.778831657664
 20
-1181.810223507211
 30
0.0
 10
1211.646880995148
 20
-1186.072814289219
 30
0.0
 10
1199.514930332622
 20
-1190.007494229481
 30
0.0
 10
1187.382929637926
 20
-1193.942174169735
 30
0.0
 10
1185.415564651721
 20
-1194.597945821079
 30
0.0
 10
1183.448249697671
 20
-1194.925856662843
 30
0.0
 10
1181.480884711467
 20
-1195.581628314187
 30
0.0
 10
1181.480884711467
 20
-1195.253717472428
 30
0.0
 10
1181.152973869703
 20
-1194.925856662843
 30
0.0
 10
1181.152973869703
 20
-1194.597945821079
 30
0.0
 10
1183.120338855917
 20
-1192.302720025285
 30
0.0
 10
1185.087653809956
 20
-1189.679583387719
 30
0.0
 10
1187.382879605759
 20
-1187.38435759192
 30
0.0
 10
1185.087653809956
 20
-1189.02381173637
 30
0.0
 10
1183.120288823751
 20
-1191.319037532174
 30
0.0
 10
1180.825063027947
 20
-1193.286402518388
 30
0.0
 10
1178.201926390386
 20
-1195.253767504597
 30
0.0
 10
1175.578789752828
 20
-1197.548993300396
 30
0.0
 10
1172.627792305679
 20
-1198.860536603092
 30
0.0
 10
1163.446839090302
 20
-1202.139444891996
 30
0.0
 10
1154.265885874927
 20
-1205.090442339153
 30
0.0
 10
1145.084982691729
 20
-1208.041489818472
 30
0.0
 10
1143.77343938903
 20
-1208.369400660225
 30
0.0
 10
1142.133985244578
 20
-1208.041489818472
 30
0.0
 10
1140.494531100123
 20
-1207.713578976707
 30
0.0
 10
1138.855076955673
 20
-1208.697261469819
 30
0.0
 10
1136.559851159869
 20
-1210.664576423858
 30
0.0
 10
1133.936714522308
 20
-1211.648258916961
 30
0.0
 10
1125.083672148692
 20
-1214.927167205875
 30
0.0
 10
1116.230629775084
 20
-1217.550303843433
 30
0.0
 10
1107.377537369292
 20
-1220.501301290584
 30
0.0
 10
1105.738083224842
 20
-1220.829212132339
 30
0.0
 10
1104.098629080387
 20
-1220.829212132339
 30
0.0
 10
1101.803403284588
 20
-1220.829212132339
 30
0.0
 10
1098.852405837435
 20
-1223.452348769903
 30
0.0
 10
1076.55581946643
 20
-1231.977480301763
 30
0.0
 10
1072.621139526176
 20
-1231.321708650408
 30
0.0
 10
1073.276911177523
 20
-1230.338026157297
 30
0.0
 10
1073.932682828876
 20
-1229.354343664194
 30
0.0
 10
1074.588504512391
 20
-1228.370711203257
 30
0.0
 10
1070.325913730383
 20
-1234.600616939315
 30
0.0
 10
1063.112325501213
 20
-1235.584299432423
 30
0.0
 10
1055.57082643029
 20
-1238.207436069984
 30
0.0
 10
1059.505506370548
 20
-1239.191118563087
 30
0.0
 10
1062.128643008113
 20
-1239.518979372671
 30
0.0
 10
1064.751779645669
 20
-1240.17480105619
 30
0.0
 10
1064.751779645669
 20
-1239.846890214436
 30
0.0
 10
1064.751779645669
 20
-1239.846890214436
 30
0.0
 10
1065.07969048743
 20
-1239.519029404848
 30
0.0
 10
1064.096007994327
 20
-1239.191118563087
 30
0.0
 10
1062.784464691631
 20
-1238.53534691174
 30
0.0
 10
1061.472871356764
 20
-1238.20748610215
 30
0.0
 10
1061.800782198523
 20
-1237.879575260387
 30
0.0
 10
1061.800782198523
 20
-1237.551714450803
 30
0.0
 10
1062.128643008113
 20
-1237.223803609049
 30
0.0
 10
1072.293278716588
 20
-1233.944895320134
 30
0.0
 10
1082.785775234663
 20
-1230.665987031232
 30
0.0
 10
1092.950360910974
 20
-1227.387078742328
 30
0.0
 10
1096.229269199879
 20
-1226.403396249219
 30
0.0
 10
1099.180266647021
 20
-1225.091852946523
 30
0.0
 10
1102.459174935935
 20
-1227.059167900572
 30
0.0
 10
1102.787085777691
 20
-1227.387078742328
 30
0.0
 10
1103.770718238628
 20
-1227.059167900572
 30
0.0
 10
1105.410172383086
 20
-1226.731257058807
 30
0.0
 10
1103.770718238628
 20
-1226.07548540746
 30
0.0
 10
1102.787035745525
 20
-1225.419713756106
 30
0.0
 10
1101.475492442823
 20
-1225.091802914352
 30
0.0
 10
1102.131264094172
 20
-1224.763892072593
 30
0.0
 10
1102.131264094172
 20
-1224.436031263005
 30
0.0
 10
1102.459174935935
 20
-1224.108120421244
 30
0.0
 10
1112.295899802653
 20
-1220.829212132339
 30
0.0
 10
1121.80471382762
 20
-1217.550303843433
 30
0.0
 10
1131.641438694338
 20
-1214.927167205875
 30
0.0
 10
1139.182937765261
 20
-1212.959802219661
 30
0.0
 10
1145.740754343071
 20
-1208.369350628054
 30
0.0
 10
1153.938025065341
 20
-1209.353033121162
 30
0.0
 10
1154.265935907104
 20
-1209.353033121162
 30
0.0
 10
1154.921707558444
 20
-1208.697261469819
 30
0.0
 10
1155.249568368041
 20
-1208.369350628054
 30
0.0
 10
1156.233250861143
 20
-1207.713578976707
 30
0.0
 10
1156.889022512491
 20
-1206.729896483605
 30
0.0
 10
1157.872705005599
 20
-1206.401985641845
 30
0.0
 10
1174.267246450132
 20
-1200.827851557136
 30
0.0
 10
1190.98969873643
 20
-1195.909489123775
 30
0.0
 10
1207.384240180963
 20
-1190.007444197307
 30
0.0
 10
1219.516190843489
 20
-1185.744853415297
 30
0.0
 10
1232.303963189523
 20
-1182.793855968146
 30
0.0
 10
1244.108003010289
 20
-1177.875493534786
 30
0.0
 10
1250.665819588105
 20
-1175.252356897223
 30
0.0
 10
1257.551547007679
 20
-1173.285041943185
 30
0.0
 10
1264.437224395075
 20
-1171.317676956969
 30
0.0
 10
1269.027675986679
 20
-1170.006133654279
 30
0.0
 10
1273.946038420047
 20
-1169.02245116117
 30
0.0
 10
1278.864400853403
 20
-1167.382997016715
 30
0.0
 10
1283.454852445007
 20
-1165.743542872266
 30
0.0
 10
1287.717443227024
 20
-1163.448317076462
 30
0.0
 10
1291.980034009031
 20
-1161.808862932006
 30
0.0
 10
1301.488998130508
 20
-1158.530054707438
 30
0.0
 10
1311.32572299723
 20
-1155.251146418534
 30
0.0
 10
1321.162447863946
 20
-1151.972238129627
 30
0.0
  0
SPLINE
  5
4C
330
41
100
AcDbEntity
  8
katman 1
370
     0
100
AcDbSpline
210
0.0
220
0.0
230
1.0
 70
    11
 71
     3
 72
    14
 73
    10
 74
     0
 42
0.0000000001
 43
0.0000000001
 12
1.0
 22
0.0
 32
0.0
 13
1.0
 23
0.0
 33
0.0
 40
0.0
 40
0.0
 40
0.0
 40
0.0
 40
1.0
 40
1.0
 40
1.0
 40
2.0
 40
2.0
 40
2.0
 40
3.0
 40
3.0
 40
3.0
 40
3.0
 10
1039.832106669275
 20
-1209.681044027258
 30
0.0
 10
1038.520563366585
 20
-1207.385818231465
 30
0.0
 10
1037.536880873473
 20
-1205.418453245251
 30
0.0
 10
1036.225287538615
 20
-1202.795316607688
 30
0.0
 10
1036.225287538615
 20
-1205.418453245251
 30
0.0
 10
1035.897376696852
 20
-1207.385768199289
 30
0.0
 10
1035.897376696852
 20
-1210.008904836852
 30
0.0
 10
1037.864791715238
 20
-1210.008904836852
 30
0.0
 10
1038.848474208338
 20
-1209.681044027258
 30
0.0
 10
1039.832106669275
 20
-1209.681044027258
 30
0.0
  0
HATCH
  5
4D
330
41
100
AcDbEntity
  8
katman 1
 62
    96
420
    32768
100
AcDbHatch
 10
0.0
 20
0.0
 30
0.0
210
0.0
220
0.0
230
1.0
  2
SOLID
 70
     1
 71
     0
 91
        4
 92
        1
 93
        1
 72
     4
 94
        3
 73
     0
 74
     1
 95
      335
 96
      331
 40
0.0
 40
0.0
 40
0.0
 40
0.0
 40
1.0
 40
1.0
 40
1.0
 40
2.0
 40
2.0
 40
2.0
 40
3.0
 40
3.0
 40
3.0
 40
4.0
 40
4.0
 40
4.0
 40
5.0
 40
5.0
 40
5.0
 40
6.0
 40
6.0
 40
6.0
 40
7.0
 40
7.0
 40
7.0
 40
8.0
 40
8.0
 40
8.0
 40
9.0
 40
9.0
 40
9.0
 40
10.0
 40
10.0
 40
10.0
 40
11.0
 40
11.0
 40
11.0
 40
12.0
 40
12.0
 40
12.0
 40
13.0
 40
13.0
 40
13.0
 40
14.0
 40
14.0
 40
14.0
 40
15.0
 40
15.0
 40
15.0
 40
16.0
 40
16.0
 40
16.0
 40
17.0
 40
17.0
 40
17.0
 40
18.0
 40
18.0
 40
18.0
 40
19.0
 40
19.0
 40
19.0
 40
20.0
 40
20.0
 40
20.0
 40
21.0
 40
21.0
 40
21.0
 40
22.0
 40
22.0
 40
22.0
 40
23.0
 40
23.0
 40
23.0
 40
24.0
 40
24.0
 40
24.0
 40
25.0
 40
25.0
 40
25.0
 40
26.0
 40
26.0
 40
26.0
 40
27.0
 40
27.0
 40
27.0
 40
28.0
 40
28.0
 40
28.0
 40
29.0
 40
29.0
 40
29.0
 40
30.0
 40
30.0
 40
30.0
 40
31.0
 40
31.0
 40
31.0
 40
32.0
 40
32.0
 40
32.0
 40
33.0
 40
33.0
 40
33.0
 40
34.0
 40
34.0
 40
34.0
 40
35.0
 40
35.0
 40
35.0
 40
36.0
 40
36.0
 40
36.0
 40
37.0
 40
37.0
 40
37.0
 40
38.0
 40
38.0
 40
38.0
 40
39.0
 40
39.0
 40
39.0
 40
40.0
 40
40.0
 40
40.0
 40
41.0
 40
41.0
 40
41.0
 40
42.0
 40
42.0
 40
42.0
 40
43.0
 40
43.0
 40
43.0
 40
44.0
 40
44.0
 40
44.0
 40
45.0
 40
45.0
 40
45.0
 40
46.0
 40
46.0
 40
46.0
 40
47.0
 40
47.0
 40
47.0
 40
48.0
 40
48.0
 40
48.0
 40
49.0
 40
49.0
 40
49.0
 40
50.0
 40
50.0
 40
50.0
 40
51.0
 40
51.0
 40
51.0
 40
52.0
 40
52.0
 40
52.0
 40
53.0
 40
53.0
 40
53.0
 40
54.0
 40
54.0
 40
54.0
 40
55.0
 40
55.0
 40
55.0
 40
56.0
 40
56.0
 40
56.0
 40
57.0
 40
57.0
 40
57.0
 40
58.0
 40
58.0
 40
58.0
 40
59.0
 40
59.0
 40
59.0
 40
60.0
 40
60.0
 40
60.0
 40
61.0
 40
61.0
 40
61.0
 40
62.0
 40
62.0
 40
62.0
 40
63.0
 40
63.0
 40
63.0
 40
64.0
 40
64.0
 40
64.0
 40
65.0
 40
65.0
 40
65.0
 40
66.0
 40
66.0
 40
66.0
 40
67.0
 40
67.0
 40
67.0
 40
68.0
 40
68.0
 40
68.0
 40
69.0
 40
69.0
 40
69.0
 40
70.0
 40
70.0
 40
70.0
 40
71.0
 40
71.0
 40
71.0
 40
72.0
 40
72.0
 40
72.0
 40
73.0
 40
73.0
 40
73.0
 40
74.0
 40
74.0
 40
74.0
 40
75.0
 40
75.0
 40
75.0
 40
76.0
 40
76.0
 40
76.0
 40
77.0
 40
77.0
 40
77.0
 40
78.0
 40
78.0
 40
78.0
 40
79.0
 40
79.0
 40
79.0
 40
80.0
 40
80.0
 40
80.0
 40
81.0
 40
81.0
 40
81.0
 40
82.0
 40
82.0
 40
82.0
 40
83.0
 40
83.0
 40
83.0
 40
84.0
 40
84.0
 40
84.0
 40
85.0
 40
85.0
 40
85.0
 40
86.0
 40
86.0
 40
86.0
 40
87.0
 40
87.0
 40
87.0
 40
88.0
 40
88.0
 40
88.0
 40
89.0
 40
89.0
 40
89.0
 40
90.0
 40
90.0
 40
90.0
 40
91.0
 40
91.0
 40
91.0
 40
92.0
 40
92.0
 40
92.0
 40
93.0
 40
93.0
 40
93.0
 40
94.0
 40
94.0
 40
94.0
 40
95.0
 40
95.0
 40
95.0
 40
96.0
 40
96.0
 40
96.0
 40
97.0
 40
97.0
 40
97.0
 40
98.0
 40
98.0
 40
98.0
 40
99.0
 40
99.0
 40
99.0
 40
100.0
 40
100.0
 40
100.0
 40
101.0
 40
101.0
 40
101.0
 40
102.0
 40
102.0
 40
102.0
 40
103.0
 40
103.0
 40
103.0
 40
104.0
 40
104.0
 40
104.0
 40
105.0
 40
105.0
 40
105.0
 40
106.0
 40
106.0
 40
106.0
 40
107.0
 40
107.0
 40
107.0
 40
108.0
 40
108.0
 40
108.0
 40
109.0
 40
109.0
 40
109.0
 40
110.0
 40
110.0
 40
110.0
 40
110.0
 10
1062.456603882041
 20
-1130.659334251728
 10
1068.686509618099
 20
-1110.657973676523
 10
1073.932782893209
 20
-1091.640345626598
 10
1083.441596918183
 20
-1072.950528354097
 10
1084.425279411284
 20
-1074.589982498552
 10
1084.75314022087
 20
-1075.573664991654
 10
1085.408961904388
 20
-1076.229436643001
 10
1085.736872746149
 20
-1076.88520829435
 10
1086.3926443975
 20
-1077.540979945697
 10
1087.048416048841
 20
-1078.196801629216
 10
1087.70418770019
 20
-1077.541029977869
 10
1089.015781035054
 20
-1077.213119136104
 10
1089.34364184464
 20
-1076.229436643001
 10
1093.934093436244
 20
-1063.441689313046
 10
1099.836138362716
 20
-1051.309738650525
 10
1107.049726591875
 20
-1039.833559639348
 10
1109.017091578089
 20
-1036.88253717612
 10
1111.312317373893
 20
-1033.931514712884
 10
1113.607543169692
 20
-1030.980517265732
 10
1114.5912256628
 20
-1033.931539728968
 10
1115.246997314147
 20
-1036.554651350445
 10
1116.23067980725
 20
-1039.177787987999
 10
1126.067404673973
 20
-1020.81590657334
 10
1136.232040382452
 20
-1003.109796810022
 10
1150.331305999016
 20
-987.3710270168322
 10
1150.987077650365
 20
-988.682595335611
 10
1151.314988492122
 20
-989.6662528126326
 10
1151.970760143471
 20
-990.3220494800662
 10
1152.298670985223
 20
-990.9778211314133
 10
1152.954442636574
 20
-991.6336177988469
 10
1153.938125129676
 20
-992.945186117624
 10
1158.856487563044
 20
-978.5179846432166
 10
1167.381669127069
 20
-967.3696914577158
 10
1178.202026454728
 20
-956.5493091139742
 10
1179.185708947834
 20
-958.5166490841002
 10
1179.841480599183
 20
-960.1561032285535
 10
1180.825163092286
 20
-962.7792398661131
 10
1189.350344656312
 20
-952.2867433480442
 10
1196.563932885481
 20
-941.1384501625434
 10
1207.384340245306
 20
-932.6132936146023
 10
1208.695883547996
 20
-935.2364302521619
 10
1209.679566041108
 20
-937.5316560479623
 10
1210.663248534211
 20
-939.8268818437646
 10
1219.188430098236
 20
-929.3343853256938
 10
1227.713561630098
 20
-919.1697496172128
 10
1235.910832352358
 20
-909.3330247504928
 10
1236.238743194124
 20
-909.6609105761672
 10
1236.894514845471
 20
-909.6609105761672
 10
1237.222375655057
 20
-909.9887964018399
 10
1237.878147306408
 20
-912.6119330393994
 10
1238.206058148162
 20
-915.5629304865488
 10
1238.861829799509
 20
-918.1860671241066
 10
1239.189740641275
 20
-918.8418387754555
 10
1239.517601450862
 20
-920.1534070942344
 10
1240.17337310221
 20
-920.1534070942344
 10
1240.829144753548
 20
-920.481292919907
 10
1242.140738088416
 20
-919.8255212685599
 10
1242.468598898004
 20
-919.1697246011281
 10
1251.649552113386
 20
-906.7098630968485
 10
1263.781502775904
 20
-897.8568207232329
 10
1276.569225089772
 20
-889.987435826637
 10
1281.815498364889
 20
-886.7085275377322
 10
1287.061721607843
 20
-883.4296192488237
 10
1292.307994882962
 20
-880.150710959917
 10
1292.635905724717
 20
-880.4785967855896
 10
1292.963766534313
 20
-880.8064826112641
 10
1293.291677376066
 20
-880.8064826112641
 10
1289.356997435811
 20
-886.7085275377322
 10
1285.422317495559
 20
-892.9384332737864
 10
1281.159726713549
 20
-898.8404782002526
 10
1274.601910135731
 20
-908.0214314156274
 10
1267.716182716158
 20
-917.2023596149174
 10
1261.158366138347
 20
-926.7111986559648
 10
1257.551547007679
 20
-931.9574469149993
 10
1257.551547007679
 20
-931.9574469149993
 10
1264.109363585489
 20
-932.6132435824329
 10
1264.765135236839
 20
-932.6132435824329
 10
1265.0930460786
 20
-932.6132435824329
 10
1265.748817729942
 20
-932.6132435824329
 10
1259.846772803479
 20
-946.0567625637341
 10
1251.977412922972
 20
-958.1887382423411
 10
1242.140688056246
 20
-969.6649172535163
 10
1243.7801422007
 20
-970.3206889048633
 10
1244.435913852049
 20
-970.6485997466225
 10
1245.091685503401
 20
-970.6485997466225
 10
1250.993730429858
 20
-971.3043713979696
 10
1251.321591239452
 20
-971.3043713979696
 10
1248.698504634067
 20
-976.5506446730906
 10
1243.452231358946
 20
-986.3873695398124
 10
1236.566553971541
 20
-995.2404119134262
 10
1228.697144058862
 20
-1003.437682635693
 10
1227.713461565752
 20
-1004.421365128801
 10
1226.729779072648
 20
-1005.732908431497
 10
1225.418235769952
 20
-1007.700273417708
 10
1228.369233217103
 20
-1008.02815924338
 10
1230.336598203317
 20
-1008.02815924338
 10
1232.959734840872
 20
-1008.356045069055
 10
1228.369283249269
 20
-1016.225429965651
 10
1224.106692467261
 20
-1024.094814862245
 10
1219.188330033903
 20
-1031.308403091411
 10
1214.269967600534
 20
-1038.521991320569
 10
1208.367922674064
 20
-1045.079807898386
 10
1202.465877747603
 20
-1052.621306969304
 10
1205.089014385159
 20
-1052.621306969304
 10
1207.384240180963
 20
-1052.949192794975
 10
1210.663148469868
 20
-1052.949192794975
 10
1199.514880300456
 20
-1070.98316336788
 10
1183.120338855917
 20
-1083.443024872162
 10
1168.037340714074
 20
-1098.853883823593
 10
1171.644159844742
 20
-1099.181794665357
 10
1173.939385640544
 20
-1099.181794665357
 10
1176.562522278102
 20
-1099.181794665357
 10
1176.890433119861
 20
-1099.509705507111
 10
1176.890433119861
 20
-1099.837566316695
 10
1177.218293929449
 20
-1100.165477158458
 10
1165.414204076516
 20
-1110.657973676523
 10
1153.610164255757
 20
-1120.82260938501
 10
1141.806074402813
 20
-1131.315105903075
 10
1141.806074402813
 20
-1131.64301674484
 10
1142.133985244578
 20
-1131.970877554424
 10
1142.133985244578
 20
-1132.298788396178
 10
1145.084982691729
 20
-1132.298788396178
 10
1148.036030171048
 20
-1132.298788396178
 10
1151.314938459953
 20
-1132.298788396178
 10
1151.314938459953
 20
-1132.626699237942
 10
1151.642849301708
 20
-1132.95456004753
 10
1151.642849301708
 20
-1133.282470889295
 10
1138.199305304326
 20
-1145.414421551806
 10
1122.460585543306
 20
-1154.923285608944
 10
1107.705498243224
 20
-1165.415782127015
 10
1108.033409084977
 20
-1165.743692968774
 10
1108.033409084977
 20
-1166.071553778362
 10
1108.361269894573
 20
-1166.399464620121
 10
1110.328634880781
 20
-1166.727375461876
 10
1112.29594983483
 20
-1167.055236271464
 10
1114.919086472384
 20
-1167.383147113229
 10
1113.93540397928
 20
-1168.366829606332
 10
1113.607543169692
 20
-1169.35051209944
 10
1112.951721486166
 20
-1170.006283750781
 10
1101.475542475
 20
-1179.187236966156
 10
1089.999363463823
 20
-1188.040279339781
 10
1078.851095294409
 20
-1197.221232555155
 10
1078.195323643062
 20
-1197.877004206497
 10
1077.867412801297
 20
-1199.188597541359
 10
1077.211641149948
 20
-1199.844369192713
 10
1078.195323643062
 20
-1200.172280034472
 10
1079.179006136164
 20
-1200.828051685814
 10
1079.834777787511
 20
-1200.828051685814
 10
1082.130003583316
 20
-1201.15596252758
 10
1085.081051062632
 20
-1200.172280034472
 10
1085.736822713981
 20
-1203.779049132967
 10
1088.032048509773
 20
-1202.467505830266
 10
1089.999413495989
 20
-1201.483823337163
 10
1092.294639291791
 20
-1200.172230002296
 10
1092.294639291791
 20
-1201.811684146745
 10
1092.294639291791
 20
-1203.123227449447
 10
1092.294639291791
 20
-1205.418503277417
 10
1106.721815750112
 20
-1195.909689252459
 10
1120.493270589257
 20
-1186.728736037079
 10
1134.264675396238
 20
-1177.547782821706
 10
1134.592586237997
 20
-1177.875693663471
 10
1134.920447047585
 20
-1177.875693663471
 10
1135.248357889341
 20
-1178.203554473053
 10
1134.920447047585
 20
-1180.498780268857
 10
1134.264675396238
 20
-1182.466145255072
 10
1133.608903744887
 20
-1185.745053543978
 10
1146.396626058762
 20
-1177.219871979951
 10
1158.200715911695
 20
-1169.35051209944
 10
1169.676894922872
 20
-1161.481152218932
 10
1170.004805764627
 20
-1161.809063060686
 10
1170.332666574221
 20
-1162.136923870275
 10
1170.660577415974
 20
-1162.46483471204
 10
1170.332666574221
 20
-1163.448517205141
 10
1169.676894922872
 20
-1164.10428885649
 10
1169.349034113284
 20
-1165.087971349592
 10
1169.021123271523
 20
-1166.071653842704
 10
1169.349034113284
 20
-1167.055336335812
 10
1169.349034113284
 20
-1168.038968796744
 10
1170.332716606386
 20
-1168.038968796744
 10
1170.988488257739
 20
-1168.038968796744
 10
1171.972170750842
 20
-1167.711057954988
 10
1185.415714748235
 20
-1161.481152218932
 10
1198.531347903852
 20
-1155.579107292464
 10
1211.974841869078
 20
-1149.34915152424
 10
1214.270067664882
 20
-1148.365469031127
 10
1216.893204302436
 20
-1148.037608221539
 10
1219.516340939992
 20
-1147.381786538026
 10
1218.204797637303
 20
-1149.34915152424
 10
1217.221115144188
 20
-1150.988605668696
 10
1216.237432651085
 20
-1152.955920622735
 10
1216.56534349285
 20
-1153.283831464494
 10
1216.893204302436
 20
-1153.611692274082
 10
1216.893204302436
 20
-1154.267463925431
 10
1233.615656588734
 20
-1148.037558189373
 10
1250.010198033267
 20
-1141.479741611558
 10
1268.372054431842
 20
-1139.184465783583
 10
1268.044143590088
 20
-1140.496009086284
 10
1267.38837193874
 20
-1141.47969157939
 10
1267.716282780495
 20
-1141.807602421151
 10
1268.372054431842
 20
-1142.791284914252
 10
1269.683647766709
 20
-1144.102828216954
 10
1270.339419418058
 20
-1143.774967407355
 10
1276.897235995873
 20
-1141.807602421151
 10
1283.127141731926
 20
-1139.512376625347
 10
1289.684958309743
 20
-1137.872922480898
 10
1294.275409901349
 20
-1136.561379178196
 10
1299.193772334704
 20
-1136.561379178196
 10
1304.440045609825
 20
-1135.577696685094
 10
1303.784273958478
 20
-1138.200833322651
 10
1303.128502307129
 20
-1139.840287467101
 10
1302.47268062361
 20
-1141.807602421151
 10
1312.309405490334
 20
-1139.512376625347
 10
1321.818219515295
 20
-1137.545011639133
 10
1331.654944382022
 20
-1135.249785843329
 10
1331.327033540258
 20
-1137.217150829543
 10
1331.327033540258
 20
-1138.200783290486
 10
1330.999172730671
 20
-1139.512376625347
 10
1331.327083572432
 20
-1139.512376625347
 10
1331.982855223774
 20
-1139.840287467101
 10
1332.310716033369
 20
-1139.840287467101
 10
1337.229078466726
 20
-1139.184515815765
 10
1342.147440900088
 20
-1138.52874416441
 10
1346.737892491688
 20
-1137.545061671299
 10
1350.672572431942
 20
-1136.889290019961
 10
1354.279391562612
 20
-1135.577696685094
 10
1358.214071502865
 20
-1134.594064224157
 10
1361.165068950009
 20
-1133.93829257281
 10
1364.11611642933
 20
-1133.610381731045
 10
1367.067113876477
 20
-1132.954610079707
 10
1371.657565468082
 20
-1132.298838428354
 10
1375.9201562501
 20
-1131.643066777006
 10
1380.510657873871
 20
-1130.987245093487
 10
1384.117477004527
 20
-1130.33147344214
 10
1387.724246103029
 20
-1129.675701790791
 10
1391.331065233697
 20
-1129.347790949038
 10
1391.986836885037
 20
-1129.347790949038
 10
1392.970519378152
 20
-1129.347790949038
 10
1393.954201871255
 20
-1130.33147344214
 10
1375.920206282266
 20
-1137.545061671299
 10
1358.214121535031
 20
-1144.430789090875
 10
1338.868532611181
 20
-1151.972288161798
 10
1342.475351741847
 20
-1153.939653148012
 10
1345.098438347235
 20
-1155.251196450699
 10
1349.033168319656
 20
-1157.546422246502
 10
1336.573306815379
 20
-1162.464784679869
 10
1324.769266994615
 20
-1166.727375461876
 10
1312.965177141685
 20
-1171.317827053483
 10
1314.276720444373
 20
-1172.629370356179
 10
1315.916174588836
 20
-1173.94096369104
 10
1318.211450416806
 20
-1176.236189486839
 10
1306.079499754278
 20
-1181.154551920205
 10
1294.603320743099
 20
-1185.417142702212
 10
1282.143459238823
 20
-1190.335505135579
 10
1284.110824225038
 20
-1191.64704843827
 10
1285.422367527728
 20
-1192.302870121788
 10
1287.389732513941
 20
-1193.614413424484
 10
1276.241464344526
 20
-1197.549093364743
 10
1266.404739477803
 20
-1203.451138291211
 10
1253.616967131758
 20
-1203.779049132967
 10
1254.928510434458
 20
-1205.418503277417
 10
1255.584332117975
 20
-1206.402185770519
 10
1256.56796457891
 20
-1207.713729073221
 10
1238.206058148162
 20
-1215.583088953726
 10
1219.188430098236
 20
-1219.517818926151
 10
1199.187069523034
 20
-1224.108270517754
 10
1201.154434509252
 20
-1225.091953010855
 10
1202.793888653703
 20
-1226.075635503968
 10
1205.744886100845
 20
-1227.387178806659
 10
1199.842841174384
 20
-1229.026632951114
 10
1194.924478741021
 20
-1230.993997937323
 10
1189.678255498076
 20
-1232.305541240024
 10
1185.08780390647
 20
-1233.617084542715
 10
1180.825213124461
 20
-1234.27290622623
 10
1176.234711500683
 20
-1235.256538687176
 10
1170.332666574221
 20
-1236.240221180278
 10
1164.430621647753
 20
-1236.568081989866
 10
1158.528626753458
 20
-1237.223903673381
 10
1157.21708345076
 20
-1237.223903673381
 10
1155.905490115892
 20
-1237.879675324733
 10
1154.593946813202
 20
-1238.207586166489
 10
1155.249718464544
 20
-1239.519129469185
 10
1156.233400957655
 20
-1240.502811962286
 10
1157.21708345076
 20
-1242.470176948502
 10
1138.199405368659
 20
-1245.421174395653
 10
1119.181727286566
 20
-1246.404856888759
 10
1099.180416743533
 20
-1247.060628540108
 10
1100.164099236636
 20
-1248.700082684558
 10
1100.819870887986
 20
-1250.011625987259
 10
1102.131414190684
 20
-1251.978990973465
 10
1089.99946352816
 20
-1251.651080131709
 10
1078.851145326575
 20
-1250.995308480362
 10
1067.374966315398
 20
-1250.667447670774
 10
1060.161378086239
 20
-1250.339536829013
 10
1052.947789857075
 20
-1250.011676019425
 10
1045.734151595745
 20
-1250.011676019425
 10
1037.208970031717
 20
-1250.339586861181
 10
1028.683838499863
 20
-1250.995358512533
 10
1020.486567777591
 20
-1251.65113016388
 10
1019.174999458812
 20
-1251.65113016388
 10
1017.863431140033
 20
-1251.65113016388
 10
1015.240319518556
 20
-1251.65113016388
 10
1040.160017511038
 20
-1237.223953705552
 10
1062.128693040278
 20
-1220.501501419265
 10
1084.425279411284
 20
-1204.106959974732
 10
1084.097368569521
 20
-1203.451188323377
 10
1083.769507759936
 20
-1202.79541667203
 10
1083.441596918183
 20
-1202.139594988512
 10
1071.309646255653
 20
-1207.713729073221
 10
1059.833467244476
 20
-1214.927317302379
 10
1048.029377391547
 20
-1221.485133880196
 10
1036.225287538615
 20
-1228.370861299771
 10
1025.077019369193
 20
-1236.240221180278
 10
1013.600840358025
 20
-1243.781720251192
 10
1024.749108527438
 20
-1217.222543098182
 10
1029.995381802559
 20
-1188.368190181536
 10
1038.520563366585
 20
-1159.841648042306
 10
1039.832106669275
 20
-1161.80901302852
 10
1040.48792835279
 20
-1162.792645489457
 10
1042.12738249725
 20
-1165.415782127015
 10
1043.111064990357
 20
-1163.776327982559
 10
1043.766836641706
 20
-1162.792645489457
 10
1044.094747483461
 20
-1161.481102186755
 10
1047.373655772366
 20
-1152.955920622735
 10
1050.652564061271
 20
-1144.430789090875
 10
1053.931472350185
 20
-1136.233518368612
 10
1055.570926494638
 20
-1132.298838428354
 10
1057.210380639088
 20
-1128.692019297689
 10
1058.849834783543
 20
-1124.757339357435
 10
1059.177695593127
 20
-1127.380425962821
 10
1060.817149737588
 20
-1129.019880107273
 10
1062.456603882041
 20
-1130.659334251728
 97
        0
 97
        0
 92
        1
 93
        1
 72
     4
 94
        3
 73
     0
 74
     1
 95
      218
 96
      214
 40
0.0
 40
0.0
 40
0.0
 40
0.0
 40
1.0
 40
1.0
 40
1.0
 40
2.0
 40
2.0
 40
2.0
 40
3.0
 40
3.0
 40
3.0
 40
4.0
 40
4.0
 40
4.0
 40
5.0
 40
5.0
 40
5.0
 40
6.0
 40
6.0
 40
6.0
 40
7.0
 40
7.0
 40
7.0
 40
8.0
 40
8.0
 40
8.0
 40
9.0
 40
9.0
 40
9.0
 40
10.0
 40
10.0
 40
10.0
 40
11.0
 40
11.0
 40
11.0
 40
12.0
 40
12.0
 40
12.0
 40
13.0
 40
13.0
 40
13.0
 40
14.0
 40
14.0
 40
14.0
 40
15.0
 40
15.0
 40
15.0
 40
16.0
 40
16.0
 40
16.0
 40
17.0
 40
17.0
 40
17.0
 40
18.0
 40
18.0
 40
18.0
 40
19.0
 40
19.0
 40
19.0
 40
20.0
 40
20.0
 40
20.0
 40
21.0
 40
21.0
 40
21.0
 40
22.0
 40
22.0
 40
22.0
 40
23.0
 40
23.0
 40
23.0
 40
24.0
 40
24.0
 40
24.0
 40
25.0
 40
25.0
 40
25.0
 40
26.0
 40
26.0
 40
26.0
 40
27.0
 40
27.0
 40
27.0
 40
28.0
 40
28.0
 40
28.0
 40
29.0
 40
29.0
 40
29.0
 40
30.0
 40
30.0
 40
30.0
 40
31.0
 40
31.0
 40
31.0
 40
32.0
 40
32.0
 40
32.0
 40
33.0
 40
33.0
 40
33.0
 40
34.0
 40
34.0
 40
34.0
 40
35.0
 40
35.0
 40
35.0
 40
36.0
 40
36.0
 40
36.0
 40
37.0
 40
37.0
 40
37.0
 40
38.0
 40
38.0
 40
38.0
 40
39.0
 40
39.0
 40
39.0
 40
40.0
 40
40.0
 40
40.0
 40
41.0
 40
41.0
 40
41.0
 40
42.0
 40
42.0
 40
42.0
 40
43.0
 40
43.0
 40
43.0
 40
44.0
 40
44.0
 40
44.0
 40
45.0
 40
45.0
 40
45.0
 40
46.0
 40
46.0
 40
46.0
 40
47.0
 40
47.0
 40
47.0
 40
48.0
 40
48.0
 40
48.0
 40
49.0
 40
49.0
 40
49.0
 40
50.0
 40
50.0
 40
50.0
 40
51.0
 40
51.0
 40
51.0
 40
52.0
 40
52.0
 40
52.0
 40
53.0
 40
53.0
 40
53.0
 40
54.0
 40
54.0
 40
54.0
 40
55.0
 40
55.0
 40
55.0
 40
56.0
 40
56.0
 40
56.0
 40
57.0
 40
57.0
 40
57.0
 40
58.0
 40
58.0
 40
58.0
 40
59.0
 40
59.0
 40
59.0
 40
60.0
 40
60.0
 40
60.0
 40
61.0
 40
61.0
 40
61.0
 40
62.0
 40
62.0
 40
62.0
 40
63.0
 40
63.0
 40
63.0
 40
64.0
 40
64.0
 40
64.0
 40
65.0
 40
65.0
 40
65.0
 40
66.0
 40
66.0
 40
66.0
 40
67.0
 40
67.0
 40
67.0
 40
68.0
 40
68.0
 40
68.0
 40
69.0
 40
69.0
 40
69.0
 40
70.0
 40
70.0
 40
70.0
 40
71.0
 40
71.0
 40
71.0
 40
71.0
 10
1115.246997314147
 20
-1103.116524637777
 10
1114.919086472384
 20
-1103.116524637777
 10
1114.263314821033
 20
-1103.116524637777
 10
1113.935454011447
 20
-1103.116524637777
 10
1113.935454011447
 20
-1095.902936408622
 10
1113.935454011447
 20
-1088.689348179458
 10
1113.935454011447
 20
-1081.14784910854
 10
1113.607543169692
 20
-1081.14784910854
 10
1112.951771518343
 20
-1081.14784910854
 10
1112.623910708749
 20
-1081.14784910854
 10
1112.623910708749
 20
-1084.754668239204
 10
1112.623910708749
 20
-1088.361437337693
 10
1112.623910708749
 20
-1091.968256468364
 10
1112.623910708749
 20
-1099.509755539288
 10
1113.279682360098
 20
-1107.0512546102
 10
1107.377637433639
 20
-1113.281160346258
 10
1103.115046651621
 20
-1117.871611937859
 10
1099.508277553126
 20
-1123.445796054733
 10
1095.573547580698
 20
-1128.364158488101
 10
1091.966728450032
 20
-1133.282520921461
 10
1088.359959351539
 20
-1138.200883354817
 10
1084.425279411284
 20
-1142.791334946423
 10
1084.097368569521
 20
-1142.791334946423
 10
1083.769507759936
 20
-1142.463424104664
 10
1083.441596918183
 20
-1142.463424104664
 10
1083.441596918183
 20
-1136.889290019961
 10
1083.441596918183
 20
-1131.315155935246
 10
1083.441596918183
 20
-1125.413111008784
 10
1083.113686076418
 20
-1125.413111008784
 10
1082.457914425069
 20
-1125.413111008784
 10
1082.130053615481
 20
-1125.413111008784
 10
1082.130053615481
 20
-1131.64301674484
 10
1082.130053615481
 20
-1137.545061671299
 10
1082.130053615481
 20
-1143.775017439531
 10
1082.130053615481
 20
-1145.086560742222
 10
1081.474281964132
 20
-1146.726014886672
 10
1080.490599471032
 20
-1148.037608221539
 10
1074.916465386323
 20
-1155.906968102052
 10
1069.014420459855
 20
-1163.776378014731
 10
1063.11237553339
 20
-1171.317877085648
 10
1062.784464691631
 20
-1171.973648737003
 10
1061.800832230694
 20
-1172.301559578751
 10
1060.817149737588
 20
-1173.285242071863
 10
1060.489238895827
 20
-1169.678422941199
 10
1059.833467244476
 20
-1166.727425494057
 10
1059.50560643489
 20
-1163.776428046905
 10
1059.177695593127
 20
-1163.776428046905
 10
1058.521923941789
 20
-1163.776428046905
 10
1058.194063132192
 20
-1163.448517205141
 10
1061.472971421106
 20
-1173.941013723212
 10
1055.898837336392
 20
-1181.482512794135
 10
1049.66888156817
 20
-1188.696101023295
 10
1047.373655772366
 20
-1191.319237660853
 10
1045.734201627911
 20
-1194.270235108004
 10
1043.766836641706
 20
-1197.221282587321
 10
1051.636196522213
 20
-1188.696101023295
 10
1057.538241448676
 20
-1177.875743695637
 10
1070.981785446069
 20
-1176.564150360769
 10
1070.653874604304
 20
-1176.236239519016
 10
1070.326013794718
 20
-1175.580467867667
 10
1070.326013794718
 20
-1175.252607058073
 10
1067.047105505815
 20
-1176.236289551187
 10
1064.096108058664
 20
-1177.219972044288
 10
1059.833517276653
 20
-1178.531515346984
 10
1060.817199769757
 20
-1176.892061202534
 10
1061.145060579343
 20
-1175.908378709421
 10
1061.80088226286
 20
-1175.252607058073
 10
1067.70292718933
 20
-1167.711107987154
 10
1073.604972115792
 20
-1160.169608916236
 10
1079.179106200507
 20
-1152.628159877484
 10
1081.4743319963
 20
-1149.349251588577
 10
1084.425379475622
 20
-1147.709797444122
 10
1088.360059415874
 20
-1146.398254141432
 10
1093.278421849242
 20
-1144.758799996971
 10
1098.196784282598
 20
-1142.791435010766
 10
1102.787235874199
 20
-1141.151980866311
 10
1102.787235874199
 20
-1140.824070024551
 10
1102.45932503244
 20
-1140.496209214964
 10
1102.45932503244
 20
-1140.168298373199
 10
1096.885190947733
 20
-1141.807752517654
 10
1091.638917672621
 20
-1143.447206662115
 10
1085.081101094798
 20
-1145.414571648318
 10
1086.064783587906
 20
-1143.447206662115
 10
1086.3926443975
 20
-1142.791435010766
 10
1087.048466081016
 20
-1142.135663359419
 10
1092.950511007477
 20
-1134.594164288494
 10
1098.524645092186
 20
-1126.724804407982
 10
1104.426690018654
 20
-1119.511216178824
 10
1106.066144163105
 20
-1117.21599038302
 10
1109.017141610258
 20
-1115.904397048158
 10
1111.640278247814
 20
-1114.592853745467
 10
1116.886551522934
 20
-1112.625488759251
 10
1122.460685607643
 20
-1110.986034614796
 10
1127.706908850596
 20
-1109.018719660753
 10
1127.706908850596
 20
-1108.690808818999
 10
1127.378998008833
 20
-1108.36294800941
 10
1127.378998008833
 20
-1108.035037167645
 10
1121.804863924124
 20
-1109.6744913121
 10
1116.230729839417
 20
-1111.313945456552
 10
1110.328684912956
 20
-1112.953399601007
 10
1110.328684912956
 20
-1111.313945456552
 10
1110.656595754712
 20
-1110.658173805214
 10
1111.312367406059
 20
-1110.002402153867
 10
1120.821181431022
 20
-1097.542540649581
 10
1130.002134646396
 20
-1085.082679145296
 10
1139.510998703525
 20
-1072.950728482776
 10
1141.15045284798
 20
-1070.655502686972
 10
1144.101450295131
 20
-1069.671820193869
 10
1146.724586932694
 20
-1068.360276891173
 10
1149.019812728486
 20
-1067.376594398067
 10
1151.31503852429
 20
-1066.720822746718
 10
1153.610314352267
 20
-1066.065051095376
 10
1153.610314352267
 20
-1065.737140253616
 10
1153.282403510504
 20
-1065.409279444022
 10
1153.282403510504
 20
-1065.081368602268
 10
1150.659266872946
 20
-1065.737140253616
 10
1148.036130235385
 20
-1066.065051095376
 10
1145.085132788245
 20
-1066.720822746718
 10
1147.380358584034
 20
-1062.130346139034
 10
1150.003495221599
 20
-1058.523552024451
 10
1152.626631859157
 20
-1055.244643735547
 10
1158.528676785625
 20
-1047.703144664622
 10
1164.758582521683
 20
-1040.489556435463
 10
1170.004855796804
 20
-1032.620171538867
 10
1173.611674927468
 20
-1027.046037454158
 10
1177.87421567731
 20
-1023.767129165253
 10
1183.776260603774
 20
-1022.1276750208
 10
1186.727258050925
 20
-1021.143992527695
 10
1189.350394688488
 20
-1019.832449224999
 10
1191.973531326046
 20
-1018.520880906219
 10
1191.973531326046
 20
-1018.192995080544
 10
1191.64562048428
 20
-1018.192995080544
 10
1191.64562048428
 20
-1017.865109254873
 10
1187.383029702272
 20
-1019.504563399325
 10
1183.120438920254
 20
-1020.816131718102
 10
1178.202076486898
 20
-1022.455585862557
 10
1178.529987328659
 20
-1021.471903369449
 10
1178.529987328659
 20
-1020.816131718102
 10
1178.857848138246
 20
-1020.488245892431
 10
1182.464667268916
 20
-1015.89776928474
 10
1185.743575557819
 20
-1010.97940685138
 10
1189.350344656312
 20
-1006.388930243691
 10
1197.219704536819
 20
-996.8800912026454
 10
1202.465977811939
 20
-985.0760263657958
 10
1214.92583931622
 20
-980.1576639324358
 10
1214.92583931622
 20
-980.1576639324358
 10
1214.92583931622
 20
-979.8297781067631
 10
1215.253750157983
 20
-979.1739814393277
 10
1212.95852436218
 20
-980.1576639324358
 10
1210.663298566382
 20
-980.8134355837828
 10
1208.695933580164
 20
-981.7971180768909
 10
1208.695933580164
 20
-981.4692322512146
 10
1208.368022738414
 20
-981.4692322512146
 10
1208.368022738414
 20
-981.141346425542
 10
1220.172112591339
 20
-965.0746908066812
 10
1232.304063253867
 20
-949.0080351878169
 10
1244.10810307463
 20
-933.2692904107134
 10
1243.780192232869
 20
-932.9414045850408
 10
1243.452331423283
 20
-932.9414045850408
 10
1243.124420581518
 20
-932.6135187593663
 10
1239.517601450862
 20
-937.2039953670537
 10
1235.910832352358
 20
-941.7944719747411
 10
1231.976152412106
 20
-946.7128344080993
 10
1231.320380760764
 20
-945.0733802636478
 10
1230.992469919003
 20
-944.4176086123007
 10
1230.664609109415
 20
-943.4339261191944
 10
1230.008837458066
 20
-949.3359710456607
 10
1226.729929169162
 20
-953.9264226372634
 10
1223.451020880246
 20
-958.1890134192763
 10
1217.87688679554
 20
-965.4026016484404
 10
1212.302752710832
 20
-972.6162148936819
 10
1206.728568593957
 20
-980.1576889485223
 10
1203.777571146806
 20
-984.092368888776
 10
1200.498662857901
 20
-987.0433913520101
 10
1197.547615378582
 20
-991.3059821340212
 10
1190.661887959013
 20
-1002.126389493849
 10
1182.464617236736
 20
-1011.963114360571
 10
1174.595257356228
 20
-1022.127725052969
 10
1173.611574863125
 20
-1023.439293371748
 10
1172.300031560428
 20
-1024.422950848773
 10
1170.660577415974
 20
-1026.390315834982
 10
1171.316349067323
 20
-1020.488270908516
 10
1171.644259909077
 20
-1015.89781931691
 10
1172.300031560428
 20
-1011.307342709222
 10
1171.97212071867
 20
-1011.307342709222
 10
1171.316349067323
 20
-1011.307342709222
 10
1170.988488257739
 20
-1011.307342709222
 10
1170.988488257739
 20
-1013.602568505026
 10
1170.988488257739
 20
-1015.89781931691
 10
1170.660577415974
 20
-1018.193045112715
 10
1169.676894922872
 20
-1024.422975864856
 10
1169.021123271523
 20
-1030.98079244267
 10
1164.102760838163
 20
-1036.227040701704
 10
1160.823852549258
 20
-1039.833834816287
 10
1157.872855102107
 20
-1044.096425598294
 10
1154.92180762279
 20
-1048.031105538554
 10
1151.314988492122
 20
-1052.621582146237
 10
1147.708219393629
 20
-1057.212058753927
 10
1144.10140026296
 20
-1062.130421187288
 10
1143.773489421201
 20
-1062.130421187288
 10
1143.445628611611
 20
-1061.802535361612
 10
1143.117717769857
 20
-1061.802535361612
 10
1143.117717769857
 20
-1058.195741247029
 10
1143.117717769857
 20
-1054.588947132452
 10
1143.117717769857
 20
-1050.982128001788
 10
1142.134035276744
 20
-1053.933150465022
 10
1142.134035276744
 20
-1057.212058753927
 10
1141.478263625397
 20
-1060.163081217161
 10
1141.150352783643
 20
-1062.786217854718
 10
1140.822491974053
 20
-1066.065101127542
 10
1139.183037829596
 20
-1068.360376955516
 10
1132.625221251785
 20
-1080.49202742502
 10
1123.772178878173
 20
-1091.640345626598
 10
1115.246997314147
 20
-1103.116524637777
 97
        0
 97
        0
 92
        1
 93
        1
 72
     4
 94
        3
 73
     0
 74
     1
 95
      119
 96
      115
 40
0.0
 40
0.0
 40
0.0
 40
0.0
 40
1.0
 40
1.0
 40
1.0
 40
2.0
 40
2.0
 40
2.0
 40
3.0
 40
3.0
 40
3.0
 40
4.0
 40
4.0
 40
4.0
 40
5.0
 40
5.0
 40
5.0
 40
6.0
 40
6.0
 40
6.0
 40
7.0
 40
7.0
 40
7.0
 40
8.0
 40
8.0
 40
8.0
 40
9.0
 40
9.0
 40
9.0
 40
10.0
 40
10.0
 40
10.0
 40
11.0
 40
11.0
 40
11.0
 40
12.0
 40
12.0
 40
12.0
 40
13.0
 40
13.0
 40
13.0
 40
14.0
 40
14.0
 40
14.0
 40
15.0
 40
15.0
 40
15.0
 40
16.0
 40
16.0
 40
16.0
 40
17.0
 40
17.0
 40
17.0
 40
18.0
 40
18.0
 40
18.0
 40
19.0
 40
19.0
 40
19.0
 40
20.0
 40
20.0
 40
20.0
 40
21.0
 40
21.0
 40
21.0
 40
22.0
 40
22.0
 40
22.0
 40
23.0
 40
23.0
 40
23.0
 40
24.0
 40
24.0
 40
24.0
 40
25.0
 40
25.0
 40
25.0
 40
26.0
 40
26.0
 40
26.0
 40
27.0
 40
27.0
 40
27.0
 40
28.0
 40
28.0
 40
28.0
 40
29.0
 40
29.0
 40
29.0
 40
30.0
 40
30.0
 40
30.0
 40
31.0
 40
31.0
 40
31.0
 40
32.0
 40
32.0
 40
32.0
 40
33.0
 40
33.0
 40
33.0
 40
34.0
 40
34.0
 40
34.0
 40
35.0
 40
35.0
 40
35.0
 40
36.0
 40
36.0
 40
36.0
 40
37.0
 40
37.0
 40
37.0
 40
38.0
 40
38.0
 40
38.0
 40
38.0
 10
1321.162447863946
 20
-1151.972238129627
 10
1321.162447863946
 20
-1151.644327287868
 10
1320.834537022192
 20
-1151.31646647828
 10
1320.834537022192
 20
-1150.988555636524
 10
1291.65227326378
 20
-1159.185826358791
 10
1263.125731124554
 20
-1169.678322876862
 10
1234.271378207908
 20
-1178.531365250476
 10
1234.271378207908
 20
-1178.203454408722
 10
1233.943467366153
 20
-1177.875593599123
 10
1233.943467366153
 20
-1177.547682757369
 10
1234.271378207908
 20
-1176.89191110602
 10
1234.927149859257
 20
-1176.236139454673
 10
1235.25501066884
 20
-1175.580317771159
 10
1231.648191538183
 20
-1177.547682757369
 10
1228.041422439683
 20
-1180.17076936276
 10
1223.778831657664
 20
-1181.810223507211
 10
1211.646880995148
 20
-1186.072814289219
 10
1199.514930332622
 20
-1190.007494229481
 10
1187.382929637926
 20
-1193.942174169735
 10
1185.415564651721
 20
-1194.597945821079
 10
1183.448249697671
 20
-1194.925856662843
 10
1181.480884711467
 20
-1195.581628314187
 10
1181.480884711467
 20
-1195.253717472428
 10
1181.152973869703
 20
-1194.925856662843
 10
1181.152973869703
 20
-1194.597945821079
 10
1183.120338855917
 20
-1192.302720025285
 10
1185.087653809956
 20
-1189.679583387719
 10
1187.382879605759
 20
-1187.38435759192
 10
1185.087653809956
 20
-1189.02381173637
 10
1183.120288823751
 20
-1191.319037532174
 10
1180.825063027947
 20
-1193.286402518388
 10
1178.201926390386
 20
-1195.253767504597
 10
1175.578789752828
 20
-1197.548993300396
 10
1172.627792305679
 20
-1198.860536603092
 10
1163.446839090302
 20
-1202.139444891996
 10
1154.265885874927
 20
-1205.090442339153
 10
1145.084982691729
 20
-1208.041489818472
 10
1143.77343938903
 20
-1208.369400660225
 10
1142.133985244578
 20
-1208.041489818472
 10
1140.494531100123
 20
-1207.713578976707
 10
1138.855076955673
 20
-1208.697261469819
 10
1136.559851159869
 20
-1210.664576423858
 10
1133.936714522308
 20
-1211.648258916961
 10
1125.083672148692
 20
-1214.927167205875
 10
1116.230629775084
 20
-1217.550303843433
 10
1107.377537369292
 20
-1220.501301290584
 10
1105.738083224842
 20
-1220.829212132339
 10
1104.098629080387
 20
-1220.829212132339
 10
1101.803403284588
 20
-1220.829212132339
 10
1098.852405837435
 20
-1223.452348769903
 10
1076.55581946643
 20
-1231.977480301763
 10
1072.621139526176
 20
-1231.321708650408
 10
1073.276911177523
 20
-1230.338026157297
 10
1073.932682828876
 20
-1229.354343664194
 10
1074.588504512391
 20
-1228.370711203257
 10
1070.325913730383
 20
-1234.600616939315
 10
1063.112325501213
 20
-1235.584299432423
 10
1055.57082643029
 20
-1238.207436069984
 10
1059.505506370548
 20
-1239.191118563087
 10
1062.128643008113
 20
-1239.518979372671
 10
1064.751779645669
 20
-1240.17480105619
 10
1064.751779645669
 20
-1239.846890214436
 10
1064.751779645669
 20
-1239.846890214436
 10
1065.07969048743
 20
-1239.519029404848
 10
1064.096007994327
 20
-1239.191118563087
 10
1062.784464691631
 20
-1238.53534691174
 10
1061.472871356764
 20
-1238.20748610215
 10
1061.800782198523
 20
-1237.879575260387
 10
1061.800782198523
 20
-1237.551714450803
 10
1062.128643008113
 20
-1237.223803609049
 10
1072.293278716588
 20
-1233.944895320134
 10
1082.785775234663
 20
-1230.665987031232
 10
1092.950360910974
 20
-1227.387078742328
 10
1096.229269199879
 20
-1226.403396249219
 10
1099.180266647021
 20
-1225.091852946523
 10
1102.459174935935
 20
-1227.059167900572
 10
1102.787085777691
 20
-1227.387078742328
 10
1103.770718238628
 20
-1227.059167900572
 10
1105.410172383086
 20
-1226.731257058807
 10
1103.770718238628
 20
-1226.07548540746
 10
1102.787035745525
 20
-1225.419713756106
 10
1101.475492442823
 20
-1225.091802914352
 10
1102.131264094172
 20
-1224.763892072593
 10
1102.131264094172
 20
-1224.436031263005
 10
1102.459174935935
 20
-1224.108120421244
 10
1112.295899802653
 20
-1220.829212132339
 10
1121.80471382762
 20
-1217.550303843433
 10
1131.641438694338
 20
-1214.927167205875
 10
1139.182937765261
 20
-1212.959802219661
 10
1145.740754343071
 20
-1208.369350628054
 10
1153.938025065341
 20
-1209.353033121162
 10
1154.265935907104
 20
-1209.353033121162
 10
1154.921707558444
 20
-1208.697261469819
 10
1155.249568368041
 20
-1208.369350628054
 10
1156.233250861143
 20
-1207.713578976707
 10
1156.889022512491
 20
-1206.729896483605
 10
1157.872705005599
 20
-1206.401985641845
 10
1174.267246450132
 20
-1200.827851557136
 10
1190.98969873643
 20
-1195.909489123775
 10
1207.384240180963
 20
-1190.007444197307
 10
1219.516190843489
 20
-1185.744853415297
 10
1232.303963189523
 20
-1182.793855968146
 10
1244.108003010289
 20
-1177.875493534786
 10
1250.665819588105
 20
-1175.252356897223
 10
1257.551547007679
 20
-1173.285041943185
 10
1264.437224395075
 20
-1171.317676956969
 10
1269.027675986679
 20
-1170.006133654279
 10
1273.946038420047
 20
-1169.02245116117
 10
1278.864400853403
 20
-1167.382997016715
 10
1283.454852445007
 20
-1165.743542872266
 10
1287.717443227024
 20
-1163.448317076462
 10
1291.980034009031
 20
-1161.808862932006
 10
1301.488998130508
 20
-1158.530054707438
 10
1311.32572299723
 20
-1155.251146418534
 10
1321.162447863946
 20
-1151.972238129627
 97
        0
 97
        0
 92
        1
 93
        1
 72
     4
 94
        3
 73
     0
 74
     1
 95
       14
 96
       10
 40
0.0
 40
0.0
 40
0.0
 40
0.0
 40
1.0
 40
1.0
 40
1.0
 40
2.0
 40
2.0
 40
2.0
 40
3.0
 40
3.0
 40
3.0
 40
3.0
 10
1039.832106669275
 20
-1209.681044027258
 10
1038.520563366585
 20
-1207.385818231465
 10
1037.536880873473
 20
-1205.418453245251
 10
1036.225287538615
 20
-1202.795316607688
 10
1036.225287538615
 20
-1205.418453245251
 10
1035.897376696852
 20
-1207.385768199289
 10
1035.897376696852
 20
-1210.008904836852
 10
1037.864791715238
 20
-1210.008904836852
 10
1038.848474208338
 20
-1209.681044027258
 10
1039.832106669275
 20
-1209.681044027258
 97
        0
 97
        0
 75
     2
 76
     1
 98
        0
  0
SPLINE
  5
4E
330
41
100
AcDbEntity
  8
katman 1
370
     0
100
AcDbSpline
210
0.0
220
0.0
230
1.0
 70
    11
 71
     3
 72
  1373
 73
  1369
 74
     0
 42
0.0000000001
 43
0.0000000001
 12
1.0
 22
0.0
 32
0.0
 13
1.0
 23
0.0
 33
0.0
 40
0.0
 40
0.0
 40
0.0
 40
0.0
 40
1.0
 40
1.0
 40
1.0
 40
2.0
 40
2.0
 40
2.0
 40
3.0
 40
3.0
 40
3.0
 40
4.0
 40
4.0
 40
4.0
 40
5.0
 40
5.0
 40
5.0
 40
6.0
 40
6.0
 40
6.0
 40
7.0
 40
7.0
 40
7.0
 40
8.0
 40
8.0
 40
8.0
 40
9.0
 40
9.0
 40
9.0
 40
10.0
 40
10.0
 40
10.0
 40
11.0
 40
11.0
 40
11.0
 40
12.0
 40
12.0
 40
12.0
 40
13.0
 40
13.0
 40
13.0
 40
14.0
 40
14.0
 40
14.0
 40
15.0
 40
15.0
 40
15.0
 40
16.0
 40
16.0
 40
16.0
 40
17.0
 40
17.0
 40
17.0
 40
18.0
 40
18.0
 40
18.0
 40
19.0
 40
19.0
 40
19.0
 40
20.0
 40
20.0
 40
20.0
 40
21.0
 40
21.0
 40
21.0
 40
22.0
 40
22.0
 40
22.0
 40
23.0
 40
23.0
 40
23.0
 40
24.0
 40
24.0
 40
24.0
 40
25.0
 40
25.0
 40
25.0
 40
26.0
 40
26.0
 40
26.0
 40
27.0
 40
27.0
 40
27.0
 40
28.0
 40
28.0
 40
28.0
 40
29.0
 40
29.0
 40
29.0
 40
30.0
 40
30.0
 40
30.0
 40
31.0
 40
31.0
 40
31.0
 40
32.0
 40
32.0
 40
32.0
 40
33.0
 40
33.0
 40
33.0
 40
34.0
 40
34.0
 40
34.0
 40
35.0
 40
35.0
 40
35.0
 40
36.0
 40
36.0
 40
36.0
 40
37.0
 40
37.0
 40
37.0
 40
38.0
 40
38.0
 40
38.0
 40
39.0
 40
39.0
 40
39.0
 40
40.0
 40
40.0
 40
40.0
 40
41.0
 40
41.0
 40
41.0
 40
42.0
 40
42.0
 40
42.0
 40
43.0
 40
43.0
 40
43.0
 40
44.0
 40
44.0
 40
44.0
 40
45.0
 40
45.0
 40
45.0
 40
46.0
 40
46.0
 40
46.0
 40
47.0
 40
47.0
 40
47.0
 40
48.0
 40
48.0
 40
48.0
 40
49.0
 40
49.0
 40
49.0
 40
50.0
 40
50.0
 40
50.0
 40
51.0
 40
51.0
 40
51.0
 40
52.0
 40
52.0
 40
52.0
 40
53.0
 40
53.0
 40
53.0
 40
54.0
 40
54.0
 40
54.0
 40
55.0
 40
55.0
 40
55.0
 40
56.0
 40
56.0
 40
56.0
 40
57.0
 40
57.0
 40
57.0
 40
58.0
 40
58.0
 40
58.0
 40
59.0
 40
59.0
 40
59.0
 40
60.0
 40
60.0
 40
60.0
 40
61.0
 40
61.0
 40
61.0
 40
62.0
 40
62.0
 40
62.0
 40
63.0
 40
63.0
 40
63.0
 40
64.0
 40
64.0
 40
64.0
 40
65.0
 40
65.0
 40
65.0
 40
66.0
 40
66.0
 40
66.0
 40
67.0
 40
67.0
 40
67.0
 40
68.0
 40
68.0
 40
68.0
 40
69.0
 40
69.0
 40
69.0
 40
70.0
 40
70.0
 40
70.0
 40
71.0
 40
71.0
 40
71.0
 40
72.0
 40
72.0
 40
72.0
 40
73.0
 40
73.0
 40
73.0
 40
74.0
 40
74.0
 40
74.0
 40
75.0
 40
75.0
 40
75.0
 40
76.0
 40
76.0
 40
76.0
 40
77.0
 40
77.0
 40
77.0
 40
78.0
 40
78.0
 40
78.0
 40
79.0
 40
79.0
 40
79.0
 40
80.0
 40
80.0
 40
80.0
 40
81.0
 40
81.0
 40
81.0
 40
82.0
 40
82.0
 40
82.0
 40
83.0
 40
83.0
 40
83.0
 40
84.0
 40
84.0
 40
84.0
 40
85.0
 40
85.0
 40
85.0
 40
86.0
 40
86.0
 40
86.0
 40
87.0
 40
87.0
 40
87.0
 40
88.0
 40
88.0
 40
88.0
 40
89.0
 40
89.0
 40
89.0
 40
90.0
 40
90.0
 40
90.0
 40
91.0
 40
91.0
 40
91.0
 40
92.0
 40
92.0
 40
92.0
 40
93.0
 40
93.0
 40
93.0
 40
94.0
 40
94.0
 40
94.0
 40
95.0
 40
95.0
 40
95.0
 40
96.0
 40
96.0
 40
96.0
 40
97.0
 40
97.0
 40
97.0
 40
98.0
 40
98.0
 40
98.0
 40
99.0
 40
99.0
 40
99.0
 40
100.0
 40
100.0
 40
100.0
 40
101.0
 40
101.0
 40
101.0
 40
102.0
 40
102.0
 40
102.0
 40
103.0
 40
103.0
 40
103.0
 40
104.0
 40
104.0
 40
104.0
 40
105.0
 40
105.0
 40
105.0
 40
106.0
 40
106.0
 40
106.0
 40
107.0
 40
107.0
 40
107.0
 40
108.0
 40
108.0
 40
108.0
 40
109.0
 40
109.0
 40
109.0
 40
110.0
 40
110.0
 40
110.0
 40
111.0
 40
111.0
 40
111.0
 40
112.0
 40
112.0
 40
112.0
 40
113.0
 40
113.0
 40
113.0
 40
114.0
 40
114.0
 40
114.0
 40
115.0
 40
115.0
 40
115.0
 40
116.0
 40
116.0
 40
116.0
 40
117.0
 40
117.0
 40
117.0
 40
118.0
 40
118.0
 40
118.0
 40
119.0
 40
119.0
 40
119.0
 40
120.0
 40
120.0
 40
120.0
 40
121.0
 40
121.0
 40
121.0
 40
122.0
 40
122.0
 40
122.0
 40
123.0
 40
123.0
 40
123.0
 40
124.0
 40
124.0
 40
124.0
 40
125.0
 40
125.0
 40
125.0
 40
126.0
 40
126.0
 40
126.0
 40
127.0
 40
127.0
 40
127.0
 40
128.0
 40
128.0
 40
128.0
 40
129.0
 40
129.0
 40
129.0
 40
130.0
 40
130.0
 40
130.0
 40
131.0
 40
131.0
 40
131.0
 40
132.0
 40
132.0
 40
132.0
 40
133.0
 40
133.0
 40
133.0
 40
134.0
 40
134.0
 40
134.0
 40
135.0
 40
135.0
 40
135.0
 40
136.0
 40
136.0
 40
136.0
 40
137.0
 40
137.0
 40
137.0
 40
138.0
 40
138.0
 40
138.0
 40
139.0
 40
139.0
 40
139.0
 40
140.0
 40
140.0
 40
140.0
 40
141.0
 40
141.0
 40
141.0
 40
142.0
 40
142.0
 40
142.0
 40
143.0
 40
143.0
 40
143.0
 40
144.0
 40
144.0
 40
144.0
 40
145.0
 40
145.0
 40
145.0
 40
146.0
 40
146.0
 40
146.0
 40
147.0
 40
147.0
 40
147.0
 40
148.0
 40
148.0
 40
148.0
 40
149.0
 40
149.0
 40
149.0
 40
150.0
 40
150.0
 40
150.0
 40
151.0
 40
151.0
 40
151.0
 40
152.0
 40
152.0
 40
152.0
 40
153.0
 40
153.0
 40
153.0
 40
154.0
 40
154.0
 40
154.0
 40
155.0
 40
155.0
 40
155.0
 40
156.0
 40
156.0
 40
156.0
 40
157.0
 40
157.0
 40
157.0
 40
158.0
 40
158.0
 40
158.0
 40
159.0
 40
159.0
 40
159.0
 40
160.0
 40
160.0
 40
160.0
 40
161.0
 40
161.0
 40
161.0
 40
162.0
 40
162.0
 40
162.0
 40
163.0
 40
163.0
 40
163.0
 40
164.0
 40
164.0
 40
164.0
 40
165.0
 40
165.0
 40
165.0
 40
166.0
 40
166.0
 40
166.0
 40
167.0
 40
167.0
 40
167.0
 40
168.0
 40
168.0
 40
168.0
 40
169.0
 40
169.0
 40
169.0
 40
170.0
 40
170.0
 40
170.0
 40
171.0
 40
171.0
 40
171.0
 40
172.0
 40
172.0
 40
172.0
 40
173.0
 40
173.0
 40
173.0
 40
174.0
 40
174.0
 40
174.0
 40
175.0
 40
175.0
 40
175.0
 40
176.0
 40
176.0
 40
176.0
 40
177.0
 40
177.0
 40
177.0
 40
178.0
 40
178.0
 40
178.0
 40
179.0
 40
179.0
 40
179.0
 40
180.0
 40
180.0
 40
180.0
 40
181.0
 40
181.0
 40
181.0
 40
182.0
 40
182.0
 40
182.0
 40
183.0
 40
183.0
 40
183.0
 40
184.0
 40
184.0
 40
184.0
 40
185.0
 40
185.0
 40
185.0
 40
186.0
 40
186.0
 40
186.0
 40
187.0
 40
187.0
 40
187.0
 40
188.0
 40
188.0
 40
188.0
 40
189.0
 40
189.0
 40
189.0
 40
190.0
 40
190.0
 40
190.0
 40
191.0
 40
191.0
 40
191.0
 40
192.0
 40
192.0
 40
192.0
 40
193.0
 40
193.0
 40
193.0
 40
194.0
 40
194.0
 40
194.0
 40
195.0
 40
195.0
 40
195.0
 40
196.0
 40
196.0
 40
196.0
 40
197.0
 40
197.0
 40
197.0
 40
198.0
 40
198.0
 40
198.0
 40
199.0
 40
199.0
 40
199.0
 40
200.0
 40
200.0
 40
200.0
 40
201.0
 40
201.0
 40
201.0
 40
202.0
 40
202.0
 40
202.0
 40
203.0
 40
203.0
 40
203.0
 40
204.0
 40
204.0
 40
204.0
 40
205.0
 40
205.0
 40
205.0
 40
206.0
 40
206.0
 40
206.0
 40
207.0
 40
207.0
 40
207.0
 40
208.0
 40
208.0
 40
208.0
 40
209.0
 40
209.0
 40
209.0
 40
210.0
 40
210.0
 40
210.0
 40
211.0
 40
211.0
 40
211.0
 40
212.0
 40
212.0
 40
212.0
 40
213.0
 40
213.0
 40
213.0
 40
214.0
 40
214.0
 40
214.0
 40
215.0
 40
215.0
 40
215.0
 40
216.0
 40
216.0
 40
216.0
 40
217.0
 40
217.0
 40
217.0
 40
218.0
 40
218.0
 40
218.0
 40
219.0
 40
219.0
 40
219.0
 40
220.0
 40
220.0
 40
220.0
 40
221.0
 40
221.0
 40
221.0
 40
222.0
 40
222.0
 40
222.0
 40
223.0
 40
223.0
 40
223.0
 40
224.0
 40
224.0
 40
224.0
 40
225.0
 40
225.0
 40
225.0
 40
226.0
 40
226.0
 40
226.0
 40
227.0
 40
227.0
 40
227.0
 40
228.0
 40
228.0
 40
228.0
 40
229.0
 40
229.0
 40
229.0
 40
230.0
 40
230.0
 40
230.0
 40
231.0
 40
231.0
 40
231.0
 40
232.0
 40
232.0
 40
232.0
 40
233.0
 40
233.0
 40
233.0
 40
234.0
 40
234.0
 40
234.0
 40
235.0
 40
235.0
 40
235.0
 40
236.0
 40
236.0
 40
236.0
 40
237.0
 40
237.0
 40
237.0
 40
238.0
 40
238.0
 40
238.0
 40
239.0
 40
239.0
 40
239.0
 40
240.0
 40
240.0
 40
240.0
 40
241.0
 40
241.0
 40
241.0
 40
242.0
 40
242.0
 40
242.0
 40
243.0
 40
243.0
 40
243.0
 40
244.0
 40
244.0
 40
244.0
 40
245.0
 40
245.0
 40
245.0
 40
246.0
 40
246.0
 40
246.0
 40
247.0
 40
247.0
 40
247.0
 40
248.0
 40
248.0
 40
248.0
 40
249.0
 40
249.0
 40
249.0
 40
250.0
 40
250.0
 40
250.0
 40
251.0
 40
251.0
 40
251.0
 40
252.0
 40
252.0
 40
252.0
 40
253.0
 40
253.0
 40
253.0
 40
254.0
 40
254.0
 40
254.0
 40
255.0
 40
255.0
 40
255.0
 40
256.0
 40
256.0
 40
256.0
 40
257.0
 40
257.0
 40
257.0
 40
258.0
 40
258.0
 40
258.0
 40
259.0
 40
259.0
 40
259.0
 40
260.0
 40
260.0
 40
260.0
 40
261.0
 40
261.0
 40
261.0
 40
262.0
 40
262.0
 40
262.0
 40
263.0
 40
263.0
 40
263.0
 40
264.0
 40
264.0
 40
264.0
 40
265.0
 40
265.0
 40
265.0
 40
266.0
 40
266.0
 40
266.0
 40
267.0
 40
267.0
 40
267.0
 40
268.0
 40
268.0
 40
268.0
 40
269.0
 40
269.0
 40
269.0
 40
270.0
 40
270.0
 40
270.0
 40
271.0
 40
271.0
 40
271.0
 40
272.0
 40
272.0
 40
272.0
 40
273.0
 40
273.0
 40
273.0
 40
274.0
 40
274.0
 40
274.0
 40
275.0
 40
275.0
 40
275.0
 40
276.0
 40
276.0
 40
276.0
 40
277.0
 40
277.0
 40
277.0
 40
278.0
 40
278.0
 40
278.0
 40
279.0
 40
279.0
 40
279.0
 40
280.0
 40
280.0
 40
280.0
 40
281.0
 40
281.0
 40
281.0
 40
282.0
 40
282.0
 40
282.0
 40
283.0
 40
283.0
 40
283.0
 40
284.0
 40
284.0
 40
284.0
 40
285.0
 40
285.0
 40
285.0
 40
286.0
 40
286.0
 40
286.0
 40
287.0
 40
287.0
 40
287.0
 40
288.0
 40
288.0
 40
288.0
 40
289.0
 40
289.0
 40
289.0
 40
290.0
 40
290.0
 40
290.0
 40
291.0
 40
291.0
 40
291.0
 40
292.0
 40
292.0
 40
292.0
 40
293.0
 40
293.0
 40
293.0
 40
294.0
 40
294.0
 40
294.0
 40
295.0
 40
295.0
 40
295.0
 40
296.0
 40
296.0
 40
296.0
 40
297.0
 40
297.0
 40
297.0
 40
298.0
 40
298.0
 40
298.0
 40
299.0
 40
299.0
 40
299.0
 40
300.0
 40
300.0
 40
300.0
 40
301.0
 40
301.0
 40
301.0
 40
302.0
 40
302.0
 40
302.0
 40
303.0
 40
303.0
 40
303.0
 40
304.0
 40
304.0
 40
304.0
 40
305.0
 40
305.0
 40
305.0
 40
306.0
 40
306.0
 40
306.0
 40
307.0
 40
307.0
 40
307.0
 40
308.0
 40
308.0
 40
308.0
 40
309.0
 40
309.0
 40
309.0
 40
310.0
 40
310.0
 40
310.0
 40
311.0
 40
311.0
 40
311.0
 40
312.0
 40
312.0
 40
312.0
 40
313.0
 40
313.0
 40
313.0
 40
314.0
 40
314.0
 40
314.0
 40
315.0
 40
315.0
 40
315.0
 40
316.0
 40
316.0
 40
316.0
 40
317.0
 40
317.0
 40
317.0
 40
318.0
 40
318.0
 40
318.0
 40
319.0
 40
319.0
 40
319.0
 40
320.0
 40
320.0
 40
320.0
 40
321.0
 40
321.0
 40
321.0
 40
322.0
 40
322.0
 40
322.0
 40
323.0
 40
323.0
 40
323.0
 40
324.0
 40
324.0
 40
324.0
 40
325.0
 40
325.0
 40
325.0
 40
326.0
 40
326.0
 40
326.0
 40
327.0
 40
327.0
 40
327.0
 40
328.0
 40
328.0
 40
328.0
 40
329.0
 40
329.0
 40
329.0
 40
330.0
 40
330.0
 40
330.0
 40
331.0
 40
331.0
 40
331.0
 40
332.0
 40
332.0
 40
332.0
 40
333.0
 40
333.0
 40
333.0
 40
334.0
 40
334.0
 40
334.0
 40
335.0
 40
335.0
 40
335.0
 40
336.0
 40
336.0
 40
336.0
 40
337.0
 40
337.0
 40
337.0
 40
338.0
 40
338.0
 40
338.0
 40
339.0
 40
339.0
 40
339.0
 40
340.0
 40
340.0
 40
340.0
 40
341.0
 40
341.0
 40
341.0
 40
342.0
 40
342.0
 40
342.0
 40
343.0
 40
343.0
 40
343.0
 40
344.0
 40
344.0
 40
344.0
 40
345.0
 40
345.0
 40
345.0
 40
346.0
 40
346.0
 40
346.0
 40
347.0
 40
347.0
 40
347.0
 40
348.0
 40
348.0
 40
348.0
 40
349.0
 40
349.0
 40
349.0
 40
350.0
 40
350.0
 40
350.0
 40
351.0
 40
351.0
 40
351.0
 40
352.0
 40
352.0
 40
352.0
 40
353.0
 40
353.0
 40
353.0
 40
354.0
 40
354.0
 40
354.0
 40
355.0
 40
355.0
 40
355.0
 40
356.0
 40
356.0
 40
356.0
 40
357.0
 40
357.0
 40
357.0
 40
358.0
 40
358.0
 40
358.0
 40
359.0
 40
359.0
 40
359.0
 40
360.0
 40
360.0
 40
360.0
 40
361.0
 40
361.0
 40
361.0
 40
362.0
 40
362.0
 40
362.0
 40
363.0
 40
363.0
 40
363.0
 40
364.0
 40
364.0
 40
364.0
 40
365.0
 40
365.0
 40
365.0
 40
366.0
 40
366.0
 40
366.0
 40
367.0
 40
367.0
 40
367.0
 40
368.0
 40
368.0
 40
368.0
 40
369.0
 40
369.0
 40
369.0
 40
370.0
 40
370.0
 40
370.0
 40
371.0
 40
371.0
 40
371.0
 40
372.0
 40
372.0
 40
372.0
 40
373.0
 40
373.0
 40
373.0
 40
374.0
 40
374.0
 40
374.0
 40
375.0
 40
375.0
 40
375.0
 40
376.0
 40
376.0
 40
376.0
 40
377.0
 40
377.0
 40
377.0
 40
378.0
 40
378.0
 40
378.0
 40
379.0
 40
379.0
 40
379.0
 40
380.0
 40
380.0
 40
380.0
 40
381.0
 40
381.0
 40
381.0
 40
382.0
 40
382.0
 40
382.0
 40
383.0
 40
383.0
 40
383.0
 40
384.0
 40
384.0
 40
384.0
 40
385.0
 40
385.0
 40
385.0
 40
386.0
 40
386.0
 40
386.0
 40
387.0
 40
387.0
 40
387.0
 40
388.0
 40
388.0
 40
388.0
 40
389.0
 40
389.0
 40
389.0
 40
390.0
 40
390.0
 40
390.0
 40
391.0
 40
391.0
 40
391.0
 40
392.0
 40
392.0
 40
392.0
 40
393.0
 40
393.0
 40
393.0
 40
394.0
 40
394.0
 40
394.0
 40
395.0
 40
395.0
 40
395.0
 40
396.0
 40
396.0
 40
396.0
 40
397.0
 40
397.0
 40
397.0
 40
398.0
 40
398.0
 40
398.0
 40
399.0
 40
399.0
 40
399.0
 40
400.0
 40
400.0
 40
400.0
 40
401.0
 40
401.0
 40
401.0
 40
402.0
 40
402.0
 40
402.0
 40
403.0
 40
403.0
 40
403.0
 40
404.0
 40
404.0
 40
404.0
 40
405.0
 40
405.0
 40
405.0
 40
406.0
 40
406.0
 40
406.0
 40
407.0
 40
407.0
 40
407.0
 40
408.0
 40
408.0
 40
408.0
 40
409.0
 40
409.0
 40
409.0
 40
410.0
 40
410.0
 40
410.0
 40
411.0
 40
411.0
 40
411.0
 40
412.0
 40
412.0
 40
412.0
 40
413.0
 40
413.0
 40
413.0
 40
414.0
 40
414.0
 40
414.0
 40
415.0
 40
415.0
 40
415.0
 40
416.0
 40
416.0
 40
416.0
 40
417.0
 40
417.0
 40
417.0
 40
418.0
 40
418.0
 40
418.0
 40
419.0
 40
419.0
 40
419.0
 40
420.0
 40
420.0
 40
420.0
 40
421.0
 40
421.0
 40
421.0
 40
422.0
 40
422.0
 40
422.0
 40
423.0
 40
423.0
 40
423.0
 40
424.0
 40
424.0
 40
424.0
 40
425.0
 40
425.0
 40
425.0
 40
426.0
 40
426.0
 40
426.0
 40
427.0
 40
427.0
 40
427.0
 40
428.0
 40
428.0
 40
428.0
 40
429.0
 40
429.0
 40
429.0
 40
430.0
 40
430.0
 40
430.0
 40
431.0
 40
431.0
 40
431.0
 40
432.0
 40
432.0
 40
432.0
 40
433.0
 40
433.0
 40
433.0
 40
434.0
 40
434.0
 40
434.0
 40
435.0
 40
435.0
 40
435.0
 40
436.0
 40
436.0
 40
436.0
 40
437.0
 40
437.0
 40
437.0
 40
438.0
 40
438.0
 40
438.0
 40
439.0
 40
439.0
 40
439.0
 40
440.0
 40
440.0
 40
440.0
 40
441.0
 40
441.0
 40
441.0
 40
442.0
 40
442.0
 40
442.0
 40
443.0
 40
443.0
 40
443.0
 40
444.0
 40
444.0
 40
444.0
 40
445.0
 40
445.0
 40
445.0
 40
446.0
 40
446.0
 40
446.0
 40
447.0
 40
447.0
 40
447.0
 40
448.0
 40
448.0
 40
448.0
 40
449.0
 40
449.0
 40
449.0
 40
450.0
 40
450.0
 40
450.0
 40
451.0
 40
451.0
 40
451.0
 40
452.0
 40
452.0
 40
452.0
 40
453.0
 40
453.0
 40
453.0
 40
454.0
 40
454.0
 40
454.0
 40
455.0
 40
455.0
 40
455.0
 40
456.0
 40
456.0
 40
456.0
 40
456.0
 10
853.9180166946726
 20
-1147.381786538026
 30
0.0
 10
852.2785625502202
 20
-1144.102878249119
 30
0.0
 10
848.3438826099655
 20
-1140.168198308866
 30
0.0
 10
848.3438826099655
 20
-1136.233518368612
 30
0.0
 10
848.3438826099655
 20
-1126.724704343651
 30
0.0
 10
840.146611887697
 20
-1124.757339357435
 30
0.0
 10
835.228249454336
 20
-1119.51106608231
 30
0.0
 10
832.2772269911029
 20
-1116.560068635164
 30
0.0
 10
828.9983187021953
 20
-1113.936931997607
 30
0.0
 10
826.3752070807204
 20
-1110.6580237087
 30
0.0
 10
824.4078671105935
 20
-1108.034887071137
 30
0.0
 10
822.7684129661393
 20
-1104.755978782232
 30
0.0
 10
822.4405271404657
 20
-1101.804981335081
 30
0.0
 10
822.112641314794
 20
-1096.886618901719
 30
0.0
 10
819.16161885156
 20
-1093.935621454573
 30
0.0
 10
816.2105963883259
 20
-1090.656713165668
 30
0.0
 10
812.275903940028
 20
-1086.394122383659
 30
0.0
 10
807.6854398403839
 20
-1082.459442443402
 30
0.0
 10
803.7507473920859
 20
-1077.868990851799
 30
0.0
 10
799.1602707844004
 20
-1072.950628418434
 30
0.0
 10
794.8976925104289
 20
-1067.704355143318
 30
0.0
 10
790.9630000621328
 20
-1062.130221058609
 30
0.0
 10
789.3235459176785
 20
-1059.834995262805
 30
0.0
 10
788.6677617582891
 20
-1056.228176132141
 30
0.0
 10
788.3398759326137
 20
-1053.277178684995
 30
0.0
 10
788.3398759326137
 20
-1049.670384570412
 30
0.0
 10
787.0283076138348
 20
-1047.047247932855
 30
0.0
 10
785.060967643707
 20
-1044.42413631138
 30
0.0
 10
779.4868210509558
 20
-1035.243183096003
 30
0.0
 10
773.9126744582054
 20
-1026.062254896715
 30
0.0
 10
768.3385403734965
 20
-1016.88130168134
 30
0.0
 10
768.0106545478238
 20
-1016.225530029993
 30
0.0
 10
767.3548703884344
 20
-1015.569733362556
 30
0.0
 10
767.3548703884344
 20
-1014.586075885538
 30
0.0
 10
767.3548703884344
 20
-1005.405122670163
 30
0.0
 10
760.7970538106192
 20
-999.5031027597834
 30
0.0
 10
756.5344755366477
 20
-992.6174003562901
 30
0.0
 10
751.9439989289613
 20
-985.0759012853705
 30
0.0
 10
747.3535348293162
 20
-977.2065414048611
 30
0.0
 10
748.6650906400555
 20
-967.3698165381411
 30
0.0
 10
748.9929764657281
 20
-965.4024765680151
 30
0.0
 10
746.6977506699259
 20
-962.7793399304519
 30
0.0
 10
745.386182351147
 20
-960.4841141346496
 30
0.0
 10
741.1236040771764
 20
-952.2868434123848
 30
0.0
 10
736.8610258032049
 20
-943.7616868644418
 30
0.0
 10
732.598435021192
 20
-935.5644161421751
 30
0.0
 10
731.9426508618026
 20
-933.9249619977218
 30
0.0
 10
731.614765036129
 20
-931.6297362019195
 30
0.0
 10
732.2705491955194
 20
-930.3181678831388
 30
0.0
 10
733.5821175142983
 20
-926.383487942885
 30
0.0
 10
731.2868792104546
 20
-924.0882371309981
 30
0.0
 10
729.3195267322853
 20
-921.1372146677659
 30
0.0
 10
722.4338243287975
 20
-910.9726039753714
 30
0.0
 10
715.2202235915929
 20
-901.1358791086495
 30
0.0
 10
708.9902928394513
 20
-890.3154717488214
 30
0.0
 10
704.0719304060904
 20
-882.1182010265547
 30
0.0
 10
706.6950545356094
 20
-870.9699078410522
 30
0.0
 10
713.5807694471387
 20
-866.707342075124
 30
0.0
 10
719.154916039889
 20
-862.7726621348684
 30
0.0
 10
725.7127326177042
 20
-862.4447512931092
 30
0.0
 10
731.614765036129
 20
-865.7236595820159
 30
0.0
 10
741.1236040771764
 20
-870.9699078410522
 30
0.0
 10
750.3045447845079
 20
-876.8719527675185
 30
0.0
 10
759.4854854918394
 20
-882.7739726779
 30
0.0
 10
762.7643937807479
 20
-884.7413126480278
 30
0.0
 10
765.3875179102643
 20
-887.6923351112619
 30
0.0
 10
768.3385403734965
 20
-889.9875609070623
 30
0.0
 10
770.633778677342
 20
-891.6270150515156
 30
0.0
 10
772.9290169811838
 20
-892.9385833702963
 30
0.0
 10
776.535811095765
 20
-892.2827867028627
 30
0.0
 10
782.4378435141907
 20
-891.2991042097583
 30
0.0
 10
787.6841042812666
 20
-893.9222408473179
 30
0.0
 10
791.9466825552372
 20
-898.5127174550034
 30
0.0
 10
797.1929308142726
 20
-904.0868515397124
 30
0.0
 10
802.4391915813485
 20
-909.661010640506
 30
0.0
 10
807.6854398403839
 20
-915.2351447252149
 30
0.0
 10
808.3412239997742
 20
-915.8909163765602
 30
0.0
 10
809.3248939848381
 20
-916.5467130439938
 30
0.0
 10
810.3085639699011
 20
-916.5467130439938
 30
0.0
 10
819.4895046772326
 20
-918.8419388397942
 30
0.0
 10
825.7194354293742
 20
-924.7439837662605
 30
0.0
 10
831.2935695140814
 20
-931.9575719954246
 30
0.0
 10
833.2609094842092
 20
-934.5807086329842
 30
0.0
 10
836.5398177731167
 20
-937.8596169218908
 30
0.0
 10
839.4908402363499
 20
-938.5153885732398
 30
0.0
 10
848.015996784291
 20
-940.4827285433657
 30
0.0
 10
852.6064733919784
 20
-946.7126592955065
 30
0.0
 10
857.5248358253393
 20
-952.9425900476472
 30
0.0
 10
861.459515765594
 20
-957.8609524810072
 30
0.0
 10
864.7384240545016
 20
-963.4350865657161
 30
0.0
 10
868.6731290108401
 20
-968.6813598408371
 30
0.0
 10
869.328900662189
 20
-969.6650423339397
 30
0.0
 10
870.3125831552952
 20
-970.3208139852904
 30
0.0
 10
871.2962656484015
 20
-970.9765856366357
 30
0.0
 10
873.2636056185274
 20
-972.2881539554146
 30
0.0
 10
875.2309455886552
 20
-973.5997222741935
 30
0.0
 10
876.8703997331086
 20
-975.2391764186486
 30
0.0
 10
887.0350104255049
 20
-986.3874696041494
 30
0.0
 10
896.2159636408778
 20
-998.5194202666753
 30
0.0
 10
903.1016660443674
 20
-1011.962939247975
 30
0.0
 10
903.7574376957145
 20
-1013.274507566759
 30
0.0
 10
904.7411201888208
 20
-1014.586075885538
 30
0.0
 10
905.7248026819252
 20
-1015.241847536885
 30
0.0
 10
913.9220734041937
 20
-1018.520755825795
 30
0.0
 10
918.8404358375556
 20
-1025.078572403607
 30
0.0
 10
923.1030266195667
 20
-1032.292160632771
 30
0.0
 10
927.0377065598241
 20
-1039.177863036259
 30
0.0
 10
930.6445256904881
 20
-1046.391476281502
 30
0.0
 10
934.5792056307437
 20
-1053.277178684995
 30
0.0
 10
935.2349772820908
 20
-1054.588747003772
 30
0.0
 10
936.8744314265441
 20
-1056.228201148224
 30
0.0
 10
938.1859997453248
 20
-1056.883972799571
 30
0.0
 10
942.7764763530122
 20
-1059.179198595375
 30
0.0
 10
945.7274988162462
 20
-1063.113903551712
 30
0.0
 10
947.6948387863722
 20
-1067.37649433373
 30
0.0
 10
950.9737470752789
 20
-1074.917993404648
 30
0.0
 10
953.5968837128385
 20
-1082.787353285161
 30
0.0
 10
956.5478811599878
 20
-1090.328852356079
 30
0.0
 10
956.5478811599878
 20
-1090.656763197834
 30
0.0
 10
956.8757669856604
 20
-1090.656763197834
 30
0.0
 10
957.8594494787685
 20
-1091.312534849181
 30
0.0
 10
957.8594494787685
 20
-1088.36153740203
 30
0.0
 10
958.5152211301138
 20
-1085.410489922724
 30
0.0
 10
957.8594494787685
 20
-1082.787353285161
 30
0.0
 10
955.8921095086389
 20
-1075.245854214236
 30
0.0
 10
953.2689728710793
 20
-1067.704355143318
 30
0.0
 10
951.6295187266278
 20
-1060.162881088483
 30
0.0
 10
950.9737470752789
 20
-1055.900290306468
 30
0.0
 10
951.9574045523004
 20
-1051.309838714868
 30
0.0
 10
952.2852903779749
 20
-1046.719362107178
 30
0.0
 10
952.2852903779749
 20
-1044.752022137051
 30
0.0
 10
952.941062029322
 20
-1042.784682166925
 30
0.0
 10
952.6131762036475
 20
-1041.145228022469
 30
0.0
 10
950.6458362335215
 20
-1032.292185648854
 30
0.0
 10
948.3505854216346
 20
-1023.439118259157
 30
0.0
 10
949.0063820890682
 20
-1013.930279218104
 30
0.0
 10
949.0063820890682
 20
-1012.618710899322
 30
0.0
 10
948.6784962633938
 20
-1011.307142580543
 30
0.0
 10
949.3342679147408
 20
-1010.323485103521
 30
0.0
 10
952.6131762036475
 20
-1002.781986032605
 30
0.0
 10
949.6621537404135
 20
-995.8962836291121
 30
0.0
 10
949.0063820890682
 20
-988.6826953999534
 30
0.0
 10
948.3506104377211
 20
-982.1248788221365
 30
0.0
 10
948.6784962633938
 20
-975.8949480699957
 30
0.0
 10
948.6784962633938
 20
-969.3371314921824
 30
0.0
 10
948.6784962633938
 20
-968.353448999078
 30
0.0
 10
949.0063820890682
 20
-967.3697915220528
 30
0.0
 10
949.0063820890682
 20
-966.7139948546228
 30
0.0
 10
947.6948137702875
 20
-959.8282924511332
 30
0.0
 10
946.3832454515086
 20
-952.9425900476472
 30
0.0
 10
945.0717021488126
 20
-946.0568626280728
 30
0.0
 10
944.0880196557064
 20
-941.1385001947128
 30
0.0
 10
944.7438163231382
 20
-936.2201377613528
 30
0.0
 10
947.0390421189386
 20
-931.9575469793363
 30
0.0
 10
949.3342679147408
 20
-928.0228670390825
 30
0.0
 10
949.3342679147408
 20
-924.4160479084185
 30
0.0
 10
948.6784962633938
 20
-919.8255963168158
 30
0.0
 10
948.0227246120467
 20
-914.2514622321069
 30
0.0
 10
948.3506104377211
 20
-908.677303131315
 30
0.0
 10
948.6784962633938
 20
-903.1031690466061
 30
0.0
 10
949.0063820890682
 20
-898.8405782645932
 30
0.0
 10
948.6784962633938
 20
-893.9222158312332
 30
0.0
 10
950.3179504078471
 20
-889.9875358909794
 30
0.0
 10
953.2689728710793
 20
-882.7739476618153
 30
0.0
 10
951.9574045523004
 20
-875.2324485908957
 30
0.0
 10
952.6131762036475
 20
-868.0188603617335
 30
0.0
 10
953.2689478549946
 20
-860.8052721325694
 30
0.0
 10
953.9247445224282
 20
-853.591658887326
 30
0.0
 10
954.908401999448
 20
-846.3780706581638
 30
0.0
 10
955.2362878251224
 20
-844.410730688036
 30
0.0
 10
955.892084492556
 20
-842.4433782098658
 30
0.0
 10
957.2036277952502
 20
-841.1318223991293
 30
0.0
 10
961.1383077355058
 20
-837.1971299508305
 30
0.0
 10
961.1383077355058
 20
-832.2787675174695
 30
0.0
 10
961.7941044029358
 20
-827.3604050841095
 30
0.0
 10
962.7777868960438
 20
-818.1794643767789
 30
0.0
 10
963.1056727217183
 20
-808.9985236694465
 30
0.0
 10
970.9750576183105
 20
-802.1128087579154
 30
0.0
 10
972.9423975884383
 20
-800.4733546134612
 30
0.0
 10
972.9423975884383
 20
-796.2107763394906
 30
0.0
 10
973.270283414111
 20
-792.931868050584
 30
0.0
 10
974.253965907219
 20
-785.7182673133793
 30
0.0
 10
974.5818517328935
 20
-778.5046665761747
 30
0.0
 10
976.221305877345
 20
-771.6189641726869
 30
0.0
 10
976.8770775286939
 20
-768.6679417094547
 30
0.0
 10
979.1723283405809
 20
-766.3727159136533
 30
0.0
 10
980.8117824850324
 20
-763.7495792760928
 30
0.0
 10
981.7954649781386
 20
-762.1101251316404
 30
0.0
 10
983.434919122592
 20
-760.4706709871862
 30
0.0
 10
983.7628049482664
 20
-758.5033310170584
 30
0.0
 10
986.3859415858278
 20
-744.0761357966712
 30
0.0
 10
988.6811673816283
 20
-729.6489405762841
 30
0.0
 10
991.9600756705331
 20
-715.5496311815696
 30
0.0
 10
993.5995298149883
 20
-707.6802525389958
 30
0.0
 10
998.8457780740227
 20
-702.7618901056358
 30
0.0
 10
1007.370934621966
 20
-702.1061059462472
 30
0.0
 10
1013.27297954843
 20
-701.4503217868569
 30
0.0
 10
1020.486567777591
 20
-703.7455600906987
 30
0.0
 10
1023.109704415154
 20
-709.31970668345
 30
0.0
 10
1024.42124771785
 20
-712.2707228926638
 30
0.0
 10
1025.73284105271
 20
-715.5496311815696
 30
0.0
 10
1026.060701862305
 20
-718.5006473907815
 30
0.0
 10
1027.372245164996
 20
-727.0258101927457
 30
0.0
 10
1028.02806684851
 20
-735.5509729947098
 30
0.0
 10
1029.339610151212
 20
-744.0761295426491
 30
0.0
 10
1029.667520992965
 20
-747.3550378315585
 30
0.0
 10
1031.306975137426
 20
-750.6339461204643
 30
0.0
 10
1031.962746788769
 20
-753.9128544093728
 30
0.0
 10
1032.618518440117
 20
-757.8475468576671
 30
0.0
 10
1032.946429281879
 20
-762.1101251316404
 30
0.0
 10
1033.602200933219
 20
-766.3727034056092
 30
0.0
 10
1034.257972584566
 20
-769.6516116945186
 30
0.0
 10
1035.569565919433
 20
-772.6026341577508
 30
0.0
 10
1037.209020063887
 20
-775.5536441129425
 30
0.0
 10
1039.832156701452
 20
-780.4720065463025
 30
0.0
 10
1041.471610845903
 20
-786.3740389647264
 30
0.0
 10
1042.455293339008
 20
-791.9481855574795
 30
0.0
 10
1043.438975832112
 20
-796.5386621651651
 30
0.0
 10
1043.766836641706
 20
-800.1454562797471
 30
0.0
 10
1047.701566614125
 20
-803.4243645686511
 30
0.0
 10
1052.619929047487
 20
-807.359057016949
 30
0.0
 10
1053.603611540599
 20
-813.916873594766
 30
0.0
 10
1054.259383191937
 20
-820.1467918388626
 30
0.0
 10
1054.915154843287
 20
-826.0488242572883
 30
0.0
 10
1055.243065685048
 20
-831.9508566757113
 30
0.0
 10
1055.898837336392
 20
-838.1807874278529
 30
0.0
 10
1055.898837336392
 20
-838.8365715872424
 30
0.0
 10
1056.554608987739
 20
-839.8202415723063
 30
0.0
 10
1057.210380639088
 20
-840.4760257316957
 30
0.0
 10
1062.128743072453
 20
-844.4107181799936
 30
0.0
 10
1063.440286375146
 20
-849.6569664390281
 30
0.0
 10
1063.768197216908
 20
-855.2311130317776
 30
0.0
 10
1064.096108058664
 20
-865.0678378984994
 30
0.0
 10
1064.751879710011
 20
-874.9045627652213
 30
0.0
 10
1065.079740519599
 20
-885.0691734576176
 30
0.0
 10
1065.079740519599
 20
-885.7249451089629
 30
0.0
 10
1065.40765136136
 20
-886.3807417763965
 30
0.0
 10
1065.40765136136
 20
-887.0365134277436
 30
0.0
 10
1066.391333854463
 20
-891.2991042097583
 30
0.0
 10
1067.702877157153
 20
-895.5616699756865
 30
0.0
 10
1068.030787998918
 20
-899.8242607576994
 30
0.0
 10
1068.358698840679
 20
-904.0868515397124
 30
0.0
 10
1068.030787998918
 20
-908.3494173056388
 30
0.0
 10
1068.030787998918
 20
-912.939893913328
 30
0.0
 10
1068.030787998918
 20
-917.858256346688
 30
0.0
 10
1069.01447049202
 20
-922.776618780048
 30
0.0
 10
1069.670242143367
 20
-928.0228670390825
 30
0.0
 10
1070.981785446069
 20
-937.5317060801317
 30
0.0
 10
1070.653924636475
 20
-947.3684309468536
 30
0.0
 10
1070.326013794718
 20
-956.877269987901
 30
0.0
 10
1069.998102952955
 20
-961.795632421261
 30
0.0
 10
1068.358648808506
 20
-966.7139948546228
 30
0.0
 10
1067.375016347569
 20
-971.304471462312
 30
0.0
 10
1067.047105505815
 20
-972.6160397810891
 30
0.0
 10
1067.375016347569
 20
-974.2554939255406
 30
0.0
 10
1068.030787998918
 20
-975.2391514025621
 30
0.0
 10
1069.670242143367
 20
-980.1575138359258
 30
0.0
 10
1070.326013794718
 20
-985.4037620949584
 30
0.0
 10
1069.01447049202
 20
-990.6500103539911
 30
0.0
 10
1068.030787998918
 20
-995.2404869616803
 30
0.0
 10
1067.047105505815
 20
-999.5030527276085
 30
0.0
 10
1066.719244696216
 20
-1004.093529335296
 30
0.0
 10
1066.391333854463
 20
-1005.405097654075
 30
0.0
 10
1066.719244696216
 20
-1007.372437624201
 30
0.0
 10
1067.70292718933
 20
-1008.356120117309
 30
0.0
 10
1071.309746319999
 20
-1013.602368376343
 30
0.0
 10
1072.293378780936
 20
-1019.504413302815
 30
0.0
 10
1070.653924636475
 20
-1025.406433213195
 30
0.0
 10
1068.686559650265
 20
-1032.292135616683
 30
0.0
 10
1066.719244696216
 20
-1039.17783802017
 30
0.0
 10
1064.751879710011
 20
-1046.063565439747
 30
0.0
 10
1064.42396886825
 20
-1047.047247932855
 30
0.0
 10
1064.096108058664
 20
-1048.358791235545
 30
0.0
 10
1064.42396886825
 20
-1049.014587902977
 30
0.0
 10
1066.719194664051
 20
-1057.211858625247
 30
0.0
 10
1064.42396886825
 20
-1064.753357696167
 30
0.0
 10
1062.456603882041
 20
-1072.622717576674
 30
0.0
 10
1062.456603882041
 20
-1073.278489228021
 30
0.0
 10
1062.128693040278
 20
-1073.934260879374
 30
0.0
 10
1062.784514723797
 20
-1074.590082562889
 30
0.0
 10
1064.096058026493
 20
-1071.639085115743
 30
0.0
 10
1065.40765136136
 20
-1069.01594847818
 30
0.0
 10
1066.719194664051
 20
-1066.064900998863
 30
0.0
 10
1068.358648808506
 20
-1062.130221058609
 30
0.0
 10
1071.309646255653
 20
-1059.507084421046
 30
0.0
 10
1075.244376228076
 20
-1057.867630276596
 30
0.0
 10
1076.555919530776
 20
-1057.211858625247
 30
0.0
 10
1077.86751286564
 20
-1056.228176132141
 30
0.0
 10
1078.523284516992
 20
-1054.916607813362
 30
0.0
 10
1084.097418601696
 20
-1045.07988294664
 30
0.0
 10
1089.343691876817
 20
-1035.243158079917
 30
0.0
 10
1094.917825961526
 20
-1025.406433213195
 30
0.0
 10
1097.868823408666
 20
-1020.488070779835
 30
0.0
 10
1101.475642539337
 20
-1016.553390839581
 30
0.0
 10
1107.705548275391
 20
-1014.913936695126
 30
0.0
 10
1109.345002419845
 20
-1014.58605086945
 30
0.0
 10
1110.656545722542
 20
-1012.290800057568
 30
0.0
 10
1111.312367406059
 20
-1010.651345913113
 30
0.0
 10
1117.87018398387
 20
-998.1914844088315
 30
0.0
 10
1125.739543864378
 20
-986.7153053976544
 30
0.0
 10
1135.904179572864
 20
-976.8785805309326
 30
0.0
 10
1137.54363371732
 20
-975.2391263864811
 30
0.0
 10
1140.166770354872
 20
-973.9275580676986
 30
0.0
 10
1141.806224499327
 20
-972.2881039232434
 30
0.0
 10
1143.773589485543
 20
-970.3207639531174
 30
0.0
 10
1145.413043629995
 20
-968.3534239829933
 30
0.0
 10
1146.724586932694
 20
-966.0581731711027
 30
0.0
 10
1151.31503852429
 20
-958.5166741001849
 30
0.0
 10
1156.88922264117
 20
-951.6309716966971
 30
0.0
 10
1163.447039218981
 20
-945.7289517863155
 30
0.0
 10
1164.758582521683
 20
-944.7452692932093
 30
0.0
 10
1165.742265014786
 20
-943.1058151487559
 30
0.0
 10
1167.053858349653
 20
-942.7779293230815
 30
0.0
 10
1178.202126519065
 20
-939.8269068598474
 30
0.0
 10
1183.120488952431
 20
-929.9901819931274
 30
0.0
 10
1190.989898865109
 20
-923.432365415314
 30
0.0
 10
1194.924578805363
 20
-920.1534571264037
 30
0.0
 10
1198.531397936031
 20
-917.5303204888442
 30
0.0
 10
1203.449760369389
 20
-916.8745488374989
 30
0.0
 10
1205.089214513842
 20
-916.5466630118226
 30
0.0
 10
1206.728668658294
 20
-915.2350946930437
 30
0.0
 10
1207.712351151407
 20
-914.2514121999375
 30
0.0
 10
1213.286485236111
 20
-908.3493672734712
 30
0.0
 10
1218.532758511232
 20
-902.119461537417
 30
0.0
 10
1224.106892595941
 20
-896.5453024366252
 30
0.0
 10
1228.041572536195
 20
-892.9385083220404
 30
0.0
 10
1233.287845811315
 20
-892.2827116546086
 30
0.0
 10
1238.534069054258
 20
-892.9385083220404
 30
0.0
 10
1240.173523198711
 20
-893.2663941477131
 30
0.0
 10
1242.468748994512
 20
-892.6106224963678
 30
0.0
 10
1243.452431487625
 20
-891.6269400032616
 30
0.0
 10
1255.256521340558
 20
-881.4623293108652
 30
0.0
 10
1268.372154496188
 20
-872.9371727629241
 30
0.0
 10
1282.143559303166
 20
-866.0514453433498
 30
0.0
 10
1290.340830025427
 20
-862.1167654030978
 30
0.0
 10
1300.505465733908
 20
-864.7398770245709
 30
0.0
 10
1304.768006483755
 20
-871.2976936023861
 30
0.0
 10
1308.046914772662
 20
-876.871827687095
 30
0.0
 10
1308.702686424009
 20
-883.1017584392339
 30
0.0
 10
1305.751688976858
 20
-888.6759175400275
 30
0.0
 10
1302.144869846194
 20
-895.5616199435153
 30
0.0
 10
1297.554418254589
 20
-902.4473223470031
 30
0.0
 10
1293.291827472578
 20
-909.0051389248183
 30
0.0
 10
1289.357147532324
 20
-914.9071838512864
 30
0.0
 10
1285.094556750306
 20
-920.4813179359935
 30
0.0
 10
1281.159876810052
 20
-926.3833628624616
 30
0.0
 10
1280.831965968298
 20
-927.0391345138087
 30
0.0
 10
1280.176194316951
 20
-928.0228170069131
 30
0.0
 10
1280.504105158705
 20
-928.678588658262
 30
0.0
 10
1282.471470144919
 20
-936.5479735548561
 30
0.0
 10
1279.192561856014
 20
-943.1057901326694
 30
0.0
 10
1275.585742725347
 20
-949.335720884812
 30
0.0
 10
1273.290516929545
 20
-953.2704008250657
 30
0.0
 10
1270.995291133742
 20
-956.8772199557316
 30
0.0
 10
1268.700015305772
 20
-960.8118998959835
 30
0.0
 10
1266.732650319558
 20
-963.7629223592194
 30
0.0
 10
1265.421107016868
 20
-966.3860339806961
 30
0.0
 10
1266.076878668215
 20
-970.3207389370327
 30
0.0
 10
1267.060561161317
 20
-977.2064413405205
 30
0.0
 10
1263.781652872414
 20
-983.1084862669904
 30
0.0
 10
1260.174833741747
 20
-988.6826203516994
 30
0.0
 10
1256.568014611079
 20
-994.5846652781674
 30
0.0
 10
1252.305473861237
 20
-1000.158799362871
 30
0.0
 10
1248.042883079221
 20
-1006.060844289339
 30
0.0
 10
1247.714972237467
 20
-1006.388730115012
 30
0.0
 10
1247.387111427879
 20
-1007.044526782447
 30
0.0
 10
1247.387111427879
 20
-1007.372412608118
 30
0.0
 10
1247.059200586118
 20
-1017.864909126189
 30
0.0
 10
1240.829294850062
 20
-1026.062179848457
 30
0.0
 10
1235.910932416704
 20
-1034.587361412487
 30
0.0
 10
1233.287795779139
 20
-1039.17783802017
 30
0.0
 10
1229.681026680646
 20
-1043.768314627861
 30
0.0
 10
1226.729979201327
 20
-1048.358766219462
 30
0.0
 10
1225.746296708225
 20
-1049.670334538241
 30
0.0
 10
1225.090525056876
 20
-1051.309788682696
 30
0.0
 10
1225.090525056876
 20
-1052.949242827146
 30
0.0
 10
1224.762614215113
 20
-1062.130196042521
 30
0.0
 10
1220.172162623516
 20
-1069.015898446009
 30
0.0
 10
1213.942256887454
 20
-1075.245804182065
 30
0.0
 10
1206.40075781654
 20
-1083.115164062578
 30
0.0
 10
1198.859258745615
 20
-1091.31243478485
 30
0.0
 10
1191.645670516456
 20
-1099.509705507111
 30
0.0
 10
1190.661988023345
 20
-1100.821248809812
 30
0.0
 10
1190.989898865109
 20
-1103.116524637777
 30
0.0
 10
1190.334127213762
 20
-1104.755978782232
 30
0.0
 10
1189.022583911068
 20
-1107.706976229383
 30
0.0
 10
1187.710990576204
 20
-1110.985884518288
 30
0.0
 10
1185.4157647804
 20
-1113.281160346258
 30
0.0
 10
1180.169491505279
 20
-1118.855294430967
 30
0.0
 10
1174.267496610988
 20
-1123.773656864329
 30
0.0
 10
1168.693312494102
 20
-1129.347790949038
 30
0.0
 10
1168.037540842754
 20
-1130.00356260039
 30
0.0
 10
1167.381769191406
 20
-1130.987245093487
 30
0.0
 10
1167.381769191406
 20
-1131.64301674484
 30
0.0
 10
1167.709680033167
 20
-1138.856604974
 30
0.0
 10
1165.414404205196
 20
-1144.758649900468
 30
0.0
 10
1159.184498469142
 20
-1148.365469031127
 30
0.0
 10
1164.102860902502
 20
-1148.365469031127
 30
0.0
 10
1169.021223335867
 20
-1149.021240682476
 30
0.0
 10
1173.939585769222
 20
-1148.037558189373
 30
0.0
 10
1178.857948202583
 20
-1147.053875696261
 30
0.0
 10
1183.1205389846
 20
-1144.102878249119
 30
0.0
 10
1187.710990576204
 20
-1142.463424104664
 30
0.0
 10
1195.908261298464
 20
-1139.512426657519
 30
0.0
 10
1203.777621178975
 20
-1136.561379178196
 30
0.0
 10
1211.974891901244
 20
-1133.938242540638
 30
0.0
 10
1213.942256887454
 20
-1133.282470889295
 30
0.0
 10
1216.237482683257
 20
-1132.95456004753
 30
0.0
 10
1217.876936827717
 20
-1133.610331698879
 30
0.0
 10
1225.418435898631
 20
-1136.233468336442
 30
0.0
 10
1231.976252476448
 20
-1132.298788396178
 30
0.0
 10
1238.861929863848
 20
-1130.659334251728
 30
0.0
 10
1248.042883079221
 20
-1128.364108455924
 30
0.0
 10
1257.551697104189
 20
-1126.068882660131
 30
0.0
 10
1266.732650319558
 20
-1124.42942851567
 30
0.0
 10
1269.02787611536
 20
-1124.101517673917
 30
0.0
 10
1271.651012752924
 20
-1125.085200167025
 30
0.0
 10
1273.946238548728
 20
-1125.413111008784
 30
0.0
 10
1276.241464344526
 20
-1125.413111008784
 30
0.0
 10
1278.864600982084
 20
-1125.741021850537
 30
0.0
 10
1280.831965968298
 20
-1125.085200167025
 30
0.0
 10
1290.996601676778
 20
-1122.462063529461
 30
0.0
 10
1300.833326543503
 20
-1119.838926891898
 30
0.0
 10
1311.325823061567
 20
-1124.101517673917
 30
0.0
 10
1313.621048857371
 20
-1125.085200167025
 30
0.0
 10
1316.572096336688
 20
-1123.445746022568
 30
0.0
 10
1319.195182942074
 20
-1123.445746022568
 30
0.0
 10
1325.097227868544
 20
-1123.445746022568
 30
0.0
 10
1330.999272795005
 20
-1123.445746022568
 30
0.0
 10
1336.901267689309
 20
-1123.445746022568
 30
0.0
 10
1341.163858471326
 20
-1123.117835180814
 30
0.0
 10
1345.426449253335
 20
-1122.789974371215
 30
0.0
 10
1349.688990003177
 20
-1122.134202719877
 30
0.0
 10
1363.788305651917
 20
-1119.838976924075
 30
0.0
 10
1377.559710458887
 20
-1117.215840286512
 30
0.0
 10
1391.65902610762
 20
-1114.592703648954
 30
0.0
 10
1399.528385988138
 20
-1113.281160346258
 30
0.0
 10
1407.069885059051
 20
-1117.5437010961
 30
0.0
 10
1409.365110854851
 20
-1123.773656864329
 30
0.0
 10
1412.644019143769
 20
-1132.626699237942
 30
0.0
 10
1410.676654157553
 20
-1141.151880801968
 30
0.0
 10
1403.135205118795
 20
-1145.086560742222
 30
0.0
 10
1392.970569410318
 20
-1150.332834017343
 30
0.0
 10
1382.478072892252
 20
-1154.923285608944
 30
0.0
 10
1371.985576374178
 20
-1159.51373720055
 30
0.0
 10
1370.018211387964
 20
-1160.497419693653
 30
0.0
 10
1367.722985592171
 20
-1160.497419693653
 30
0.0
 10
1366.08353144771
 20
-1161.808962996343
 30
0.0
 10
1364.771988145019
 20
-1162.792645489457
 30
0.0
 10
1363.132534000568
 20
-1164.104188792147
 30
0.0
 10
1362.804623158805
 20
-1165.743642936608
 30
0.0
 10
1361.493079856114
 20
-1170.006233718615
 30
0.0
 10
1359.197804028139
 20
-1173.285142007522
 30
0.0
 10
1355.263124087884
 20
-1174.924596151981
 30
0.0
 10
1348.37739666832
 20
-1178.203504440888
 30
0.0
 10
1341.163808439151
 20
-1180.82664107844
 30
0.0
 10
1333.95022020999
 20
-1184.105549367345
 30
0.0
 10
1332.638676907291
 20
-1184.761321018699
 30
0.0
 10
1331.654994414188
 20
-1186.072914353566
 30
0.0
 10
1330.343401079321
 20
-1187.056546814501
 30
0.0
 10
1327.720264441767
 20
-1189.679683452065
 30
0.0
 10
1325.0971278042
 20
-1192.630680899207
 30
0.0
 10
1322.146130357049
 20
-1194.270135043656
 30
0.0
 10
1315.588313779241
 20
-1197.549043332572
 30
0.0
 10
1308.702586359666
 20
-1200.17217997013
 30
0.0
 10
1302.144769781855
 20
-1202.795316607688
 30
0.0
 10
1301.488998130508
 20
-1203.123227449447
 30
0.0
 10
1300.505315637405
 20
-1203.778999100796
 30
0.0
 10
1300.177404795641
 20
-1204.434770752148
 30
0.0
 10
1298.21003980943
 20
-1209.02522234374
 30
0.0
 10
1294.603270710933
 20
-1211.648358981301
 30
0.0
 10
1290.012769087161
 20
-1213.287813125757
 30
0.0
 10
1283.454952509353
 20
-1215.910949763314
 30
0.0
 10
1276.569225089772
 20
-1218.206175559113
 30
0.0
 10
1269.683547702372
 20
-1220.829312196682
 30
0.0
 10
1269.027776051025
 20
-1221.157223038435
 30
0.0
 10
1268.372004399676
 20
-1221.157223038435
 30
0.0
 10
1268.044093557921
 20
-1221.485083848029
 30
0.0
 10
1261.158366138347
 20
-1229.026582918943
 30
0.0
 10
1251.321641271625
 20
-1230.010265412056
 30
0.0
 10
1242.468598898004
 20
-1232.961262859197
 30
0.0
 10
1235.25501066884
 20
-1235.584399496765
 30
0.0
 10
1227.713511597922
 20
-1236.895942799456
 30
0.0
 10
1220.499923368761
 20
-1238.86330778567
 30
0.0
 10
1219.516240875657
 20
-1239.191218627429
 30
0.0
 10
1218.532558382552
 20
-1239.191218627429
 30
0.0
 10
1217.876786731204
 20
-1239.846990278773
 30
0.0
 10
1210.991059311633
 20
-1247.71635015928
 30
0.0
 10
1201.154334444906
 20
-1248.700032652392
 30
0.0
 10
1191.973431261698
 20
-1251.32316928995
 30
0.0
 10
1185.415614683889
 20
-1252.9626234344
 30
0.0
 10
1178.202026454728
 20
-1253.290534276164
 30
0.0
 10
1171.644209876911
 20
-1254.929988420616
 30
0.0
 10
1169.021073239353
 20
-1255.585760071963
 30
0.0
 10
1166.725847443553
 20
-1258.208896709521
 30
0.0
 10
1164.102710805997
 20
-1259.192579202623
 30
0.0
 10
1159.512259214391
 20
-1260.832033347078
 30
0.0
 10
1154.593896781027
 20
-1262.143576649774
 30
0.0
 10
1149.675534347669
 20
-1263.783030794229
 30
0.0
 10
1150.003445189433
 20
-1264.110941635994
 30
0.0
 10
1150.331305999016
 20
-1265.094574096925
 30
0.0
 10
1150.987077650365
 20
-1265.750395780444
 30
0.0
 10
1144.101350230794
 20
-1269.357214911115
 30
0.0
 10
1138.527216146078
 20
-1266.406167431793
 30
0.0
 10
1132.297310410033
 20
-1264.110941635994
 30
0.0
 10
1125.73949383221
 20
-1261.815715840192
 30
0.0
 10
1118.853766412638
 20
-1260.832033347078
 30
0.0
 10
1111.968089025231
 20
-1259.520490044388
 30
0.0
 10
1110.984406532129
 20
-1259.192579202623
 30
0.0
 10
1110.328634880781
 20
-1258.864718393041
 30
0.0
 10
1109.672863229433
 20
-1257.881035899938
 30
0.0
 10
1112.295999866996
 20
-1257.881035899938
 30
0.0
 10
1114.91913650455
 20
-1258.208946741686
 30
0.0
 10
1117.214362300354
 20
-1257.881035899938
 30
0.0
 10
1127.706858818427
 20
-1256.897353406819
 30
0.0
 10
1138.199355336492
 20
-1255.585810104134
 30
0.0
 10
1148.691901886732
 20
-1254.930038452787
 30
0.0
 10
1153.61026432009
 20
-1254.602127611031
 30
0.0
 10
1158.528626753458
 20
-1254.274266801438
 30
0.0
 10
1162.791217535469
 20
-1251.323219322116
 30
0.0
 10
1165.086443331265
 20
-1249.683765177666
 30
0.0
 10
1167.709579968823
 20
-1248.044311033211
 30
0.0
 10
1170.332716606386
 20
-1247.388539381862
 30
0.0
 10
1174.595307388405
 20
-1246.404856888759
 30
0.0
 10
1179.185758980002
 20
-1246.404856888759
 30
0.0
 10
1183.448349762019
 20
-1245.421174395653
 30
0.0
 10
1191.973531326046
 20
-1243.125948599854
 30
0.0
 10
1200.826573699655
 20
-1240.502811962286
 30
0.0
 10
1209.351705231515
 20
-1238.207586166489
 30
0.0
 10
1210.007476882864
 20
-1237.879675324733
 30
0.0
 10
1210.991159375964
 20
-1237.223903673381
 30
0.0
 10
1211.319070217731
 20
-1236.568132022032
 30
0.0
 10
1212.95852436218
 20
-1231.977680430431
 30
0.0
 10
1217.221115144188
 20
-1232.305541240024
 30
0.0
 10
1220.82788424269
 20
-1231.321858746913
 30
0.0
 10
1231.320380760764
 20
-1228.370861299771
 30
0.0
 10
1241.485016469243
 20
-1225.419813820454
 30
0.0
 10
1251.977512987309
 20
-1222.468816373303
 30
0.0
 10
1256.240103769325
 20
-1221.157273070612
 30
0.0
 10
1260.174783709581
 20
-1219.845679735745
 30
0.0
 10
1263.453691998486
 20
-1215.583088953726
 30
0.0
 10
1265.093146142937
 20
-1213.287863157924
 30
0.0
 10
1269.683597734538
 20
-1213.287863157924
 30
0.0
 10
1272.962506023443
 20
-1212.304180664822
 30
0.0
 10
1278.536640108152
 20
-1210.008954869018
 30
0.0
 10
1284.438685034622
 20
-1208.041589882809
 30
0.0
 10
1290.012819119331
 20
-1205.418453245251
 30
0.0
 10
1291.65227326378
 20
-1204.762681593902
 30
0.0
 10
1293.291727408236
 20
-1203.123227449447
 30
0.0
 10
1293.619638249998
 20
-1201.81163411458
 30
0.0
 10
1294.275409901349
 20
-1198.532725825675
 30
0.0
 10
1296.242774887553
 20
-1197.549043332572
 30
0.0
 10
1298.865911525116
 20
-1196.565360839464
 30
0.0
 10
1306.407410596039
 20
-1193.614363392318
 30
0.0
 10
1313.620998825199
 20
-1190.663315912996
 30
0.0
 10
1320.834587054358
 20
-1187.384407624086
 30
0.0
 10
1322.474041198813
 20
-1186.400725130983
 30
0.0
 10
1324.113495343263
 20
-1184.105499335179
 30
0.0
 10
1324.769266994615
 20
-1182.138134348965
 30
0.0
 10
1325.425038645964
 20
-1180.17076936276
 30
0.0
 10
1326.080810297313
 20
-1179.187136901824
 30
0.0
 10
1328.048175283519
 20
-1178.531315218304
 30
0.0
 10
1335.261763512688
 20
-1175.908178580743
 30
0.0
 10
1342.147490932253
 20
-1173.285041943185
 30
0.0
 10
1349.033168319656
 20
-1170.334044496034
 30
0.0
 10
1355.590984897479
 20
-1167.383047048887
 30
0.0
 10
1356.246756548817
 20
-1166.071453714025
 30
0.0
 10
1356.574667390581
 20
-1158.529954643102
 30
0.0
 10
1364.444027271089
 20
-1155.251046354195
 30
0.0
 10
1372.641297993359
 20
-1151.972138065285
 30
0.0
 10
1380.510707906038
 20
-1148.69322977638
 30
0.0
 10
1385.756981181159
 20
-1146.398003980576
 30
0.0
 10
1391.331115265868
 20
-1144.102778184773
 30
0.0
 10
1396.577338508818
 20
-1141.479641547219
 30
0.0
 10
1398.872564304611
 20
-1140.168098244525
 30
0.0
 10
1401.495700942176
 20
-1138.200733258314
 30
0.0
 10
1402.807244244874
 20
-1135.90550746251
 30
0.0
 10
1404.774609231081
 20
-1132.954510015359
 30
0.0
 10
1404.118787547566
 20
-1129.34769088469
 30
0.0
 10
1401.823561751762
 20
-1126.396693437549
 30
0.0
 10
1399.528335955958
 20
-1123.445695990402
 30
0.0
 10
1395.921516825292
 20
-1123.117785148637
 30
0.0
 10
1392.642608536387
 20
-1123.445695990402
 30
0.0
 10
1382.805883669671
 20
-1124.757239293089
 30
0.0
 10
1373.297069644703
 20
-1126.396693437549
 30
0.0
 10
1363.460344777986
 20
-1128.036147582005
 30
0.0
 10
1357.558299851518
 20
-1129.019830075105
 30
0.0
 10
1351.656254925047
 20
-1130.659284219557
 30
0.0
 10
1345.426349188998
 20
-1131.970827522258
 30
0.0
 10
1341.819530058332
 20
-1132.954510015359
 30
0.0
 10
1338.540621769416
 20
-1133.610281666713
 30
0.0
 10
1334.605941829162
 20
-1131.970827522258
 30
0.0
 10
1331.982805191605
 20
-1130.987145029145
 30
0.0
 10
1328.376036093116
 20
-1130.987145029145
 30
0.0
 10
1325.424988613797
 20
-1131.315055870909
 30
0.0
 10
1321.16239783178
 20
-1131.970827522258
 30
0.0
 10
1316.899807049762
 20
-1133.610281666713
 30
0.0
 10
1312.63726629992
 20
-1134.593964159816
 30
0.0
 10
1311.981494648573
 20
-1134.921875001579
 30
0.0
 10
1310.669901313715
 20
-1134.921875001579
 30
0.0
 10
1310.014129662366
 20
-1134.593964159816
 30
0.0
 10
1305.423678070762
 20
-1129.675601726454
 30
0.0
 10
1299.849493953887
 20
-1130.987145029145
 30
0.0
 10
1294.603270710933
 20
-1131.642966712663
 30
0.0
 10
1290.668590770678
 20
-1131.970877554424
 30
0.0
 10
1286.733910830424
 20
-1134.266103350226
 30
0.0
 10
1282.471320048406
 20
-1134.921875001579
 30
0.0
 10
1279.192411759501
 20
-1135.577646652917
 30
0.0
 10
1275.585592628835
 20
-1138.200783290486
 30
0.0
 10
1271.978823530342
 20
-1134.593964159816
 30
0.0
 10
1270.995141037229
 20
-1133.610281666713
 30
0.0
 10
1268.699915241436
 20
-1133.610281666713
 30
0.0
 10
1267.060461096986
 20
-1133.938192508462
 30
0.0
 10
1253.944827941355
 20
-1137.217100797377
 30
0.0
 10
1240.829194785725
 20
-1140.823919928038
 30
0.0
 10
1227.385650788332
 20
-1144.430689026536
 30
0.0
 10
1226.401968295231
 20
-1144.758599868292
 30
0.0
 10
1225.090424992532
 20
-1145.414371519639
 30
0.0
 10
1224.434653341192
 20
-1145.086460677885
 30
0.0
 10
1217.548925921619
 20
-1141.479641547219
 30
0.0
 10
1211.319020185561
 20
-1143.774917375189
 30
0.0
 10
1204.761203607743
 20
-1146.398003980576
 30
0.0
 10
1195.580250392368
 20
-1150.004823111247
 30
0.0
 10
1186.399297176991
 20
-1154.267363861089
 30
0.0
 10
1177.218393993793
 20
-1157.874182991753
 30
0.0
 10
1175.906850691095
 20
-1158.529954643102
 30
0.0
 10
1173.939485704881
 20
-1158.529954643102
 30
0.0
 10
1172.627942402189
 20
-1158.202093833517
 30
0.0
 10
1169.021123271523
 20
-1157.218411340406
 30
0.0
 10
1165.742214982616
 20
-1157.218411340406
 30
0.0
 10
1162.463306693713
 20
-1159.18577632662
 30
0.0
 10
1155.905490115892
 20
-1163.120456266874
 30
0.0
 10
1149.347673538081
 20
-1167.383047048887
 30
0.0
 10
1142.789856960264
 20
-1171.317726989135
 30
0.0
 10
1141.478313657573
 20
-1171.973498640489
 30
0.0
 10
1139.83885951312
 20
-1171.973498640489
 30
0.0
 10
1138.199405368659
 20
-1172.301409482254
 30
0.0
 10
1135.576268731105
 20
-1172.629320324002
 30
0.0
 10
1132.625271283952
 20
-1172.629320324002
 30
0.0
 10
1130.002134646396
 20
-1173.612952784939
 30
0.0
 10
1125.739543864378
 20
-1175.2524069294
 30
0.0
 10
1121.804863924124
 20
-1177.547632725202
 30
0.0
 10
1119.181727286566
 20
-1178.85922606006
 30
0.0
 10
1120.493270589257
 20
-1175.580317771159
 30
0.0
 10
1121.804863924124
 20
-1171.645637830899
 30
0.0
 10
1123.444318068579
 20
-1167.710957890646
 30
0.0
 10
1123.772228910339
 20
-1166.727275397545
 30
0.0
 10
1124.755861371275
 20
-1166.399414587946
 30
0.0
 10
1125.739543864378
 20
-1165.743592904431
 30
0.0
 10
1132.953132093548
 20
-1160.825230471075
 30
0.0
 10
1140.166720322706
 20
-1155.906868037715
 30
0.0
 10
1147.052447742282
 20
-1150.988505604348
 30
0.0
 10
1150.659266872946
 20
-1148.365368966792
 30
0.0
 10
1154.266035971441
 20
-1145.086460677885
 30
0.0
 10
1157.544944260348
 20
-1142.135463230734
 30
0.0
 10
1160.168080897911
 20
-1139.840237434935
 30
0.0
 10
1160.823852549258
 20
-1136.233418304266
 30
0.0
 10
1159.512309246562
 20
-1133.282420857124
 30
0.0
 10
1157.872855102107
 20
-1130.003512568213
 30
0.0
 10
1159.840220088325
 20
-1128.364058423758
 30
0.0
 10
1161.807535042362
 20
-1126.724604279309
 30
0.0
 10
1168.693262461937
 20
-1120.822559352835
 30
0.0
 10
1175.57893984934
 20
-1114.592653616777
 30
0.0
 10
1181.808895617563
 20
-1108.362697848555
 30
0.0
 10
1183.448349762019
 20
-1106.723243704098
 30
0.0
 10
1182.792578110668
 20
-1103.116424573434
 30
0.0
 10
1183.448349762019
 20
-1100.493337968048
 30
0.0
 10
1183.776260603774
 20
-1099.181794665357
 30
0.0
 10
1183.448349762019
 20
-1097.87020133049
 30
0.0
 10
1184.432032255121
 20
-1097.214429679141
 30
0.0
 10
1190.989848832938
 20
-1090.328702259565
 30
0.0
 10
1197.54766541075
 20
-1083.443024872162
 30
0.0
 10
1204.10548198857
 20
-1076.557297452589
 30
0.0
 10
1205.417025291259
 20
-1075.245754149899
 30
0.0
 10
1206.728618626126
 20
-1073.934160815032
 30
0.0
 10
1208.040161928824
 20
-1072.622617512337
 30
0.0
 10
1213.942206855289
 20
-1066.720572585868
 30
0.0
 10
1219.188430098236
 20
-1060.818552675488
 30
0.0
 10
1216.893204302436
 20
-1051.637599460113
 30
0.0
 10
1216.565293460673
 20
-1050.981827808766
 30
0.0
 10
1216.893204302436
 20
-1049.670259489987
 30
0.0
 10
1217.548975953787
 20
-1049.014462822555
 30
0.0
 10
1226.729929169162
 20
-1039.833509607182
 30
0.0
 10
1232.304063253867
 20
-1028.357330596007
 30
0.0
 10
1237.878197338574
 20
-1017.209062426591
 30
0.0
 10
1238.206108180328
 20
-1016.553290775244
 30
0.0
 10
1238.861879831677
 20
-1015.569608282131
 30
0.0
 10
1238.861879831677
 20
-1014.585925789024
 30
0.0
 10
1237.878197338574
 20
-1006.060769241083
 30
0.0
 10
1244.436013916393
 20
-1001.142406807725
 30
0.0
 10
1248.698604698404
 20
-994.9124760555842
 30
0.0
 10
1251.977512987309
 20
-989.9941136222242
 30
0.0
 10
1254.928510434458
 20
-984.7478653631861
 30
0.0
 10
1257.22378626243
 20
-979.1737062623943
 30
0.0
 10
1258.207468755532
 20
-976.5505696248365
 30
0.0
 10
1257.551697104189
 20
-972.9437755102535
 30
0.0
 10
1257.551697104189
 20
-969.6648672213487
 30
0.0
 10
1257.551697104189
 20
-968.0254130768935
 30
0.0
 10
1257.551697104189
 20
-965.7301872810895
 30
0.0
 10
1258.207468755532
 20
-964.4186189623106
 30
0.0
 10
1262.470059537551
 20
-956.877119891391
 30
0.0
 10
1267.388421970907
 20
-949.3356458365561
 30
0.0
 10
1271.651012752924
 20
-941.7941467656347
 30
0.0
 10
1272.962556055616
 20
-939.498920969836
 30
0.0
 10
1273.618377739129
 20
-935.8921018391684
 30
0.0
 10
1272.962556055616
 20
-933.596876043368
 30
0.0
 10
1271.323101911159
 20
-929.0063994356806
 30
0.0
 10
1273.618327706963
 20
-926.3832878142057
 30
0.0
 10
1275.913553502767
 20
-923.4322653509716
 30
0.0
 10
1283.455052573685
 20
-912.2839721654709
 30
0.0
 10
1291.324412454196
 20
-900.8077931542975
 30
0.0
 10
1298.538000683357
 20
-889.3316141431205
 30
0.0
 10
1301.16113732092
 20
-885.0690233611076
 30
0.0
 10
1300.505365669571
 20
-880.4785717695049
 30
0.0
 10
1297.882229032006
 20
-877.5275493062709
 30
0.0
 10
1295.259092394452
 20
-874.9044126687113
 30
0.0
 10
1289.684958309743
 20
-874.2486410173624
 30
0.0
 10
1286.078139179077
 20
-876.215980987492
 30
0.0
 10
1278.208779298568
 20
-880.8064575951794
 30
0.0
 10
1270.339369385889
 20
-885.3969342028649
 30
0.0
 10
1262.797870314967
 20
-890.6431824618994
 30
0.0
 10
1255.912142895395
 20
-895.5615448952612
 30
0.0
 10
1249.354326317582
 20
-900.8077931542975
 30
0.0
 10
1242.796509739765
 20
-906.3819522550893
 30
0.0
 10
1236.238693161955
 20
-901.791475647402
 30
0.0
 10
1231.320330728586
 20
-902.7751581405082
 30
0.0
 10
1226.401968295231
 20
-909.3329747183216
 30
0.0
 10
1225.090424992532
 20
-910.9724288627749
 30
0.0
 10
1223.45097084808
 20
-912.2839971815556
 30
0.0
 10
1222.139377513213
 20
-913.923451326009
 30
0.0
 10
1218.532558382552
 20
-917.8581312662627
 30
0.0
 10
1215.25365009364
 20
-922.1207220482775
 30
0.0
 10
1211.646880995148
 20
-925.7275161628568
 30
0.0
 10
1210.663198502034
 20
-926.7111986559648
 30
0.0
 10
1208.695883547996
 20
-927.6948561329864
 30
0.0
 10
1207.056429403547
 20
-927.6948561329864
 30
0.0
 10
1203.77752111464
 20
-928.022741958659
 30
0.0
 10
1200.826523667489
 20
-928.6785386260926
 30
0.0
 10
1198.203387029931
 20
-931.3016502475657
 30
0.0
 10
1193.940796247913
 20
-935.5642410295804
 30
0.0
 10
1189.350344656312
 20
-939.8268067955087
 30
0.0
 10
1184.759843032538
 20
-944.0893975775216
 30
0.0
 10
1184.104071381202
 20
-944.7451692288705
 30
0.0
 10
1183.776160539437
 20
-946.0567375476494
 30
0.0
 10
1182.792478046335
 20
-947.0404200407538
 30
0.0
 10
1180.82511306012
 20
-948.679874185209
 30
0.0
 10
1179.185658915663
 20
-950.9750999810112
 30
0.0
 10
1176.890433119861
 20
-951.3030108227686
 30
0.0
 10
1173.61152483096
 20
-951.9587824741157
 30
0.0
 10
1170.988388193393
 20
-952.9424649672219
 30
0.0
 10
1168.693162397591
 20
-955.2376907630241
 30
0.0
 10
1160.823802517081
 20
-962.4512789921828
 30
0.0
 10
1154.921757590622
 20
-971.3043463818867
 30
0.0
 10
1149.675484315503
 20
-980.4852745811731
 30
0.0
 10
1149.347573473739
 20
-981.1410462325202
 30
0.0
 10
1149.019712664152
 20
-982.1247287256283
 30
0.0
 10
1148.363941012802
 20
-982.1247287256283
 30
0.0
 10
1140.16667029054
 20
-985.0757511888623
 30
0.0
 10
1135.576218698934
 20
-991.9614535923483
 30
0.0
 10
1130.985717075166
 20
-998.1913843444909
 30
0.0
 10
1125.739443800045
 20
-1005.077086747979
 30
0.0
 10
1121.476903050203
 20
-1012.946471644573
 30
0.0
 10
1116.886401426431
 20
-1020.487970715498
 30
0.0
 10
1115.24694728197
 20
-1023.438993178732
 30
0.0
 10
1112.951721486166
 20
-1024.750561497511
 30
0.0
 10
1109.672813197261
 20
-1026.062104800207
 30
0.0
 10
1106.721815750112
 20
-1027.045787293308
 30
0.0
 10
1103.770768270802
 20
-1029.668898914782
 30
0.0
 10
1102.13131412634
 20
-1032.292035552346
 30
0.0
 10
1095.901408390291
 20
-1042.784532070416
 30
0.0
 10
1090.327224273411
 20
-1053.932825255917
 30
0.0
 10
1084.097318537355
 20
-1064.425346790071
 30
0.0
 10
1083.441546886002
 20
-1065.736890092761
 30
0.0
 10
1082.129953551144
 20
-1067.376344237216
 30
0.0
 10
1081.146321090211
 20
-1067.376344237216
 30
0.0
 10
1076.227958656844
 20
-1068.032115888564
 30
0.0
 10
1073.932732861043
 20
-1071.311024177474
 30
0.0
 10
1072.621139526176
 20
-1075.245704117728
 30
0.0
 10
1067.702777092822
 20
-1088.689248115115
 30
0.0
 10
1062.78441465946
 20
-1102.460652922096
 30
0.0
 10
1057.866052226094
 20
-1115.904146887313
 30
0.0
 10
1057.538141384339
 20
-1117.215690189998
 30
0.0
 10
1055.898687239889
 20
-1118.527283524865
 30
0.0
 10
1054.915054778952
 20
-1118.855144334453
 30
0.0
 10
1051.636146490047
 20
-1119.838826827561
 30
0.0
 10
1049.668781503831
 20
-1121.806141781604
 30
0.0
 10
1048.685149042896
 20
-1125.085050070515
 30
0.0
 10
1048.35723820113
 20
-1126.396593373207
 30
0.0
 10
1047.045694898443
 20
-1127.708186708072
 30
0.0
 10
1046.389923247092
 20
-1129.019730010768
 30
0.0
 10
1046.062012405333
 20
-1128.691819169009
 30
0.0
 10
1045.406240753982
 20
-1128.363958359421
 30
0.0
 10
1045.078379944396
 20
-1128.363958359421
 30
0.0
 10
1046.389923247092
 20
-1125.085050070515
 30
0.0
 10
1047.701516581959
 20
-1121.806141781604
 30
0.0
 10
1048.685199075062
 20
-1118.199322650944
 30
0.0
 10
1051.30833571262
 20
-1110.329962770433
 30
0.0
 10
1054.259333159771
 20
-1102.460552857749
 30
0.0
 10
1056.882469797332
 20
-1094.591192977241
 30
0.0
 10
1058.849834783543
 20
-1088.361287241185
 30
0.0
 10
1057.86615229044
 20
-1085.738150603627
 30
0.0
 10
1053.275650666668
 20
-1082.78710312431
 30
0.0
 10
1054.915104811118
 20
-1074.589832402038
 30
0.0
 10
1056.554558955571
 20
-1066.392561679771
 30
0.0
 10
1057.866102258269
 20
-1058.523176783181
 30
0.0
 10
1057.866102258269
 20
-1057.867405131828
 30
0.0
 10
1058.194013100025
 20
-1056.883722638726
 30
0.0
 10
1057.866102258269
 20
-1056.227950987377
 30
0.0
 10
1054.915104811118
 20
-1050.325906060909
 30
0.0
 10
1058.521873909613
 20
-1045.407543627549
 30
0.0
 10
1059.833467244476
 20
-1040.161295368516
 30
0.0
 10
1061.145010547176
 20
-1034.915047109482
 30
0.0
 10
1062.784464691631
 20
-1029.996684676118
 30
0.0
 10
1064.096058026493
 20
-1024.750436417085
 30
0.0
 10
1065.407601329183
 20
-1019.176302332377
 30
0.0
 10
1063.11237553339
 20
-1015.241597376034
 30
0.0
 10
1058.194013100025
 20
-1012.94637158023
 30
0.0
 10
1058.849784751375
 20
-1009.339577465655
 30
0.0
 10
1059.833467244476
 20
-1006.060669176743
 30
0.0
 10
1060.161378086239
 20
-1002.453875062167
 30
0.0
 10
1061.145060579343
 20
-996.8797409774543
 30
0.0
 10
1062.128743072453
 20
-991.3055818766607
 30
0.0
 10
1062.456603882041
 20
-986.059333617628
 30
0.0
 10
1062.784514723797
 20
-984.0919936475002
 30
0.0
 10
1062.128693040278
 20
-981.4688570099424
 30
0.0
 10
1060.817149737588
 20
-979.8294028654873
 30
0.0
 10
1058.849784751375
 20
-977.8620628953613
 30
0.0
 10
1059.177695593127
 20
-976.2226087509061
 30
0.0
 10
1059.833467244476
 20
-973.9273579390192
 30
0.0
 10
1064.096058026493
 20
-961.139610609067
 30
0.0
 10
1064.751829677843
 20
-948.0239774534366
 30
0.0
 10
1064.096058026493
 20
-934.9083442978081
 30
0.0
 10
1064.096058026493
 20
-933.5967759790274
 30
0.0
 10
1063.768147184734
 20
-932.2852076602485
 30
0.0
 10
1063.11237553339
 20
-931.6294360089014
 30
0.0
 10
1059.833467244476
 20
-928.6784135456674
 30
0.0
 10
1060.817149737588
 20
-925.0716194310862
 30
0.0
 10
1060.817149737588
 20
-921.4648253165051
 30
0.0
 10
1060.817149737588
 20
-914.2512370873428
 30
0.0
 10
1061.145060579343
 20
-907.0376238420959
 30
0.0
 10
1060.489238895827
 20
-899.8240356129354
 30
0.0
 10
1060.489238895827
 20
-897.200898975374
 30
0.0
 10
1058.521873909613
 20
-894.5777873539009
 30
0.0
 10
1057.538241448676
 20
-891.9546507163395
 30
0.0
 10
1057.210330606922
 20
-890.9709682232333
 30
0.0
 10
1056.554558955571
 20
-889.9873107462136
 30
0.0
 10
1056.554558955571
 20
-889.0036282531073
 30
0.0
 10
1057.538241448676
 20
-880.4784717051643
 30
0.0
 10
1058.194013100025
 20
-871.9533151572232
 30
0.0
 10
1055.898787304221
 20
-863.4281335931973
 30
0.0
 10
1055.243015652872
 20
-861.4607936230695
 30
0.0
 10
1055.898787304221
 20
-858.83765698551
 30
0.0
 10
1055.570876462469
 20
-856.8703170153822
 30
0.0
 10
1055.242965620706
 20
-852.6077387414116
 30
0.0
 10
1053.931422318015
 20
-849.3288304525049
 30
0.0
 10
1049.340970726411
 20
-847.6893763080516
 30
0.0
 10
1048.685199075062
 20
-847.3614904823771
 30
0.0
 10
1047.701516581959
 20
-846.0499221635982
 30
0.0
 10
1047.701516581959
 20
-845.0662521785343
 30
0.0
 10
1047.045744930612
 20
-837.5247656156544
 30
0.0
 10
1046.389973279263
 20
-829.9832790527771
 30
0.0
 10
1046.062062437508
 20
-822.4417799818557
 30
0.0
 10
1045.406290786155
 20
-814.5723950852625
 30
0.0
 10
1042.783154148594
 20
-810.9656009706832
 30
0.0
 10
1036.553248412536
 20
-808.9982610005536
 30
0.0
 10
1034.913794268086
 20
-801.1288761039586
 30
0.0
 10
1033.602250965396
 20
-793.2595037154078
 30
0.0
 10
1031.962796820935
 20
-785.7180171525306
 30
0.0
 10
1031.63488597918
 20
-784.0785630080745
 30
0.0
 10
1030.323342676478
 20
-782.439108863623
 30
0.0
 10
1029.339660183377
 20
-781.7833247042327
 30
0.0
 10
1026.388662736226
 20
-780.4717563854538
 30
0.0
 10
1026.71652354582
 20
-778.8323022409986
 30
0.0
 10
1026.388662736226
 20
-776.2091781114823
 30
0.0
 10
1025.732891084885
 20
-770.9629298524469
 30
0.0
 10
1024.749208591775
 20
-765.3887832596965
 30
0.0
 10
1023.765526098672
 20
-760.1425224926206
 30
0.0
 10
1023.10975444732
 20
-756.2078300443227
 30
0.0
 10
1022.453957779891
 20
-751.9452517703521
 30
0.0
 10
1021.798186128541
 20
-748.010559322056
 30
0.0
 10
1020.158731984091
 20
-738.8296186147236
 30
0.0
 10
1018.847163665312
 20
-729.6486716533709
 30
0.0
 10
1016.879823695184
 20
-720.4677309460385
 30
0.0
 10
1015.896141202073
 20
-714.8935843532881
 30
0.0
 10
1013.600915406272
 20
-712.9262443831612
 30
0.0
 10
1008.682552972914
 20
-712.5983523034647
 30
0.0
 10
1004.092076365228
 20
-712.2704602237691
 30
0.0
 10
1000.157396424971
 20
-714.8935906073084
 30
0.0
 10
998.8458281061921
 20
-719.8119530406693
 30
0.0
 10
997.2063739617388
 20
-726.3697696184845
 30
0.0
 10
996.2226914686325
 20
-732.9275861962997
 30
0.0
 10
994.9111481659384
 20
-739.8132948538087
 30
0.0
 10
993.9274656728321
 20
-744.4037652074749
 30
0.0
 10
993.2716940214832
 20
-749.3221276408349
 30
0.0
 10
992.6159223701361
 20
-753.9126042485223
 30
0.0
 10
991.9601507187908
 20
-758.8309666818823
 30
0.0
 10
991.3043540513572
 20
-763.7493291152441
 30
0.0
 10
990.3206965743357
 20
-768.667691548605
 30
0.0
 10
989.9928107486612
 20
-769.6513615336671
 30
0.0
 10
989.3370140812294
 20
-771.2908156781214
 30
0.0
 10
988.6812424298823
 20
-771.2908156781214
 30
0.0
 10
983.7628799965205
 20
-772.6023839969021
 30
0.0
 10
983.1071083451734
 20
-776.2091781114823
 30
0.0
 10
982.7791975034161
 20
-780.1438705597793
 30
0.0
 10
981.795515010308
 20
-789.6527096008276
 30
0.0
 10
980.8118575332883
 20
-798.8336503081573
 30
0.0
 10
979.5002892145076
 20
-808.3424893492074
 30
0.0
 10
979.5002892145076
 20
-808.9982735085978
 30
0.0
 10
978.1887208957269
 20
-809.6540576679863
 30
0.0
 10
977.5329492443816
 20
-810.3098293193352
 30
0.0
 10
973.9261551298005
 20
-812.9329534488515
 30
0.0
 10
971.3030184922391
 20
-815.8839759120856
 30
0.0
 10
970.9751326665682
 20
-820.8023383454438
 30
0.0
 10
970.3193610152193
 20
-828.6717232420397
 30
0.0
 10
969.0077926964404
 20
-836.8689939643073
 30
0.0
 10
967.6962243776597
 20
-844.7383663528599
 30
0.0
 10
967.6962243776597
 20
-845.3941505122493
 30
0.0
 10
966.7125418845535
 20
-846.0499346716406
 30
0.0
 10
966.0567702332046
 20
-846.3778204973132
 30
0.0
 10
964.7452019144257
 20
-848.0172746417666
 30
0.0
 10
962.4499761186235
 20
-849.6567287862217
 30
0.0
 10
962.1220902929526
 20
-851.6240687563477
 30
0.0
 10
961.1384077998446
 20
-856.5424311897095
 30
0.0
 10
960.4826361484975
 20
-861.788679448744
 30
0.0
 10
960.154750322823
 20
-867.0349277077785
 30
0.0
 10
959.8268644971504
 20
-871.9532901411367
 30
0.0
 10
960.154750322823
 20
-876.8716525744985
 30
0.0
 10
960.154750322823
 20
-881.4621291821859
 30
0.0
 10
960.154750322823
 20
-885.3968091224415
 30
0.0
 10
961.1384328159293
 20
-889.987285730127
 30
0.0
 10
957.8595245270226
 20
-893.2661940190355
 30
0.0
 10
957.5316387013481
 20
-893.9219656703826
 30
0.0
 10
957.2037528756755
 20
-894.9056481634889
 30
0.0
 10
957.2037528756755
 20
-895.561419814836
 30
0.0
 10
957.8595245270226
 20
-905.0702588558834
 30
0.0
 10
953.2690729354217
 20
-914.2511870551734
 30
0.0
 10
956.875867050001
 20
-923.7600260962208
 30
0.0
 10
958.5153211944544
 20
-928.3505027039064
 30
0.0
 10
957.5316387013481
 20
-933.5967509629409
 30
0.0
 10
954.2527304124415
 20
-937.8593417449556
 30
0.0
 10
951.6295937748819
 20
-941.1382500338623
 30
0.0
 10
951.9575046166392
 20
-945.0729299741197
 30
0.0
 10
952.9411620936626
 20
-949.0076349304563
 30
0.0
 10
953.2690479193352
 20
-950.6470890749115
 30
0.0
 10
953.5969337450097
 20
-951.9586573936904
 30
0.0
 10
953.924844586767
 20
-953.5981115381455
 30
0.0
 10
954.9085270798751
 20
-958.1885881458329
 30
0.0
 10
955.8921845568948
 20
-963.1069505791911
 30
0.0
 10
956.875867050001
 20
-967.6974271868785
 30
0.0
 10
957.2037528756755
 20
-969.33688133133
 30
0.0
 10
956.875867050001
 20
-970.9763354757852
 30
0.0
 10
956.5479812243284
 20
-972.6157896202403
 30
0.0
 10
956.2200953986539
 20
-976.8783804022532
 30
0.0
 10
955.2364129055477
 20
-981.1409461681833
 30
0.0
 10
955.5642987312222
 20
-985.4035369501962
 30
0.0
 10
956.2200703825692
 20
-992.2892393536822
 30
0.0
 10
958.1874353687817
 20
-998.8470559314956
 30
0.0
 10
959.4989786714759
 20
-1005.732758334989
 30
0.0
 10
959.8268644971504
 20
-1006.716440828091
 30
0.0
 10
960.154750322823
 20
-1007.700098305111
 30
0.0
 10
959.4989786714759
 20
-1008.355894972547
 30
0.0
 10
954.5806162381141
 20
-1014.585825724687
 30
0.0
 10
956.5479562082437
 20
-1021.799413953851
 30
0.0
 10
957.2037528756755
 20
-1028.357230531663
 30
0.0
 10
957.8595245270226
 20
-1034.587161283805
 30
0.0
 10
960.1547753389077
 20
-1040.489181194187
 30
0.0
 10
961.4663436576884
 20
-1046.391226120655
 30
0.0
 10
961.7942294833629
 20
-1047.702794439434
 30
0.0
 10
961.4663436576884
 20
-1049.342248583886
 30
0.0
 10
960.8105720063413
 20
-1049.998020235238
 30
0.0
 10
958.1874353687817
 20
-1052.949042698467
 30
0.0
 10
957.5316637174328
 20
-1056.55583681305
 30
0.0
 10
958.5153462105409
 20
-1059.834745101954
 30
0.0
 10
960.8105720063413
 20
-1068.359926665986
 30
0.0
 10
963.4337086439009
 20
-1076.88505819784
 30
0.0
 10
965.7289344397013
 20
-1085.410239761868
 30
0.0
 10
966.3847060910484
 20
-1087.705465557665
 30
0.0
 10
966.7126169328076
 20
-1089.672830543886
 30
0.0
 10
965.4010486140287
 20
-1092.295967181439
 30
0.0
 10
962.4500261507947
 20
-1098.198012107907
 30
0.0
 10
965.4010486140287
 20
-1103.772146192616
 30
0.0
 10
967.040502758482
 20
-1109.346280277325
 30
0.0
 10
969.9915252217143
 20
-1118.527233492699
 30
0.0
 10
973.5983193362954
 20
-1127.708186708072
 30
0.0
 10
977.2051134508765
 20
-1137.217000733035
 30
0.0
 10
974.9098876550743
 20
-1138.200683226138
 30
0.0
 10
973.2704335106228
 20
-1138.856454877487
 30
0.0
 10
970.9751826987358
 20
-1139.840137370598
 30
0.0
 10
968.6799569029354
 20
-1134.266003285884
 30
0.0
 10
966.3847060910484
 20
-1128.363958359421
 30
0.0
 10
963.4336836278162
 20
-1122.789824274712
 30
0.0
 10
962.7779119764673
 20
-1121.150370130252
 30
0.0
 10
961.138457832014
 20
-1119.183005144047
 30
0.0
 10
959.4990036875606
 20
-1118.855144334453
 30
0.0
 10
956.2200953986539
 20
-1118.19937268311
 30
0.0
 10
955.5643237473068
 20
-1116.232007696895
 30
0.0
 10
954.5806412542006
 20
-1113.608871059338
 30
0.0
 10
949.6622788208406
 20
-1100.165327061946
 30
0.0
 10
945.0718022131514
 20
-1086.39392225498
 30
0.0
 10
939.8255539541169
 20
-1072.95042828976
 30
0.0
 10
938.513985635338
 20
-1069.0157483495
 30
0.0
 10
935.5629631721058
 20
-1066.064700870184
 30
0.0
 10
930.9725115805013
 20
-1065.408929218835
 30
0.0
 10
929.9888290873969
 20
-1065.408929218835
 30
0.0
 10
929.0051716103735
 20
-1064.425246725728
 30
0.0
 10
928.3493749429417
 20
-1063.769475074379
 30
0.0
 10
922.7752408582328
 20
-1053.604864381987
 30
0.0
 10
917.201081757441
 20
-1043.112342847833
 30
0.0
 10
911.2990618470576
 20
-1032.94773215544
 30
0.0
 10
909.6596077026061
 20
-1029.996709692205
 30
0.0
 10
906.708585239372
 20
-1027.045687228971
 30
0.0
 10
903.4296769504654
 20
-1026.062029751953
 30
0.0
 10
898.1834286914309
 20
-1024.422575607496
 30
0.0
 10
896.5439745469776
 20
-1020.487895667244
 30
0.0
 10
894.2487237350906
 20
-1016.553190710902
 30
0.0
 10
890.3140437948368
 20
-1010.323259958757
 30
0.0
 10
886.3793388384966
 20
-1004.421240048376
 30
0.0
 10
882.1167730725683
 20
-998.5191951219076
 30
0.0
 10
878.1820931323127
 20
-993.272946862875
 30
0.0
 10
873.9195023502998
 20
-988.354584429515
 30
0.0
 10
869.984822410046
 20
-983.1083361704823
 30
0.0
 10
869.3290507586971
 20
-982.4525645191334
 30
0.0
 10
868.6732540912653
 20
-981.4688820260271
 30
0.0
 10
868.0174824399182
 20
-981.140996200349
 30
0.0
 10
861.1317800364295
 20
-979.5015420558993
 30
0.0
 10
859.8202117176497
 20
-972.6158396524115
 30
0.0
 10
856.2134176030686
 20
-968.0253630447223
 30
0.0
 10
851.2950551697077
 20
-962.1233181182579
 30
0.0
 10
846.7045785620221
 20
-956.549184033549
 30
0.0
 10
841.7862161286612
 20
-950.647139107079
 30
0.0
 10
841.1304444773132
 20
-949.6634566139746
 30
0.0
 10
839.4909903328589
 20
-949.0076849626275
 30
0.0
 10
838.17942201408
 20
-949.0076849626275
 30
0.0
 10
830.3100371174851
 20
-948.6797991369531
 30
0.0
 10
827.359014654252
 20
-942.4498683848124
 30
0.0
 10
822.7685630626502
 20
-937.5315059514523
 30
0.0
 10
817.8502006292892
 20
-931.9573718667452
 30
0.0
 10
813.259724021601
 20
-925.7274411146027
 30
0.0
 10
804.4066816479854
 20
-926.7110985916261
 30
0.0
 10
803.7508974885968
 20
-926.7110985916261
 30
0.0
 10
802.7672275035338
 20
-926.3832127659516
 30
0.0
 10
802.4393416778594
 20
-925.727416098518
 30
0.0
 10
798.1767634038897
 20
-920.8090536651562
 30
0.0
 10
793.5862867962014
 20
-916.2185770574688
 30
0.0
 10
789.3237085222308
 20
-911.3002146241106
 30
0.0
 10
788.340038537167
 20
-909.9886463053299
 30
0.0
 10
787.0284702183872
 20
-909.0049888283083
 30
0.0
 10
786.0448002333223
 20
-907.6934205095276
 30
0.0
 10
781.1264377999623
 20
-901.1356039317143
 30
0.0
 10
776.8638595259927
 20
-900.151921438608
 30
0.0
 10
769.6502587887862
 20
-903.758740569272
 30
0.0
 10
756.8625114588312
 20
-892.9383332094458
 30
0.0
 10
743.4189924775301
 20
-882.4458366913786
 30
0.0
 10
728.008121018057
 20
-874.9043376204572
 30
0.0
 10
723.089758584696
 20
-872.6091118246568
 30
0.0
 10
718.8271803107245
 20
-872.6091118246568
 30
0.0
 10
715.8761578474914
 20
-875.2322234461317
 30
0.0
 10
713.2530337179751
 20
-877.8553600836894
 30
0.0
 10
712.2693637329112
 20
-884.0852658197473
 30
0.0
 10
714.5645895287125
 20
-888.0199707760858
 30
0.0
 10
718.4992819770105
 20
-894.5777873539009
 30
0.0
 10
722.7618602509792
 20
-900.8077181060398
 30
0.0
 10
727.0244385249507
 20
-907.0376488581805
 30
0.0
 10
729.9754609881838
 20
-911.6281254658679
 30
0.0
 10
733.2543692770923
 20
-916.2186020735571
 30
0.0
 10
736.533277565999
 20
-920.8090536651562
 30
0.0
 10
737.8448458847779
 20
-922.4485078096095
 30
0.0
 10
739.484300029233
 20
-924.0879619540647
 30
0.0
 10
741.1237541736864
 20
-926.0553019241925
 30
0.0
 10
737.5169600591043
 20
-931.3015501832251
 30
0.0
 10
738.5006300441692
 20
-936.5477984422596
 30
0.0
 10
741.4516399993599
 20
-941.4661608756232
 30
0.0
 10
746.0421166070473
 20
-949.3355457722173
 30
0.0
 10
751.2883648660827
 20
-956.8770198270504
 30
0.0
 10
755.8788414737692
 20
-964.4185188979718
 30
0.0
 10
756.2067272994418
 20
-965.0742905493189
 30
0.0
 10
756.5346256331586
 20
-966.0579730424233
 30
0.0
 10
756.2067272994418
 20
-966.7137446937722
 30
0.0
 10
753.9114889955981
 20
-972.6157896202403
 30
0.0
 10
754.895158980662
 20
-978.1899237049474
 30
0.0
 10
758.1740672695687
 20
-983.1082861383111
 30
0.0
 10
762.4366455435402
 20
-989.6661027161244
 30
0.0
 10
767.0271221512276
 20
-996.2239192939378
 30
0.0
 10
771.6175862508717
 20
-1003.109621697426
 30
0.0
 10
772.2733704102629
 20
-1003.765393348775
 30
0.0
 10
772.6012562359356
 20
-1005.076961667553
 30
0.0
 10
772.6012562359356
 20
-1005.732758334989
 30
0.0
 10
771.9454720765461
 20
-1010.979006594021
 30
0.0
 10
773.9128245547154
 20
-1015.241597376034
 30
0.0
 10
776.8638345099071
 20
-1019.504163141964
 30
0.0
 10
780.7985269582032
 20
-1025.078297226673
 30
0.0
 10
783.7495369133949
 20
-1031.308227978814
 30
0.0
 10
787.3563435360184
 20
-1037.210272905282
 30
0.0
 10
789.3236835061452
 20
-1040.489181194187
 30
0.0
 10
791.9468201437057
 20
-1043.768089483099
 30
0.0
 10
794.2420459395062
 20
-1047.046997772004
 30
0.0
 10
794.5699317651797
 20
-1047.702769423347
 30
0.0
 10
795.225715924571
 20
-1048.686451916454
 30
0.0
 10
794.8978300988956
 20
-1049.342223567803
 30
0.0
 10
792.6025917950519
 20
-1055.900040145618
 30
0.0
 10
796.2093984176754
 20
-1060.81840257898
 30
0.0
 10
799.8161925322565
 20
-1064.753082519233
 30
0.0
 10
808.6692474139154
 20
-1074.589782369867
 30
0.0
 10
817.8501756132036
 20
-1084.098646427001
 30
0.0
 10
827.0311288285775
 20
-1093.935371293723
 30
0.0
 10
828.0148113216837
 20
-1094.919053786831
 30
0.0
 10
828.6705829730317
 20
-1096.886368740874
 30
0.0
 10
828.3426971473582
 20
-1098.197962075741
 30
0.0
 10
828.0148113216837
 20
-1101.804781206401
 30
0.0
 10
828.6705829730317
 20
-1105.083689495312
 30
0.0
 10
831.2937196105913
 20
-1107.378915291105
 30
0.0
 10
838.17942201408
 20
-1113.608821027161
 30
0.0
 10
845.3930352593261
 20
-1119.838776795395
 30
0.0
 10
852.2787376628139
 20
-1126.068682531441
 30
0.0
 10
854.2460776329408
 20
-1127.708136675901
 30
0.0
 10
854.5739634586143
 20
-1129.019679978597
 30
0.0
 10
853.9181918072682
 20
-1131.314955806562
 30
0.0
 10
852.6066234884884
 20
-1134.921774937233
 30
0.0
 10
853.9181918072682
 20
-1138.200683226138
 30
0.0
 10
856.8692142705013
 20
-1140.823769831524
 30
0.0
 10
864.7385991670963
 20
-1147.053675567591
 30
0.0
 10
872.6079840636903
 20
-1153.611492145403
 30
0.0
 10
880.4773439441997
 20
-1159.841447913626
 30
0.0
 10
883.1004805817593
 20
-1161.808812899841
 30
0.0
 10
885.7235922032341
 20
-1163.44826704429
 30
0.0
 10
888.0188430151193
 20
-1164.759810346992
 30
0.0
 10
889.3304113338982
 20
-1168.694490287246
 30
0.0
 10
890.3140688109215
 20
-1171.973398576152
 30
0.0
 10
891.2977513040278
 20
-1175.252306865057
 30
0.0
 10
888.6746146664682
 20
-1173.940763562361
 30
0.0
 10
886.0515030449915
 20
-1172.301309417906
 30
0.0
 10
883.1004805817593
 20
-1171.317626924803
 30
0.0
 10
881.1331406116315
 20
-1170.661855273454
 30
0.0
 10
878.8378897997463
 20
-1169.678172780348
 30
0.0
 10
877.1984356552912
 20
-1170.006083622102
 30
0.0
 10
873.9195273663845
 20
-1170.989766115215
 30
0.0
 10
871.6243015705841
 20
-1170.006083622102
 30
0.0
 10
869.0011649330245
 20
-1168.038718635898
 30
0.0
 10
863.0991200065564
 20
-1163.77612785388
 30
0.0
 10
856.8692142705013
 20
-1160.169358755385
 30
0.0
 10
850.6392835183615
 20
-1156.890450466475
 30
0.0
 10
848.016146880801
 20
-1155.578907163785
 30
0.0
 10
844.4093527662199
 20
-1156.234678815137
 30
0.0
 10
841.1304444773132
 20
-1156.234678815137
 30
0.0
 10
839.4909903328589
 20
-1156.234678815137
 30
0.0
 10
837.8515361884074
 20
-1156.562589656885
 30
0.0
 10
836.5399678696258
 20
-1155.906767973373
 30
0.0
 10
825.3916746841251
 20
-1151.644177191365
 30
0.0
 10
814.5712923403826
 20
-1146.725814757998
 30
0.0
 10
803.42299915488
 20
-1142.463223975985
 30
0.0
 10
799.1604208809085
 20
-1140.823769831524
 30
0.0
 10
794.569944273223
 20
-1140.495858989771
 30
0.0
 10
789.9794801735788
 20
-1142.79113481774
 30
0.0
 10
788.995810188515
 20
-1143.119045659503
 30
0.0
 10
787.3563560440598
 20
-1143.119045659503
 30
0.0
 10
786.3726860589968
 20
-1142.79113481774
 30
0.0
 10
776.2080753666014
 20
-1139.840137370598
 30
0.0
 10
766.0434521661646
 20
-1136.889089891281
 30
0.0
 10
755.5509431400524
 20
-1133.93809244413
 30
0.0
 10
752.5999206768192
 20
-1132.954409951022
 30
0.0
 10
749.3210123879117
 20
-1132.626549141429
 30
0.0
 10
746.37000243272
 20
-1132.298638299675
 30
0.0
 10
744.7305482882675
 20
-1131.970727457916
 30
0.0
 10
742.7632083181388
 20
-1132.298638299675
 30
0.0
 10
741.7795258250326
 20
-1132.954409951022
 30
0.0
 10
737.5169475510629
 20
-1136.561229081688
 30
0.0
 10
733.5822551027659
 20
-1133.282320792781
 30
0.0
 10
729.3196768287962
 20
-1132.626499109263
 30
0.0
 10
723.0897460766546
 20
-1131.64281661616
 30
0.0
 10
716.5319294988394
 20
-1130.659134123049
 30
0.0
 10
709.9741129210242
 20
-1129.675501662112
 30
0.0
 10
708.9904429359622
 20
-1129.675501662112
 30
0.0
 10
707.6788746171806
 20
-1129.675501662112
 30
0.0
 10
707.0230967118132
 20
-1130.331273313459
 30
0.0
 10
701.7768421987566
 20
-1135.57754658858
 30
0.0
 10
696.5305876857019
 20
-1130.987044964808
 30
0.0
 10
691.2843331726453
 20
-1130.331273313459
 30
0.0
 10
686.3659707392853
 20
-1129.675501662112
 30
0.0
 10
681.4476083059244
 20
-1128.691819169009
 30
0.0
 10
676.8571379522582
 20
-1131.314955806562
 30
0.0
 10
676.2013537928688
 20
-1131.642866648326
 30
0.0
 10
675.2176838078049
 20
-1131.642866648326
 30
0.0
 10
674.2340138227419
 20
-1131.642866648326
 30
0.0
 10
667.0204130855373
 20
-1130.33132334563
 30
0.0
 10
659.4789265226582
 20
-1128.691869201175
 30
0.0
 10
652.2653289124655
 20
-1127.380275866308
 30
0.0
 10
644.068058190197
 20
-1126.068732563617
 30
0.0
 10
635.5428985152439
 20
-1124.75713922875
 30
0.0
 10
627.3456262294721
 20
-1123.773456735653
 30
0.0
 10
625.3782815688273
 20
-1123.445545893888
 30
0.0
 10
623.4109353446784
 20
-1122.789774242541
 30
0.0
 10
621.7714812002259
 20
-1122.461913432953
 30
0.0
 10
617.1810092830556
 20
-1121.478230939845
 30
0.0
 10
612.5905381476359
 20
-1123.1176850843
 30
0.0
 10
610.9510840031835
 20
-1126.72450421497
 30
0.0
 10
608.9837389516624
 20
-1131.642866648326
 30
0.0
 10
610.2953021890507
 20
-1136.561229081688
 30
0.0
 10
614.8857741062229
 20
-1138.856454877487
 30
0.0
 10
624.3946084567542
 20
-1143.446906469093
 30
0.0
 10
634.5592222761597
 20
-1147.709497251106
 30
0.0
 10
644.3959471428807
 20
-1152.299998874878
 30
0.0
 10
648.6585285438623
 20
-1154.267363861089
 30
0.0
 10
652.9211099448448
 20
-1155.578907163785
 30
0.0
 10
657.8394723782048
 20
-1157.546272149999
 30
0.0
 10
655.8721261540568
 20
-1166.399314523613
 30
0.0
 10
662.7578348115658
 20
-1168.694540319411
 30
0.0
 10
668.6598672299897
 20
-1170.989816147387
 30
0.0
 10
674.8897917281101
 20
-1173.612952784939
 30
0.0
 10
681.4476083059244
 20
-1175.908178580743
 30
0.0
 10
687.6775390580642
 20
-1178.20340437654
 30
0.0
 10
688.3333232174546
 20
-1178.531315218304
 30
0.0
 10
689.3169932025185
 20
-1179.514947679241
 30
0.0
 10
689.3169932025185
 20
-1180.17076936276
 30
0.0
 10
689.9727773619079
 20
-1183.777588493425
 30
0.0
 10
691.9401173320357
 20
-1186.072814289219
 30
0.0
 10
695.5469177006371
 20
-1187.38435759192
 30
0.0
 10
703.0884042635162
 20
-1190.007494229481
 30
0.0
 10
710.6298970804155
 20
-1193.286402518388
 30
0.0
 10
717.8434978176201
 20
-1196.565310807293
 30
0.0
 10
718.8271678026831
 20
-1196.893221649058
 30
0.0
 10
719.810837787747
 20
-1198.204764951748
 30
0.0
 10
720.1387361214629
 20
-1198.860536603092
 30
0.0
 10
720.7945202808523
 20
-1203.450988194698
 30
0.0
 10
724.4013143954353
 20
-1204.762581529565
 30
0.0
 10
728.008121018057
 20
-1206.40203567402
 30
0.0
 10
734.5659375958721
 20
-1209.025172311573
 30
0.0
 10
741.1237541736864
 20
-1210.992487265623
 30
0.0
 10
747.6815707514997
 20
-1213.615623903175
 30
0.0
 10
749.6489107216266
 20
-1214.271395554528
 30
0.0
 10
750.9604790404082
 20
-1216.238760540733
 30
0.0
 10
752.9278190105351
 20
-1217.222443033845
 30
0.0
 10
756.5346131251172
 20
-1219.189808020055
 30
0.0
 10
760.1414197477388
 20
-1221.157122974098
 30
0.0
 10
763.7482138623209
 20
-1222.140805467201
 30
0.0
 10
775.2243928734952
 20
-1225.419713756106
 30
0.0
 10
786.7005718846704
 20
-1228.370711203257
 30
0.0
 10
798.1767508958455
 20
-1231.649619492164
 30
0.0
 10
799.4883192146262
 20
-1231.977530333928
 30
0.0
 10
800.7998750253628
 20
-1233.944845287966
 30
0.0
 10
802.1114433441426
 20
-1234.600616939315
 30
0.0
 10
804.7345674736607
 20
-1236.240071083765
 30
0.0
 10
807.357691603178
 20
-1238.207436069984
 30
0.0
 10
810.3087140664111
 20
-1239.191068530921
 30
0.0
 10
820.8012230925224
 20
-1242.797887661576
 30
0.0
 10
831.6216304523505
 20
-1245.748885108727
 30
0.0
 10
843.0978094635257
 20
-1246.404656760082
 30
0.0
 10
845.7209461010862
 20
-1246.732567601841
 30
0.0
 10
848.6719435482346
 20
-1248.699882555884
 30
0.0
 10
851.2950801857924
 20
-1250.011475890746
 30
0.0
 10
853.9182168233529
 20
-1251.323019193436
 30
0.0
 10
856.2134426191542
 20
-1252.962473337888
 30
0.0
 10
858.8365792567138
 20
-1253.618295021406
 30
0.0
 10
863.0991700387267
 20
-1254.601977514518
 30
0.0
 10
867.6896216303285
 20
-1255.257749165867
 30
0.0
 10
872.2800982380159
 20
-1255.58566000762
 30
0.0
 10
883.100505597844
 20
-1256.241431658975
 30
0.0
 10
893.9208879415874
 20
-1256.897203310322
 30
0.0
 10
904.7412953014136
 20
-1257.880885803424
 30
0.0
 10
903.1018411569621
 20
-1258.536657454772
 30
0.0
 10
901.462387012507
 20
-1259.19242910612
 30
0.0
 10
899.8229328680536
 20
-1259.19242910612
 30
0.0
 10
889.3304363499847
 20
-1260.176111599227
 30
0.0
 10
879.8215973089373
 20
-1263.127109046378
 30
0.0
 10
870.6406440935625
 20
-1268.045471479734
 30
0.0
 10
869.9848724422154
 20
-1268.37338232149
 30
0.0
 10
869.0011899491092
 20
-1268.37338232149
 30
0.0
 10
868.0175074560029
 20
-1268.37338232149
 30
0.0
 10
865.0664849927707
 20
-1268.045471479734
 30
0.0
 10
862.443373371294
 20
-1267.389699828387
 30
0.0
 10
860.1481225594089
 20
-1266.733928177033
 30
0.0
 10
861.4596908781896
 20
-1265.750245683932
 30
0.0
 10
863.0991450226411
 20
-1264.11079153948
 30
0.0
 10
864.7385991670963
 20
-1262.799248236781
 30
0.0
 10
859.8202367337353
 20
-1261.487704934094
 30
0.0
 10
854.2461026490264
 20
-1261.159794092329
 30
0.0
 10
850.311397692687
 20
-1258.208796645189
 30
0.0
 10
841.4583553190723
 20
-1251.978890909131
 30
0.0
 10
830.6379479592433
 20
-1253.618345053583
 30
0.0
 10
821.1291089181959
 20
-1250.339436764671
 30
0.0
 10
814.5712923403826
 20
-1248.044210968877
 30
0.0
 10
808.0134757625674
 20
-1246.076845982658
 30
0.0
 10
801.4556591847522
 20
-1244.10953102862
 30
0.0
 10
800.7998750253628
 20
-1243.781620186861
 30
0.0
 10
800.1440908659733
 20
-1243.453759377271
 30
0.0
 10
799.8162050402998
 20
-1243.125848535507
 30
0.0
 10
795.2257284326124
 20
-1237.223803609049
 30
0.0
 10
788.3400260291246
 20
-1237.551714450803
 30
0.0
 10
782.110095276983
 20
-1235.584349464589
 30
0.0
 10
771.9454845845885
 20
-1232.305441175682
 30
0.0
 10
760.7971913990859
 20
-1230.338076189479
 30
0.0
 10
751.9441365174289
 20
-1225.091852946523
 30
0.0
 10
742.107411650708
 20
-1219.189808020055
 30
0.0
 10
730.9591184652072
 20
-1217.22249306601
 30
0.0
 10
721.1224061065268
 20
-1211.320448139542
 30
0.0
 10
719.4829519620725
 20
-1210.33676564644
 30
0.0
 10
716.8598278325553
 20
-1209.680993995093
 30
0.0
 10
716.5319294988394
 20
-1208.041539850637
 30
0.0
 10
713.9088053693222
 20
-1201.81163411458
 30
0.0
 10
707.6788746171806
 20
-1200.827951621477
 30
0.0
 10
702.432626358147
 20
-1198.532725825675
 30
0.0
 10
698.1700480841755
 20
-1196.565360839464
 30
0.0
 10
693.57957147649
 20
-1194.925906695009
 30
0.0
 10
689.6448852822132
 20
-1192.630680899207
 30
0.0
 10
687.3496469783695
 20
-1191.319137596514
 30
0.0
 10
685.0544149285479
 20
-1189.3517726103
 30
0.0
 10
683.7428528637884
 20
-1187.056546814501
 30
0.0
 10
682.4312907990306
 20
-1184.433410176945
 30
0.0
 10
680.4639445748817
 20
-1183.449727683832
 30
0.0
 10
677.8408204453644
 20
-1182.466095222895
 30
0.0
 10
671.2830038675502
 20
-1179.842958585337
 30
0.0
 10
665.0530793694315
 20
-1177.219821947776
 30
0.0
 10
658.8231486172899
 20
-1174.268824500634
 30
0.0
 10
654.5605672163083
 20
-1172.30145951442
 30
0.0
 10
651.9374399597809
 20
-1169.022551225513
 30
0.0
 10
650.6258778950223
 20
-1164.432099633907
 30
0.0
 10
650.2979858153258
 20
-1162.792645489457
 30
0.0
 10
648.3306427181878
 20
-1161.481102186755
 30
0.0
 10
646.6911885737354
 20
-1160.825280503243
 30
0.0
 10
634.2313364504862
 20
-1155.251146418534
 30
0.0
 10
621.4435953745515
 20
-1150.332783985177
 30
0.0
 10
609.3116353309988
 20
-1143.774967407355
 30
0.0
 10
599.4749104642751
 20
-1138.528694132245
 30
0.0
 10
600.1306922784079
 20
-1122.1341526877
 30
0.0
 10
609.6395262380629
 20
-1116.560018602991
 30
0.0
 10
612.9184341360942
 20
-1114.592653616777
 30
0.0
 10
617.5089060532655
 20
-1113.609021155846
 30
0.0
 10
621.1157048583627
 20
-1113.936881965439
 30
0.0
 10
628.3293040320614
 20
-1114.264792807195
 30
0.0
 10
635.542901642255
 20
-1115.904246951644
 30
0.0
 10
642.7564992524485
 20
-1117.215790254346
 30
0.0
 10
652.9211161988669
 20
-1119.18315524056
 30
0.0
 10
663.0857268912605
 20
-1121.1504701946
 30
0.0
 10
673.2503500916991
 20
-1123.117835180814
 30
0.0
 10
673.9061342510886
 20
-1123.117835180814
 30
0.0
 10
674.5619121564569
 20
-1123.445746022568
 30
0.0
 10
675.2176963158481
 20
-1123.117835180814
 30
0.0
 10
683.4149670381157
 20
-1120.166837733663
 30
0.0
 10
691.6122377603842
 20
-1122.1341526877
 30
0.0
 10
699.4816164029562
 20
-1123.773606832161
 30
0.0
 10
700.4652863880201
 20
-1124.101517673917
 30
0.0
 10
701.4489626271043
 20
-1124.101517673917
 30
0.0
 10
702.1047405324734
 20
-1123.773606832161
 30
0.0
 10
711.9414653991953
 20
-1119.511016050143
 30
0.0
 10
721.7781902659162
 20
-1121.806241845947
 30
0.0
 10
731.6149151326381
 20
-1124.757289325264
 30
0.0
 10
734.5659375958721
 20
-1125.740971818366
 30
0.0
 10
737.1890617253885
 20
-1126.068832627954
 30
0.0
 10
740.1400716805801
 20
-1125.085200167025
 30
0.0
 10
746.042104099005
 20
-1122.789974371215
 30
0.0
 10
751.9441365174289
 20
-1125.085200167025
 30
0.0
 10
757.8461814438961
 20
-1126.396743469719
 30
0.0
 10
767.3550204849425
 20
-1128.691969265523
 30
0.0
 10
776.8638470179494
 20
-1131.64301674484
 30
0.0
 10
786.7005718846704
 20
-1134.266103350226
 30
0.0
 10
787.6842418697333
 20
-1134.594014191982
 30
0.0
 10
788.995810188515
 20
-1134.594014191982
 30
0.0
 10
789.6515943479035
 20
-1134.266103350226
 30
0.0
 10
796.8651950851081
 20
-1131.970877554424
 30
0.0
 10
803.7508974885968
 20
-1133.938192508462
 30
0.0
 10
810.3087140664111
 20
-1136.233468336442
 30
0.0
 10
819.4896547737426
 20
-1139.840287467101
 30
0.0
 10
828.342722163442
 20
-1143.447056565601
 30
0.0
 10
837.1957645370585
 20
-1147.053875696261
 30
0.0
 10
838.5073328558383
 20
-1147.709647347614
 30
0.0
 10
840.4746728259661
 20
-1147.381786538026
 30
0.0
 10
842.1141269704194
 20
-1147.709647347614
 30
0.0
 10
847.6881109586175
 20
-1147.053875696261
 30
0.0
 10
851.6227908988722
 20
-1147.053875696261
 30
0.0
 10
853.9180166946726
 20
-1147.381786538026
 30
0.0
  0
HATCH
  5
4F
330
41
100
AcDbEntity
  8
katman 1
 62
     7
420
 16777215
100
AcDbHatch
 10
0.0
 20
0.0
 30
0.0
210
0.0
220
0.0
230
1.0
  2
SOLID
 70
     1
 71
     0
 91
        1
 92
        1
 93
        1
 72
     4
 94
        3
 73
     0
 74
     1
 95
     1373
 96
     1369
 40
0.0
 40
0.0
 40
0.0
 40
0.0
 40
1.0
 40
1.0
 40
1.0
 40
2.0
 40
2.0
 40
2.0
 40
3.0
 40
3.0
 40
3.0
 40
4.0
 40
4.0
 40
4.0
 40
5.0
 40
5.0
 40
5.0
 40
6.0
 40
6.0
 40
6.0
 40
7.0
 40
7.0
 40
7.0
 40
8.0
 40
8.0
 40
8.0
 40
9.0
 40
9.0
 40
9.0
 40
10.0
 40
10.0
 40
10.0
 40
11.0
 40
11.0
 40
11.0
 40
12.0
 40
12.0
 40
12.0
 40
13.0
 40
13.0
 40
13.0
 40
14.0
 40
14.0
 40
14.0
 40
15.0
 40
15.0
 40
15.0
 40
16.0
 40
16.0
 40
16.0
 40
17.0
 40
17.0
 40
17.0
 40
18.0
 40
18.0
 40
18.0
 40
19.0
 40
19.0
 40
19.0
 40
20.0
 40
20.0
 40
20.0
 40
21.0
 40
21.0
 40
21.0
 40
22.0
 40
22.0
 40
22.0
 40
23.0
 40
23.0
 40
23.0
 40
24.0
 40
24.0
 40
24.0
 40
25.0
 40
25.0
 40
25.0
 40
26.0
 40
26.0
 40
26.0
 40
27.0
 40
27.0
 40
27.0
 40
28.0
 40
28.0
 40
28.0
 40
29.0
 40
29.0
 40
29.0
 40
30.0
 40
30.0
 40
30.0
 40
31.0
 40
31.0
 40
31.0
 40
32.0
 40
32.0
 40
32.0
 40
33.0
 40
33.0
 40
33.0
 40
34.0
 40
34.0
 40
34.0
 40
35.0
 40
35.0
 40
35.0
 40
36.0
 40
36.0
 40
36.0
 40
37.0
 40
37.0
 40
37.0
 40
38.0
 40
38.0
 40
38.0
 40
39.0
 40
39.0
 40
39.0
 40
40.0
 40
40.0
 40
40.0
 40
41.0
 40
41.0
 40
41.0
 40
42.0
 40
42.0
 40
42.0
 40
43.0
 40
43.0
 40
43.0
 40
44.0
 40
44.0
 40
44.0
 40
45.0
 40
45.0
 40
45.0
 40
46.0
 40
46.0
 40
46.0
 40
47.0
 40
47.0
 40
47.0
 40
48.0
 40
48.0
 40
48.0
 40
49.0
 40
49.0
 40
49.0
 40
50.0
 40
50.0
 40
50.0
 40
51.0
 40
51.0
 40
51.0
 40
52.0
 40
52.0
 40
52.0
 40
53.0
 40
53.0
 40
53.0
 40
54.0
 40
54.0
 40
54.0
 40
55.0
 40
55.0
 40
55.0
 40
56.0
 40
56.0
 40
56.0
 40
57.0
 40
57.0
 40
57.0
 40
58.0
 40
58.0
 40
58.0
 40
59.0
 40
59.0
 40
59.0
 40
60.0
 40
60.0
 40
60.0
 40
61.0
 40
61.0
 40
61.0
 40
62.0
 40
62.0
 40
62.0
 40
63.0
 40
63.0
 40
63.0
 40
64.0
 40
64.0
 40
64.0
 40
65.0
 40
65.0
 40
65.0
 40
66.0
 40
66.0
 40
66.0
 40
67.0
 40
67.0
 40
67.0
 40
68.0
 40
68.0
 40
68.0
 40
69.0
 40
69.0
 40
69.0
 40
70.0
 40
70.0
 40
70.0
 40
71.0
 40
71.0
 40
71.0
 40
72.0
 40
72.0
 40
72.0
 40
73.0
 40
73.0
 40
73.0
 40
74.0
 40
74.0
 40
74.0
 40
75.0
 40
75.0
 40
75.0
 40
76.0
 40
76.0
 40
76.0
 40
77.0
 40
77.0
 40
77.0
 40
78.0
 40
78.0
 40
78.0
 40
79.0
 40
79.0
 40
79.0
 40
80.0
 40
80.0
 40
80.0
 40
81.0
 40
81.0
 40
81.0
 40
82.0
 40
82.0
 40
82.0
 40
83.0
 40
83.0
 40
83.0
 40
84.0
 40
84.0
 40
84.0
 40
85.0
 40
85.0
 40
85.0
 40
86.0
 40
86.0
 40
86.0
 40
87.0
 40
87.0
 40
87.0
 40
88.0
 40
88.0
 40
88.0
 40
89.0
 40
89.0
 40
89.0
 40
90.0
 40
90.0
 40
90.0
 40
91.0
 40
91.0
 40
91.0
 40
92.0
 40
92.0
 40
92.0
 40
93.0
 40
93.0
 40
93.0
 40
94.0
 40
94.0
 40
94.0
 40
95.0
 40
95.0
 40
95.0
 40
96.0
 40
96.0
 40
96.0
 40
97.0
 40
97.0
 40
97.0
 40
98.0
 40
98.0
 40
98.0
 40
99.0
 40
99.0
 40
99.0
 40
100.0
 40
100.0
 40
100.0
 40
101.0
 40
101.0
 40
101.0
 40
102.0
 40
102.0
 40
102.0
 40
103.0
 40
103.0
 40
103.0
 40
104.0
 40
104.0
 40
104.0
 40
105.0
 40
105.0
 40
105.0
 40
106.0
 40
106.0
 40
106.0
 40
107.0
 40
107.0
 40
107.0
 40
108.0
 40
108.0
 40
108.0
 40
109.0
 40
109.0
 40
109.0
 40
110.0
 40
110.0
 40
110.0
 40
111.0
 40
111.0
 40
111.0
 40
112.0
 40
112.0
 40
112.0
 40
113.0
 40
113.0
 40
113.0
 40
114.0
 40
114.0
 40
114.0
 40
115.0
 40
115.0
 40
115.0
 40
116.0
 40
116.0
 40
116.0
 40
117.0
 40
117.0
 40
117.0
 40
118.0
 40
118.0
 40
118.0
 40
119.0
 40
119.0
 40
119.0
 40
120.0
 40
120.0
 40
120.0
 40
121.0
 40
121.0
 40
121.0
 40
122.0
 40
122.0
 40
122.0
 40
123.0
 40
123.0
 40
123.0
 40
124.0
 40
124.0
 40
124.0
 40
125.0
 40
125.0
 40
125.0
 40
126.0
 40
126.0
 40
126.0
 40
127.0
 40
127.0
 40
127.0
 40
128.0
 40
128.0
 40
128.0
 40
129.0
 40
129.0
 40
129.0
 40
130.0
 40
130.0
 40
130.0
 40
131.0
 40
131.0
 40
131.0
 40
132.0
 40
132.0
 40
132.0
 40
133.0
 40
133.0
 40
133.0
 40
134.0
 40
134.0
 40
134.0
 40
135.0
 40
135.0
 40
135.0
 40
136.0
 40
136.0
 40
136.0
 40
137.0
 40
137.0
 40
137.0
 40
138.0
 40
138.0
 40
138.0
 40
139.0
 40
139.0
 40
139.0
 40
140.0
 40
140.0
 40
140.0
 40
141.0
 40
141.0
 40
141.0
 40
142.0
 40
142.0
 40
142.0
 40
143.0
 40
143.0
 40
143.0
 40
144.0
 40
144.0
 40
144.0
 40
145.0
 40
145.0
 40
145.0
 40
146.0
 40
146.0
 40
146.0
 40
147.0
 40
147.0
 40
147.0
 40
148.0
 40
148.0
 40
148.0
 40
149.0
 40
149.0
 40
149.0
 40
150.0
 40
150.0
 40
150.0
 40
151.0
 40
151.0
 40
151.0
 40
152.0
 40
152.0
 40
152.0
 40
153.0
 40
153.0
 40
153.0
 40
154.0
 40
154.0
 40
154.0
 40
155.0
 40
155.0
 40
155.0
 40
156.0
 40
156.0
 40
156.0
 40
157.0
 40
157.0
 40
157.0
 40
158.0
 40
158.0
 40
158.0
 40
159.0
 40
159.0
 40
159.0
 40
160.0
 40
160.0
 40
160.0
 40
161.0
 40
161.0
 40
161.0
 40
162.0
 40
162.0
 40
162.0
 40
163.0
 40
163.0
 40
163.0
 40
164.0
 40
164.0
 40
164.0
 40
165.0
 40
165.0
 40
165.0
 40
166.0
 40
166.0
 40
166.0
 40
167.0
 40
167.0
 40
167.0
 40
168.0
 40
168.0
 40
168.0
 40
169.0
 40
169.0
 40
169.0
 40
170.0
 40
170.0
 40
170.0
 40
171.0
 40
171.0
 40
171.0
 40
172.0
 40
172.0
 40
172.0
 40
173.0
 40
173.0
 40
173.0
 40
174.0
 40
174.0
 40
174.0
 40
175.0
 40
175.0
 40
175.0
 40
176.0
 40
176.0
 40
176.0
 40
177.0
 40
177.0
 40
177.0
 40
178.0
 40
178.0
 40
178.0
 40
179.0
 40
179.0
 40
179.0
 40
180.0
 40
180.0
 40
180.0
 40
181.0
 40
181.0
 40
181.0
 40
182.0
 40
182.0
 40
182.0
 40
183.0
 40
183.0
 40
183.0
 40
184.0
 40
184.0
 40
184.0
 40
185.0
 40
185.0
 40
185.0
 40
186.0
 40
186.0
 40
186.0
 40
187.0
 40
187.0
 40
187.0
 40
188.0
 40
188.0
 40
188.0
 40
189.0
 40
189.0
 40
189.0
 40
190.0
 40
190.0
 40
190.0
 40
191.0
 40
191.0
 40
191.0
 40
192.0
 40
192.0
 40
192.0
 40
193.0
 40
193.0
 40
193.0
 40
194.0
 40
194.0
 40
194.0
 40
195.0
 40
195.0
 40
195.0
 40
196.0
 40
196.0
 40
196.0
 40
197.0
 40
197.0
 40
197.0
 40
198.0
 40
198.0
 40
198.0
 40
199.0
 40
199.0
 40
199.0
 40
200.0
 40
200.0
 40
200.0
 40
201.0
 40
201.0
 40
201.0
 40
202.0
 40
202.0
 40
202.0
 40
203.0
 40
203.0
 40
203.0
 40
204.0
 40
204.0
 40
204.0
 40
205.0
 40
205.0
 40
205.0
 40
206.0
 40
206.0
 40
206.0
 40
207.0
 40
207.0
 40
207.0
 40
208.0
 40
208.0
 40
208.0
 40
209.0
 40
209.0
 40
209.0
 40
210.0
 40
210.0
 40
210.0
 40
211.0
 40
211.0
 40
211.0
 40
212.0
 40
212.0
 40
212.0
 40
213.0
 40
213.0
 40
213.0
 40
214.0
 40
214.0
 40
214.0
 40
215.0
 40
215.0
 40
215.0
 40
216.0
 40
216.0
 40
216.0
 40
217.0
 40
217.0
 40
217.0
 40
218.0
 40
218.0
 40
218.0
 40
219.0
 40
219.0
 40
219.0
 40
220.0
 40
220.0
 40
220.0
 40
221.0
 40
221.0
 40
221.0
 40
222.0
 40
222.0
 40
222.0
 40
223.0
 40
223.0
 40
223.0
 40
224.0
 40
224.0
 40
224.0
 40
225.0
 40
225.0
 40
225.0
 40
226.0
 40
226.0
 40
226.0
 40
227.0
 40
227.0
 40
227.0
 40
228.0
 40
228.0
 40
228.0
 40
229.0
 40
229.0
 40
229.0
 40
230.0
 40
230.0
 40
230.0
 40
231.0
 40
231.0
 40
231.0
 40
232.0
 40
232.0
 40
232.0
 40
233.0
 40
233.0
 40
233.0
 40
234.0
 40
234.0
 40
234.0
 40
235.0
 40
235.0
 40
235.0
 40
236.0
 40
236.0
 40
236.0
 40
237.0
 40
237.0
 40
237.0
 40
238.0
 40
238.0
 40
238.0
 40
239.0
 40
239.0
 40
239.0
 40
240.0
 40
240.0
 40
240.0
 40
241.0
 40
241.0
 40
241.0
 40
242.0
 40
242.0
 40
242.0
 40
243.0
 40
243.0
 40
243.0
 40
244.0
 40
244.0
 40
244.0
 40
245.0
 40
245.0
 40
245.0
 40
246.0
 40
246.0
 40
246.0
 40
247.0
 40
247.0
 40
247.0
 40
248.0
 40
248.0
 40
248.0
 40
249.0
 40
249.0
 40
249.0
 40
250.0
 40
250.0
 40
250.0
 40
251.0
 40
251.0
 40
251.0
 40
252.0
 40
252.0
 40
252.0
 40
253.0
 40
253.0
 40
253.0
 40
254.0
 40
254.0
 40
254.0
 40
255.0
 40
255.0
 40
255.0
 40
256.0
 40
256.0
 40
256.0
 40
257.0
 40
257.0
 40
257.0
 40
258.0
 40
258.0
 40
258.0
 40
259.0
 40
259.0
 40
259.0
 40
260.0
 40
260.0
 40
260.0
 40
261.0
 40
261.0
 40
261.0
 40
262.0
 40
262.0
 40
262.0
 40
263.0
 40
263.0
 40
263.0
 40
264.0
 40
264.0
 40
264.0
 40
265.0
 40
265.0
 40
265.0
 40
266.0
 40
266.0
 40
266.0
 40
267.0
 40
267.0
 40
267.0
 40
268.0
 40
268.0
 40
268.0
 40
269.0
 40
269.0
 40
269.0
 40
270.0
 40
270.0
 40
270.0
 40
271.0
 40
271.0
 40
271.0
 40
272.0
 40
272.0
 40
272.0
 40
273.0
 40
273.0
 40
273.0
 40
274.0
 40
274.0
 40
274.0
 40
275.0
 40
275.0
 40
275.0
 40
276.0
 40
276.0
 40
276.0
 40
277.0
 40
277.0
 40
277.0
 40
278.0
 40
278.0
 40
278.0
 40
279.0
 40
279.0
 40
279.0
 40
280.0
 40
280.0
 40
280.0
 40
281.0
 40
281.0
 40
281.0
 40
282.0
 40
282.0
 40
282.0
 40
283.0
 40
283.0
 40
283.0
 40
284.0
 40
284.0
 40
284.0
 40
285.0
 40
285.0
 40
285.0
 40
286.0
 40
286.0
 40
286.0
 40
287.0
 40
287.0
 40
287.0
 40
288.0
 40
288.0
 40
288.0
 40
289.0
 40
289.0
 40
289.0
 40
290.0
 40
290.0
 40
290.0
 40
291.0
 40
291.0
 40
291.0
 40
292.0
 40
292.0
 40
292.0
 40
293.0
 40
293.0
 40
293.0
 40
294.0
 40
294.0
 40
294.0
 40
295.0
 40
295.0
 40
295.0
 40
296.0
 40
296.0
 40
296.0
 40
297.0
 40
297.0
 40
297.0
 40
298.0
 40
298.0
 40
298.0
 40
299.0
 40
299.0
 40
299.0
 40
300.0
 40
300.0
 40
300.0
 40
301.0
 40
301.0
 40
301.0
 40
302.0
 40
302.0
 40
302.0
 40
303.0
 40
303.0
 40
303.0
 40
304.0
 40
304.0
 40
304.0
 40
305.0
 40
305.0
 40
305.0
 40
306.0
 40
306.0
 40
306.0
 40
307.0
 40
307.0
 40
307.0
 40
308.0
 40
308.0
 40
308.0
 40
309.0
 40
309.0
 40
309.0
 40
310.0
 40
310.0
 40
310.0
 40
311.0
 40
311.0
 40
311.0
 40
312.0
 40
312.0
 40
312.0
 40
313.0
 40
313.0
 40
313.0
 40
314.0
 40
314.0
 40
314.0
 40
315.0
 40
315.0
 40
315.0
 40
316.0
 40
316.0
 40
316.0
 40
317.0
 40
317.0
 40
317.0
 40
318.0
 40
318.0
 40
318.0
 40
319.0
 40
319.0
 40
319.0
 40
320.0
 40
320.0
 40
320.0
 40
321.0
 40
321.0
 40
321.0
 40
322.0
 40
322.0
 40
322.0
 40
323.0
 40
323.0
 40
323.0
 40
324.0
 40
324.0
 40
324.0
 40
325.0
 40
325.0
 40
325.0
 40
326.0
 40
326.0
 40
326.0
 40
327.0
 40
327.0
 40
327.0
 40
328.0
 40
328.0
 40
328.0
 40
329.0
 40
329.0
 40
329.0
 40
330.0
 40
330.0
 40
330.0
 40
331.0
 40
331.0
 40
331.0
 40
332.0
 40
332.0
 40
332.0
 40
333.0
 40
333.0
 40
333.0
 40
334.0
 40
334.0
 40
334.0
 40
335.0
 40
335.0
 40
335.0
 40
336.0
 40
336.0
 40
336.0
 40
337.0
 40
337.0
 40
337.0
 40
338.0
 40
338.0
 40
338.0
 40
339.0
 40
339.0
 40
339.0
 40
340.0
 40
340.0
 40
340.0
 40
341.0
 40
341.0
 40
341.0
 40
342.0
 40
342.0
 40
342.0
 40
343.0
 40
343.0
 40
343.0
 40
344.0
 40
344.0
 40
344.0
 40
345.0
 40
345.0
 40
345.0
 40
346.0
 40
346.0
 40
346.0
 40
347.0
 40
347.0
 40
347.0
 40
348.0
 40
348.0
 40
348.0
 40
349.0
 40
349.0
 40
349.0
 40
350.0
 40
350.0
 40
350.0
 40
351.0
 40
351.0
 40
351.0
 40
352.0
 40
352.0
 40
352.0
 40
353.0
 40
353.0
 40
353.0
 40
354.0
 40
354.0
 40
354.0
 40
355.0
 40
355.0
 40
355.0
 40
356.0
 40
356.0
 40
356.0
 40
357.0
 40
357.0
 40
357.0
 40
358.0
 40
358.0
 40
358.0
 40
359.0
 40
359.0
 40
359.0
 40
360.0
 40
360.0
 40
360.0
 40
361.0
 40
361.0
 40
361.0
 40
362.0
 40
362.0
 40
362.0
 40
363.0
 40
363.0
 40
363.0
 40
364.0
 40
364.0
 40
364.0
 40
365.0
 40
365.0
 40
365.0
 40
366.0
 40
366.0
 40
366.0
 40
367.0
 40
367.0
 40
367.0
 40
368.0
 40
368.0
 40
368.0
 40
369.0
 40
369.0
 40
369.0
 40
370.0
 40
370.0
 40
370.0
 40
371.0
 40
371.0
 40
371.0
 40
372.0
 40
372.0
 40
372.0
 40
373.0
 40
373.0
 40
373.0
 40
374.0
 40
374.0
 40
374.0
 40
375.0
 40
375.0
 40
375.0
 40
376.0
 40
376.0
 40
376.0
 40
377.0
 40
377.0
 40
377.0
 40
378.0
 40
378.0
 40
378.0
 40
379.0
 40
379.0
 40
379.0
 40
380.0
 40
380.0
 40
380.0
 40
381.0
 40
381.0
 40
381.0
 40
382.0
 40
382.0
 40
382.0
 40
383.0
 40
383.0
 40
383.0
 40
384.0
 40
384.0
 40
384.0
 40
385.0
 40
385.0
 40
385.0
 40
386.0
 40
386.0
 40
386.0
 40
387.0
 40
387.0
 40
387.0
 40
388.0
 40
388.0
 40
388.0
 40
389.0
 40
389.0
 40
389.0
 40
390.0
 40
390.0
 40
390.0
 40
391.0
 40
391.0
 40
391.0
 40
392.0
 40
392.0
 40
392.0
 40
393.0
 40
393.0
 40
393.0
 40
394.0
 40
394.0
 40
394.0
 40
395.0
 40
395.0
 40
395.0
 40
396.0
 40
396.0
 40
396.0
 40
397.0
 40
397.0
 40
397.0
 40
398.0
 40
398.0
 40
398.0
 40
399.0
 40
399.0
 40
399.0
 40
400.0
 40
400.0
 40
400.0
 40
401.0
 40
401.0
 40
401.0
 40
402.0
 40
402.0
 40
402.0
 40
403.0
 40
403.0
 40
403.0
 40
404.0
 40
404.0
 40
404.0
 40
405.0
 40
405.0
 40
405.0
 40
406.0
 40
406.0
 40
406.0
 40
407.0
 40
407.0
 40
407.0
 40
408.0
 40
408.0
 40
408.0
 40
409.0
 40
409.0
 40
409.0
 40
410.0
 40
410.0
 40
410.0
 40
411.0
 40
411.0
 40
411.0
 40
412.0
 40
412.0
 40
412.0
 40
413.0
 40
413.0
 40
413.0
 40
414.0
 40
414.0
 40
414.0
 40
415.0
 40
415.0
 40
415.0
 40
416.0
 40
416.0
 40
416.0
 40
417.0
 40
417.0
 40
417.0
 40
418.0
 40
418.0
 40
418.0
 40
419.0
 40
419.0
 40
419.0
 40
420.0
 40
420.0
 40
420.0
 40
421.0
 40
421.0
 40
421.0
 40
422.0
 40
422.0
 40
422.0
 40
423.0
 40
423.0
 40
423.0
 40
424.0
 40
424.0
 40
424.0
 40
425.0
 40
425.0
 40
425.0
 40
426.0
 40
426.0
 40
426.0
 40
427.0
 40
427.0
 40
427.0
 40
428.0
 40
428.0
 40
428.0
 40
429.0
 40
429.0
 40
429.0
 40
430.0
 40
430.0
 40
430.0
 40
431.0
 40
431.0
 40
431.0
 40
432.0
 40
432.0
 40
432.0
 40
433.0
 40
433.0
 40
433.0
 40
434.0
 40
434.0
 40
434.0
 40
435.0
 40
435.0
 40
435.0
 40
436.0
 40
436.0
 40
436.0
 40
437.0
 40
437.0
 40
437.0
 40
438.0
 40
438.0
 40
438.0
 40
439.0
 40
439.0
 40
439.0
 40
440.0
 40
440.0
 40
440.0
 40
441.0
 40
441.0
 40
441.0
 40
442.0
 40
442.0
 40
442.0
 40
443.0
 40
443.0
 40
443.0
 40
444.0
 40
444.0
 40
444.0
 40
445.0
 40
445.0
 40
445.0
 40
446.0
 40
446.0
 40
446.0
 40
447.0
 40
447.0
 40
447.0
 40
448.0
 40
448.0
 40
448.0
 40
449.0
 40
449.0
 40
449.0
 40
450.0
 40
450.0
 40
450.0
 40
451.0
 40
451.0
 40
451.0
 40
452.0
 40
452.0
 40
452.0
 40
453.0
 40
453.0
 40
453.0
 40
454.0
 40
454.0
 40
454.0
 40
455.0
 40
455.0
 40
455.0
 40
456.0
 40
456.0
 40
456.0
 40
456.0
 10
853.9180166946726
 20
-1147.381786538026
 10
852.2785625502202
 20
-1144.102878249119
 10
848.3438826099655
 20
-1140.168198308866
 10
848.3438826099655
 20
-1136.233518368612
 10
848.3438826099655
 20
-1126.724704343651
 10
840.146611887697
 20
-1124.757339357435
 10
835.228249454336
 20
-1119.51106608231
 10
832.2772269911029
 20
-1116.560068635164
 10
828.9983187021953
 20
-1113.936931997607
 10
826.3752070807204
 20
-1110.6580237087
 10
824.4078671105935
 20
-1108.034887071137
 10
822.7684129661393
 20
-1104.755978782232
 10
822.4405271404657
 20
-1101.804981335081
 10
822.112641314794
 20
-1096.886618901719
 10
819.16161885156
 20
-1093.935621454573
 10
816.2105963883259
 20
-1090.656713165668
 10
812.275903940028
 20
-1086.394122383659
 10
807.6854398403839
 20
-1082.459442443402
 10
803.7507473920859
 20
-1077.868990851799
 10
799.1602707844004
 20
-1072.950628418434
 10
794.8976925104289
 20
-1067.704355143318
 10
790.9630000621328
 20
-1062.130221058609
 10
789.3235459176785
 20
-1059.834995262805
 10
788.6677617582891
 20
-1056.228176132141
 10
788.3398759326137
 20
-1053.277178684995
 10
788.3398759326137
 20
-1049.670384570412
 10
787.0283076138348
 20
-1047.047247932855
 10
785.060967643707
 20
-1044.42413631138
 10
779.4868210509558
 20
-1035.243183096003
 10
773.9126744582054
 20
-1026.062254896715
 10
768.3385403734965
 20
-1016.88130168134
 10
768.0106545478238
 20
-1016.225530029993
 10
767.3548703884344
 20
-1015.569733362556
 10
767.3548703884344
 20
-1014.586075885538
 10
767.3548703884344
 20
-1005.405122670163
 10
760.7970538106192
 20
-999.5031027597834
 10
756.5344755366477
 20
-992.6174003562901
 10
751.9439989289613
 20
-985.0759012853705
 10
747.3535348293162
 20
-977.2065414048611
 10
748.6650906400555
 20
-967.3698165381411
 10
748.9929764657281
 20
-965.4024765680151
 10
746.6977506699259
 20
-962.7793399304519
 10
745.386182351147
 20
-960.4841141346496
 10
741.1236040771764
 20
-952.2868434123848
 10
736.8610258032049
 20
-943.7616868644418
 10
732.598435021192
 20
-935.5644161421751
 10
731.9426508618026
 20
-933.9249619977218
 10
731.614765036129
 20
-931.6297362019195
 10
732.2705491955194
 20
-930.3181678831388
 10
733.5821175142983
 20
-926.383487942885
 10
731.2868792104546
 20
-924.0882371309981
 10
729.3195267322853
 20
-921.1372146677659
 10
722.4338243287975
 20
-910.9726039753714
 10
715.2202235915929
 20
-901.1358791086495
 10
708.9902928394513
 20
-890.3154717488214
 10
704.0719304060904
 20
-882.1182010265547
 10
706.6950545356094
 20
-870.9699078410522
 10
713.5807694471387
 20
-866.707342075124
 10
719.154916039889
 20
-862.7726621348684
 10
725.7127326177042
 20
-862.4447512931092
 10
731.614765036129
 20
-865.7236595820159
 10
741.1236040771764
 20
-870.9699078410522
 10
750.3045447845079
 20
-876.8719527675185
 10
759.4854854918394
 20
-882.7739726779
 10
762.7643937807479
 20
-884.7413126480278
 10
765.3875179102643
 20
-887.6923351112619
 10
768.3385403734965
 20
-889.9875609070623
 10
770.633778677342
 20
-891.6270150515156
 10
772.9290169811838
 20
-892.9385833702963
 10
776.535811095765
 20
-892.2827867028627
 10
782.4378435141907
 20
-891.2991042097583
 10
787.6841042812666
 20
-893.9222408473179
 10
791.9466825552372
 20
-898.5127174550034
 10
797.1929308142726
 20
-904.0868515397124
 10
802.4391915813485
 20
-909.661010640506
 10
807.6854398403839
 20
-915.2351447252149
 10
808.3412239997742
 20
-915.8909163765602
 10
809.3248939848381
 20
-916.5467130439938
 10
810.3085639699011
 20
-916.5467130439938
 10
819.4895046772326
 20
-918.8419388397942
 10
825.7194354293742
 20
-924.7439837662605
 10
831.2935695140814
 20
-931.9575719954246
 10
833.2609094842092
 20
-934.5807086329842
 10
836.5398177731167
 20
-937.8596169218908
 10
839.4908402363499
 20
-938.5153885732398
 10
848.015996784291
 20
-940.4827285433657
 10
852.6064733919784
 20
-946.7126592955065
 10
857.5248358253393
 20
-952.9425900476472
 10
861.459515765594
 20
-957.8609524810072
 10
864.7384240545016
 20
-963.4350865657161
 10
868.6731290108401
 20
-968.6813598408371
 10
869.328900662189
 20
-969.6650423339397
 10
870.3125831552952
 20
-970.3208139852904
 10
871.2962656484015
 20
-970.9765856366357
 10
873.2636056185274
 20
-972.2881539554146
 10
875.2309455886552
 20
-973.5997222741935
 10
876.8703997331086
 20
-975.2391764186486
 10
887.0350104255049
 20
-986.3874696041494
 10
896.2159636408778
 20
-998.5194202666753
 10
903.1016660443674
 20
-1011.962939247975
 10
903.7574376957145
 20
-1013.274507566759
 10
904.7411201888208
 20
-1014.586075885538
 10
905.7248026819252
 20
-1015.241847536885
 10
913.9220734041937
 20
-1018.520755825795
 10
918.8404358375556
 20
-1025.078572403607
 10
923.1030266195667
 20
-1032.292160632771
 10
927.0377065598241
 20
-1039.177863036259
 10
930.6445256904881
 20
-1046.391476281502
 10
934.5792056307437
 20
-1053.277178684995
 10
935.2349772820908
 20
-1054.588747003772
 10
936.8744314265441
 20
-1056.228201148224
 10
938.1859997453248
 20
-1056.883972799571
 10
942.7764763530122
 20
-1059.179198595375
 10
945.7274988162462
 20
-1063.113903551712
 10
947.6948387863722
 20
-1067.37649433373
 10
950.9737470752789
 20
-1074.917993404648
 10
953.5968837128385
 20
-1082.787353285161
 10
956.5478811599878
 20
-1090.328852356079
 10
956.5478811599878
 20
-1090.656763197834
 10
956.8757669856604
 20
-1090.656763197834
 10
957.8594494787685
 20
-1091.312534849181
 10
957.8594494787685
 20
-1088.36153740203
 10
958.5152211301138
 20
-1085.410489922724
 10
957.8594494787685
 20
-1082.787353285161
 10
955.8921095086389
 20
-1075.245854214236
 10
953.2689728710793
 20
-1067.704355143318
 10
951.6295187266278
 20
-1060.162881088483
 10
950.9737470752789
 20
-1055.900290306468
 10
951.9574045523004
 20
-1051.309838714868
 10
952.2852903779749
 20
-1046.719362107178
 10
952.2852903779749
 20
-1044.752022137051
 10
952.941062029322
 20
-1042.784682166925
 10
952.6131762036475
 20
-1041.145228022469
 10
950.6458362335215
 20
-1032.292185648854
 10
948.3505854216346
 20
-1023.439118259157
 10
949.0063820890682
 20
-1013.930279218104
 10
949.0063820890682
 20
-1012.618710899322
 10
948.6784962633938
 20
-1011.307142580543
 10
949.3342679147408
 20
-1010.323485103521
 10
952.6131762036475
 20
-1002.781986032605
 10
949.6621537404135
 20
-995.8962836291121
 10
949.0063820890682
 20
-988.6826953999534
 10
948.3506104377211
 20
-982.1248788221365
 10
948.6784962633938
 20
-975.8949480699957
 10
948.6784962633938
 20
-969.3371314921824
 10
948.6784962633938
 20
-968.353448999078
 10
949.0063820890682
 20
-967.3697915220528
 10
949.0063820890682
 20
-966.7139948546228
 10
947.6948137702875
 20
-959.8282924511332
 10
946.3832454515086
 20
-952.9425900476472
 10
945.0717021488126
 20
-946.0568626280728
 10
944.0880196557064
 20
-941.1385001947128
 10
944.7438163231382
 20
-936.2201377613528
 10
947.0390421189386
 20
-931.9575469793363
 10
949.3342679147408
 20
-928.0228670390825
 10
949.3342679147408
 20
-924.4160479084185
 10
948.6784962633938
 20
-919.8255963168158
 10
948.0227246120467
 20
-914.2514622321069
 10
948.3506104377211
 20
-908.677303131315
 10
948.6784962633938
 20
-903.1031690466061
 10
949.0063820890682
 20
-898.8405782645932
 10
948.6784962633938
 20
-893.9222158312332
 10
950.3179504078471
 20
-889.9875358909794
 10
953.2689728710793
 20
-882.7739476618153
 10
951.9574045523004
 20
-875.2324485908957
 10
952.6131762036475
 20
-868.0188603617335
 10
953.2689478549946
 20
-860.8052721325694
 10
953.9247445224282
 20
-853.591658887326
 10
954.908401999448
 20
-846.3780706581638
 10
955.2362878251224
 20
-844.410730688036
 10
955.892084492556
 20
-842.4433782098658
 10
957.2036277952502
 20
-841.1318223991293
 10
961.1383077355058
 20
-837.1971299508305
 10
961.1383077355058
 20
-832.2787675174695
 10
961.7941044029358
 20
-827.3604050841095
 10
962.7777868960438
 20
-818.1794643767789
 10
963.1056727217183
 20
-808.9985236694465
 10
970.9750576183105
 20
-802.1128087579154
 10
972.9423975884383
 20
-800.4733546134612
 10
972.9423975884383
 20
-796.2107763394906
 10
973.270283414111
 20
-792.931868050584
 10
974.253965907219
 20
-785.7182673133793
 10
974.5818517328935
 20
-778.5046665761747
 10
976.221305877345
 20
-771.6189641726869
 10
976.8770775286939
 20
-768.6679417094547
 10
979.1723283405809
 20
-766.3727159136533
 10
980.8117824850324
 20
-763.7495792760928
 10
981.7954649781386
 20
-762.1101251316404
 10
983.434919122592
 20
-760.4706709871862
 10
983.7628049482664
 20
-758.5033310170584
 10
986.3859415858278
 20
-744.0761357966712
 10
988.6811673816283
 20
-729.6489405762841
 10
991.9600756705331
 20
-715.5496311815696
 10
993.5995298149883
 20
-707.6802525389958
 10
998.8457780740227
 20
-702.7618901056358
 10
1007.370934621966
 20
-702.1061059462472
 10
1013.27297954843
 20
-701.4503217868569
 10
1020.486567777591
 20
-703.7455600906987
 10
1023.109704415154
 20
-709.31970668345
 10
1024.42124771785
 20
-712.2707228926638
 10
1025.73284105271
 20
-715.5496311815696
 10
1026.060701862305
 20
-718.5006473907815
 10
1027.372245164996
 20
-727.0258101927457
 10
1028.02806684851
 20
-735.5509729947098
 10
1029.339610151212
 20
-744.0761295426491
 10
1029.667520992965
 20
-747.3550378315585
 10
1031.306975137426
 20
-750.6339461204643
 10
1031.962746788769
 20
-753.9128544093728
 10
1032.618518440117
 20
-757.8475468576671
 10
1032.946429281879
 20
-762.1101251316404
 10
1033.602200933219
 20
-766.3727034056092
 10
1034.257972584566
 20
-769.6516116945186
 10
1035.569565919433
 20
-772.6026341577508
 10
1037.209020063887
 20
-775.5536441129425
 10
1039.832156701452
 20
-780.4720065463025
 10
1041.471610845903
 20
-786.3740389647264
 10
1042.455293339008
 20
-791.9481855574795
 10
1043.438975832112
 20
-796.5386621651651
 10
1043.766836641706
 20
-800.1454562797471
 10
1047.701566614125
 20
-803.4243645686511
 10
1052.619929047487
 20
-807.359057016949
 10
1053.603611540599
 20
-813.916873594766
 10
1054.259383191937
 20
-820.1467918388626
 10
1054.915154843287
 20
-826.0488242572883
 10
1055.243065685048
 20
-831.9508566757113
 10
1055.898837336392
 20
-838.1807874278529
 10
1055.898837336392
 20
-838.8365715872424
 10
1056.554608987739
 20
-839.8202415723063
 10
1057.210380639088
 20
-840.4760257316957
 10
1062.128743072453
 20
-844.4107181799936
 10
1063.440286375146
 20
-849.6569664390281
 10
1063.768197216908
 20
-855.2311130317776
 10
1064.096108058664
 20
-865.0678378984994
 10
1064.751879710011
 20
-874.9045627652213
 10
1065.079740519599
 20
-885.0691734576176
 10
1065.079740519599
 20
-885.7249451089629
 10
1065.40765136136
 20
-886.3807417763965
 10
1065.40765136136
 20
-887.0365134277436
 10
1066.391333854463
 20
-891.2991042097583
 10
1067.702877157153
 20
-895.5616699756865
 10
1068.030787998918
 20
-899.8242607576994
 10
1068.358698840679
 20
-904.0868515397124
 10
1068.030787998918
 20
-908.3494173056388
 10
1068.030787998918
 20
-912.939893913328
 10
1068.030787998918
 20
-917.858256346688
 10
1069.01447049202
 20
-922.776618780048
 10
1069.670242143367
 20
-928.0228670390825
 10
1070.981785446069
 20
-937.5317060801317
 10
1070.653924636475
 20
-947.3684309468536
 10
1070.326013794718
 20
-956.877269987901
 10
1069.998102952955
 20
-961.795632421261
 10
1068.358648808506
 20
-966.7139948546228
 10
1067.375016347569
 20
-971.304471462312
 10
1067.047105505815
 20
-972.6160397810891
 10
1067.375016347569
 20
-974.2554939255406
 10
1068.030787998918
 20
-975.2391514025621
 10
1069.670242143367
 20
-980.1575138359258
 10
1070.326013794718
 20
-985.4037620949584
 10
1069.01447049202
 20
-990.6500103539911
 10
1068.030787998918
 20
-995.2404869616803
 10
1067.047105505815
 20
-999.5030527276085
 10
1066.719244696216
 20
-1004.093529335296
 10
1066.391333854463
 20
-1005.405097654075
 10
1066.719244696216
 20
-1007.372437624201
 10
1067.70292718933
 20
-1008.356120117309
 10
1071.309746319999
 20
-1013.602368376343
 10
1072.293378780936
 20
-1019.504413302815
 10
1070.653924636475
 20
-1025.406433213195
 10
1068.686559650265
 20
-1032.292135616683
 10
1066.719244696216
 20
-1039.17783802017
 10
1064.751879710011
 20
-1046.063565439747
 10
1064.42396886825
 20
-1047.047247932855
 10
1064.096108058664
 20
-1048.358791235545
 10
1064.42396886825
 20
-1049.014587902977
 10
1066.719194664051
 20
-1057.211858625247
 10
1064.42396886825
 20
-1064.753357696167
 10
1062.456603882041
 20
-1072.622717576674
 10
1062.456603882041
 20
-1073.278489228021
 10
1062.128693040278
 20
-1073.934260879374
 10
1062.784514723797
 20
-1074.590082562889
 10
1064.096058026493
 20
-1071.639085115743
 10
1065.40765136136
 20
-1069.01594847818
 10
1066.719194664051
 20
-1066.064900998863
 10
1068.358648808506
 20
-1062.130221058609
 10
1071.309646255653
 20
-1059.507084421046
 10
1075.244376228076
 20
-1057.867630276596
 10
1076.555919530776
 20
-1057.211858625247
 10
1077.86751286564
 20
-1056.228176132141
 10
1078.523284516992
 20
-1054.916607813362
 10
1084.097418601696
 20
-1045.07988294664
 10
1089.343691876817
 20
-1035.243158079917
 10
1094.917825961526
 20
-1025.406433213195
 10
1097.868823408666
 20
-1020.488070779835
 10
1101.475642539337
 20
-1016.553390839581
 10
1107.705548275391
 20
-1014.913936695126
 10
1109.345002419845
 20
-1014.58605086945
 10
1110.656545722542
 20
-1012.290800057568
 10
1111.312367406059
 20
-1010.651345913113
 10
1117.87018398387
 20
-998.1914844088315
 10
1125.739543864378
 20
-986.7153053976544
 10
1135.904179572864
 20
-976.8785805309326
 10
1137.54363371732
 20
-975.2391263864811
 10
1140.166770354872
 20
-973.9275580676986
 10
1141.806224499327
 20
-972.2881039232434
 10
1143.773589485543
 20
-970.3207639531174
 10
1145.413043629995
 20
-968.3534239829933
 10
1146.724586932694
 20
-966.0581731711027
 10
1151.31503852429
 20
-958.5166741001849
 10
1156.88922264117
 20
-951.6309716966971
 10
1163.447039218981
 20
-945.7289517863155
 10
1164.758582521683
 20
-944.7452692932093
 10
1165.742265014786
 20
-943.1058151487559
 10
1167.053858349653
 20
-942.7779293230815
 10
1178.202126519065
 20
-939.8269068598474
 10
1183.120488952431
 20
-929.9901819931274
 10
1190.989898865109
 20
-923.432365415314
 10
1194.924578805363
 20
-920.1534571264037
 10
1198.531397936031
 20
-917.5303204888442
 10
1203.449760369389
 20
-916.8745488374989
 10
1205.089214513842
 20
-916.5466630118226
 10
1206.728668658294
 20
-915.2350946930437
 10
1207.712351151407
 20
-914.2514121999375
 10
1213.286485236111
 20
-908.3493672734712
 10
1218.532758511232
 20
-902.119461537417
 10
1224.106892595941
 20
-896.5453024366252
 10
1228.041572536195
 20
-892.9385083220404
 10
1233.287845811315
 20
-892.2827116546086
 10
1238.534069054258
 20
-892.9385083220404
 10
1240.173523198711
 20
-893.2663941477131
 10
1242.468748994512
 20
-892.6106224963678
 10
1243.452431487625
 20
-891.6269400032616
 10
1255.256521340558
 20
-881.4623293108652
 10
1268.372154496188
 20
-872.9371727629241
 10
1282.143559303166
 20
-866.0514453433498
 10
1290.340830025427
 20
-862.1167654030978
 10
1300.505465733908
 20
-864.7398770245709
 10
1304.768006483755
 20
-871.2976936023861
 10
1308.046914772662
 20
-876.871827687095
 10
1308.702686424009
 20
-883.1017584392339
 10
1305.751688976858
 20
-888.6759175400275
 10
1302.144869846194
 20
-895.5616199435153
 10
1297.554418254589
 20
-902.4473223470031
 10
1293.291827472578
 20
-909.0051389248183
 10
1289.357147532324
 20
-914.9071838512864
 10
1285.094556750306
 20
-920.4813179359935
 10
1281.159876810052
 20
-926.3833628624616
 10
1280.831965968298
 20
-927.0391345138087
 10
1280.176194316951
 20
-928.0228170069131
 10
1280.504105158705
 20
-928.678588658262
 10
1282.471470144919
 20
-936.5479735548561
 10
1279.192561856014
 20
-943.1057901326694
 10
1275.585742725347
 20
-949.335720884812
 10
1273.290516929545
 20
-953.2704008250657
 10
1270.995291133742
 20
-956.8772199557316
 10
1268.700015305772
 20
-960.8118998959835
 10
1266.732650319558
 20
-963.7629223592194
 10
1265.421107016868
 20
-966.3860339806961
 10
1266.076878668215
 20
-970.3207389370327
 10
1267.060561161317
 20
-977.2064413405205
 10
1263.781652872414
 20
-983.1084862669904
 10
1260.174833741747
 20
-988.6826203516994
 10
1256.568014611079
 20
-994.5846652781674
 10
1252.305473861237
 20
-1000.158799362871
 10
1248.042883079221
 20
-1006.060844289339
 10
1247.714972237467
 20
-1006.388730115012
 10
1247.387111427879
 20
-1007.044526782447
 10
1247.387111427879
 20
-1007.372412608118
 10
1247.059200586118
 20
-1017.864909126189
 10
1240.829294850062
 20
-1026.062179848457
 10
1235.910932416704
 20
-1034.587361412487
 10
1233.287795779139
 20
-1039.17783802017
 10
1229.681026680646
 20
-1043.768314627861
 10
1226.729979201327
 20
-1048.358766219462
 10
1225.746296708225
 20
-1049.670334538241
 10
1225.090525056876
 20
-1051.309788682696
 10
1225.090525056876
 20
-1052.949242827146
 10
1224.762614215113
 20
-1062.130196042521
 10
1220.172162623516
 20
-1069.015898446009
 10
1213.942256887454
 20
-1075.245804182065
 10
1206.40075781654
 20
-1083.115164062578
 10
1198.859258745615
 20
-1091.31243478485
 10
1191.645670516456
 20
-1099.509705507111
 10
1190.661988023345
 20
-1100.821248809812
 10
1190.989898865109
 20
-1103.116524637777
 10
1190.334127213762
 20
-1104.755978782232
 10
1189.022583911068
 20
-1107.706976229383
 10
1187.710990576204
 20
-1110.985884518288
 10
1185.4157647804
 20
-1113.281160346258
 10
1180.169491505279
 20
-1118.855294430967
 10
1174.267496610988
 20
-1123.773656864329
 10
1168.693312494102
 20
-1129.347790949038
 10
1168.037540842754
 20
-1130.00356260039
 10
1167.381769191406
 20
-1130.987245093487
 10
1167.381769191406
 20
-1131.64301674484
 10
1167.709680033167
 20
-1138.856604974
 10
1165.414404205196
 20
-1144.758649900468
 10
1159.184498469142
 20
-1148.365469031127
 10
1164.102860902502
 20
-1148.365469031127
 10
1169.021223335867
 20
-1149.021240682476
 10
1173.939585769222
 20
-1148.037558189373
 10
1178.857948202583
 20
-1147.053875696261
 10
1183.1205389846
 20
-1144.102878249119
 10
1187.710990576204
 20
-1142.463424104664
 10
1195.908261298464
 20
-1139.512426657519
 10
1203.777621178975
 20
-1136.561379178196
 10
1211.974891901244
 20
-1133.938242540638
 10
1213.942256887454
 20
-1133.282470889295
 10
1216.237482683257
 20
-1132.95456004753
 10
1217.876936827717
 20
-1133.610331698879
 10
1225.418435898631
 20
-1136.233468336442
 10
1231.976252476448
 20
-1132.298788396178
 10
1238.861929863848
 20
-1130.659334251728
 10
1248.042883079221
 20
-1128.364108455924
 10
1257.551697104189
 20
-1126.068882660131
 10
1266.732650319558
 20
-1124.42942851567
 10
1269.02787611536
 20
-1124.101517673917
 10
1271.651012752924
 20
-1125.085200167025
 10
1273.946238548728
 20
-1125.413111008784
 10
1276.241464344526
 20
-1125.413111008784
 10
1278.864600982084
 20
-1125.741021850537
 10
1280.831965968298
 20
-1125.085200167025
 10
1290.996601676778
 20
-1122.462063529461
 10
1300.833326543503
 20
-1119.838926891898
 10
1311.325823061567
 20
-1124.101517673917
 10
1313.621048857371
 20
-1125.085200167025
 10
1316.572096336688
 20
-1123.445746022568
 10
1319.195182942074
 20
-1123.445746022568
 10
1325.097227868544
 20
-1123.445746022568
 10
1330.999272795005
 20
-1123.445746022568
 10
1336.901267689309
 20
-1123.445746022568
 10
1341.163858471326
 20
-1123.117835180814
 10
1345.426449253335
 20
-1122.789974371215
 10
1349.688990003177
 20
-1122.134202719877
 10
1363.788305651917
 20
-1119.838976924075
 10
1377.559710458887
 20
-1117.215840286512
 10
1391.65902610762
 20
-1114.592703648954
 10
1399.528385988138
 20
-1113.281160346258
 10
1407.069885059051
 20
-1117.5437010961
 10
1409.365110854851
 20
-1123.773656864329
 10
1412.644019143769
 20
-1132.626699237942
 10
1410.676654157553
 20
-1141.151880801968
 10
1403.135205118795
 20
-1145.086560742222
 10
1392.970569410318
 20
-1150.332834017343
 10
1382.478072892252
 20
-1154.923285608944
 10
1371.985576374178
 20
-1159.51373720055
 10
1370.018211387964
 20
-1160.497419693653
 10
1367.722985592171
 20
-1160.497419693653
 10
1366.08353144771
 20
-1161.808962996343
 10
1364.771988145019
 20
-1162.792645489457
 10
1363.132534000568
 20
-1164.104188792147
 10
1362.804623158805
 20
-1165.743642936608
 10
1361.493079856114
 20
-1170.006233718615
 10
1359.197804028139
 20
-1173.285142007522
 10
1355.263124087884
 20
-1174.924596151981
 10
1348.37739666832
 20
-1178.203504440888
 10
1341.163808439151
 20
-1180.82664107844
 10
1333.95022020999
 20
-1184.105549367345
 10
1332.638676907291
 20
-1184.761321018699
 10
1331.654994414188
 20
-1186.072914353566
 10
1330.343401079321
 20
-1187.056546814501
 10
1327.720264441767
 20
-1189.679683452065
 10
1325.0971278042
 20
-1192.630680899207
 10
1322.146130357049
 20
-1194.270135043656
 10
1315.588313779241
 20
-1197.549043332572
 10
1308.702586359666
 20
-1200.17217997013
 10
1302.144769781855
 20
-1202.795316607688
 10
1301.488998130508
 20
-1203.123227449447
 10
1300.505315637405
 20
-1203.778999100796
 10
1300.177404795641
 20
-1204.434770752148
 10
1298.21003980943
 20
-1209.02522234374
 10
1294.603270710933
 20
-1211.648358981301
 10
1290.012769087161
 20
-1213.287813125757
 10
1283.454952509353
 20
-1215.910949763314
 10
1276.569225089772
 20
-1218.206175559113
 10
1269.683547702372
 20
-1220.829312196682
 10
1269.027776051025
 20
-1221.157223038435
 10
1268.372004399676
 20
-1221.157223038435
 10
1268.044093557921
 20
-1221.485083848029
 10
1261.158366138347
 20
-1229.026582918943
 10
1251.321641271625
 20
-1230.010265412056
 10
1242.468598898004
 20
-1232.961262859197
 10
1235.25501066884
 20
-1235.584399496765
 10
1227.713511597922
 20
-1236.895942799456
 10
1220.499923368761
 20
-1238.86330778567
 10
1219.516240875657
 20
-1239.191218627429
 10
1218.532558382552
 20
-1239.191218627429
 10
1217.876786731204
 20
-1239.846990278773
 10
1210.991059311633
 20
-1247.71635015928
 10
1201.154334444906
 20
-1248.700032652392
 10
1191.973431261698
 20
-1251.32316928995
 10
1185.415614683889
 20
-1252.9626234344
 10
1178.202026454728
 20
-1253.290534276164
 10
1171.644209876911
 20
-1254.929988420616
 10
1169.021073239353
 20
-1255.585760071963
 10
1166.725847443553
 20
-1258.208896709521
 10
1164.102710805997
 20
-1259.192579202623
 10
1159.512259214391
 20
-1260.832033347078
 10
1154.593896781027
 20
-1262.143576649774
 10
1149.675534347669
 20
-1263.783030794229
 10
1150.003445189433
 20
-1264.110941635994
 10
1150.331305999016
 20
-1265.094574096925
 10
1150.987077650365
 20
-1265.750395780444
 10
1144.101350230794
 20
-1269.357214911115
 10
1138.527216146078
 20
-1266.406167431793
 10
1132.297310410033
 20
-1264.110941635994
 10
1125.73949383221
 20
-1261.815715840192
 10
1118.853766412638
 20
-1260.832033347078
 10
1111.968089025231
 20
-1259.520490044388
 10
1110.984406532129
 20
-1259.192579202623
 10
1110.328634880781
 20
-1258.864718393041
 10
1109.672863229433
 20
-1257.881035899938
 10
1112.295999866996
 20
-1257.881035899938
 10
1114.91913650455
 20
-1258.208946741686
 10
1117.214362300354
 20
-1257.881035899938
 10
1127.706858818427
 20
-1256.897353406819
 10
1138.199355336492
 20
-1255.585810104134
 10
1148.691901886732
 20
-1254.930038452787
 10
1153.61026432009
 20
-1254.602127611031
 10
1158.528626753458
 20
-1254.274266801438
 10
1162.791217535469
 20
-1251.323219322116
 10
1165.086443331265
 20
-1249.683765177666
 10
1167.709579968823
 20
-1248.044311033211
 10
1170.332716606386
 20
-1247.388539381862
 10
1174.595307388405
 20
-1246.404856888759
 10
1179.185758980002
 20
-1246.404856888759
 10
1183.448349762019
 20
-1245.421174395653
 10
1191.973531326046
 20
-1243.125948599854
 10
1200.826573699655
 20
-1240.502811962286
 10
1209.351705231515
 20
-1238.207586166489
 10
1210.007476882864
 20
-1237.879675324733
 10
1210.991159375964
 20
-1237.223903673381
 10
1211.319070217731
 20
-1236.568132022032
 10
1212.95852436218
 20
-1231.977680430431
 10
1217.221115144188
 20
-1232.305541240024
 10
1220.82788424269
 20
-1231.321858746913
 10
1231.320380760764
 20
-1228.370861299771
 10
1241.485016469243
 20
-1225.419813820454
 10
1251.977512987309
 20
-1222.468816373303
 10
1256.240103769325
 20
-1221.157273070612
 10
1260.174783709581
 20
-1219.845679735745
 10
1263.453691998486
 20
-1215.583088953726
 10
1265.093146142937
 20
-1213.287863157924
 10
1269.683597734538
 20
-1213.287863157924
 10
1272.962506023443
 20
-1212.304180664822
 10
1278.536640108152
 20
-1210.008954869018
 10
1284.438685034622
 20
-1208.041589882809
 10
1290.012819119331
 20
-1205.418453245251
 10
1291.65227326378
 20
-1204.762681593902
 10
1293.291727408236
 20
-1203.123227449447
 10
1293.619638249998
 20
-1201.81163411458
 10
1294.275409901349
 20
-1198.532725825675
 10
1296.242774887553
 20
-1197.549043332572
 10
1298.865911525116
 20
-1196.565360839464
 10
1306.407410596039
 20
-1193.614363392318
 10
1313.620998825199
 20
-1190.663315912996
 10
1320.834587054358
 20
-1187.384407624086
 10
1322.474041198813
 20
-1186.400725130983
 10
1324.113495343263
 20
-1184.105499335179
 10
1324.769266994615
 20
-1182.138134348965
 10
1325.425038645964
 20
-1180.17076936276
 10
1326.080810297313
 20
-1179.187136901824
 10
1328.048175283519
 20
-1178.531315218304
 10
1335.261763512688
 20
-1175.908178580743
 10
1342.147490932253
 20
-1173.285041943185
 10
1349.033168319656
 20
-1170.334044496034
 10
1355.590984897479
 20
-1167.383047048887
 10
1356.246756548817
 20
-1166.071453714025
 10
1356.574667390581
 20
-1158.529954643102
 10
1364.444027271089
 20
-1155.251046354195
 10
1372.641297993359
 20
-1151.972138065285
 10
1380.510707906038
 20
-1148.69322977638
 10
1385.756981181159
 20
-1146.398003980576
 10
1391.331115265868
 20
-1144.102778184773
 10
1396.577338508818
 20
-1141.479641547219
 10
1398.872564304611
 20
-1140.168098244525
 10
1401.495700942176
 20
-1138.200733258314
 10
1402.807244244874
 20
-1135.90550746251
 10
1404.774609231081
 20
-1132.954510015359
 10
1404.118787547566
 20
-1129.34769088469
 10
1401.823561751762
 20
-1126.396693437549
 10
1399.528335955958
 20
-1123.445695990402
 10
1395.921516825292
 20
-1123.117785148637
 10
1392.642608536387
 20
-1123.445695990402
 10
1382.805883669671
 20
-1124.757239293089
 10
1373.297069644703
 20
-1126.396693437549
 10
1363.460344777986
 20
-1128.036147582005
 10
1357.558299851518
 20
-1129.019830075105
 10
1351.656254925047
 20
-1130.659284219557
 10
1345.426349188998
 20
-1131.970827522258
 10
1341.819530058332
 20
-1132.954510015359
 10
1338.540621769416
 20
-1133.610281666713
 10
1334.605941829162
 20
-1131.970827522258
 10
1331.982805191605
 20
-1130.987145029145
 10
1328.376036093116
 20
-1130.987145029145
 10
1325.424988613797
 20
-1131.315055870909
 10
1321.16239783178
 20
-1131.970827522258
 10
1316.899807049762
 20
-1133.610281666713
 10
1312.63726629992
 20
-1134.593964159816
 10
1311.981494648573
 20
-1134.921875001579
 10
1310.669901313715
 20
-1134.921875001579
 10
1310.014129662366
 20
-1134.593964159816
 10
1305.423678070762
 20
-1129.675601726454
 10
1299.849493953887
 20
-1130.987145029145
 10
1294.603270710933
 20
-1131.642966712663
 10
1290.668590770678
 20
-1131.970877554424
 10
1286.733910830424
 20
-1134.266103350226
 10
1282.471320048406
 20
-1134.921875001579
 10
1279.192411759501
 20
-1135.577646652917
 10
1275.585592628835
 20
-1138.200783290486
 10
1271.978823530342
 20
-1134.593964159816
 10
1270.995141037229
 20
-1133.610281666713
 10
1268.699915241436
 20
-1133.610281666713
 10
1267.060461096986
 20
-1133.938192508462
 10
1253.944827941355
 20
-1137.217100797377
 10
1240.829194785725
 20
-1140.823919928038
 10
1227.385650788332
 20
-1144.430689026536
 10
1226.401968295231
 20
-1144.758599868292
 10
1225.090424992532
 20
-1145.414371519639
 10
1224.434653341192
 20
-1145.086460677885
 10
1217.548925921619
 20
-1141.479641547219
 10
1211.319020185561
 20
-1143.774917375189
 10
1204.761203607743
 20
-1146.398003980576
 10
1195.580250392368
 20
-1150.004823111247
 10
1186.399297176991
 20
-1154.267363861089
 10
1177.218393993793
 20
-1157.874182991753
 10
1175.906850691095
 20
-1158.529954643102
 10
1173.939485704881
 20
-1158.529954643102
 10
1172.627942402189
 20
-1158.202093833517
 10
1169.021123271523
 20
-1157.218411340406
 10
1165.742214982616
 20
-1157.218411340406
 10
1162.463306693713
 20
-1159.18577632662
 10
1155.905490115892
 20
-1163.120456266874
 10
1149.347673538081
 20
-1167.383047048887
 10
1142.789856960264
 20
-1171.317726989135
 10
1141.478313657573
 20
-1171.973498640489
 10
1139.83885951312
 20
-1171.973498640489
 10
1138.199405368659
 20
-1172.301409482254
 10
1135.576268731105
 20
-1172.629320324002
 10
1132.625271283952
 20
-1172.629320324002
 10
1130.002134646396
 20
-1173.612952784939
 10
1125.739543864378
 20
-1175.2524069294
 10
1121.804863924124
 20
-1177.547632725202
 10
1119.181727286566
 20
-1178.85922606006
 10
1120.493270589257
 20
-1175.580317771159
 10
1121.804863924124
 20
-1171.645637830899
 10
1123.444318068579
 20
-1167.710957890646
 10
1123.772228910339
 20
-1166.727275397545
 10
1124.755861371275
 20
-1166.399414587946
 10
1125.739543864378
 20
-1165.743592904431
 10
1132.953132093548
 20
-1160.825230471075
 10
1140.166720322706
 20
-1155.906868037715
 10
1147.052447742282
 20
-1150.988505604348
 10
1150.659266872946
 20
-1148.365368966792
 10
1154.266035971441
 20
-1145.086460677885
 10
1157.544944260348
 20
-1142.135463230734
 10
1160.168080897911
 20
-1139.840237434935
 10
1160.823852549258
 20
-1136.233418304266
 10
1159.512309246562
 20
-1133.282420857124
 10
1157.872855102107
 20
-1130.003512568213
 10
1159.840220088325
 20
-1128.364058423758
 10
1161.807535042362
 20
-1126.724604279309
 10
1168.693262461937
 20
-1120.822559352835
 10
1175.57893984934
 20
-1114.592653616777
 10
1181.808895617563
 20
-1108.362697848555
 10
1183.448349762019
 20
-1106.723243704098
 10
1182.792578110668
 20
-1103.116424573434
 10
1183.448349762019
 20
-1100.493337968048
 10
1183.776260603774
 20
-1099.181794665357
 10
1183.448349762019
 20
-1097.87020133049
 10
1184.432032255121
 20
-1097.214429679141
 10
1190.989848832938
 20
-1090.328702259565
 10
1197.54766541075
 20
-1083.443024872162
 10
1204.10548198857
 20
-1076.557297452589
 10
1205.417025291259
 20
-1075.245754149899
 10
1206.728618626126
 20
-1073.934160815032
 10
1208.040161928824
 20
-1072.622617512337
 10
1213.942206855289
 20
-1066.720572585868
 10
1219.188430098236
 20
-1060.818552675488
 10
1216.893204302436
 20
-1051.637599460113
 10
1216.565293460673
 20
-1050.981827808766
 10
1216.893204302436
 20
-1049.670259489987
 10
1217.548975953787
 20
-1049.014462822555
 10
1226.729929169162
 20
-1039.833509607182
 10
1232.304063253867
 20
-1028.357330596007
 10
1237.878197338574
 20
-1017.209062426591
 10
1238.206108180328
 20
-1016.553290775244
 10
1238.861879831677
 20
-1015.569608282131
 10
1238.861879831677
 20
-1014.585925789024
 10
1237.878197338574
 20
-1006.060769241083
 10
1244.436013916393
 20
-1001.142406807725
 10
1248.698604698404
 20
-994.9124760555842
 10
1251.977512987309
 20
-989.9941136222242
 10
1254.928510434458
 20
-984.7478653631861
 10
1257.22378626243
 20
-979.1737062623943
 10
1258.207468755532
 20
-976.5505696248365
 10
1257.551697104189
 20
-972.9437755102535
 10
1257.551697104189
 20
-969.6648672213487
 10
1257.551697104189
 20
-968.0254130768935
 10
1257.551697104189
 20
-965.7301872810895
 10
1258.207468755532
 20
-964.4186189623106
 10
1262.470059537551
 20
-956.877119891391
 10
1267.388421970907
 20
-949.3356458365561
 10
1271.651012752924
 20
-941.7941467656347
 10
1272.962556055616
 20
-939.498920969836
 10
1273.618377739129
 20
-935.8921018391684
 10
1272.962556055616
 20
-933.596876043368
 10
1271.323101911159
 20
-929.0063994356806
 10
1273.618327706963
 20
-926.3832878142057
 10
1275.913553502767
 20
-923.4322653509716
 10
1283.455052573685
 20
-912.2839721654709
 10
1291.324412454196
 20
-900.8077931542975
 10
1298.538000683357
 20
-889.3316141431205
 10
1301.16113732092
 20
-885.0690233611076
 10
1300.505365669571
 20
-880.4785717695049
 10
1297.882229032006
 20
-877.5275493062709
 10
1295.259092394452
 20
-874.9044126687113
 10
1289.684958309743
 20
-874.2486410173624
 10
1286.078139179077
 20
-876.215980987492
 10
1278.208779298568
 20
-880.8064575951794
 10
1270.339369385889
 20
-885.3969342028649
 10
1262.797870314967
 20
-890.6431824618994
 10
1255.912142895395
 20
-895.5615448952612
 10
1249.354326317582
 20
-900.8077931542975
 10
1242.796509739765
 20
-906.3819522550893
 10
1236.238693161955
 20
-901.791475647402
 10
1231.320330728586
 20
-902.7751581405082
 10
1226.401968295231
 20
-909.3329747183216
 10
1225.090424992532
 20
-910.9724288627749
 10
1223.45097084808
 20
-912.2839971815556
 10
1222.139377513213
 20
-913.923451326009
 10
1218.532558382552
 20
-917.8581312662627
 10
1215.25365009364
 20
-922.1207220482775
 10
1211.646880995148
 20
-925.7275161628568
 10
1210.663198502034
 20
-926.7111986559648
 10
1208.695883547996
 20
-927.6948561329864
 10
1207.056429403547
 20
-927.6948561329864
 10
1203.77752111464
 20
-928.022741958659
 10
1200.826523667489
 20
-928.6785386260926
 10
1198.203387029931
 20
-931.3016502475657
 10
1193.940796247913
 20
-935.5642410295804
 10
1189.350344656312
 20
-939.8268067955087
 10
1184.759843032538
 20
-944.0893975775216
 10
1184.104071381202
 20
-944.7451692288705
 10
1183.776160539437
 20
-946.0567375476494
 10
1182.792478046335
 20
-947.0404200407538
 10
1180.82511306012
 20
-948.679874185209
 10
1179.185658915663
 20
-950.9750999810112
 10
1176.890433119861
 20
-951.3030108227686
 10
1173.61152483096
 20
-951.9587824741157
 10
1170.988388193393
 20
-952.9424649672219
 10
1168.693162397591
 20
-955.2376907630241
 10
1160.823802517081
 20
-962.4512789921828
 10
1154.921757590622
 20
-971.3043463818867
 10
1149.675484315503
 20
-980.4852745811731
 10
1149.347573473739
 20
-981.1410462325202
 10
1149.019712664152
 20
-982.1247287256283
 10
1148.363941012802
 20
-982.1247287256283
 10
1140.16667029054
 20
-985.0757511888623
 10
1135.576218698934
 20
-991.9614535923483
 10
1130.985717075166
 20
-998.1913843444909
 10
1125.739443800045
 20
-1005.077086747979
 10
1121.476903050203
 20
-1012.946471644573
 10
1116.886401426431
 20
-1020.487970715498
 10
1115.24694728197
 20
-1023.438993178732
 10
1112.951721486166
 20
-1024.750561497511
 10
1109.672813197261
 20
-1026.062104800207
 10
1106.721815750112
 20
-1027.045787293308
 10
1103.770768270802
 20
-1029.668898914782
 10
1102.13131412634
 20
-1032.292035552346
 10
1095.901408390291
 20
-1042.784532070416
 10
1090.327224273411
 20
-1053.932825255917
 10
1084.097318537355
 20
-1064.425346790071
 10
1083.441546886002
 20
-1065.736890092761
 10
1082.129953551144
 20
-1067.376344237216
 10
1081.146321090211
 20
-1067.376344237216
 10
1076.227958656844
 20
-1068.032115888564
 10
1073.932732861043
 20
-1071.311024177474
 10
1072.621139526176
 20
-1075.245704117728
 10
1067.702777092822
 20
-1088.689248115115
 10
1062.78441465946
 20
-1102.460652922096
 10
1057.866052226094
 20
-1115.904146887313
 10
1057.538141384339
 20
-1117.215690189998
 10
1055.898687239889
 20
-1118.527283524865
 10
1054.915054778952
 20
-1118.855144334453
 10
1051.636146490047
 20
-1119.838826827561
 10
1049.668781503831
 20
-1121.806141781604
 10
1048.685149042896
 20
-1125.085050070515
 10
1048.35723820113
 20
-1126.396593373207
 10
1047.045694898443
 20
-1127.708186708072
 10
1046.389923247092
 20
-1129.019730010768
 10
1046.062012405333
 20
-1128.691819169009
 10
1045.406240753982
 20
-1128.363958359421
 10
1045.078379944396
 20
-1128.363958359421
 10
1046.389923247092
 20
-1125.085050070515
 10
1047.701516581959
 20
-1121.806141781604
 10
1048.685199075062
 20
-1118.199322650944
 10
1051.30833571262
 20
-1110.329962770433
 10
1054.259333159771
 20
-1102.460552857749
 10
1056.882469797332
 20
-1094.591192977241
 10
1058.849834783543
 20
-1088.361287241185
 10
1057.86615229044
 20
-1085.738150603627
 10
1053.275650666668
 20
-1082.78710312431
 10
1054.915104811118
 20
-1074.589832402038
 10
1056.554558955571
 20
-1066.392561679771
 10
1057.866102258269
 20
-1058.523176783181
 10
1057.866102258269
 20
-1057.867405131828
 10
1058.194013100025
 20
-1056.883722638726
 10
1057.866102258269
 20
-1056.227950987377
 10
1054.915104811118
 20
-1050.325906060909
 10
1058.521873909613
 20
-1045.407543627549
 10
1059.833467244476
 20
-1040.161295368516
 10
1061.145010547176
 20
-1034.915047109482
 10
1062.784464691631
 20
-1029.996684676118
 10
1064.096058026493
 20
-1024.750436417085
 10
1065.407601329183
 20
-1019.176302332377
 10
1063.11237553339
 20
-1015.241597376034
 10
1058.194013100025
 20
-1012.94637158023
 10
1058.849784751375
 20
-1009.339577465655
 10
1059.833467244476
 20
-1006.060669176743
 10
1060.161378086239
 20
-1002.453875062167
 10
1061.145060579343
 20
-996.8797409774543
 10
1062.128743072453
 20
-991.3055818766607
 10
1062.456603882041
 20
-986.059333617628
 10
1062.784514723797
 20
-984.0919936475002
 10
1062.128693040278
 20
-981.4688570099424
 10
1060.817149737588
 20
-979.8294028654873
 10
1058.849784751375
 20
-977.8620628953613
 10
1059.177695593127
 20
-976.2226087509061
 10
1059.833467244476
 20
-973.9273579390192
 10
1064.096058026493
 20
-961.139610609067
 10
1064.751829677843
 20
-948.0239774534366
 10
1064.096058026493
 20
-934.9083442978081
 10
1064.096058026493
 20
-933.5967759790274
 10
1063.768147184734
 20
-932.2852076602485
 10
1063.11237553339
 20
-931.6294360089014
 10
1059.833467244476
 20
-928.6784135456674
 10
1060.817149737588
 20
-925.0716194310862
 10
1060.817149737588
 20
-921.4648253165051
 10
1060.817149737588
 20
-914.2512370873428
 10
1061.145060579343
 20
-907.0376238420959
 10
1060.489238895827
 20
-899.8240356129354
 10
1060.489238895827
 20
-897.200898975374
 10
1058.521873909613
 20
-894.5777873539009
 10
1057.538241448676
 20
-891.9546507163395
 10
1057.210330606922
 20
-890.9709682232333
 10
1056.554558955571
 20
-889.9873107462136
 10
1056.554558955571
 20
-889.0036282531073
 10
1057.538241448676
 20
-880.4784717051643
 10
1058.194013100025
 20
-871.9533151572232
 10
1055.898787304221
 20
-863.4281335931973
 10
1055.243015652872
 20
-861.4607936230695
 10
1055.898787304221
 20
-858.83765698551
 10
1055.570876462469
 20
-856.8703170153822
 10
1055.242965620706
 20
-852.6077387414116
 10
1053.931422318015
 20
-849.3288304525049
 10
1049.340970726411
 20
-847.6893763080516
 10
1048.685199075062
 20
-847.3614904823771
 10
1047.701516581959
 20
-846.0499221635982
 10
1047.701516581959
 20
-845.0662521785343
 10
1047.045744930612
 20
-837.5247656156544
 10
1046.389973279263
 20
-829.9832790527771
 10
1046.062062437508
 20
-822.4417799818557
 10
1045.406290786155
 20
-814.5723950852625
 10
1042.783154148594
 20
-810.9656009706832
 10
1036.553248412536
 20
-808.9982610005536
 10
1034.913794268086
 20
-801.1288761039586
 10
1033.602250965396
 20
-793.2595037154078
 10
1031.962796820935
 20
-785.7180171525306
 10
1031.63488597918
 20
-784.0785630080745
 10
1030.323342676478
 20
-782.439108863623
 10
1029.339660183377
 20
-781.7833247042327
 10
1026.388662736226
 20
-780.4717563854538
 10
1026.71652354582
 20
-778.8323022409986
 10
1026.388662736226
 20
-776.2091781114823
 10
1025.732891084885
 20
-770.9629298524469
 10
1024.749208591775
 20
-765.3887832596965
 10
1023.765526098672
 20
-760.1425224926206
 10
1023.10975444732
 20
-756.2078300443227
 10
1022.453957779891
 20
-751.9452517703521
 10
1021.798186128541
 20
-748.010559322056
 10
1020.158731984091
 20
-738.8296186147236
 10
1018.847163665312
 20
-729.6486716533709
 10
1016.879823695184
 20
-720.4677309460385
 10
1015.896141202073
 20
-714.8935843532881
 10
1013.600915406272
 20
-712.9262443831612
 10
1008.682552972914
 20
-712.5983523034647
 10
1004.092076365228
 20
-712.2704602237691
 10
1000.157396424971
 20
-714.8935906073084
 10
998.8458281061921
 20
-719.8119530406693
 10
997.2063739617388
 20
-726.3697696184845
 10
996.2226914686325
 20
-732.9275861962997
 10
994.9111481659384
 20
-739.8132948538087
 10
993.9274656728321
 20
-744.4037652074749
 10
993.2716940214832
 20
-749.3221276408349
 10
992.6159223701361
 20
-753.9126042485223
 10
991.9601507187908
 20
-758.8309666818823
 10
991.3043540513572
 20
-763.7493291152441
 10
990.3206965743357
 20
-768.667691548605
 10
989.9928107486612
 20
-769.6513615336671
 10
989.3370140812294
 20
-771.2908156781214
 10
988.6812424298823
 20
-771.2908156781214
 10
983.7628799965205
 20
-772.6023839969021
 10
983.1071083451734
 20
-776.2091781114823
 10
982.7791975034161
 20
-780.1438705597793
 10
981.795515010308
 20
-789.6527096008276
 10
980.8118575332883
 20
-798.8336503081573
 10
979.5002892145076
 20
-808.3424893492074
 10
979.5002892145076
 20
-808.9982735085978
 10
978.1887208957269
 20
-809.6540576679863
 10
977.5329492443816
 20
-810.3098293193352
 10
973.9261551298005
 20
-812.9329534488515
 10
971.3030184922391
 20
-815.8839759120856
 10
970.9751326665682
 20
-820.8023383454438
 10
970.3193610152193
 20
-828.6717232420397
 10
969.0077926964404
 20
-836.8689939643073
 10
967.6962243776597
 20
-844.7383663528599
 10
967.6962243776597
 20
-845.3941505122493
 10
966.7125418845535
 20
-846.0499346716406
 10
966.0567702332046
 20
-846.3778204973132
 10
964.7452019144257
 20
-848.0172746417666
 10
962.4499761186235
 20
-849.6567287862217
 10
962.1220902929526
 20
-851.6240687563477
 10
961.1384077998446
 20
-856.5424311897095
 10
960.4826361484975
 20
-861.788679448744
 10
960.154750322823
 20
-867.0349277077785
 10
959.8268644971504
 20
-871.9532901411367
 10
960.154750322823
 20
-876.8716525744985
 10
960.154750322823
 20
-881.4621291821859
 10
960.154750322823
 20
-885.3968091224415
 10
961.1384328159293
 20
-889.987285730127
 10
957.8595245270226
 20
-893.2661940190355
 10
957.5316387013481
 20
-893.9219656703826
 10
957.2037528756755
 20
-894.9056481634889
 10
957.2037528756755
 20
-895.561419814836
 10
957.8595245270226
 20
-905.0702588558834
 10
953.2690729354217
 20
-914.2511870551734
 10
956.875867050001
 20
-923.7600260962208
 10
958.5153211944544
 20
-928.3505027039064
 10
957.5316387013481
 20
-933.5967509629409
 10
954.2527304124415
 20
-937.8593417449556
 10
951.6295937748819
 20
-941.1382500338623
 10
951.9575046166392
 20
-945.0729299741197
 10
952.9411620936626
 20
-949.0076349304563
 10
953.2690479193352
 20
-950.6470890749115
 10
953.5969337450097
 20
-951.9586573936904
 10
953.924844586767
 20
-953.5981115381455
 10
954.9085270798751
 20
-958.1885881458329
 10
955.8921845568948
 20
-963.1069505791911
 10
956.875867050001
 20
-967.6974271868785
 10
957.2037528756755
 20
-969.33688133133
 10
956.875867050001
 20
-970.9763354757852
 10
956.5479812243284
 20
-972.6157896202403
 10
956.2200953986539
 20
-976.8783804022532
 10
955.2364129055477
 20
-981.1409461681833
 10
955.5642987312222
 20
-985.4035369501962
 10
956.2200703825692
 20
-992.2892393536822
 10
958.1874353687817
 20
-998.8470559314956
 10
959.4989786714759
 20
-1005.732758334989
 10
959.8268644971504
 20
-1006.716440828091
 10
960.154750322823
 20
-1007.700098305111
 10
959.4989786714759
 20
-1008.355894972547
 10
954.5806162381141
 20
-1014.585825724687
 10
956.5479562082437
 20
-1021.799413953851
 10
957.2037528756755
 20
-1028.357230531663
 10
957.8595245270226
 20
-1034.587161283805
 10
960.1547753389077
 20
-1040.489181194187
 10
961.4663436576884
 20
-1046.391226120655
 10
961.7942294833629
 20
-1047.702794439434
 10
961.4663436576884
 20
-1049.342248583886
 10
960.8105720063413
 20
-1049.998020235238
 10
958.1874353687817
 20
-1052.949042698467
 10
957.5316637174328
 20
-1056.55583681305
 10
958.5153462105409
 20
-1059.834745101954
 10
960.8105720063413
 20
-1068.359926665986
 10
963.4337086439009
 20
-1076.88505819784
 10
965.7289344397013
 20
-1085.410239761868
 10
966.3847060910484
 20
-1087.705465557665
 10
966.7126169328076
 20
-1089.672830543886
 10
965.4010486140287
 20
-1092.295967181439
 10
962.4500261507947
 20
-1098.198012107907
 10
965.4010486140287
 20
-1103.772146192616
 10
967.040502758482
 20
-1109.346280277325
 10
969.9915252217143
 20
-1118.527233492699
 10
973.5983193362954
 20
-1127.708186708072
 10
977.2051134508765
 20
-1137.217000733035
 10
974.9098876550743
 20
-1138.200683226138
 10
973.2704335106228
 20
-1138.856454877487
 10
970.9751826987358
 20
-1139.840137370598
 10
968.6799569029354
 20
-1134.266003285884
 10
966.3847060910484
 20
-1128.363958359421
 10
963.4336836278162
 20
-1122.789824274712
 10
962.7779119764673
 20
-1121.150370130252
 10
961.138457832014
 20
-1119.183005144047
 10
959.4990036875606
 20
-1118.855144334453
 10
956.2200953986539
 20
-1118.19937268311
 10
955.5643237473068
 20
-1116.232007696895
 10
954.5806412542006
 20
-1113.608871059338
 10
949.6622788208406
 20
-1100.165327061946
 10
945.0718022131514
 20
-1086.39392225498
 10
939.8255539541169
 20
-1072.95042828976
 10
938.513985635338
 20
-1069.0157483495
 10
935.5629631721058
 20
-1066.064700870184
 10
930.9725115805013
 20
-1065.408929218835
 10
929.9888290873969
 20
-1065.408929218835
 10
929.0051716103735
 20
-1064.425246725728
 10
928.3493749429417
 20
-1063.769475074379
 10
922.7752408582328
 20
-1053.604864381987
 10
917.201081757441
 20
-1043.112342847833
 10
911.2990618470576
 20
-1032.94773215544
 10
909.6596077026061
 20
-1029.996709692205
 10
906.708585239372
 20
-1027.045687228971
 10
903.4296769504654
 20
-1026.062029751953
 10
898.1834286914309
 20
-1024.422575607496
 10
896.5439745469776
 20
-1020.487895667244
 10
894.2487237350906
 20
-1016.553190710902
 10
890.3140437948368
 20
-1010.323259958757
 10
886.3793388384966
 20
-1004.421240048376
 10
882.1167730725683
 20
-998.5191951219076
 10
878.1820931323127
 20
-993.272946862875
 10
873.9195023502998
 20
-988.354584429515
 10
869.984822410046
 20
-983.1083361704823
 10
869.3290507586971
 20
-982.4525645191334
 10
868.6732540912653
 20
-981.4688820260271
 10
868.0174824399182
 20
-981.140996200349
 10
861.1317800364295
 20
-979.5015420558993
 10
859.8202117176497
 20
-972.6158396524115
 10
856.2134176030686
 20
-968.0253630447223
 10
851.2950551697077
 20
-962.1233181182579
 10
846.7045785620221
 20
-956.549184033549
 10
841.7862161286612
 20
-950.647139107079
 10
841.1304444773132
 20
-949.6634566139746
 10
839.4909903328589
 20
-949.0076849626275
 10
838.17942201408
 20
-949.0076849626275
 10
830.3100371174851
 20
-948.6797991369531
 10
827.359014654252
 20
-942.4498683848124
 10
822.7685630626502
 20
-937.5315059514523
 10
817.8502006292892
 20
-931.9573718667452
 10
813.259724021601
 20
-925.7274411146027
 10
804.4066816479854
 20
-926.7110985916261
 10
803.7508974885968
 20
-926.7110985916261
 10
802.7672275035338
 20
-926.3832127659516
 10
802.4393416778594
 20
-925.727416098518
 10
798.1767634038897
 20
-920.8090536651562
 10
793.5862867962014
 20
-916.2185770574688
 10
789.3237085222308
 20
-911.3002146241106
 10
788.340038537167
 20
-909.9886463053299
 10
787.0284702183872
 20
-909.0049888283083
 10
786.0448002333223
 20
-907.6934205095276
 10
781.1264377999623
 20
-901.1356039317143
 10
776.8638595259927
 20
-900.151921438608
 10
769.6502587887862
 20
-903.758740569272
 10
756.8625114588312
 20
-892.9383332094458
 10
743.4189924775301
 20
-882.4458366913786
 10
728.008121018057
 20
-874.9043376204572
 10
723.089758584696
 20
-872.6091118246568
 10
718.8271803107245
 20
-872.6091118246568
 10
715.8761578474914
 20
-875.2322234461317
 10
713.2530337179751
 20
-877.8553600836894
 10
712.2693637329112
 20
-884.0852658197473
 10
714.5645895287125
 20
-888.0199707760858
 10
718.4992819770105
 20
-894.5777873539009
 10
722.7618602509792
 20
-900.8077181060398
 10
727.0244385249507
 20
-907.0376488581805
 10
729.9754609881838
 20
-911.6281254658679
 10
733.2543692770923
 20
-916.2186020735571
 10
736.533277565999
 20
-920.8090536651562
 10
737.8448458847779
 20
-922.4485078096095
 10
739.484300029233
 20
-924.0879619540647
 10
741.1237541736864
 20
-926.0553019241925
 10
737.5169600591043
 20
-931.3015501832251
 10
738.5006300441692
 20
-936.5477984422596
 10
741.4516399993599
 20
-941.4661608756232
 10
746.0421166070473
 20
-949.3355457722173
 10
751.2883648660827
 20
-956.8770198270504
 10
755.8788414737692
 20
-964.4185188979718
 10
756.2067272994418
 20
-965.0742905493189
 10
756.5346256331586
 20
-966.0579730424233
 10
756.2067272994418
 20
-966.7137446937722
 10
753.9114889955981
 20
-972.6157896202403
 10
754.895158980662
 20
-978.1899237049474
 10
758.1740672695687
 20
-983.1082861383111
 10
762.4366455435402
 20
-989.6661027161244
 10
767.0271221512276
 20
-996.2239192939378
 10
771.6175862508717
 20
-1003.109621697426
 10
772.2733704102629
 20
-1003.765393348775
 10
772.6012562359356
 20
-1005.076961667553
 10
772.6012562359356
 20
-1005.732758334989
 10
771.9454720765461
 20
-1010.979006594021
 10
773.9128245547154
 20
-1015.241597376034
 10
776.8638345099071
 20
-1019.504163141964
 10
780.7985269582032
 20
-1025.078297226673
 10
783.7495369133949
 20
-1031.308227978814
 10
787.3563435360184
 20
-1037.210272905282
 10
789.3236835061452
 20
-1040.489181194187
 10
791.9468201437057
 20
-1043.768089483099
 10
794.2420459395062
 20
-1047.046997772004
 10
794.5699317651797
 20
-1047.702769423347
 10
795.225715924571
 20
-1048.686451916454
 10
794.8978300988956
 20
-1049.342223567803
 10
792.6025917950519
 20
-1055.900040145618
 10
796.2093984176754
 20
-1060.81840257898
 10
799.8161925322565
 20
-1064.753082519233
 10
808.6692474139154
 20
-1074.589782369867
 10
817.8501756132036
 20
-1084.098646427001
 10
827.0311288285775
 20
-1093.935371293723
 10
828.0148113216837
 20
-1094.919053786831
 10
828.6705829730317
 20
-1096.886368740874
 10
828.3426971473582
 20
-1098.197962075741
 10
828.0148113216837
 20
-1101.804781206401
 10
828.6705829730317
 20
-1105.083689495312
 10
831.2937196105913
 20
-1107.378915291105
 10
838.17942201408
 20
-1113.608821027161
 10
845.3930352593261
 20
-1119.838776795395
 10
852.2787376628139
 20
-1126.068682531441
 10
854.2460776329408
 20
-1127.708136675901
 10
854.5739634586143
 20
-1129.019679978597
 10
853.9181918072682
 20
-1131.314955806562
 10
852.6066234884884
 20
-1134.921774937233
 10
853.9181918072682
 20
-1138.200683226138
 10
856.8692142705013
 20
-1140.823769831524
 10
864.7385991670963
 20
-1147.053675567591
 10
872.6079840636903
 20
-1153.611492145403
 10
880.4773439441997
 20
-1159.841447913626
 10
883.1004805817593
 20
-1161.808812899841
 10
885.7235922032341
 20
-1163.44826704429
 10
888.0188430151193
 20
-1164.759810346992
 10
889.3304113338982
 20
-1168.694490287246
 10
890.3140688109215
 20
-1171.973398576152
 10
891.2977513040278
 20
-1175.252306865057
 10
888.6746146664682
 20
-1173.940763562361
 10
886.0515030449915
 20
-1172.301309417906
 10
883.1004805817593
 20
-1171.317626924803
 10
881.1331406116315
 20
-1170.661855273454
 10
878.8378897997463
 20
-1169.678172780348
 10
877.1984356552912
 20
-1170.006083622102
 10
873.9195273663845
 20
-1170.989766115215
 10
871.6243015705841
 20
-1170.006083622102
 10
869.0011649330245
 20
-1168.038718635898
 10
863.0991200065564
 20
-1163.77612785388
 10
856.8692142705013
 20
-1160.169358755385
 10
850.6392835183615
 20
-1156.890450466475
 10
848.016146880801
 20
-1155.578907163785
 10
844.4093527662199
 20
-1156.234678815137
 10
841.1304444773132
 20
-1156.234678815137
 10
839.4909903328589
 20
-1156.234678815137
 10
837.8515361884074
 20
-1156.562589656885
 10
836.5399678696258
 20
-1155.906767973373
 10
825.3916746841251
 20
-1151.644177191365
 10
814.5712923403826
 20
-1146.725814757998
 10
803.42299915488
 20
-1142.463223975985
 10
799.1604208809085
 20
-1140.823769831524
 10
794.569944273223
 20
-1140.495858989771
 10
789.9794801735788
 20
-1142.79113481774
 10
788.995810188515
 20
-1143.119045659503
 10
787.3563560440598
 20
-1143.119045659503
 10
786.3726860589968
 20
-1142.79113481774
 10
776.2080753666014
 20
-1139.840137370598
 10
766.0434521661646
 20
-1136.889089891281
 10
755.5509431400524
 20
-1133.93809244413
 10
752.5999206768192
 20
-1132.954409951022
 10
749.3210123879117
 20
-1132.626549141429
 10
746.37000243272
 20
-1132.298638299675
 10
744.7305482882675
 20
-1131.970727457916
 10
742.7632083181388
 20
-1132.298638299675
 10
741.7795258250326
 20
-1132.954409951022
 10
737.5169475510629
 20
-1136.561229081688
 10
733.5822551027659
 20
-1133.282320792781
 10
729.3196768287962
 20
-1132.626499109263
 10
723.0897460766546
 20
-1131.64281661616
 10
716.5319294988394
 20
-1130.659134123049
 10
709.9741129210242
 20
-1129.675501662112
 10
708.9904429359622
 20
-1129.675501662112
 10
707.6788746171806
 20
-1129.675501662112
 10
707.0230967118132
 20
-1130.331273313459
 10
701.7768421987566
 20
-1135.57754658858
 10
696.5305876857019
 20
-1130.987044964808
 10
691.2843331726453
 20
-1130.331273313459
 10
686.3659707392853
 20
-1129.675501662112
 10
681.4476083059244
 20
-1128.691819169009
 10
676.8571379522582
 20
-1131.314955806562
 10
676.2013537928688
 20
-1131.642866648326
 10
675.2176838078049
 20
-1131.642866648326
 10
674.2340138227419
 20
-1131.642866648326
 10
667.0204130855373
 20
-1130.33132334563
 10
659.4789265226582
 20
-1128.691869201175
 10
652.2653289124655
 20
-1127.380275866308
 10
644.068058190197
 20
-1126.068732563617
 10
635.5428985152439
 20
-1124.75713922875
 10
627.3456262294721
 20
-1123.773456735653
 10
625.3782815688273
 20
-1123.445545893888
 10
623.4109353446784
 20
-1122.789774242541
 10
621.7714812002259
 20
-1122.461913432953
 10
617.1810092830556
 20
-1121.478230939845
 10
612.5905381476359
 20
-1123.1176850843
 10
610.9510840031835
 20
-1126.72450421497
 10
608.9837389516624
 20
-1131.642866648326
 10
610.2953021890507
 20
-1136.561229081688
 10
614.8857741062229
 20
-1138.856454877487
 10
624.3946084567542
 20
-1143.446906469093
 10
634.5592222761597
 20
-1147.709497251106
 10
644.3959471428807
 20
-1152.299998874878
 10
648.6585285438623
 20
-1154.267363861089
 10
652.9211099448448
 20
-1155.578907163785
 10
657.8394723782048
 20
-1157.546272149999
 10
655.8721261540568
 20
-1166.399314523613
 10
662.7578348115658
 20
-1168.694540319411
 10
668.6598672299897
 20
-1170.989816147387
 10
674.8897917281101
 20
-1173.612952784939
 10
681.4476083059244
 20
-1175.908178580743
 10
687.6775390580642
 20
-1178.20340437654
 10
688.3333232174546
 20
-1178.531315218304
 10
689.3169932025185
 20
-1179.514947679241
 10
689.3169932025185
 20
-1180.17076936276
 10
689.9727773619079
 20
-1183.777588493425
 10
691.9401173320357
 20
-1186.072814289219
 10
695.5469177006371
 20
-1187.38435759192
 10
703.0884042635162
 20
-1190.007494229481
 10
710.6298970804155
 20
-1193.286402518388
 10
717.8434978176201
 20
-1196.565310807293
 10
718.8271678026831
 20
-1196.893221649058
 10
719.810837787747
 20
-1198.204764951748
 10
720.1387361214629
 20
-1198.860536603092
 10
720.7945202808523
 20
-1203.450988194698
 10
724.4013143954353
 20
-1204.762581529565
 10
728.008121018057
 20
-1206.40203567402
 10
734.5659375958721
 20
-1209.025172311573
 10
741.1237541736864
 20
-1210.992487265623
 10
747.6815707514997
 20
-1213.615623903175
 10
749.6489107216266
 20
-1214.271395554528
 10
750.9604790404082
 20
-1216.238760540733
 10
752.9278190105351
 20
-1217.222443033845
 10
756.5346131251172
 20
-1219.189808020055
 10
760.1414197477388
 20
-1221.157122974098
 10
763.7482138623209
 20
-1222.140805467201
 10
775.2243928734952
 20
-1225.419713756106
 10
786.7005718846704
 20
-1228.370711203257
 10
798.1767508958455
 20
-1231.649619492164
 10
799.4883192146262
 20
-1231.977530333928
 10
800.7998750253628
 20
-1233.944845287966
 10
802.1114433441426
 20
-1234.600616939315
 10
804.7345674736607
 20
-1236.240071083765
 10
807.357691603178
 20
-1238.207436069984
 10
810.3087140664111
 20
-1239.191068530921
 10
820.8012230925224
 20
-1242.797887661576
 10
831.6216304523505
 20
-1245.748885108727
 10
843.0978094635257
 20
-1246.404656760082
 10
845.7209461010862
 20
-1246.732567601841
 10
848.6719435482346
 20
-1248.699882555884
 10
851.2950801857924
 20
-1250.011475890746
 10
853.9182168233529
 20
-1251.323019193436
 10
856.2134426191542
 20
-1252.962473337888
 10
858.8365792567138
 20
-1253.618295021406
 10
863.0991700387267
 20
-1254.601977514518
 10
867.6896216303285
 20
-1255.257749165867
 10
872.2800982380159
 20
-1255.58566000762
 10
883.100505597844
 20
-1256.241431658975
 10
893.9208879415874
 20
-1256.897203310322
 10
904.7412953014136
 20
-1257.880885803424
 10
903.1018411569621
 20
-1258.536657454772
 10
901.462387012507
 20
-1259.19242910612
 10
899.8229328680536
 20
-1259.19242910612
 10
889.3304363499847
 20
-1260.176111599227
 10
879.8215973089373
 20
-1263.127109046378
 10
870.6406440935625
 20
-1268.045471479734
 10
869.9848724422154
 20
-1268.37338232149
 10
869.0011899491092
 20
-1268.37338232149
 10
868.0175074560029
 20
-1268.37338232149
 10
865.0664849927707
 20
-1268.045471479734
 10
862.443373371294
 20
-1267.389699828387
 10
860.1481225594089
 20
-1266.733928177033
 10
861.4596908781896
 20
-1265.750245683932
 10
863.0991450226411
 20
-1264.11079153948
 10
864.7385991670963
 20
-1262.799248236781
 10
859.8202367337353
 20
-1261.487704934094
 10
854.2461026490264
 20
-1261.159794092329
 10
850.311397692687
 20
-1258.208796645189
 10
841.4583553190723
 20
-1251.978890909131
 10
830.6379479592433
 20
-1253.618345053583
 10
821.1291089181959
 20
-1250.339436764671
 10
814.5712923403826
 20
-1248.044210968877
 10
808.0134757625674
 20
-1246.076845982658
 10
801.4556591847522
 20
-1244.10953102862
 10
800.7998750253628
 20
-1243.781620186861
 10
800.1440908659733
 20
-1243.453759377271
 10
799.8162050402998
 20
-1243.125848535507
 10
795.2257284326124
 20
-1237.223803609049
 10
788.3400260291246
 20
-1237.551714450803
 10
782.110095276983
 20
-1235.584349464589
 10
771.9454845845885
 20
-1232.305441175682
 10
760.7971913990859
 20
-1230.338076189479
 10
751.9441365174289
 20
-1225.091852946523
 10
742.107411650708
 20
-1219.189808020055
 10
730.9591184652072
 20
-1217.22249306601
 10
721.1224061065268
 20
-1211.320448139542
 10
719.4829519620725
 20
-1210.33676564644
 10
716.8598278325553
 20
-1209.680993995093
 10
716.5319294988394
 20
-1208.041539850637
 10
713.9088053693222
 20
-1201.81163411458
 10
707.6788746171806
 20
-1200.827951621477
 10
702.432626358147
 20
-1198.532725825675
 10
698.1700480841755
 20
-1196.565360839464
 10
693.57957147649
 20
-1194.925906695009
 10
689.6448852822132
 20
-1192.630680899207
 10
687.3496469783695
 20
-1191.319137596514
 10
685.0544149285479
 20
-1189.3517726103
 10
683.7428528637884
 20
-1187.056546814501
 10
682.4312907990306
 20
-1184.433410176945
 10
680.4639445748817
 20
-1183.449727683832
 10
677.8408204453644
 20
-1182.466095222895
 10
671.2830038675502
 20
-1179.842958585337
 10
665.0530793694315
 20
-1177.219821947776
 10
658.8231486172899
 20
-1174.268824500634
 10
654.5605672163083
 20
-1172.30145951442
 10
651.9374399597809
 20
-1169.022551225513
 10
650.6258778950223
 20
-1164.432099633907
 10
650.2979858153258
 20
-1162.792645489457
 10
648.3306427181878
 20
-1161.481102186755
 10
646.6911885737354
 20
-1160.825280503243
 10
634.2313364504862
 20
-1155.251146418534
 10
621.4435953745515
 20
-1150.332783985177
 10
609.3116353309988
 20
-1143.774967407355
 10
599.4749104642751
 20
-1138.528694132245
 10
600.1306922784079
 20
-1122.1341526877
 10
609.6395262380629
 20
-1116.560018602991
 10
612.9184341360942
 20
-1114.592653616777
 10
617.5089060532655
 20
-1113.609021155846
 10
621.1157048583627
 20
-1113.936881965439
 10
628.3293040320614
 20
-1114.264792807195
 10
635.542901642255
 20
-1115.904246951644
 10
642.7564992524485
 20
-1117.215790254346
 10
652.9211161988669
 20
-1119.18315524056
 10
663.0857268912605
 20
-1121.1504701946
 10
673.2503500916991
 20
-1123.117835180814
 10
673.9061342510886
 20
-1123.117835180814
 10
674.5619121564569
 20
-1123.445746022568
 10
675.2176963158481
 20
-1123.117835180814
 10
683.4149670381157
 20
-1120.166837733663
 10
691.6122377603842
 20
-1122.1341526877
 10
699.4816164029562
 20
-1123.773606832161
 10
700.4652863880201
 20
-1124.101517673917
 10
701.4489626271043
 20
-1124.101517673917
 10
702.1047405324734
 20
-1123.773606832161
 10
711.9414653991953
 20
-1119.511016050143
 10
721.7781902659162
 20
-1121.806241845947
 10
731.6149151326381
 20
-1124.757289325264
 10
734.5659375958721
 20
-1125.740971818366
 10
737.1890617253885
 20
-1126.068832627954
 10
740.1400716805801
 20
-1125.085200167025
 10
746.042104099005
 20
-1122.789974371215
 10
751.9441365174289
 20
-1125.085200167025
 10
757.8461814438961
 20
-1126.396743469719
 10
767.3550204849425
 20
-1128.691969265523
 10
776.8638470179494
 20
-1131.64301674484
 10
786.7005718846704
 20
-1134.266103350226
 10
787.6842418697333
 20
-1134.594014191982
 10
788.995810188515
 20
-1134.594014191982
 10
789.6515943479035
 20
-1134.266103350226
 10
796.8651950851081
 20
-1131.970877554424
 10
803.7508974885968
 20
-1133.938192508462
 10
810.3087140664111
 20
-1136.233468336442
 10
819.4896547737426
 20
-1139.840287467101
 10
828.342722163442
 20
-1143.447056565601
 10
837.1957645370585
 20
-1147.053875696261
 10
838.5073328558383
 20
-1147.709647347614
 10
840.4746728259661
 20
-1147.381786538026
 10
842.1141269704194
 20
-1147.709647347614
 10
847.6881109586175
 20
-1147.053875696261
 10
851.6227908988722
 20
-1147.053875696261
 10
853.9180166946726
 20
-1147.381786538026
 97
        0
 97
        0
 75
     2
 76
     1
 98
        0
  0
SPLINE
  5
50
330
41
100
AcDbEntity
  8
katman 1
370
     0
100
AcDbSpline
210
0.0
220
0.0
230
1.0
 70
    11
 71
     3
 72
   209
 73
   205
 74
     0
 42
0.0000000001
 43
0.0000000001
 12
1.0
 22
0.0
 32
0.0
 13
1.0
 23
0.0
 33
0.0
 40
0.0
 40
0.0
 40
0.0
 40
0.0
 40
1.0
 40
1.0
 40
1.0
 40
2.0
 40
2.0
 40
2.0
 40
3.0
 40
3.0
 40
3.0
 40
4.0
 40
4.0
 40
4.0
 40
5.0
 40
5.0
 40
5.0
 40
6.0
 40
6.0
 40
6.0
 40
7.0
 40
7.0
 40
7.0
 40
8.0
 40
8.0
 40
8.0
 40
9.0
 40
9.0
 40
9.0
 40
10.0
 40
10.0
 40
10.0
 40
11.0
 40
11.0
 40
11.0
 40
12.0
 40
12.0
 40
12.0
 40
13.0
 40
13.0
 40
13.0
 40
14.0
 40
14.0
 40
14.0
 40
15.0
 40
15.0
 40
15.0
 40
16.0
 40
16.0
 40
16.0
 40
17.0
 40
17.0
 40
17.0
 40
18.0
 40
18.0
 40
18.0
 40
19.0
 40
19.0
 40
19.0
 40
20.0
 40
20.0
 40
20.0
 40
21.0
 40
21.0
 40
21.0
 40
22.0
 40
22.0
 40
22.0
 40
23.0
 40
23.0
 40
23.0
 40
24.0
 40
24.0
 40
24.0
 40
25.0
 40
25.0
 40
25.0
 40
26.0
 40
26.0
 40
26.0
 40
27.0
 40
27.0
 40
27.0
 40
28.0
 40
28.0
 40
28.0
 40
29.0
 40
29.0
 40
29.0
 40
30.0
 40
30.0
 40
30.0
 40
31.0
 40
31.0
 40
31.0
 40
32.0
 40
32.0
 40
32.0
 40
33.0
 40
33.0
 40
33.0
 40
34.0
 40
34.0
 40
34.0
 40
35.0
 40
35.0
 40
35.0
 40
36.0
 40
36.0
 40
36.0
 40
37.0
 40
37.0
 40
37.0
 40
38.0
 40
38.0
 40
38.0
 40
39.0
 40
39.0
 40
39.0
 40
40.0
 40
40.0
 40
40.0
 40
41.0
 40
41.0
 40
41.0
 40
42.0
 40
42.0
 40
42.0
 40
43.0
 40
43.0
 40
43.0
 40
44.0
 40
44.0
 40
44.0
 40
45.0
 40
45.0
 40
45.0
 40
46.0
 40
46.0
 40
46.0
 40
47.0
 40
47.0
 40
47.0
 40
48.0
 40
48.0
 40
48.0
 40
49.0
 40
49.0
 40
49.0
 40
50.0
 40
50.0
 40
50.0
 40
51.0
 40
51.0
 40
51.0
 40
52.0
 40
52.0
 40
52.0
 40
53.0
 40
53.0
 40
53.0
 40
54.0
 40
54.0
 40
54.0
 40
55.0
 40
55.0
 40
55.0
 40
56.0
 40
56.0
 40
56.0
 40
57.0
 40
57.0
 40
57.0
 40
58.0
 40
58.0
 40
58.0
 40
59.0
 40
59.0
 40
59.0
 40
60.0
 40
60.0
 40
60.0
 40
61.0
 40
61.0
 40
61.0
 40
62.0
 40
62.0
 40
62.0
 40
63.0
 40
63.0
 40
63.0
 40
64.0
 40
64.0
 40
64.0
 40
65.0
 40
65.0
 40
65.0
 40
66.0
 40
66.0
 40
66.0
 40
67.0
 40
67.0
 40
67.0
 40
68.0
 40
68.0
 40
68.0
 40
68.0
 10
969.6634892995316
 20
-942.122107639565
 30
0.0
 10
969.6634892995316
 20
-940.8105393207843
 30
0.0
 10
969.6634892995316
 20
-939.4989710020036
 30
0.0
 10
969.3356034738572
 20
-938.5153135249839
 30
0.0
 10
965.728809359276
 20
-927.6949061651558
 30
0.0
 10
965.4009235336034
 20
-916.8745238214105
 30
0.0
 10
966.0566951849505
 20
-905.398344810239
 30
0.0
 10
966.384581010625
 20
-901.791550695656
 30
0.0
 10
966.0566951849505
 20
-898.5126424067494
 30
0.0
 10
966.0566951849505
 20
-893.5942799733875
 30
0.0
 10
968.0240351550783
 20
-896.2174166109471
 30
0.0
 10
969.3356034738572
 20
-897.8568707554023
 30
0.0
 10
970.6471717926361
 20
-899.8242107255282
 30
0.0
 10
970.9750576183105
 20
-899.4963248998556
 30
0.0
 10
971.302943443985
 20
-899.1684390741812
 30
0.0
 10
971.9587401114186
 20
-899.1684390741812
 30
0.0
 10
970.9750576183105
 20
-891.2990541775889
 30
0.0
 10
969.6635143156163
 20
-883.7575801227504
 30
0.0
 10
969.3356034738572
 20
-875.8881952261581
 30
0.0
 10
969.0077176481846
 20
-868.0188103295623
 30
0.0
 10
970.3192859669634
 20
-860.14942543297
 30
0.0
 10
970.6471717926361
 20
-851.2963830593526
 30
0.0
 10
972.9423975884383
 20
-853.2637230294822
 30
0.0
 10
974.5818517328935
 20
-854.5752913482611
 30
0.0
 10
976.5492167191042
 20
-856.5426313183889
 30
0.0
 10
977.860785037883
 20
-842.1154298439797
 30
0.0
 10
978.1886708635593
 20
-828.344025037004
 30
0.0
 10
981.4675791524642
 20
-814.9004935476578
 30
0.0
 10
984.4186016156982
 20
-816.539947692112
 30
0.0
 10
986.7138274115005
 20
-817.8515160108918
 30
0.0
 10
989.992735700409
 20
-819.4909701553443
 30
0.0
 10
988.0253957302812
 20
-804.7358828552633
 30
0.0
 10
989.992735700409
 20
-791.6202496996339
 30
0.0
 10
991.9600756705331
 20
-777.5209465589414
 30
0.0
 10
993.9274156406609
 20
-779.1604007033948
 30
0.0
 10
994.911098133769
 20
-780.1440706884587
 30
0.0
 10
996.8784381038968
 20
-781.783524832912
 30
0.0
 10
1000.813118044149
 20
-760.1427351293423
 30
0.0
 10
1004.747823000489
 20
-739.1577170771197
 30
0.0
 10
1008.35461711507
 20
-718.5005973586121
 30
0.0
 10
1009.010388766417
 20
-718.5005973586121
 30
0.0
 10
1009.666185433851
 20
-718.5005973586121
 30
0.0
 10
1009.994071259523
 20
-718.5005973586121
 30
0.0
 10
1013.600865374103
 20
-742.108739540352
 30
0.0
 10
1017.207659488686
 20
-765.7168817220927
 30
0.0
 10
1020.814478619352
 20
-789.3250113957902
 30
0.0
 10
1021.4702502707
 20
-789.6528972214646
 30
0.0
 10
1022.12604693813
 20
-789.6528972214646
 30
0.0
 10
1022.453932763803
 20
-789.9807955551814
 30
0.0
 10
1023.109704415154
 20
-788.6692272363998
 30
0.0
 10
1023.765476066503
 20
-787.3576714256624
 30
0.0
 10
1024.421297750021
 20
-786.0461031068835
 30
0.0
 10
1024.749208591775
 20
-786.373988932557
 30
0.0
 10
1025.404980243124
 20
-786.373988932557
 30
0.0
 10
1025.73284105271
 20
-786.7018872662738
 30
0.0
 10
1027.044384355408
 20
-797.5222821180587
 30
0.0
 10
1028.355977690275
 20
-808.3426769698435
 30
0.0
 10
1029.339660183377
 20
-819.4909701553443
 30
0.0
 10
1031.307025169592
 20
-818.1794018365645
 30
0.0
 10
1033.602250965396
 20
-816.539947692112
 30
0.0
 10
1035.897476761187
 20
-815.2283918813746
 30
0.0
 10
1038.848474208338
 20
-827.3603550519401
 30
0.0
 10
1040.160067543206
 20
-839.164419888788
 30
0.0
 10
1039.504295891857
 20
-851.2963830593526
 30
0.0
 10
1039.504295891857
 20
-852.9358372038078
 30
0.0
 10
1040.160067543206
 20
-854.5752913482611
 30
0.0
 10
1040.487978384966
 20
-856.5426313183889
 30
0.0
 10
1042.127432529422
 20
-855.8868596670418
 30
0.0
 10
1043.766886673871
 20
-855.2310629996064
 30
0.0
 10
1046.390023311429
 20
-853.9195071888698
 30
0.0
 10
1048.357388297645
 20
-861.1331079260744
 30
0.0
 10
1048.357388297645
 20
-868.6745819809112
 30
0.0
 10
1048.685249107233
 20
-876.216081051829
 30
0.0
 10
1049.013159948992
 20
-883.7575801227504
 30
0.0
 10
1046.717884121023
 20
-891.2990541775889
 30
0.0
 10
1045.406340818326
 20
-900.1521215672874
 30
0.0
 10
1047.701566614125
 20
-898.512667422834
 30
0.0
 10
1049.013159948992
 20
-897.5289849297296
 30
0.0
 10
1050.652614093447
 20
-895.8895307852745
 30
0.0
 10
1054.259433224113
 20
-909.9888464340092
 30
0.0
 10
1051.63629658655
 20
-924.0881370666593
 30
0.0
 10
1048.357388297645
 20
-937.8595668897215
 30
0.0
 10
1048.685299139399
 20
-937.8595668897215
 30
0.0
 10
1049.013159948992
 20
-938.1874527153959
 30
0.0
 10
1049.341070790746
 20
-938.1874527153959
 30
0.0
 10
1050.980524935203
 20
-936.5479985709408
 30
0.0
 10
1052.947889921417
 20
-934.9085444264856
 30
0.0
 10
1055.243115717218
 20
-932.9412044563596
 30
0.0
 10
1055.571026558981
 20
-942.7779293230815
 30
0.0
 10
1055.243115717218
 20
-951.6309716966971
 30
0.0
 10
1052.619979079664
 20
-960.8119249120718
 30
0.0
 10
1049.996842442097
 20
-969.3370814600148
 30
0.0
 10
1048.029527488059
 20
-978.1901488497115
 30
0.0
 10
1045.734251660082
 20
-987.6989628746742
 30
0.0
 10
1048.357388297645
 20
-986.3873945558953
 30
0.0
 10
1050.324703251683
 20
-985.4037370788756
 30
0.0
 10
1052.619979079664
 20
-984.4200545857693
 30
0.0
 10
1052.619979079664
 20
-998.191459392745
 30
0.0
 10
1047.373705804543
 20
-1010.979206722701
 30
0.0
 10
1045.078480008739
 20
-1025.406408197112
 30
0.0
 10
1049.013159948992
 20
-1023.11118240131
 30
0.0
 10
1052.292068237897
 20
-1021.471728256858
 30
0.0
 10
1056.226748178155
 20
-1019.504363270644
 30
0.0
 10
1051.63629658655
 20
-1032.619996426272
 30
0.0
 10
1047.045794962778
 20
-1045.407743756228
 30
0.0
 10
1042.127432529422
 20
-1059.50703438888
 30
0.0
 10
1044.750569166979
 20
-1057.867580244425
 30
0.0
 10
1046.717884121023
 20
-1056.556011925646
 30
0.0
 10
1049.34102075858
 20
-1054.916557781191
 30
0.0
 10
1048.685249107233
 20
-1062.130146010355
 30
0.0
 10
1046.062112469675
 20
-1068.032165920735
 30
0.0
 10
1044.422658325222
 20
-1074.589982498552
 30
0.0
 10
1042.783204180769
 20
-1080.819888234604
 30
0.0
 10
1041.143750036308
 20
-1087.049844002831
 30
0.0
 10
1039.504295891857
 20
-1093.279749738887
 30
0.0
 10
1039.832206733618
 20
-1093.607660580648
 30
0.0
 10
1040.160067543206
 20
-1093.607660580648
 30
0.0
 10
1040.487978384966
 20
-1093.935521390236
 30
0.0
 10
1042.455343371175
 20
-1092.62397808754
 30
0.0
 10
1044.750569166979
 20
-1091.312384752673
 30
0.0
 10
1047.701566614125
 20
-1089.345069798634
 30
0.0
 10
1047.701566614125
 20
-1090.984523943085
 30
0.0
 10
1048.029477455884
 20
-1091.968206436188
 30
0.0
 10
1047.701566614125
 20
-1092.951888929299
 30
0.0
 10
1045.406340818326
 20
-1099.181794665357
 30
0.0
 10
1042.783204180769
 20
-1105.411750433579
 30
0.0
 10
1040.487978384966
 20
-1111.641656169637
 30
0.0
 10
1037.209070096054
 20
-1119.511016050143
 30
0.0
 10
1033.930161807149
 20
-1127.708286772406
 30
0.0
 10
1030.651253518245
 20
-1135.577696685094
 30
0.0
 10
1030.323342676478
 20
-1136.233468336442
 30
0.0
 10
1030.651253518245
 20
-1137.872922480898
 30
0.0
 10
1030.979164359998
 20
-1138.200833322651
 30
0.0
 10
1031.962846853112
 20
-1138.52874416441
 30
0.0
 10
1033.274390155802
 20
-1138.856604974
 30
0.0
 10
1034.258072648912
 20
-1138.52874416441
 30
0.0
 10
1036.553298444713
 20
-1137.872972513063
 30
0.0
 10
1038.52066343092
 20
-1136.561379178196
 30
0.0
 10
1041.471660878073
 20
-1135.905607526849
 30
0.0
 10
1029.339710215549
 20
-1171.97359870483
 30
0.0
 10
1015.56828039249
 20
-1207.713679041053
 30
0.0
 10
1006.387352193198
 20
-1244.765352712138
 30
0.0
 10
999.8295356153831
 20
-1211.320498171708
 30
0.0
 10
989.3370390973141
 20
-1178.859276092231
 30
0.0
 10
979.8282000562685
 20
-1145.086560742222
 30
0.0
 10
983.7628799965205
 20
-1145.742332393571
 30
0.0
 10
987.0417882854272
 20
-1146.398104044923
 30
0.0
 10
990.9764932417675
 20
-1147.381786538026
 30
0.0
 10
985.074448315303
 20
-1129.347790949038
 30
0.0
 10
979.1724284049196
 20
-1112.297477853155
 30
0.0
 10
973.598269304126
 20
-1094.591343073755
 30
0.0
 10
975.8934950999264
 20
-1095.575025566857
 30
0.0
 10
977.8608600861389
 20
-1096.230797218206
 30
0.0
 10
980.4839717076138
 20
-1096.886568869553
 30
0.0
 10
976.2213809256009
 20
-1082.459392411225
 30
0.0
 10
971.9588151596727
 20
-1068.687937572084
 30
0.0
 10
967.6962243776597
 20
-1054.260761113759
 30
0.0
 10
970.3193610152193
 20
-1055.900215258214
 30
0.0
 10
972.6145868110198
 20
-1057.211783576993
 30
0.0
 10
975.5656092742538
 20
-1059.179123547121
 30
0.0
 10
975.5656092742538
 20
-1057.211783576993
 30
0.0
 10
975.8934950999264
 20
-1055.900215258214
 30
0.0
 10
975.5656092742538
 20
-1054.588646939432
 30
0.0
 10
973.598269304126
 20
-1047.375058710271
 30
0.0
 10
971.3030184922391
 20
-1040.489331290695
 30
0.0
 10
969.6635643477857
 20
-1033.603628887207
 30
0.0
 10
968.3519960290068
 20
-1027.373698135068
 30
0.0
 10
967.3683385519853
 20
-1021.143767382928
 30
0.0
 10
966.384656058879
 20
-1015.241747472544
 30
0.0
 10
966.384656058879
 20
-1014.585975821195
 30
0.0
 10
966.384656058879
 20
-1013.930179153764
 30
0.0
 10
966.7125418845535
 20
-1012.946521676744
 30
0.0
 10
967.6962243776597
 20
-1013.930204169847
 30
0.0
 10
968.3519960290068
 20
-1014.585975821195
 30
0.0
 10
969.0077676803539
 20
-1014.913861646868
 30
0.0
 10
969.9914501734602
 20
-1015.569633298219
 30
0.0
 10
971.3029934761544
 20
-1015.569633298219
 30
0.0
 10
972.2866759692606
 20
-1015.897544139974
 30
0.0
 10
972.2866759692606
 20
-1014.585975821195
 30
0.0
 10
972.9424476206077
 20
-1013.274407502417
 30
0.0
 10
972.6145617949351
 20
-1012.290750025397
 30
0.0
 10
971.3029934761544
 20
-1005.73293344758
 30
0.0
 10
969.663539331701
 20
-999.503002695441
 30
0.0
 10
968.0240851872495
 20
-992.945186117624
 30
0.0
 10
967.0404026941414
 20
-989.0105061773702
 30
0.0
 10
966.0567452171199
 20
-985.4036870467044
 30
0.0
 10
965.4009485496863
 20
-981.4690071064506
 30
0.0
 10
965.0730627240155
 20
-979.8295529619954
 30
0.0
 10
965.0730627240155
 20
-977.8622129918695
 30
0.0
 10
964.745176898341
 20
-975.2390763543117
 30
0.0
 10
967.3683135358988
 20
-976.878530498765
 30
0.0
 10
969.3356535060284
 20
-977.8622129918695
 30
0.0
 10
970.9751076504817
 20
-979.1737562945655
 30
0.0
 10
971.3029934761544
 20
-978.8458704688892
 30
0.0
 10
971.6308793018288
 20
-978.8458704688892
 30
0.0
 10
971.9587901435862
 20
-978.5179846432166
 30
0.0
 10
966.7125418845535
 20
-965.7302373132607
 30
0.0
 10
961.466293625519
 20
-952.9424899833084
 30
0.0
 10
963.4336335956468
 20
-938.1874026832247
 30
0.0
 10
965.4009735657728
 20
-940.1547426533525
 30
0.0
 10
967.0404277102261
 20
-941.4663109721314
 30
0.0
 10
969.0077676803539
 20
-943.1057651165847
 30
0.0
 10
969.0077176481846
 20
-942.4499934652376
 30
0.0
 10
969.3356034738572
 20
-942.122107639565
 30
0.0
 10
969.6634892995316
 20
-942.122107639565
 30
0.0
  0
SPLINE
  5
51
330
41
100
AcDbEntity
  8
katman 1
370
     0
100
AcDbSpline
210
0.0
220
0.0
230
1.0
 70
    11
 71
     3
 72
   362
 73
   358
 74
     0
 42
0.0000000001
 43
0.0000000001
 12
1.0
 22
0.0
 32
0.0
 13
1.0
 23
0.0
 33
0.0
 40
0.0
 40
0.0
 40
0.0
 40
0.0
 40
1.0
 40
1.0
 40
1.0
 40
2.0
 40
2.0
 40
2.0
 40
3.0
 40
3.0
 40
3.0
 40
4.0
 40
4.0
 40
4.0
 40
5.0
 40
5.0
 40
5.0
 40
6.0
 40
6.0
 40
6.0
 40
7.0
 40
7.0
 40
7.0
 40
8.0
 40
8.0
 40
8.0
 40
9.0
 40
9.0
 40
9.0
 40
10.0
 40
10.0
 40
10.0
 40
11.0
 40
11.0
 40
11.0
 40
12.0
 40
12.0
 40
12.0
 40
13.0
 40
13.0
 40
13.0
 40
14.0
 40
14.0
 40
14.0
 40
15.0
 40
15.0
 40
15.0
 40
16.0
 40
16.0
 40
16.0
 40
17.0
 40
17.0
 40
17.0
 40
18.0
 40
18.0
 40
18.0
 40
19.0
 40
19.0
 40
19.0
 40
20.0
 40
20.0
 40
20.0
 40
21.0
 40
21.0
 40
21.0
 40
22.0
 40
22.0
 40
22.0
 40
23.0
 40
23.0
 40
23.0
 40
24.0
 40
24.0
 40
24.0
 40
25.0
 40
25.0
 40
25.0
 40
26.0
 40
26.0
 40
26.0
 40
27.0
 40
27.0
 40
27.0
 40
28.0
 40
28.0
 40
28.0
 40
29.0
 40
29.0
 40
29.0
 40
30.0
 40
30.0
 40
30.0
 40
31.0
 40
31.0
 40
31.0
 40
32.0
 40
32.0
 40
32.0
 40
33.0
 40
33.0
 40
33.0
 40
34.0
 40
34.0
 40
34.0
 40
35.0
 40
35.0
 40
35.0
 40
36.0
 40
36.0
 40
36.0
 40
37.0
 40
37.0
 40
37.0
 40
38.0
 40
38.0
 40
38.0
 40
39.0
 40
39.0
 40
39.0
 40
40.0
 40
40.0
 40
40.0
 40
41.0
 40
41.0
 40
41.0
 40
42.0
 40
42.0
 40
42.0
 40
43.0
 40
43.0
 40
43.0
 40
44.0
 40
44.0
 40
44.0
 40
45.0
 40
45.0
 40
45.0
 40
46.0
 40
46.0
 40
46.0
 40
47.0
 40
47.0
 40
47.0
 40
48.0
 40
48.0
 40
48.0
 40
49.0
 40
49.0
 40
49.0
 40
50.0
 40
50.0
 40
50.0
 40
51.0
 40
51.0
 40
51.0
 40
52.0
 40
52.0
 40
52.0
 40
53.0
 40
53.0
 40
53.0
 40
54.0
 40
54.0
 40
54.0
 40
55.0
 40
55.0
 40
55.0
 40
56.0
 40
56.0
 40
56.0
 40
57.0
 40
57.0
 40
57.0
 40
58.0
 40
58.0
 40
58.0
 40
59.0
 40
59.0
 40
59.0
 40
60.0
 40
60.0
 40
60.0
 40
61.0
 40
61.0
 40
61.0
 40
62.0
 40
62.0
 40
62.0
 40
63.0
 40
63.0
 40
63.0
 40
64.0
 40
64.0
 40
64.0
 40
65.0
 40
65.0
 40
65.0
 40
66.0
 40
66.0
 40
66.0
 40
67.0
 40
67.0
 40
67.0
 40
68.0
 40
68.0
 40
68.0
 40
69.0
 40
69.0
 40
69.0
 40
70.0
 40
70.0
 40
70.0
 40
71.0
 40
71.0
 40
71.0
 40
72.0
 40
72.0
 40
72.0
 40
73.0
 40
73.0
 40
73.0
 40
74.0
 40
74.0
 40
74.0
 40
75.0
 40
75.0
 40
75.0
 40
76.0
 40
76.0
 40
76.0
 40
77.0
 40
77.0
 40
77.0
 40
78.0
 40
78.0
 40
78.0
 40
79.0
 40
79.0
 40
79.0
 40
80.0
 40
80.0
 40
80.0
 40
81.0
 40
81.0
 40
81.0
 40
82.0
 40
82.0
 40
82.0
 40
83.0
 40
83.0
 40
83.0
 40
84.0
 40
84.0
 40
84.0
 40
85.0
 40
85.0
 40
85.0
 40
86.0
 40
86.0
 40
86.0
 40
87.0
 40
87.0
 40
87.0
 40
88.0
 40
88.0
 40
88.0
 40
89.0
 40
89.0
 40
89.0
 40
90.0
 40
90.0
 40
90.0
 40
91.0
 40
91.0
 40
91.0
 40
92.0
 40
92.0
 40
92.0
 40
93.0
 40
93.0
 40
93.0
 40
94.0
 40
94.0
 40
94.0
 40
95.0
 40
95.0
 40
95.0
 40
96.0
 40
96.0
 40
96.0
 40
97.0
 40
97.0
 40
97.0
 40
98.0
 40
98.0
 40
98.0
 40
99.0
 40
99.0
 40
99.0
 40
100.0
 40
100.0
 40
100.0
 40
101.0
 40
101.0
 40
101.0
 40
102.0
 40
102.0
 40
102.0
 40
103.0
 40
103.0
 40
103.0
 40
104.0
 40
104.0
 40
104.0
 40
105.0
 40
105.0
 40
105.0
 40
106.0
 40
106.0
 40
106.0
 40
107.0
 40
107.0
 40
107.0
 40
108.0
 40
108.0
 40
108.0
 40
109.0
 40
109.0
 40
109.0
 40
110.0
 40
110.0
 40
110.0
 40
111.0
 40
111.0
 40
111.0
 40
112.0
 40
112.0
 40
112.0
 40
113.0
 40
113.0
 40
113.0
 40
114.0
 40
114.0
 40
114.0
 40
115.0
 40
115.0
 40
115.0
 40
116.0
 40
116.0
 40
116.0
 40
117.0
 40
117.0
 40
117.0
 40
118.0
 40
118.0
 40
118.0
 40
119.0
 40
119.0
 40
119.0
 40
119.0
 10
1001.796800537257
 20
-1156.562689721228
 30
0.0
 10
1001.468914711582
 20
-1156.890600562983
 30
0.0
 10
1001.468914711582
 20
-1156.890600562983
 30
0.0
 10
1001.14102888591
 20
-1157.218461372582
 30
0.0
 10
1001.796800537257
 20
-1157.874233023924
 30
0.0
 10
1002.124711379016
 20
-1158.857915517032
 30
0.0
 10
1002.780483030361
 20
-1159.185826358791
 30
0.0
 10
1006.715162970617
 20
-1162.136823805937
 30
0.0
 10
1007.698845463723
 20
-1166.071553778362
 30
0.0
 10
1007.37095963805
 20
-1170.989916211729
 30
0.0
 10
1007.043073812376
 20
-1178.531415282641
 30
0.0
 10
1007.37095963805
 20
-1186.400775163149
 30
0.0
 10
1007.37095963805
 20
-1193.942274234072
 30
0.0
 10
1007.698845463723
 20
-1193.942274234072
 30
0.0
 10
1008.354642131155
 20
-1193.942274234072
 30
0.0
 10
1008.682527956829
 20
-1193.942274234072
 30
0.0
 10
1009.010413782502
 20
-1191.64704843827
 30
0.0
 10
1009.338299608178
 20
-1189.679683452065
 30
0.0
 10
1009.338299608178
 20
-1187.384457656262
 30
0.0
 10
1009.338299608178
 20
-1183.449777716009
 30
0.0
 10
1009.010413782502
 20
-1179.842958585337
 30
0.0
 10
1009.666185433851
 20
-1175.908278645084
 30
0.0
 10
1010.649867926957
 20
-1169.678372909028
 30
0.0
 10
1008.026731289398
 20
-1162.464734647698
 30
0.0
 10
1013.27297954843
 20
-1156.890600562983
 30
0.0
 10
1013.27297954843
 20
-1156.890600562983
 30
0.0
 10
1013.27297954843
 20
-1156.562689721228
 30
0.0
 10
1012.945093722754
 20
-1156.234828911645
 30
0.0
 10
1011.961411229651
 20
-1156.562739753399
 30
0.0
 10
1011.305639578304
 20
-1156.890600562983
 30
0.0
 10
1009.994071259523
 20
-1157.218511404748
 30
0.0
 10
1009.994071259523
 20
-1151.972238129627
 30
0.0
 10
1010.321957085198
 20
-1147.053875696261
 30
0.0
 10
1009.994071259523
 20
-1142.135513262905
 30
0.0
 10
1009.994071259523
 20
-1138.528694132245
 30
0.0
 10
1010.649842910872
 20
-1135.905607526849
 30
0.0
 10
1012.945093722754
 20
-1133.282470889295
 30
0.0
 10
1015.896116185995
 20
-1129.675651758625
 30
0.0
 10
1018.519227807461
 20
-1125.740971818366
 30
0.0
 10
1021.142364445028
 20
-1122.134202719877
 30
0.0
 10
1020.814478619352
 20
-1121.806291878118
 30
0.0
 10
1020.814478619352
 20
-1121.806291878118
 30
0.0
 10
1020.486592793679
 20
-1121.47843106853
 30
0.0
 10
1017.207684504774
 20
-1125.413111008784
 30
0.0
 10
1014.256662041542
 20
-1129.019930139448
 30
0.0
 10
1010.649867926957
 20
-1133.610381731045
 30
0.0
 10
1010.649867926957
 20
-1124.757339357435
 30
0.0
 10
1010.649867926957
 20
-1117.215840286512
 30
0.0
 10
1010.649867926957
 20
-1109.674341215588
 30
0.0
 10
1010.649867926957
 20
-1108.362797912898
 30
0.0
 10
1011.633550420062
 20
-1107.379115419795
 30
0.0
 10
1012.28932207141
 20
-1106.067522084928
 30
0.0
 10
1015.240344534644
 20
-1102.132842144674
 30
0.0
 10
1018.191366997875
 20
-1098.19816220442
 30
0.0
 10
1021.142364445028
 20
-1093.935571422402
 30
0.0
 10
1021.798136096375
 20
-1092.951888929299
 30
0.0
 10
1022.453932763803
 20
-1091.640345626598
 30
0.0
 10
1023.109704415154
 20
-1090.656663133497
 30
0.0
 10
1022.781818589478
 20
-1090.656663133497
 30
0.0
 10
1022.781818589478
 20
-1090.328752291731
 30
0.0
 10
1022.453932763803
 20
-1090.328752291731
 30
0.0
 10
1018.847138649224
 20
-1094.919203883339
 30
0.0
 10
1015.240344534644
 20
-1099.837566316695
 30
0.0
 10
1011.633525403977
 20
-1104.428067940476
 30
0.0
 10
1011.305639578304
 20
-1104.100157098717
 30
0.0
 10
1010.97775375263
 20
-1104.100157098717
 30
0.0
 10
1010.649842910872
 20
-1103.772296289129
 30
0.0
 10
1010.649842910872
 20
-1097.542390553073
 30
0.0
 10
1010.649842910872
 20
-1091.31243478485
 30
0.0
 10
1010.649842910872
 20
-1085.082529048792
 30
0.0
 10
1010.649842910872
 20
-1078.852623312736
 30
0.0
 10
1012.945068706675
 20
-1073.278439195856
 30
0.0
 10
1016.879773663009
 20
-1068.360076762494
 30
0.0
 10
1019.830796126249
 20
-1064.753282647913
 30
0.0
 10
1022.126021922051
 20
-1060.818577691571
 30
0.0
 10
1024.749158559604
 20
-1057.211783576993
 30
0.0
 10
1024.42124771785
 20
-1056.883897751317
 30
0.0
 10
1024.093386908256
 20
-1056.883897751317
 30
0.0
 10
1024.093386908256
 20
-1056.556011925646
 30
0.0
 10
1020.158706968003
 20
-1061.474374359006
 30
0.0
 10
1016.551887837333
 20
-1066.720622618039
 30
0.0
 10
1012.28932207141
 20
-1072.294756702748
 30
0.0
 10
1011.961436245734
 20
-1070.655302558293
 30
0.0
 10
1011.633550420062
 20
-1069.999530906949
 30
0.0
 10
1011.633550420062
 20
-1069.671620065186
 30
0.0
 10
1011.633550420062
 20
-1061.146463517247
 30
0.0
 10
1011.633550420062
 20
-1052.29339612755
 30
0.0
 10
1011.633550420062
 20
-1043.768239579607
 30
0.0
 10
1011.633550420062
 20
-1041.80089960948
 30
0.0
 10
1012.61723291317
 20
-1039.833559639348
 30
0.0
 10
1013.600890390191
 20
-1038.521991320569
 30
0.0
 10
1016.879798679098
 20
-1033.275743061537
 30
0.0
 10
1020.486592793679
 20
-1028.029494802504
 30
0.0
 10
1023.765526098672
 20
-1022.783221527383
 30
0.0
 10
1024.093436940433
 20
-1022.127449876036
 30
0.0
 10
1024.421297750021
 20
-1021.471653208602
 30
0.0
 10
1024.749208591775
 20
-1020.815881557257
 30
0.0
 10
1024.421297750021
 20
-1020.815881557257
 30
0.0
 10
1024.421297750021
 20
-1020.487995731581
 30
0.0
 10
1024.093436940433
 20
-1020.487995731581
 30
0.0
 10
1020.158757000168
 20
-1025.734243990613
 30
0.0
 10
1016.551937869512
 20
-1031.308403091411
 30
0.0
 10
1012.617257929254
 20
-1036.554651350445
 30
0.0
 10
1012.289372103582
 20
-1036.226765524771
 30
0.0
 10
1011.961486277905
 20
-1036.226765524771
 30
0.0
 10
1011.633575436146
 20
-1035.898879699094
 30
0.0
 10
1011.633575436146
 20
-1034.587311380315
 30
0.0
 10
1011.305689610472
 20
-1033.275743061537
 30
0.0
 10
1011.305689610472
 20
-1032.292085584517
 30
0.0
 10
1011.305689610472
 20
-1021.799589066448
 30
0.0
 10
1010.977803784799
 20
-1010.979181706618
 30
0.0
 10
1011.305689610472
 20
-1000.486685188547
 30
0.0
 10
1011.305689610472
 20
-997.2077768996369
 30
0.0
 10
1012.945143754931
 20
-993.6009827850594
 30
0.0
 10
1014.256712073708
 20
-990.6499603218235
 30
0.0
 10
1016.224052043837
 20
-986.7152803815716
 30
0.0
 10
1019.175074507066
 20
-983.1084612509076
 30
0.0
 10
1021.47030030287
 20
-979.5016671363246
 30
0.0
 10
1021.142414477194
 20
-979.1737813106483
 30
0.0
 10
1020.814528651519
 20
-979.1737813106483
 30
0.0
 10
1020.486617809767
 20
-978.8458954849775
 30
0.0
 10
1017.8634811722
 20
-982.4526895995532
 30
0.0
 10
1015.240369550733
 20
-986.0594837141361
 30
0.0
 10
1012.61723291317
 20
-989.9941886704783
 30
0.0
 10
1011.633550420062
 20
-988.3547345260249
 30
0.0
 10
1011.305664594387
 20
-987.3710520329205
 30
0.0
 10
1011.305664594387
 20
-986.0595087302245
 30
0.0
 10
1011.305664594387
 20
-982.1248287899689
 30
0.0
 10
1011.633550420062
 20
-977.8622380079541
 30
0.0
 10
1010.977778768716
 20
-973.9275580676986
 30
0.0
 10
1009.666210449936
 20
-964.7466048523274
 30
0.0
 10
1010.649892943042
 20
-956.2214483043845
 30
0.0
 10
1017.207709520851
 20
-949.0078600752204
 30
0.0
 10
1020.158731984091
 20
-945.7289517863155
 30
0.0
 10
1021.798186128541
 20
-941.7942718460599
 30
0.0
 10
1024.093436940433
 20
-938.1874527153959
 30
0.0
 10
1023.765526098672
 20
-937.8595668897215
 30
0.0
 10
1023.437665289084
 20
-937.8595668897215
 30
0.0
 10
1023.437665289084
 20
-937.5316810640488
 30
0.0
 10
1019.50298534883
 20
-943.1058151487559
 30
0.0
 10
1015.896166218161
 20
-948.3520884238751
 30
0.0
 10
1011.961486277905
 20
-953.926222508584
 30
0.0
 10
1011.633600452231
 20
-953.926222508584
 30
0.0
 10
1011.305714626558
 20
-953.5983366829096
 30
0.0
 10
1010.977803784799
 20
-953.5983366829096
 30
0.0
 10
1010.977803784799
 20
-952.2867683641307
 30
0.0
 10
1010.649917959126
 20
-950.97520004535
 30
0.0
 10
1010.649917959126
 20
-949.663656742654
 30
0.0
 10
1010.649917959126
 20
-940.4827035272792
 30
0.0
 10
1010.977803784799
 20
-931.6296611536636
 30
0.0
 10
1010.649917959126
 20
-922.4487079382907
 30
0.0
 10
1010.322032133452
 20
-915.5630055348029
 30
0.0
 10
1011.961486277905
 20
-909.6609606083348
 30
0.0
 10
1015.896166218161
 20
-904.0868265236277
 30
0.0
 10
1018.519302855719
 20
-900.807918234721
 30
0.0
 10
1020.486642825845
 20
-896.8732382944672
 30
0.0
 10
1022.453982795972
 20
-892.9385333381251
 30
0.0
 10
1022.126096970296
 20
-892.9385333381251
 30
0.0
 10
1021.798211144629
 20
-892.6106475124507
 30
0.0
 10
1021.798211144629
 20
-892.6106475124507
 30
0.0
 10
1018.519302855719
 20
-897.5290099458143
 30
0.0
 10
1015.240394566812
 20
-902.4473723791743
 30
0.0
 10
1011.961486277905
 20
-907.3657348125344
 30
0.0
 10
1011.633600452231
 20
-907.3657348125344
 30
0.0
 10
1011.305714626558
 20
-907.0378489868599
 30
0.0
 10
1010.977803784799
 20
-907.0378489868599
 30
0.0
 10
1010.977803784799
 20
-905.726280668081
 30
0.0
 10
1010.649917959126
 20
-904.4147123493003
 30
0.0
 10
1010.649917959126
 20
-903.1031690466061
 30
0.0
 10
1010.649917959126
 20
-897.2011241201399
 30
0.0
 10
1010.649917959126
 20
-891.2991042097583
 30
0.0
 10
1010.649917959126
 20
-885.3970592832902
 30
0.0
 10
1010.322032133452
 20
-875.5603344165702
 30
0.0
 10
1008.026781321567
 20
-865.7236095498483
 30
0.0
 10
1012.945143754931
 20
-856.2147705087991
 30
0.0
 10
1012.945143754931
 20
-855.8868846831265
 30
0.0
 10
1012.945143754931
 20
-855.558998857452
 30
0.0
 10
1012.617257929254
 20
-854.9032021900202
 30
0.0
 10
1011.633575436146
 20
-855.5589738413673
 30
0.0
 10
1010.977803784799
 20
-856.2147705087991
 30
0.0
 10
1009.666235466022
 20
-857.1984279858207
 30
0.0
 10
1009.666235466022
 20
-847.6895889447733
 30
0.0
 10
1009.338349640346
 20
-838.5086482374409
 30
0.0
 10
1009.666235466022
 20
-829.6555933557838
 30
0.0
 10
1009.994121291693
 20
-823.0977767779686
 30
0.0
 10
1010.649917959126
 20
-816.867846025827
 30
0.0
 10
1010.977803784799
 20
-810.3100294480146
 30
0.0
 10
1010.977803784799
 20
-809.6542452886224
 30
0.0
 10
1010.649917959126
 20
-808.9984611292348
 30
0.0
 10
1010.322032133452
 20
-808.01479114417
 30
0.0
 10
1009.994146307779
 20
-806.3753369997157
 30
0.0
 10
1009.338349640346
 20
-805.0637686809387
 30
0.0
 10
1009.338349640346
 20
-803.4243145364826
 30
0.0
 10
1009.010463814675
 20
-794.5712596548256
 30
0.0
 10
1009.010463814675
 20
-785.7182047731667
 30
0.0
 10
1008.682577988999
 20
-777.1930482252264
 30
0.0
 10
1008.682577988999
 20
-775.8814799064457
 30
0.0
 10
1008.026806337652
 20
-774.8978099213828
 30
0.0
 10
1008.026806337652
 20
-773.5862541106435
 30
0.0
 10
1007.698920511979
 20
-773.5862541106435
 30
0.0
 10
1007.043123844545
 20
-773.5862541106435
 30
0.0
 10
1006.715238018873
 20
-773.5862541106435
 30
0.0
 10
1006.715238018873
 20
-782.4393089923024
 30
0.0
 10
1006.715238018873
 20
-791.2923638739603
 30
0.0
 10
1006.715238018873
 20
-799.8175204219024
 30
0.0
 10
1006.387352193198
 20
-799.8175204219024
 30
0.0
 10
1006.059466367524
 20
-799.8175204219024
 30
0.0
 10
1005.731555525766
 20
-799.8175204219024
 30
0.0
 10
1005.075783874418
 20
-799.1617362625138
 30
0.0
 10
1004.747873032658
 20
-798.1780662774509
 30
0.0
 10
1004.092101381311
 20
-797.1943962923842
 30
0.0
 10
1004.092101381311
 20
-798.1780662774509
 30
0.0
 10
1003.764215555639
 20
-798.5059646111649
 30
0.0
 10
1003.764215555639
 20
-798.8338504368376
 30
0.0
 10
1008.026806337652
 20
-805.0637811889801
 30
0.0
 10
1007.043123844545
 20
-811.9494835924679
 30
0.0
 10
1007.043123844545
 20
-818.5073001702813
 30
0.0
 10
1007.043123844545
 20
-828.344025037004
 30
0.0
 10
1007.043123844545
 20
-838.1807499037259
 30
0.0
 10
1007.043123844545
 20
-848.6732589298372
 30
0.0
 10
1005.731555525766
 20
-848.3453731041627
 30
0.0
 10
1004.747898048743
 20
-848.0174747704459
 30
0.0
 10
1004.747898048743
 20
-848.0174747704459
 30
0.0
 10
1005.403669700092
 20
-853.2637230294822
 30
0.0
 10
1006.387352193198
 20
-858.5099712885167
 30
0.0
 10
1006.387352193198
 20
-864.0841303893103
 30
0.0
 10
1006.387352193198
 20
-875.232423574811
 30
0.0
 10
1006.059466367524
 20
-886.3807167603118
 30
0.0
 10
1005.731580541849
 20
-897.5289849297296
 30
0.0
 10
1005.731580541849
 20
-898.1847565810767
 30
0.0
 10
1005.403694716177
 20
-898.8405532485085
 30
0.0
 10
1004.747898048743
 20
-900.4800073929619
 30
0.0
 10
1001.468989759836
 20
-895.8895307852745
 30
0.0
 10
998.8458531222786
 20
-891.9548508450207
 30
0.0
 10
996.2227415008019
 20
-888.0201458886804
 30
0.0
 10
995.8948556751275
 20
-888.3480317143549
 30
0.0
 10
995.5669698494567
 20
-888.3480317143549
 30
0.0
 10
995.2390590076957
 20
-888.6759175400275
 30
0.0
 10
997.5342848034979
 20
-892.6105974802831
 30
0.0
 10
1000.485307266732
 20
-896.5453024366252
 30
0.0
 10
1002.452647236858
 20
-900.4799823768772
 30
0.0
 10
1003.764215555639
 20
-903.4310048401094
 30
0.0
 10
1005.403669700092
 20
-906.3820273033434
 30
0.0
 10
1005.403669700092
 20
-909.6609355922501
 30
0.0
 10
1005.731555525766
 20
-920.8092287777527
 30
0.0
 10
1005.731555525766
 20
-931.6296111214942
 30
0.0
 10
1005.403669700092
 20
-942.7779043069968
 30
0.0
 10
1005.403669700092
 20
-944.0894726257757
 30
0.0
 10
1005.075783874418
 20
-945.4010409445564
 30
0.0
 10
1004.747898048743
 20
-947.3683809146842
 30
0.0
 10
1003.108443904292
 20
-945.0731551188837
 30
0.0
 10
1001.796875585511
 20
-943.7615868001012
 30
0.0
 10
1000.485307266732
 20
-942.4500184813223
 30
0.0
 10
1000.157421441058
 20
-942.7779043069968
 30
0.0
 10
999.8295356153831
 20
-942.7779043069968
 30
0.0
 10
999.5016247736239
 20
-943.1057901326694
 30
0.0
 10
1000.485307266732
 20
-944.4173584514501
 30
0.0
 10
1001.468964743754
 20
-945.728926770229
 30
0.0
 10
1002.124761411183
 20
-947.3683809146842
 30
0.0
 10
1003.108443904292
 20
-950.3194033779164
 30
0.0
 10
1004.747898048743
 20
-953.2704258411504
 30
0.0
 10
1004.747898048743
 20
-955.8935374626271
 30
0.0
 10
1005.075783874418
 20
-967.041830648126
 30
0.0
 10
1004.747898048743
 20
-978.5180096592994
 30
0.0
 10
1004.747898048743
 20
-989.666302844802
 30
0.0
 10
1004.747898048743
 20
-990.9778711635845
 30
0.0
 10
1004.42001222307
 20
-991.9615286406042
 30
0.0
 10
1004.092126397396
 20
-993.9288936268149
 30
0.0
 10
999.1737639640342
 20
-987.0431912233271
 30
0.0
 10
994.911173182023
 20
-981.1411462968608
 30
0.0
 10
990.6486074160948
 20
-975.2391263864811
 30
0.0
 10
993.9275157049997
 20
-981.7969429642944
 30
0.0
 10
997.5343098195826
 20
-987.6989878907625
 30
0.0
 10
1001.796900601596
 20
-993.6010078011423
 30
0.0
 10
1003.764240571723
 20
-996.5520302643763
 30
0.0
 10
1004.74792306483
 20
-999.1751418858512
 30
0.0
 10
1004.74792306483
 20
-1002.781961016517
 30
0.0
 10
1004.74792306483
 20
-1010.323460087438
 30
0.0
 10
1005.075808890502
 20
-1017.864934142277
 30
0.0
 10
1005.075808890502
 20
-1025.078547387524
 30
0.0
 10
1005.075808890502
 20
-1025.734319038871
 30
0.0
 10
1004.74792306483
 20
-1026.390115706303
 30
0.0
 10
1004.092126397396
 20
-1027.701684025082
 30
0.0
 10
1000.813218108491
 20
-1023.439093243069
 30
0.0
 10
998.1900814709297
 20
-1019.504413302815
 30
0.0
 10
995.5669698494567
 20
-1015.569733362556
 30
0.0
 10
995.2390840237822
 20
-1015.897619188232
 30
0.0
 10
994.9111981981077
 20
-1015.897619188232
 30
0.0
 10
994.5832873563486
 20
-1016.22550501391
 30
0.0
 10
996.5506273264746
 20
-1019.176527477139
 30
0.0
 10
998.5179672966042
 20
-1022.127549940375
 30
0.0
 10
1000.157421441058
 20
-1024.750661561849
 30
0.0
 10
1002.452647236858
 20
-1028.357455676429
 30
0.0
 10
1005.075783874418
 20
-1031.308478139665
 30
0.0
 10
1005.075783874418
 20
-1035.898954747348
 30
0.0
 10
1004.747898048743
 20
-1044.424111295291
 30
0.0
 10
1005.075783874418
 20
-1052.621382017558
 30
0.0
 10
1005.075783874418
 20
-1061.146538565501
 30
0.0
 10
1005.075783874418
 20
-1062.45810688428
 30
0.0
 10
1004.747898048743
 20
-1063.441764361305
 30
0.0
 10
1004.42001222307
 20
-1065.736990157104
 30
0.0
 10
1000.813218108491
 20
-1061.146513549413
 30
0.0
 10
998.1900814709297
 20
-1057.539719434837
 30
0.0
 10
995.5669698494567
 20
-1053.932925320254
 30
0.0
 10
995.2390840237822
 20
-1054.260811145925
 30
0.0
 10
994.9111981981077
 20
-1054.260811145925
 30
0.0
 10
994.5832873563486
 20
-1054.588696971601
 30
0.0
 10
996.8785131521508
 20
-1057.867605260508
 30
0.0
 10
999.1737639640342
 20
-1061.474399375089
 30
0.0
 10
1001.796875585511
 20
-1064.753307663996
 30
0.0
 10
1004.092101381311
 20
-1067.704305111147
 30
0.0
 10
1005.403669700092
 20
-1070.983213400052
 30
0.0
 10
1005.075783874418
 20
-1074.917943372477
 30
0.0
 10
1004.747898048743
 20
-1080.492077457186
 30
0.0
 10
1005.075783874418
 20
-1086.066211541895
 30
0.0
 10
1005.075783874418
 20
-1091.312484817016
 30
0.0
 10
1005.075783874418
 20
-1093.935621454573
 30
0.0
 10
1005.731555525766
 20
-1096.886618901719
 30
0.0
 10
1005.731555525766
 20
-1099.509755539288
 30
0.0
 10
1005.403669700092
 20
-1099.509755539288
 30
0.0
 10
1005.075783874418
 20
-1099.837666381041
 30
0.0
 10
1004.747873032658
 20
-1099.837666381041
 30
0.0
 10
1001.141078918079
 20
-1095.247214789435
 30
0.0
 10
997.5342848034979
 20
-1090.656713165668
 30
0.0
 10
993.9274656728321
 20
-1086.066261574066
 30
0.0
 10
996.5506023103917
 20
-1091.312534849181
 30
0.0
 10
1000.157396424971
 20
-1096.230897282543
 30
0.0
 10
1003.108418888205
 20
-1101.149259715903
 30
0.0
 10
1004.419987206986
 20
-1103.116624702114
 30
0.0
 10
1005.403644684007
 20
-1105.739711307509
 30
0.0
 10
1005.403644684007
 20
-1108.034987135479
 30
0.0
 10
1005.73153050968
 20
-1114.920714555055
 30
0.0
 10
1005.73153050968
 20
-1121.806391942449
 30
0.0
 10
1005.73153050968
 20
-1129.019980171619
 30
0.0
 10
1005.73153050968
 20
-1129.675751822968
 30
0.0
 10
1005.403644684007
 20
-1130.33152347431
 30
0.0
 10
1004.747848016574
 20
-1131.643116809177
 30
0.0
 10
1001.468939727667
 20
-1127.380526027164
 30
0.0
 10
998.1900314387603
 20
-1123.44584608691
 30
0.0
 10
995.2390089755281
 20
-1119.839026956246
 30
0.0
 10
994.9111231498518
 20
-1120.166937798
 30
0.0
 10
994.5832373241792
 20
-1120.166937798
 30
0.0
 10
994.5832373241792
 20
-1120.494798607593
 30
0.0
 10
997.5342597874114
 20
-1124.429478547847
 30
0.0
 10
1000.157371408886
 20
-1128.364158488101
 30
0.0
 10
1003.10839387212
 20
-1131.97097761877
 30
0.0
 10
1005.075733842248
 20
-1134.266203414563
 30
0.0
 10
1006.059416335354
 20
-1136.889340052126
 30
0.0
 10
1005.73153050968
 20
-1139.840337499278
 30
0.0
 10
1005.73153050968
 20
-1146.398154077089
 30
0.0
 10
1005.73153050968
 20
-1152.628059813145
 30
0.0
 10
1005.73153050968
 20
-1159.185876390957
 30
0.0
 10
1005.73153050968
 20
-1159.841648042306
 30
0.0
 10
1005.403644684007
 20
-1160.497419693653
 30
0.0
 10
1005.075758858333
 20
-1161.80901302852
 30
0.0
 10
1005.075708826163
 20
-1159.51373720055
 30
0.0
 10
1003.43625468171
 20
-1157.874283056095
 30
0.0
 10
1001.796800537257
 20
-1156.562689721228
 30
0.0
  0
HATCH
  5
52
330
41
100
AcDbEntity
  8
katman 1
 62
    96
420
    32768
100
AcDbHatch
 10
0.0
 20
0.0
 30
0.0
210
0.0
220
0.0
230
1.0
  2
SOLID
 70
     1
 71
     0
 91
        2
 92
        1
 93
        1
 72
     4
 94
        3
 73
     0
 74
     1
 95
      209
 96
      205
 40
0.0
 40
0.0
 40
0.0
 40
0.0
 40
1.0
 40
1.0
 40
1.0
 40
2.0
 40
2.0
 40
2.0
 40
3.0
 40
3.0
 40
3.0
 40
4.0
 40
4.0
 40
4.0
 40
5.0
 40
5.0
 40
5.0
 40
6.0
 40
6.0
 40
6.0
 40
7.0
 40
7.0
 40
7.0
 40
8.0
 40
8.0
 40
8.0
 40
9.0
 40
9.0
 40
9.0
 40
10.0
 40
10.0
 40
10.0
 40
11.0
 40
11.0
 40
11.0
 40
12.0
 40
12.0
 40
12.0
 40
13.0
 40
13.0
 40
13.0
 40
14.0
 40
14.0
 40
14.0
 40
15.0
 40
15.0
 40
15.0
 40
16.0
 40
16.0
 40
16.0
 40
17.0
 40
17.0
 40
17.0
 40
18.0
 40
18.0
 40
18.0
 40
19.0
 40
19.0
 40
19.0
 40
20.0
 40
20.0
 40
20.0
 40
21.0
 40
21.0
 40
21.0
 40
22.0
 40
22.0
 40
22.0
 40
23.0
 40
23.0
 40
23.0
 40
24.0
 40
24.0
 40
24.0
 40
25.0
 40
25.0
 40
25.0
 40
26.0
 40
26.0
 40
26.0
 40
27.0
 40
27.0
 40
27.0
 40
28.0
 40
28.0
 40
28.0
 40
29.0
 40
29.0
 40
29.0
 40
30.0
 40
30.0
 40
30.0
 40
31.0
 40
31.0
 40
31.0
 40
32.0
 40
32.0
 40
32.0
 40
33.0
 40
33.0
 40
33.0
 40
34.0
 40
34.0
 40
34.0
 40
35.0
 40
35.0
 40
35.0
 40
36.0
 40
36.0
 40
36.0
 40
37.0
 40
37.0
 40
37.0
 40
38.0
 40
38.0
 40
38.0
 40
39.0
 40
39.0
 40
39.0
 40
40.0
 40
40.0
 40
40.0
 40
41.0
 40
41.0
 40
41.0
 40
42.0
 40
42.0
 40
42.0
 40
43.0
 40
43.0
 40
43.0
 40
44.0
 40
44.0
 40
44.0
 40
45.0
 40
45.0
 40
45.0
 40
46.0
 40
46.0
 40
46.0
 40
47.0
 40
47.0
 40
47.0
 40
48.0
 40
48.0
 40
48.0
 40
49.0
 40
49.0
 40
49.0
 40
50.0
 40
50.0
 40
50.0
 40
51.0
 40
51.0
 40
51.0
 40
52.0
 40
52.0
 40
52.0
 40
53.0
 40
53.0
 40
53.0
 40
54.0
 40
54.0
 40
54.0
 40
55.0
 40
55.0
 40
55.0
 40
56.0
 40
56.0
 40
56.0
 40
57.0
 40
57.0
 40
57.0
 40
58.0
 40
58.0
 40
58.0
 40
59.0
 40
59.0
 40
59.0
 40
60.0
 40
60.0
 40
60.0
 40
61.0
 40
61.0
 40
61.0
 40
62.0
 40
62.0
 40
62.0
 40
63.0
 40
63.0
 40
63.0
 40
64.0
 40
64.0
 40
64.0
 40
65.0
 40
65.0
 40
65.0
 40
66.0
 40
66.0
 40
66.0
 40
67.0
 40
67.0
 40
67.0
 40
68.0
 40
68.0
 40
68.0
 40
68.0
 10
969.6634892995316
 20
-942.122107639565
 10
969.6634892995316
 20
-940.8105393207843
 10
969.6634892995316
 20
-939.4989710020036
 10
969.3356034738572
 20
-938.5153135249839
 10
965.728809359276
 20
-927.6949061651558
 10
965.4009235336034
 20
-916.8745238214105
 10
966.0566951849505
 20
-905.398344810239
 10
966.384581010625
 20
-901.791550695656
 10
966.0566951849505
 20
-898.5126424067494
 10
966.0566951849505
 20
-893.5942799733875
 10
968.0240351550783
 20
-896.2174166109471
 10
969.3356034738572
 20
-897.8568707554023
 10
970.6471717926361
 20
-899.8242107255282
 10
970.9750576183105
 20
-899.4963248998556
 10
971.302943443985
 20
-899.1684390741812
 10
971.9587401114186
 20
-899.1684390741812
 10
970.9750576183105
 20
-891.2990541775889
 10
969.6635143156163
 20
-883.7575801227504
 10
969.3356034738572
 20
-875.8881952261581
 10
969.0077176481846
 20
-868.0188103295623
 10
970.3192859669634
 20
-860.14942543297
 10
970.6471717926361
 20
-851.2963830593526
 10
972.9423975884383
 20
-853.2637230294822
 10
974.5818517328935
 20
-854.5752913482611
 10
976.5492167191042
 20
-856.5426313183889
 10
977.860785037883
 20
-842.1154298439797
 10
978.1886708635593
 20
-828.344025037004
 10
981.4675791524642
 20
-814.9004935476578
 10
984.4186016156982
 20
-816.539947692112
 10
986.7138274115005
 20
-817.8515160108918
 10
989.992735700409
 20
-819.4909701553443
 10
988.0253957302812
 20
-804.7358828552633
 10
989.992735700409
 20
-791.6202496996339
 10
991.9600756705331
 20
-777.5209465589414
 10
993.9274156406609
 20
-779.1604007033948
 10
994.911098133769
 20
-780.1440706884587
 10
996.8784381038968
 20
-781.783524832912
 10
1000.813118044149
 20
-760.1427351293423
 10
1004.747823000489
 20
-739.1577170771197
 10
1008.35461711507
 20
-718.5005973586121
 10
1009.010388766417
 20
-718.5005973586121
 10
1009.666185433851
 20
-718.5005973586121
 10
1009.994071259523
 20
-718.5005973586121
 10
1013.600865374103
 20
-742.108739540352
 10
1017.207659488686
 20
-765.7168817220927
 10
1020.814478619352
 20
-789.3250113957902
 10
1021.4702502707
 20
-789.6528972214646
 10
1022.12604693813
 20
-789.6528972214646
 10
1022.453932763803
 20
-789.9807955551814
 10
1023.109704415154
 20
-788.6692272363998
 10
1023.765476066503
 20
-787.3576714256624
 10
1024.421297750021
 20
-786.0461031068835
 10
1024.749208591775
 20
-786.373988932557
 10
1025.404980243124
 20
-786.373988932557
 10
1025.73284105271
 20
-786.7018872662738
 10
1027.044384355408
 20
-797.5222821180587
 10
1028.355977690275
 20
-808.3426769698435
 10
1029.339660183377
 20
-819.4909701553443
 10
1031.307025169592
 20
-818.1794018365645
 10
1033.602250965396
 20
-816.539947692112
 10
1035.897476761187
 20
-815.2283918813746
 10
1038.848474208338
 20
-827.3603550519401
 10
1040.160067543206
 20
-839.164419888788
 10
1039.504295891857
 20
-851.2963830593526
 10
1039.504295891857
 20
-852.9358372038078
 10
1040.160067543206
 20
-854.5752913482611
 10
1040.487978384966
 20
-856.5426313183889
 10
1042.127432529422
 20
-855.8868596670418
 10
1043.766886673871
 20
-855.2310629996064
 10
1046.390023311429
 20
-853.9195071888698
 10
1048.357388297645
 20
-861.1331079260744
 10
1048.357388297645
 20
-868.6745819809112
 10
1048.685249107233
 20
-876.216081051829
 10
1049.013159948992
 20
-883.7575801227504
 10
1046.717884121023
 20
-891.2990541775889
 10
1045.406340818326
 20
-900.1521215672874
 10
1047.701566614125
 20
-898.512667422834
 10
1049.013159948992
 20
-897.5289849297296
 10
1050.652614093447
 20
-895.8895307852745
 10
1054.259433224113
 20
-909.9888464340092
 10
1051.63629658655
 20
-924.0881370666593
 10
1048.357388297645
 20
-937.8595668897215
 10
1048.685299139399
 20
-937.8595668897215
 10
1049.013159948992
 20
-938.1874527153959
 10
1049.341070790746
 20
-938.1874527153959
 10
1050.980524935203
 20
-936.5479985709408
 10
1052.947889921417
 20
-934.9085444264856
 10
1055.243115717218
 20
-932.9412044563596
 10
1055.571026558981
 20
-942.7779293230815
 10
1055.243115717218
 20
-951.6309716966971
 10
1052.619979079664
 20
-960.8119249120718
 10
1049.996842442097
 20
-969.3370814600148
 10
1048.029527488059
 20
-978.1901488497115
 10
1045.734251660082
 20
-987.6989628746742
 10
1048.357388297645
 20
-986.3873945558953
 10
1050.324703251683
 20
-985.4037370788756
 10
1052.619979079664
 20
-984.4200545857693
 10
1052.619979079664
 20
-998.191459392745
 10
1047.373705804543
 20
-1010.979206722701
 10
1045.078480008739
 20
-1025.406408197112
 10
1049.013159948992
 20
-1023.11118240131
 10
1052.292068237897
 20
-1021.471728256858
 10
1056.226748178155
 20
-1019.504363270644
 10
1051.63629658655
 20
-1032.619996426272
 10
1047.045794962778
 20
-1045.407743756228
 10
1042.127432529422
 20
-1059.50703438888
 10
1044.750569166979
 20
-1057.867580244425
 10
1046.717884121023
 20
-1056.556011925646
 10
1049.34102075858
 20
-1054.916557781191
 10
1048.685249107233
 20
-1062.130146010355
 10
1046.062112469675
 20
-1068.032165920735
 10
1044.422658325222
 20
-1074.589982498552
 10
1042.783204180769
 20
-1080.819888234604
 10
1041.143750036308
 20
-1087.049844002831
 10
1039.504295891857
 20
-1093.279749738887
 10
1039.832206733618
 20
-1093.607660580648
 10
1040.160067543206
 20
-1093.607660580648
 10
1040.487978384966
 20
-1093.935521390236
 10
1042.455343371175
 20
-1092.62397808754
 10
1044.750569166979
 20
-1091.312384752673
 10
1047.701566614125
 20
-1089.345069798634
 10
1047.701566614125
 20
-1090.984523943085
 10
1048.029477455884
 20
-1091.968206436188
 10
1047.701566614125
 20
-1092.951888929299
 10
1045.406340818326
 20
-1099.181794665357
 10
1042.783204180769
 20
-1105.411750433579
 10
1040.487978384966
 20
-1111.641656169637
 10
1037.209070096054
 20
-1119.511016050143
 10
1033.930161807149
 20
-1127.708286772406
 10
1030.651253518245
 20
-1135.577696685094
 10
1030.323342676478
 20
-1136.233468336442
 10
1030.651253518245
 20
-1137.872922480898
 10
1030.979164359998
 20
-1138.200833322651
 10
1031.962846853112
 20
-1138.52874416441
 10
1033.274390155802
 20
-1138.856604974
 10
1034.258072648912
 20
-1138.52874416441
 10
1036.553298444713
 20
-1137.872972513063
 10
1038.52066343092
 20
-1136.561379178196
 10
1041.471660878073
 20
-1135.905607526849
 10
1029.339710215549
 20
-1171.97359870483
 10
1015.56828039249
 20
-1207.713679041053
 10
1006.387352193198
 20
-1244.765352712138
 10
999.8295356153831
 20
-1211.320498171708
 10
989.3370390973141
 20
-1178.859276092231
 10
979.8282000562685
 20
-1145.086560742222
 10
983.7628799965205
 20
-1145.742332393571
 10
987.0417882854272
 20
-1146.398104044923
 10
990.9764932417675
 20
-1147.381786538026
 10
985.074448315303
 20
-1129.347790949038
 10
979.1724284049196
 20
-1112.297477853155
 10
973.598269304126
 20
-1094.591343073755
 10
975.8934950999264
 20
-1095.575025566857
 10
977.8608600861389
 20
-1096.230797218206
 10
980.4839717076138
 20
-1096.886568869553
 10
976.2213809256009
 20
-1082.459392411225
 10
971.9588151596727
 20
-1068.687937572084
 10
967.6962243776597
 20
-1054.260761113759
 10
970.3193610152193
 20
-1055.900215258214
 10
972.6145868110198
 20
-1057.211783576993
 10
975.5656092742538
 20
-1059.179123547121
 10
975.5656092742538
 20
-1057.211783576993
 10
975.8934950999264
 20
-1055.900215258214
 10
975.5656092742538
 20
-1054.588646939432
 10
973.598269304126
 20
-1047.375058710271
 10
971.3030184922391
 20
-1040.489331290695
 10
969.6635643477857
 20
-1033.603628887207
 10
968.3519960290068
 20
-1027.373698135068
 10
967.3683385519853
 20
-1021.143767382928
 10
966.384656058879
 20
-1015.241747472544
 10
966.384656058879
 20
-1014.585975821195
 10
966.384656058879
 20
-1013.930179153764
 10
966.7125418845535
 20
-1012.946521676744
 10
967.6962243776597
 20
-1013.930204169847
 10
968.3519960290068
 20
-1014.585975821195
 10
969.0077676803539
 20
-1014.913861646868
 10
969.9914501734602
 20
-1015.569633298219
 10
971.3029934761544
 20
-1015.569633298219
 10
972.2866759692606
 20
-1015.897544139974
 10
972.2866759692606
 20
-1014.585975821195
 10
972.9424476206077
 20
-1013.274407502417
 10
972.6145617949351
 20
-1012.290750025397
 10
971.3029934761544
 20
-1005.73293344758
 10
969.663539331701
 20
-999.503002695441
 10
968.0240851872495
 20
-992.945186117624
 10
967.0404026941414
 20
-989.0105061773702
 10
966.0567452171199
 20
-985.4036870467044
 10
965.4009485496863
 20
-981.4690071064506
 10
965.0730627240155
 20
-979.8295529619954
 10
965.0730627240155
 20
-977.8622129918695
 10
964.745176898341
 20
-975.2390763543117
 10
967.3683135358988
 20
-976.878530498765
 10
969.3356535060284
 20
-977.8622129918695
 10
970.9751076504817
 20
-979.1737562945655
 10
971.3029934761544
 20
-978.8458704688892
 10
971.6308793018288
 20
-978.8458704688892
 10
971.9587901435862
 20
-978.5179846432166
 10
966.7125418845535
 20
-965.7302373132607
 10
961.466293625519
 20
-952.9424899833084
 10
963.4336335956468
 20
-938.1874026832247
 10
965.4009735657728
 20
-940.1547426533525
 10
967.0404277102261
 20
-941.4663109721314
 10
969.0077676803539
 20
-943.1057651165847
 10
969.0077176481846
 20
-942.4499934652376
 10
969.3356034738572
 20
-942.122107639565
 10
969.6634892995316
 20
-942.122107639565
 97
        0
 97
        0
 92
        1
 93
        1
 72
     4
 94
        3
 73
     0
 74
     1
 95
      362
 96
      358
 40
0.0
 40
0.0
 40
0.0
 40
0.0
 40
1.0
 40
1.0
 40
1.0
 40
2.0
 40
2.0
 40
2.0
 40
3.0
 40
3.0
 40
3.0
 40
4.0
 40
4.0
 40
4.0
 40
5.0
 40
5.0
 40
5.0
 40
6.0
 40
6.0
 40
6.0
 40
7.0
 40
7.0
 40
7.0
 40
8.0
 40
8.0
 40
8.0
 40
9.0
 40
9.0
 40
9.0
 40
10.0
 40
10.0
 40
10.0
 40
11.0
 40
11.0
 40
11.0
 40
12.0
 40
12.0
 40
12.0
 40
13.0
 40
13.0
 40
13.0
 40
14.0
 40
14.0
 40
14.0
 40
15.0
 40
15.0
 40
15.0
 40
16.0
 40
16.0
 40
16.0
 40
17.0
 40
17.0
 40
17.0
 40
18.0
 40
18.0
 40
18.0
 40
19.0
 40
19.0
 40
19.0
 40
20.0
 40
20.0
 40
20.0
 40
21.0
 40
21.0
 40
21.0
 40
22.0
 40
22.0
 40
22.0
 40
23.0
 40
23.0
 40
23.0
 40
24.0
 40
24.0
 40
24.0
 40
25.0
 40
25.0
 40
25.0
 40
26.0
 40
26.0
 40
26.0
 40
27.0
 40
27.0
 40
27.0
 40
28.0
 40
28.0
 40
28.0
 40
29.0
 40
29.0
 40
29.0
 40
30.0
 40
30.0
 40
30.0
 40
31.0
 40
31.0
 40
31.0
 40
32.0
 40
32.0
 40
32.0
 40
33.0
 40
33.0
 40
33.0
 40
34.0
 40
34.0
 40
34.0
 40
35.0
 40
35.0
 40
35.0
 40
36.0
 40
36.0
 40
36.0
 40
37.0
 40
37.0
 40
37.0
 40
38.0
 40
38.0
 40
38.0
 40
39.0
 40
39.0
 40
39.0
 40
40.0
 40
40.0
 40
40.0
 40
41.0
 40
41.0
 40
41.0
 40
42.0
 40
42.0
 40
42.0
 40
43.0
 40
43.0
 40
43.0
 40
44.0
 40
44.0
 40
44.0
 40
45.0
 40
45.0
 40
45.0
 40
46.0
 40
46.0
 40
46.0
 40
47.0
 40
47.0
 40
47.0
 40
48.0
 40
48.0
 40
48.0
 40
49.0
 40
49.0
 40
49.0
 40
50.0
 40
50.0
 40
50.0
 40
51.0
 40
51.0
 40
51.0
 40
52.0
 40
52.0
 40
52.0
 40
53.0
 40
53.0
 40
53.0
 40
54.0
 40
54.0
 40
54.0
 40
55.0
 40
55.0
 40
55.0
 40
56.0
 40
56.0
 40
56.0
 40
57.0
 40
57.0
 40
57.0
 40
58.0
 40
58.0
 40
58.0
 40
59.0
 40
59.0
 40
59.0
 40
60.0
 40
60.0
 40
60.0
 40
61.0
 40
61.0
 40
61.0
 40
62.0
 40
62.0
 40
62.0
 40
63.0
 40
63.0
 40
63.0
 40
64.0
 40
64.0
 40
64.0
 40
65.0
 40
65.0
 40
65.0
 40
66.0
 40
66.0
 40
66.0
 40
67.0
 40
67.0
 40
67.0
 40
68.0
 40
68.0
 40
68.0
 40
69.0
 40
69.0
 40
69.0
 40
70.0
 40
70.0
 40
70.0
 40
71.0
 40
71.0
 40
71.0
 40
72.0
 40
72.0
 40
72.0
 40
73.0
 40
73.0
 40
73.0
 40
74.0
 40
74.0
 40
74.0
 40
75.0
 40
75.0
 40
75.0
 40
76.0
 40
76.0
 40
76.0
 40
77.0
 40
77.0
 40
77.0
 40
78.0
 40
78.0
 40
78.0
 40
79.0
 40
79.0
 40
79.0
 40
80.0
 40
80.0
 40
80.0
 40
81.0
 40
81.0
 40
81.0
 40
82.0
 40
82.0
 40
82.0
 40
83.0
 40
83.0
 40
83.0
 40
84.0
 40
84.0
 40
84.0
 40
85.0
 40
85.0
 40
85.0
 40
86.0
 40
86.0
 40
86.0
 40
87.0
 40
87.0
 40
87.0
 40
88.0
 40
88.0
 40
88.0
 40
89.0
 40
89.0
 40
89.0
 40
90.0
 40
90.0
 40
90.0
 40
91.0
 40
91.0
 40
91.0
 40
92.0
 40
92.0
 40
92.0
 40
93.0
 40
93.0
 40
93.0
 40
94.0
 40
94.0
 40
94.0
 40
95.0
 40
95.0
 40
95.0
 40
96.0
 40
96.0
 40
96.0
 40
97.0
 40
97.0
 40
97.0
 40
98.0
 40
98.0
 40
98.0
 40
99.0
 40
99.0
 40
99.0
 40
100.0
 40
100.0
 40
100.0
 40
101.0
 40
101.0
 40
101.0
 40
102.0
 40
102.0
 40
102.0
 40
103.0
 40
103.0
 40
103.0
 40
104.0
 40
104.0
 40
104.0
 40
105.0
 40
105.0
 40
105.0
 40
106.0
 40
106.0
 40
106.0
 40
107.0
 40
107.0
 40
107.0
 40
108.0
 40
108.0
 40
108.0
 40
109.0
 40
109.0
 40
109.0
 40
110.0
 40
110.0
 40
110.0
 40
111.0
 40
111.0
 40
111.0
 40
112.0
 40
112.0
 40
112.0
 40
113.0
 40
113.0
 40
113.0
 40
114.0
 40
114.0
 40
114.0
 40
115.0
 40
115.0
 40
115.0
 40
116.0
 40
116.0
 40
116.0
 40
117.0
 40
117.0
 40
117.0
 40
118.0
 40
118.0
 40
118.0
 40
119.0
 40
119.0
 40
119.0
 40
119.0
 10
1001.796800537257
 20
-1156.562689721228
 10
1001.468914711582
 20
-1156.890600562983
 10
1001.468914711582
 20
-1156.890600562983
 10
1001.14102888591
 20
-1157.218461372582
 10
1001.796800537257
 20
-1157.874233023924
 10
1002.124711379016
 20
-1158.857915517032
 10
1002.780483030361
 20
-1159.185826358791
 10
1006.715162970617
 20
-1162.136823805937
 10
1007.698845463723
 20
-1166.071553778362
 10
1007.37095963805
 20
-1170.989916211729
 10
1007.043073812376
 20
-1178.531415282641
 10
1007.37095963805
 20
-1186.400775163149
 10
1007.37095963805
 20
-1193.942274234072
 10
1007.698845463723
 20
-1193.942274234072
 10
1008.354642131155
 20
-1193.942274234072
 10
1008.682527956829
 20
-1193.942274234072
 10
1009.010413782502
 20
-1191.64704843827
 10
1009.338299608178
 20
-1189.679683452065
 10
1009.338299608178
 20
-1187.384457656262
 10
1009.338299608178
 20
-1183.449777716009
 10
1009.010413782502
 20
-1179.842958585337
 10
1009.666185433851
 20
-1175.908278645084
 10
1010.649867926957
 20
-1169.678372909028
 10
1008.026731289398
 20
-1162.464734647698
 10
1013.27297954843
 20
-1156.890600562983
 10
1013.27297954843
 20
-1156.890600562983
 10
1013.27297954843
 20
-1156.562689721228
 10
1012.945093722754
 20
-1156.234828911645
 10
1011.961411229651
 20
-1156.562739753399
 10
1011.305639578304
 20
-1156.890600562983
 10
1009.994071259523
 20
-1157.218511404748
 10
1009.994071259523
 20
-1151.972238129627
 10
1010.321957085198
 20
-1147.053875696261
 10
1009.994071259523
 20
-1142.135513262905
 10
1009.994071259523
 20
-1138.528694132245
 10
1010.649842910872
 20
-1135.905607526849
 10
1012.945093722754
 20
-1133.282470889295
 10
1015.896116185995
 20
-1129.675651758625
 10
1018.519227807461
 20
-1125.740971818366
 10
1021.142364445028
 20
-1122.134202719877
 10
1020.814478619352
 20
-1121.806291878118
 10
1020.814478619352
 20
-1121.806291878118
 10
1020.486592793679
 20
-1121.47843106853
 10
1017.207684504774
 20
-1125.413111008784
 10
1014.256662041542
 20
-1129.019930139448
 10
1010.649867926957
 20
-1133.610381731045
 10
1010.649867926957
 20
-1124.757339357435
 10
1010.649867926957
 20
-1117.215840286512
 10
1010.649867926957
 20
-1109.674341215588
 10
1010.649867926957
 20
-1108.362797912898
 10
1011.633550420062
 20
-1107.379115419795
 10
1012.28932207141
 20
-1106.067522084928
 10
1015.240344534644
 20
-1102.132842144674
 10
1018.191366997875
 20
-1098.19816220442
 10
1021.142364445028
 20
-1093.935571422402
 10
1021.798136096375
 20
-1092.951888929299
 10
1022.453932763803
 20
-1091.640345626598
 10
1023.109704415154
 20
-1090.656663133497
 10
1022.781818589478
 20
-1090.656663133497
 10
1022.781818589478
 20
-1090.328752291731
 10
1022.453932763803
 20
-1090.328752291731
 10
1018.847138649224
 20
-1094.919203883339
 10
1015.240344534644
 20
-1099.837566316695
 10
1011.633525403977
 20
-1104.428067940476
 10
1011.305639578304
 20
-1104.100157098717
 10
1010.97775375263
 20
-1104.100157098717
 10
1010.649842910872
 20
-1103.772296289129
 10
1010.649842910872
 20
-1097.542390553073
 10
1010.649842910872
 20
-1091.31243478485
 10
1010.649842910872
 20
-1085.082529048792
 10
1010.649842910872
 20
-1078.852623312736
 10
1012.945068706675
 20
-1073.278439195856
 10
1016.879773663009
 20
-1068.360076762494
 10
1019.830796126249
 20
-1064.753282647913
 10
1022.126021922051
 20
-1060.818577691571
 10
1024.749158559604
 20
-1057.211783576993
 10
1024.42124771785
 20
-1056.883897751317
 10
1024.093386908256
 20
-1056.883897751317
 10
1024.093386908256
 20
-1056.556011925646
 10
1020.158706968003
 20
-1061.474374359006
 10
1016.551887837333
 20
-1066.720622618039
 10
1012.28932207141
 20
-1072.294756702748
 10
1011.961436245734
 20
-1070.655302558293
 10
1011.633550420062
 20
-1069.999530906949
 10
1011.633550420062
 20
-1069.671620065186
 10
1011.633550420062
 20
-1061.146463517247
 10
1011.633550420062
 20
-1052.29339612755
 10
1011.633550420062
 20
-1043.768239579607
 10
1011.633550420062
 20
-1041.80089960948
 10
1012.61723291317
 20
-1039.833559639348
 10
1013.600890390191
 20
-1038.521991320569
 10
1016.879798679098
 20
-1033.275743061537
 10
1020.486592793679
 20
-1028.029494802504
 10
1023.765526098672
 20
-1022.783221527383
 10
1024.093436940433
 20
-1022.127449876036
 10
1024.421297750021
 20
-1021.471653208602
 10
1024.749208591775
 20
-1020.815881557257
 10
1024.421297750021
 20
-1020.815881557257
 10
1024.421297750021
 20
-1020.487995731581
 10
1024.093436940433
 20
-1020.487995731581
 10
1020.158757000168
 20
-1025.734243990613
 10
1016.551937869512
 20
-1031.308403091411
 10
1012.617257929254
 20
-1036.554651350445
 10
1012.289372103582
 20
-1036.226765524771
 10
1011.961486277905
 20
-1036.226765524771
 10
1011.633575436146
 20
-1035.898879699094
 10
1011.633575436146
 20
-1034.587311380315
 10
1011.305689610472
 20
-1033.275743061537
 10
1011.305689610472
 20
-1032.292085584517
 10
1011.305689610472
 20
-1021.799589066448
 10
1010.977803784799
 20
-1010.979181706618
 10
1011.305689610472
 20
-1000.486685188547
 10
1011.305689610472
 20
-997.2077768996369
 10
1012.945143754931
 20
-993.6009827850594
 10
1014.256712073708
 20
-990.6499603218235
 10
1016.224052043837
 20
-986.7152803815716
 10
1019.175074507066
 20
-983.1084612509076
 10
1021.47030030287
 20
-979.5016671363246
 10
1021.142414477194
 20
-979.1737813106483
 10
1020.814528651519
 20
-979.1737813106483
 10
1020.486617809767
 20
-978.8458954849775
 10
1017.8634811722
 20
-982.4526895995532
 10
1015.240369550733
 20
-986.0594837141361
 10
1012.61723291317
 20
-989.9941886704783
 10
1011.633550420062
 20
-988.3547345260249
 10
1011.305664594387
 20
-987.3710520329205
 10
1011.305664594387
 20
-986.0595087302245
 10
1011.305664594387
 20
-982.1248287899689
 10
1011.633550420062
 20
-977.8622380079541
 10
1010.977778768716
 20
-973.9275580676986
 10
1009.666210449936
 20
-964.7466048523274
 10
1010.649892943042
 20
-956.2214483043845
 10
1017.207709520851
 20
-949.0078600752204
 10
1020.158731984091
 20
-945.7289517863155
 10
1021.798186128541
 20
-941.7942718460599
 10
1024.093436940433
 20
-938.1874527153959
 10
1023.765526098672
 20
-937.8595668897215
 10
1023.437665289084
 20
-937.8595668897215
 10
1023.437665289084
 20
-937.5316810640488
 10
1019.50298534883
 20
-943.1058151487559
 10
1015.896166218161
 20
-948.3520884238751
 10
1011.961486277905
 20
-953.926222508584
 10
1011.633600452231
 20
-953.926222508584
 10
1011.305714626558
 20
-953.5983366829096
 10
1010.977803784799
 20
-953.5983366829096
 10
1010.977803784799
 20
-952.2867683641307
 10
1010.649917959126
 20
-950.97520004535
 10
1010.649917959126
 20
-949.663656742654
 10
1010.649917959126
 20
-940.4827035272792
 10
1010.977803784799
 20
-931.6296611536636
 10
1010.649917959126
 20
-922.4487079382907
 10
1010.322032133452
 20
-915.5630055348029
 10
1011.961486277905
 20
-909.6609606083348
 10
1015.896166218161
 20
-904.0868265236277
 10
1018.519302855719
 20
-900.807918234721
 10
1020.486642825845
 20
-896.8732382944672
 10
1022.453982795972
 20
-892.9385333381251
 10
1022.126096970296
 20
-892.9385333381251
 10
1021.798211144629
 20
-892.6106475124507
 10
1021.798211144629
 20
-892.6106475124507
 10
1018.519302855719
 20
-897.5290099458143
 10
1015.240394566812
 20
-902.4473723791743
 10
1011.961486277905
 20
-907.3657348125344
 10
1011.633600452231
 20
-907.3657348125344
 10
1011.305714626558
 20
-907.0378489868599
 10
1010.977803784799
 20
-907.0378489868599
 10
1010.977803784799
 20
-905.726280668081
 10
1010.649917959126
 20
-904.4147123493003
 10
1010.649917959126
 20
-903.1031690466061
 10
1010.649917959126
 20
-897.2011241201399
 10
1010.649917959126
 20
-891.2991042097583
 10
1010.649917959126
 20
-885.3970592832902
 10
1010.322032133452
 20
-875.5603344165702
 10
1008.026781321567
 20
-865.7236095498483
 10
1012.945143754931
 20
-856.2147705087991
 10
1012.945143754931
 20
-855.8868846831265
 10
1012.945143754931
 20
-855.558998857452
 10
1012.617257929254
 20
-854.9032021900202
 10
1011.633575436146
 20
-855.5589738413673
 10
1010.977803784799
 20
-856.2147705087991
 10
1009.666235466022
 20
-857.1984279858207
 10
1009.666235466022
 20
-847.6895889447733
 10
1009.338349640346
 20
-838.5086482374409
 10
1009.666235466022
 20
-829.6555933557838
 10
1009.994121291693
 20
-823.0977767779686
 10
1010.649917959126
 20
-816.867846025827
 10
1010.977803784799
 20
-810.3100294480146
 10
1010.977803784799
 20
-809.6542452886224
 10
1010.649917959126
 20
-808.9984611292348
 10
1010.322032133452
 20
-808.01479114417
 10
1009.994146307779
 20
-806.3753369997157
 10
1009.338349640346
 20
-805.0637686809387
 10
1009.338349640346
 20
-803.4243145364826
 10
1009.010463814675
 20
-794.5712596548256
 10
1009.010463814675
 20
-785.7182047731667
 10
1008.682577988999
 20
-777.1930482252264
 10
1008.682577988999
 20
-775.8814799064457
 10
1008.026806337652
 20
-774.8978099213828
 10
1008.026806337652
 20
-773.5862541106435
 10
1007.698920511979
 20
-773.5862541106435
 10
1007.043123844545
 20
-773.5862541106435
 10
1006.715238018873
 20
-773.5862541106435
 10
1006.715238018873
 20
-782.4393089923024
 10
1006.715238018873
 20
-791.2923638739603
 10
1006.715238018873
 20
-799.8175204219024
 10
1006.387352193198
 20
-799.8175204219024
 10
1006.059466367524
 20
-799.8175204219024
 10
1005.731555525766
 20
-799.8175204219024
 10
1005.075783874418
 20
-799.1617362625138
 10
1004.747873032658
 20
-798.1780662774509
 10
1004.092101381311
 20
-797.1943962923842
 10
1004.092101381311
 20
-798.1780662774509
 10
1003.764215555639
 20
-798.5059646111649
 10
1003.764215555639
 20
-798.8338504368376
 10
1008.026806337652
 20
-805.0637811889801
 10
1007.043123844545
 20
-811.9494835924679
 10
1007.043123844545
 20
-818.5073001702813
 10
1007.043123844545
 20
-828.344025037004
 10
1007.043123844545
 20
-838.1807499037259
 10
1007.043123844545
 20
-848.6732589298372
 10
1005.731555525766
 20
-848.3453731041627
 10
1004.747898048743
 20
-848.0174747704459
 10
1004.747898048743
 20
-848.0174747704459
 10
1005.403669700092
 20
-853.2637230294822
 10
1006.387352193198
 20
-858.5099712885167
 10
1006.387352193198
 20
-864.0841303893103
 10
1006.387352193198
 20
-875.232423574811
 10
1006.059466367524
 20
-886.3807167603118
 10
1005.731580541849
 20
-897.5289849297296
 10
1005.731580541849
 20
-898.1847565810767
 10
1005.403694716177
 20
-898.8405532485085
 10
1004.747898048743
 20
-900.4800073929619
 10
1001.468989759836
 20
-895.8895307852745
 10
998.8458531222786
 20
-891.9548508450207
 10
996.2227415008019
 20
-888.0201458886804
 10
995.8948556751275
 20
-888.3480317143549
 10
995.5669698494567
 20
-888.3480317143549
 10
995.2390590076957
 20
-888.6759175400275
 10
997.5342848034979
 20
-892.6105974802831
 10
1000.485307266732
 20
-896.5453024366252
 10
1002.452647236858
 20
-900.4799823768772
 10
1003.764215555639
 20
-903.4310048401094
 10
1005.403669700092
 20
-906.3820273033434
 10
1005.403669700092
 20
-909.6609355922501
 10
1005.731555525766
 20
-920.8092287777527
 10
1005.731555525766
 20
-931.6296111214942
 10
1005.403669700092
 20
-942.7779043069968
 10
1005.403669700092
 20
-944.0894726257757
 10
1005.075783874418
 20
-945.4010409445564
 10
1004.747898048743
 20
-947.3683809146842
 10
1003.108443904292
 20
-945.0731551188837
 10
1001.796875585511
 20
-943.7615868001012
 10
1000.485307266732
 20
-942.4500184813223
 10
1000.157421441058
 20
-942.7779043069968
 10
999.8295356153831
 20
-942.7779043069968
 10
999.5016247736239
 20
-943.1057901326694
 10
1000.485307266732
 20
-944.4173584514501
 10
1001.468964743754
 20
-945.728926770229
 10
1002.124761411183
 20
-947.3683809146842
 10
1003.108443904292
 20
-950.3194033779164
 10
1004.747898048743
 20
-953.2704258411504
 10
1004.747898048743
 20
-955.8935374626271
 10
1005.075783874418
 20
-967.041830648126
 10
1004.747898048743
 20
-978.5180096592994
 10
1004.747898048743
 20
-989.666302844802
 10
1004.747898048743
 20
-990.9778711635845
 10
1004.42001222307
 20
-991.9615286406042
 10
1004.092126397396
 20
-993.9288936268149
 10
999.1737639640342
 20
-987.0431912233271
 10
994.911173182023
 20
-981.1411462968608
 10
990.6486074160948
 20
-975.2391263864811
 10
993.9275157049997
 20
-981.7969429642944
 10
997.5343098195826
 20
-987.6989878907625
 10
1001.796900601596
 20
-993.6010078011423
 10
1003.764240571723
 20
-996.5520302643763
 10
1004.74792306483
 20
-999.1751418858512
 10
1004.74792306483
 20
-1002.781961016517
 10
1004.74792306483
 20
-1010.323460087438
 10
1005.075808890502
 20
-1017.864934142277
 10
1005.075808890502
 20
-1025.078547387524
 10
1005.075808890502
 20
-1025.734319038871
 10
1004.74792306483
 20
-1026.390115706303
 10
1004.092126397396
 20
-1027.701684025082
 10
1000.813218108491
 20
-1023.439093243069
 10
998.1900814709297
 20
-1019.504413302815
 10
995.5669698494567
 20
-1015.569733362556
 10
995.2390840237822
 20
-1015.897619188232
 10
994.9111981981077
 20
-1015.897619188232
 10
994.5832873563486
 20
-1016.22550501391
 10
996.5506273264746
 20
-1019.176527477139
 10
998.5179672966042
 20
-1022.127549940375
 10
1000.157421441058
 20
-1024.750661561849
 10
1002.452647236858
 20
-1028.357455676429
 10
1005.075783874418
 20
-1031.308478139665
 10
1005.075783874418
 20
-1035.898954747348
 10
1004.747898048743
 20
-1044.424111295291
 10
1005.075783874418
 20
-1052.621382017558
 10
1005.075783874418
 20
-1061.146538565501
 10
1005.075783874418
 20
-1062.45810688428
 10
1004.747898048743
 20
-1063.441764361305
 10
1004.42001222307
 20
-1065.736990157104
 10
1000.813218108491
 20
-1061.146513549413
 10
998.1900814709297
 20
-1057.539719434837
 10
995.5669698494567
 20
-1053.932925320254
 10
995.2390840237822
 20
-1054.260811145925
 10
994.9111981981077
 20
-1054.260811145925
 10
994.5832873563486
 20
-1054.588696971601
 10
996.8785131521508
 20
-1057.867605260508
 10
999.1737639640342
 20
-1061.474399375089
 10
1001.796875585511
 20
-1064.753307663996
 10
1004.092101381311
 20
-1067.704305111147
 10
1005.403669700092
 20
-1070.983213400052
 10
1005.075783874418
 20
-1074.917943372477
 10
1004.747898048743
 20
-1080.492077457186
 10
1005.075783874418
 20
-1086.066211541895
 10
1005.075783874418
 20
-1091.312484817016
 10
1005.075783874418
 20
-1093.935621454573
 10
1005.731555525766
 20
-1096.886618901719
 10
1005.731555525766
 20
-1099.509755539288
 10
1005.403669700092
 20
-1099.509755539288
 10
1005.075783874418
 20
-1099.837666381041
 10
1004.747873032658
 20
-1099.837666381041
 10
1001.141078918079
 20
-1095.247214789435
 10
997.5342848034979
 20
-1090.656713165668
 10
993.9274656728321
 20
-1086.066261574066
 10
996.5506023103917
 20
-1091.312534849181
 10
1000.157396424971
 20
-1096.230897282543
 10
1003.108418888205
 20
-1101.149259715903
 10
1004.419987206986
 20
-1103.116624702114
 10
1005.403644684007
 20
-1105.739711307509
 10
1005.403644684007
 20
-1108.034987135479
 10
1005.73153050968
 20
-1114.920714555055
 10
1005.73153050968
 20
-1121.806391942449
 10
1005.73153050968
 20
-1129.019980171619
 10
1005.73153050968
 20
-1129.675751822968
 10
1005.403644684007
 20
-1130.33152347431
 10
1004.747848016574
 20
-1131.643116809177
 10
1001.468939727667
 20
-1127.380526027164
 10
998.1900314387603
 20
-1123.44584608691
 10
995.2390089755281
 20
-1119.839026956246
 10
994.9111231498518
 20
-1120.166937798
 10
994.5832373241792
 20
-1120.166937798
 10
994.5832373241792
 20
-1120.494798607593
 10
997.5342597874114
 20
-1124.429478547847
 10
1000.157371408886
 20
-1128.364158488101
 10
1003.10839387212
 20
-1131.97097761877
 10
1005.075733842248
 20
-1134.266203414563
 10
1006.059416335354
 20
-1136.889340052126
 10
1005.73153050968
 20
-1139.840337499278
 10
1005.73153050968
 20
-1146.398154077089
 10
1005.73153050968
 20
-1152.628059813145
 10
1005.73153050968
 20
-1159.185876390957
 10
1005.73153050968
 20
-1159.841648042306
 10
1005.403644684007
 20
-1160.497419693653
 10
1005.075758858333
 20
-1161.80901302852
 10
1005.075708826163
 20
-1159.51373720055
 10
1003.43625468171
 20
-1157.874283056095
 10
1001.796800537257
 20
-1156.562689721228
 97
        0
 97
        0
 75
     2
 76
     1
 98
        0
  0
ENDBLK
  5
44
330
41
100
AcDbEntity
  8
0
100
AcDbBlockEnd
  0
BLOCK
  5
55
330
53
100
AcDbEntity
  8
0
100
AcDbBlockBegin
  2
block 3
 70
     0
 10
0.0
 20
0.0
 30
0.0
  3
block 3
  1

  0
SPLINE
  5
57
330
53
100
AcDbEntity
  8
katman 1
370
     0
100
AcDbSpline
210
0.0
220
0.0
230
1.0
 70
    11
 71
     3
 72
   101
 73
    97
 74
     0
 42
0.0000000001
 43
0.0000000001
 12
1.0
 22
0.0
 32
0.0
 13
1.0
 23
0.0
 33
0.0
 40
0.0
 40
0.0
 40
0.0
 40
0.0
 40
1.0
 40
1.0
 40
1.0
 40
2.0
 40
2.0
 40
2.0
 40
3.0
 40
3.0
 40
3.0
 40
4.0
 40
4.0
 40
4.0
 40
5.0
 40
5.0
 40
5.0
 40
6.0
 40
6.0
 40
6.0
 40
7.0
 40
7.0
 40
7.0
 40
8.0
 40
8.0
 40
8.0
 40
9.0
 40
9.0
 40
9.0
 40
10.0
 40
10.0
 40
10.0
 40
11.0
 40
11.0
 40
11.0
 40
12.0
 40
12.0
 40
12.0
 40
13.0
 40
13.0
 40
13.0
 40
14.0
 40
14.0
 40
14.0
 40
15.0
 40
15.0
 40
15.0
 40
16.0
 40
16.0
 40
16.0
 40
17.0
 40
17.0
 40
17.0
 40
18.0
 40
18.0
 40
18.0
 40
19.0
 40
19.0
 40
19.0
 40
20.0
 40
20.0
 40
20.0
 40
21.0
 40
21.0
 40
21.0
 40
22.0
 40
22.0
 40
22.0
 40
23.0
 40
23.0
 40
23.0
 40
24.0
 40
24.0
 40
24.0
 40
25.0
 40
25.0
 40
25.0
 40
26.0
 40
26.0
 40
26.0
 40
27.0
 40
27.0
 40
27.0
 40
28.0
 40
28.0
 40
28.0
 40
29.0
 40
29.0
 40
29.0
 40
30.0
 40
30.0
 40
30.0
 40
31.0
 40
31.0
 40
31.0
 40
32.0
 40
32.0
 40
32.0
 40
32.0
 10
802.9600412491045
 20
-729.1139408860909
 30
0.0
 10
802.6347169866285
 20
-730.8255501988097
 30
0.0
 10
802.4325187706017
 20
-731.2923782817652
 30
0.0
 10
802.4786045731007
 20
-731.7332702704789
 30
0.0
 10
804.0591833154449
 20
-746.8514628313369
 30
0.0
 10
804.0625554473345
 20
-746.8511602435701
 30
0.0
 10
789.4589330427189
 20
-749.9409271506975
 30
0.0
 10
776.4521447854568
 20
-752.692876430312
 30
0.0
 10
776.4464381007201
 20
-752.6942164618486
 30
0.0
 10
773.2824272736616
 20
-739.7408232337748
 30
0.0
 10
769.4809970544502
 20
-724.1780427907734
 30
0.0
 10
765.8174351505941
 20
-708.5798811925415
 30
0.0
 10
761.8219344178606
 20
-693.0671574114294
 30
0.0
 10
760.5381897467678
 20
-688.0830181808215
 30
0.0
 10
761.7087518372409
 20
-685.6665306668219
 30
0.0
 10
766.9601555367444
 20
-684.8055387916147
 30
0.0
 10
772.992985953093
 20
-683.8164442242578
 30
0.0
 10
778.9790820800417
 20
-682.4057800584014
 30
0.0
 10
784.8803993526744
 20
-680.7935276000435
 30
0.0
 10
789.8542938906057
 20
-679.4346923958483
 30
0.0
 10
792.2813209698306
 20
-680.4007470661509
 30
0.0
 10
794.0668215731903
 20
-685.8668005411992
 30
0.0
 10
797.6382118720512
 20
-696.7999881618889
 30
0.0
 10
805.6954022339769
 20
-702.036420749243
 30
0.0
 10
815.8168561021785
 20
-701.529651081154
 30
0.0
 10
822.9512063701723
 20
-701.1724678366081
 30
0.0
 10
828.2710038216019
 20
-697.0625478892725
 30
0.0
 10
829.1883966255546
 20
-691.1991750638381
 30
0.0
 10
830.22947749794
 20
-684.5450539517697
 30
0.0
 10
827.4516190047616
 20
-679.8348431031873
 30
0.0
 10
819.9299491264637
 20
-677.3941917947195
 30
0.0
 10
812.5508599016739
 20
-674.9997931876505
 30
0.0
 10
804.9719070137044
 20
-673.1052695702856
 30
0.0
 10
797.367749601478
 20
-671.5396156279176
 30
0.0
 10
760.4962542604417
 20
-663.9480127760362
 30
0.0
 10
745.7092397599554
 20
-633.7472897839016
 30
0.0
 10
744.8674172963083
 20
-603.6934191187102
 30
0.0
 10
744.4313314709789
 20
-588.1248787014456
 30
0.0
 10
748.9393530185507
 20
-574.3420599861984
 30
0.0
 10
760.8235239836231
 20
-563.7107630991386
 30
0.0
 10
777.1620650132472
 20
-549.0947365496413
 30
0.0
 10
801.1988372883379
 20
-550.4347248586873
 30
0.0
 10
816.0224264500948
 20
-566.5836664349263
 30
0.0
 10
817.091089632042
 20
-567.7478836719492
 30
0.0
 10
817.6190012026864
 20
-569.5200213446069
 30
0.0
 10
820.1871390317756
 20
-569.8385165819063
 30
0.0
 10
821.1341460709191
 20
-565.5128245405303
 30
0.0
 10
819.7410232756965
 20
-561.2718138468563
 30
0.0
 10
819.3490345597002
 20
-557.0928498553048
 30
0.0
 10
819.0260880825308
 20
-553.6495253534758
 30
0.0
 10
819.7226927126021
 20
-551.8511111753369
 30
0.0
 10
823.4018615345649
 20
-551.3589575770247
 30
0.0
 10
831.3407678855756
 20
-550.2969933915529
 30
0.0
 10
839.2544697123294
 20
-549.0356941117689
 30
0.0
 10
847.1608652533223
 20
-547.747810335386
 30
0.0
 10
850.5246965110991
 20
-547.1998779243913
 30
0.0
 10
851.7809885700108
 20
-548.6324310731188
 30
0.0
 10
852.228790392036
 20
-551.839104925044
 30
0.0
 10
854.9014210772575
 20
-570.978429537282
 30
0.0
 10
857.6168518980085
 20
-590.1129559720848
 30
0.0
 10
860.532967798682
 20
-609.2162726401511
 30
0.0
 10
861.2414181228287
 20
-613.8572989573404
 30
0.0
 10
859.036000634228
 20
-614.8915115219725
 30
0.0
 10
855.1634530181045
 20
-615.3360561772897
 30
0.0
 10
848.6136920759836
 20
-616.0879219359722
 30
0.0
 10
841.9788496523288
 20
-616.688958499928
 30
0.0
 10
835.6157664730472
 20
-618.2908149071773
 30
0.0
 10
830.4149447518976
 20
-619.6000905579567
 30
0.0
 10
828.4541365227105
 20
-618.0664460785665
 30
0.0
 10
827.1550010958117
 20
-613.178119102773
 30
0.0
 10
824.6896268244509
 20
-603.9013293341832
 30
0.0
 10
819.8754329942394
 20
-596.2622310097204
 30
0.0
 10
810.0248737212114
 20
-593.2291020483972
 30
0.0
 10
801.9818203737486
 20
-590.7525292494038
 30
0.0
 10
795.8450591232477
 20
-593.0816013190979
 30
0.0
 10
792.5703731982585
 20
-599.6183832181305
 30
0.0
 10
789.3297544518518
 20
-606.0870936764823
 30
0.0
 10
791.4764190271344
 20
-613.6846402166248
 30
0.0
 10
798.1934463574971
 20
-618.104691010868
 30
0.0
 10
805.3637227998597
 20
-622.8229744687833
 30
0.0
 10
813.6886085549095
 20
-624.8160984710939
 30
0.0
 10
821.7563908695665
 20
-627.3622880697194
 30
0.0
 10
833.4649515815918
 20
-631.0574898701152
 30
0.0
 10
845.1645631743713
 20
-634.8222112097883
 30
0.0
 10
854.7456977558695
 20
-642.9513504215529
 30
0.0
 10
877.0220442544778
 20
-661.8517711856985
 30
0.0
 10
881.6722573634161
 20
-704.7274202073877
 30
0.0
 10
864.1590903920669
 20
-728.433312932928
 30
0.0
 10
860.2760805205917
 20
-733.6893056580229
 30
0.0
 10
855.3538487725164
 20
-737.5319109273651
 30
0.0
 10
849.5315172045393
 20
-740.3627923871254
 30
0.0
 10
836.8903026301332
 20
-746.5091063873351
 30
0.0
 10
824.8781203506169
 20
-745.2211199472449
 30
0.0
 10
813.494667738767
 20
-737.2588254684015
 30
0.0
 10
810.0950400040019
 20
-734.8808962811772
 30
0.0
 10
806.9159410483599
 20
-732.1877787086696
 30
0.0
 10
802.9600412491045
 20
-729.1139408860909
 30
0.0
  0
HATCH
  5
58
330
53
100
AcDbEntity
  8
katman 1
 62
   201
420
 14581759
100
AcDbHatch
 10
0.0
 20
0.0
 30
0.0
210
0.0
220
0.0
230
1.0
  2
SOLID
 70
     1
 71
     0
 91
        1
 92
        1
 93
        1
 72
     4
 94
        3
 73
     0
 74
     1
 95
      101
 96
       97
 40
0.0
 40
0.0
 40
0.0
 40
0.0
 40
1.0
 40
1.0
 40
1.0
 40
2.0
 40
2.0
 40
2.0
 40
3.0
 40
3.0
 40
3.0
 40
4.0
 40
4.0
 40
4.0
 40
5.0
 40
5.0
 40
5.0
 40
6.0
 40
6.0
 40
6.0
 40
7.0
 40
7.0
 40
7.0
 40
8.0
 40
8.0
 40
8.0
 40
9.0
 40
9.0
 40
9.0
 40
10.0
 40
10.0
 40
10.0
 40
11.0
 40
11.0
 40
11.0
 40
12.0
 40
12.0
 40
12.0
 40
13.0
 40
13.0
 40
13.0
 40
14.0
 40
14.0
 40
14.0
 40
15.0
 40
15.0
 40
15.0
 40
16.0
 40
16.0
 40
16.0
 40
17.0
 40
17.0
 40
17.0
 40
18.0
 40
18.0
 40
18.0
 40
19.0
 40
19.0
 40
19.0
 40
20.0
 40
20.0
 40
20.0
 40
21.0
 40
21.0
 40
21.0
 40
22.0
 40
22.0
 40
22.0
 40
23.0
 40
23.0
 40
23.0
 40
24.0
 40
24.0
 40
24.0
 40
25.0
 40
25.0
 40
25.0
 40
26.0
 40
26.0
 40
26.0
 40
27.0
 40
27.0
 40
27.0
 40
28.0
 40
28.0
 40
28.0
 40
29.0
 40
29.0
 40
29.0
 40
30.0
 40
30.0
 40
30.0
 40
31.0
 40
31.0
 40
31.0
 40
32.0
 40
32.0
 40
32.0
 40
32.0
 10
802.9600412491045
 20
-729.1139408860909
 10
802.6347169866285
 20
-730.8255501988097
 10
802.4325187706017
 20
-731.2923782817652
 10
802.4786045731007
 20
-731.7332702704789
 10
804.0591833154449
 20
-746.8514628313369
 10
804.0625554473345
 20
-746.8511602435701
 10
789.4589330427189
 20
-749.9409271506975
 10
776.4521447854568
 20
-752.692876430312
 10
776.4464381007201
 20
-752.6942164618486
 10
773.2824272736616
 20
-739.7408232337748
 10
769.4809970544502
 20
-724.1780427907734
 10
765.8174351505941
 20
-708.5798811925415
 10
761.8219344178606
 20
-693.0671574114294
 10
760.5381897467678
 20
-688.0830181808215
 10
761.7087518372409
 20
-685.6665306668219
 10
766.9601555367444
 20
-684.8055387916147
 10
772.992985953093
 20
-683.8164442242578
 10
778.9790820800417
 20
-682.4057800584014
 10
784.8803993526744
 20
-680.7935276000435
 10
789.8542938906057
 20
-679.4346923958483
 10
792.2813209698306
 20
-680.4007470661509
 10
794.0668215731903
 20
-685.8668005411992
 10
797.6382118720512
 20
-696.7999881618889
 10
805.6954022339769
 20
-702.036420749243
 10
815.8168561021785
 20
-701.529651081154
 10
822.9512063701723
 20
-701.1724678366081
 10
828.2710038216019
 20
-697.0625478892725
 10
829.1883966255546
 20
-691.1991750638381
 10
830.22947749794
 20
-684.5450539517697
 10
827.4516190047616
 20
-679.8348431031873
 10
819.9299491264637
 20
-677.3941917947195
 10
812.5508599016739
 20
-674.9997931876505
 10
804.9719070137044
 20
-673.1052695702856
 10
797.367749601478
 20
-671.5396156279176
 10
760.4962542604417
 20
-663.9480127760362
 10
745.7092397599554
 20
-633.7472897839016
 10
744.8674172963083
 20
-603.6934191187102
 10
744.4313314709789
 20
-588.1248787014456
 10
748.9393530185507
 20
-574.3420599861984
 10
760.8235239836231
 20
-563.7107630991386
 10
777.1620650132472
 20
-549.0947365496413
 10
801.1988372883379
 20
-550.4347248586873
 10
816.0224264500948
 20
-566.5836664349263
 10
817.091089632042
 20
-567.7478836719492
 10
817.6190012026864
 20
-569.5200213446069
 10
820.1871390317756
 20
-569.8385165819063
 10
821.1341460709191
 20
-565.5128245405303
 10
819.7410232756965
 20
-561.2718138468563
 10
819.3490345597002
 20
-557.0928498553048
 10
819.0260880825308
 20
-553.6495253534758
 10
819.7226927126021
 20
-551.8511111753369
 10
823.4018615345649
 20
-551.3589575770247
 10
831.3407678855756
 20
-550.2969933915529
 10
839.2544697123294
 20
-549.0356941117689
 10
847.1608652533223
 20
-547.747810335386
 10
850.5246965110991
 20
-547.1998779243913
 10
851.7809885700108
 20
-548.6324310731188
 10
852.228790392036
 20
-551.839104925044
 10
854.9014210772575
 20
-570.978429537282
 10
857.6168518980085
 20
-590.1129559720848
 10
860.532967798682
 20
-609.2162726401511
 10
861.2414181228287
 20
-613.8572989573404
 10
859.036000634228
 20
-614.8915115219725
 10
855.1634530181045
 20
-615.3360561772897
 10
848.6136920759836
 20
-616.0879219359722
 10
841.9788496523288
 20
-616.688958499928
 10
835.6157664730472
 20
-618.2908149071773
 10
830.4149447518976
 20
-619.6000905579567
 10
828.4541365227105
 20
-618.0664460785665
 10
827.1550010958117
 20
-613.178119102773
 10
824.6896268244509
 20
-603.9013293341832
 10
819.8754329942394
 20
-596.2622310097204
 10
810.0248737212114
 20
-593.2291020483972
 10
801.9818203737486
 20
-590.7525292494038
 10
795.8450591232477
 20
-593.0816013190979
 10
792.5703731982585
 20
-599.6183832181305
 10
789.3297544518518
 20
-606.0870936764823
 10
791.4764190271344
 20
-613.6846402166248
 10
798.1934463574971
 20
-618.104691010868
 10
805.3637227998597
 20
-622.8229744687833
 10
813.6886085549095
 20
-624.8160984710939
 10
821.7563908695665
 20
-627.3622880697194
 10
833.4649515815918
 20
-631.0574898701152
 10
845.1645631743713
 20
-634.8222112097883
 10
854.7456977558695
 20
-642.9513504215529
 10
877.0220442544778
 20
-661.8517711856985
 10
881.6722573634161
 20
-704.7274202073877
 10
864.1590903920669
 20
-728.433312932928
 10
860.2760805205917
 20
-733.6893056580229
 10
855.3538487725164
 20
-737.5319109273651
 10
849.5315172045393
 20
-740.3627923871254
 10
836.8903026301332
 20
-746.5091063873351
 10
824.8781203506169
 20
-745.2211199472449
 10
813.494667738767
 20
-737.2588254684015
 10
810.0950400040019
 20
-734.8808962811772
 10
806.9159410483599
 20
-732.1877787086696
 10
802.9600412491045
 20
-729.1139408860909
 97
        0
 97
        0
 75
     2
 76
     1
 98
        0
  0
SPLINE
  5
59
330
53
100
AcDbEntity
  8
katman 1
370
     0
100
AcDbSpline
210
0.0
220
0.0
230
1.0
 70
    11
 71
     3
 72
    95
 73
    91
 74
     0
 42
0.0000000001
 43
0.0000000001
 12
1.0
 22
0.0
 32
0.0
 13
1.0
 23
0.0
 33
0.0
 40
0.0
 40
0.0
 40
0.0
 40
0.0
 40
1.0
 40
1.0
 40
1.0
 40
2.0
 40
2.0
 40
2.0
 40
3.0
 40
3.0
 40
3.0
 40
4.0
 40
4.0
 40
4.0
 40
5.0
 40
5.0
 40
5.0
 40
6.0
 40
6.0
 40
6.0
 40
7.0
 40
7.0
 40
7.0
 40
8.0
 40
8.0
 40
8.0
 40
9.0
 40
9.0
 40
9.0
 40
10.0
 40
10.0
 40
10.0
 40
11.0
 40
11.0
 40
11.0
 40
12.0
 40
12.0
 40
12.0
 40
13.0
 40
13.0
 40
13.0
 40
14.0
 40
14.0
 40
14.0
 40
15.0
 40
15.0
 40
15.0
 40
16.0
 40
16.0
 40
16.0
 40
17.0
 40
17.0
 40
17.0
 40
18.0
 40
18.0
 40
18.0
 40
19.0
 40
19.0
 40
19.0
 40
20.0
 40
20.0
 40
20.0
 40
21.0
 40
21.0
 40
21.0
 40
22.0
 40
22.0
 40
22.0
 40
23.0
 40
23.0
 40
23.0
 40
24.0
 40
24.0
 40
24.0
 40
25.0
 40
25.0
 40
25.0
 40
26.0
 40
26.0
 40
26.0
 40
27.0
 40
27.0
 40
27.0
 40
28.0
 40
28.0
 40
28.0
 40
29.0
 40
29.0
 40
29.0
 40
30.0
 40
30.0
 40
30.0
 40
30.0
 10
710.3100690810979
 20
-711.1899600366505
 30
0.0
 10
709.6534112441868
 20
-694.9889355411606
 30
0.0
 10
704.226505372787
 20
-679.8092744369469
 30
0.0
 10
700.0974811869428
 20
-664.3685449307686
 30
0.0
 10
696.5711391115365
 20
-651.1814891069807
 30
0.0
 10
692.4673626824087
 20
-638.1497148407652
 30
0.0
 10
688.814392731284
 20
-624.9950142945445
 30
0.0
 10
687.7251292820838
 20
-621.072569081759
 30
0.0
 10
686.6601408592478
 20
-618.0831964727649
 30
0.0
 10
681.7228642150467
 20
-620.5298022762017
 30
0.0
 10
678.6701769728234
 20
-622.0425357796103
 30
0.0
 10
677.0901602524618
 20
-620.941386478421
 30
0.0
 10
676.1884175990745
 20
-617.5967001850086
 30
0.0
 10
673.8583609279203
 20
-608.9542856681819
 30
0.0
 10
671.3111692257635
 20
-600.3647159433749
 30
0.0
 10
668.602893377165
 20
-591.8326703142548
 30
0.0
 10
667.496142397843
 20
-588.3460379383932
 30
0.0
 10
668.2025175639037
 20
-586.7059041787252
 30
0.0
 10
671.8948506699762
 20
-585.7434805616149
 30
0.0
 10
686.9371312312987
 20
-581.822591514484
 30
0.0
 10
701.9454743114193
 20
-577.7618096590322
 30
0.0
 10
716.8947186185424
 20
-573.5013847181472
 30
0.0
 10
720.3507214813171
 20
-572.5164615392823
 30
0.0
 10
722.108034520671
 20
-572.9462766544129
 30
0.0
 10
722.9918357031047
 20
-576.6362804292548
 30
0.0
 10
725.0774128122248
 20
-585.3441511639267
 30
0.0
 10
727.3719756336122
 20
-594.0024083116532
 30
0.0
 10
729.6264187319994
 20
-602.6691811436558
 30
0.0
 10
730.2839412181129
 20
-605.1969561153683
 30
0.0
 10
729.6041107825722
 20
-607.0564119719766
 30
0.0
 10
726.9071834547567
 20
-607.3074409441278
 30
0.0
 10
720.109224959032
 20
-607.9401735765878
 30
0.0
 10
721.4885565994718
 20
-612.0019388422816
 30
0.0
 10
722.615194510453
 20
-616.4280197784337
 30
0.0
 10
728.8899105412283
 20
-641.0795749201789
 30
0.0
 10
735.4976029799227
 20
-665.6604001715832
 30
0.0
 10
741.0645604059127
 20
-690.4733318530471
 30
0.0
 10
744.9945207290893
 20
-707.9900511826418
 30
0.0
 10
746.5642913564025
 20
-725.8497537451822
 30
0.0
 10
742.7750959234081
 20
-743.7643759872844
 30
0.0
 10
735.5428673656797
 20
-777.9574851930101
 30
0.0
 10
698.6285718891131
 20
-782.4811074569297
 30
0.0
 10
678.2004562935144
 20
-768.1185630018308
 30
0.0
 10
663.5334767185786
 20
-757.8065448382522
 30
0.0
 10
654.4733797465624
 20
-743.3204365074971
 30
0.0
 10
647.0765003644292
 20
-727.6911732095859
 30
0.0
 10
634.9660290868078
 20
-702.1023632688557
 30
0.0
 10
627.2927645870641
 20
-674.7965406624371
 30
0.0
 10
617.4353962015648
 20
-648.3318796258363
 30
0.0
 10
615.7186568260422
 20
-643.7228303515058
 30
0.0
 10
614.4038280161158
 20
-640.3446756898147
 30
0.0
 10
608.8016577513499
 20
-643.7361225998056
 30
0.0
 10
606.3510905975836
 20
-645.2196347703666
 30
0.0
 10
604.8022660972047
 20
-643.9252075335407
 30
0.0
 10
603.9345257737095
 20
-641.5693348331279
 30
0.0
 10
600.6811102191041
 20
-632.7367439052659
 30
0.0
 10
597.5511881868597
 20
-623.8568628322364
 30
0.0
 10
594.1574400666714
 20
-615.0787809291096
 30
0.0
 10
593.0349524718622
 20
-612.1754296993513
 30
0.0
 10
594.5254347672962
 20
-611.0731997275689
 30
0.0
 10
596.6718615640493
 20
-610.3432823886396
 30
0.0
 10
613.3920587516986
 20
-604.6573556746498
 30
0.0
 10
630.1417620933862
 20
-599.0581743891953
 30
0.0
 10
646.8684225338247
 20
-593.3911377971781
 30
0.0
 10
649.8144120644474
 20
-592.3930304370733
 30
0.0
 10
651.3694836553159
 20
-593.7227415687767
 30
0.0
 10
652.2089067174256
 20
-596.3211815905925
 30
0.0
 10
654.960047550243
 20
-604.8374494290474
 30
0.0
 10
657.6528461781154
 20
-613.3725533559455
 30
0.0
 10
660.3955350649794
 20
-621.8915660977063
 30
0.0
 10
661.493596319815
 20
-625.3022813643793
 30
0.0
 10
659.7050910604767
 20
-626.7468677801653
 30
0.0
 10
656.7254018271824
 20
-627.2934385462113
 30
0.0
 10
653.6135077308118
 20
-627.8642703670794
 30
0.0
 10
651.9788451808445
 20
-629.3204847984498
 30
0.0
 10
653.1484777734258
 20
-632.6652251253927
 30
0.0
 10
662.2356382654825
 20
-658.6512139293336
 30
0.0
 10
668.8239409458092
 20
-685.492153659864
 30
0.0
 10
679.8242891122181
 20
-710.8192467962754
 30
0.0
 10
681.6953251379446
 20
-715.1271239829202
 30
0.0
 10
684.0750775220185
 20
-719.1420962119146
 30
0.0
 10
687.1472409875296
 20
-722.8338182530006
 30
0.0
 10
691.1526851860926
 20
-727.6470818493744
 30
0.0
 10
695.4323961117188
 20
-730.3277717100573
 30
0.0
 10
701.85261098706
 20
-727.9887034373742
 30
0.0
 10
708.1543256891855
 20
-725.6928403750153
 30
0.0
 10
710.2486789877139
 20
-720.9028976500485
 30
0.0
 10
710.308447863843
 20
-714.7266490744005
 30
0.0
 10
710.3198396170874
 20
-713.5478535910715
 30
0.0
 10
710.3100690810979
 20
-712.3688635870385
 30
0.0
 10
710.3100690810979
 20
-711.1899600366505
 30
0.0
  0
HATCH
  5
5A
330
53
100
AcDbEntity
  8
katman 1
 62
   201
420
 14581759
100
AcDbHatch
 10
0.0
 20
0.0
 30
0.0
210
0.0
220
0.0
230
1.0
  2
SOLID
 70
     1
 71
     0
 91
        1
 92
        1
 93
        1
 72
     4
 94
        3
 73
     0
 74
     1
 95
       95
 96
       91
 40
0.0
 40
0.0
 40
0.0
 40
0.0
 40
1.0
 40
1.0
 40
1.0
 40
2.0
 40
2.0
 40
2.0
 40
3.0
 40
3.0
 40
3.0
 40
4.0
 40
4.0
 40
4.0
 40
5.0
 40
5.0
 40
5.0
 40
6.0
 40
6.0
 40
6.0
 40
7.0
 40
7.0
 40
7.0
 40
8.0
 40
8.0
 40
8.0
 40
9.0
 40
9.0
 40
9.0
 40
10.0
 40
10.0
 40
10.0
 40
11.0
 40
11.0
 40
11.0
 40
12.0
 40
12.0
 40
12.0
 40
13.0
 40
13.0
 40
13.0
 40
14.0
 40
14.0
 40
14.0
 40
15.0
 40
15.0
 40
15.0
 40
16.0
 40
16.0
 40
16.0
 40
17.0
 40
17.0
 40
17.0
 40
18.0
 40
18.0
 40
18.0
 40
19.0
 40
19.0
 40
19.0
 40
20.0
 40
20.0
 40
20.0
 40
21.0
 40
21.0
 40
21.0
 40
22.0
 40
22.0
 40
22.0
 40
23.0
 40
23.0
 40
23.0
 40
24.0
 40
24.0
 40
24.0
 40
25.0
 40
25.0
 40
25.0
 40
26.0
 40
26.0
 40
26.0
 40
27.0
 40
27.0
 40
27.0
 40
28.0
 40
28.0
 40
28.0
 40
29.0
 40
29.0
 40
29.0
 40
30.0
 40
30.0
 40
30.0
 40
30.0
 10
710.3100690810979
 20
-711.1899600366505
 10
709.6534112441868
 20
-694.9889355411606
 10
704.226505372787
 20
-679.8092744369469
 10
700.0974811869428
 20
-664.3685449307686
 10
696.5711391115365
 20
-651.1814891069807
 10
692.4673626824087
 20
-638.1497148407652
 10
688.814392731284
 20
-624.9950142945445
 10
687.7251292820838
 20
-621.072569081759
 10
686.6601408592478
 20
-618.0831964727649
 10
681.7228642150467
 20
-620.5298022762017
 10
678.6701769728234
 20
-622.0425357796103
 10
677.0901602524618
 20
-620.941386478421
 10
676.1884175990745
 20
-617.5967001850086
 10
673.8583609279203
 20
-608.9542856681819
 10
671.3111692257635
 20
-600.3647159433749
 10
668.602893377165
 20
-591.8326703142548
 10
667.496142397843
 20
-588.3460379383932
 10
668.2025175639037
 20
-586.7059041787252
 10
671.8948506699762
 20
-585.7434805616149
 10
686.9371312312987
 20
-581.822591514484
 10
701.9454743114193
 20
-577.7618096590322
 10
716.8947186185424
 20
-573.5013847181472
 10
720.3507214813171
 20
-572.5164615392823
 10
722.108034520671
 20
-572.9462766544129
 10
722.9918357031047
 20
-576.6362804292548
 10
725.0774128122248
 20
-585.3441511639267
 10
727.3719756336122
 20
-594.0024083116532
 10
729.6264187319994
 20
-602.6691811436558
 10
730.2839412181129
 20
-605.1969561153683
 10
729.6041107825722
 20
-607.0564119719766
 10
726.9071834547567
 20
-607.3074409441278
 10
720.109224959032
 20
-607.9401735765878
 10
721.4885565994718
 20
-612.0019388422816
 10
722.615194510453
 20
-616.4280197784337
 10
728.8899105412283
 20
-641.0795749201789
 10
735.4976029799227
 20
-665.6604001715832
 10
741.0645604059127
 20
-690.4733318530471
 10
744.9945207290893
 20
-707.9900511826418
 10
746.5642913564025
 20
-725.8497537451822
 10
742.7750959234081
 20
-743.7643759872844
 10
735.5428673656797
 20
-777.9574851930101
 10
698.6285718891131
 20
-782.4811074569297
 10
678.2004562935144
 20
-768.1185630018308
 10
663.5334767185786
 20
-757.8065448382522
 10
654.4733797465624
 20
-743.3204365074971
 10
647.0765003644292
 20
-727.6911732095859
 10
634.9660290868078
 20
-702.1023632688557
 10
627.2927645870641
 20
-674.7965406624371
 10
617.4353962015648
 20
-648.3318796258363
 10
615.7186568260422
 20
-643.7228303515058
 10
614.4038280161158
 20
-640.3446756898147
 10
608.8016577513499
 20
-643.7361225998056
 10
606.3510905975836
 20
-645.2196347703666
 10
604.8022660972047
 20
-643.9252075335407
 10
603.9345257737095
 20
-641.5693348331279
 10
600.6811102191041
 20
-632.7367439052659
 10
597.5511881868597
 20
-623.8568628322364
 10
594.1574400666714
 20
-615.0787809291096
 10
593.0349524718622
 20
-612.1754296993513
 10
594.5254347672962
 20
-611.0731997275689
 10
596.6718615640493
 20
-610.3432823886396
 10
613.3920587516986
 20
-604.6573556746498
 10
630.1417620933862
 20
-599.0581743891953
 10
646.8684225338247
 20
-593.3911377971781
 10
649.8144120644474
 20
-592.3930304370733
 10
651.3694836553159
 20
-593.7227415687767
 10
652.2089067174256
 20
-596.3211815905925
 10
654.960047550243
 20
-604.8374494290474
 10
657.6528461781154
 20
-613.3725533559455
 10
660.3955350649794
 20
-621.8915660977063
 10
661.493596319815
 20
-625.3022813643793
 10
659.7050910604767
 20
-626.7468677801653
 10
656.7254018271824
 20
-627.2934385462113
 10
653.6135077308118
 20
-627.8642703670794
 10
651.9788451808445
 20
-629.3204847984498
 10
653.1484777734258
 20
-632.6652251253927
 10
662.2356382654825
 20
-658.6512139293336
 10
668.8239409458092
 20
-685.492153659864
 10
679.8242891122181
 20
-710.8192467962754
 10
681.6953251379446
 20
-715.1271239829202
 10
684.0750775220185
 20
-719.1420962119146
 10
687.1472409875296
 20
-722.8338182530006
 10
691.1526851860926
 20
-727.6470818493744
 10
695.4323961117188
 20
-730.3277717100573
 10
701.85261098706
 20
-727.9887034373742
 10
708.1543256891855
 20
-725.6928403750153
 10
710.2486789877139
 20
-720.9028976500485
 10
710.308447863843
 20
-714.7266490744005
 10
710.3198396170874
 20
-713.5478535910715
 10
710.3100690810979
 20
-712.3688635870385
 10
710.3100690810979
 20
-711.1899600366505
 97
        0
 97
        0
 75
     2
 76
     1
 98
        0
  0
SPLINE
  5
5B
330
53
100
AcDbEntity
  8
katman 1
370
     0
100
AcDbSpline
210
0.0
220
0.0
230
1.0
 70
    11
 71
     3
 72
   101
 73
    97
 74
     0
 42
0.0000000001
 43
0.0000000001
 12
1.0
 22
0.0
 32
0.0
 13
1.0
 23
0.0
 33
0.0
 40
0.0
 40
0.0
 40
0.0
 40
0.0
 40
1.0
 40
1.0
 40
1.0
 40
2.0
 40
2.0
 40
2.0
 40
3.0
 40
3.0
 40
3.0
 40
4.0
 40
4.0
 40
4.0
 40
5.0
 40
5.0
 40
5.0
 40
6.0
 40
6.0
 40
6.0
 40
7.0
 40
7.0
 40
7.0
 40
8.0
 40
8.0
 40
8.0
 40
9.0
 40
9.0
 40
9.0
 40
10.0
 40
10.0
 40
10.0
 40
11.0
 40
11.0
 40
11.0
 40
12.0
 40
12.0
 40
12.0
 40
13.0
 40
13.0
 40
13.0
 40
14.0
 40
14.0
 40
14.0
 40
15.0
 40
15.0
 40
15.0
 40
16.0
 40
16.0
 40
16.0
 40
17.0
 40
17.0
 40
17.0
 40
18.0
 40
18.0
 40
18.0
 40
19.0
 40
19.0
 40
19.0
 40
20.0
 40
20.0
 40
20.0
 40
21.0
 40
21.0
 40
21.0
 40
22.0
 40
22.0
 40
22.0
 40
23.0
 40
23.0
 40
23.0
 40
24.0
 40
24.0
 40
24.0
 40
25.0
 40
25.0
 40
25.0
 40
26.0
 40
26.0
 40
26.0
 40
27.0
 40
27.0
 40
27.0
 40
28.0
 40
28.0
 40
28.0
 40
29.0
 40
29.0
 40
29.0
 40
30.0
 40
30.0
 40
30.0
 40
31.0
 40
31.0
 40
31.0
 40
32.0
 40
32.0
 40
32.0
 40
32.0
 10
993.7422938541768
 20
-582.0941856480295
 30
0.0
 10
993.7422938541768
 20
-587.5175850547548
 30
0.0
 10
993.3407507644915
 20
-592.9791321334278
 30
0.0
 10
993.8514990484655
 20
-598.3540094305081
 30
0.0
 10
994.3983464366465
 20
-604.1083858198863
 30
0.0
 10
991.9913359864622
 20
-606.0440721801551
 30
0.0
 10
986.6786718909534
 20
-605.6769251527394
 30
0.0
 10
984.8000053360138
 20
-605.547082580938
 30
0.0
 10
982.9028352881396
 20
-605.6440511532874
 30
0.0
 10
981.0153060788743
 20
-605.6886612353846
 30
0.0
 10
967.0776797225571
 20
-606.018114472502
 30
0.0
 10
967.0970046322363
 20
-606.0214645513415
 30
0.0
 10
966.5686175045303
 20
-591.80716648825
 30
0.0
 10
966.428674031089
 20
-588.0421749809302
 30
0.0
 10
966.0698446120114
 20
-584.2855262505891
 30
0.0
 10
965.9172340277546
 20
-580.5207616840935
 30
0.0
 10
965.5852519664186
 20
-572.3286950236716
 30
0.0
 10
960.9308020763856
 20
-569.5632805884625
 30
0.0
 10
953.3133290664409
 20
-572.8583316815184
 30
0.0
 10
950.1666544558957
 20
-574.2194687140782
 30
0.0
 10
951.1552511216832
 20
-576.551717955319
 30
0.0
 10
951.3009877447803
 20
-578.8100925547897
 30
0.0
 10
953.3646027641553
 20
-610.7917282648013
 30
0.0
 10
955.4255373710002
 20
-642.7735476888138
 30
0.0
 10
957.4783875078047
 20
-674.7558642212998
 30
0.0
 10
957.5990925364858
 20
-676.6363391209497
 30
0.0
 10
957.7721953068467
 20
-678.5263455352342
 30
0.0
 10
957.7019425591334
 20
-680.403729716988
 30
0.0
 10
957.483402473179
 20
-686.2442787794889
 30
0.0
 10
958.970382939342
 20
-690.1737483511306
 30
0.0
 10
966.0204299100842
 20
-688.2391750815732
 30
0.0
 10
970.9456446979093
 20
-686.8877316642374
 30
0.0
 10
972.2158576089805
 20
-689.5507201405999
 30
0.0
 10
972.382518742781
 20
-693.7824316638171
 30
0.0
 10
972.7165327297444
 20
-702.2617405679748
 30
0.0
 10
973.086991680595
 20
-710.7428001584949
 30
0.0
 10
973.6670415981571
 20
-719.2077577571727
 30
0.0
 10
973.9136395507358
 20
-722.8060882455729
 30
0.0
 10
972.7467954518343
 20
-724.2326166557432
 30
0.0
 10
969.0243509372813
 20
-724.4866174720255
 30
0.0
 10
952.5656236684972
 20
-725.6096287393202
 30
0.0
 10
936.113856825792
 20
-726.8721978070516
 30
0.0
 10
919.6844843974377
 20
-728.3596976521021
 30
0.0
 10
915.6282852906825
 20
-728.72697435999
 30
0.0
 10
913.735741116041
 20
-728.149550448501
 30
0.0
 10
913.439598764151
 20
-723.5078108887192
 30
0.0
 10
912.9298880592214
 20
-715.5196019290461
 30
0.0
 10
911.8777829095052
 20
-707.5450310322612
 30
0.0
 10
910.6229175217777
 20
-699.6329661226009
 30
0.0
 10
909.8351788657528
 20
-694.666074394665
 30
0.0
 10
910.7528310644666
 20
-691.9236998565057
 30
0.0
 10
916.4472810153802
 20
-692.2036583804438
 30
0.0
 10
922.1420768259741
 20
-692.483616904381
 30
0.0
 10
923.6768723930418
 20
-689.929300662895
 30
0.0
 10
923.055751638356
 20
-684.0583415298952
 30
0.0
 10
919.5090470742307
 20
-650.5333136917397
 30
0.0
 10
916.4353056239233
 20
-616.9582832252254
 30
0.0
 10
913.1959838513212
 20
-583.4007163955011
 30
0.0
 10
912.8173539655036
 20
-579.4787358710719
 30
0.0
 10
913.3888006234993
 20
-574.9190948562746
 30
0.0
 10
906.783702132414
 20
-576.3410952566564
 30
0.0
 10
902.0759466190411
 20
-577.3546237861283
 30
0.0
 10
896.5897474285739
 20
-576.4141053619496
 30
0.0
 10
898.1937149318492
 20
-584.534491141907
 30
0.0
 10
899.6494383293375
 20
-591.9040053801282
 30
0.0
 10
899.8004925450314
 20
-599.5259534622728
 30
0.0
 10
900.6529501938712
 20
-607.0222627812236
 30
0.0
 10
901.0145897228558
 20
-610.2021251957249
 30
0.0
 10
900.0923548833671
 20
-612.0605652219756
 30
0.0
 10
896.6297806866532
 20
-612.0580580661981
 30
0.0
 10
896.1626107224911
 20
-612.0577230583149
 30
0.0
 10
895.6940140871448
 20
-612.175408085941
 30
0.0
 10
895.2284004915473
 20
-612.2523734456063
 30
0.0
 10
874.9448110101621
 20
-615.6044731392903
 30
0.0
 10
874.9278206533309
 20
-615.6069262615374
 30
0.0
 10
872.255406130409
 20
-595.4562344610131
 30
0.0
 10
870.2709065130712
 20
-580.4927831224286
 30
0.0
 10
868.4690208073225
 20
-565.5034713365449
 30
0.0
 10
866.3008696993556
 20
-550.5670313594437
 30
0.0
 10
865.6660442548091
 20
-546.1938276354258
 30
0.0
 10
867.1194330994531
 20
-544.6935866840786
 30
0.0
 10
871.3059780734984
 20
-544.206323120201
 30
0.0
 10
903.4001568728163
 20
-540.4709473904923
 30
0.0
 10
935.5265006224708
 20
-537.1769499512666
 30
0.0
 10
967.8354150512514
 20
-535.9576077072707
 30
0.0
 10
973.9518570454929
 20
-535.7267764685112
 30
0.0
 10
980.078718062623
 20
-535.4478445816385
 30
0.0
 10
986.1640326855686
 20
-534.8297982625418
 30
0.0
 10
990.1201486471236
 20
-534.427999532546
 30
0.0
 10
991.8152501763525
 20
-535.6277276052697
 30
0.0
 10
991.7831716909368
 20
-539.7343515072962
 30
0.0
 10
991.672799220225
 20
-553.8544042879339
 30
0.0
 10
991.7407174150885
 20
-567.9758511336349
 30
0.0
 10
991.7407174150885
 20
-582.0967576440416
 30
0.0
 10
992.4079239722723
 20
-582.0959039142717
 30
0.0
 10
993.0750872969929
 20
-582.0950501845045
 30
0.0
 10
993.7422938541768
 20
-582.0941856480295
 30
0.0
  0
HATCH
  5
5C
330
53
100
AcDbEntity
  8
katman 1
 62
   201
420
 14581759
100
AcDbHatch
 10
0.0
 20
0.0
 30
0.0
210
0.0
220
0.0
230
1.0
  2
SOLID
 70
     1
 71
     0
 91
        1
 92
        1
 93
        1
 72
     4
 94
        3
 73
     0
 74
     1
 95
      101
 96
       97
 40
0.0
 40
0.0
 40
0.0
 40
0.0
 40
1.0
 40
1.0
 40
1.0
 40
2.0
 40
2.0
 40
2.0
 40
3.0
 40
3.0
 40
3.0
 40
4.0
 40
4.0
 40
4.0
 40
5.0
 40
5.0
 40
5.0
 40
6.0
 40
6.0
 40
6.0
 40
7.0
 40
7.0
 40
7.0
 40
8.0
 40
8.0
 40
8.0
 40
9.0
 40
9.0
 40
9.0
 40
10.0
 40
10.0
 40
10.0
 40
11.0
 40
11.0
 40
11.0
 40
12.0
 40
12.0
 40
12.0
 40
13.0
 40
13.0
 40
13.0
 40
14.0
 40
14.0
 40
14.0
 40
15.0
 40
15.0
 40
15.0
 40
16.0
 40
16.0
 40
16.0
 40
17.0
 40
17.0
 40
17.0
 40
18.0
 40
18.0
 40
18.0
 40
19.0
 40
19.0
 40
19.0
 40
20.0
 40
20.0
 40
20.0
 40
21.0
 40
21.0
 40
21.0
 40
22.0
 40
22.0
 40
22.0
 40
23.0
 40
23.0
 40
23.0
 40
24.0
 40
24.0
 40
24.0
 40
25.0
 40
25.0
 40
25.0
 40
26.0
 40
26.0
 40
26.0
 40
27.0
 40
27.0
 40
27.0
 40
28.0
 40
28.0
 40
28.0
 40
29.0
 40
29.0
 40
29.0
 40
30.0
 40
30.0
 40
30.0
 40
31.0
 40
31.0
 40
31.0
 40
32.0
 40
32.0
 40
32.0
 40
32.0
 10
993.7422938541768
 20
-582.0941856480295
 10
993.7422938541768
 20
-587.5175850547548
 10
993.3407507644915
 20
-592.9791321334278
 10
993.8514990484655
 20
-598.3540094305081
 10
994.3983464366465
 20
-604.1083858198863
 10
991.9913359864622
 20
-606.0440721801551
 10
986.6786718909534
 20
-605.6769251527394
 10
984.8000053360138
 20
-605.547082580938
 10
982.9028352881396
 20
-605.6440511532874
 10
981.0153060788743
 20
-605.6886612353846
 10
967.0776797225571
 20
-606.018114472502
 10
967.0970046322363
 20
-606.0214645513415
 10
966.5686175045303
 20
-591.80716648825
 10
966.428674031089
 20
-588.0421749809302
 10
966.0698446120114
 20
-584.2855262505891
 10
965.9172340277546
 20
-580.5207616840935
 10
965.5852519664186
 20
-572.3286950236716
 10
960.9308020763856
 20
-569.5632805884625
 10
953.3133290664409
 20
-572.8583316815184
 10
950.1666544558957
 20
-574.2194687140782
 10
951.1552511216832
 20
-576.551717955319
 10
951.3009877447803
 20
-578.8100925547897
 10
953.3646027641553
 20
-610.7917282648013
 10
955.4255373710002
 20
-642.7735476888138
 10
957.4783875078047
 20
-674.7558642212998
 10
957.5990925364858
 20
-676.6363391209497
 10
957.7721953068467
 20
-678.5263455352342
 10
957.7019425591334
 20
-680.403729716988
 10
957.483402473179
 20
-686.2442787794889
 10
958.970382939342
 20
-690.1737483511306
 10
966.0204299100842
 20
-688.2391750815732
 10
970.9456446979093
 20
-686.8877316642374
 10
972.2158576089805
 20
-689.5507201405999
 10
972.382518742781
 20
-693.7824316638171
 10
972.7165327297444
 20
-702.2617405679748
 10
973.086991680595
 20
-710.7428001584949
 10
973.6670415981571
 20
-719.2077577571727
 10
973.9136395507358
 20
-722.8060882455729
 10
972.7467954518343
 20
-724.2326166557432
 10
969.0243509372813
 20
-724.4866174720255
 10
952.5656236684972
 20
-725.6096287393202
 10
936.113856825792
 20
-726.8721978070516
 10
919.6844843974377
 20
-728.3596976521021
 10
915.6282852906825
 20
-728.72697435999
 10
913.735741116041
 20
-728.149550448501
 10
913.439598764151
 20
-723.5078108887192
 10
912.9298880592214
 20
-715.5196019290461
 10
911.8777829095052
 20
-707.5450310322612
 10
910.6229175217777
 20
-699.6329661226009
 10
909.8351788657528
 20
-694.666074394665
 10
910.7528310644666
 20
-691.9236998565057
 10
916.4472810153802
 20
-692.2036583804438
 10
922.1420768259741
 20
-692.483616904381
 10
923.6768723930418
 20
-689.929300662895
 10
923.055751638356
 20
-684.0583415298952
 10
919.5090470742307
 20
-650.5333136917397
 10
916.4353056239233
 20
-616.9582832252254
 10
913.1959838513212
 20
-583.4007163955011
 10
912.8173539655036
 20
-579.4787358710719
 10
913.3888006234993
 20
-574.9190948562746
 10
906.783702132414
 20
-576.3410952566564
 10
902.0759466190411
 20
-577.3546237861283
 10
896.5897474285739
 20
-576.4141053619496
 10
898.1937149318492
 20
-584.534491141907
 10
899.6494383293375
 20
-591.9040053801282
 10
899.8004925450314
 20
-599.5259534622728
 10
900.6529501938712
 20
-607.0222627812236
 10
901.0145897228558
 20
-610.2021251957249
 10
900.0923548833671
 20
-612.0605652219756
 10
896.6297806866532
 20
-612.0580580661981
 10
896.1626107224911
 20
-612.0577230583149
 10
895.6940140871448
 20
-612.175408085941
 10
895.2284004915473
 20
-612.2523734456063
 10
874.9448110101621
 20
-615.6044731392903
 10
874.9278206533309
 20
-615.6069262615374
 10
872.255406130409
 20
-595.4562344610131
 10
870.2709065130712
 20
-580.4927831224286
 10
868.4690208073225
 20
-565.5034713365449
 10
866.3008696993556
 20
-550.5670313594437
 10
865.6660442548091
 20
-546.1938276354258
 10
867.1194330994531
 20
-544.6935866840786
 10
871.3059780734984
 20
-544.206323120201
 10
903.4001568728163
 20
-540.4709473904923
 10
935.5265006224708
 20
-537.1769499512666
 10
967.8354150512514
 20
-535.9576077072707
 10
973.9518570454929
 20
-535.7267764685112
 10
980.078718062623
 20
-535.4478445816385
 10
986.1640326855686
 20
-534.8297982625418
 10
990.1201486471236
 20
-534.427999532546
 10
991.8152501763525
 20
-535.6277276052697
 10
991.7831716909368
 20
-539.7343515072962
 10
991.672799220225
 20
-553.8544042879339
 10
991.7407174150885
 20
-567.9758511336349
 10
991.7407174150885
 20
-582.0967576440416
 10
992.4079239722723
 20
-582.0959039142717
 10
993.0750872969929
 20
-582.0950501845045
 10
993.7422938541768
 20
-582.0941856480295
 97
        0
 97
        0
 75
     2
 76
     1
 98
        0
  0
SPLINE
  5
5D
330
53
100
AcDbEntity
  8
katman 1
370
     0
100
AcDbSpline
210
0.0
220
0.0
230
1.0
 70
    11
 71
     3
 72
    86
 73
    82
 74
     0
 42
0.0000000001
 43
0.0000000001
 12
1.0
 22
0.0
 32
0.0
 13
1.0
 23
0.0
 33
0.0
 40
0.0
 40
0.0
 40
0.0
 40
0.0
 40
1.0
 40
1.0
 40
1.0
 40
2.0
 40
2.0
 40
2.0
 40
3.0
 40
3.0
 40
3.0
 40
4.0
 40
4.0
 40
4.0
 40
5.0
 40
5.0
 40
5.0
 40
6.0
 40
6.0
 40
6.0
 40
7.0
 40
7.0
 40
7.0
 40
8.0
 40
8.0
 40
8.0
 40
9.0
 40
9.0
 40
9.0
 40
10.0
 40
10.0
 40
10.0
 40
11.0
 40
11.0
 40
11.0
 40
12.0
 40
12.0
 40
12.0
 40
13.0
 40
13.0
 40
13.0
 40
14.0
 40
14.0
 40
14.0
 40
15.0
 40
15.0
 40
15.0
 40
16.0
 40
16.0
 40
16.0
 40
17.0
 40
17.0
 40
17.0
 40
18.0
 40
18.0
 40
18.0
 40
19.0
 40
19.0
 40
19.0
 40
20.0
 40
20.0
 40
20.0
 40
21.0
 40
21.0
 40
21.0
 40
22.0
 40
22.0
 40
22.0
 40
23.0
 40
23.0
 40
23.0
 40
24.0
 40
24.0
 40
24.0
 40
25.0
 40
25.0
 40
25.0
 40
26.0
 40
26.0
 40
26.0
 40
27.0
 40
27.0
 40
27.0
 40
27.0
 10
1441.204654601404
 20
-628.5176870346977
 30
0.0
 10
1443.566357433378
 20
-622.1458911151685
 30
0.0
 10
1446.157538163712
 20
-615.8465325455154
 30
0.0
 10
1448.200444834685
 20
-609.3741370004409
 30
0.0
 10
1449.35821011696
 20
-605.7062761660582
 30
0.0
 10
1451.2315590793
 20
-605.0269558243135
 30
0.0
 10
1454.503564591767
 20
-606.2456928927741
 30
0.0
 10
1470.38310659219
 20
-612.1606353189281
 30
0.0
 10
1486.282016734756
 20
-618.0236299096541
 30
0.0
 10
1502.152220523792
 20
-623.9634493728681
 30
0.0
 10
1504.973052082338
 20
-625.0191997024267
 30
0.0
 10
1507.093604251704
 20
-626.2994269276551
 30
0.0
 10
1505.391109971795
 20
-630.1959900797292
 30
0.0
 10
1501.812759246854
 20
-638.3859170123751
 30
0.0
 10
1498.624278847361
 20
-646.748308165028
 30
0.0
 10
1495.370517433075
 20
-655.0769175549312
 30
0.0
 10
1494.124817326894
 20
-658.2656090481805
 30
0.0
 10
1492.514667581823
 20
-659.8020848845263
 30
0.0
 10
1489.072499106289
 20
-657.6689275867166
 30
0.0
 10
1485.291993397781
 20
-655.3262282608375
 30
0.0
 10
1483.711760515118
 20
-657.5537497148671
 30
0.0
 10
1482.408042447447
 20
-660.9011268780587
 30
0.0
 10
1469.59074206293
 20
-693.8107020065409
 30
0.0
 10
1456.69752547843
 20
-726.6906883741767
 30
0.0
 10
1443.820823693701
 20
-759.5771371519613
 30
0.0
 10
1443.563849950689
 20
-760.2335580838298
 30
0.0
 10
1442.827601154677
 20
-761.0522092851861
 30
0.0
 10
1443.018861558294
 20
-761.481732619257
 30
0.0
 10
1445.914744667625
 20
-767.9842356470645
 30
0.0
 10
1453.106377945291
 20
-767.007244590357
 30
0.0
 10
1458.060126156801
 20
-769.9784619333814
 30
0.0
 10
1460.770282617414
 20
-771.6039634132148
 30
0.0
 10
1462.276328598498
 20
-770.3398381798297
 30
0.0
 10
1463.349358258918
 20
-767.6475635303832
 30
0.0
 10
1466.403731567087
 20
-759.9843554449817
 30
0.0
 10
1469.730209979312
 20
-752.4283714958619
 30
0.0
 10
1472.713682052867
 20
-744.7387085943319
 30
0.0
 10
1474.121590349454
 20
-741.1098815817841
 30
0.0
 10
1475.875012467395
 20
-740.1830768674354
 30
0.0
 10
1479.5547865438
 20
-741.9785462182062
 30
0.0
 10
1485.469678808917
 20
-744.8646067184691
 30
0.0
 10
1491.558624958516
 20
-747.4193120013688
 30
0.0
 10
1497.680773637487
 20
-749.8450284422343
 30
0.0
 10
1500.970677388443
 20
-751.1485765388697
 30
0.0
 10
1502.002117422224
 20
-752.497837001607
 30
0.0
 10
1500.352539673508
 20
-756.135633580081
 30
0.0
 10
1491.99631038487
 20
-774.5644821173646
 30
0.0
 10
1483.874314565208
 20
-793.1003818836361
 30
0.0
 10
1475.790536240302
 20
-811.6511516772734
 30
0.0
 10
1474.222667841237
 20
-815.2491579644957
 30
0.0
 10
1472.414081104169
 20
-815.8931511845403
 30
0.0
 10
1468.741051291543
 20
-814.2379312633875
 30
0.0
 10
1444.257644470852
 20
-803.2051274273927
 30
0.0
 10
1419.170971901505
 20
-793.6607528131608
 30
0.0
 10
1393.854734968872
 20
-784.7406599873484
 30
0.0
 10
1389.488948215128
 20
-783.2023686244065
 30
0.0
 10
1388.40666680824
 20
-781.5326893307129
 30
0.0
 10
1390.172280479943
 20
-777.1119469072892
 30
0.0
 10
1393.227518437312
 20
-769.4623552713647
 30
0.0
 10
1395.764658592489
 20
-761.5975588934625
 30
0.0
 10
1398.295746203246
 20
-753.751025848589
 30
0.0
 10
1399.361685740207
 20
-750.4464432408986
 30
0.0
 10
1400.386295045282
 20
-747.9444746829577
 30
0.0
 10
1404.565058176508
 20
-749.9213670129557
 30
0.0
 10
1407.686268868034
 20
-751.3979304716013
 30
0.0
 10
1409.411676351814
 20
-749.7543169526216
 30
0.0
 10
1410.410951435253
 20
-746.9073983412545
 30
0.0
 10
1420.775587891683
 20
-717.3776204937658
 30
0.0
 10
1431.139446163832
 20
-687.847604898745
 30
0.0
 10
1441.503650295665
 20
-658.317675757372
 30
0.0
 10
1442.805466135089
 20
-654.884093500943
 30
0.0
 10
1443.789782787324
 20
-651.2831477897071
 30
0.0
 10
1445.489337259945
 20
-648.0591615948742
 30
0.0
 10
1447.629862825892
 20
-643.998552646718
 30
0.0
 10
1447.243451097253
 20
-641.6651578946485
 30
0.0
 10
1442.396487062266
 20
-640.5890909579339
 30
0.0
 10
1438.566955743971
 20
-639.7389382087786
 30
0.0
 10
1437.717005577817
 20
-637.3046952769273
 30
0.0
 10
1439.453394106469
 20
-633.7621706179734
 30
0.0
 10
1440.257431399961
 20
-632.121982824774
 30
0.0
 10
1440.634159057536
 20
-630.2723718772731
 30
0.0
 10
1441.204654601404
 20
-628.5176870346977
 30
0.0
  0
HATCH
  5
5E
330
53
100
AcDbEntity
  8
katman 1
 62
   230
420
 16711799
100
AcDbHatch
 10
0.0
 20
0.0
 30
0.0
210
0.0
220
0.0
230
1.0
  2
SOLID
 70
     1
 71
     0
 91
        1
 92
        1
 93
        1
 72
     4
 94
        3
 73
     0
 74
     1
 95
       86
 96
       82
 40
0.0
 40
0.0
 40
0.0
 40
0.0
 40
1.0
 40
1.0
 40
1.0
 40
2.0
 40
2.0
 40
2.0
 40
3.0
 40
3.0
 40
3.0
 40
4.0
 40
4.0
 40
4.0
 40
5.0
 40
5.0
 40
5.0
 40
6.0
 40
6.0
 40
6.0
 40
7.0
 40
7.0
 40
7.0
 40
8.0
 40
8.0
 40
8.0
 40
9.0
 40
9.0
 40
9.0
 40
10.0
 40
10.0
 40
10.0
 40
11.0
 40
11.0
 40
11.0
 40
12.0
 40
12.0
 40
12.0
 40
13.0
 40
13.0
 40
13.0
 40
14.0
 40
14.0
 40
14.0
 40
15.0
 40
15.0
 40
15.0
 40
16.0
 40
16.0
 40
16.0
 40
17.0
 40
17.0
 40
17.0
 40
18.0
 40
18.0
 40
18.0
 40
19.0
 40
19.0
 40
19.0
 40
20.0
 40
20.0
 40
20.0
 40
21.0
 40
21.0
 40
21.0
 40
22.0
 40
22.0
 40
22.0
 40
23.0
 40
23.0
 40
23.0
 40
24.0
 40
24.0
 40
24.0
 40
25.0
 40
25.0
 40
25.0
 40
26.0
 40
26.0
 40
26.0
 40
27.0
 40
27.0
 40
27.0
 40
27.0
 10
1441.204654601404
 20
-628.5176870346977
 10
1443.566357433378
 20
-622.1458911151685
 10
1446.157538163712
 20
-615.8465325455154
 10
1448.200444834685
 20
-609.3741370004409
 10
1449.35821011696
 20
-605.7062761660582
 10
1451.2315590793
 20
-605.0269558243135
 10
1454.503564591767
 20
-606.2456928927741
 10
1470.38310659219
 20
-612.1606353189281
 10
1486.282016734756
 20
-618.0236299096541
 10
1502.152220523792
 20
-623.9634493728681
 10
1504.973052082338
 20
-625.0191997024267
 10
1507.093604251704
 20
-626.2994269276551
 10
1505.391109971795
 20
-630.1959900797292
 10
1501.812759246854
 20
-638.3859170123751
 10
1498.624278847361
 20
-646.748308165028
 10
1495.370517433075
 20
-655.0769175549312
 10
1494.124817326894
 20
-658.2656090481805
 10
1492.514667581823
 20
-659.8020848845263
 10
1489.072499106289
 20
-657.6689275867166
 10
1485.291993397781
 20
-655.3262282608375
 10
1483.711760515118
 20
-657.5537497148671
 10
1482.408042447447
 20
-660.9011268780587
 10
1469.59074206293
 20
-693.8107020065409
 10
1456.69752547843
 20
-726.6906883741767
 10
1443.820823693701
 20
-759.5771371519613
 10
1443.563849950689
 20
-760.2335580838298
 10
1442.827601154677
 20
-761.0522092851861
 10
1443.018861558294
 20
-761.481732619257
 10
1445.914744667625
 20
-767.9842356470645
 10
1453.106377945291
 20
-767.007244590357
 10
1458.060126156801
 20
-769.9784619333814
 10
1460.770282617414
 20
-771.6039634132148
 10
1462.276328598498
 20
-770.3398381798297
 10
1463.349358258918
 20
-767.6475635303832
 10
1466.403731567087
 20
-759.9843554449817
 10
1469.730209979312
 20
-752.4283714958619
 10
1472.713682052867
 20
-744.7387085943319
 10
1474.121590349454
 20
-741.1098815817841
 10
1475.875012467395
 20
-740.1830768674354
 10
1479.5547865438
 20
-741.9785462182062
 10
1485.469678808917
 20
-744.8646067184691
 10
1491.558624958516
 20
-747.4193120013688
 10
1497.680773637487
 20
-749.8450284422343
 10
1500.970677388443
 20
-751.1485765388697
 10
1502.002117422224
 20
-752.497837001607
 10
1500.352539673508
 20
-756.135633580081
 10
1491.99631038487
 20
-774.5644821173646
 10
1483.874314565208
 20
-793.1003818836361
 10
1475.790536240302
 20
-811.6511516772734
 10
1474.222667841237
 20
-815.2491579644957
 10
1472.414081104169
 20
-815.8931511845403
 10
1468.741051291543
 20
-814.2379312633875
 10
1444.257644470852
 20
-803.2051274273927
 10
1419.170971901505
 20
-793.6607528131608
 10
1393.854734968872
 20
-784.7406599873484
 10
1389.488948215128
 20
-783.2023686244065
 10
1388.40666680824
 20
-781.5326893307129
 10
1390.172280479943
 20
-777.1119469072892
 10
1393.227518437312
 20
-769.4623552713647
 10
1395.764658592489
 20
-761.5975588934625
 10
1398.295746203246
 20
-753.751025848589
 10
1399.361685740207
 20
-750.4464432408986
 10
1400.386295045282
 20
-747.9444746829577
 10
1404.565058176508
 20
-749.9213670129557
 10
1407.686268868034
 20
-751.3979304716013
 10
1409.411676351814
 20
-749.7543169526216
 10
1410.410951435253
 20
-746.9073983412545
 10
1420.775587891683
 20
-717.3776204937658
 10
1431.139446163832
 20
-687.847604898745
 10
1441.503650295665
 20
-658.317675757372
 10
1442.805466135089
 20
-654.884093500943
 10
1443.789782787324
 20
-651.2831477897071
 10
1445.489337259945
 20
-648.0591615948742
 10
1447.629862825892
 20
-643.998552646718
 10
1447.243451097253
 20
-641.6651578946485
 10
1442.396487062266
 20
-640.5890909579339
 10
1438.566955743971
 20
-639.7389382087786
 10
1437.717005577817
 20
-637.3046952769273
 10
1439.453394106469
 20
-633.7621706179734
 10
1440.257431399961
 20
-632.121982824774
 10
1440.634159057536
 20
-630.2723718772731
 10
1441.204654601404
 20
-628.5176870346977
 97
        0
 97
        0
 75
     2
 76
     1
 98
        0
  0
SPLINE
  5
5F
330
53
100
AcDbEntity
  8
katman 1
370
     0
100
AcDbSpline
210
0.0
220
0.0
230
1.0
 70
    11
 71
     3
 72
   128
 73
   124
 74
     0
 42
0.0000000001
 43
0.0000000001
 12
1.0
 22
0.0
 32
0.0
 13
1.0
 23
0.0
 33
0.0
 40
0.0
 40
0.0
 40
0.0
 40
0.0
 40
1.0
 40
1.0
 40
1.0
 40
2.0
 40
2.0
 40
2.0
 40
3.0
 40
3.0
 40
3.0
 40
4.0
 40
4.0
 40
4.0
 40
5.0
 40
5.0
 40
5.0
 40
6.0
 40
6.0
 40
6.0
 40
7.0
 40
7.0
 40
7.0
 40
8.0
 40
8.0
 40
8.0
 40
9.0
 40
9.0
 40
9.0
 40
10.0
 40
10.0
 40
10.0
 40
11.0
 40
11.0
 40
11.0
 40
12.0
 40
12.0
 40
12.0
 40
13.0
 40
13.0
 40
13.0
 40
14.0
 40
14.0
 40
14.0
 40
15.0
 40
15.0
 40
15.0
 40
16.0
 40
16.0
 40
16.0
 40
17.0
 40
17.0
 40
17.0
 40
18.0
 40
18.0
 40
18.0
 40
19.0
 40
19.0
 40
19.0
 40
20.0
 40
20.0
 40
20.0
 40
21.0
 40
21.0
 40
21.0
 40
22.0
 40
22.0
 40
22.0
 40
23.0
 40
23.0
 40
23.0
 40
24.0
 40
24.0
 40
24.0
 40
25.0
 40
25.0
 40
25.0
 40
26.0
 40
26.0
 40
26.0
 40
27.0
 40
27.0
 40
27.0
 40
28.0
 40
28.0
 40
28.0
 40
29.0
 40
29.0
 40
29.0
 40
30.0
 40
30.0
 40
30.0
 40
31.0
 40
31.0
 40
31.0
 40
32.0
 40
32.0
 40
32.0
 40
33.0
 40
33.0
 40
33.0
 40
34.0
 40
34.0
 40
34.0
 40
35.0
 40
35.0
 40
35.0
 40
36.0
 40
36.0
 40
36.0
 40
37.0
 40
37.0
 40
37.0
 40
38.0
 40
38.0
 40
38.0
 40
39.0
 40
39.0
 40
39.0
 40
40.0
 40
40.0
 40
40.0
 40
41.0
 40
41.0
 40
41.0
 40
41.0
 10
1397.349041791327
 20
-710.8914788187412
 30
0.0
 10
1399.999883316641
 20
-712.7067460547842
 30
0.0
 10
1399.608716017385
 20
-715.014842308261
 30
0.0
 10
1398.712161259215
 20
-717.6532995621528
 30
0.0
 10
1392.429360758399
 20
-736.1424495185511
 30
0.0
 10
1386.083527330709
 20
-754.6131200078034
 30
0.0
 10
1380.125402605465
 20
-773.2074840531795
 30
0.0
 10
1378.73150162596
 20
-777.557853207556
 30
0.0
 10
1377.015518818491
 20
-778.9582293893636
 30
0.0
 10
1372.618864088214
 20
-777.4488567715016
 30
0.0
 10
1347.658516767366
 20
-768.8799818885582
 30
0.0
 10
1322.240078298988
 20
-761.8565956347102
 30
0.0
 10
1296.638766524264
 20
-755.5133402255524
 30
0.0
 10
1291.786960453739
 20
-754.3112238708172
 30
0.0
 10
1290.847864954801
 20
-752.160991977631
 30
0.0
 10
1292.112500878513
 20
-747.5862107678195
 30
0.0
 10
1294.304559536935
 20
-739.6561418860729
 30
0.0
 10
1295.966934093845
 20
-731.5797285925619
 30
0.0
 10
1297.851523495821
 20
-723.56471900217
 30
0.0
 10
1298.438966164063
 20
-721.9742096361515
 30
0.0
 10
1299.02632236739
 20
-720.3836786567217
 30
0.0
 10
1299.613678570713
 20
-718.7931692907041
 30
0.0
 10
1306.025398267637
 20
-721.4079382451882
 30
0.0
 10
1308.90865749861
 20
-719.6866028971272
 30
0.0
 10
1310.347260841889
 20
-712.4091726001743
 30
0.0
 10
1314.417596963111
 20
-691.8183993138828
 30
0.0
 10
1321.41442477543
 20
-671.8985063319997
 30
0.0
 10
1325.051398716309
 20
-651.1772420715488
 30
0.0
 10
1326.045572369452
 20
-649.3783253815855
 30
0.0
 10
1327.404455056254
 20
-647.700670738911
 30
0.0
 10
1326.964780936734
 20
-645.4249189562979
 30
0.0
 10
1328.478176436034
 20
-638.9042714692259
 30
0.0
 10
1331.738855043941
 20
-632.7560338753592
 30
0.0
 10
1331.151325910778
 20
-625.7875889144825
 30
0.0
 10
1332.367195619467
 20
-624.5754115165228
 30
0.0
 10
1333.302227267153
 20
-623.2342993100601
 30
0.0
 10
1333.166217947586
 20
-621.4012766561664
 30
0.0
 10
1333.472476695144
 20
-620.2708736020131
 30
0.0
 10
1333.77631442494
 20
-619.1398113387968
 30
0.0
 10
1334.085253585024
 20
-618.0101323339431
 30
0.0
 10
1335.450967000525
 20
-613.0164940088162
 30
0.0
 10
1338.76049828838
 20
-607.4662130677152
 30
0.0
 10
1329.51964640056
 20
-606.3440339167773
 30
0.0
 10
1326.657311680287
 20
-605.9964470271034
 30
0.0
 10
1327.586636643238
 20
-602.9898809489669
 30
0.0
 10
1328.037205342713
 20
-601.0062776545847
 30
0.0
 10
1329.287574554586
 20
-595.5001529139308
 30
0.0
 10
1330.719606563922
 20
-590.0356339911241
 30
0.0
 10
1332.035429720432
 20
-584.5439902364233
 30
0.0
 10
1335.181455844078
 20
-571.4134750980847
 30
0.0
 10
1335.169696614921
 20
-571.4175276128099
 30
0.0
 10
1348.542447647184
 20
-574.2528398220038
 30
0.0
 10
1349.205892980335
 20
-574.3934890997407
 30
0.0
 10
1349.929172038304
 20
-574.2518456050584
 30
0.0
 10
1350.624609391953
 20
-574.2416548813617
 30
0.0
 10
1356.311407197421
 20
-575.8224814388623
 30
0.0
 10
1361.998291467815
 20
-577.4033079963638
 30
0.0
 10
1367.685089273284
 20
-578.9841345538634
 30
0.0
 10
1374.900413939098
 20
-581.1359982596468
 30
0.0
 10
1382.06351379308
 20
-583.4922275813551
 30
0.0
 10
1389.352506570964
 20
-585.3560709605717
 30
0.0
 10
1393.16699299313
 20
-586.331462624803
 30
0.0
 10
1393.567239109012
 20
-588.0228201706013
 30
0.0
 10
1392.453225076386
 20
-591.4380958671773
 30
0.0
 10
1389.824259175899
 20
-599.4977263463734
 30
0.0
 10
1387.375832028907
 20
-607.6262819960166
 30
0.0
 10
1385.196483713768
 20
-615.8179271949066
 30
0.0
 10
1384.22513679957
 20
-619.4686594003824
 30
0.0
 10
1382.86971270958
 20
-621.3167682157609
 30
0.0
 10
1378.855665251453
 20
-619.8505467746936
 30
0.0
 10
1376.090517101551
 20
-618.840454777709
 30
0.0
 10
1374.011986883434
 20
-619.0807094640422
 30
0.0
 10
1373.07090269133
 20
-622.6975734531206
 30
0.0
 10
1370.23217289429
 20
-633.6078940840525
 30
0.0
 10
1366.075631247571
 20
-644.1654622198748
 30
0.0
 10
1364.32013397154
 20
-655.3700386466962
 30
0.0
 10
1361.79094858903
 20
-658.8166645971887
 30
0.0
 10
1361.391567122351
 20
-662.8030638956952
 30
0.0
 10
1361.399348965177
 20
-666.8926456224635
 30
0.0
 10
1359.547097443372
 20
-669.4771774137416
 30
0.0
 10
1358.70250810228
 20
-672.3873584816483
 30
0.0
 10
1358.605407996829
 20
-675.5383777980105
 30
0.0
 10
1358.215278276617
 20
-675.7138570889738
 30
0.0
 10
1358.132185488248
 20
-675.9843273251008
 30
0.0
 10
1358.357167210763
 20
-676.3493778515658
 30
0.0
 10
1354.854300361207
 20
-684.2079063400279
 30
0.0
 10
1352.722940076808
 20
-692.4667584431245
 30
0.0
 10
1351.189657645846
 20
-700.9001604604719
 30
0.0
 10
1350.26500178859
 20
-703.7232394785478
 30
0.0
 10
1349.340259466417
 20
-706.5463401100369
 30
0.0
 10
1348.415603609161
 20
-709.369419128112
 30
0.0
 10
1347.085427275886
 20
-713.5919017244614
 30
0.0
 10
1346.0368671879
 20
-717.9302754352511
 30
0.0
 10
1344.35754550662
 20
-722.0090936829092
 30
0.0
 10
1341.981748892649
 20
-727.7801988530755
 30
0.0
 10
1343.307515514989
 20
-730.6185369399309
 30
0.0
 10
1349.663292408508
 20
-732.2539373624004
 30
0.0
 10
1362.445660965235
 20
-735.5430015403672
 30
0.0
 10
1362.359109580053
 20
-735.864954923567
 30
0.0
 10
1365.5128310816
 20
-722.5111732406222
 30
0.0
 10
1365.666133385221
 20
-721.8619495749062
 30
0.0
 10
1365.970057579934
 20
-721.248323198537
 30
0.0
 10
1366.203772259394
 20
-720.618119335265
 30
0.0
 10
1366.37168713454
 20
-720.5314279402573
 30
0.0
 10
1366.681318013991
 20
-720.4465304584373
 30
0.0
 10
1366.682528522873
 20
-720.3577857893042
 30
0.0
 10
1366.686851768884
 20
-720.013138323644
 30
0.0
 10
1366.593123795323
 20
-719.6672588935053
 30
0.0
 10
1366.535884018112
 20
-719.321854958428
 30
0.0
 10
1369.329997916302
 20
-716.5406843459677
 30
0.0
 10
1369.486845281652
 20
-712.620530154838
 30
0.0
 10
1370.356250054858
 20
-709.1976141171672
 30
0.0
 10
1371.478391789988
 20
-704.779054648342
 30
0.0
 10
1373.72155121628
 20
-703.6886580195587
 30
0.0
 10
1377.706546461206
 20
-704.6277823786722
 30
0.0
 10
1378.418844474301
 20
-705.6082964215148
 30
0.0
 10
1379.334248585088
 20
-706.0336051402719
 30
0.0
 10
1380.540434222708
 20
-705.6641238643733
 30
0.0
 10
1384.740986513836
 20
-706.9345169872013
 30
0.0
 10
1388.692779229383
 20
-709.1124572744029
 30
0.0
 10
1393.233138657128
 20
-709.1434941338466
 30
0.0
 10
1394.307032966752
 20
-710.4277414536828
 30
0.0
 10
1395.764485662647
 20
-710.8092830134046
 30
0.0
 10
1397.349041791327
 20
-710.8914788187412
 30
0.0
  0
HATCH
  5
60
330
53
100
AcDbEntity
  8
katman 1
 62
   230
420
 16711799
100
AcDbHatch
 10
0.0
 20
0.0
 30
0.0
210
0.0
220
0.0
230
1.0
  2
SOLID
 70
     1
 71
     0
 91
        1
 92
        1
 93
        1
 72
     4
 94
        3
 73
     0
 74
     1
 95
      128
 96
      124
 40
0.0
 40
0.0
 40
0.0
 40
0.0
 40
1.0
 40
1.0
 40
1.0
 40
2.0
 40
2.0
 40
2.0
 40
3.0
 40
3.0
 40
3.0
 40
4.0
 40
4.0
 40
4.0
 40
5.0
 40
5.0
 40
5.0
 40
6.0
 40
6.0
 40
6.0
 40
7.0
 40
7.0
 40
7.0
 40
8.0
 40
8.0
 40
8.0
 40
9.0
 40
9.0
 40
9.0
 40
10.0
 40
10.0
 40
10.0
 40
11.0
 40
11.0
 40
11.0
 40
12.0
 40
12.0
 40
12.0
 40
13.0
 40
13.0
 40
13.0
 40
14.0
 40
14.0
 40
14.0
 40
15.0
 40
15.0
 40
15.0
 40
16.0
 40
16.0
 40
16.0
 40
17.0
 40
17.0
 40
17.0
 40
18.0
 40
18.0
 40
18.0
 40
19.0
 40
19.0
 40
19.0
 40
20.0
 40
20.0
 40
20.0
 40
21.0
 40
21.0
 40
21.0
 40
22.0
 40
22.0
 40
22.0
 40
23.0
 40
23.0
 40
23.0
 40
24.0
 40
24.0
 40
24.0
 40
25.0
 40
25.0
 40
25.0
 40
26.0
 40
26.0
 40
26.0
 40
27.0
 40
27.0
 40
27.0
 40
28.0
 40
28.0
 40
28.0
 40
29.0
 40
29.0
 40
29.0
 40
30.0
 40
30.0
 40
30.0
 40
31.0
 40
31.0
 40
31.0
 40
32.0
 40
32.0
 40
32.0
 40
33.0
 40
33.0
 40
33.0
 40
34.0
 40
34.0
 40
34.0
 40
35.0
 40
35.0
 40
35.0
 40
36.0
 40
36.0
 40
36.0
 40
37.0
 40
37.0
 40
37.0
 40
38.0
 40
38.0
 40
38.0
 40
39.0
 40
39.0
 40
39.0
 40
40.0
 40
40.0
 40
40.0
 40
41.0
 40
41.0
 40
41.0
 40
41.0
 10
1397.349041791327
 20
-710.8914788187412
 10
1399.999883316641
 20
-712.7067460547842
 10
1399.608716017385
 20
-715.014842308261
 10
1398.712161259215
 20
-717.6532995621528
 10
1392.429360758399
 20
-736.1424495185511
 10
1386.083527330709
 20
-754.6131200078034
 10
1380.125402605465
 20
-773.2074840531795
 10
1378.73150162596
 20
-777.557853207556
 10
1377.015518818491
 20
-778.9582293893636
 10
1372.618864088214
 20
-777.4488567715016
 10
1347.658516767366
 20
-768.8799818885582
 10
1322.240078298988
 20
-761.8565956347102
 10
1296.638766524264
 20
-755.5133402255524
 10
1291.786960453739
 20
-754.3112238708172
 10
1290.847864954801
 20
-752.160991977631
 10
1292.112500878513
 20
-747.5862107678195
 10
1294.304559536935
 20
-739.6561418860729
 10
1295.966934093845
 20
-731.5797285925619
 10
1297.851523495821
 20
-723.56471900217
 10
1298.438966164063
 20
-721.9742096361515
 10
1299.02632236739
 20
-720.3836786567217
 10
1299.613678570713
 20
-718.7931692907041
 10
1306.025398267637
 20
-721.4079382451882
 10
1308.90865749861
 20
-719.6866028971272
 10
1310.347260841889
 20
-712.4091726001743
 10
1314.417596963111
 20
-691.8183993138828
 10
1321.41442477543
 20
-671.8985063319997
 10
1325.051398716309
 20
-651.1772420715488
 10
1326.045572369452
 20
-649.3783253815855
 10
1327.404455056254
 20
-647.700670738911
 10
1326.964780936734
 20
-645.4249189562979
 10
1328.478176436034
 20
-638.9042714692259
 10
1331.738855043941
 20
-632.7560338753592
 10
1331.151325910778
 20
-625.7875889144825
 10
1332.367195619467
 20
-624.5754115165228
 10
1333.302227267153
 20
-623.2342993100601
 10
1333.166217947586
 20
-621.4012766561664
 10
1333.472476695144
 20
-620.2708736020131
 10
1333.77631442494
 20
-619.1398113387968
 10
1334.085253585024
 20
-618.0101323339431
 10
1335.450967000525
 20
-613.0164940088162
 10
1338.76049828838
 20
-607.4662130677152
 10
1329.51964640056
 20
-606.3440339167773
 10
1326.657311680287
 20
-605.9964470271034
 10
1327.586636643238
 20
-602.9898809489669
 10
1328.037205342713
 20
-601.0062776545847
 10
1329.287574554586
 20
-595.5001529139308
 10
1330.719606563922
 20
-590.0356339911241
 10
1332.035429720432
 20
-584.5439902364233
 10
1335.181455844078
 20
-571.4134750980847
 10
1335.169696614921
 20
-571.4175276128099
 10
1348.542447647184
 20
-574.2528398220038
 10
1349.205892980335
 20
-574.3934890997407
 10
1349.929172038304
 20
-574.2518456050584
 10
1350.624609391953
 20
-574.2416548813617
 10
1356.311407197421
 20
-575.8224814388623
 10
1361.998291467815
 20
-577.4033079963638
 10
1367.685089273284
 20
-578.9841345538634
 10
1374.900413939098
 20
-581.1359982596468
 10
1382.06351379308
 20
-583.4922275813551
 10
1389.352506570964
 20
-585.3560709605717
 10
1393.16699299313
 20
-586.331462624803
 10
1393.567239109012
 20
-588.0228201706013
 10
1392.453225076386
 20
-591.4380958671773
 10
1389.824259175899
 20
-599.4977263463734
 10
1387.375832028907
 20
-607.6262819960166
 10
1385.196483713768
 20
-615.8179271949066
 10
1384.22513679957
 20
-619.4686594003824
 10
1382.86971270958
 20
-621.3167682157609
 10
1378.855665251453
 20
-619.8505467746936
 10
1376.090517101551
 20
-618.840454777709
 10
1374.011986883434
 20
-619.0807094640422
 10
1373.07090269133
 20
-622.6975734531206
 10
1370.23217289429
 20
-633.6078940840525
 10
1366.075631247571
 20
-644.1654622198748
 10
1364.32013397154
 20
-655.3700386466962
 10
1361.79094858903
 20
-658.8166645971887
 10
1361.391567122351
 20
-662.8030638956952
 10
1361.399348965177
 20
-666.8926456224635
 10
1359.547097443372
 20
-669.4771774137416
 10
1358.70250810228
 20
-672.3873584816483
 10
1358.605407996829
 20
-675.5383777980105
 10
1358.215278276617
 20
-675.7138570889738
 10
1358.132185488248
 20
-675.9843273251008
 10
1358.357167210763
 20
-676.3493778515658
 10
1354.854300361207
 20
-684.2079063400279
 10
1352.722940076808
 20
-692.4667584431245
 10
1351.189657645846
 20
-700.9001604604719
 10
1350.26500178859
 20
-703.7232394785478
 10
1349.340259466417
 20
-706.5463401100369
 10
1348.415603609161
 20
-709.369419128112
 10
1347.085427275886
 20
-713.5919017244614
 10
1346.0368671879
 20
-717.9302754352511
 10
1344.35754550662
 20
-722.0090936829092
 10
1341.981748892649
 20
-727.7801988530755
 10
1343.307515514989
 20
-730.6185369399309
 10
1349.663292408508
 20
-732.2539373624004
 10
1362.445660965235
 20
-735.5430015403672
 10
1362.359109580053
 20
-735.864954923567
 10
1365.5128310816
 20
-722.5111732406222
 10
1365.666133385221
 20
-721.8619495749062
 10
1365.970057579934
 20
-721.248323198537
 10
1366.203772259394
 20
-720.618119335265
 10
1366.37168713454
 20
-720.5314279402573
 10
1366.681318013991
 20
-720.4465304584373
 10
1366.682528522873
 20
-720.3577857893042
 10
1366.686851768884
 20
-720.013138323644
 10
1366.593123795323
 20
-719.6672588935053
 10
1366.535884018112
 20
-719.321854958428
 10
1369.329997916302
 20
-716.5406843459677
 10
1369.486845281652
 20
-712.620530154838
 10
1370.356250054858
 20
-709.1976141171672
 10
1371.478391789988
 20
-704.779054648342
 10
1373.72155121628
 20
-703.6886580195587
 10
1377.706546461206
 20
-704.6277823786722
 10
1378.418844474301
 20
-705.6082964215148
 10
1379.334248585088
 20
-706.0336051402719
 10
1380.540434222708
 20
-705.6641238643733
 10
1384.740986513836
 20
-706.9345169872013
 10
1388.692779229383
 20
-709.1124572744029
 10
1393.233138657128
 20
-709.1434941338466
 10
1394.307032966752
 20
-710.4277414536828
 10
1395.764485662647
 20
-710.8092830134046
 10
1397.349041791327
 20
-710.8914788187412
 97
        0
 97
        0
 75
     2
 76
     1
 98
        0
  0
SPLINE
  5
61
330
53
100
AcDbEntity
  8
katman 1
370
     0
100
AcDbSpline
210
0.0
220
0.0
230
1.0
 70
    11
 71
     3
 72
    62
 73
    58
 74
     0
 42
0.0000000001
 43
0.0000000001
 12
1.0
 22
0.0
 32
0.0
 13
1.0
 23
0.0
 33
0.0
 40
0.0
 40
0.0
 40
0.0
 40
0.0
 40
1.0
 40
1.0
 40
1.0
 40
2.0
 40
2.0
 40
2.0
 40
3.0
 40
3.0
 40
3.0
 40
4.0
 40
4.0
 40
4.0
 40
5.0
 40
5.0
 40
5.0
 40
6.0
 40
6.0
 40
6.0
 40
7.0
 40
7.0
 40
7.0
 40
8.0
 40
8.0
 40
8.0
 40
9.0
 40
9.0
 40
9.0
 40
10.0
 40
10.0
 40
10.0
 40
11.0
 40
11.0
 40
11.0
 40
12.0
 40
12.0
 40
12.0
 40
13.0
 40
13.0
 40
13.0
 40
14.0
 40
14.0
 40
14.0
 40
15.0
 40
15.0
 40
15.0
 40
16.0
 40
16.0
 40
16.0
 40
17.0
 40
17.0
 40
17.0
 40
18.0
 40
18.0
 40
18.0
 40
19.0
 40
19.0
 40
19.0
 40
19.0
 10
612.2599519345094
 20
-865.2059226631354
 30
0.0
 10
608.145259309199
 20
-865.4256013813701
 30
0.0
 10
606.1986961756256
 20
-864.5633559282742
 30
0.0
 10
604.9462950381276
 20
-861.607159906498
 30
0.0
 10
601.4551225690375
 20
-853.3663117754877
 30
0.0
 10
597.6599178240858
 20
-845.2527234135632
 30
0.0
 10
593.8951919635247
 20
-837.1303383930072
 30
0.0
 10
592.8224000816354
 20
-834.815714889146
 30
0.0
 10
592.7702833509484
 20
-833.4840693570814
 30
0.0
 10
595.6198861117118
 20
-832.3262821100898
 30
0.0
 10
604.9135032171189
 20
-828.5503542163624
 30
0.0
 10
606.49328215895
 20
-824.966699234621
 30
0.0
 10
604.572874663756
 20
-815.0061367614417
 30
0.0
 10
601.8202206948326
 20
-800.729051736872
 30
0.0
 10
595.241796631647
 20
-787.8893234418174
 30
0.0
 10
589.6829669081599
 20
-774.6785360917975
 30
0.0
 10
575.709652156007
 20
-741.4704581319929
 30
0.0
 10
561.468382615969
 20
-708.374813140731
 30
0.0
 10
547.5700545659101
 20
-675.1356767080706
 30
0.0
 10
545.5427331968149
 20
-670.2871616369393
 30
0.0
 10
543.4703203718036
 20
-669.4876383050869
 30
0.0
 10
538.7729190326336
 20
-671.7449214272592
 30
0.0
 10
530.255194889176
 20
-675.8380261401617
 30
0.0
 10
530.158332562256
 20
-675.550243561127
 30
0.0
 10
526.4067817939194
 20
-666.9689409663606
 30
0.0
 10
523.4854239574552
 20
-660.2866143518031
 30
0.0
 10
520.5934209614188
 20
-653.5857650432736
 30
0.0
 10
517.4305557945554
 20
-647.0172654623238
 30
0.0
 10
516.0086942214621
 20
-644.0643870992708
 30
0.0
 10
516.1232926651519
 20
-642.6342600560256
 30
0.0
 10
519.4974348646701
 20
-641.1543789386578
 30
0.0
 10
538.896736798446
 20
-632.646010802242
 30
0.0
 10
558.4953511815347
 20
-624.6498697204124
 30
0.0
 10
578.3001627832136
 20
-617.136150798201
 30
0.0
 10
581.6545261322217
 20
-615.8635314939493
 30
0.0
 10
583.4149735249357
 20
-616.224940160515
 30
0.0
 10
584.6652346556584
 20
-619.7727925254958
 30
0.0
 10
587.6400170047291
 20
-628.2142995722961
 30
0.0
 10
590.6715419577185
 20
-636.6483283785883
 30
0.0
 10
594.0879655032431
 20
-644.9168957103193
 30
0.0
 10
596.0428076529315
 20
-649.6480715684156
 30
0.0
 10
592.5865237791668
 20
-650.0402793468938
 30
0.0
 10
589.9023716433194
 20
-651.1376030741822
 30
0.0
 10
581.2069404724989
 20
-654.6925014114313
 30
0.0
 10
581.2685251119528
 20
-654.6262238839345
 30
0.0
 10
584.6006453602249
 20
-663.268746467822
 30
0.0
 10
601.0340384073734
 20
-705.8920589059417
 30
0.0
 10
617.618917994816
 20
-748.4587225915539
 30
0.0
 10
633.7180808927014
 20
-791.2081276745166
 30
0.0
 10
639.0694596562544
 20
-805.4180598284102
 30
0.0
 10
641.7198256245092
 20
-820.2952628469329
 30
0.0
 10
639.2865514547957
 20
-835.6277091596476
 30
0.0
 10
637.0463102195617
 20
-849.7437742657949
 30
0.0
 10
628.5791680544553
 20
-858.846305901192
 30
0.0
 10
615.8018144631014
 20
-864.3492966971244
 30
0.0
 10
614.3228968507528
 20
-864.9862007180764
 30
0.0
 10
612.6277088566039
 20
-865.1211548617848
 30
0.0
 10
612.2599519345094
 20
-865.2059226631354
 30
0.0
  0
HATCH
  5
62
330
53
100
AcDbEntity
  8
katman 1
 62
   201
420
 14581759
100
AcDbHatch
 10
0.0
 20
0.0
 30
0.0
210
0.0
220
0.0
230
1.0
  2
SOLID
 70
     1
 71
     0
 91
        1
 92
        1
 93
        1
 72
     4
 94
        3
 73
     0
 74
     1
 95
       62
 96
       58
 40
0.0
 40
0.0
 40
0.0
 40
0.0
 40
1.0
 40
1.0
 40
1.0
 40
2.0
 40
2.0
 40
2.0
 40
3.0
 40
3.0
 40
3.0
 40
4.0
 40
4.0
 40
4.0
 40
5.0
 40
5.0
 40
5.0
 40
6.0
 40
6.0
 40
6.0
 40
7.0
 40
7.0
 40
7.0
 40
8.0
 40
8.0
 40
8.0
 40
9.0
 40
9.0
 40
9.0
 40
10.0
 40
10.0
 40
10.0
 40
11.0
 40
11.0
 40
11.0
 40
12.0
 40
12.0
 40
12.0
 40
13.0
 40
13.0
 40
13.0
 40
14.0
 40
14.0
 40
14.0
 40
15.0
 40
15.0
 40
15.0
 40
16.0
 40
16.0
 40
16.0
 40
17.0
 40
17.0
 40
17.0
 40
18.0
 40
18.0
 40
18.0
 40
19.0
 40
19.0
 40
19.0
 40
19.0
 10
612.2599519345094
 20
-865.2059226631354
 10
608.145259309199
 20
-865.4256013813701
 10
606.1986961756256
 20
-864.5633559282742
 10
604.9462950381276
 20
-861.607159906498
 10
601.4551225690375
 20
-853.3663117754877
 10
597.6599178240858
 20
-845.2527234135632
 10
593.8951919635247
 20
-837.1303383930072
 10
592.8224000816354
 20
-834.815714889146
 10
592.7702833509484
 20
-833.4840693570814
 10
595.6198861117118
 20
-832.3262821100898
 10
604.9135032171189
 20
-828.5503542163624
 10
606.49328215895
 20
-824.966699234621
 10
604.572874663756
 20
-815.0061367614417
 10
601.8202206948326
 20
-800.729051736872
 10
595.241796631647
 20
-787.8893234418174
 10
589.6829669081599
 20
-774.6785360917975
 10
575.709652156007
 20
-741.4704581319929
 10
561.468382615969
 20
-708.374813140731
 10
547.5700545659101
 20
-675.1356767080706
 10
545.5427331968149
 20
-670.2871616369393
 10
543.4703203718036
 20
-669.4876383050869
 10
538.7729190326336
 20
-671.7449214272592
 10
530.255194889176
 20
-675.8380261401617
 10
530.158332562256
 20
-675.550243561127
 10
526.4067817939194
 20
-666.9689409663606
 10
523.4854239574552
 20
-660.2866143518031
 10
520.5934209614188
 20
-653.5857650432736
 10
517.4305557945554
 20
-647.0172654623238
 10
516.0086942214621
 20
-644.0643870992708
 10
516.1232926651519
 20
-642.6342600560256
 10
519.4974348646701
 20
-641.1543789386578
 10
538.896736798446
 20
-632.646010802242
 10
558.4953511815347
 20
-624.6498697204124
 10
578.3001627832136
 20
-617.136150798201
 10
581.6545261322217
 20
-615.8635314939493
 10
583.4149735249357
 20
-616.224940160515
 10
584.6652346556584
 20
-619.7727925254958
 10
587.6400170047291
 20
-628.2142995722961
 10
590.6715419577185
 20
-636.6483283785883
 10
594.0879655032431
 20
-644.9168957103193
 10
596.0428076529315
 20
-649.6480715684156
 10
592.5865237791668
 20
-650.0402793468938
 10
589.9023716433194
 20
-651.1376030741822
 10
581.2069404724989
 20
-654.6925014114313
 10
581.2685251119528
 20
-654.6262238839345
 10
584.6006453602249
 20
-663.268746467822
 10
601.0340384073734
 20
-705.8920589059417
 10
617.618917994816
 20
-748.4587225915539
 10
633.7180808927014
 20
-791.2081276745166
 10
639.0694596562544
 20
-805.4180598284102
 10
641.7198256245092
 20
-820.2952628469329
 10
639.2865514547957
 20
-835.6277091596476
 10
637.0463102195617
 20
-849.7437742657949
 10
628.5791680544553
 20
-858.846305901192
 10
615.8018144631014
 20
-864.3492966971244
 10
614.3228968507528
 20
-864.9862007180764
 10
612.6277088566039
 20
-865.1211548617848
 10
612.2599519345094
 20
-865.2059226631354
 97
        0
 97
        0
 75
     2
 76
     1
 98
        0
  0
SPLINE
  5
63
330
53
100
AcDbEntity
  8
katman 1
370
     0
100
AcDbSpline
210
0.0
220
0.0
230
1.0
 70
    11
 71
     3
 72
    59
 73
    55
 74
     0
 42
0.0000000001
 43
0.0000000001
 12
1.0
 22
0.0
 32
0.0
 13
1.0
 23
0.0
 33
0.0
 40
0.0
 40
0.0
 40
0.0
 40
0.0
 40
1.0
 40
1.0
 40
1.0
 40
2.0
 40
2.0
 40
2.0
 40
3.0
 40
3.0
 40
3.0
 40
4.0
 40
4.0
 40
4.0
 40
5.0
 40
5.0
 40
5.0
 40
6.0
 40
6.0
 40
6.0
 40
7.0
 40
7.0
 40
7.0
 40
8.0
 40
8.0
 40
8.0
 40
9.0
 40
9.0
 40
9.0
 40
10.0
 40
10.0
 40
10.0
 40
11.0
 40
11.0
 40
11.0
 40
12.0
 40
12.0
 40
12.0
 40
13.0
 40
13.0
 40
13.0
 40
14.0
 40
14.0
 40
14.0
 40
15.0
 40
15.0
 40
15.0
 40
16.0
 40
16.0
 40
16.0
 40
17.0
 40
17.0
 40
17.0
 40
18.0
 40
18.0
 40
18.0
 40
18.0
 10
1309.494528292973
 20
-620.1591844286168
 30
0.0
 10
1308.487868554046
 20
-618.2275047096628
 30
0.0
 10
1308.6917085029
 20
-616.2553510424414
 30
0.0
 10
1309.296915105391
 20
-614.2693601279498
 30
0.0
 10
1307.877991880601
 20
-612.0830750592195
 30
0.0
 10
1308.466420820778
 20
-609.6956310082942
 30
0.0
 10
1308.603928465527
 20
-607.353330976588
 30
0.0
 10
1307.829561515155
 20
-596.3252178676312
 30
0.0
 10
1304.757606138321
 20
-585.9453797932938
 30
0.0
 10
1299.782164433844
 20
-576.1027728442323
 30
0.0
 10
1299.061243851052
 20
-575.1933197673816
 30
0.0
 10
1298.292671247975
 20
-574.3174220151623
 30
0.0
 10
1297.626321309108
 20
-573.369570577137
 30
0.0
 10
1276.744531453271
 20
-543.6665355863888
 30
0.0
 10
1236.750303253513
 20
-540.0598570853463
 30
0.0
 10
1211.081344738875
 20
-565.7523389203443
 30
0.0
 10
1197.557511119101
 20
-579.2884530970714
 30
0.0
 10
1190.089375801648
 20
-596.2079471970137
 30
0.0
 10
1185.300477486937
 20
-614.4163808801986
 30
0.0
 10
1179.322786666102
 20
-637.1454432466398
 30
0.0
 10
1178.779155813963
 20
-660.3522365750923
 30
0.0
 10
1179.616914653394
 20
-683.657274359166
 30
0.0
 10
1180.519362623814
 20
-686.4368314046178
 30
0.0
 10
1181.069047271632
 20
-689.2667214370158
 30
0.0
 10
1180.844710900261
 20
-692.2078283443498
 30
0.0
 10
1183.772067043119
 20
-700.8469407120638
 30
0.0
 10
1185.619512519315
 20
-709.817109220724
 30
0.0
 10
1189.89833530652
 20
-718.0390285832345
 30
0.0
 10
1201.108927113857
 20
-739.5808551338705
 30
0.0
 10
1224.120788221388
 20
-750.3483090973714
 30
0.0
 10
1246.735693297847
 20
-743.9721055551472
 30
0.0
 10
1262.623447648188
 20
-739.4926426825214
 30
0.0
 10
1272.992042959117
 20
-728.1161768735301
 30
0.0
 10
1281.844681348774
 20
-714.9491712677427
 30
0.0
 10
1288.716690757255
 20
-704.7282885714249
 30
0.0
 10
1292.527468655539
 20
-693.0666025030714
 30
0.0
 10
1297.715658036797
 20
-682.0535374005212
 30
0.0
 10
1298.104917099074
 20
-680.1064637439777
 30
0.0
 10
1297.834312432142
 20
-677.8567003033932
 30
0.0
 10
1300.132852169354
 20
-676.7855243990698
 30
0.0
 10
1300.546931793922
 20
-668.386488271497
 30
0.0
 10
1303.201867131145
 20
-660.5338504455176
 30
0.0
 10
1306.005379910934
 20
-652.7177083592123
 30
0.0
 10
1305.497898867288
 20
-651.61522568294
 30
0.0
 10
1305.734775244
 20
-650.6080470472416
 30
0.0
 10
1306.397146974277
 20
-649.6550066414893
 30
0.0
 10
1305.643535894811
 20
-648.2577905983562
 30
0.0
 10
1306.110024093416
 20
-646.9501707312984
 30
0.0
 10
1306.690669582002
 20
-645.6506802470121
 30
0.0
 10
1306.119450718119
 20
-644.553732469647
 30
0.0
 10
1306.34153853681
 20
-643.6214479348009
 30
0.0
 10
1307.275033830792
 20
-642.8368760145659
 30
0.0
 10
1308.014807662988
 20
-635.2777607963108
 30
0.0
 10
1308.754667977981
 20
-627.7184726124633
 30
0.0
 10
1309.494528292973
 20
-620.1591844286168
 30
0.0
  0
SPLINE
  5
64
330
53
100
AcDbEntity
  8
katman 1
370
     0
100
AcDbSpline
210
0.0
220
0.0
230
1.0
 70
    11
 71
     3
 72
    29
 73
    25
 74
     0
 42
0.0000000001
 43
0.0000000001
 12
1.0
 22
0.0
 32
0.0
 13
1.0
 23
0.0
 33
0.0
 40
0.0
 40
0.0
 40
0.0
 40
0.0
 40
1.0
 40
1.0
 40
1.0
 40
2.0
 40
2.0
 40
2.0
 40
3.0
 40
3.0
 40
3.0
 40
4.0
 40
4.0
 40
4.0
 40
5.0
 40
5.0
 40
5.0
 40
6.0
 40
6.0
 40
6.0
 40
7.0
 40
7.0
 40
7.0
 40
8.0
 40
8.0
 40
8.0
 40
8.0
 10
1263.920862545383
 20
-620.1294343469854
 30
0.0
 10
1262.134127991585
 20
-644.3793831540397
 30
0.0
 10
1258.831090585334
 20
-668.3847586155889
 30
0.0
 10
1247.024372869028
 20
-690.2745919350764
 30
0.0
 10
1243.918948650356
 20
-696.0319245931296
 30
0.0
 10
1241.172168584377
 20
-703.1843977072249
 30
0.0
 10
1233.171126281421
 20
-701.9947403731476
 30
0.0
 10
1225.187034606372
 20
-700.8075045573432
 30
0.0
 10
1224.412062276431
 20
-693.0204206903063
 30
0.0
 10
1223.062411770788
 20
-686.6987013092112
 30
0.0
 10
1221.936405774157
 20
-681.4239426497152
 30
0.0
 10
1221.533741878586
 20
-675.9720672251578
 30
0.0
 10
1221.883564786142
 20
-670.5037600694668
 30
0.0
 10
1222.740349840569
 20
-648.5198334685401
 30
0.0
 10
1225.565223870832
 20
-626.9174689610954
 30
0.0
 10
1234.820266707673
 20
-606.618054249755
 30
0.0
 10
1236.88426510365
 20
-602.0908528740456
 30
0.0
 10
1239.468371031408
 20
-597.929992619821
 30
0.0
 10
1243.178915369774
 20
-594.4848639806605
 30
0.0
 10
1249.062772357554
 20
-589.021572827106
 30
0.0
 10
1255.472271776023
 20
-589.7767405968907
 30
0.0
 10
1259.481441207045
 20
-596.8088296597334
 30
0.0
 10
1263.59733040764
 20
-604.0280674919086
 30
0.0
 10
1264.504275483423
 20
-612.2131451835612
 30
0.0
 10
1263.920862545383
 20
-620.1294343469854
 30
0.0
  0
HATCH
  5
65
330
53
100
AcDbEntity
  8
katman 1
 62
   230
420
 16711799
100
AcDbHatch
 10
0.0
 20
0.0
 30
0.0
210
0.0
220
0.0
230
1.0
  2
SOLID
 70
     1
 71
     0
 91
        2
 92
        1
 93
        1
 72
     4
 94
        3
 73
     0
 74
     1
 95
       59
 96
       55
 40
0.0
 40
0.0
 40
0.0
 40
0.0
 40
1.0
 40
1.0
 40
1.0
 40
2.0
 40
2.0
 40
2.0
 40
3.0
 40
3.0
 40
3.0
 40
4.0
 40
4.0
 40
4.0
 40
5.0
 40
5.0
 40
5.0
 40
6.0
 40
6.0
 40
6.0
 40
7.0
 40
7.0
 40
7.0
 40
8.0
 40
8.0
 40
8.0
 40
9.0
 40
9.0
 40
9.0
 40
10.0
 40
10.0
 40
10.0
 40
11.0
 40
11.0
 40
11.0
 40
12.0
 40
12.0
 40
12.0
 40
13.0
 40
13.0
 40
13.0
 40
14.0
 40
14.0
 40
14.0
 40
15.0
 40
15.0
 40
15.0
 40
16.0
 40
16.0
 40
16.0
 40
17.0
 40
17.0
 40
17.0
 40
18.0
 40
18.0
 40
18.0
 40
18.0
 10
1309.494528292973
 20
-620.1591844286168
 10
1308.487868554046
 20
-618.2275047096628
 10
1308.6917085029
 20
-616.2553510424414
 10
1309.296915105391
 20
-614.2693601279498
 10
1307.877991880601
 20
-612.0830750592195
 10
1308.466420820778
 20
-609.6956310082942
 10
1308.603928465527
 20
-607.353330976588
 10
1307.829561515155
 20
-596.3252178676312
 10
1304.757606138321
 20
-585.9453797932938
 10
1299.782164433844
 20
-576.1027728442323
 10
1299.061243851052
 20
-575.1933197673816
 10
1298.292671247975
 20
-574.3174220151623
 10
1297.626321309108
 20
-573.369570577137
 10
1276.744531453271
 20
-543.6665355863888
 10
1236.750303253513
 20
-540.0598570853463
 10
1211.081344738875
 20
-565.7523389203443
 10
1197.557511119101
 20
-579.2884530970714
 10
1190.089375801648
 20
-596.2079471970137
 10
1185.300477486937
 20
-614.4163808801986
 10
1179.322786666102
 20
-637.1454432466398
 10
1178.779155813963
 20
-660.3522365750923
 10
1179.616914653394
 20
-683.657274359166
 10
1180.519362623814
 20
-686.4368314046178
 10
1181.069047271632
 20
-689.2667214370158
 10
1180.844710900261
 20
-692.2078283443498
 10
1183.772067043119
 20
-700.8469407120638
 10
1185.619512519315
 20
-709.817109220724
 10
1189.89833530652
 20
-718.0390285832345
 10
1201.108927113857
 20
-739.5808551338705
 10
1224.120788221388
 20
-750.3483090973714
 10
1246.735693297847
 20
-743.9721055551472
 10
1262.623447648188
 20
-739.4926426825214
 10
1272.992042959117
 20
-728.1161768735301
 10
1281.844681348774
 20
-714.9491712677427
 10
1288.716690757255
 20
-704.7282885714249
 10
1292.527468655539
 20
-693.0666025030714
 10
1297.715658036797
 20
-682.0535374005212
 10
1298.104917099074
 20
-680.1064637439777
 10
1297.834312432142
 20
-677.8567003033932
 10
1300.132852169354
 20
-676.7855243990698
 10
1300.546931793922
 20
-668.386488271497
 10
1303.201867131145
 20
-660.5338504455176
 10
1306.005379910934
 20
-652.7177083592123
 10
1305.497898867288
 20
-651.61522568294
 10
1305.734775244
 20
-650.6080470472416
 10
1306.397146974277
 20
-649.6550066414893
 10
1305.643535894811
 20
-648.2577905983562
 10
1306.110024093416
 20
-646.9501707312984
 10
1306.690669582002
 20
-645.6506802470121
 10
1306.119450718119
 20
-644.553732469647
 10
1306.34153853681
 20
-643.6214479348009
 10
1307.275033830792
 20
-642.8368760145659
 10
1308.014807662988
 20
-635.2777607963108
 10
1308.754667977981
 20
-627.7184726124633
 10
1309.494528292973
 20
-620.1591844286168
 97
        0
 97
        0
 92
        1
 93
        1
 72
     4
 94
        3
 73
     0
 74
     1
 95
       29
 96
       25
 40
0.0
 40
0.0
 40
0.0
 40
0.0
 40
1.0
 40
1.0
 40
1.0
 40
2.0
 40
2.0
 40
2.0
 40
3.0
 40
3.0
 40
3.0
 40
4.0
 40
4.0
 40
4.0
 40
5.0
 40
5.0
 40
5.0
 40
6.0
 40
6.0
 40
6.0
 40
7.0
 40
7.0
 40
7.0
 40
8.0
 40
8.0
 40
8.0
 40
8.0
 10
1263.920862545383
 20
-620.1294343469854
 10
1262.134127991585
 20
-644.3793831540397
 10
1258.831090585334
 20
-668.3847586155889
 10
1247.024372869028
 20
-690.2745919350764
 10
1243.918948650356
 20
-696.0319245931296
 10
1241.172168584377
 20
-703.1843977072249
 10
1233.171126281421
 20
-701.9947403731476
 10
1225.187034606372
 20
-700.8075045573432
 10
1224.412062276431
 20
-693.0204206903063
 10
1223.062411770788
 20
-686.6987013092112
 10
1221.936405774157
 20
-681.4239426497152
 10
1221.533741878586
 20
-675.9720672251578
 10
1221.883564786142
 20
-670.5037600694668
 10
1222.740349840569
 20
-648.5198334685401
 10
1225.565223870832
 20
-626.9174689610954
 10
1234.820266707673
 20
-606.618054249755
 10
1236.88426510365
 20
-602.0908528740456
 10
1239.468371031408
 20
-597.929992619821
 10
1243.178915369774
 20
-594.4848639806605
 10
1249.062772357554
 20
-589.021572827106
 10
1255.472271776023
 20
-589.7767405968907
 10
1259.481441207045
 20
-596.8088296597334
 10
1263.59733040764
 20
-604.0280674919086
 10
1264.504275483423
 20
-612.2131451835612
 10
1263.920862545383
 20
-620.1294343469854
 97
        0
 97
        0
 75
     2
 76
     1
 98
        0
  0
SPLINE
  5
66
330
53
100
AcDbEntity
  8
katman 1
370
     0
100
AcDbSpline
210
0.0
220
0.0
230
1.0
 70
    11
 71
     3
 72
   110
 73
   106
 74
     0
 42
0.0000000001
 43
0.0000000001
 12
1.0
 22
0.0
 32
0.0
 13
1.0
 23
0.0
 33
0.0
 40
0.0
 40
0.0
 40
0.0
 40
0.0
 40
1.0
 40
1.0
 40
1.0
 40
2.0
 40
2.0
 40
2.0
 40
3.0
 40
3.0
 40
3.0
 40
4.0
 40
4.0
 40
4.0
 40
5.0
 40
5.0
 40
5.0
 40
6.0
 40
6.0
 40
6.0
 40
7.0
 40
7.0
 40
7.0
 40
8.0
 40
8.0
 40
8.0
 40
9.0
 40
9.0
 40
9.0
 40
10.0
 40
10.0
 40
10.0
 40
11.0
 40
11.0
 40
11.0
 40
12.0
 40
12.0
 40
12.0
 40
13.0
 40
13.0
 40
13.0
 40
14.0
 40
14.0
 40
14.0
 40
15.0
 40
15.0
 40
15.0
 40
16.0
 40
16.0
 40
16.0
 40
17.0
 40
17.0
 40
17.0
 40
18.0
 40
18.0
 40
18.0
 40
19.0
 40
19.0
 40
19.0
 40
20.0
 40
20.0
 40
20.0
 40
21.0
 40
21.0
 40
21.0
 40
22.0
 40
22.0
 40
22.0
 40
23.0
 40
23.0
 40
23.0
 40
24.0
 40
24.0
 40
24.0
 40
25.0
 40
25.0
 40
25.0
 40
26.0
 40
26.0
 40
26.0
 40
27.0
 40
27.0
 40
27.0
 40
28.0
 40
28.0
 40
28.0
 40
29.0
 40
29.0
 40
29.0
 40
30.0
 40
30.0
 40
30.0
 40
31.0
 40
31.0
 40
31.0
 40
32.0
 40
32.0
 40
32.0
 40
33.0
 40
33.0
 40
33.0
 40
34.0
 40
34.0
 40
34.0
 40
35.0
 40
35.0
 40
35.0
 40
35.0
 10
1164.037817399982
 20
-675.0394367591298
 30
0.0
 10
1159.81088429004
 20
-674.7623458825392
 30
0.0
 10
1156.491242187065
 20
-674.7197963471826
 30
0.0
 10
1156.627971486656
 20
-680.3415239819842
 30
0.0
 10
1156.672769574694
 20
-682.1848182839994
 30
0.0
 10
1155.992322940168
 20
-684.0447172827389
 30
0.0
 10
1155.652272588497
 20
-685.8985624857969
 30
0.0
 10
1155.256959730541
 20
-688.0544056105327
 30
0.0
 10
1154.701048321451
 20
-690.5070576892203
 30
0.0
 10
1152.012817107983
 20
-690.1955466600448
 30
0.0
 10
1149.722406753543
 20
-689.9303904092249
 30
0.0
 10
1149.709088403044
 20
-687.4825813670814
 30
0.0
 10
1149.726817376109
 20
-685.6200878844793
 30
0.0
 10
1149.7877012641
 20
-679.2530515185726
 30
0.0
 10
1150.069808142825
 20
-672.887052946211
 30
0.0
 10
1150.068943314871
 20
-666.5205354770769
 30
0.0
 10
1150.067300141758
 20
-654.4400997132016
 30
0.0
 10
1146.761841217234
 20
-643.6489494637508
 30
0.0
 10
1136.946822279917
 20
-635.8049599173146
 30
0.0
 10
1133.226505385666
 20
-632.8316814100763
 30
0.0
 10
1135.898304867998
 20
-632.3589664501997
 30
0.0
 10
1138.214227647095
 20
-631.37894341227
 30
0.0
 10
1146.203854221054
 20
-627.9983309385088
 30
0.0
 10
1151.592856653326
 20
-621.9884685177703
 30
0.0
 10
1155.482074447071
 20
-614.3923386630668
 30
0.0
 10
1160.832332586986
 20
-603.9426224900135
 30
0.0
 10
1161.435982499159
 20
-592.662152583961
 30
0.0
 10
1161.21804585465
 20
-581.3055778179214
 30
0.0
 10
1160.720856263662
 20
-555.4079587921378
 30
0.0
 10
1147.811482905494
 20
-541.0142812158256
 30
0.0
 10
1122.140189355378
 20
-537.9010735455649
 30
0.0
 10
1100.825293659977
 20
-535.3162757554455
 30
0.0
 10
1079.336999959718
 20
-535.4622587141484
 30
0.0
 10
1057.928010982878
 20
-534.3523385174676
 30
0.0
 10
1055.039745063557
 20
-534.2025503157647
 30
0.0
 10
1052.956806935377
 20
-534.6256241510591
 30
0.0
 10
1052.993648606236
 20
-538.4466070192029
 30
0.0
 10
1053.082293471562
 20
-547.6411118992346
 30
0.0
 10
1052.920657126884
 20
-556.8420165061298
 30
0.0
 10
1052.651176736292
 20
-566.0340998678894
 30
0.0
 10
1052.560283318284
 20
-569.1341621532429
 30
0.0
 10
1053.746740788929
 20
-570.4284636698021
 30
0.0
 10
1056.708603567169
 20
-570.1506809308485
 30
0.0
 10
1061.919019026856
 20
-569.6623990677917
 30
0.0
 10
1062.899474478763
 20
-572.4146275498842
 30
0.0
 10
1062.69226170089
 20
-576.9829947362232
 30
0.0
 10
1062.126577735915
 20
-589.4584839096697
 30
0.0
 10
1061.851908377595
 20
-601.9486751583418
 30
0.0
 10
1061.564871979528
 20
-614.4354070951958
 30
0.0
 10
1061.060936730499
 20
-636.3581038769507
 30
0.0
 10
1060.624285096321
 20
-658.2823573490241
 30
0.0
 10
1060.183482287961
 20
-680.2064378555069
 30
0.0
 10
1060.107377427974
 20
-683.9940383646108
 30
0.0
 10
1059.863150013651
 20
-687.5157907605308
 30
0.0
 10
1054.538144850005
 20
-686.7685794079262
 30
0.0
 10
1051.339232729462
 20
-686.3197336995909
 30
0.0
 10
1050.43531455152
 20
-688.1374290941558
 30
0.0
 10
1050.427963513908
 20
-690.9406824255584
 30
0.0
 10
1050.404094262365
 20
-700.1419329636346
 30
0.0
 10
1050.379706114052
 20
-709.3437023984834
 30
0.0
 10
1050.239603985439
 20
-718.5437421774241
 30
0.0
 10
1050.194632931809
 20
-721.4924595707562
 30
0.0
 10
1051.282586498448
 20
-722.7416170680963
 30
0.0
 10
1054.339147937695
 20
-722.841072282853
 30
0.0
 10
1068.705237502263
 20
-723.3092901373666
 30
0.0
 10
1083.069510928126
 20
-723.8683149270928
 30
0.0
 10
1097.425741454013
 20
-724.5695174325228
 30
0.0
 10
1100.61565936383
 20
-724.7251864643158
 30
0.0
 10
1102.172003750573
 20
-724.0793329479675
 30
0.0
 10
1102.339520925341
 20
-720.4991181823298
 30
0.0
 10
1102.75775172409
 20
-711.559391617664
 30
0.0
 10
1103.461635196178
 20
-702.6305618852248
 30
0.0
 10
1104.206338547716
 20
-693.7103804323297
 30
0.0
 10
1104.503406950053
 20
-690.1514404343698
 30
0.0
 10
1103.441225256454
 20
-688.2695748055885
 30
0.0
 10
1099.589281547544
 20
-688.696799815064
 30
0.0
 10
1095.035184022452
 20
-689.2022052716165
 30
0.0
 10
1094.15193523262
 20
-687.0565671167424
 30
0.0
 10
1094.512914420788
 20
-682.7991920628074
 30
0.0
 10
1095.36771037092
 20
-672.7149521832853
 30
0.0
 10
1095.878823691972
 20
-662.5883357339972
 30
0.0
 10
1096.102987097755
 20
-652.4693297707081
 30
0.0
 10
1096.213598593122
 20
-647.4735646093031
 30
0.0
 10
1098.552179864622
 20
-646.8958595357617
 30
0.0
 10
1102.41899861435
 20
-648.1412117901027
 30
0.0
 10
1106.184546010616
 20
-649.3537005821754
 30
0.0
 10
1108.972837818408
 20
-651.5233809541824
 30
0.0
 10
1110.258318089833
 20
-655.5835752345138
 30
0.0
 10
1112.021096909293
 20
-661.1516835361426
 30
0.0
 10
1111.703705050026
 20
-666.7566335086294
 30
0.0
 10
1111.30078170607
 20
-672.4094949497903
 30
0.0
 10
1110.360108340066
 20
-685.6078073275266
 30
0.0
 10
1110.026457715257
 20
-698.7360686409565
 30
0.0
 10
1114.237132059656
 20
-711.5749585208432
 30
0.0
 10
1120.139150434479
 20
-729.5706445272453
 30
0.0
 10
1144.998889432183
 20
-740.6947535391419
 30
0.0
 10
1158.87202706274
 20
-720.3022833399073
 30
0.0
 10
1164.070248448272
 20
-711.1567277220947
 30
0.0
 10
1165.97702112214
 20
-701.0167929223089
 30
0.0
 10
1167.773874163002
 20
-690.8436487290737
 30
0.0
 10
1167.944850649588
 20
-687.7966868801213
 30
0.0
 10
1167.801116243567
 20
-684.6898789367233
 30
0.0
 10
1168.365157035429
 20
-681.7172922918489
 30
0.0
 10
1169.095677208512
 20
-677.8669052732548
 30
0.0
 10
1168.939402797152
 20
-675.3608068269859
 30
0.0
 10
1164.037817399982
 20
-675.0394367591298
 30
0.0
  0
SPLINE
  5
67
330
53
100
AcDbEntity
  8
katman 1
370
     0
100
AcDbSpline
210
0.0
220
0.0
230
1.0
 70
    11
 71
     3
 72
    26
 73
    22
 74
     0
 42
0.0000000001
 43
0.0000000001
 12
1.0
 22
0.0
 32
0.0
 13
1.0
 23
0.0
 33
0.0
 40
0.0
 40
0.0
 40
0.0
 40
0.0
 40
1.0
 40
1.0
 40
1.0
 40
2.0
 40
2.0
 40
2.0
 40
3.0
 40
3.0
 40
3.0
 40
4.0
 40
4.0
 40
4.0
 40
5.0
 40
5.0
 40
5.0
 40
6.0
 40
6.0
 40
6.0
 40
7.0
 40
7.0
 40
7.0
 40
7.0
 10
1120.989189830862
 20
-608.5277673386681
 30
0.0
 10
1117.162672063811
 20
-615.5721369584626
 30
0.0
 10
1108.569827991656
 20
-619.1687834552349
 30
0.0
 10
1100.990562282062
 20
-617.0672515260349
 30
0.0
 10
1098.543272136692
 20
-616.3888804786011
 30
0.0
 10
1098.348253432974
 20
-614.8747396960325
 30
0.0
 10
1098.465783551979
 20
-612.815757302189
 30
0.0
 10
1099.164391573546
 20
-600.5801714032941
 30
0.0
 10
1099.924834793852
 20
-588.3459692291262
 30
0.0
 10
1100.398068650502
 20
-576.1010431883233
 30
0.0
 10
1100.538776158683
 20
-572.4594256379223
 30
0.0
 10
1102.314613880255
 20
-572.0161148284951
 30
0.0
 10
1105.321274746531
 20
-571.9234052717838
 30
0.0
 10
1116.631927148193
 20
-571.5748796061589
 30
0.0
 10
1123.023092214027
 20
-577.1582088797859
 30
0.0
 10
1123.973970549894
 20
-588.5142647490529
 30
0.0
 10
1124.111651160234
 20
-590.1593404839186
 30
0.0
 10
1124.214825135195
 20
-591.8073566338289
 30
0.0
 10
1124.287297717774
 20
-592.8091733362098
 30
0.0
 10
1124.087608943102
 20
-598.6780688003801
 30
0.0
 10
1123.54804278235
 20
-603.8173954022159
 30
0.0
 10
1120.989189830862
 20
-608.5277673386681
 30
0.0
  0
HATCH
  5
68
330
53
100
AcDbEntity
  8
katman 1
 62
   230
420
 16711799
100
AcDbHatch
 10
0.0
 20
0.0
 30
0.0
210
0.0
220
0.0
230
1.0
  2
SOLID
 70
     1
 71
     0
 91
        2
 92
        1
 93
        1
 72
     4
 94
        3
 73
     0
 74
     1
 95
      110
 96
      106
 40
0.0
 40
0.0
 40
0.0
 40
0.0
 40
1.0
 40
1.0
 40
1.0
 40
2.0
 40
2.0
 40
2.0
 40
3.0
 40
3.0
 40
3.0
 40
4.0
 40
4.0
 40
4.0
 40
5.0
 40
5.0
 40
5.0
 40
6.0
 40
6.0
 40
6.0
 40
7.0
 40
7.0
 40
7.0
 40
8.0
 40
8.0
 40
8.0
 40
9.0
 40
9.0
 40
9.0
 40
10.0
 40
10.0
 40
10.0
 40
11.0
 40
11.0
 40
11.0
 40
12.0
 40
12.0
 40
12.0
 40
13.0
 40
13.0
 40
13.0
 40
14.0
 40
14.0
 40
14.0
 40
15.0
 40
15.0
 40
15.0
 40
16.0
 40
16.0
 40
16.0
 40
17.0
 40
17.0
 40
17.0
 40
18.0
 40
18.0
 40
18.0
 40
19.0
 40
19.0
 40
19.0
 40
20.0
 40
20.0
 40
20.0
 40
21.0
 40
21.0
 40
21.0
 40
22.0
 40
22.0
 40
22.0
 40
23.0
 40
23.0
 40
23.0
 40
24.0
 40
24.0
 40
24.0
 40
25.0
 40
25.0
 40
25.0
 40
26.0
 40
26.0
 40
26.0
 40
27.0
 40
27.0
 40
27.0
 40
28.0
 40
28.0
 40
28.0
 40
29.0
 40
29.0
 40
29.0
 40
30.0
 40
30.0
 40
30.0
 40
31.0
 40
31.0
 40
31.0
 40
32.0
 40
32.0
 40
32.0
 40
33.0
 40
33.0
 40
33.0
 40
34.0
 40
34.0
 40
34.0
 40
35.0
 40
35.0
 40
35.0
 40
35.0
 10
1164.037817399982
 20
-675.0394367591298
 10
1159.81088429004
 20
-674.7623458825392
 10
1156.491242187065
 20
-674.7197963471826
 10
1156.627971486656
 20
-680.3415239819842
 10
1156.672769574694
 20
-682.1848182839994
 10
1155.992322940168
 20
-684.0447172827389
 10
1155.652272588497
 20
-685.8985624857969
 10
1155.256959730541
 20
-688.0544056105327
 10
1154.701048321451
 20
-690.5070576892203
 10
1152.012817107983
 20
-690.1955466600448
 10
1149.722406753543
 20
-689.9303904092249
 10
1149.709088403044
 20
-687.4825813670814
 10
1149.726817376109
 20
-685.6200878844793
 10
1149.7877012641
 20
-679.2530515185726
 10
1150.069808142825
 20
-672.887052946211
 10
1150.068943314871
 20
-666.5205354770769
 10
1150.067300141758
 20
-654.4400997132016
 10
1146.761841217234
 20
-643.6489494637508
 10
1136.946822279917
 20
-635.8049599173146
 10
1133.226505385666
 20
-632.8316814100763
 10
1135.898304867998
 20
-632.3589664501997
 10
1138.214227647095
 20
-631.37894341227
 10
1146.203854221054
 20
-627.9983309385088
 10
1151.592856653326
 20
-621.9884685177703
 10
1155.482074447071
 20
-614.3923386630668
 10
1160.832332586986
 20
-603.9426224900135
 10
1161.435982499159
 20
-592.662152583961
 10
1161.21804585465
 20
-581.3055778179214
 10
1160.720856263662
 20
-555.4079587921378
 10
1147.811482905494
 20
-541.0142812158256
 10
1122.140189355378
 20
-537.9010735455649
 10
1100.825293659977
 20
-535.3162757554455
 10
1079.336999959718
 20
-535.4622587141484
 10
1057.928010982878
 20
-534.3523385174676
 10
1055.039745063557
 20
-534.2025503157647
 10
1052.956806935377
 20
-534.6256241510591
 10
1052.993648606236
 20
-538.4466070192029
 10
1053.082293471562
 20
-547.6411118992346
 10
1052.920657126884
 20
-556.8420165061298
 10
1052.651176736292
 20
-566.0340998678894
 10
1052.560283318284
 20
-569.1341621532429
 10
1053.746740788929
 20
-570.4284636698021
 10
1056.708603567169
 20
-570.1506809308485
 10
1061.919019026856
 20
-569.6623990677917
 10
1062.899474478763
 20
-572.4146275498842
 10
1062.69226170089
 20
-576.9829947362232
 10
1062.126577735915
 20
-589.4584839096697
 10
1061.851908377595
 20
-601.9486751583418
 10
1061.564871979528
 20
-614.4354070951958
 10
1061.060936730499
 20
-636.3581038769507
 10
1060.624285096321
 20
-658.2823573490241
 10
1060.183482287961
 20
-680.2064378555069
 10
1060.107377427974
 20
-683.9940383646108
 10
1059.863150013651
 20
-687.5157907605308
 10
1054.538144850005
 20
-686.7685794079262
 10
1051.339232729462
 20
-686.3197336995909
 10
1050.43531455152
 20
-688.1374290941558
 10
1050.427963513908
 20
-690.9406824255584
 10
1050.404094262365
 20
-700.1419329636346
 10
1050.379706114052
 20
-709.3437023984834
 10
1050.239603985439
 20
-718.5437421774241
 10
1050.194632931809
 20
-721.4924595707562
 10
1051.282586498448
 20
-722.7416170680963
 10
1054.339147937695
 20
-722.841072282853
 10
1068.705237502263
 20
-723.3092901373666
 10
1083.069510928126
 20
-723.8683149270928
 10
1097.425741454013
 20
-724.5695174325228
 10
1100.61565936383
 20
-724.7251864643158
 10
1102.172003750573
 20
-724.0793329479675
 10
1102.339520925341
 20
-720.4991181823298
 10
1102.75775172409
 20
-711.559391617664
 10
1103.461635196178
 20
-702.6305618852248
 10
1104.206338547716
 20
-693.7103804323297
 10
1104.503406950053
 20
-690.1514404343698
 10
1103.441225256454
 20
-688.2695748055885
 10
1099.589281547544
 20
-688.696799815064
 10
1095.035184022452
 20
-689.2022052716165
 10
1094.15193523262
 20
-687.0565671167424
 10
1094.512914420788
 20
-682.7991920628074
 10
1095.36771037092
 20
-672.7149521832853
 10
1095.878823691972
 20
-662.5883357339972
 10
1096.102987097755
 20
-652.4693297707081
 10
1096.213598593122
 20
-647.4735646093031
 10
1098.552179864622
 20
-646.8958595357617
 10
1102.41899861435
 20
-648.1412117901027
 10
1106.184546010616
 20
-649.3537005821754
 10
1108.972837818408
 20
-651.5233809541824
 10
1110.258318089833
 20
-655.5835752345138
 10
1112.021096909293
 20
-661.1516835361426
 10
1111.703705050026
 20
-666.7566335086294
 10
1111.30078170607
 20
-672.4094949497903
 10
1110.360108340066
 20
-685.6078073275266
 10
1110.026457715257
 20
-698.7360686409565
 10
1114.237132059656
 20
-711.5749585208432
 10
1120.139150434479
 20
-729.5706445272453
 10
1144.998889432183
 20
-740.6947535391419
 10
1158.87202706274
 20
-720.3022833399073
 10
1164.070248448272
 20
-711.1567277220947
 10
1165.97702112214
 20
-701.0167929223089
 10
1167.773874163002
 20
-690.8436487290737
 10
1167.944850649588
 20
-687.7966868801213
 10
1167.801116243567
 20
-684.6898789367233
 10
1168.365157035429
 20
-681.7172922918489
 10
1169.095677208512
 20
-677.8669052732548
 10
1168.939402797152
 20
-675.3608068269859
 10
1164.037817399982
 20
-675.0394367591298
 97
        0
 97
        0
 92
        1
 93
        1
 72
     4
 94
        3
 73
     0
 74
     1
 95
       26
 96
       22
 40
0.0
 40
0.0
 40
0.0
 40
0.0
 40
1.0
 40
1.0
 40
1.0
 40
2.0
 40
2.0
 40
2.0
 40
3.0
 40
3.0
 40
3.0
 40
4.0
 40
4.0
 40
4.0
 40
5.0
 40
5.0
 40
5.0
 40
6.0
 40
6.0
 40
6.0
 40
7.0
 40
7.0
 40
7.0
 40
7.0
 10
1120.989189830862
 20
-608.5277673386681
 10
1117.162672063811
 20
-615.5721369584626
 10
1108.569827991656
 20
-619.1687834552349
 10
1100.990562282062
 20
-617.0672515260349
 10
1098.543272136692
 20
-616.3888804786011
 10
1098.348253432974
 20
-614.8747396960325
 10
1098.465783551979
 20
-612.815757302189
 10
1099.164391573546
 20
-600.5801714032941
 10
1099.924834793852
 20
-588.3459692291262
 10
1100.398068650502
 20
-576.1010431883233
 10
1100.538776158683
 20
-572.4594256379223
 10
1102.314613880255
 20
-572.0161148284951
 10
1105.321274746531
 20
-571.9234052717838
 10
1116.631927148193
 20
-571.5748796061589
 10
1123.023092214027
 20
-577.1582088797859
 10
1123.973970549894
 20
-588.5142647490529
 10
1124.111651160234
 20
-590.1593404839186
 10
1124.214825135195
 20
-591.8073566338289
 10
1124.287297717774
 20
-592.8091733362098
 10
1124.087608943102
 20
-598.6780688003801
 10
1123.54804278235
 20
-603.8173954022159
 10
1120.989189830862
 20
-608.5277673386681
 97
        0
 97
        0
 75
     2
 76
     1
 98
        0
  0
ENDBLK
  5
56
330
53
100
AcDbEntity
  8
0
100
AcDbBlockEnd
  0
BLOCK
  5
6B
330
69
100
AcDbEntity
  8
0
100
AcDbBlockBegin
  2
block 4
 70
     0
 10
0.0
 20
0.0
 30
0.0
  3
block 4
  1

  0
SPLINE
  5
6D
330
69
100
AcDbEntity
  8
katman 1
370
     0
100
AcDbSpline
210
0.0
220
0.0
230
1.0
 70
    11
 71
     3
 72
   167
 73
   163
 74
     0
 42
0.0000000001
 43
0.0000000001
 12
1.0
 22
0.0
 32
0.0
 13
1.0
 23
0.0
 33
0.0
 40
0.0
 40
0.0
 40
0.0
 40
0.0
 40
1.0
 40
1.0
 40
1.0
 40
2.0
 40
2.0
 40
2.0
 40
3.0
 40
3.0
 40
3.0
 40
4.0
 40
4.0
 40
4.0
 40
5.0
 40
5.0
 40
5.0
 40
6.0
 40
6.0
 40
6.0
 40
7.0
 40
7.0
 40
7.0
 40
8.0
 40
8.0
 40
8.0
 40
9.0
 40
9.0
 40
9.0
 40
10.0
 40
10.0
 40
10.0
 40
11.0
 40
11.0
 40
11.0
 40
12.0
 40
12.0
 40
12.0
 40
13.0
 40
13.0
 40
13.0
 40
14.0
 40
14.0
 40
14.0
 40
15.0
 40
15.0
 40
15.0
 40
16.0
 40
16.0
 40
16.0
 40
17.0
 40
17.0
 40
17.0
 40
18.0
 40
18.0
 40
18.0
 40
19.0
 40
19.0
 40
19.0
 40
20.0
 40
20.0
 40
20.0
 40
21.0
 40
21.0
 40
21.0
 40
22.0
 40
22.0
 40
22.0
 40
23.0
 40
23.0
 40
23.0
 40
24.0
 40
24.0
 40
24.0
 40
25.0
 40
25.0
 40
25.0
 40
26.0
 40
26.0
 40
26.0
 40
27.0
 40
27.0
 40
27.0
 40
28.0
 40
28.0
 40
28.0
 40
29.0
 40
29.0
 40
29.0
 40
30.0
 40
30.0
 40
30.0
 40
31.0
 40
31.0
 40
31.0
 40
32.0
 40
32.0
 40
32.0
 40
33.0
 40
33.0
 40
33.0
 40
34.0
 40
34.0
 40
34.0
 40
35.0
 40
35.0
 40
35.0
 40
36.0
 40
36.0
 40
36.0
 40
37.0
 40
37.0
 40
37.0
 40
38.0
 40
38.0
 40
38.0
 40
39.0
 40
39.0
 40
39.0
 40
40.0
 40
40.0
 40
40.0
 40
41.0
 40
41.0
 40
41.0
 40
42.0
 40
42.0
 40
42.0
 40
43.0
 40
43.0
 40
43.0
 40
44.0
 40
44.0
 40
44.0
 40
45.0
 40
45.0
 40
45.0
 40
46.0
 40
46.0
 40
46.0
 40
47.0
 40
47.0
 40
47.0
 40
48.0
 40
48.0
 40
48.0
 40
49.0
 40
49.0
 40
49.0
 40
50.0
 40
50.0
 40
50.0
 40
51.0
 40
51.0
 40
51.0
 40
52.0
 40
52.0
 40
52.0
 40
53.0
 40
53.0
 40
53.0
 40
54.0
 40
54.0
 40
54.0
 40
54.0
 10
702.9091763927654
 20
-1279.600203284153
 30
0.0
 10
702.9091763927654
 20
-1279.600203284153
 30
0.0
 10
696.9838223788265
 20
-1254.479495060546
 30
0.0
 10
696.9838223788265
 20
-1254.479495060546
 30
0.0
 10
696.4761683631523
 20
-1252.096013166822
 30
0.0
 10
694.8285910446748
 20
-1249.805874925923
 30
0.0
 10
692.0400689867456
 20
-1247.613908457824
 30
0.0
 10
690.1800328448089
 20
-1246.196050558859
 30
0.0
 10
689.2515469288164
 20
-1244.842567592872
 30
0.0
 10
689.2515469288164
 20
-1243.551850186546
 30
0.0
 10
689.2515469288164
 20
-1243.551850186546
 30
0.0
 10
689.2515469288164
 20
-1236.782825983302
 30
0.0
 10
689.2515469288164
 20
-1236.782825983302
 30
0.0
 10
689.2515469288164
 20
-1234.848359247135
 30
0.0
 10
690.4731851637189
 20
-1233.88273525238
 30
0.0
 10
692.9195259434764
 20
-1233.88273525238
 30
0.0
 10
692.9195259434764
 20
-1233.88273525238
 30
0.0
 10
744.7799076010624
 20
-1233.88273525238
 30
0.0
 10
744.7799076010624
 20
-1233.88273525238
 30
0.0
 10
746.4652780756351
 20
-1233.88273525238
 30
0.0
 10
747.5408508694081
 20
-1234.204609917299
 30
0.0
 10
748.0035616724272
 20
-1234.848359247135
 30
0.0
 10
748.4672939120983
 20
-1235.493717950299
 30
0.0
 10
748.7012029052376
 20
-1236.945372689084
 30
0.0
 10
748.7012029052376
 20
-1239.200104716841
 30
0.0
 10
748.7012029052376
 20
-1242.618413658281
 30
0.0
 10
748.4693367854006
 20
-1244.663927153844
 30
0.0
 10
748.0076474190328
 20
-1245.3414733235
 30
0.0
 10
747.5459580526658
 20
-1246.019019493149
 30
0.0
 10
746.4765138788007
 20
-1246.712659396051
 30
0.0
 10
744.8013577707388
 20
-1247.420783658876
 30
0.0
 10
742.2773878054859
 20
-1248.454001333263
 30
0.0
 10
741.0179564144837
 20
-1249.485609634326
 30
0.0
 10
741.0179564144837
 20
-1250.518827308719
 30
0.0
 10
741.0179564144837
 20
-1251.875529021354
 30
0.0
 10
741.3550305093995
 20
-1253.875980063824
 30
0.0
 10
742.0322430091837
 20
-1256.52178980946
 30
0.0
 10
742.0322430091837
 20
-1256.52178980946
 30
0.0
 10
756.6050797126563
 20
-1318.868912404267
 30
0.0
 10
756.6050797126563
 20
-1318.868912404267
 30
0.0
 10
756.6050797126563
 20
-1318.868912404267
 30
0.0
 10
771.7550281240901
 20
-1254.495588793792
 30
0.0
 10
771.7550281240901
 20
-1254.495588793792
 30
0.0
 10
771.8387859294917
 20
-1253.850230090633
 30
0.0
 10
771.8816862688464
 20
-1253.17107454765
 30
0.0
 10
771.8816862688464
 20
-1252.461340911505
 30
0.0
 10
771.8816862688464
 20
-1249.490437754304
 30
0.0
 10
769.72951924465
 20
-1247.230877606569
 30
0.0
 10
765.4272280695586
 20
-1245.679441721664
 30
0.0
 10
763.2321607060085
 20
-1244.906942525859
 30
0.0
 10
762.0942802765076
 20
-1242.714976057759
 30
0.0
 10
762.010522471106
 20
-1239.103542317369
 30
0.0
 10
762.010522471106
 20
-1238.136308949286
 30
0.0
 10
761.9666006951002
 20
-1237.460372152957
 30
0.0
 10
761.8838643263489
 20
-1237.072513181731
 30
0.0
 10
761.8838643263489
 20
-1237.072513181731
 30
0.0
 10
761.8838643263489
 20
-1236.203451586447
 30
0.0
 10
761.8838643263489
 20
-1236.203451586447
 30
0.0
 10
761.8838643263489
 20
-1234.655234448186
 30
0.0
 10
763.3986548801631
 20
-1233.88273525238
 30
0.0
 10
766.4333431710456
 20
-1233.88273525238
 30
0.0
 10
766.4333431710456
 20
-1233.88273525238
 30
0.0
 10
795.4911730259837
 20
-1233.88273525238
 30
0.0
 10
795.4911730259837
 20
-1233.88273525238
 30
0.0
 10
797.5105532855187
 20
-1233.88273525238
 30
0.0
 10
798.8159493258254
 20
-1234.156328717563
 30
0.0
 10
799.4063397102509
 20
-1234.703515647927
 30
0.0
 10
799.9967300946773
 20
-1235.252311951614
 30
0.0
 10
800.2919252868896
 20
-1236.430373225216
 30
0.0
 10
800.2919252868896
 20
-1238.234480722085
 30
0.0
 10
800.2919252868896
 20
-1238.81385511894
 30
0.0
 10
800.2480035108847
 20
-1239.394838889119
 30
0.0
 10
800.1652671421343
 20
-1239.974213285974
 30
0.0
 10
800.1652671421343
 20
-1239.974213285974
 30
0.0
 10
799.7842712712145
 20
-1243.746584358825
 30
0.0
 10
799.7842712712145
 20
-1243.746584358825
 30
0.0
 10
799.4461757396493
 20
-1245.228817190777
 30
0.0
 10
798.0927721767357
 20
-1246.550112690269
 30
0.0
 10
795.7281463290765
 20
-1247.710470857302
 30
0.0
 10
793.361477608114
 20
-1248.870829024336
 30
0.0
 10
791.8405584343946
 20
-1250.839092600316
 30
0.0
 10
791.1653888079145
 20
-1253.608824091942
 30
0.0
 10
791.1653888079145
 20
-1253.608824091942
 30
0.0
 10
760.616261442141
 20
-1381.257878705515
 30
0.0
 10
760.616261442141
 20
-1381.257878705515
 30
0.0
 10
759.4313949266825
 20
-1386.287170344876
 30
0.0
 10
758.4610301079902
 20
-1389.283823475271
 30
0.0
 10
757.7010812394556
 20
-1390.251056843354
 30
0.0
 10
756.940110934268
 20
-1391.218290211438
 30
0.0
 10
755.5458499053047
 20
-1391.702711582138
 30
0.0
 10
753.5182981525604
 20
-1391.702711582138
 30
0.0
 10
753.5182981525604
 20
-1391.702711582138
 30
0.0
 10
732.2223654105173
 20
-1391.702711582138
 30
0.0
 10
732.2223654105173
 20
-1391.702711582138
 30
0.0
 10
729.9404759316112
 20
-1391.702711582138
 30
0.0
 10
728.5033145632933
 20
-1389.864807245454
 30
0.0
 10
727.9129241788669
 20
-1386.190607945398
 30
0.0
 10
727.8271235001603
 20
-1385.480874309253
 30
0.0
 10
727.7423442581066
 20
-1384.932078005571
 30
0.0
 10
727.6585864527051
 20
-1384.545828407665
 30
0.0
 10
727.6585864527051
 20
-1384.545828407665
 30
0.0
 10
711.5730020687197
 20
-1316.32288380476
 30
0.0
 10
711.5730020687197
 20
-1316.32288380476
 30
0.0
 10
711.5730020687197
 20
-1316.32288380476
 30
0.0
 10
695.5895613498624
 20
-1385.706186574698
 30
0.0
 10
695.5895613498624
 20
-1385.706186574698
 30
0.0
 10
694.9971280921345
 20
-1388.479136812975
 30
0.0
 10
694.3628159317041
 20
-1390.170588177123
 30
0.0
 10
693.6876463052222
 20
-1390.783759413796
 30
0.0
 10
693.0104338054389
 20
-1391.395321277143
 30
0.0
 10
691.9134108419903
 20
-1391.702711582138
 30
0.0
 10
690.392491668269
 20
-1391.702711582138
 30
0.0
 10
690.392491668269
 20
-1391.702711582138
 30
0.0
 10
668.2089304762858
 20
-1391.702711582138
 30
0.0
 10
668.2089304762858
 20
-1391.702711582138
 30
0.0
 10
665.6737247078672
 20
-1391.702711582138
 30
0.0
 10
663.8555674686322
 20
-1388.318199480516
 30
0.0
 10
662.7585445051818
 20
-1381.547565903944
 30
0.0
 10
662.5879645844216
 20
-1380.324442177251
 30
0.0
 10
662.4204489736148
 20
-1379.389396275663
 30
0.0
 10
662.2519119261578
 20
-1378.744037572498
 30
0.0
 10
662.2519119261578
 20
-1378.744037572498
 30
0.0
 10
631.9561008498949
 20
-1253.608824091942
 30
0.0
 10
631.9561008498949
 20
-1253.608824091942
 30
0.0
 10
631.2788883501134
 20
-1250.966233092957
 30
0.0
 10
629.5046528868825
 20
-1249.033375730118
 30
0.0
 10
626.632373023549
 20
-1247.807033256775
 30
0.0
 10
624.2657043025883
 20
-1246.839799888698
 30
0.0
 10
623.0828806604331
 20
-1245.423551363048
 30
0.0
 10
623.0828806604331
 20
-1243.551850186546
 30
0.0
 10
623.0828806604331
 20
-1243.551850186546
 30
0.0
 10
623.0828806604331
 20
-1236.106889186969
 30
0.0
 10
623.0828806604331
 20
-1236.106889186969
 30
0.0
 10
623.0828806604331
 20
-1234.624656355018
 30
0.0
 10
624.2657043025883
 20
-1233.88273525238
 30
0.0
 10
626.632373023549
 20
-1233.88273525238
 30
0.0
 10
626.632373023549
 20
-1233.88273525238
 30
0.0
 10
676.8288343762388
 20
-1233.88273525238
 30
0.0
 10
676.8288343762388
 20
-1233.88273525238
 30
0.0
 10
678.5182905974134
 20
-1233.88273525238
 30
0.0
 10
679.7011142395695
 20
-1234.220703650544
 30
0.0
 10
680.3783267393519
 20
-1234.896640446877
 30
0.0
 10
681.0534963658329
 20
-1235.574186616532
 30
0.0
 10
681.3926133340501
 20
-1237.138497488038
 30
0.0
 10
681.3926133340501
 20
-1239.587963688069
 30
0.0
 10
681.3926133340501
 20
-1242.360913926344
 30
0.0
 10
681.2659551892957
 20
-1244.100646490235
 30
0.0
 10
681.0157032097368
 20
-1244.808770753058
 30
0.0
 10
680.7644297935276
 20
-1245.520113762526
 30
0.0
 10
679.9697520788513
 20
-1246.324800424823
 30
0.0
 10
678.6316700657044
 20
-1247.227658859925
 30
0.0
 10
676.9514067743885
 20
-1248.450782586617
 30
0.0
 10
676.1138287203576
 20
-1249.707703153123
 30
0.0
 10
676.1138287203576
 20
-1250.995201812797
 30
0.0
 10
676.1138287203576
 20
-1252.477434644748
 30
0.0
 10
676.3671450098682
 20
-1254.313729608115
 30
0.0
 10
676.8747990255442
 20
-1256.504086702886
 30
0.0
 10
676.8747990255442
 20
-1256.504086702886
 30
0.0
 10
692.9389332398532
 20
-1321.793143735056
 30
0.0
 10
692.9389332398532
 20
-1321.793143735056
 30
0.0
 10
692.9389332398532
 20
-1321.793143735056
 30
0.0
 10
702.9091763927654
 20
-1279.600203284153
 30
0.0
 10
702.9091763927654
 20
-1279.600203284153
 30
0.0
  0
HATCH
  5
6E
330
69
100
AcDbEntity
  8
katman 1
 62
     1
420
 16711680
100
AcDbHatch
 10
0.0
 20
0.0
 30
0.0
210
0.0
220
0.0
230
1.0
  2
SOLID
 70
     1
 71
     0
 91
        1
 92
        1
 93
        1
 72
     4
 94
        3
 73
     0
 74
     1
 95
      167
 96
      163
 40
0.0
 40
0.0
 40
0.0
 40
0.0
 40
1.0
 40
1.0
 40
1.0
 40
2.0
 40
2.0
 40
2.0
 40
3.0
 40
3.0
 40
3.0
 40
4.0
 40
4.0
 40
4.0
 40
5.0
 40
5.0
 40
5.0
 40
6.0
 40
6.0
 40
6.0
 40
7.0
 40
7.0
 40
7.0
 40
8.0
 40
8.0
 40
8.0
 40
9.0
 40
9.0
 40
9.0
 40
10.0
 40
10.0
 40
10.0
 40
11.0
 40
11.0
 40
11.0
 40
12.0
 40
12.0
 40
12.0
 40
13.0
 40
13.0
 40
13.0
 40
14.0
 40
14.0
 40
14.0
 40
15.0
 40
15.0
 40
15.0
 40
16.0
 40
16.0
 40
16.0
 40
17.0
 40
17.0
 40
17.0
 40
18.0
 40
18.0
 40
18.0
 40
19.0
 40
19.0
 40
19.0
 40
20.0
 40
20.0
 40
20.0
 40
21.0
 40
21.0
 40
21.0
 40
22.0
 40
22.0
 40
22.0
 40
23.0
 40
23.0
 40
23.0
 40
24.0
 40
24.0
 40
24.0
 40
25.0
 40
25.0
 40
25.0
 40
26.0
 40
26.0
 40
26.0
 40
27.0
 40
27.0
 40
27.0
 40
28.0
 40
28.0
 40
28.0
 40
29.0
 40
29.0
 40
29.0
 40
30.0
 40
30.0
 40
30.0
 40
31.0
 40
31.0
 40
31.0
 40
32.0
 40
32.0
 40
32.0
 40
33.0
 40
33.0
 40
33.0
 40
34.0
 40
34.0
 40
34.0
 40
35.0
 40
35.0
 40
35.0
 40
36.0
 40
36.0
 40
36.0
 40
37.0
 40
37.0
 40
37.0
 40
38.0
 40
38.0
 40
38.0
 40
39.0
 40
39.0
 40
39.0
 40
40.0
 40
40.0
 40
40.0
 40
41.0
 40
41.0
 40
41.0
 40
42.0
 40
42.0
 40
42.0
 40
43.0
 40
43.0
 40
43.0
 40
44.0
 40
44.0
 40
44.0
 40
45.0
 40
45.0
 40
45.0
 40
46.0
 40
46.0
 40
46.0
 40
47.0
 40
47.0
 40
47.0
 40
48.0
 40
48.0
 40
48.0
 40
49.0
 40
49.0
 40
49.0
 40
50.0
 40
50.0
 40
50.0
 40
51.0
 40
51.0
 40
51.0
 40
52.0
 40
52.0
 40
52.0
 40
53.0
 40
53.0
 40
53.0
 40
54.0
 40
54.0
 40
54.0
 40
54.0
 10
702.9091763927654
 20
-1279.600203284153
 10
702.9091763927654
 20
-1279.600203284153
 10
696.9838223788265
 20
-1254.479495060546
 10
696.9838223788265
 20
-1254.479495060546
 10
696.4761683631523
 20
-1252.096013166822
 10
694.8285910446748
 20
-1249.805874925923
 10
692.0400689867456
 20
-1247.613908457824
 10
690.1800328448089
 20
-1246.196050558859
 10
689.2515469288164
 20
-1244.842567592872
 10
689.2515469288164
 20
-1243.551850186546
 10
689.2515469288164
 20
-1243.551850186546
 10
689.2515469288164
 20
-1236.782825983302
 10
689.2515469288164
 20
-1236.782825983302
 10
689.2515469288164
 20
-1234.848359247135
 10
690.4731851637189
 20
-1233.88273525238
 10
692.9195259434764
 20
-1233.88273525238
 10
692.9195259434764
 20
-1233.88273525238
 10
744.7799076010624
 20
-1233.88273525238
 10
744.7799076010624
 20
-1233.88273525238
 10
746.4652780756351
 20
-1233.88273525238
 10
747.5408508694081
 20
-1234.204609917299
 10
748.0035616724272
 20
-1234.848359247135
 10
748.4672939120983
 20
-1235.493717950299
 10
748.7012029052376
 20
-1236.945372689084
 10
748.7012029052376
 20
-1239.200104716841
 10
748.7012029052376
 20
-1242.618413658281
 10
748.4693367854006
 20
-1244.663927153844
 10
748.0076474190328
 20
-1245.3414733235
 10
747.5459580526658
 20
-1246.019019493149
 10
746.4765138788007
 20
-1246.712659396051
 10
744.8013577707388
 20
-1247.420783658876
 10
742.2773878054859
 20
-1248.454001333263
 10
741.0179564144837
 20
-1249.485609634326
 10
741.0179564144837
 20
-1250.518827308719
 10
741.0179564144837
 20
-1251.875529021354
 10
741.3550305093995
 20
-1253.875980063824
 10
742.0322430091837
 20
-1256.52178980946
 10
742.0322430091837
 20
-1256.52178980946
 10
756.6050797126563
 20
-1318.868912404267
 10
756.6050797126563
 20
-1318.868912404267
 10
756.6050797126563
 20
-1318.868912404267
 10
771.7550281240901
 20
-1254.495588793792
 10
771.7550281240901
 20
-1254.495588793792
 10
771.8387859294917
 20
-1253.850230090633
 10
771.8816862688464
 20
-1253.17107454765
 10
771.8816862688464
 20
-1252.461340911505
 10
771.8816862688464
 20
-1249.490437754304
 10
769.72951924465
 20
-1247.230877606569
 10
765.4272280695586
 20
-1245.679441721664
 10
763.2321607060085
 20
-1244.906942525859
 10
762.0942802765076
 20
-1242.714976057759
 10
762.010522471106
 20
-1239.103542317369
 10
762.010522471106
 20
-1238.136308949286
 10
761.9666006951002
 20
-1237.460372152957
 10
761.8838643263489
 20
-1237.072513181731
 10
761.8838643263489
 20
-1237.072513181731
 10
761.8838643263489
 20
-1236.203451586447
 10
761.8838643263489
 20
-1236.203451586447
 10
761.8838643263489
 20
-1234.655234448186
 10
763.3986548801631
 20
-1233.88273525238
 10
766.4333431710456
 20
-1233.88273525238
 10
766.4333431710456
 20
-1233.88273525238
 10
795.4911730259837
 20
-1233.88273525238
 10
795.4911730259837
 20
-1233.88273525238
 10
797.5105532855187
 20
-1233.88273525238
 10
798.8159493258254
 20
-1234.156328717563
 10
799.4063397102509
 20
-1234.703515647927
 10
799.9967300946773
 20
-1235.252311951614
 10
800.2919252868896
 20
-1236.430373225216
 10
800.2919252868896
 20
-1238.234480722085
 10
800.2919252868896
 20
-1238.81385511894
 10
800.2480035108847
 20
-1239.394838889119
 10
800.1652671421343
 20
-1239.974213285974
 10
800.1652671421343
 20
-1239.974213285974
 10
799.7842712712145
 20
-1243.746584358825
 10
799.7842712712145
 20
-1243.746584358825
 10
799.4461757396493
 20
-1245.228817190777
 10
798.0927721767357
 20
-1246.550112690269
 10
795.7281463290765
 20
-1247.710470857302
 10
793.361477608114
 20
-1248.870829024336
 10
791.8405584343946
 20
-1250.839092600316
 10
791.1653888079145
 20
-1253.608824091942
 10
791.1653888079145
 20
-1253.608824091942
 10
760.616261442141
 20
-1381.257878705515
 10
760.616261442141
 20
-1381.257878705515
 10
759.4313949266825
 20
-1386.287170344876
 10
758.4610301079902
 20
-1389.283823475271
 10
757.7010812394556
 20
-1390.251056843354
 10
756.940110934268
 20
-1391.218290211438
 10
755.5458499053047
 20
-1391.702711582138
 10
753.5182981525604
 20
-1391.702711582138
 10
753.5182981525604
 20
-1391.702711582138
 10
732.2223654105173
 20
-1391.702711582138
 10
732.2223654105173
 20
-1391.702711582138
 10
729.9404759316112
 20
-1391.702711582138
 10
728.5033145632933
 20
-1389.864807245454
 10
727.9129241788669
 20
-1386.190607945398
 10
727.8271235001603
 20
-1385.480874309253
 10
727.7423442581066
 20
-1384.932078005571
 10
727.6585864527051
 20
-1384.545828407665
 10
727.6585864527051
 20
-1384.545828407665
 10
711.5730020687197
 20
-1316.32288380476
 10
711.5730020687197
 20
-1316.32288380476
 10
711.5730020687197
 20
-1316.32288380476
 10
695.5895613498624
 20
-1385.706186574698
 10
695.5895613498624
 20
-1385.706186574698
 10
694.9971280921345
 20
-1388.479136812975
 10
694.3628159317041
 20
-1390.170588177123
 10
693.6876463052222
 20
-1390.783759413796
 10
693.0104338054389
 20
-1391.395321277143
 10
691.9134108419903
 20
-1391.702711582138
 10
690.392491668269
 20
-1391.702711582138
 10
690.392491668269
 20
-1391.702711582138
 10
668.2089304762858
 20
-1391.702711582138
 10
668.2089304762858
 20
-1391.702711582138
 10
665.6737247078672
 20
-1391.702711582138
 10
663.8555674686322
 20
-1388.318199480516
 10
662.7585445051818
 20
-1381.547565903944
 10
662.5879645844216
 20
-1380.324442177251
 10
662.4204489736148
 20
-1379.389396275663
 10
662.2519119261578
 20
-1378.744037572498
 10
662.2519119261578
 20
-1378.744037572498
 10
631.9561008498949
 20
-1253.608824091942
 10
631.9561008498949
 20
-1253.608824091942
 10
631.2788883501134
 20
-1250.966233092957
 10
629.5046528868825
 20
-1249.033375730118
 10
626.632373023549
 20
-1247.807033256775
 10
624.2657043025883
 20
-1246.839799888698
 10
623.0828806604331
 20
-1245.423551363048
 10
623.0828806604331
 20
-1243.551850186546
 10
623.0828806604331
 20
-1243.551850186546
 10
623.0828806604331
 20
-1236.106889186969
 10
623.0828806604331
 20
-1236.106889186969
 10
623.0828806604331
 20
-1234.624656355018
 10
624.2657043025883
 20
-1233.88273525238
 10
626.632373023549
 20
-1233.88273525238
 10
626.632373023549
 20
-1233.88273525238
 10
676.8288343762388
 20
-1233.88273525238
 10
676.8288343762388
 20
-1233.88273525238
 10
678.5182905974134
 20
-1233.88273525238
 10
679.7011142395695
 20
-1234.220703650544
 10
680.3783267393519
 20
-1234.896640446877
 10
681.0534963658329
 20
-1235.574186616532
 10
681.3926133340501
 20
-1237.138497488038
 10
681.3926133340501
 20
-1239.587963688069
 10
681.3926133340501
 20
-1242.360913926344
 10
681.2659551892957
 20
-1244.100646490235
 10
681.0157032097368
 20
-1244.808770753058
 10
680.7644297935276
 20
-1245.520113762526
 10
679.9697520788513
 20
-1246.324800424823
 10
678.6316700657044
 20
-1247.227658859925
 10
676.9514067743885
 20
-1248.450782586617
 10
676.1138287203576
 20
-1249.707703153123
 10
676.1138287203576
 20
-1250.995201812797
 10
676.1138287203576
 20
-1252.477434644748
 10
676.3671450098682
 20
-1254.313729608115
 10
676.8747990255442
 20
-1256.504086702886
 10
676.8747990255442
 20
-1256.504086702886
 10
692.9389332398532
 20
-1321.793143735056
 10
692.9389332398532
 20
-1321.793143735056
 10
692.9389332398532
 20
-1321.793143735056
 10
702.9091763927654
 20
-1279.600203284153
 10
702.9091763927654
 20
-1279.600203284153
 97
        0
 97
        0
 75
     2
 76
     1
 98
        0
  0
SPLINE
  5
6F
330
69
100
AcDbEntity
  8
katman 1
370
     0
100
AcDbSpline
210
0.0
220
0.0
230
1.0
 70
    11
 71
     3
 72
    80
 73
    76
 74
     0
 42
0.0000000001
 43
0.0000000001
 12
1.0
 22
0.0
 32
0.0
 13
1.0
 23
0.0
 33
0.0
 40
0.0
 40
0.0
 40
0.0
 40
0.0
 40
1.0
 40
1.0
 40
1.0
 40
2.0
 40
2.0
 40
2.0
 40
3.0
 40
3.0
 40
3.0
 40
4.0
 40
4.0
 40
4.0
 40
5.0
 40
5.0
 40
5.0
 40
6.0
 40
6.0
 40
6.0
 40
7.0
 40
7.0
 40
7.0
 40
8.0
 40
8.0
 40
8.0
 40
9.0
 40
9.0
 40
9.0
 40
10.0
 40
10.0
 40
10.0
 40
11.0
 40
11.0
 40
11.0
 40
12.0
 40
12.0
 40
12.0
 40
13.0
 40
13.0
 40
13.0
 40
14.0
 40
14.0
 40
14.0
 40
15.0
 40
15.0
 40
15.0
 40
16.0
 40
16.0
 40
16.0
 40
17.0
 40
17.0
 40
17.0
 40
18.0
 40
18.0
 40
18.0
 40
19.0
 40
19.0
 40
19.0
 40
20.0
 40
20.0
 40
20.0
 40
21.0
 40
21.0
 40
21.0
 40
22.0
 40
22.0
 40
22.0
 40
23.0
 40
23.0
 40
23.0
 40
24.0
 40
24.0
 40
24.0
 40
25.0
 40
25.0
 40
25.0
 40
25.0
 10
806.3766234184241
 20
-1242.005242421614
 30
0.0
 10
806.3766234184241
 20
-1242.005242421614
 30
0.0
 10
806.3766234184241
 20
-1236.879388382775
 30
0.0
 10
806.3766234184241
 20
-1236.879388382775
 30
0.0
 10
806.3766234184241
 20
-1234.882156086955
 30
0.0
 10
807.7708844473873
 20
-1233.88273525238
 30
0.0
 10
810.5594065053183
 20
-1233.88273525238
 30
0.0
 10
810.5594065053183
 20
-1233.88273525238
 30
0.0
 10
871.2766653659455
 20
-1233.88273525238
 30
0.0
 10
871.2766653659455
 20
-1233.88273525238
 30
0.0
 10
873.5585548448526
 20
-1233.88273525238
 30
0.0
 10
875.0365736792228
 20
-1234.108047517826
 30
0.0
 10
875.7137861790034
 20
-1234.558672048714
 30
0.0
 10
876.3889558054852
 20
-1235.010905952922
 30
0.0
 10
876.7270513370495
 20
-1236.364388918906
 30
0.0
 10
876.7270513370495
 20
-1238.620730319992
 30
0.0
 10
876.7270513370495
 20
-1242.039039261426
 30
0.0
 10
876.4941637805623
 20
-1244.166630796542
 30
0.0
 10
876.0304315408957
 20
-1245.003504925331
 30
0.0
 10
875.5646564279195
 20
-1245.841988427444
 30
0.0
 10
874.5289196635458
 20
-1246.356987891319
 30
0.0
 10
872.9252641210751
 20
-1246.550112690269
 30
0.0
 10
867.6842726634786
 20
-1247.259846326415
 30
0.0
 10
865.0653090896567
 20
-1249.805874925923
 30
0.0
 10
865.0653090896567
 20
-1254.18980786212
 30
0.0
 10
865.0653090896567
 20
-1254.18980786212
 30
0.0
 10
865.0653090896567
 20
-1370.426796230993
 30
0.0
 10
865.0653090896567
 20
-1370.426796230993
 30
0.0
 10
865.0653090896567
 20
-1372.87787180435
 30
0.0
 10
866.9672241342969
 20
-1374.812338540516
 30
0.0
 10
870.7700327869243
 20
-1376.230196439483
 30
0.0
 10
873.2194378766362
 20
-1377.133054874583
 30
0.0
 10
874.699499584307
 20
-1377.93774153688
 30
0.0
 10
875.20613216333
 20
-1378.647475173026
 30
0.0
 10
875.7137861790034
 20
-1379.357208809173
 30
0.0
 10
875.9671024685158
 20
-1380.581941909188
 30
0.0
 10
875.9671024685158
 20
-1382.321674473076
 30
0.0
 10
875.9671024685158
 20
-1382.321674473076
 30
0.0
 10
875.9671024685158
 20
-1386.092436172599
 30
0.0
 10
875.9671024685158
 20
-1386.092436172599
 30
0.0
 10
875.9671024685158
 20
-1388.157262148055
 30
0.0
 10
875.7137861790034
 20
-1389.317620315091
 30
0.0
 10
875.20613216333
 20
-1389.575120047026
 30
0.0
 10
874.699499584307
 20
-1389.832619778957
 30
0.0
 10
873.3879749240932
 20
-1389.961369644927
 30
0.0
 10
871.2766653659455
 20
-1389.961369644927
 30
0.0
 10
871.2766653659455
 20
-1389.961369644927
 30
0.0
 10
809.4184617658639
 20
-1389.961369644927
 30
0.0
 10
809.4184617658639
 20
-1389.961369644927
 30
0.0
 10
807.051793044905
 20
-1389.961369644927
 30
0.0
 10
805.8699908393992
 20
-1389.253245382108
 30
0.0
 10
805.8699908393992
 20
-1387.833778109816
 30
0.0
 10
805.8699908393992
 20
-1383.192345441683
 30
0.0
 10
806.0793853529067
 20
-1380.356629643746
 30
0.0
 10
806.5032815631794
 20
-1379.323411969353
 30
0.0
 10
806.925134900147
 20
-1378.293413041611
 30
0.0
 10
808.4051966078177
 20
-1377.487117005992
 30
0.0
 10
810.939380939586
 20
-1376.906133235814
 30
0.0
 10
815.5031598973992
 20
-1375.938899867731
 30
0.0
 10
817.7850493763044
 20
-1374.10260490437
 30
0.0
 10
817.7850493763044
 20
-1371.394029599076
 30
0.0
 10
817.7850493763044
 20
-1371.394029599076
 30
0.0
 10
817.7850493763044
 20
-1256.607086595664
 30
0.0
 10
817.7850493763044
 20
-1256.607086595664
 30
0.0
 10
817.7850493763044
 20
-1253.900120663691
 30
0.0
 10
817.3611531660335
 20
-1251.852997794807
 30
0.0
 10
816.5174464920965
 20
-1250.467327362334
 30
0.0
 10
815.6716969448571
 20
-1249.081656929853
 30
0.0
 10
813.8116608029177
 20
-1247.937392496071
 30
0.0
 10
810.939380939586
 20
-1247.032924687646
 30
0.0
 10
808.8270499447872
 20
-1246.324800424823
 30
0.0
 10
807.5369754542498
 20
-1245.697144828231
 30
0.0
 10
807.0732432145796
 20
-1245.148348524544
 30
0.0
 10
806.6084895382573
 20
-1244.601161594184
 30
0.0
 10
806.3766234184241
 20
-1243.551850186546
 30
0.0
 10
806.3766234184241
 20
-1242.005242421614
 30
0.0
  0
HATCH
  5
70
330
69
100
AcDbEntity
  8
katman 1
 62
     1
420
 16711680
100
AcDbHatch
 10
0.0
 20
0.0
 30
0.0
210
0.0
220
0.0
230
1.0
  2
SOLID
 70
     1
 71
     0
 91
        1
 92
        1
 93
        1
 72
     4
 94
        3
 73
     0
 74
     1
 95
       80
 96
       76
 40
0.0
 40
0.0
 40
0.0
 40
0.0
 40
1.0
 40
1.0
 40
1.0
 40
2.0
 40
2.0
 40
2.0
 40
3.0
 40
3.0
 40
3.0
 40
4.0
 40
4.0
 40
4.0
 40
5.0
 40
5.0
 40
5.0
 40
6.0
 40
6.0
 40
6.0
 40
7.0
 40
7.0
 40
7.0
 40
8.0
 40
8.0
 40
8.0
 40
9.0
 40
9.0
 40
9.0
 40
10.0
 40
10.0
 40
10.0
 40
11.0
 40
11.0
 40
11.0
 40
12.0
 40
12.0
 40
12.0
 40
13.0
 40
13.0
 40
13.0
 40
14.0
 40
14.0
 40
14.0
 40
15.0
 40
15.0
 40
15.0
 40
16.0
 40
16.0
 40
16.0
 40
17.0
 40
17.0
 40
17.0
 40
18.0
 40
18.0
 40
18.0
 40
19.0
 40
19.0
 40
19.0
 40
20.0
 40
20.0
 40
20.0
 40
21.0
 40
21.0
 40
21.0
 40
22.0
 40
22.0
 40
22.0
 40
23.0
 40
23.0
 40
23.0
 40
24.0
 40
24.0
 40
24.0
 40
25.0
 40
25.0
 40
25.0
 40
25.0
 10
806.3766234184241
 20
-1242.005242421614
 10
806.3766234184241
 20
-1242.005242421614
 10
806.3766234184241
 20
-1236.879388382775
 10
806.3766234184241
 20
-1236.879388382775
 10
806.3766234184241
 20
-1234.882156086955
 10
807.7708844473873
 20
-1233.88273525238
 10
810.5594065053183
 20
-1233.88273525238
 10
810.5594065053183
 20
-1233.88273525238
 10
871.2766653659455
 20
-1233.88273525238
 10
871.2766653659455
 20
-1233.88273525238
 10
873.5585548448526
 20
-1233.88273525238
 10
875.0365736792228
 20
-1234.108047517826
 10
875.7137861790034
 20
-1234.558672048714
 10
876.3889558054852
 20
-1235.010905952922
 10
876.7270513370495
 20
-1236.364388918906
 10
876.7270513370495
 20
-1238.620730319992
 10
876.7270513370495
 20
-1242.039039261426
 10
876.4941637805623
 20
-1244.166630796542
 10
876.0304315408957
 20
-1245.003504925331
 10
875.5646564279195
 20
-1245.841988427444
 10
874.5289196635458
 20
-1246.356987891319
 10
872.9252641210751
 20
-1246.550112690269
 10
867.6842726634786
 20
-1247.259846326415
 10
865.0653090896567
 20
-1249.805874925923
 10
865.0653090896567
 20
-1254.18980786212
 10
865.0653090896567
 20
-1254.18980786212
 10
865.0653090896567
 20
-1370.426796230993
 10
865.0653090896567
 20
-1370.426796230993
 10
865.0653090896567
 20
-1372.87787180435
 10
866.9672241342969
 20
-1374.812338540516
 10
870.7700327869243
 20
-1376.230196439483
 10
873.2194378766362
 20
-1377.133054874583
 10
874.699499584307
 20
-1377.93774153688
 10
875.20613216333
 20
-1378.647475173026
 10
875.7137861790034
 20
-1379.357208809173
 10
875.9671024685158
 20
-1380.581941909188
 10
875.9671024685158
 20
-1382.321674473076
 10
875.9671024685158
 20
-1382.321674473076
 10
875.9671024685158
 20
-1386.092436172599
 10
875.9671024685158
 20
-1386.092436172599
 10
875.9671024685158
 20
-1388.157262148055
 10
875.7137861790034
 20
-1389.317620315091
 10
875.20613216333
 20
-1389.575120047026
 10
874.699499584307
 20
-1389.832619778957
 10
873.3879749240932
 20
-1389.961369644927
 10
871.2766653659455
 20
-1389.961369644927
 10
871.2766653659455
 20
-1389.961369644927
 10
809.4184617658639
 20
-1389.961369644927
 10
809.4184617658639
 20
-1389.961369644927
 10
807.051793044905
 20
-1389.961369644927
 10
805.8699908393992
 20
-1389.253245382108
 10
805.8699908393992
 20
-1387.833778109816
 10
805.8699908393992
 20
-1383.192345441683
 10
806.0793853529067
 20
-1380.356629643746
 10
806.5032815631794
 20
-1379.323411969353
 10
806.925134900147
 20
-1378.293413041611
 10
808.4051966078177
 20
-1377.487117005992
 10
810.939380939586
 20
-1376.906133235814
 10
815.5031598973992
 20
-1375.938899867731
 10
817.7850493763044
 20
-1374.10260490437
 10
817.7850493763044
 20
-1371.394029599076
 10
817.7850493763044
 20
-1371.394029599076
 10
817.7850493763044
 20
-1256.607086595664
 10
817.7850493763044
 20
-1256.607086595664
 10
817.7850493763044
 20
-1253.900120663691
 10
817.3611531660335
 20
-1251.852997794807
 10
816.5174464920965
 20
-1250.467327362334
 10
815.6716969448571
 20
-1249.081656929853
 10
813.8116608029177
 20
-1247.937392496071
 10
810.939380939586
 20
-1247.032924687646
 10
808.8270499447872
 20
-1246.324800424823
 10
807.5369754542498
 20
-1245.697144828231
 10
807.0732432145796
 20
-1245.148348524544
 10
806.6084895382573
 20
-1244.601161594184
 10
806.3766234184241
 20
-1243.551850186546
 10
806.3766234184241
 20
-1242.005242421614
 97
        0
 97
        0
 75
     2
 76
     1
 98
        0
  0
SPLINE
  5
71
330
69
100
AcDbEntity
  8
katman 1
370
     0
100
AcDbSpline
210
0.0
220
0.0
230
1.0
 70
    11
 71
     3
 72
   113
 73
   109
 74
     0
 42
0.0000000001
 43
0.0000000001
 12
1.0
 22
0.0
 32
0.0
 13
1.0
 23
0.0
 33
0.0
 40
0.0
 40
0.0
 40
0.0
 40
0.0
 40
1.0
 40
1.0
 40
1.0
 40
2.0
 40
2.0
 40
2.0
 40
3.0
 40
3.0
 40
3.0
 40
4.0
 40
4.0
 40
4.0
 40
5.0
 40
5.0
 40
5.0
 40
6.0
 40
6.0
 40
6.0
 40
7.0
 40
7.0
 40
7.0
 40
8.0
 40
8.0
 40
8.0
 40
9.0
 40
9.0
 40
9.0
 40
10.0
 40
10.0
 40
10.0
 40
11.0
 40
11.0
 40
11.0
 40
12.0
 40
12.0
 40
12.0
 40
13.0
 40
13.0
 40
13.0
 40
14.0
 40
14.0
 40
14.0
 40
15.0
 40
15.0
 40
15.0
 40
16.0
 40
16.0
 40
16.0
 40
17.0
 40
17.0
 40
17.0
 40
18.0
 40
18.0
 40
18.0
 40
19.0
 40
19.0
 40
19.0
 40
20.0
 40
20.0
 40
20.0
 40
21.0
 40
21.0
 40
21.0
 40
22.0
 40
22.0
 40
22.0
 40
23.0
 40
23.0
 40
23.0
 40
24.0
 40
24.0
 40
24.0
 40
25.0
 40
25.0
 40
25.0
 40
26.0
 40
26.0
 40
26.0
 40
27.0
 40
27.0
 40
27.0
 40
28.0
 40
28.0
 40
28.0
 40
29.0
 40
29.0
 40
29.0
 40
30.0
 40
30.0
 40
30.0
 40
31.0
 40
31.0
 40
31.0
 40
32.0
 40
32.0
 40
32.0
 40
33.0
 40
33.0
 40
33.0
 40
34.0
 40
34.0
 40
34.0
 40
35.0
 40
35.0
 40
35.0
 40
36.0
 40
36.0
 40
36.0
 40
36.0
 10
916.0217193108801
 20
-1244.71220835358
 30
0.0
 10
916.0217193108801
 20
-1244.71220835358
 30
0.0
 10
910.2659237810512
 20
-1244.71220835358
 30
0.0
 10
910.2659237810512
 20
-1244.71220835358
 30
0.0
 10
908.3885232160428
 20
-1244.71220835358
 30
0.0
 10
906.857389675808
 20
-1245.66495736174
 30
0.0
 10
905.6715017237002
 20
-1247.565627258089
 30
0.0
 10
904.482549461638
 20
-1249.46790652776
 30
0.0
 10
903.2435468036638
 20
-1254.609854299839
 30
0.0
 10
901.951429439825
 20
-1262.989861201004
 30
0.0
 10
901.3518461255371
 20
-1266.664060501054
 30
0.0
 10
900.420295899592
 20
-1268.970292475202
 30
0.0
 10
899.1567787619879
 20
-1269.903729003468
 30
0.0
 10
897.8932616243837
 20
-1270.838774905054
 30
0.0
 10
895.3600987292666
 20
-1271.305493169188
 30
0.0
 10
891.5572900766401
 20
-1271.305493169188
 30
0.0
 10
887.9230184714706
 20
-1271.305493169188
 30
0.0
 10
885.5777999201873
 20
-1270.967524771024
 30
0.0
 10
884.5226558594386
 20
-1270.291587974696
 30
0.0
 10
883.4644474887373
 20
-1269.61404180504
 30
0.0
 10
882.9384076133392
 20
-1268.276652572302
 30
0.0
 10
882.9384076133392
 20
-1266.277810903153
 30
0.0
 10
882.9384076133392
 20
-1265.11745273612
 30
0.0
 10
882.9792650793897
 20
-1263.957094569087
 30
0.0
 10
883.0650657580954
 20
-1262.796736402053
 30
0.0
 10
883.0650657580954
 20
-1262.796736402053
 30
0.0
 10
884.6074351014904
 20
-1240.263900484402
 30
0.0
 10
884.6074351014904
 20
-1240.263900484402
 30
0.0
 10
884.7698435290422
 20
-1237.621309485417
 30
0.0
 10
885.3581910401663
 20
-1235.897670654773
 30
0.0
 10
886.3704347615603
 20
-1235.091374619149
 30
0.0
 10
887.3806356096538
 20
-1234.285078583531
 30
0.0
 10
889.9178842513757
 20
-1233.88273525238
 30
0.0
 10
893.9780949401193
 20
-1233.88273525238
 30
0.0
 10
893.9780949401193
 20
-1233.88273525238
 30
0.0
 10
986.9962450234234
 20
-1233.88273525238
 30
0.0
 10
986.9962450234234
 20
-1233.88273525238
 30
0.0
 10
989.7020307126022
 20
-1233.88273525238
 30
0.0
 10
991.351650904382
 20
-1234.140234984317
 30
0.0
 10
991.944084162109
 20
-1234.655234448186
 30
0.0
 10
992.5365174198396
 20
-1235.171843285381
 30
0.0
 10
993.0022925328121
 20
-1237.04193508856
 30
0.0
 10
993.3424309376805
 20
-1240.263900484402
 30
0.0
 10
993.3424309376805
 20
-1240.263900484402
 30
0.0
 10
995.4997051451319
 20
-1260.184723496237
 30
0.0
 10
995.4997051451319
 20
-1260.184723496237
 30
0.0
 10
995.6682421925907
 20
-1261.732940634498
 30
0.0
 10
995.7530214346443
 20
-1263.31334523925
 30
0.0
 10
995.7530214346443
 20
-1264.924327937169
 30
0.0
 10
995.7530214346443
 20
-1266.857185300008
 30
0.0
 10
995.4363760727574
 20
-1268.341027505283
 30
0.0
 10
994.802063912326
 20
-1269.372635806349
 30
0.0
 10
994.1687731885468
 20
-1270.404244107413
 30
0.0
 10
992.1606287321756
 20
-1270.919243571287
 30
0.0
 10
988.7817162898209
 20
-1270.919243571287
 30
0.0
 10
984.4712536215193
 20
-1270.919243571287
 30
0.0
 10
981.7021388599624
 20
-1270.597368906369
 30
0.0
 10
980.4784577517603
 20
-1269.952010203204
 30
0.0
 10
979.2527337702522
 20
-1269.308260873368
 30
0.0
 10
978.2598973452295
 20
-1267.277231737728
 30
0.0
 10
977.499948476694
 20
-1263.860532169614
 30
0.0
 10
976.1465449137795
 20
-1258.251866133398
 30
0.0
 10
974.6675046427608
 20
-1253.657105291679
 30
0.0
 10
973.062827663638
 20
-1250.079468391106
 30
0.0
 10
971.4571292478631
 20
-1246.501831490528
 30
0.0
 10
969.4704349611693
 20
-1244.71220835358
 30
0.0
 10
967.105809113511
 20
-1244.71220835358
 30
0.0
 10
967.105809113511
 20
-1244.71220835358
 30
0.0
 10
963.3030004608845
 20
-1244.71220835358
 30
0.0
 10
963.3030004608845
 20
-1244.71220835358
 30
0.0
 10
963.3030004608845
 20
-1244.71220835358
 30
0.0
 10
963.3030004608845
 20
-1368.880188466059
 30
0.0
 10
963.3030004608845
 20
-1368.880188466059
 30
0.0
 10
963.3030004608845
 20
-1372.42563790014
 30
0.0
 10
965.330552213627
 20
-1374.875104100176
 30
0.0
 10
969.387698592418
 20
-1376.230196439483
 30
0.0
 10
971.0771548135963
 20
-1376.809570836338
 30
0.0
 10
972.1956279467195
 20
-1377.503210739238
 30
0.0
 10
972.7461823017475
 20
-1378.307897401535
 30
0.0
 10
973.2946937834731
 20
-1379.11580281048
 30
0.0
 10
973.5704816793113
 20
-1380.807254174633
 30
0.0
 10
973.5704816793113
 20
-1383.385470240632
 30
0.0
 10
973.5704816793113
 20
-1386.673419942781
 30
0.0
 10
973.1884643717422
 20
-1388.591792945697
 30
0.0
 10
972.4274940665564
 20
-1389.138979876057
 30
0.0
 10
971.6644808880665
 20
-1389.687776179744
 30
0.0
 10
969.9300814542348
 20
-1389.961369644927
 30
0.0
 10
967.2202100184513
 20
-1389.961369644927
 30
0.0
 10
967.2202100184513
 20
-1389.961369644927
 30
0.0
 10
911.3414965748234
 20
-1389.961369644927
 30
0.0
 10
911.3414965748234
 20
-1389.961369644927
 30
0.0
 10
909.139279154715
 20
-1389.961369644927
 30
0.0
 10
907.7215250827721
 20
-1389.639494980009
 30
0.0
 10
907.0872129223426
 20
-1388.994136276844
 30
0.0
 10
906.451879325261
 20
-1388.350386947006
 30
0.0
 10
906.1352339633704
 20
-1386.514091983645
 30
0.0
 10
906.1352339633704
 20
-1383.48203264011
 30
0.0
 10
906.1352339633704
 20
-1379.872208273042
 30
0.0
 10
907.4620801733527
 20
-1377.680241804943
 30
0.0
 10
910.1157725933172
 20
-1376.906133235814
 30
0.0
 10
912.6826428979239
 20
-1376.132024666682
 30
0.0
 10
914.308770046724
 20
-1375.375619204122
 30
0.0
 10
914.9941540397158
 20
-1374.633698101485
 30
0.0
 10
915.6795380327094
 20
-1373.89338637217
 30
0.0
 10
916.0217193108801
 20
-1372.620372072419
 30
0.0
 10
916.0217193108801
 20
-1370.814655202221
 30
0.0
 10
916.0217193108801
 20
-1370.814655202221
 30
0.0
 10
916.0217193108801
 20
-1244.71220835358
 30
0.0
 10
916.0217193108801
 20
-1244.71220835358
 30
0.0
  0
HATCH
  5
72
330
69
100
AcDbEntity
  8
katman 1
 62
     1
420
 16711680
100
AcDbHatch
 10
0.0
 20
0.0
 30
0.0
210
0.0
220
0.0
230
1.0
  2
SOLID
 70
     1
 71
     0
 91
        1
 92
        1
 93
        1
 72
     4
 94
        3
 73
     0
 74
     1
 95
      113
 96
      109
 40
0.0
 40
0.0
 40
0.0
 40
0.0
 40
1.0
 40
1.0
 40
1.0
 40
2.0
 40
2.0
 40
2.0
 40
3.0
 40
3.0
 40
3.0
 40
4.0
 40
4.0
 40
4.0
 40
5.0
 40
5.0
 40
5.0
 40
6.0
 40
6.0
 40
6.0
 40
7.0
 40
7.0
 40
7.0
 40
8.0
 40
8.0
 40
8.0
 40
9.0
 40
9.0
 40
9.0
 40
10.0
 40
10.0
 40
10.0
 40
11.0
 40
11.0
 40
11.0
 40
12.0
 40
12.0
 40
12.0
 40
13.0
 40
13.0
 40
13.0
 40
14.0
 40
14.0
 40
14.0
 40
15.0
 40
15.0
 40
15.0
 40
16.0
 40
16.0
 40
16.0
 40
17.0
 40
17.0
 40
17.0
 40
18.0
 40
18.0
 40
18.0
 40
19.0
 40
19.0
 40
19.0
 40
20.0
 40
20.0
 40
20.0
 40
21.0
 40
21.0
 40
21.0
 40
22.0
 40
22.0
 40
22.0
 40
23.0
 40
23.0
 40
23.0
 40
24.0
 40
24.0
 40
24.0
 40
25.0
 40
25.0
 40
25.0
 40
26.0
 40
26.0
 40
26.0
 40
27.0
 40
27.0
 40
27.0
 40
28.0
 40
28.0
 40
28.0
 40
29.0
 40
29.0
 40
29.0
 40
30.0
 40
30.0
 40
30.0
 40
31.0
 40
31.0
 40
31.0
 40
32.0
 40
32.0
 40
32.0
 40
33.0
 40
33.0
 40
33.0
 40
34.0
 40
34.0
 40
34.0
 40
35.0
 40
35.0
 40
35.0
 40
36.0
 40
36.0
 40
36.0
 40
36.0
 10
916.0217193108801
 20
-1244.71220835358
 10
916.0217193108801
 20
-1244.71220835358
 10
910.2659237810512
 20
-1244.71220835358
 10
910.2659237810512
 20
-1244.71220835358
 10
908.3885232160428
 20
-1244.71220835358
 10
906.857389675808
 20
-1245.66495736174
 10
905.6715017237002
 20
-1247.565627258089
 10
904.482549461638
 20
-1249.46790652776
 10
903.2435468036638
 20
-1254.609854299839
 10
901.951429439825
 20
-1262.989861201004
 10
901.3518461255371
 20
-1266.664060501054
 10
900.420295899592
 20
-1268.970292475202
 10
899.1567787619879
 20
-1269.903729003468
 10
897.8932616243837
 20
-1270.838774905054
 10
895.3600987292666
 20
-1271.305493169188
 10
891.5572900766401
 20
-1271.305493169188
 10
887.9230184714706
 20
-1271.305493169188
 10
885.5777999201873
 20
-1270.967524771024
 10
884.5226558594386
 20
-1270.291587974696
 10
883.4644474887373
 20
-1269.61404180504
 10
882.9384076133392
 20
-1268.276652572302
 10
882.9384076133392
 20
-1266.277810903153
 10
882.9384076133392
 20
-1265.11745273612
 10
882.9792650793897
 20
-1263.957094569087
 10
883.0650657580954
 20
-1262.796736402053
 10
883.0650657580954
 20
-1262.796736402053
 10
884.6074351014904
 20
-1240.263900484402
 10
884.6074351014904
 20
-1240.263900484402
 10
884.7698435290422
 20
-1237.621309485417
 10
885.3581910401663
 20
-1235.897670654773
 10
886.3704347615603
 20
-1235.091374619149
 10
887.3806356096538
 20
-1234.285078583531
 10
889.9178842513757
 20
-1233.88273525238
 10
893.9780949401193
 20
-1233.88273525238
 10
893.9780949401193
 20
-1233.88273525238
 10
986.9962450234234
 20
-1233.88273525238
 10
986.9962450234234
 20
-1233.88273525238
 10
989.7020307126022
 20
-1233.88273525238
 10
991.351650904382
 20
-1234.140234984317
 10
991.944084162109
 20
-1234.655234448186
 10
992.5365174198396
 20
-1235.171843285381
 10
993.0022925328121
 20
-1237.04193508856
 10
993.3424309376805
 20
-1240.263900484402
 10
993.3424309376805
 20
-1240.263900484402
 10
995.4997051451319
 20
-1260.184723496237
 10
995.4997051451319
 20
-1260.184723496237
 10
995.6682421925907
 20
-1261.732940634498
 10
995.7530214346443
 20
-1263.31334523925
 10
995.7530214346443
 20
-1264.924327937169
 10
995.7530214346443
 20
-1266.857185300008
 10
995.4363760727574
 20
-1268.341027505283
 10
994.802063912326
 20
-1269.372635806349
 10
994.1687731885468
 20
-1270.404244107413
 10
992.1606287321756
 20
-1270.919243571287
 10
988.7817162898209
 20
-1270.919243571287
 10
984.4712536215193
 20
-1270.919243571287
 10
981.7021388599624
 20
-1270.597368906369
 10
980.4784577517603
 20
-1269.952010203204
 10
979.2527337702522
 20
-1269.308260873368
 10
978.2598973452295
 20
-1267.277231737728
 10
977.499948476694
 20
-1263.860532169614
 10
976.1465449137795
 20
-1258.251866133398
 10
974.6675046427608
 20
-1253.657105291679
 10
973.062827663638
 20
-1250.079468391106
 10
971.4571292478631
 20
-1246.501831490528
 10
969.4704349611693
 20
-1244.71220835358
 10
967.105809113511
 20
-1244.71220835358
 10
967.105809113511
 20
-1244.71220835358
 10
963.3030004608845
 20
-1244.71220835358
 10
963.3030004608845
 20
-1244.71220835358
 10
963.3030004608845
 20
-1244.71220835358
 10
963.3030004608845
 20
-1368.880188466059
 10
963.3030004608845
 20
-1368.880188466059
 10
963.3030004608845
 20
-1372.42563790014
 10
965.330552213627
 20
-1374.875104100176
 10
969.387698592418
 20
-1376.230196439483
 10
971.0771548135963
 20
-1376.809570836338
 10
972.1956279467195
 20
-1377.503210739238
 10
972.7461823017475
 20
-1378.307897401535
 10
973.2946937834731
 20
-1379.11580281048
 10
973.5704816793113
 20
-1380.807254174633
 10
973.5704816793113
 20
-1383.385470240632
 10
973.5704816793113
 20
-1386.673419942781
 10
973.1884643717422
 20
-1388.591792945697
 10
972.4274940665564
 20
-1389.138979876057
 10
971.6644808880665
 20
-1389.687776179744
 10
969.9300814542348
 20
-1389.961369644927
 10
967.2202100184513
 20
-1389.961369644927
 10
967.2202100184513
 20
-1389.961369644927
 10
911.3414965748234
 20
-1389.961369644927
 10
911.3414965748234
 20
-1389.961369644927
 10
909.139279154715
 20
-1389.961369644927
 10
907.7215250827721
 20
-1389.639494980009
 10
907.0872129223426
 20
-1388.994136276844
 10
906.451879325261
 20
-1388.350386947006
 10
906.1352339633704
 20
-1386.514091983645
 10
906.1352339633704
 20
-1383.48203264011
 10
906.1352339633704
 20
-1379.872208273042
 10
907.4620801733527
 20
-1377.680241804943
 10
910.1157725933172
 20
-1376.906133235814
 10
912.6826428979239
 20
-1376.132024666682
 10
914.308770046724
 20
-1375.375619204122
 10
914.9941540397158
 20
-1374.633698101485
 10
915.6795380327094
 20
-1373.89338637217
 10
916.0217193108801
 20
-1372.620372072419
 10
916.0217193108801
 20
-1370.814655202221
 10
916.0217193108801
 20
-1370.814655202221
 10
916.0217193108801
 20
-1244.71220835358
 10
916.0217193108801
 20
-1244.71220835358
 97
        0
 97
        0
 75
     2
 76
     1
 98
        0
  0
SPLINE
  5
73
330
69
100
AcDbEntity
  8
katman 1
370
     0
100
AcDbSpline
210
0.0
220
0.0
230
1.0
 70
    11
 71
     3
 72
   152
 73
   148
 74
     0
 42
0.0000000001
 43
0.0000000001
 12
1.0
 22
0.0
 32
0.0
 13
1.0
 23
0.0
 33
0.0
 40
0.0
 40
0.0
 40
0.0
 40
0.0
 40
1.0
 40
1.0
 40
1.0
 40
2.0
 40
2.0
 40
2.0
 40
3.0
 40
3.0
 40
3.0
 40
4.0
 40
4.0
 40
4.0
 40
5.0
 40
5.0
 40
5.0
 40
6.0
 40
6.0
 40
6.0
 40
7.0
 40
7.0
 40
7.0
 40
8.0
 40
8.0
 40
8.0
 40
9.0
 40
9.0
 40
9.0
 40
10.0
 40
10.0
 40
10.0
 40
11.0
 40
11.0
 40
11.0
 40
12.0
 40
12.0
 40
12.0
 40
13.0
 40
13.0
 40
13.0
 40
14.0
 40
14.0
 40
14.0
 40
15.0
 40
15.0
 40
15.0
 40
16.0
 40
16.0
 40
16.0
 40
17.0
 40
17.0
 40
17.0
 40
18.0
 40
18.0
 40
18.0
 40
19.0
 40
19.0
 40
19.0
 40
20.0
 40
20.0
 40
20.0
 40
21.0
 40
21.0
 40
21.0
 40
22.0
 40
22.0
 40
22.0
 40
23.0
 40
23.0
 40
23.0
 40
24.0
 40
24.0
 40
24.0
 40
25.0
 40
25.0
 40
25.0
 40
26.0
 40
26.0
 40
26.0
 40
27.0
 40
27.0
 40
27.0
 40
28.0
 40
28.0
 40
28.0
 40
29.0
 40
29.0
 40
29.0
 40
30.0
 40
30.0
 40
30.0
 40
31.0
 40
31.0
 40
31.0
 40
32.0
 40
32.0
 40
32.0
 40
33.0
 40
33.0
 40
33.0
 40
34.0
 40
34.0
 40
34.0
 40
35.0
 40
35.0
 40
35.0
 40
36.0
 40
36.0
 40
36.0
 40
37.0
 40
37.0
 40
37.0
 40
38.0
 40
38.0
 40
38.0
 40
39.0
 40
39.0
 40
39.0
 40
40.0
 40
40.0
 40
40.0
 40
41.0
 40
41.0
 40
41.0
 40
42.0
 40
42.0
 40
42.0
 40
43.0
 40
43.0
 40
43.0
 40
44.0
 40
44.0
 40
44.0
 40
45.0
 40
45.0
 40
45.0
 40
46.0
 40
46.0
 40
46.0
 40
47.0
 40
47.0
 40
47.0
 40
48.0
 40
48.0
 40
48.0
 40
49.0
 40
49.0
 40
49.0
 40
49.0
 10
1061.668371413518
 20
-1300.800478089039
 30
0.0
 10
1061.668371413518
 20
-1300.800478089039
 30
0.0
 10
1081.948996124212
 20
-1300.800478089039
 30
0.0
 10
1081.948996124212
 20
-1300.800478089039
 30
0.0
 10
1081.948996124212
 20
-1300.800478089039
 30
0.0
 10
1081.948996124212
 20
-1252.15877872648
 30
0.0
 10
1081.948996124212
 20
-1252.15877872648
 30
0.0
 10
1081.948996124212
 20
-1250.612170961547
 30
0.0
 10
1081.759008907078
 20
-1249.580562660482
 30
0.0
 10
1081.37903447281
 20
-1249.063953823286
 30
0.0
 10
1080.999060038541
 20
-1248.548954359418
 30
0.0
 10
1079.963323274167
 20
-1247.903595656253
 30
0.0
 10
1078.273867052991
 20
-1247.131096460447
 30
0.0
 10
1076.413830911055
 20
-1246.356987891319
 30
0.0
 10
1075.484323558409
 20
-1244.552880394443
 30
0.0
 10
1075.484323558409
 20
-1241.715555223185
 30
0.0
 10
1075.484323558409
 20
-1238.105730856118
 30
0.0
 10
1075.69473950857
 20
-1235.897670654773
 30
0.0
 10
1076.118635718838
 20
-1235.091374619149
 30
0.0
 10
1076.540489055809
 20
-1234.285078583531
 30
0.0
 10
1077.723312697965
 20
-1233.88273525238
 30
0.0
 10
1079.668128081958
 20
-1233.88273525238
 30
0.0
 10
1079.668128081958
 20
-1233.88273525238
 30
0.0
 10
1134.680663245319
 20
-1233.88273525238
 30
0.0
 10
1134.680663245319
 20
-1233.88273525238
 30
0.0
 10
1137.131089771679
 20
-1233.88273525238
 30
0.0
 10
1138.6101300427
 20
-1234.220703650544
 30
0.0
 10
1139.117784058375
 20
-1234.896640446877
 30
0.0
 10
1139.624416637398
 20
-1235.574186616532
 30
0.0
 10
1139.877732926911
 20
-1237.783856191199
 30
0.0
 10
1139.877732926911
 20
-1241.522430424237
 30
0.0
 10
1139.877732926911
 20
-1243.778771825315
 30
0.0
 10
1139.602966467723
 20
-1245.116161058053
 30
0.0
 10
1139.054454985995
 20
-1245.534598122449
 30
0.0
 10
1138.503900630969
 20
-1245.954644560168
 30
0.0
 10
1136.791972803465
 20
-1246.712659396051
 30
0.0
 10
1133.920714376784
 20
-1247.807033256775
 30
0.0
 10
1130.793075350637
 20
-1249.097750663104
 30
0.0
 10
1129.230277274215
 20
-1251.094982958924
 30
0.0
 10
1129.230277274215
 20
-1253.803558264219
 30
0.0
 10
1129.230277274215
 20
-1253.803558264219
 30
0.0
 10
1129.230277274215
 20
-1369.557734635715
 30
0.0
 10
1129.230277274215
 20
-1369.557734635715
 30
0.0
 10
1129.230277274215
 20
-1372.588184605922
 30
0.0
 10
1131.04639164015
 20
-1375.005463339467
 30
0.0
 10
1134.680663245319
 20
-1376.809570836338
 30
0.0
 10
1137.637722350704
 20
-1378.22903810863
 30
0.0
 10
1139.117784058375
 20
-1379.518146141632
 30
0.0
 10
1139.117784058375
 20
-1380.678504308666
 30
0.0
 10
1139.117784058375
 20
-1380.678504308666
 30
0.0
 10
1139.117784058375
 20
-1386.769982342255
 30
0.0
 10
1139.117784058375
 20
-1386.769982342255
 30
0.0
 10
1139.117784058375
 20
-1388.060699748579
 30
0.0
 10
1138.864467768861
 20
-1388.913667610617
 30
0.0
 10
1138.356813753189
 20
-1389.332104675013
 30
0.0
 10
1137.850181174166
 20
-1389.752151112731
 30
0.0
 10
1136.370119466497
 20
-1389.961369644927
 30
0.0
 10
1133.920714376784
 20
-1389.961369644927
 30
0.0
 10
1133.920714376784
 20
-1389.961369644927
 30
0.0
 10
1078.653841487259
 20
-1389.961369644927
 30
0.0
 10
1078.653841487259
 20
-1389.961369644927
 30
0.0
 10
1076.793805345322
 20
-1389.961369644927
 30
0.0
 10
1075.652860605867
 20
-1389.70386991299
 30
0.0
 10
1075.2310072689
 20
-1389.187261075798
 30
0.0
 10
1074.807111058626
 20
-1388.672261611926
 30
0.0
 10
1074.597716545119
 20
-1386.287170344876
 30
0.0
 10
1074.597716545119
 20
-1382.031987274648
 30
0.0
 10
1074.597716545119
 20
-1379.904395739532
 30
0.0
 10
1075.738661284569
 20
-1378.22903810863
 30
0.0
 10
1078.01952932683
 20
-1377.002695635287
 30
0.0
 10
1080.638492900649
 20
-1375.586447109645
 30
0.0
 10
1081.948996124212
 20
-1373.941667571911
 30
0.0
 10
1081.948996124212
 20
-1372.071575768732
 30
0.0
 10
1081.948996124212
 20
-1372.071575768732
 30
0.0
 10
1081.948996124212
 20
-1311.728122963039
 30
0.0
 10
1081.948996124212
 20
-1311.728122963039
 30
0.0
 10
1081.948996124212
 20
-1311.728122963039
 30
0.0
 10
1061.668371413518
 20
-1311.728122963039
 30
0.0
 10
1061.668371413518
 20
-1311.728122963039
 30
0.0
 10
1061.668371413518
 20
-1311.728122963039
 30
0.0
 10
1061.668371413518
 20
-1372.650950165582
 30
0.0
 10
1061.668371413518
 20
-1372.650950165582
 30
0.0
 10
1061.668371413518
 20
-1374.715776141038
 30
0.0
 10
1062.765394376966
 20
-1376.35894630545
 30
0.0
 10
1064.963526050471
 20
-1377.583679405465
 30
0.0
 10
1067.160636287321
 20
-1378.937162371454
 30
0.0
 10
1068.259702124073
 20
-1380.839441641125
 30
0.0
 10
1068.259702124073
 20
-1383.288907841154
 30
0.0
 10
1068.259702124073
 20
-1386.707216782595
 30
0.0
 10
1068.00638583456
 20
-1388.672261611926
 30
0.0
 10
1067.498731818887
 20
-1389.187261075798
 30
0.0
 10
1066.992099239866
 20
-1389.70386991299
 30
0.0
 10
1065.977812645166
 20
-1389.961369644927
 30
0.0
 10
1064.456893471448
 20
-1389.961369644927
 30
0.0
 10
1064.456893471448
 20
-1389.961369644927
 30
0.0
 10
1008.810046147653
 20
-1389.961369644927
 30
0.0
 10
1008.810046147653
 20
-1389.961369644927
 30
0.0
 10
1007.034789247773
 20
-1389.961369644927
 30
0.0
 10
1005.935723411019
 20
-1389.671682446498
 30
0.0
 10
1005.51387007405
 20
-1389.090698676322
 30
0.0
 10
1005.08997386378
 20
-1388.511324279465
 30
0.0
 10
1004.880579350271
 20
-1386.222795411895
 30
0.0
 10
1004.880579350271
 20
-1382.225112073598
 30
0.0
 10
1004.880579350271
 20
-1380.356629643746
 30
0.0
 10
1005.08997386378
 20
-1379.130287170405
 30
0.0
 10
1005.51387007405
 20
-1378.550912773549
 30
0.0
 10
1005.935723411019
 20
-1377.969929003371
 30
0.0
 10
1007.118547053175
 20
-1377.261804740547
 30
0.0
 10
1009.063362437166
 20
-1376.423321238437
 30
0.0
 10
1012.612854800282
 20
-1375.005463339467
 30
0.0
 10
1014.387090263515
 20
-1373.103184069796
 30
0.0
 10
1014.387090263515
 20
-1370.718092802743
 30
0.0
 10
1014.387090263515
 20
-1370.718092802743
 30
0.0
 10
1014.387090263515
 20
-1253.803558264219
 30
0.0
 10
1014.387090263515
 20
-1253.803558264219
 30
0.0
 10
1014.387090263515
 20
-1251.93346646104
 30
0.0
 10
1012.822249313789
 20
-1250.16154643066
 30
0.0
 10
1009.696653160945
 20
-1248.484579426431
 30
0.0
 10
1006.570035571449
 20
-1246.74323748922
 30
0.0
 10
1005.007237495029
 20
-1244.26319319602
 30
0.0
 10
1005.007237495029
 20
-1241.038009053529
 30
0.0
 10
1005.007237495029
 20
-1237.621309485417
 30
0.0
 10
1005.365761759618
 20
-1235.574186616532
 30
0.0
 10
1006.084853162103
 20
-1234.896640446877
 30
0.0
 10
1006.801901691286
 20
-1234.220703650544
 30
0.0
 10
1008.386149937383
 20
-1233.88273525238
 30
0.0
 10
1010.837597900398
 20
-1233.88273525238
 30
0.0
 10
1010.837597900398
 20
-1233.88273525238
 30
0.0
 10
1062.80931615297
 20
-1233.88273525238
 30
0.0
 10
1062.80931615297
 20
-1233.88273525238
 30
0.0
 10
1065.090184195225
 20
-1233.88273525238
 30
0.0
 10
1066.652982271647
 20
-1234.188516184053
 30
0.0
 10
1067.498731818887
 20
-1234.800078047399
 30
0.0
 10
1068.342438492824
 20
-1235.414858657396
 30
0.0
 10
1068.766334703098
 20
-1236.848810289612
 30
0.0
 10
1068.766334703098
 20
-1239.103542317369
 30
0.0
 10
1068.766334703098
 20
-1239.103542317369
 30
0.0
 10
1068.766334703098
 20
-1243.648412586024
 30
0.0
 10
1068.766334703098
 20
-1243.648412586024
 30
0.0
 10
1068.595754782338
 20
-1244.808770753058
 30
0.0
 10
1067.540610721589
 20
-1245.841988427444
 30
0.0
 10
1065.597838210902
 20
-1246.74323748922
 30
0.0
 10
1062.976831763777
 20
-1247.840830096593
 30
0.0
 10
1061.668371413518
 20
-1249.644937593464
 30
0.0
 10
1061.668371413518
 20
-1252.15877872648
 30
0.0
 10
1061.668371413518
 20
-1252.15877872648
 30
0.0
 10
1061.668371413518
 20
-1300.800478089039
 30
0.0
 10
1061.668371413518
 20
-1300.800478089039
 30
0.0
  0
HATCH
  5
74
330
69
100
AcDbEntity
  8
katman 1
 62
     1
420
 16711680
100
AcDbHatch
 10
0.0
 20
0.0
 30
0.0
210
0.0
220
0.0
230
1.0
  2
SOLID
 70
     1
 71
     0
 91
        1
 92
        1
 93
        1
 72
     4
 94
        3
 73
     0
 74
     1
 95
      152
 96
      148
 40
0.0
 40
0.0
 40
0.0
 40
0.0
 40
1.0
 40
1.0
 40
1.0
 40
2.0
 40
2.0
 40
2.0
 40
3.0
 40
3.0
 40
3.0
 40
4.0
 40
4.0
 40
4.0
 40
5.0
 40
5.0
 40
5.0
 40
6.0
 40
6.0
 40
6.0
 40
7.0
 40
7.0
 40
7.0
 40
8.0
 40
8.0
 40
8.0
 40
9.0
 40
9.0
 40
9.0
 40
10.0
 40
10.0
 40
10.0
 40
11.0
 40
11.0
 40
11.0
 40
12.0
 40
12.0
 40
12.0
 40
13.0
 40
13.0
 40
13.0
 40
14.0
 40
14.0
 40
14.0
 40
15.0
 40
15.0
 40
15.0
 40
16.0
 40
16.0
 40
16.0
 40
17.0
 40
17.0
 40
17.0
 40
18.0
 40
18.0
 40
18.0
 40
19.0
 40
19.0
 40
19.0
 40
20.0
 40
20.0
 40
20.0
 40
21.0
 40
21.0
 40
21.0
 40
22.0
 40
22.0
 40
22.0
 40
23.0
 40
23.0
 40
23.0
 40
24.0
 40
24.0
 40
24.0
 40
25.0
 40
25.0
 40
25.0
 40
26.0
 40
26.0
 40
26.0
 40
27.0
 40
27.0
 40
27.0
 40
28.0
 40
28.0
 40
28.0
 40
29.0
 40
29.0
 40
29.0
 40
30.0
 40
30.0
 40
30.0
 40
31.0
 40
31.0
 40
31.0
 40
32.0
 40
32.0
 40
32.0
 40
33.0
 40
33.0
 40
33.0
 40
34.0
 40
34.0
 40
34.0
 40
35.0
 40
35.0
 40
35.0
 40
36.0
 40
36.0
 40
36.0
 40
37.0
 40
37.0
 40
37.0
 40
38.0
 40
38.0
 40
38.0
 40
39.0
 40
39.0
 40
39.0
 40
40.0
 40
40.0
 40
40.0
 40
41.0
 40
41.0
 40
41.0
 40
42.0
 40
42.0
 40
42.0
 40
43.0
 40
43.0
 40
43.0
 40
44.0
 40
44.0
 40
44.0
 40
45.0
 40
45.0
 40
45.0
 40
46.0
 40
46.0
 40
46.0
 40
47.0
 40
47.0
 40
47.0
 40
48.0
 40
48.0
 40
48.0
 40
49.0
 40
49.0
 40
49.0
 40
49.0
 10
1061.668371413518
 20
-1300.800478089039
 10
1061.668371413518
 20
-1300.800478089039
 10
1081.948996124212
 20
-1300.800478089039
 10
1081.948996124212
 20
-1300.800478089039
 10
1081.948996124212
 20
-1300.800478089039
 10
1081.948996124212
 20
-1252.15877872648
 10
1081.948996124212
 20
-1252.15877872648
 10
1081.948996124212
 20
-1250.612170961547
 10
1081.759008907078
 20
-1249.580562660482
 10
1081.37903447281
 20
-1249.063953823286
 10
1080.999060038541
 20
-1248.548954359418
 10
1079.963323274167
 20
-1247.903595656253
 10
1078.273867052991
 20
-1247.131096460447
 10
1076.413830911055
 20
-1246.356987891319
 10
1075.484323558409
 20
-1244.552880394443
 10
1075.484323558409
 20
-1241.715555223185
 10
1075.484323558409
 20
-1238.105730856118
 10
1075.69473950857
 20
-1235.897670654773
 10
1076.118635718838
 20
-1235.091374619149
 10
1076.540489055809
 20
-1234.285078583531
 10
1077.723312697965
 20
-1233.88273525238
 10
1079.668128081958
 20
-1233.88273525238
 10
1079.668128081958
 20
-1233.88273525238
 10
1134.680663245319
 20
-1233.88273525238
 10
1134.680663245319
 20
-1233.88273525238
 10
1137.131089771679
 20
-1233.88273525238
 10
1138.6101300427
 20
-1234.220703650544
 10
1139.117784058375
 20
-1234.896640446877
 10
1139.624416637398
 20
-1235.574186616532
 10
1139.877732926911
 20
-1237.783856191199
 10
1139.877732926911
 20
-1241.522430424237
 10
1139.877732926911
 20
-1243.778771825315
 10
1139.602966467723
 20
-1245.116161058053
 10
1139.054454985995
 20
-1245.534598122449
 10
1138.503900630969
 20
-1245.954644560168
 10
1136.791972803465
 20
-1246.712659396051
 10
1133.920714376784
 20
-1247.807033256775
 10
1130.793075350637
 20
-1249.097750663104
 10
1129.230277274215
 20
-1251.094982958924
 10
1129.230277274215
 20
-1253.803558264219
 10
1129.230277274215
 20
-1253.803558264219
 10
1129.230277274215
 20
-1369.557734635715
 10
1129.230277274215
 20
-1369.557734635715
 10
1129.230277274215
 20
-1372.588184605922
 10
1131.04639164015
 20
-1375.005463339467
 10
1134.680663245319
 20
-1376.809570836338
 10
1137.637722350704
 20
-1378.22903810863
 10
1139.117784058375
 20
-1379.518146141632
 10
1139.117784058375
 20
-1380.678504308666
 10
1139.117784058375
 20
-1380.678504308666
 10
1139.117784058375
 20
-1386.769982342255
 10
1139.117784058375
 20
-1386.769982342255
 10
1139.117784058375
 20
-1388.060699748579
 10
1138.864467768861
 20
-1388.913667610617
 10
1138.356813753189
 20
-1389.332104675013
 10
1137.850181174166
 20
-1389.752151112731
 10
1136.370119466497
 20
-1389.961369644927
 10
1133.920714376784
 20
-1389.961369644927
 10
1133.920714376784
 20
-1389.961369644927
 10
1078.653841487259
 20
-1389.961369644927
 10
1078.653841487259
 20
-1389.961369644927
 10
1076.793805345322
 20
-1389.961369644927
 10
1075.652860605867
 20
-1389.70386991299
 10
1075.2310072689
 20
-1389.187261075798
 10
1074.807111058626
 20
-1388.672261611926
 10
1074.597716545119
 20
-1386.287170344876
 10
1074.597716545119
 20
-1382.031987274648
 10
1074.597716545119
 20
-1379.904395739532
 10
1075.738661284569
 20
-1378.22903810863
 10
1078.01952932683
 20
-1377.002695635287
 10
1080.638492900649
 20
-1375.586447109645
 10
1081.948996124212
 20
-1373.941667571911
 10
1081.948996124212
 20
-1372.071575768732
 10
1081.948996124212
 20
-1372.071575768732
 10
1081.948996124212
 20
-1311.728122963039
 10
1081.948996124212
 20
-1311.728122963039
 10
1081.948996124212
 20
-1311.728122963039
 10
1061.668371413518
 20
-1311.728122963039
 10
1061.668371413518
 20
-1311.728122963039
 10
1061.668371413518
 20
-1311.728122963039
 10
1061.668371413518
 20
-1372.650950165582
 10
1061.668371413518
 20
-1372.650950165582
 10
1061.668371413518
 20
-1374.715776141038
 10
1062.765394376966
 20
-1376.35894630545
 10
1064.963526050471
 20
-1377.583679405465
 10
1067.160636287321
 20
-1378.937162371454
 10
1068.259702124073
 20
-1380.839441641125
 10
1068.259702124073
 20
-1383.288907841154
 10
1068.259702124073
 20
-1386.707216782595
 10
1068.00638583456
 20
-1388.672261611926
 10
1067.498731818887
 20
-1389.187261075798
 10
1066.992099239866
 20
-1389.70386991299
 10
1065.977812645166
 20
-1389.961369644927
 10
1064.456893471448
 20
-1389.961369644927
 10
1064.456893471448
 20
-1389.961369644927
 10
1008.810046147653
 20
-1389.961369644927
 10
1008.810046147653
 20
-1389.961369644927
 10
1007.034789247773
 20
-1389.961369644927
 10
1005.935723411019
 20
-1389.671682446498
 10
1005.51387007405
 20
-1389.090698676322
 10
1005.08997386378
 20
-1388.511324279465
 10
1004.880579350271
 20
-1386.222795411895
 10
1004.880579350271
 20
-1382.225112073598
 10
1004.880579350271
 20
-1380.356629643746
 10
1005.08997386378
 20
-1379.130287170405
 10
1005.51387007405
 20
-1378.550912773549
 10
1005.935723411019
 20
-1377.969929003371
 10
1007.118547053175
 20
-1377.261804740547
 10
1009.063362437166
 20
-1376.423321238437
 10
1012.612854800282
 20
-1375.005463339467
 10
1014.387090263515
 20
-1373.103184069796
 10
1014.387090263515
 20
-1370.718092802743
 10
1014.387090263515
 20
-1370.718092802743
 10
1014.387090263515
 20
-1253.803558264219
 10
1014.387090263515
 20
-1253.803558264219
 10
1014.387090263515
 20
-1251.93346646104
 10
1012.822249313789
 20
-1250.16154643066
 10
1009.696653160945
 20
-1248.484579426431
 10
1006.570035571449
 20
-1246.74323748922
 10
1005.007237495029
 20
-1244.26319319602
 10
1005.007237495029
 20
-1241.038009053529
 10
1005.007237495029
 20
-1237.621309485417
 10
1005.365761759618
 20
-1235.574186616532
 10
1006.084853162103
 20
-1234.896640446877
 10
1006.801901691286
 20
-1234.220703650544
 10
1008.386149937383
 20
-1233.88273525238
 10
1010.837597900398
 20
-1233.88273525238
 10
1010.837597900398
 20
-1233.88273525238
 10
1062.80931615297
 20
-1233.88273525238
 10
1062.80931615297
 20
-1233.88273525238
 10
1065.090184195225
 20
-1233.88273525238
 10
1066.652982271647
 20
-1234.188516184053
 10
1067.498731818887
 20
-1234.800078047399
 10
1068.342438492824
 20
-1235.414858657396
 10
1068.766334703098
 20
-1236.848810289612
 10
1068.766334703098
 20
-1239.103542317369
 10
1068.766334703098
 20
-1239.103542317369
 10
1068.766334703098
 20
-1243.648412586024
 10
1068.766334703098
 20
-1243.648412586024
 10
1068.595754782338
 20
-1244.808770753058
 10
1067.540610721589
 20
-1245.841988427444
 10
1065.597838210902
 20
-1246.74323748922
 10
1062.976831763777
 20
-1247.840830096593
 10
1061.668371413518
 20
-1249.644937593464
 10
1061.668371413518
 20
-1252.15877872648
 10
1061.668371413518
 20
-1252.15877872648
 10
1061.668371413518
 20
-1300.800478089039
 10
1061.668371413518
 20
-1300.800478089039
 97
        0
 97
        0
 75
     2
 76
     1
 98
        0
  0
ENDBLK
  5
6C
330
69
100
AcDbEntity
  8
0
100
AcDbBlockEnd
  0
BLOCK
  5
77
330
75
100
AcDbEntity
  8
0
100
AcDbBlockBegin
  2
block 5
 70
     0
 10
0.0
 20
0.0
 30
0.0
  3
block 5
  1

  0
SPLINE
  5
79
330
75
100
AcDbEntity
  8
katman 1
370
     0
100
AcDbSpline
210
0.0
220
0.0
230
1.0
 70
    11
 71
     3
 72
    80
 73
    76
 74
     0
 42
0.0000000001
 43
0.0000000001
 12
1.0
 22
0.0
 32
0.0
 13
1.0
 23
0.0
 33
0.0
 40
0.0
 40
0.0
 40
0.0
 40
0.0
 40
1.0
 40
1.0
 40
1.0
 40
2.0
 40
2.0
 40
2.0
 40
3.0
 40
3.0
 40
3.0
 40
4.0
 40
4.0
 40
4.0
 40
5.0
 40
5.0
 40
5.0
 40
6.0
 40
6.0
 40
6.0
 40
7.0
 40
7.0
 40
7.0
 40
8.0
 40
8.0
 40
8.0
 40
9.0
 40
9.0
 40
9.0
 40
10.0
 40
10.0
 40
10.0
 40
11.0
 40
11.0
 40
11.0
 40
12.0
 40
12.0
 40
12.0
 40
13.0
 40
13.0
 40
13.0
 40
14.0
 40
14.0
 40
14.0
 40
15.0
 40
15.0
 40
15.0
 40
16.0
 40
16.0
 40
16.0
 40
17.0
 40
17.0
 40
17.0
 40
18.0
 40
18.0
 40
18.0
 40
19.0
 40
19.0
 40
19.0
 40
20.0
 40
20.0
 40
20.0
 40
21.0
 40
21.0
 40
21.0
 40
22.0
 40
22.0
 40
22.0
 40
23.0
 40
23.0
 40
23.0
 40
24.0
 40
24.0
 40
24.0
 40
25.0
 40
25.0
 40
25.0
 40
25.0
 10
1180.011560423931
 20
-1242.005242421614
 30
0.0
 10
1180.011560423931
 20
-1242.005242421614
 30
0.0
 10
1180.011560423931
 20
-1236.879388382775
 30
0.0
 10
1180.011560423931
 20
-1236.879388382775
 30
0.0
 10
1180.011560423931
 20
-1234.882156086955
 30
0.0
 10
1181.405821452896
 20
-1233.88273525238
 30
0.0
 10
1184.194343510826
 20
-1233.88273525238
 30
0.0
 10
1184.194343510826
 20
-1233.88273525238
 30
0.0
 10
1244.911602371454
 20
-1233.88273525238
 30
0.0
 10
1244.911602371454
 20
-1233.88273525238
 30
0.0
 10
1247.193491850361
 20
-1233.88273525238
 30
0.0
 10
1248.67151068473
 20
-1234.108047517826
 30
0.0
 10
1249.348723184512
 20
-1234.558672048714
 30
0.0
 10
1250.023892810994
 20
-1235.010905952922
 30
0.0
 10
1250.36198834256
 20
-1236.364388918906
 30
0.0
 10
1250.36198834256
 20
-1238.620730319992
 30
0.0
 10
1250.36198834256
 20
-1242.039039261426
 30
0.0
 10
1250.129100786071
 20
-1244.166630796542
 30
0.0
 10
1249.665368546404
 20
-1245.003504925331
 30
0.0
 10
1249.199593433428
 20
-1245.841988427444
 30
0.0
 10
1248.163856669056
 20
-1246.356987891319
 30
0.0
 10
1246.560201126586
 20
-1246.550112690269
 30
0.0
 10
1241.319209668985
 20
-1247.259846326415
 30
0.0
 10
1238.700246095166
 20
-1249.805874925923
 30
0.0
 10
1238.700246095166
 20
-1254.18980786212
 30
0.0
 10
1238.700246095166
 20
-1254.18980786212
 30
0.0
 10
1238.700246095166
 20
-1370.426796230993
 30
0.0
 10
1238.700246095166
 20
-1370.426796230993
 30
0.0
 10
1238.700246095166
 20
-1372.87787180435
 30
0.0
 10
1240.602161139805
 20
-1374.812338540516
 30
0.0
 10
1244.404969792433
 20
-1376.230196439483
 30
0.0
 10
1246.854374882143
 20
-1377.133054874583
 30
0.0
 10
1248.334436589814
 20
-1377.93774153688
 30
0.0
 10
1248.841069168839
 20
-1378.647475173026
 30
0.0
 10
1249.348723184512
 20
-1379.357208809173
 30
0.0
 10
1249.602039474023
 20
-1380.581941909188
 30
0.0
 10
1249.602039474023
 20
-1382.321674473076
 30
0.0
 10
1249.602039474023
 20
-1382.321674473076
 30
0.0
 10
1249.602039474023
 20
-1386.092436172599
 30
0.0
 10
1249.602039474023
 20
-1386.092436172599
 30
0.0
 10
1249.602039474023
 20
-1388.157262148055
 30
0.0
 10
1249.348723184512
 20
-1389.317620315091
 30
0.0
 10
1248.841069168839
 20
-1389.575120047026
 30
0.0
 10
1248.334436589814
 20
-1389.832619778957
 30
0.0
 10
1247.022911929602
 20
-1389.961369644927
 30
0.0
 10
1244.911602371454
 20
-1389.961369644927
 30
0.0
 10
1244.911602371454
 20
-1389.961369644927
 30
0.0
 10
1183.053398771373
 20
-1389.961369644927
 30
0.0
 10
1183.053398771373
 20
-1389.961369644927
 30
0.0
 10
1180.686730050413
 20
-1389.961369644927
 30
0.0
 10
1179.50492784491
 20
-1389.253245382108
 30
0.0
 10
1179.50492784491
 20
-1387.833778109816
 30
0.0
 10
1179.50492784491
 20
-1383.192345441683
 30
0.0
 10
1179.714322358417
 20
-1380.356629643746
 30
0.0
 10
1180.138218568689
 20
-1379.323411969353
 30
0.0
 10
1180.560071905657
 20
-1378.293413041611
 30
0.0
 10
1182.040133613327
 20
-1377.487117005992
 30
0.0
 10
1184.574317945095
 20
-1376.906133235814
 30
0.0
 10
1189.138096902905
 20
-1375.938899867731
 30
0.0
 10
1191.419986381814
 20
-1374.10260490437
 30
0.0
 10
1191.419986381814
 20
-1371.394029599076
 30
0.0
 10
1191.419986381814
 20
-1371.394029599076
 30
0.0
 10
1191.419986381814
 20
-1256.607086595664
 30
0.0
 10
1191.419986381814
 20
-1256.607086595664
 30
0.0
 10
1191.419986381814
 20
-1253.900120663691
 30
0.0
 10
1190.99609017154
 20
-1251.852997794807
 30
0.0
 10
1190.152383497603
 20
-1250.467327362334
 30
0.0
 10
1189.306633950364
 20
-1249.081656929853
 30
0.0
 10
1187.446597808426
 20
-1247.937392496071
 30
0.0
 10
1184.574317945095
 20
-1247.032924687646
 30
0.0
 10
1182.461986950297
 20
-1246.324800424823
 30
0.0
 10
1181.171912459758
 20
-1245.697144828231
 30
0.0
 10
1180.70818022009
 20
-1245.148348524544
 30
0.0
 10
1180.243426543768
 20
-1244.601161594184
 30
0.0
 10
1180.011560423931
 20
-1243.551850186546
 30
0.0
 10
1180.011560423931
 20
-1242.005242421614
 30
0.0
  0
HATCH
  5
7A
330
75
100
AcDbEntity
  8
katman 1
 62
     1
420
 16711680
100
AcDbHatch
 10
0.0
 20
0.0
 30
0.0
210
0.0
220
0.0
230
1.0
  2
SOLID
 70
     1
 71
     0
 91
        1
 92
        1
 93
        1
 72
     4
 94
        3
 73
     0
 74
     1
 95
       80
 96
       76
 40
0.0
 40
0.0
 40
0.0
 40
0.0
 40
1.0
 40
1.0
 40
1.0
 40
2.0
 40
2.0
 40
2.0
 40
3.0
 40
3.0
 40
3.0
 40
4.0
 40
4.0
 40
4.0
 40
5.0
 40
5.0
 40
5.0
 40
6.0
 40
6.0
 40
6.0
 40
7.0
 40
7.0
 40
7.0
 40
8.0
 40
8.0
 40
8.0
 40
9.0
 40
9.0
 40
9.0
 40
10.0
 40
10.0
 40
10.0
 40
11.0
 40
11.0
 40
11.0
 40
12.0
 40
12.0
 40
12.0
 40
13.0
 40
13.0
 40
13.0
 40
14.0
 40
14.0
 40
14.0
 40
15.0
 40
15.0
 40
15.0
 40
16.0
 40
16.0
 40
16.0
 40
17.0
 40
17.0
 40
17.0
 40
18.0
 40
18.0
 40
18.0
 40
19.0
 40
19.0
 40
19.0
 40
20.0
 40
20.0
 40
20.0
 40
21.0
 40
21.0
 40
21.0
 40
22.0
 40
22.0
 40
22.0
 40
23.0
 40
23.0
 40
23.0
 40
24.0
 40
24.0
 40
24.0
 40
25.0
 40
25.0
 40
25.0
 40
25.0
 10
1180.011560423931
 20
-1242.005242421614
 10
1180.011560423931
 20
-1242.005242421614
 10
1180.011560423931
 20
-1236.879388382775
 10
1180.011560423931
 20
-1236.879388382775
 10
1180.011560423931
 20
-1234.882156086955
 10
1181.405821452896
 20
-1233.88273525238
 10
1184.194343510826
 20
-1233.88273525238
 10
1184.194343510826
 20
-1233.88273525238
 10
1244.911602371454
 20
-1233.88273525238
 10
1244.911602371454
 20
-1233.88273525238
 10
1247.193491850361
 20
-1233.88273525238
 10
1248.67151068473
 20
-1234.108047517826
 10
1249.348723184512
 20
-1234.558672048714
 10
1250.023892810994
 20
-1235.010905952922
 10
1250.36198834256
 20
-1236.364388918906
 10
1250.36198834256
 20
-1238.620730319992
 10
1250.36198834256
 20
-1242.039039261426
 10
1250.129100786071
 20
-1244.166630796542
 10
1249.665368546404
 20
-1245.003504925331
 10
1249.199593433428
 20
-1245.841988427444
 10
1248.163856669056
 20
-1246.356987891319
 10
1246.560201126586
 20
-1246.550112690269
 10
1241.319209668985
 20
-1247.259846326415
 10
1238.700246095166
 20
-1249.805874925923
 10
1238.700246095166
 20
-1254.18980786212
 10
1238.700246095166
 20
-1254.18980786212
 10
1238.700246095166
 20
-1370.426796230993
 10
1238.700246095166
 20
-1370.426796230993
 10
1238.700246095166
 20
-1372.87787180435
 10
1240.602161139805
 20
-1374.812338540516
 10
1244.404969792433
 20
-1376.230196439483
 10
1246.854374882143
 20
-1377.133054874583
 10
1248.334436589814
 20
-1377.93774153688
 10
1248.841069168839
 20
-1378.647475173026
 10
1249.348723184512
 20
-1379.357208809173
 10
1249.602039474023
 20
-1380.581941909188
 10
1249.602039474023
 20
-1382.321674473076
 10
1249.602039474023
 20
-1382.321674473076
 10
1249.602039474023
 20
-1386.092436172599
 10
1249.602039474023
 20
-1386.092436172599
 10
1249.602039474023
 20
-1388.157262148055
 10
1249.348723184512
 20
-1389.317620315091
 10
1248.841069168839
 20
-1389.575120047026
 10
1248.334436589814
 20
-1389.832619778957
 10
1247.022911929602
 20
-1389.961369644927
 10
1244.911602371454
 20
-1389.961369644927
 10
1244.911602371454
 20
-1389.961369644927
 10
1183.053398771373
 20
-1389.961369644927
 10
1183.053398771373
 20
-1389.961369644927
 10
1180.686730050413
 20
-1389.961369644927
 10
1179.50492784491
 20
-1389.253245382108
 10
1179.50492784491
 20
-1387.833778109816
 10
1179.50492784491
 20
-1383.192345441683
 10
1179.714322358417
 20
-1380.356629643746
 10
1180.138218568689
 20
-1379.323411969353
 10
1180.560071905657
 20
-1378.293413041611
 10
1182.040133613327
 20
-1377.487117005992
 10
1184.574317945095
 20
-1376.906133235814
 10
1189.138096902905
 20
-1375.938899867731
 10
1191.419986381814
 20
-1374.10260490437
 10
1191.419986381814
 20
-1371.394029599076
 10
1191.419986381814
 20
-1371.394029599076
 10
1191.419986381814
 20
-1256.607086595664
 10
1191.419986381814
 20
-1256.607086595664
 10
1191.419986381814
 20
-1253.900120663691
 10
1190.99609017154
 20
-1251.852997794807
 10
1190.152383497603
 20
-1250.467327362334
 10
1189.306633950364
 20
-1249.081656929853
 10
1187.446597808426
 20
-1247.937392496071
 10
1184.574317945095
 20
-1247.032924687646
 10
1182.461986950297
 20
-1246.324800424823
 10
1181.171912459758
 20
-1245.697144828231
 10
1180.70818022009
 20
-1245.148348524544
 10
1180.243426543768
 20
-1244.601161594184
 10
1180.011560423931
 20
-1243.551850186546
 10
1180.011560423931
 20
-1242.005242421614
 97
        0
 97
        0
 75
     2
 76
     1
 98
        0
  0
SPLINE
  5
7B
330
75
100
AcDbEntity
  8
katman 1
370
     0
100
AcDbSpline
210
0.0
220
0.0
230
1.0
 70
    11
 71
     3
 72
   113
 73
   109
 74
     0
 42
0.0000000001
 43
0.0000000001
 12
1.0
 22
0.0
 32
0.0
 13
1.0
 23
0.0
 33
0.0
 40
0.0
 40
0.0
 40
0.0
 40
0.0
 40
1.0
 40
1.0
 40
1.0
 40
2.0
 40
2.0
 40
2.0
 40
3.0
 40
3.0
 40
3.0
 40
4.0
 40
4.0
 40
4.0
 40
5.0
 40
5.0
 40
5.0
 40
6.0
 40
6.0
 40
6.0
 40
7.0
 40
7.0
 40
7.0
 40
8.0
 40
8.0
 40
8.0
 40
9.0
 40
9.0
 40
9.0
 40
10.0
 40
10.0
 40
10.0
 40
11.0
 40
11.0
 40
11.0
 40
12.0
 40
12.0
 40
12.0
 40
13.0
 40
13.0
 40
13.0
 40
14.0
 40
14.0
 40
14.0
 40
15.0
 40
15.0
 40
15.0
 40
16.0
 40
16.0
 40
16.0
 40
17.0
 40
17.0
 40
17.0
 40
18.0
 40
18.0
 40
18.0
 40
19.0
 40
19.0
 40
19.0
 40
20.0
 40
20.0
 40
20.0
 40
21.0
 40
21.0
 40
21.0
 40
22.0
 40
22.0
 40
22.0
 40
23.0
 40
23.0
 40
23.0
 40
24.0
 40
24.0
 40
24.0
 40
25.0
 40
25.0
 40
25.0
 40
26.0
 40
26.0
 40
26.0
 40
27.0
 40
27.0
 40
27.0
 40
28.0
 40
28.0
 40
28.0
 40
29.0
 40
29.0
 40
29.0
 40
30.0
 40
30.0
 40
30.0
 40
31.0
 40
31.0
 40
31.0
 40
32.0
 40
32.0
 40
32.0
 40
33.0
 40
33.0
 40
33.0
 40
34.0
 40
34.0
 40
34.0
 40
35.0
 40
35.0
 40
35.0
 40
36.0
 40
36.0
 40
36.0
 40
36.0
 10
1289.657677753041
 20
-1244.71220835358
 30
0.0
 10
1289.657677753041
 20
-1244.71220835358
 30
0.0
 10
1283.901882223212
 20
-1244.71220835358
 30
0.0
 10
1283.901882223212
 20
-1244.71220835358
 30
0.0
 10
1282.024481658202
 20
-1244.71220835358
 30
0.0
 10
1280.493348117969
 20
-1245.66495736174
 30
0.0
 10
1279.307460165859
 20
-1247.565627258089
 30
0.0
 10
1278.1185079038
 20
-1249.46790652776
 30
0.0
 10
1276.879505245823
 20
-1254.609854299839
 30
0.0
 10
1275.587387881984
 20
-1262.989861201004
 30
0.0
 10
1274.987804567696
 20
-1266.664060501054
 30
0.0
 10
1274.056254341751
 20
-1268.970292475202
 30
0.0
 10
1272.792737204147
 20
-1269.903729003468
 30
0.0
 10
1271.529220066544
 20
-1270.838774905054
 30
0.0
 10
1268.996057171425
 20
-1271.305493169188
 30
0.0
 10
1265.193248518801
 20
-1271.305493169188
 30
0.0
 10
1261.55897691363
 20
-1271.305493169188
 30
0.0
 10
1259.213758362348
 20
-1270.967524771024
 30
0.0
 10
1258.158614301599
 20
-1270.291587974696
 30
0.0
 10
1257.100405930898
 20
-1269.61404180504
 30
0.0
 10
1256.5743660555
 20
-1268.276652572302
 30
0.0
 10
1256.5743660555
 20
-1266.277810903153
 30
0.0
 10
1256.5743660555
 20
-1265.11745273612
 30
0.0
 10
1256.61522352155
 20
-1263.957094569087
 30
0.0
 10
1256.701024200258
 20
-1262.796736402053
 30
0.0
 10
1256.701024200258
 20
-1262.796736402053
 30
0.0
 10
1258.243393543653
 20
-1240.263900484402
 30
0.0
 10
1258.243393543653
 20
-1240.263900484402
 30
0.0
 10
1258.405801971203
 20
-1237.621309485417
 30
0.0
 10
1258.994149482325
 20
-1235.897670654773
 30
0.0
 10
1260.006393203719
 20
-1235.091374619149
 30
0.0
 10
1261.016594051815
 20
-1234.285078583531
 30
0.0
 10
1263.553842693533
 20
-1233.88273525238
 30
0.0
 10
1267.614053382276
 20
-1233.88273525238
 30
0.0
 10
1267.614053382276
 20
-1233.88273525238
 30
0.0
 10
1360.632203465584
 20
-1233.88273525238
 30
0.0
 10
1360.632203465584
 20
-1233.88273525238
 30
0.0
 10
1363.337989154763
 20
-1233.88273525238
 30
0.0
 10
1364.987609346543
 20
-1234.140234984317
 30
0.0
 10
1365.580042604272
 20
-1234.655234448186
 30
0.0
 10
1366.172475862
 20
-1235.171843285381
 30
0.0
 10
1366.638250974971
 20
-1237.04193508856
 30
0.0
 10
1366.978389379839
 20
-1240.263900484402
 30
0.0
 10
1366.978389379839
 20
-1240.263900484402
 30
0.0
 10
1369.135663587294
 20
-1260.184723496237
 30
0.0
 10
1369.135663587294
 20
-1260.184723496237
 30
0.0
 10
1369.30420063475
 20
-1261.732940634498
 30
0.0
 10
1369.388979876805
 20
-1263.31334523925
 30
0.0
 10
1369.388979876805
 20
-1264.924327937169
 30
0.0
 10
1369.388979876805
 20
-1266.857185300008
 30
0.0
 10
1369.072334514916
 20
-1268.341027505283
 30
0.0
 10
1368.438022354487
 20
-1269.372635806349
 30
0.0
 10
1367.804731630707
 20
-1270.404244107413
 30
0.0
 10
1365.796587174336
 20
-1270.919243571287
 30
0.0
 10
1362.417674731982
 20
-1270.919243571287
 30
0.0
 10
1358.10721206368
 20
-1270.919243571287
 30
0.0
 10
1355.338097302125
 20
-1270.597368906369
 30
0.0
 10
1354.114416193919
 20
-1269.952010203204
 30
0.0
 10
1352.888692212411
 20
-1269.308260873368
 30
0.0
 10
1351.895855787392
 20
-1267.277231737728
 30
0.0
 10
1351.135906918853
 20
-1263.860532169614
 30
0.0
 10
1349.782503355942
 20
-1258.251866133398
 30
0.0
 10
1348.303463084922
 20
-1253.657105291679
 30
0.0
 10
1346.698786105797
 20
-1250.079468391106
 30
0.0
 10
1345.093087690022
 20
-1246.501831490528
 30
0.0
 10
1343.10639340333
 20
-1244.71220835358
 30
0.0
 10
1340.74176755567
 20
-1244.71220835358
 30
0.0
 10
1340.74176755567
 20
-1244.71220835358
 30
0.0
 10
1336.938958903043
 20
-1244.71220835358
 30
0.0
 10
1336.938958903043
 20
-1244.71220835358
 30
0.0
 10
1336.938958903043
 20
-1244.71220835358
 30
0.0
 10
1336.938958903043
 20
-1368.880188466059
 30
0.0
 10
1336.938958903043
 20
-1368.880188466059
 30
0.0
 10
1336.938958903043
 20
-1372.42563790014
 30
0.0
 10
1338.966510655786
 20
-1374.875104100176
 30
0.0
 10
1343.023657034581
 20
-1376.230196439483
 30
0.0
 10
1344.713113255755
 20
-1376.809570836338
 30
0.0
 10
1345.831586388882
 20
-1377.503210739238
 30
0.0
 10
1346.38214074391
 20
-1378.307897401535
 30
0.0
 10
1346.930652225634
 20
-1379.11580281048
 30
0.0
 10
1347.206440121472
 20
-1380.807254174633
 30
0.0
 10
1347.206440121472
 20
-1383.385470240632
 30
0.0
 10
1347.206440121472
 20
-1386.673419942781
 30
0.0
 10
1346.824422813903
 20
-1388.591792945697
 30
0.0
 10
1346.063452508717
 20
-1389.138979876057
 30
0.0
 10
1345.300439330227
 20
-1389.687776179744
 30
0.0
 10
1343.566039896396
 20
-1389.961369644927
 30
0.0
 10
1340.85616846061
 20
-1389.961369644927
 30
0.0
 10
1340.85616846061
 20
-1389.961369644927
 30
0.0
 10
1284.977455016986
 20
-1389.961369644927
 30
0.0
 10
1284.977455016986
 20
-1389.961369644927
 30
0.0
 10
1282.775237596876
 20
-1389.961369644927
 30
0.0
 10
1281.357483524931
 20
-1389.639494980009
 30
0.0
 10
1280.7231713645
 20
-1388.994136276844
 30
0.0
 10
1280.08783776742
 20
-1388.350386947006
 30
0.0
 10
1279.771192405529
 20
-1386.514091983645
 30
0.0
 10
1279.771192405529
 20
-1383.48203264011
 30
0.0
 10
1279.771192405529
 20
-1379.872208273042
 30
0.0
 10
1281.098038615512
 20
-1377.680241804943
 30
0.0
 10
1283.751731035476
 20
-1376.906133235814
 30
0.0
 10
1286.318601340083
 20
-1376.132024666682
 30
0.0
 10
1287.944728488883
 20
-1375.375619204122
 30
0.0
 10
1288.630112481876
 20
-1374.633698101485
 30
0.0
 10
1289.315496474868
 20
-1373.89338637217
 30
0.0
 10
1289.657677753041
 20
-1372.620372072419
 30
0.0
 10
1289.657677753041
 20
-1370.814655202221
 30
0.0
 10
1289.657677753041
 20
-1370.814655202221
 30
0.0
 10
1289.657677753041
 20
-1244.71220835358
 30
0.0
 10
1289.657677753041
 20
-1244.71220835358
 30
0.0
  0
HATCH
  5
7C
330
75
100
AcDbEntity
  8
katman 1
 62
     1
420
 16711680
100
AcDbHatch
 10
0.0
 20
0.0
 30
0.0
210
0.0
220
0.0
230
1.0
  2
SOLID
 70
     1
 71
     0
 91
        1
 92
        1
 93
        1
 72
     4
 94
        3
 73
     0
 74
     1
 95
      113
 96
      109
 40
0.0
 40
0.0
 40
0.0
 40
0.0
 40
1.0
 40
1.0
 40
1.0
 40
2.0
 40
2.0
 40
2.0
 40
3.0
 40
3.0
 40
3.0
 40
4.0
 40
4.0
 40
4.0
 40
5.0
 40
5.0
 40
5.0
 40
6.0
 40
6.0
 40
6.0
 40
7.0
 40
7.0
 40
7.0
 40
8.0
 40
8.0
 40
8.0
 40
9.0
 40
9.0
 40
9.0
 40
10.0
 40
10.0
 40
10.0
 40
11.0
 40
11.0
 40
11.0
 40
12.0
 40
12.0
 40
12.0
 40
13.0
 40
13.0
 40
13.0
 40
14.0
 40
14.0
 40
14.0
 40
15.0
 40
15.0
 40
15.0
 40
16.0
 40
16.0
 40
16.0
 40
17.0
 40
17.0
 40
17.0
 40
18.0
 40
18.0
 40
18.0
 40
19.0
 40
19.0
 40
19.0
 40
20.0
 40
20.0
 40
20.0
 40
21.0
 40
21.0
 40
21.0
 40
22.0
 40
22.0
 40
22.0
 40
23.0
 40
23.0
 40
23.0
 40
24.0
 40
24.0
 40
24.0
 40
25.0
 40
25.0
 40
25.0
 40
26.0
 40
26.0
 40
26.0
 40
27.0
 40
27.0
 40
27.0
 40
28.0
 40
28.0
 40
28.0
 40
29.0
 40
29.0
 40
29.0
 40
30.0
 40
30.0
 40
30.0
 40
31.0
 40
31.0
 40
31.0
 40
32.0
 40
32.0
 40
32.0
 40
33.0
 40
33.0
 40
33.0
 40
34.0
 40
34.0
 40
34.0
 40
35.0
 40
35.0
 40
35.0
 40
36.0
 40
36.0
 40
36.0
 40
36.0
 10
1289.657677753041
 20
-1244.71220835358
 10
1289.657677753041
 20
-1244.71220835358
 10
1283.901882223212
 20
-1244.71220835358
 10
1283.901882223212
 20
-1244.71220835358
 10
1282.024481658202
 20
-1244.71220835358
 10
1280.493348117969
 20
-1245.66495736174
 10
1279.307460165859
 20
-1247.565627258089
 10
1278.1185079038
 20
-1249.46790652776
 10
1276.879505245823
 20
-1254.609854299839
 10
1275.587387881984
 20
-1262.989861201004
 10
1274.987804567696
 20
-1266.664060501054
 10
1274.056254341751
 20
-1268.970292475202
 10
1272.792737204147
 20
-1269.903729003468
 10
1271.529220066544
 20
-1270.838774905054
 10
1268.996057171425
 20
-1271.305493169188
 10
1265.193248518801
 20
-1271.305493169188
 10
1261.55897691363
 20
-1271.305493169188
 10
1259.213758362348
 20
-1270.967524771024
 10
1258.158614301599
 20
-1270.291587974696
 10
1257.100405930898
 20
-1269.61404180504
 10
1256.5743660555
 20
-1268.276652572302
 10
1256.5743660555
 20
-1266.277810903153
 10
1256.5743660555
 20
-1265.11745273612
 10
1256.61522352155
 20
-1263.957094569087
 10
1256.701024200258
 20
-1262.796736402053
 10
1256.701024200258
 20
-1262.796736402053
 10
1258.243393543653
 20
-1240.263900484402
 10
1258.243393543653
 20
-1240.263900484402
 10
1258.405801971203
 20
-1237.621309485417
 10
1258.994149482325
 20
-1235.897670654773
 10
1260.006393203719
 20
-1235.091374619149
 10
1261.016594051815
 20
-1234.285078583531
 10
1263.553842693533
 20
-1233.88273525238
 10
1267.614053382276
 20
-1233.88273525238
 10
1267.614053382276
 20
-1233.88273525238
 10
1360.632203465584
 20
-1233.88273525238
 10
1360.632203465584
 20
-1233.88273525238
 10
1363.337989154763
 20
-1233.88273525238
 10
1364.987609346543
 20
-1234.140234984317
 10
1365.580042604272
 20
-1234.655234448186
 10
1366.172475862
 20
-1235.171843285381
 10
1366.638250974971
 20
-1237.04193508856
 10
1366.978389379839
 20
-1240.263900484402
 10
1366.978389379839
 20
-1240.263900484402
 10
1369.135663587294
 20
-1260.184723496237
 10
1369.135663587294
 20
-1260.184723496237
 10
1369.30420063475
 20
-1261.732940634498
 10
1369.388979876805
 20
-1263.31334523925
 10
1369.388979876805
 20
-1264.924327937169
 10
1369.388979876805
 20
-1266.857185300008
 10
1369.072334514916
 20
-1268.341027505283
 10
1368.438022354487
 20
-1269.372635806349
 10
1367.804731630707
 20
-1270.404244107413
 10
1365.796587174336
 20
-1270.919243571287
 10
1362.417674731982
 20
-1270.919243571287
 10
1358.10721206368
 20
-1270.919243571287
 10
1355.338097302125
 20
-1270.597368906369
 10
1354.114416193919
 20
-1269.952010203204
 10
1352.888692212411
 20
-1269.308260873368
 10
1351.895855787392
 20
-1267.277231737728
 10
1351.135906918853
 20
-1263.860532169614
 10
1349.782503355942
 20
-1258.251866133398
 10
1348.303463084922
 20
-1253.657105291679
 10
1346.698786105797
 20
-1250.079468391106
 10
1345.093087690022
 20
-1246.501831490528
 10
1343.10639340333
 20
-1244.71220835358
 10
1340.74176755567
 20
-1244.71220835358
 10
1340.74176755567
 20
-1244.71220835358
 10
1336.938958903043
 20
-1244.71220835358
 10
1336.938958903043
 20
-1244.71220835358
 10
1336.938958903043
 20
-1244.71220835358
 10
1336.938958903043
 20
-1368.880188466059
 10
1336.938958903043
 20
-1368.880188466059
 10
1336.938958903043
 20
-1372.42563790014
 10
1338.966510655786
 20
-1374.875104100176
 10
1343.023657034581
 20
-1376.230196439483
 10
1344.713113255755
 20
-1376.809570836338
 10
1345.831586388882
 20
-1377.503210739238
 10
1346.38214074391
 20
-1378.307897401535
 10
1346.930652225634
 20
-1379.11580281048
 10
1347.206440121472
 20
-1380.807254174633
 10
1347.206440121472
 20
-1383.385470240632
 10
1347.206440121472
 20
-1386.673419942781
 10
1346.824422813903
 20
-1388.591792945697
 10
1346.063452508717
 20
-1389.138979876057
 10
1345.300439330227
 20
-1389.687776179744
 10
1343.566039896396
 20
-1389.961369644927
 10
1340.85616846061
 20
-1389.961369644927
 10
1340.85616846061
 20
-1389.961369644927
 10
1284.977455016986
 20
-1389.961369644927
 10
1284.977455016986
 20
-1389.961369644927
 10
1282.775237596876
 20
-1389.961369644927
 10
1281.357483524931
 20
-1389.639494980009
 10
1280.7231713645
 20
-1388.994136276844
 10
1280.08783776742
 20
-1388.350386947006
 10
1279.771192405529
 20
-1386.514091983645
 10
1279.771192405529
 20
-1383.48203264011
 10
1279.771192405529
 20
-1379.872208273042
 10
1281.098038615512
 20
-1377.680241804943
 10
1283.751731035476
 20
-1376.906133235814
 10
1286.318601340083
 20
-1376.132024666682
 10
1287.944728488883
 20
-1375.375619204122
 10
1288.630112481876
 20
-1374.633698101485
 10
1289.315496474868
 20
-1373.89338637217
 10
1289.657677753041
 20
-1372.620372072419
 10
1289.657677753041
 20
-1370.814655202221
 10
1289.657677753041
 20
-1370.814655202221
 10
1289.657677753041
 20
-1244.71220835358
 10
1289.657677753041
 20
-1244.71220835358
 97
        0
 97
        0
 75
     2
 76
     1
 98
        0
  0
ENDBLK
  5
78
330
75
100
AcDbEntity
  8
0
100
AcDbBlockEnd
  0
ENDSEC
  0
SECTION
  2
ENTITIES
  0
INSERT
  5
42
330
1F
100
AcDbEntity
  8
katman 1
100
AcDbBlockReference
  2
block 2
 10
0.0
 20
0.0
 30
0.0
  0
INSERT
  5
54
330
1F
100
AcDbEntity
  8
katman 1
100
AcDbBlockReference
  2
block 3
 10
0.0
 20
0.0
 30
0.0
  0
INSERT
  5
6A
330
1F
100
AcDbEntity
  8
katman 1
100
AcDbBlockReference
  2
block 4
 10
0.0
 20
0.0
 30
0.0
  0
INSERT
  5
76
330
1F
100
AcDbEntity
  8
katman 1
100
AcDbBlockReference
  2
block 5
 10
0.0
 20
0.0
 30
0.0
  0
ENDSEC
  0
SECTION
  2
OBJECTS
  0
DICTIONARY
  5
C
330
0
100
AcDbDictionary
281
     1
  3
ACAD_GROUP
350
D
  3
ACAD_LAYOUT
350
1A
  3
ACAD_MATERIAL
350
3B
  3
ACAD_MLEADERSTYLE
350
7E
  3
ACAD_MLINESTYLE
350
17
  3
ACAD_PLOTSETTINGS
350
19
  3
ACAD_PLOTSTYLENAME
350
E
  3
ACAD_TABLESTYLE
350
7D
  3
ACAD_VISUALSTYLE
350
2A
  0
SUN
  5
3F
330
29
100
AcDbSun
 90
        1
290
     0
 63
     7
421
 16777215
 40
1.0
291
     1
 91
  2455826
 92
 54000000
292
     0
 70
     2
 71
   256
280
     1
  0
DICTIONARY
  5
D
102
{ACAD_REACTORS
330
C
102
}
330
C
100
AcDbDictionary
281
     1
  0
DICTIONARY
  5
1A
102
{ACAD_REACTORS
330
C
102
}
330
C
100
AcDbDictionary
281
     1
  3
Layout1
350
1E
  3
Layout2
350
26
  3
Model
350
22
  0
DICTIONARY
  5
3B
102
{ACAD_REACTORS
330
C
102
}
330
C
100
AcDbDictionary
281
     1
  3
ByBlock
350
3D
  3
ByLayer
350
3C
  3
Global
350
3E
  0
DICTIONARY
  5
7E
102
{ACAD_REACTORS
330
C
102
}
330
C
100
AcDbDictionary
281
     1
  0
DICTIONARY
  5
17
102
{ACAD_REACTORS
330
C
102
}
330
C
100
AcDbDictionary
281
     1
  3
Standard
350
18
  0
DICTIONARY
  5
19
102
{ACAD_REACTORS
330
C
102
}
330
C
100
AcDbDictionary
281
     1
  0
ACDBDICTIONARYWDFLT
  5
E
102
{ACAD_REACTORS
330
C
102
}
330
C
100
AcDbDictionary
281
     1
  3
Normal
350
F
100
AcDbDictionaryWithDefault
340
F
  0
DICTIONARY
  5
7D
102
{ACAD_REACTORS
330
C
102
}
330
C
100
AcDbDictionary
281
     1
  0
DICTIONARY
  5
2A
102
{ACAD_REACTORS
330
C
102
}
330
C
100
AcDbDictionary
281
     1
  3
2dWireframe
350
2F
  3
3D Hidden
350
31
  3
3dWireframe
350
30
  3
Basic
350
32
  3
Brighten
350
36
  3
ColorChange
350
3A
  3
Conceptual
350
34
  3
Dim
350
35
  3
Facepattern
350
39
  3
Flat
350
2B
  3
FlatWithEdges
350
2C
  3
Gouraud
350
2D
  3
GouraudWithEdges
350
2E
  3
Linepattern
350
38
  3
Realistic
350
33
  3
Thicken
350
37
  0
LAYOUT
  5
1E
102
{ACAD_REACTORS
330
1A
102
}
330
1A
100
AcDbPlotSettings
  1

  2
none_device
  4

  6

 40
0.0
 41
0.0
 42
0.0
 43
0.0
 44
0.0
 45
0.0
 46
0.0
 47
0.0
 48
0.0
 49
0.0
140
0.0
141
0.0
142
1.0
143
1.0
 70
   688
 72
     0
 73
     0
 74
     5
  7

 75
    16
 76
     0
 77
     2
 78
   300
147
1.0
148
0.0
149
0.0
100
AcDbLayout
  1
Layout1
 70
     1
 71
     1
 10
0.0
 20
0.0
 11
12.0
 21
9.0
 12
0.0
 22
0.0
 32
0.0
 14
1.000000000000000E+20
 24
1.000000000000000E+20
 34
1.000000000000000E+20
 15
-1.000000000000000E+20
 25
-1.000000000000000E+20
 35
-1.000000000000000E+20
146
0.0
 13
0.0
 23
0.0
 33
0.0
 16
1.0
 26
0.0
 36
0.0
 17
0.0
 27
1.0
 37
0.0
 76
     0
330
1B
  0
LAYOUT
  5
26
102
{ACAD_REACTORS
330
1A
102
}
330
1A
100
AcDbPlotSettings
  1

  2
none_device
  4

  6

 40
0.0
 41
0.0
 42
0.0
 43
0.0
 44
0.0
 45
0.0
 46
0.0
 47
0.0
 48
0.0
 49
0.0
140
0.0
141
0.0
142
1.0
143
1.0
 70
   688
 72
     0
 73
     0
 74
     5
  7

 75
    16
 76
     0
 77
     2
 78
   300
147
1.0
148
0.0
149
0.0
100
AcDbLayout
  1
Layout2
 70
     1
 71
     2
 10
0.0
 20
0.0
 11
0.0
 21
0.0
 12
0.0
 22
0.0
 32
0.0
 14
0.0
 24
0.0
 34
0.0
 15
0.0
 25
0.0
 35
0.0
146
0.0
 13
0.0
 23
0.0
 33
0.0
 16
1.0
 26
0.0
 36
0.0
 17
0.0
 27
1.0
 37
0.0
 76
     0
330
23
  0
LAYOUT
  5
22
102
{ACAD_REACTORS
330
1A
102
}
330
1A
100
AcDbPlotSettings
  1

  2
none_device
  4

  6

 40
0.0
 41
0.0
 42
0.0
 43
0.0
 44
0.0
 45
0.0
 46
0.0
 47
0.0
 48
0.0
 49
0.0
140
0.0
141
0.0
142
1.0
143
1.0
 70
  1712
 72
     0
 73
     0
 74
     0
  7

 75
     0
 76
     0
 77
     2
 78
   300
147
1.0
148
0.0
149
0.0
100
AcDbLayout
  1
Model
 70
     1
 71
     0
 10
0.0
 20
0.0
 11
12.0
 21
9.0
 12
0.0
 22
0.0
 32
0.0
 14
1.000000000000000E+20
 24
1.000000000000000E+20
 34
1.000000000000000E+20
 15
-1.000000000000000E+20
 25
-1.000000000000000E+20
 35
-1.000000000000000E+20
146
0.0
 13
0.0
 23
0.0
 33
0.0
 16
1.0
 26
0.0
 36
0.0
 17
0.0
 27
1.0
 37
0.0
 76
     0
330
1F
331
29
  0
MATERIAL
  5
3D
102
{ACAD_REACTORS
330
3B
102
}
330
3B
100
AcDbMaterial
  1
ByBlock
 72
     1
 94
      127
  0
MATERIAL
  5
3C
102
{ACAD_REACTORS
330
3B
102
}
330
3B
100
AcDbMaterial
  1
ByLayer
 72
     1
 94
      127
  0
MATERIAL
  5
3E
102
{ACAD_REACTORS
330
3B
102
}
330
3B
100
AcDbMaterial
  1
Global
 72
     1
 94
      127
  0
MLINESTYLE
  5
18
102
{ACAD_REACTORS
330
17
102
}
330
17
100
AcDbMlineStyle
  2
Standard
 70
     0
  3

 62
   256
 51
90.0
 52
90.0
 71
     2
 49
0.5
 62
   256
  6
BYLAYER
 49
-0.5
 62
   256
  6
BYLAYER
  0
ACDBPLACEHOLDER
  5
F
102
{ACAD_REACTORS
330
E
102
}
330
E
  0
VISUALSTYLE
  5
2F
102
{ACAD_REACTORS
330
2A
102
}
330
2A
100
AcDbVisualStyle
  2
2dWireframe
 70
     4
177
     2
291
     0
 71
     0
176
     1
 72
     2
176
     1
 73
     0
176
     1
 90
        0
176
     1
 40
-0.6
176
     1
 41
-30.0
176
     1
 62
     5
 63
     7
421
 16777215
176
     1
 74
     1
176
     1
 91
        4
176
     1
 64
     7
176
     1
 65
   257
176
     1
 75
     1
176
     1
175
     1
176
     1
 42
1.0
176
     1
 92
        0
176
     1
 66
   257
176
     1
 43
1.0
176
     1
 76
     1
176
     1
 77
     6
176
     1
 78
     2
176
     1
 67
     7
176
     1
 79
     5
176
     1
170
     0
176
     1
171
     0
176
     1
290
     0
176
     1
 93
        1
176
     1
 44
0.0
176
     1
173
     0
176
     1
  0
VISUALSTYLE
  5
31
102
{ACAD_REACTORS
330
2A
102
}
330
2A
100
AcDbVisualStyle
  2
3D Hidden
 70
     6
177
     2
291
     0
 71
     1
176
     1
 72
     2
176
     1
 73
     2
176
     1
 90
        0
176
     1
 40
-0.6
176
     1
 41
-30.0
176
     1
 62
     5
 63
     7
421
 16777215
176
     1
 74
     2
176
     1
 91
        2
176
     1
 64
     7
176
     1
 65
   257
176
     1
 75
     2
176
     1
175
     1
176
     1
 42
40.0
176
     1
 92
        0
176
     1
 66
   257
176
     1
 43
1.0
176
     1
 76
     1
176
     1
 77
     6
176
     1
 78
     2
176
     1
 67
     7
176
     1
 79
     3
176
     1
170
     0
176
     1
171
     0
176
     1
290
     0
176
     1
 93
        1
176
     1
 44
0.0
176
     1
173
     0
176
     1
  0
VISUALSTYLE
  5
30
102
{ACAD_REACTORS
330
2A
102
}
330
2A
100
AcDbVisualStyle
  2
3dWireframe
 70
     5
177
     2
291
     0
 71
     0
176
     1
 72
     2
176
     1
 73
     0
176
     1
 90
        0
176
     1
 40
-0.6
176
     1
 41
-30.0
176
     1
 62
     5
 63
     7
421
 16777215
176
     1
 74
     1
176
     1
 91
        4
176
     1
 64
     7
176
     1
 65
   257
176
     1
 75
     1
176
     1
175
     1
176
     1
 42
1.0
176
     1
 92
        0
176
     1
 66
   257
176
     1
 43
1.0
176
     1
 76
     1
176
     1
 77
     6
176
     1
 78
     2
176
     1
 67
     7
176
     1
 79
     5
176
     1
170
     0
176
     1
171
     0
176
     1
290
     0
176
     1
 93
        1
176
     1
 44
0.0
176
     1
173
     0
176
     1
  0
VISUALSTYLE
  5
32
102
{ACAD_REACTORS
330
2A
102
}
330
2A
100
AcDbVisualStyle
  2
Basic
 70
     7
177
     2
291
     1
 71
     1
176
     1
 72
     0
176
     1
 73
     1
176
     1
 90
        0
176
     1
 40
-0.6
176
     1
 41
-30.0
176
     1
 62
     5
 63
     7
421
 16777215
176
     1
 74
     0
176
     1
 91
        4
176
     1
 64
     7
176
     1
 65
   257
176
     1
 75
     1
176
     1
175
     1
176
     1
 42
1.0
176
     1
 92
        8
176
     1
 66
     7
176
     1
 43
1.0
176
     1
 76
     1
176
     1
 77
     6
176
     1
 78
     2
176
     1
 67
     7
176
     1
 79
     5
176
     1
170
     0
176
     1
171
     0
176
     1
290
     0
176
     1
 93
        1
176
     1
 44
0.0
176
     1
173
     0
176
     1
  0
VISUALSTYLE
  5
36
102
{ACAD_REACTORS
330
2A
102
}
330
2A
100
AcDbVisualStyle
  2
Brighten
 70
    12
177
     2
291
     1
 71
     2
176
     1
 72
     2
176
     1
 73
     0
176
     1
 90
        0
176
     1
 40
-0.6
176
     1
 41
-30.0
176
     1
 62
     5
 63
     7
421
 16777215
176
     1
 74
     1
176
     1
 91
        4
176
     1
 64
     7
176
     1
 65
   257
176
     1
 75
     1
176
     1
175
     1
176
     1
 42
1.0
176
     1
 92
        8
176
     1
 66
     7
176
     1
 43
1.0
176
     1
 76
     1
176
     1
 77
     6
176
     1
 78
     2
176
     1
 67
     7
176
     1
 79
     5
176
     1
170
     0
176
     1
171
     0
176
     1
290
     0
176
     1
 93
        1
176
     1
 44
50.0
176
     1
173
     0
176
     1
  0
VISUALSTYLE
  5
3A
102
{ACAD_REACTORS
330
2A
102
}
330
2A
100
AcDbVisualStyle
  2
ColorChange
 70
    16
177
     2
291
     1
 71
     2
176
     1
 72
     2
176
     1
 73
     3
176
     1
 90
        0
176
     1
 40
-0.6
176
     1
 41
-30.0
176
     1
 62
     5
 63
     8
421
  8421504
176
     1
 74
     1
176
     1
 91
        4
176
     1
 64
     7
176
     1
 65
   257
176
     1
 75
     1
176
     1
175
     1
176
     1
 42
1.0
176
     1
 92
        8
176
     1
 66
     8
424
  8421504
176
     1
 43
1.0
176
     1
 76
     1
176
     1
 77
     6
176
     1
 78
     2
176
     1
 67
     7
176
     1
 79
     5
176
     1
170
     0
176
     1
171
     0
176
     1
290
     0
176
     1
 93
        1
176
     1
 44
0.0
176
     1
173
     0
176
     1
  0
VISUALSTYLE
  5
34
102
{ACAD_REACTORS
330
2A
102
}
330
2A
100
AcDbVisualStyle
  2
Conceptual
 70
     9
177
     2
291
     0
 71
     3
176
     1
 72
     2
176
     1
 73
     0
176
     1
 90
        0
176
     1
 40
-0.6
176
     1
 41
-30.0
176
     1
 62
     5
 63
     7
421
 16777215
176
     1
 74
     2
176
     1
 91
        2
176
     1
 64
     7
176
     1
 65
   257
176
     1
 75
     1
176
     1
175
     1
176
     1
 42
40.0
176
     1
 92
        8
176
     1
 66
     7
176
     1
 43
1.0
176
     1
 76
     1
176
     1
 77
     6
176
     1
 78
     2
176
     1
 67
     7
176
     1
 79
     3
176
     1
170
     0
176
     1
171
     0
176
     1
290
     0
176
     1
 93
        1
176
     1
 44
0.0
176
     1
173
     0
176
     1
  0
VISUALSTYLE
  5
35
102
{ACAD_REACTORS
330
2A
102
}
330
2A
100
AcDbVisualStyle
  2
Dim
 70
    11
177
     2
291
     1
 71
     2
176
     1
 72
     2
176
     1
 73
     0
176
     1
 90
        0
176
     1
 40
-0.6
176
     1
 41
-30.0
176
     1
 62
     5
 63
     7
421
 16777215
176
     1
 74
     1
176
     1
 91
        4
176
     1
 64
     7
176
     1
 65
   257
176
     1
 75
     1
176
     1
175
     1
176
     1
 42
1.0
176
     1
 92
        8
176
     1
 66
     7
176
     1
 43
1.0
176
     1
 76
     1
176
     1
 77
     6
176
     1
 78
     2
176
     1
 67
     7
176
     1
 79
     5
176
     1
170
     0
176
     1
171
     0
176
     1
290
     0
176
     1
 93
        1
176
     1
 44
-50.0
176
     1
173
     0
176
     1
  0
VISUALSTYLE
  5
39
102
{ACAD_REACTORS
330
2A
102
}
330
2A
100
AcDbVisualStyle
  2
Facepattern
 70
    15
177
     2
291
     1
 71
     2
176
     1
 72
     2
176
     1
 73
     0
176
     1
 90
        0
176
     1
 40
-0.6
176
     1
 41
-30.0
176
     1
 62
     5
 63
     7
421
 16777215
176
     1
 74
     1
176
     1
 91
        4
176
     1
 64
     7
176
     1
 65
   257
176
     1
 75
     1
176
     1
175
     1
176
     1
 42
1.0
176
     1
 92
        8
176
     1
 66
     7
176
     1
 43
1.0
176
     1
 76
     1
176
     1
 77
     6
176
     1
 78
     2
176
     1
 67
     7
176
     1
 79
     5
176
     1
170
     0
176
     1
171
     0
176
     1
290
     0
176
     1
 93
        1
176
     1
 44
0.0
176
     1
173
     0
176
     1
  0
VISUALSTYLE
  5
2B
102
{ACAD_REACTORS
330
2A
102
}
330
2A
100
AcDbVisualStyle
  2
Flat
 70
     0
177
     2
291
     1
 71
     2
176
     1
 72
     1
176
     1
 73
     1
176
     1
 90
        2
176
     1
 40
-0.6
176
     1
 41
30.0
176
     1
 62
     5
 63
     7
421
 16777215
176
     1
 74
     0
176
     1
 91
        4
176
     1
 64
     7
176
     1
 65
   257
176
     1
 75
     1
176
     1
175
     1
176
     1
 42
1.0
176
     1
 92
        8
176
     1
 66
     7
176
     1
 43
1.0
176
     1
 76
     1
176
     1
 77
     6
176
     1
 78
     2
176
     1
 67
     7
176
     1
 79
     5
176
     1
170
     0
176
     1
171
     0
176
     1
290
     0
176
     1
 93
       13
176
     1
 44
0.0
176
     1
173
     0
176
     1
  0
VISUALSTYLE
  5
2C
102
{ACAD_REACTORS
330
2A
102
}
330
2A
100
AcDbVisualStyle
  2
FlatWithEdges
 70
     1
177
     2
291
     1
 71
     2
176
     1
 72
     1
176
     1
 73
     1
176
     1
 90
        2
176
     1
 40
-0.6
176
     1
 41
30.0
176
     1
 62
     5
 63
     7
421
 16777215
176
     1
 74
     1
176
     1
 91
        4
176
     1
 64
     7
176
     1
 65
   257
176
     1
 75
     1
176
     1
175
     1
176
     1
 42
1.0
176
     1
 92
        0
176
     1
 66
   257
176
     1
 43
1.0
176
     1
 76
     1
176
     1
 77
     6
176
     1
 78
     2
176
     1
 67
     7
176
     1
 79
     5
176
     1
170
     0
176
     1
171
     0
176
     1
290
     0
176
     1
 93
       13
176
     1
 44
0.0
176
     1
173
     0
176
     1
  0
VISUALSTYLE
  5
2D
102
{ACAD_REACTORS
330
2A
102
}
330
2A
100
AcDbVisualStyle
  2
Gouraud
 70
     2
177
     2
291
     1
 71
     2
176
     1
 72
     2
176
     1
 73
     1
176
     1
 90
        2
176
     1
 40
-0.6
176
     1
 41
30.0
176
     1
 62
     5
 63
     7
421
 16777215
176
     1
 74
     0
176
     1
 91
        4
176
     1
 64
     7
176
     1
 65
   257
176
     1
 75
     1
176
     1
175
     1
176
     1
 42
1.0
176
     1
 92
        0
176
     1
 66
     7
176
     1
 43
1.0
176
     1
 76
     1
176
     1
 77
     6
176
     1
 78
     2
176
     1
 67
     7
176
     1
 79
     5
176
     1
170
     0
176
     1
171
     0
176
     1
290
     0
176
     1
 93
       13
176
     1
 44
0.0
176
     1
173
     0
176
     1
  0
VISUALSTYLE
  5
2E
102
{ACAD_REACTORS
330
2A
102
}
330
2A
100
AcDbVisualStyle
  2
GouraudWithEdges
 70
     3
177
     2
291
     1
 71
     2
176
     1
 72
     2
176
     1
 73
     1
176
     1
 90
        2
176
     1
 40
-0.6
176
     1
 41
30.0
176
     1
 62
     5
 63
     7
421
 16777215
176
     1
 74
     1
176
     1
 91
        4
176
     1
 64
     7
176
     1
 65
   257
176
     1
 75
     1
176
     1
175
     1
176
     1
 42
1.0
176
     1
 92
        0
176
     1
 66
   257
176
     1
 43
1.0
176
     1
 76
     1
176
     1
 77
     6
176
     1
 78
     2
176
     1
 67
     7
176
     1
 79
     5
176
     1
170
     0
176
     1
171
     0
176
     1
290
     0
176
     1
 93
       13
176
     1
 44
0.0
176
     1
173
     0
176
     1
  0
VISUALSTYLE
  5
38
102
{ACAD_REACTORS
330
2A
102
}
330
2A
100
AcDbVisualStyle
  2
Linepattern
 70
    14
177
     2
291
     1
 71
     2
176
     1
 72
     2
176
     1
 73
     0
176
     1
 90
        0
176
     1
 40
-0.6
176
     1
 41
-30.0
176
     1
 62
     5
 63
     7
421
 16777215
176
     1
 74
     1
176
     1
 91
        4
176
     1
 64
     7
176
     1
 65
   257
176
     1
 75
     7
176
     1
175
     7
176
     1
 42
1.0
176
     1
 92
        8
176
     1
 66
     7
176
     1
 43
1.0
176
     1
 76
     1
176
     1
 77
     6
176
     1
 78
     2
176
     1
 67
     7
176
     1
 79
     5
176
     1
170
     0
176
     1
171
     0
176
     1
290
     0
176
     1
 93
        1
176
     1
 44
0.0
176
     1
173
     0
176
     1
  0
VISUALSTYLE
  5
33
102
{ACAD_REACTORS
330
2A
102
}
330
2A
100
AcDbVisualStyle
  2
Realistic
 70
     8
177
     2
291
     0
 71
     2
176
     1
 72
     2
176
     1
 73
     0
176
     1
 90
        0
176
     1
 40
-0.6
176
     1
 41
-30.0
176
     1
 62
     5
 63
     7
421
 16777215
176
     1
 74
     1
176
     1
 91
        0
176
     1
 64
     7
176
     1
 65
   257
176
     1
 75
     1
176
     1
175
     1
176
     1
 42
1.0
176
     1
 92
        8
176
     1
 66
     8
424
  7895160
176
     1
 43
1.0
176
     1
 76
     1
176
     1
 77
     6
176
     1
 78
     2
176
     1
 67
     7
176
     1
 79
     5
176
     1
170
     0
176
     1
171
     0
176
     1
290
     0
176
     1
 93
       13
176
     1
 44
0.0
176
     1
173
     0
176
     1
  0
VISUALSTYLE
  5
37
102
{ACAD_REACTORS
330
2A
102
}
330
2A
100
AcDbVisualStyle
  2
Thicken
 70
    13
177
     2
291
     1
 71
     2
176
     1
 72
     2
176
     1
 73
     0
176
     1
 90
        0
176
     1
 40
-0.6
176
     1
 41
-30.0
176
     1
 62
     5
 63
     7
421
 16777215
176
     1
 74
     1
176
     1
 91
        4
176
     1
 64
     7
176
     1
 65
   257
176
     1
 75
     1
176
     1
175
     1
176
     1
 42
1.0
176
     1
 92
       12
176
     1
 66
     7
176
     1
 43
1.0
176
     1
 76
     1
176
     1
 77
     6
176
     1
 78
     2
176
     1
 67
     7
176
     1
 79
     5
176
     1
170
     0
176
     1
171
     0
176
     1
290
     0
176
     1
 93
        1
176
     1
 44
0.0
176
     1
173
     0
176
     1
  0
ENDSEC
  0
EOF
