  0
SECTION
  2
HEADER
  9
$ACADVER
  1
AC1024
  9
$ACADMAINTVER
 70
     6
  9
$DWGCODEPAGE
  3
ANSI_1254
  9
$INSBASE
 10
0.0
 20
0.0
 30
0.0
  9
$EXTMIN
 10
1.000000000000000E+20
 20
1.000000000000000E+20
 30
1.000000000000000E+20
  9
$EXTMAX
 10
-1.000000000000000E+20
 20
-1.000000000000000E+20
 30
-1.000000000000000E+20
  9
$LIMMIN
 10
0.0
 20
0.0
  9
$LIMMAX
 10
12.0
 20
9.0
  9
$ORTHOMODE
 70
     0
  9
$REGENMODE
 70
     1
  9
$FILLMODE
 70
     1
  9
$QTEXTMODE
 70
     0
  9
$MIRRTEXT
 70
     1
  9
$LTSCALE
 40
1.0
  9
$ATTMODE
 70
     1
  9
$TEXTSIZE
 40
0.2
  9
$TRACEWID
 40
0.05
  9
$TEXTSTYLE
  7
Standard
  9
$CLAYER
  8
0
  9
$CELTYPE
  6
ByLayer
  9
$CECOLOR
 62
   256
  9
$CELTSCALE
 40
1.0
  9
$DISPSILH
 70
     0
  9
$DIMSCALE
 40
1.0
  9
$DIMASZ
 40
0.18
  9
$DIMEXO
 40
0.0625
  9
$DIMDLI
 40
0.38
  9
$DIMRND
 40
0.0
  9
$DIMDLE
 40
0.0
  9
$DIMEXE
 40
0.18
  9
$DIMTP
 40
0.0
  9
$DIMTM
 40
0.0
  9
$DIMTXT
 40
0.18
  9
$DIMCEN
 40
0.09
  9
$DIMTSZ
 40
0.0
  9
$DIMTOL
 70
     0
  9
$DIMLIM
 70
     0
  9
$DIMTIH
 70
     1
  9
$DIMTOH
 70
     1
  9
$DIMSE1
 70
     0
  9
$DIMSE2
 70
     0
  9
$DIMTAD
 70
     0
  9
$DIMZIN
 70
     0
  9
$DIMBLK
  1

  9
$DIMASO
 70
     1
  9
$DIMSHO
 70
     1
  9
$DIMPOST
  1

  9
$DIMAPOST
  1

  9
$DIMALT
 70
     0
  9
$DIMALTD
 70
     2
  9
$DIMALTF
 40
25.4
  9
$DIMLFAC
 40
1.0
  9
$DIMTOFL
 70
     0
  9
$DIMTVP
 40
0.0
  9
$DIMTIX
 70
     0
  9
$DIMSOXD
 70
     0
  9
$DIMSAH
 70
     0
  9
$DIMBLK1
  1

  9
$DIMBLK2
  1

  9
$DIMSTYLE
  2
Standard
  9
$DIMCLRD
 70
     0
  9
$DIMCLRE
 70
     0
  9
$DIMCLRT
 70
     0
  9
$DIMTFAC
 40
1.0
  9
$DIMGAP
 40
0.09
  9
$DIMJUST
 70
     0
  9
$DIMSD1
 70
     0
  9
$DIMSD2
 70
     0
  9
$DIMTOLJ
 70
     1
  9
$DIMTZIN
 70
     0
  9
$DIMALTZ
 70
     0
  9
$DIMALTTZ
 70
     0
  9
$DIMUPT
 70
     0
  9
$DIMDEC
 70
     4
  9
$DIMTDEC
 70
     4
  9
$DIMALTU
 70
     2
  9
$DIMALTTD
 70
     2
  9
$DIMTXSTY
  7
Standard
  9
$DIMAUNIT
 70
     0
  9
$DIMADEC
 70
     0
  9
$DIMALTRND
 40
0.0
  9
$DIMAZIN
 70
     0
  9
$DIMDSEP
 70
    46
  9
$DIMATFIT
 70
     3
  9
$DIMFRAC
 70
     0
  9
$DIMLDRBLK
  1

  9
$DIMLUNIT
 70
     2
  9
$DIMLWD
 70
    -2
  9
$DIMLWE
 70
    -2
  9
$DIMTMOVE
 70
     0
  9
$DIMFXL
 40
1.0
  9
$DIMFXLON
 70
     0
  9
$DIMJOGANG
 40
0.7853981633974483
  9
$DIMTFILL
 70
     0
  9
$DIMTFILLCLR
 70
     0
  9
$DIMARCSYM
 70
     0
  9
$DIMLTYPE
  6

  9
$DIMLTEX1
  6

  9
$DIMLTEX2
  6

  9
$DIMTXTDIRECTION
 70
     0
  9
$LUNITS
 70
     2
  9
$LUPREC
 70
     4
  9
$SKETCHINC
 40
0.1
  9
$FILLETRAD
 40
0.5
  9
$AUNITS
 70
     0
  9
$AUPREC
 70
     0
  9
$MENU
  1
.
  9
$ELEVATION
 40
0.0
  9
$PELEVATION
 40
0.0
  9
$THICKNESS
 40
0.0
  9
$LIMCHECK
 70
     0
  9
$CHAMFERA
 40
0.5
  9
$CHAMFERB
 40
0.5
  9
$CHAMFERC
 40
1.0
  9
$CHAMFERD
 40
0.0
  9
$SKPOLY
 70
     0
  9
$TDCREATE
 40
2459353.864342245
  9
$TDUCREATE
 40
2459353.739342245
  9
$TDUPDATE
 40
2459353.864342245
  9
$TDUUPDATE
 40
2459353.739342245
  9
$TDINDWG
 40
0.0000000116
  9
$TDUSRTIMER
 40
0.0000000116
  9
$USRTIMER
 70
     1
  9
$ANGBASE
 50
0.0
  9
$ANGDIR
 70
     0
  9
$PDMODE
 70
     0
  9
$PDSIZE
 40
0.0
  9
$PLINEWID
 40
0.0
  9
$SPLFRAME
 70
     0
  9
$SPLINETYPE
 70
     6
  9
$SPLINESEGS
 70
     8
  9
$HANDSEED
  5
8B
  9
$SURFTAB1
 70
     6
  9
$SURFTAB2
 70
     6
  9
$SURFTYPE
 70
     6
  9
$SURFU
 70
     6
  9
$SURFV
 70
     6
  9
$UCSBASE
  2

  9
$UCSNAME
  2

  9
$UCSORG
 10
0.0
 20
0.0
 30
0.0
  9
$UCSXDIR
 10
1.0
 20
0.0
 30
0.0
  9
$UCSYDIR
 10
0.0
 20
1.0
 30
0.0
  9
$UCSORTHOREF
  2

  9
$UCSORTHOVIEW
 70
     0
  9
$UCSORGTOP
 10
0.0
 20
0.0
 30
0.0
  9
$UCSORGBOTTOM
 10
0.0
 20
0.0
 30
0.0
  9
$UCSORGLEFT
 10
0.0
 20
0.0
 30
0.0
  9
$UCSORGRIGHT
 10
0.0
 20
0.0
 30
0.0
  9
$UCSORGFRONT
 10
0.0
 20
0.0
 30
0.0
  9
$UCSORGBACK
 10
0.0
 20
0.0
 30
0.0
  9
$PUCSBASE
  2

  9
$PUCSNAME
  2

  9
$PUCSORG
 10
0.0
 20
0.0
 30
0.0
  9
$PUCSXDIR
 10
1.0
 20
0.0
 30
0.0
  9
$PUCSYDIR
 10
0.0
 20
1.0
 30
0.0
  9
$PUCSORTHOREF
  2

  9
$PUCSORTHOVIEW
 70
     0
  9
$PUCSORGTOP
 10
0.0
 20
0.0
 30
0.0
  9
$PUCSORGBOTTOM
 10
0.0
 20
0.0
 30
0.0
  9
$PUCSORGLEFT
 10
0.0
 20
0.0
 30
0.0
  9
$PUCSORGRIGHT
 10
0.0
 20
0.0
 30
0.0
  9
$PUCSORGFRONT
 10
0.0
 20
0.0
 30
0.0
  9
$PUCSORGBACK
 10
0.0
 20
0.0
 30
0.0
  9
$USERI1
 70
     0
  9
$USERI2
 70
     0
  9
$USERI3
 70
     0
  9
$USERI4
 70
     0
  9
$USERI5
 70
     0
  9
$USERR1
 40
0.0
  9
$USERR2
 40
0.0
  9
$USERR3
 40
0.0
  9
$USERR4
 40
0.0
  9
$USERR5
 40
0.0
  9
$WORLDVIEW
 70
     1
  9
$SHADEDGE
 70
     3
  9
$SHADEDIF
 70
    70
  9
$TILEMODE
 70
     1
  9
$MAXACTVP
 70
    64
  9
$PINSBASE
 10
0.0
 20
0.0
 30
0.0
  9
$PLIMCHECK
 70
     0
  9
$PEXTMIN
 10
1.000000000000000E+20
 20
1.000000000000000E+20
 30
1.000000000000000E+20
  9
$PEXTMAX
 10
-1.000000000000000E+20
 20
-1.000000000000000E+20
 30
-1.000000000000000E+20
  9
$PLIMMIN
 10
0.0
 20
0.0
  9
$PLIMMAX
 10
12.0
 20
9.0
  9
$UNITMODE
 70
     0
  9
$VISRETAIN
 70
     1
  9
$PLINEGEN
 70
     0
  9
$PSLTSCALE
 70
     1
  9
$TREEDEPTH
 70
  3020
  9
$CMLSTYLE
  2
Standard
  9
$CMLJUST
 70
     0
  9
$CMLSCALE
 40
1.0
  9
$PROXYGRAPHICS
 70
     1
  9
$MEASUREMENT
 70
     0
  9
$CELWEIGHT
370
    -1
  9
$ENDCAPS
280
     0
  9
$JOINSTYLE
280
     0
  9
$LWDISPLAY
290
     1
  9
$INSUNITS
 70
     0
  9
$HYPERLINKBASE
  1

  9
$STYLESHEET
  1

  9
$XEDIT
290
     1
  9
$CEPSNTYPE
380
     0
  9
$PSTYLEMODE
290
     1
  9
$FINGERPRINTGUID
  2
{0F63BB3F-97E3-4807-8697-3FC6C137337A}
  9
$VERSIONGUID
  2
{FAEB1C32-E019-11D5-929B-00C0DF256EC4}
  9
$EXTNAMES
290
     1
  9
$PSVPSCALE
 40
0.0
  9
$OLESTARTUP
290
     0
  9
$SORTENTS
280
   127
  9
$INDEXCTL
280
     0
  9
$HIDETEXT
280
     1
  9
$XCLIPFRAME
280
     2
  9
$HALOGAP
280
     0
  9
$OBSCOLOR
 70
   257
  9
$OBSLTYPE
280
     0
  9
$INTERSECTIONDISPLAY
280
     0
  9
$INTERSECTIONCOLOR
 70
   257
  9
$DIMASSOC
280
     2
  9
$PROJECTNAME
  1

  9
$CAMERADISPLAY
290
     0
  9
$LENSLENGTH
 40
50.0
  9
$CAMERAHEIGHT
 40
0.0
  9
$STEPSPERSEC
 40
2.0
  9
$STEPSIZE
 40
6.0
  9
$3DDWFPREC
 40
2.0
  9
$PSOLWIDTH
 40
0.25
  9
$PSOLHEIGHT
 40
4.0
  9
$LOFTANG1
 40
1.570796326794897
  9
$LOFTANG2
 40
1.570796326794897
  9
$LOFTMAG1
 40
0.0
  9
$LOFTMAG2
 40
0.0
  9
$LOFTPARAM
 70
     7
  9
$LOFTNORMALS
280
     1
  9
$LATITUDE
 40
37.795
  9
$LONGITUDE
 40
-122.394
  9
$NORTHDIRECTION
 40
0.0
  9
$TIMEZONE
 70
 -8000
  9
$LIGHTGLYPHDISPLAY
280
     1
  9
$TILEMODELIGHTSYNCH
280
     1
  9
$CMATERIAL
347
3C
  9
$SOLIDHIST
280
     1
  9
$SHOWHIST
280
     1
  9
$DWFFRAME
280
     2
  9
$DGNFRAME
280
     2
  9
$REALWORLDSCALE
290
     1
  9
$INTERFERECOLOR
 62
   256
  9
$CSHADOW
280
     0
  9
$SHADOWPLANELOCATION
 40
0.0
  0
ENDSEC
  0
SECTION
  2
CLASSES
  0
CLASS
  1
ACDBDICTIONARYWDFLT
  2
AcDbDictionaryWithDefault
  3
ObjectDBX Classes
 90
        0
 91
        4
280
     0
281
     0
  0
CLASS
  1
VISUALSTYLE
  2
AcDbVisualStyle
  3
ObjectDBX Classes
 90
     4095
 91
        4
280
     0
281
     0
  0
CLASS
  1
MATERIAL
  2
AcDbMaterial
  3
ObjectDBX Classes
 90
     1153
 91
        4
280
     0
281
     0
  0
CLASS
  1
SUN
  2
AcDbSun
  3
SCENEOE
 90
     1024
 91
        4
280
     0
281
     0
  0
ENDSEC
  0
SECTION
  2
TABLES
  0
TABLE
  2
VPORT
  5
8
330
0
100
AcDbSymbolTable
 70
     1
  0
VPORT
  5
29
330
8
100
AcDbSymbolTableRecord
100
AcDbViewportTableRecord
  2
*Active
 70
     0
 10
0.0
 20
0.0
 11
1.0
 21
1.0
 12
0.0
 22
0.0
 13
0.0
 23
0.0
 14
0.5
 24
0.5
 15
0.5
 25
0.5
 16
0.0
 26
0.0
 36
1.0
 17
999.5678682760235
 27
-1000.133494575773
 37
0.0
 40
934.7367874098427
 41
0.9998775629340015
 42
50.0
 43
0.0
 44
0.0
 50
0.0
 51
0.0
 71
     0
 72
   100
 73
     1
 74
     3
 75
     0
 76
     0
 77
     0
 78
     0
281
     0
 65
     1
110
0.0
120
0.0
130
0.0
111
1.0
121
0.0
131
0.0
112
0.0
122
1.0
132
0.0
 79
     0
146
0.0
 60
     3
 61
     5
292
     1
282
     1
141
0.0
142
0.0
 63
   250
361
3F
  0
ENDTAB
  0
TABLE
  2
LTYPE
  5
5
330
0
100
AcDbSymbolTable
 70
     1
  0
LTYPE
  5
14
330
5
100
AcDbSymbolTableRecord
100
AcDbLinetypeTableRecord
  2
ByBlock
 70
     0
  3

 72
    65
 73
     0
 40
0.0
  0
LTYPE
  5
15
330
5
100
AcDbSymbolTableRecord
100
AcDbLinetypeTableRecord
  2
ByLayer
 70
     0
  3

 72
    65
 73
     0
 40
0.0
  0
LTYPE
  5
16
330
5
100
AcDbSymbolTableRecord
100
AcDbLinetypeTableRecord
  2
Continuous
 70
     0
  3
Solid line
 72
    65
 73
     0
 40
0.0
  0
ENDTAB
  0
TABLE
  2
LAYER
  5
2
330
0
100
AcDbSymbolTable
 70
     2
  0
LAYER
  5
10
330
2
100
AcDbSymbolTableRecord
100
AcDbLayerTableRecord
  2
0
 70
     0
 62
     7
  6
Continuous
370
    -3
390
F
347
3E
  0
LAYER
  5
40
330
2
100
AcDbSymbolTableRecord
100
AcDbLayerTableRecord
  2
katman 1
 70
     0
 62
     7
  6
Continuous
370
    -3
390
F
347
3E
  0
ENDTAB
  0
TABLE
  2
STYLE
  5
3
330
0
100
AcDbSymbolTable
 70
     1
  0
STYLE
  5
11
330
3
100
AcDbSymbolTableRecord
100
AcDbTextStyleTableRecord
  2
Standard
 70
     0
 40
0.0
 41
1.0
 50
0.0
 71
     0
 42
0.2
  3
txt
  4

  0
ENDTAB
  0
TABLE
  2
VIEW
  5
6
330
0
100
AcDbSymbolTable
 70
     0
  0
ENDTAB
  0
TABLE
  2
UCS
  5
7
330
0
100
AcDbSymbolTable
 70
     0
  0
ENDTAB
  0
TABLE
  2
APPID
  5
9
330
0
100
AcDbSymbolTable
 70
     1
  0
APPID
  5
12
330
9
100
AcDbSymbolTableRecord
100
AcDbRegAppTableRecord
  2
ACAD
 70
     0
  0
ENDTAB
  0
TABLE
  2
DIMSTYLE
  5
A
330
0
100
AcDbSymbolTable
 70
     1
100
AcDbDimStyleTable
  0
DIMSTYLE
105
27
330
A
100
AcDbSymbolTableRecord
100
AcDbDimStyleTableRecord
  2
Standard
 70
     0
178
     0
340
11
  0
ENDTAB
  0
TABLE
  2
BLOCK_RECORD
  5
1
330
0
100
AcDbSymbolTable
 70
     2
  0
BLOCK_RECORD
  5
1F
330
1
100
AcDbSymbolTableRecord
100
AcDbBlockTableRecord
  2
*Model_Space
340
22
 70
     0
280
     1
281
     0
  0
BLOCK_RECORD
  5
1B
330
1
100
AcDbSymbolTableRecord
100
AcDbBlockTableRecord
  2
*Paper_Space
340
1E
 70
     0
280
     1
281
     0
  0
BLOCK_RECORD
  5
23
330
1
100
AcDbSymbolTableRecord
100
AcDbBlockTableRecord
  2
*Paper_Space0
340
26
 70
     0
280
     1
281
     0
  0
BLOCK_RECORD
  5
41
330
1
100
AcDbSymbolTableRecord
100
AcDbBlockTableRecord
  2
block 2
340
0
102
{BLKREFS
331
42
102
}
 70
     0
280
     1
281
     0
  0
ENDTAB
  0
ENDSEC
  0
SECTION
  2
BLOCKS
  0
BLOCK
  5
20
330
1F
100
AcDbEntity
  8
0
100
AcDbBlockBegin
  2
*Model_Space
 70
     0
 10
0.0
 20
0.0
 30
0.0
  3
*Model_Space
  1

  0
ENDBLK
  5
21
330
1F
100
AcDbEntity
  8
0
100
AcDbBlockEnd
  0
BLOCK
  5
1C
330
1B
100
AcDbEntity
 67
     1
  8
0
100
AcDbBlockBegin
  2
*Paper_Space
 70
     0
 10
0.0
 20
0.0
 30
0.0
  3
*Paper_Space
  1

  0
ENDBLK
  5
1D
330
1B
100
AcDbEntity
 67
     1
  8
0
100
AcDbBlockEnd
  0
BLOCK
  5
24
330
23
100
AcDbEntity
  8
0
100
AcDbBlockBegin
  2
*Paper_Space0
 70
     0
 10
0.0
 20
0.0
 30
0.0
  3
*Paper_Space0
  1

  0
ENDBLK
  5
25
330
23
100
AcDbEntity
  8
0
100
AcDbBlockEnd
  0
BLOCK
  5
43
330
41
100
AcDbEntity
  8
0
100
AcDbBlockBegin
  2
block 2
 70
     0
 10
0.0
 20
0.0
 30
0.0
  3
block 2
  1

  0
SPLINE
  5
45
330
41
100
AcDbEntity
  8
katman 1
370
     0
100
AcDbSpline
210
0.0
220
0.0
230
1.0
 70
    11
 71
     3
 72
   128
 73
   124
 74
     0
 42
0.0000000001
 43
0.0000000001
 12
1.0
 22
0.0
 32
0.0
 13
1.0
 23
0.0
 33
0.0
 40
0.0
 40
0.0
 40
0.0
 40
0.0
 40
1.0
 40
1.0
 40
1.0
 40
2.0
 40
2.0
 40
2.0
 40
3.0
 40
3.0
 40
3.0
 40
4.0
 40
4.0
 40
4.0
 40
5.0
 40
5.0
 40
5.0
 40
6.0
 40
6.0
 40
6.0
 40
7.0
 40
7.0
 40
7.0
 40
8.0
 40
8.0
 40
8.0
 40
9.0
 40
9.0
 40
9.0
 40
10.0
 40
10.0
 40
10.0
 40
11.0
 40
11.0
 40
11.0
 40
12.0
 40
12.0
 40
12.0
 40
13.0
 40
13.0
 40
13.0
 40
14.0
 40
14.0
 40
14.0
 40
15.0
 40
15.0
 40
15.0
 40
16.0
 40
16.0
 40
16.0
 40
17.0
 40
17.0
 40
17.0
 40
18.0
 40
18.0
 40
18.0
 40
19.0
 40
19.0
 40
19.0
 40
20.0
 40
20.0
 40
20.0
 40
21.0
 40
21.0
 40
21.0
 40
22.0
 40
22.0
 40
22.0
 40
23.0
 40
23.0
 40
23.0
 40
24.0
 40
24.0
 40
24.0
 40
25.0
 40
25.0
 40
25.0
 40
26.0
 40
26.0
 40
26.0
 40
27.0
 40
27.0
 40
27.0
 40
28.0
 40
28.0
 40
28.0
 40
29.0
 40
29.0
 40
29.0
 40
30.0
 40
30.0
 40
30.0
 40
31.0
 40
31.0
 40
31.0
 40
32.0
 40
32.0
 40
32.0
 40
33.0
 40
33.0
 40
33.0
 40
34.0
 40
34.0
 40
34.0
 40
35.0
 40
35.0
 40
35.0
 40
36.0
 40
36.0
 40
36.0
 40
37.0
 40
37.0
 40
37.0
 40
38.0
 40
38.0
 40
38.0
 40
39.0
 40
39.0
 40
39.0
 40
40.0
 40
40.0
 40
40.0
 40
41.0
 40
41.0
 40
41.0
 40
41.0
 10
679.6628980087644
 20
-659.1325873844808
 30
0.0
 10
690.9926441025145
 20
-649.0164203922932
 30
0.0
 10
702.392409727514
 20
-638.9874701969811
 30
0.0
 10
714.457185118139
 20
-629.7366889469804
 30
0.0
 10
769.5762085556398
 20
-587.4735297672933
 30
0.0
 10
830.982253477514
 20
-558.7324164860429
 30
0.0
 10
898.8120776962642
 20
-543.660653790731
 30
0.0
 10
940.2873120712648
 20
-534.4448823063549
 30
0.0
 10
982.2685620712637
 20
-531.211876935261
 30
0.0
 10
1024.603073790015
 20
-533.4449946110426
 30
0.0
 10
1088.428776915016
 20
-536.8117621891679
 30
0.0
 10
1149.328249571265
 20
-552.1789106266688
 30
0.0
 10
1206.402194883765
 20
-581.1102045719808
 30
0.0
 10
1320.982917540015
 20
-639.1922407047923
 30
0.0
 10
1399.633073790015
 20
-729.0710834782303
 30
0.0
 10
1442.252878477515
 20
-850.2768842594805
 30
0.0
 10
1451.756784727515
 20
-877.305185040731
 30
0.0
 10
1457.997136290014
 20
-905.184413556356
 30
0.0
 10
1462.090378477515
 20
-933.5711518376056
 30
0.0
 10
1466.328112852514
 20
-962.9585541813549
 30
0.0
 10
1467.778659727515
 20
-992.4777338688555
 30
0.0
 10
1466.340417540016
 20
-1022.075194806355
 30
0.0
 10
1462.882448790015
 20
-1093.240292462604
 30
0.0
 10
1444.551628477515
 20
-1160.393300275104
 30
0.0
 10
1410.302526915015
 20
-1222.962753400105
 30
0.0
 10
1365.997800352516
 20
-1303.902870587604
 30
0.0
 10
1303.224323790015
 20
-1366.511640118857
 30
0.0
 10
1222.351999571265
 20
-1410.959394025107
 30
0.0
 10
1218.995339415014
 20
-1412.804276837604
 30
0.0
 10
1215.634870665015
 20
-1414.642011212607
 30
0.0
 10
1212.276159727515
 20
-1416.483026837606
 30
0.0
 10
1211.711081602514
 20
-1417.977636212607
 30
0.0
 10
1210.337526915015
 20
-1417.919042462607
 30
0.0
 10
1209.105944883764
 20
-1418.133144025105
 30
0.0
 10
1197.086081602514
 20
-1423.721933087607
 30
0.0
 10
1185.109284727516
 20
-1429.406698712606
 30
0.0
 10
1172.773952696265
 20
-1434.287089337606
 30
0.0
 10
1140.422702696265
 20
-1447.086542462606
 30
0.0
 10
1107.099968321265
 20
-1456.264081525107
 30
0.0
 10
1072.713757383764
 20
-1461.708964337606
 30
0.0
 10
1041.796823790015
 20
-1466.604354962605
 30
0.0
 10
1010.705866758764
 20
-1468.446659650104
 30
0.0
 10
979.485183165014
 20
-1467.046503400106
 30
0.0
 10
907.6309058212646
 20
-1463.823729962605
 30
0.0
 10
839.9308081650142
 20
-1445.314433087606
 30
0.0
 10
776.6427612900152
 20
-1410.950839337605
 30
0.0
 10
743.030427305639
 20
-1392.700351056355
 30
0.0
 10
712.153718321264
 20
-1370.627147931355
 30
0.0
 10
683.9457202743888
 20
-1344.818358868855
 30
0.0
 10
658.9724194931405
 20
-1321.969198712606
 30
0.0
 10
636.758327696265
 20
-1296.681190900104
 30
0.0
 10
617.2477808212643
 20
-1269.019081525104
 30
0.0
 10
615.4353882431387
 20
-1266.449511212606
 30
0.0
 10
613.6798023056399
 20
-1263.830722150105
 30
0.0
 10
611.3410034775152
 20
-1261.683436993855
 30
0.0
 10
611.3410034775152
 20
-1261.683436993855
 30
0.0
 10
611.414216368139
 20
-1261.781464337604
 30
0.0
 10
611.414216368139
 20
-1261.781464337604
 30
0.0
 10
611.4783179306396
 20
-1259.842538556357
 30
0.0
 10
610.093659727514
 20
-1258.569530743855
 30
0.0
 10
609.1553980087647
 20
-1257.146581525107
 30
0.0
 10
585.1467847275144
 20
-1220.734140118857
 30
0.0
 10
566.5921655868897
 20
-1181.736015118855
 30
0.0
 10
553.5469409775142
 20
-1140.116405743855
 30
0.0
 10
552.9294507431405
 20
-1138.146425275107
 30
0.0
 10
552.2520483993903
 20
-1136.195253400107
 30
0.0
 10
551.6025952743894
 20
-1134.235292462607
 30
0.0
 10
550.069167540014
 20
-1133.117616681357
 30
0.0
 10
549.56716558689
 20
-1131.401522931355
 30
0.0
 10
549.1246948837652
 20
-1129.714843243855
 30
0.0
 10
546.7561011337639
 20
-1120.685604962604
 30
0.0
 10
543.4498023056403
 20
-1111.856933087605
 30
0.0
 10
543.1862476181395
 20
-1102.370253400106
 30
0.0
 10
541.7209644150153
 20
-1094.526776837607
 30
0.0
 10
540.1542261337654
 20
-1086.700644025106
 30
0.0
 10
538.8120776962642
 20
-1078.836190900107
 30
0.0
 10
536.2302319931405
 20
-1063.707519025105
 30
0.0
 10
534.4832739853264
 20
-1048.480761212606
 30
0.0
 10
533.3613208603274
 20
-1033.166933087607
 30
0.0
 10
532.084987852515
 20
-1015.746073712606
 30
0.0
 10
532.0262183212653
 20
-998.3135541813563
 30
0.0
 10
532.6206519150146
 20
-980.8863080876063
 30
0.0
 10
533.5323999618904
 20
-954.157069806356
 30
0.0
 10
536.9957446884528
 20
-927.7206830876048
 30
0.0
 10
542.5917261337654
 20
-901.5653412907313
 30
0.0
 10
542.8914624618901
 20
-900.1643061344812
 30
0.0
 10
543.0604175400149
 20
-898.7352338688552
 30
0.0
 10
543.2902222275152
 20
-897.31922800948
 30
0.0
 10
543.4853394150141
 20
-888.3252338688553
 30
0.0
 10
546.80927496189
 20
-880.012831525105
 30
0.0
 10
548.940095274389
 20
-871.4413569157305
 30
0.0
 10
549.3991480087643
 20
-869.5947455876058
 30
0.0
 10
550.0775171493897
 20
-867.8045014469799
 30
0.0
 10
550.3821753525153
 20
-865.9168744938552
 30
0.0
 10
550.5425757431403
 20
-864.9262299626052
 30
0.0
 10
550.7194702743891
 20
-863.9387787907299
 30
0.0
 10
551.2570679306391
 20
-863.0637983219813
 30
0.0
 10
551.4431616806396
 20
-862.897186993855
 30
0.0
 10
551.6323608993898
 20
-862.7324799626049
 30
0.0
 10
551.8215894150144
 20
-862.5677436344804
 30
0.0
 10
553.2555835556395
 20
-862.0170502751052
 30
0.0
 10
553.3372632431401
 20
-860.6567963688549
 30
0.0
 10
553.7175366806405
 20
-859.45407175948
 30
0.0
 10
566.8980835556395
 20
-817.7678119938564
 30
0.0
 10
585.5819898056398
 20
-778.7081049626058
 30
0.0
 10
609.6818921493905
 20
-742.2345502751059
 30
0.0
 10
610.7985425400148
 20
-740.5445307438558
 30
0.0
 10
611.9795288681398
 20
-738.8851850407309
 30
0.0
 10
612.3598316025145
 20
-736.8297748844807
 30
0.0
 10
612.3598316025145
 20
-736.8297748844807
 30
0.0
 10
612.309030821265
 20
-736.9224701969806
 30
0.0
 10
612.309030821265
 20
-736.9224701969806
 30
0.0
 10
613.9953589462639
 20
-735.9192280094803
 30
0.0
 10
615.0507495712645
 20
-734.3358198063552
 30
0.0
 10
616.1407983993904
 20
-732.7784858219811
 30
0.0
 10
633.9224487900137
 20
-707.3741694157297
 30
0.0
 10
653.9682788681403
 20
-683.9104194157308
 30
0.0
 10
676.38788824314
 20
-662.4802534001055
 30
0.0
 10
676.8430737900144
 20
-662.0451655094812
 30
0.0
 10
677.2166382431387
 20
-661.5247065251051
 30
0.0
 10
677.6282886337649
 20
-661.0440619938554
 30
0.0
 10
677.8709839462645
 20
-659.9433491032314
 30
0.0
 10
678.4955933212641
 20
-659.2491303532306
 30
0.0
 10
679.6628980087644
 20
-659.1325873844808
 30
0.0
  0
HATCH
  5
46
330
41
100
AcDbEntity
  8
katman 1
 62
   128
420
    25913
100
AcDbHatch
 10
0.0
 20
0.0
 30
0.0
210
0.0
220
0.0
230
1.0
  2
SOLID
 70
     1
 71
     0
 91
        1
 92
        1
 93
        1
 72
     4
 94
        3
 73
     0
 74
     1
 95
      128
 96
      124
 40
0.0
 40
0.0
 40
0.0
 40
0.0
 40
1.0
 40
1.0
 40
1.0
 40
2.0
 40
2.0
 40
2.0
 40
3.0
 40
3.0
 40
3.0
 40
4.0
 40
4.0
 40
4.0
 40
5.0
 40
5.0
 40
5.0
 40
6.0
 40
6.0
 40
6.0
 40
7.0
 40
7.0
 40
7.0
 40
8.0
 40
8.0
 40
8.0
 40
9.0
 40
9.0
 40
9.0
 40
10.0
 40
10.0
 40
10.0
 40
11.0
 40
11.0
 40
11.0
 40
12.0
 40
12.0
 40
12.0
 40
13.0
 40
13.0
 40
13.0
 40
14.0
 40
14.0
 40
14.0
 40
15.0
 40
15.0
 40
15.0
 40
16.0
 40
16.0
 40
16.0
 40
17.0
 40
17.0
 40
17.0
 40
18.0
 40
18.0
 40
18.0
 40
19.0
 40
19.0
 40
19.0
 40
20.0
 40
20.0
 40
20.0
 40
21.0
 40
21.0
 40
21.0
 40
22.0
 40
22.0
 40
22.0
 40
23.0
 40
23.0
 40
23.0
 40
24.0
 40
24.0
 40
24.0
 40
25.0
 40
25.0
 40
25.0
 40
26.0
 40
26.0
 40
26.0
 40
27.0
 40
27.0
 40
27.0
 40
28.0
 40
28.0
 40
28.0
 40
29.0
 40
29.0
 40
29.0
 40
30.0
 40
30.0
 40
30.0
 40
31.0
 40
31.0
 40
31.0
 40
32.0
 40
32.0
 40
32.0
 40
33.0
 40
33.0
 40
33.0
 40
34.0
 40
34.0
 40
34.0
 40
35.0
 40
35.0
 40
35.0
 40
36.0
 40
36.0
 40
36.0
 40
37.0
 40
37.0
 40
37.0
 40
38.0
 40
38.0
 40
38.0
 40
39.0
 40
39.0
 40
39.0
 40
40.0
 40
40.0
 40
40.0
 40
41.0
 40
41.0
 40
41.0
 40
41.0
 10
679.6628980087644
 20
-659.1325873844808
 10
690.9926441025145
 20
-649.0164203922932
 10
702.392409727514
 20
-638.9874701969811
 10
714.457185118139
 20
-629.7366889469804
 10
769.5762085556398
 20
-587.4735297672933
 10
830.982253477514
 20
-558.7324164860429
 10
898.8120776962642
 20
-543.660653790731
 10
940.2873120712648
 20
-534.4448823063549
 10
982.2685620712637
 20
-531.211876935261
 10
1024.603073790015
 20
-533.4449946110426
 10
1088.428776915016
 20
-536.8117621891679
 10
1149.328249571265
 20
-552.1789106266688
 10
1206.402194883765
 20
-581.1102045719808
 10
1320.982917540015
 20
-639.1922407047923
 10
1399.633073790015
 20
-729.0710834782303
 10
1442.252878477515
 20
-850.2768842594805
 10
1451.756784727515
 20
-877.305185040731
 10
1457.997136290014
 20
-905.184413556356
 10
1462.090378477515
 20
-933.5711518376056
 10
1466.328112852514
 20
-962.9585541813549
 10
1467.778659727515
 20
-992.4777338688555
 10
1466.340417540016
 20
-1022.075194806355
 10
1462.882448790015
 20
-1093.240292462604
 10
1444.551628477515
 20
-1160.393300275104
 10
1410.302526915015
 20
-1222.962753400105
 10
1365.997800352516
 20
-1303.902870587604
 10
1303.224323790015
 20
-1366.511640118857
 10
1222.351999571265
 20
-1410.959394025107
 10
1218.995339415014
 20
-1412.804276837604
 10
1215.634870665015
 20
-1414.642011212607
 10
1212.276159727515
 20
-1416.483026837606
 10
1211.711081602514
 20
-1417.977636212607
 10
1210.337526915015
 20
-1417.919042462607
 10
1209.105944883764
 20
-1418.133144025105
 10
1197.086081602514
 20
-1423.721933087607
 10
1185.109284727516
 20
-1429.406698712606
 10
1172.773952696265
 20
-1434.287089337606
 10
1140.422702696265
 20
-1447.086542462606
 10
1107.099968321265
 20
-1456.264081525107
 10
1072.713757383764
 20
-1461.708964337606
 10
1041.796823790015
 20
-1466.604354962605
 10
1010.705866758764
 20
-1468.446659650104
 10
979.485183165014
 20
-1467.046503400106
 10
907.6309058212646
 20
-1463.823729962605
 10
839.9308081650142
 20
-1445.314433087606
 10
776.6427612900152
 20
-1410.950839337605
 10
743.030427305639
 20
-1392.700351056355
 10
712.153718321264
 20
-1370.627147931355
 10
683.9457202743888
 20
-1344.818358868855
 10
658.9724194931405
 20
-1321.969198712606
 10
636.758327696265
 20
-1296.681190900104
 10
617.2477808212643
 20
-1269.019081525104
 10
615.4353882431387
 20
-1266.449511212606
 10
613.6798023056399
 20
-1263.830722150105
 10
611.3410034775152
 20
-1261.683436993855
 10
611.3410034775152
 20
-1261.683436993855
 10
611.414216368139
 20
-1261.781464337604
 10
611.414216368139
 20
-1261.781464337604
 10
611.4783179306396
 20
-1259.842538556357
 10
610.093659727514
 20
-1258.569530743855
 10
609.1553980087647
 20
-1257.146581525107
 10
585.1467847275144
 20
-1220.734140118857
 10
566.5921655868897
 20
-1181.736015118855
 10
553.5469409775142
 20
-1140.116405743855
 10
552.9294507431405
 20
-1138.146425275107
 10
552.2520483993903
 20
-1136.195253400107
 10
551.6025952743894
 20
-1134.235292462607
 10
550.069167540014
 20
-1133.117616681357
 10
549.56716558689
 20
-1131.401522931355
 10
549.1246948837652
 20
-1129.714843243855
 10
546.7561011337639
 20
-1120.685604962604
 10
543.4498023056403
 20
-1111.856933087605
 10
543.1862476181395
 20
-1102.370253400106
 10
541.7209644150153
 20
-1094.526776837607
 10
540.1542261337654
 20
-1086.700644025106
 10
538.8120776962642
 20
-1078.836190900107
 10
536.2302319931405
 20
-1063.707519025105
 10
534.4832739853264
 20
-1048.480761212606
 10
533.3613208603274
 20
-1033.166933087607
 10
532.084987852515
 20
-1015.746073712606
 10
532.0262183212653
 20
-998.3135541813563
 10
532.6206519150146
 20
-980.8863080876063
 10
533.5323999618904
 20
-954.157069806356
 10
536.9957446884528
 20
-927.7206830876048
 10
542.5917261337654
 20
-901.5653412907313
 10
542.8914624618901
 20
-900.1643061344812
 10
543.0604175400149
 20
-898.7352338688552
 10
543.2902222275152
 20
-897.31922800948
 10
543.4853394150141
 20
-888.3252338688553
 10
546.80927496189
 20
-880.012831525105
 10
548.940095274389
 20
-871.4413569157305
 10
549.3991480087643
 20
-869.5947455876058
 10
550.0775171493897
 20
-867.8045014469799
 10
550.3821753525153
 20
-865.9168744938552
 10
550.5425757431403
 20
-864.9262299626052
 10
550.7194702743891
 20
-863.9387787907299
 10
551.2570679306391
 20
-863.0637983219813
 10
551.4431616806396
 20
-862.897186993855
 10
551.6323608993898
 20
-862.7324799626049
 10
551.8215894150144
 20
-862.5677436344804
 10
553.2555835556395
 20
-862.0170502751052
 10
553.3372632431401
 20
-860.6567963688549
 10
553.7175366806405
 20
-859.45407175948
 10
566.8980835556395
 20
-817.7678119938564
 10
585.5819898056398
 20
-778.7081049626058
 10
609.6818921493905
 20
-742.2345502751059
 10
610.7985425400148
 20
-740.5445307438558
 10
611.9795288681398
 20
-738.8851850407309
 10
612.3598316025145
 20
-736.8297748844807
 10
612.3598316025145
 20
-736.8297748844807
 10
612.309030821265
 20
-736.9224701969806
 10
612.309030821265
 20
-736.9224701969806
 10
613.9953589462639
 20
-735.9192280094803
 10
615.0507495712645
 20
-734.3358198063552
 10
616.1407983993904
 20
-732.7784858219811
 10
633.9224487900137
 20
-707.3741694157297
 10
653.9682788681403
 20
-683.9104194157308
 10
676.38788824314
 20
-662.4802534001055
 10
676.8430737900144
 20
-662.0451655094812
 10
677.2166382431387
 20
-661.5247065251051
 10
677.6282886337649
 20
-661.0440619938554
 10
677.8709839462645
 20
-659.9433491032314
 10
678.4955933212641
 20
-659.2491303532306
 10
679.6628980087644
 20
-659.1325873844808
 97
        0
 97
        0
 75
     2
 76
     1
 98
        0
  0
SPLINE
  5
47
330
41
100
AcDbEntity
  8
katman 1
370
     0
100
AcDbSpline
210
0.0
220
0.0
230
1.0
 70
    11
 71
     3
 72
    17
 73
    13
 74
     0
 42
0.0000000001
 43
0.0000000001
 12
1.0
 22
0.0
 32
0.0
 13
1.0
 23
0.0
 33
0.0
 40
0.0
 40
0.0
 40
0.0
 40
0.0
 40
1.0
 40
1.0
 40
1.0
 40
2.0
 40
2.0
 40
2.0
 40
3.0
 40
3.0
 40
3.0
 40
4.0
 40
4.0
 40
4.0
 40
4.0
 10
548.0399194931397
 20
-999.8240424626047
 30
0.0
 10
548.5894995712642
 20
-748.9244330876054
 30
0.0
 10
752.2899976181398
 20
-547.0993451969798
 30
0.0
 10
1002.531511290015
 20
-548.707670392293
 30
0.0
 10
1249.909519102515
 20
-550.2975678532302
 30
0.0
 10
1451.894011290015
 20
-751.2809272282311
 30
0.0
 10
1450.877409727515
 20
-1002.063378400104
 30
0.0
 10
1449.862097227515
 20
-1252.526757306354
 30
0.0
 10
1245.653210508764
 20
-1453.490604962604
 30
0.0
 10
995.7677417587638
 20
-1451.496425275105
 30
0.0
 10
749.1429566025145
 20
-1449.528261212607
 30
0.0
 10
548.3207886337641
 20
-1249.356659650104
 30
0.0
 10
548.0399194931397
 20
-999.8240424626047
 30
0.0
  0
SPLINE
  5
48
330
41
100
AcDbEntity
  8
katman 1
370
     0
100
AcDbSpline
210
0.0
220
0.0
230
1.0
 70
    11
 71
     3
 72
    17
 73
    13
 74
     0
 42
0.0000000001
 43
0.0000000001
 12
1.0
 22
0.0
 32
0.0
 13
1.0
 23
0.0
 33
0.0
 40
0.0
 40
0.0
 40
0.0
 40
0.0
 40
1.0
 40
1.0
 40
1.0
 40
2.0
 40
2.0
 40
2.0
 40
3.0
 40
3.0
 40
3.0
 40
4.0
 40
4.0
 40
4.0
 40
4.0
 10
999.8296948837651
 20
-564.267665509481
 30
0.0
 10
1243.543425352515
 20
-564.7098432438552
 30
0.0
 10
1436.199323790015
 20
-763.3552826969799
 30
0.0
 10
1435.331667540015
 20
-1001.855604962606
 30
0.0
 10
1434.460495665015
 20
-1241.303769025104
 30
0.0
 10
1239.310612852516
 20
-1435.912597150105
 30
0.0
 10
999.2039136337644
 20
-1435.897245587606
 30
0.0
 10
761.1228882431387
 20
-1435.882011212605
 30
0.0
 10
563.5957105087655
 20
-1243.105233868857
 30
0.0
 10
563.7320288681403
 20
-999.8033002751044
 30
0.0
 10
563.8673511337638
 20
-758.2453217594802
 30
0.0
 10
759.5805542587641
 20
-564.232816876668
 30
0.0
 10
999.8296948837651
 20
-564.267665509481
 30
0.0
  0
HATCH
  5
49
330
41
100
AcDbEntity
  8
katman 1
 62
   128
420
    25913
100
AcDbHatch
 10
0.0
 20
0.0
 30
0.0
210
0.0
220
0.0
230
1.0
  2
SOLID
 70
     1
 71
     0
 91
        1
 92
        1
 93
        1
 72
     4
 94
        3
 73
     0
 74
     1
 95
       17
 96
       13
 40
0.0
 40
0.0
 40
0.0
 40
0.0
 40
1.0
 40
1.0
 40
1.0
 40
2.0
 40
2.0
 40
2.0
 40
3.0
 40
3.0
 40
3.0
 40
4.0
 40
4.0
 40
4.0
 40
4.0
 10
999.8296948837651
 20
-564.267665509481
 10
1243.543425352515
 20
-564.7098432438552
 10
1436.199323790015
 20
-763.3552826969799
 10
1435.331667540015
 20
-1001.855604962606
 10
1434.460495665015
 20
-1241.303769025104
 10
1239.310612852516
 20
-1435.912597150105
 10
999.2039136337644
 20
-1435.897245587606
 10
761.1228882431387
 20
-1435.882011212605
 10
563.5957105087655
 20
-1243.105233868857
 10
563.7320288681403
 20
-999.8033002751044
 10
563.8673511337638
 20
-758.2453217594802
 10
759.5805542587641
 20
-564.232816876668
 10
999.8296948837651
 20
-564.267665509481
 97
        0
 97
        0
 75
     2
 76
     1
 98
        0
  0
SPLINE
  5
4A
330
41
100
AcDbEntity
  8
katman 1
370
     0
100
AcDbSpline
210
0.0
220
0.0
230
1.0
 70
    11
 71
     3
 72
    17
 73
    13
 74
     0
 42
0.0000000001
 43
0.0000000001
 12
1.0
 22
0.0
 32
0.0
 13
1.0
 23
0.0
 33
0.0
 40
0.0
 40
0.0
 40
0.0
 40
0.0
 40
1.0
 40
1.0
 40
1.0
 40
2.0
 40
2.0
 40
2.0
 40
3.0
 40
3.0
 40
3.0
 40
4.0
 40
4.0
 40
4.0
 40
4.0
 10
1269.483640196266
 20
-1000.408280743854
 30
0.0
 10
1269.157683165015
 20
-1148.826249493854
 30
0.0
 10
1149.414909727515
 20
-1270.083085431354
 30
0.0
 10
999.4423901962637
 20
-1270.049686993854
 30
0.0
 10
849.7470776962637
 20
-1270.016347150104
 30
0.0
 10
729.3941382431403
 20
-1149.027401837604
 30
0.0
 10
729.569655821264
 20
-999.8052924626054
 30
0.0
 10
729.7467261337642
 20
-849.2584662907311
 30
0.0
 10
852.2727612900144
 20
-728.837616681355
 30
0.0
 10
1001.963796446265
 20
-730.1671674626059
 30
0.0
 10
1149.779245665015
 20
-731.4800483219797
 30
0.0
 10
1269.422761290016
 20
-851.5413080876051
 30
0.0
 10
1269.483640196266
 20
-1000.408280743854
 30
0.0
  0
SPLINE
  5
4B
330
41
100
AcDbEntity
  8
katman 1
370
     0
100
AcDbSpline
210
0.0
220
0.0
230
1.0
 70
    11
 71
     3
 72
   110
 73
   106
 74
     0
 42
0.0000000001
 43
0.0000000001
 12
1.0
 22
0.0
 32
0.0
 13
1.0
 23
0.0
 33
0.0
 40
0.0
 40
0.0
 40
0.0
 40
0.0
 40
1.0
 40
1.0
 40
1.0
 40
2.0
 40
2.0
 40
2.0
 40
3.0
 40
3.0
 40
3.0
 40
4.0
 40
4.0
 40
4.0
 40
5.0
 40
5.0
 40
5.0
 40
6.0
 40
6.0
 40
6.0
 40
7.0
 40
7.0
 40
7.0
 40
8.0
 40
8.0
 40
8.0
 40
9.0
 40
9.0
 40
9.0
 40
10.0
 40
10.0
 40
10.0
 40
11.0
 40
11.0
 40
11.0
 40
12.0
 40
12.0
 40
12.0
 40
13.0
 40
13.0
 40
13.0
 40
14.0
 40
14.0
 40
14.0
 40
15.0
 40
15.0
 40
15.0
 40
16.0
 40
16.0
 40
16.0
 40
17.0
 40
17.0
 40
17.0
 40
18.0
 40
18.0
 40
18.0
 40
19.0
 40
19.0
 40
19.0
 40
20.0
 40
20.0
 40
20.0
 40
21.0
 40
21.0
 40
21.0
 40
22.0
 40
22.0
 40
22.0
 40
23.0
 40
23.0
 40
23.0
 40
24.0
 40
24.0
 40
24.0
 40
25.0
 40
25.0
 40
25.0
 40
26.0
 40
26.0
 40
26.0
 40
27.0
 40
27.0
 40
27.0
 40
28.0
 40
28.0
 40
28.0
 40
29.0
 40
29.0
 40
29.0
 40
30.0
 40
30.0
 40
30.0
 40
31.0
 40
31.0
 40
31.0
 40
32.0
 40
32.0
 40
32.0
 40
33.0
 40
33.0
 40
33.0
 40
34.0
 40
34.0
 40
34.0
 40
35.0
 40
35.0
 40
35.0
 40
35.0
 10
691.2966870712644
 20
-788.6722358219804
 30
0.0
 10
686.9391870712643
 20
-791.7245600407305
 30
0.0
 10
683.1311499618896
 20
-794.6108881657301
 30
0.0
 10
679.8753296493887
 20
-798.1607905094797
 30
0.0
 10
676.3865405868892
 20
-801.9646967594808
 30
0.0
 10
673.4865894150153
 20
-806.1315034001063
 30
0.0
 10
671.5944214462652
 20
-810.96041941573
 30
0.0
 10
667.9351245712642
 20
-820.29920847823
 30
0.0
 10
669.78982183689
 20
-829.0241987126055
 30
0.0
 10
677.0243335556388
 20
-835.949716290731
 30
0.0
 10
681.7434448837648
 20
-840.4672651188548
 30
0.0
 10
687.35329839939
 20
-843.5705073063555
 30
0.0
 10
693.700349180639
 20
-844.9479291813559
 30
0.0
 10
703.1732593368888
 20
-847.0037787907304
 30
0.0
 10
711.0979175400153
 20
-844.2794037907306
 30
0.0
 10
716.881911680639
 20
-836.260995587606
 30
0.0
 10
722.167507383765
 20
-828.9334955876047
 30
0.0
 10
724.7945581650147
 20
-820.6609662907313
 30
0.0
 10
725.4159741806398
 20
-811.695888165731
 30
0.0
 10
725.525222227514
 20
-810.1198920719808
 30
0.0
 10
725.1885718368903
 20
-808.496347150106
 30
0.0
 10
726.0224487900141
 20
-806.536269025105
 30
0.0
 10
734.2278003525153
 20
-808.6978803532302
 30
0.0
 10
742.48163824314
 20
-810.8722944157298
 30
0.0
 10
750.8217847275155
 20
-813.0694135563563
 30
0.0
 10
751.2012378525142
 20
-811.386483868856
 30
0.0
 10
750.2889624618892
 20
-810.4000580876063
 30
0.0
 10
749.7735718368895
 20
-809.3286127751062
 30
0.0
 10
736.343093321264
 20
-781.4074018376059
 30
0.0
 10
722.8707788681404
 20
-753.5062885563557
 30
0.0
 10
709.4694214462652
 20
-725.5711616032304
 30
0.0
 10
707.1535620712639
 20
-720.7437690251054
 30
0.0
 10
706.8392358993897
 20
-721.9482221501048
 30
0.0
 10
710.8187769150154
 20
-717.9817475407299
 30
0.0
 10
718.6346265243901
 20
-710.1914448063553
 30
0.0
 10
726.5417066025148
 20
-702.492401837605
 30
0.0
 10
734.3257691025137
 20
-694.6707514469808
 30
0.0
 10
735.784694883765
 20
-693.2048237126064
 30
0.0
 10
736.8889526962648
 20
-692.9164838688548
 30
0.0
 10
738.83816168064
 20
-693.8999799626063
 30
0.0
 10
769.213776915014
 20
-709.227138165731
 30
0.0
 10
799.6362964462642
 20
-724.4613373844813
 30
0.0
 10
830.0401245712637
 20
-739.7326850407308
 30
0.0
 10
830.4397339462648
 20
-739.9334272282313
 30
0.0
 10
830.7376831650145
 20
-740.3366108219807
 30
0.0
 10
831.0886011337643
 20
-740.6501752751055
 30
0.0
 10
830.8519409775145
 20
-742.1179194157312
 30
0.0
 10
829.6370581650153
 20
-742.7465424626052
 30
0.0
 10
828.7827026962641
 20
-743.6000776188548
 30
0.0
 10
823.238679258764
 20
-749.1386518376048
 30
0.0
 10
817.6586206650154
 20
-754.6413959782303
 30
0.0
 10
812.066433165015
 20
-760.1314545719806
 30
0.0
 10
809.308425352514
 20
-762.8390424626059
 30
0.0
 10
809.2786597275153
 20
-762.8285541813557
 30
0.0
 10
805.6446753525142
 20
-761.0014838688558
 30
0.0
 10
801.7892066025142
 20
-759.0631733219807
 30
0.0
 10
797.9069605087643
 20
-757.1718256657305
 30
0.0
 10
794.1184058212639
 20
-755.1094428532297
 30
0.0
 10
792.3213941025151
 20
-754.1312201969804
 30
0.0
 10
791.1129566025138
 20
-754.1515229313563
 30
0.0
 10
789.558991758764
 20
-755.7301557438559
 30
0.0
 10
782.8283276962648
 20
-762.5678119938557
 30
0.0
 10
775.9808569931392
 20
-769.2923530094804
 30
0.0
 10
769.0860718368895
 20
-775.9651850407308
 30
0.0
 10
767.5301441025149
 20
-777.4710151188547
 30
0.0
 10
767.4584546493898
 20
-778.7083100407299
 30
0.0
 10
768.4724780868892
 20
-780.5488862126049
 30
0.0
 10
770.7846460556393
 20
-784.7456342594805
 30
0.0
 10
772.812575743139
 20
-789.0982709782302
 30
0.0
 10
775.0855444931403
 20
-793.3177826969813
 30
0.0
 10
775.9793628525149
 20
-794.9771576969806
 30
0.0
 10
775.8535327743903
 20
-796.0773432438555
 30
0.0
 10
774.449860899389
 20
-797.4332319157302
 30
0.0
 10
768.238601133764
 20
-803.43299754073
 30
0.0
 10
762.1458179306392
 20
-809.5552826969806
 30
0.0
 10
755.9927710556403
 20
-815.6155463688547
 30
0.0
 10
755.4340796493889
 20
-816.1658002751055
 30
0.0
 10
754.6208276962643
 20
-817.1046479313563
 30
0.0
 10
754.1484448837655
 20
-816.9848823063558
 30
0.0
 10
751.953933165014
 20
-816.4285053532303
 30
0.0
 10
752.4432788681388
 20
-818.0135248844808
 30
0.0
 10
752.2223511337652
 20
-819.0860541813554
 30
0.0
 10
749.4436011337639
 20
-832.5758002751054
 30
0.0
 10
744.1435620712655
 20
-844.9682612126062
 30
0.0
 10
735.9792261337643
 20
-856.085048321981
 30
0.0
 10
732.26874761814
 20
-861.1374409001064
 30
0.0
 10
727.9516187118898
 20
-865.61373972823
 30
0.0
 10
722.8519409775145
 20
-869.309335431356
 30
0.0
 10
711.97187261814
 20
-877.1938862126053
 30
0.0
 10
699.9115796493898
 20
-879.5706537907308
 30
0.0
 10
686.9168335556387
 20
-876.5707123844813
 30
0.0
 10
675.6673023056392
 20
-873.9736616032305
 30
0.0
 10
665.5865405868899
 20
-868.7700385563558
 30
0.0
 10
657.0675659775152
 20
-860.97164988448
 30
0.0
 10
641.727487852515
 20
-846.9292182438558
 30
0.0
 10
637.4882886337655
 20
-829.5673627751048
 30
0.0
 10
643.2429566025148
 20
-809.886073712606
 30
0.0
 10
647.9908960556404
 20
-793.64784129073
 30
0.0
 10
657.4394312118893
 20
-780.3414350407302
 30
0.0
 10
670.4268823837647
 20
-769.5155366032313
 30
0.0
 10
672.163483946264
 20
-768.068007306355
 30
0.0
 10
673.2836206650154
 20
-767.6075776188563
 30
0.0
 10
675.024851133765
 20
-769.727675275105
 30
0.0
 10
680.1883667587645
 20
-776.0146381657314
 30
0.0
 10
685.6096362900153
 20
-782.0899018376049
 30
0.0
 10
691.2966870712644
 20
-788.6722358219804
 30
0.0
  0
SPLINE
  5
4C
330
41
100
AcDbEntity
  8
katman 1
370
     0
100
AcDbSpline
210
0.0
220
0.0
230
1.0
 70
    11
 71
     3
 72
    83
 73
    79
 74
     0
 42
0.0000000001
 43
0.0000000001
 12
1.0
 22
0.0
 32
0.0
 13
1.0
 23
0.0
 33
0.0
 40
0.0
 40
0.0
 40
0.0
 40
0.0
 40
1.0
 40
1.0
 40
1.0
 40
2.0
 40
2.0
 40
2.0
 40
3.0
 40
3.0
 40
3.0
 40
4.0
 40
4.0
 40
4.0
 40
5.0
 40
5.0
 40
5.0
 40
6.0
 40
6.0
 40
6.0
 40
7.0
 40
7.0
 40
7.0
 40
8.0
 40
8.0
 40
8.0
 40
9.0
 40
9.0
 40
9.0
 40
10.0
 40
10.0
 40
10.0
 40
11.0
 40
11.0
 40
11.0
 40
12.0
 40
12.0
 40
12.0
 40
13.0
 40
13.0
 40
13.0
 40
14.0
 40
14.0
 40
14.0
 40
15.0
 40
15.0
 40
15.0
 40
16.0
 40
16.0
 40
16.0
 40
17.0
 40
17.0
 40
17.0
 40
18.0
 40
18.0
 40
18.0
 40
19.0
 40
19.0
 40
19.0
 40
20.0
 40
20.0
 40
20.0
 40
21.0
 40
21.0
 40
21.0
 40
22.0
 40
22.0
 40
22.0
 40
23.0
 40
23.0
 40
23.0
 40
24.0
 40
24.0
 40
24.0
 40
25.0
 40
25.0
 40
25.0
 40
26.0
 40
26.0
 40
26.0
 40
26.0
 10
967.8430151962639
 20
-641.8139448063548
 30
0.0
 10
967.0052417587649
 20
-643.9956830876063
 30
0.0
 10
967.3033667587642
 20
-645.5784028141688
 30
0.0
 10
967.2994409775147
 20
-647.1171479313552
 30
0.0
 10
967.2600073837639
 20
-662.6353510563558
 30
0.0
 10
967.2644019150139
 20
-678.1536713688556
 30
0.0
 10
967.2319409775137
 20
-693.6719037907305
 30
0.0
 10
967.2232105087642
 20
-697.8498432438564
 30
0.0
 10
967.1846558212637
 20
-697.9137397282311
 30
0.0
 10
963.0370386337654
 20
-697.9017573063547
 30
0.0
 10
955.6794214462643
 20
-697.8804877751054
 30
0.0
 10
948.321804258765
 20
-697.7932123844812
 30
0.0
 10
940.9647730087654
 20
-697.6924897282306
 30
0.0
 10
937.6386401962645
 20
-697.6469623844814
 30
0.0
 10
937.5627612900153
 20
-697.6024604313561
 30
0.0
 10
937.5568433212648
 20
-694.21424754073
 30
0.0
 10
937.5367456650147
 20
-682.6956244938547
 30
0.0
 10
937.5733667587647
 20
-671.1769135563563
 30
0.0
 10
937.5922925400137
 20
-659.6582319157305
 30
0.0
 10
937.6237573837643
 20
-640.460663556355
 30
0.0
 10
937.6583276962647
 20
-621.2631098454176
 30
0.0
 10
937.691726133764
 20
-602.0655414860439
 30
0.0
 10
937.6931323837653
 20
-601.265634259481
 30
0.0
 10
937.773757383764
 20
-600.4570551579172
 30
0.0
 10
937.6847534775152
 20
-599.6674750797929
 30
0.0
 10
937.4319800400153
 20
-597.424711407918
 30
0.0
 10
938.2527026962653
 20
-596.54432566573
 30
0.0
 10
940.625925352515
 20
-596.6202924626059
 30
0.0
 10
945.5803198837639
 20
-596.7788471501053
 30
0.0
 10
950.5433276962649
 20
-596.6659662907305
 30
0.0
 10
955.5028198837645
 20
-596.6654828922938
 30
0.0
 10
959.5023706650154
 20
-596.6651020329182
 30
0.0
 10
963.5119995712648
 20
-596.8404291813558
 30
0.0
 10
967.498366758764
 20
-596.6111664860427
 30
0.0
 10
970.6938941025146
 20
-596.4274018376063
 30
0.0
 10
972.6104370712637
 20
-597.4092426579182
 30
0.0
 10
974.3720581650141
 20
-600.3063080876063
 30
0.0
 10
984.2512573837648
 20
-616.552743634481
 30
0.0
 10
994.3999878525137
 20
-632.6353950016683
 30
0.0
 10
1004.468679258765
 20
-648.7664741032304
 30
0.0
 10
1005.275983946265
 20
-650.0598432438555
 30
0.0
 10
1006.174226133764
 20
-651.2964789860425
 30
0.0
 10
1007.783796446265
 20
-652.3864692204179
 30
0.0
 10
1007.783796446265
 20
-650.8638813297939
 30
0.0
 10
1007.782155821265
 20
-649.3412934391681
 30
0.0
 10
1007.784089415014
 20
-647.8187055485423
 30
0.0
 10
1007.803659727515
 20
-632.3004731266674
 30
0.0
 10
1007.824636290015
 20
-616.7822407047925
 30
0.0
 10
1007.843444883765
 20
-601.2640082829175
 30
0.0
 10
1007.849245665015
 20
-596.4573139469803
 30
0.0
 10
1007.610593321264
 20
-596.7059272282304
 30
0.0
 10
1012.152605040015
 20
-596.7148188297933
 30
0.0
 10
1019.351843321265
 20
-596.728910626668
 30
0.0
 10
1026.551198790015
 20
-596.6958930485425
 30
0.0
 10
1033.750261290015
 20
-596.7301996891683
 30
0.0
 10
1037.376804258765
 20
-596.7474701969813
 30
0.0
 10
1037.446355040016
 20
-596.7945502751054
 30
0.0
 10
1037.448288633765
 20
-600.4122309391687
 30
0.0
 10
1037.457370665015
 20
-617.6901215641674
 30
0.0
 10
1037.422565977515
 20
-634.968026837606
 30
0.0
 10
1037.408679258764
 20
-652.2459321110427
 30
0.0
 10
1037.397253477515
 20
-666.4843744938562
 30
0.0
 10
1037.407155821265
 20
-680.7228608219802
 30
0.0
 10
1037.376862852516
 20
-694.9612592594813
 30
0.0
 10
1037.368483946264
 20
-698.8902045719797
 30
0.0
 10
1037.318269102516
 20
-698.9435248844811
 30
0.0
 10
1033.448796446264
 20
-698.9597846501047
 30
0.0
 10
1024.809909727515
 20
-698.9960541813552
 30
0.0
 10
1016.164636290016
 20
-698.788661603231
 30
0.0
 10
1007.534655821264
 20
-699.0695014469811
 30
0.0
 10
1004.257741758765
 20
-699.1761713688547
 30
0.0
 10
1002.718073790014
 20
-697.7834272282298
 30
0.0
 10
1001.159831602514
 20
-695.252206525106
 30
0.0
 10
990.771804258764
 20
-678.3776459782302
 30
0.0
 10
980.2536401962643
 20
-661.5832123844802
 30
0.0
 10
969.7740894150138
 20
-644.7650483219813
 30
0.0
 10
969.2687183212638
 20
-643.9540375797924
 30
0.0
 10
968.7284839462645
 20
-643.1647797672931
 30
0.0
 10
967.8430151962639
 20
-641.8139448063548
 30
0.0
  0
SPLINE
  5
4D
330
41
100
AcDbEntity
  8
katman 1
370
     0
100
AcDbSpline
210
0.0
220
0.0
230
1.0
 70
    11
 71
     3
 72
    68
 73
    64
 74
     0
 42
0.0000000001
 43
0.0000000001
 12
1.0
 22
0.0
 32
0.0
 13
1.0
 23
0.0
 33
0.0
 40
0.0
 40
0.0
 40
0.0
 40
0.0
 40
1.0
 40
1.0
 40
1.0
 40
2.0
 40
2.0
 40
2.0
 40
3.0
 40
3.0
 40
3.0
 40
4.0
 40
4.0
 40
4.0
 40
5.0
 40
5.0
 40
5.0
 40
6.0
 40
6.0
 40
6.0
 40
7.0
 40
7.0
 40
7.0
 40
8.0
 40
8.0
 40
8.0
 40
9.0
 40
9.0
 40
9.0
 40
10.0
 40
10.0
 40
10.0
 40
11.0
 40
11.0
 40
11.0
 40
12.0
 40
12.0
 40
12.0
 40
13.0
 40
13.0
 40
13.0
 40
14.0
 40
14.0
 40
14.0
 40
15.0
 40
15.0
 40
15.0
 40
16.0
 40
16.0
 40
16.0
 40
17.0
 40
17.0
 40
17.0
 40
18.0
 40
18.0
 40
18.0
 40
19.0
 40
19.0
 40
19.0
 40
20.0
 40
20.0
 40
20.0
 40
21.0
 40
21.0
 40
21.0
 40
21.0
 10
880.5317066025145
 20
-671.9563569157299
 30
0.0
 10
872.8761401962638
 20
-654.905487775105
 30
0.0
 10
865.3345972275147
 20
-638.1084614079182
 30
0.0
 10
857.6802612900137
 20
-621.0602875797931
 30
0.0
 10
866.7989136337637
 20
-616.9458637516682
 30
0.0
 10
875.510690977515
 20
-613.0150141422937
 30
0.0
 10
884.1003003525148
 20
-609.1393159001063
 30
0.0
 10
885.3574878525142
 20
-609.8777289860436
 30
0.0
 10
885.6423120712643
 20
-610.982147931355
 30
0.0
 10
886.100983946264
 20
-612.0002436344812
 30
0.0
 10
898.8964526962645
 20
-640.4026264469803
 30
0.0
 10
911.7088550400149
 20
-668.7973627751062
 30
0.0
 10
924.5094214462642
 20
-697.1974897282298
 30
0.0
 10
927.045358946265
 20
-702.8240424626047
 30
0.0
 10
927.1192456650151
 20
-701.7448334782302
 30
0.0
 10
921.7067066025138
 20
-704.2316401188555
 30
0.0
 10
914.3034448837643
 20
-707.6330073063555
 30
0.0
 10
906.812819883764
 20
-710.8477241032297
 30
0.0
 10
899.459304258764
 20
-714.3517182438563
 30
0.0
 10
896.8637769150137
 20
-715.5885444157311
 30
0.0
 10
894.9590698837637
 20
-715.4699506657298
 30
0.0
 10
892.507155821264
 20
-713.8066205876048
 30
0.0
 10
876.108230040014
 20
-702.6821284001062
 30
0.0
 10
859.5849683212637
 20
-691.7407709782301
 30
0.0
 10
843.0999683212649
 20
-680.7432221501049
 30
0.0
 10
842.1781128525145
 20
-680.1282514469813
 30
0.0
 10
841.2366284775144
 20
-679.542694806355
 30
0.0
 10
840.2067847275139
 20
-678.8808198063552
 30
0.0
 10
839.3093042587643
 20
-680.617685040731
 30
0.0
 10
840.5824878525145
 20
-681.7549604313563
 30
0.0
 10
841.093776915015
 20
-682.9040424626064
 30
0.0
 10
847.5869605087646
 20
-697.4970209782305
 30
0.0
 10
854.1844995712654
 20
-712.0435346501063
 30
0.0
 10
860.7321167587652
 20
-726.6123432438553
 30
0.0
 10
862.2194019150138
 20
-729.9214838688558
 30
0.0
 10
862.2000073837644
 20
-729.9874897282307
 30
0.0
 10
858.951980040014
 20
-731.4691791813557
 30
0.0
 10
852.2671362900146
 20
-734.518690900105
 30
0.0
 10
845.5620191025137
 20
-737.5240522282302
 30
0.0
 10
838.8545581650142
 20
-740.5237592594813
 30
0.0
 10
835.203523008764
 20
-742.1566205876052
 30
0.0
 10
835.1667261337643
 20
-742.1467475407308
 30
0.0
 10
833.3943237900148
 20
-738.2177143376057
 30
0.0
 10
827.351960508764
 20
-724.8233881657297
 30
0.0
 10
821.3325659775146
 20
-711.4186909001064
 30
0.0
 10
815.3001050400144
 20
-698.0198823063556
 30
0.0
 10
808.6113941025142
 20
-683.1634955876061
 30
0.0
 10
801.9119605087653
 20
-668.3119721501052
 30
0.0
 10
795.230983946265
 20
-653.4521723454172
 30
0.0
 10
793.6472534775148
 20
-649.9296332829172
 30
0.0
 10
793.6653003525153
 20
-649.9023285954181
 30
0.0
 10
797.1303589462641
 20
-648.3360297672925
 30
0.0
 10
805.2814526962648
 20
-644.6514936344802
 30
0.0
 10
813.4952417587647
 20
-641.0990571110424
 30
0.0
 10
821.563015196265
 20
-637.2408051579177
 30
0.0
 10
824.068308165015
 20
-636.042694806355
 30
0.0
 10
825.8434058212642
 20
-636.2945893376063
 30
0.0
 10
828.0641089462642
 20
-637.7940912907297
 30
0.0
 10
844.224440977514
 20
-648.7060492985429
 30
0.0
 10
860.457956602515
 20
-659.5097846501058
 30
0.0
 10
876.687898008764
 20
-670.318368634481
 30
0.0
 10
877.6763745712651
 20
-670.9766401188563
 30
0.0
 10
878.501901915015
 20
-672.0545014469799
 30
0.0
 10
880.5317066025145
 20
-671.9563569157299
 30
0.0
  0
SPLINE
  5
4E
330
41
100
AcDbEntity
  8
katman 1
370
     0
100
AcDbSpline
210
0.0
220
0.0
230
1.0
 70
    11
 71
     3
 72
    44
 73
    40
 74
     0
 42
0.0000000001
 43
0.0000000001
 12
1.0
 22
0.0
 32
0.0
 13
1.0
 23
0.0
 33
0.0
 40
0.0
 40
0.0
 40
0.0
 40
0.0
 40
1.0
 40
1.0
 40
1.0
 40
2.0
 40
2.0
 40
2.0
 40
3.0
 40
3.0
 40
3.0
 40
4.0
 40
4.0
 40
4.0
 40
5.0
 40
5.0
 40
5.0
 40
6.0
 40
6.0
 40
6.0
 40
7.0
 40
7.0
 40
7.0
 40
8.0
 40
8.0
 40
8.0
 40
9.0
 40
9.0
 40
9.0
 40
10.0
 40
10.0
 40
10.0
 40
11.0
 40
11.0
 40
11.0
 40
12.0
 40
12.0
 40
12.0
 40
13.0
 40
13.0
 40
13.0
 40
13.0
 10
1233.004401915015
 20
-729.1864545719809
 30
0.0
 10
1233.436999571264
 20
-730.9336616032297
 30
0.0
 10
1234.813425352515
 20
-731.908046368856
 30
0.0
 10
1235.695261290015
 20
-733.201796368855
 30
0.0
 10
1242.079460508765
 20
-742.5688276188548
 30
0.0
 10
1241.782155821265
 20
-753.2134955876054
 30
0.0
 10
1234.808620665015
 20
-762.0881342594812
 30
0.0
 10
1227.193249571264
 20
-771.779511212605
 30
0.0
 10
1218.286882383765
 20
-774.6784662907312
 30
0.0
 10
1206.391120665015
 20
-771.50672800948
 30
0.0
 10
1200.130495665015
 20
-769.8374506657301
 30
0.0
 10
1194.393581602515
 20
-767.0256244938564
 30
0.0
 10
1189.118210508765
 20
-763.4104194157308
 30
0.0
 10
1174.363835508766
 20
-753.2991889469804
 30
0.0
 10
1159.746218321265
 20
-742.9883588688563
 30
0.0
 10
1145.085769102514
 20
-732.740370587605
 30
0.0
 10
1144.716276915015
 20
-732.4821186344807
 30
0.0
 10
1144.475983946266
 20
-732.039149884481
 30
0.0
 10
1144.191862852515
 20
-731.7018256657311
 30
0.0
 10
1147.408073790015
 20
-726.2293159001047
 30
0.0
 10
1199.383894102515
 20
-652.3114399235428
 30
0.0
 10
1202.219480040016
 20
-649.2371723454189
 30
0.0
 10
1207.252741758764
 20
-652.7706537907297
 30
0.0
 10
1212.326023008765
 20
-656.3259760563551
 30
0.0
 10
1217.392741758766
 20
-659.8905268376047
 30
0.0
 10
1227.058308165015
 20
-666.6904780094801
 30
0.0
 10
1236.780417540014
 20
-673.4122651188563
 30
0.0
 10
1246.360319883765
 20
-680.330897931356
 30
0.0
 10
1251.821667540014
 20
-684.2751362126064
 30
0.0
 10
1256.704636290015
 20
-688.8840912907299
 30
0.0
 10
1260.449714415015
 20
-694.5701752751056
 30
0.0
 10
1267.821569883765
 20
-705.7627241032305
 30
0.0
 10
1264.936940977515
 20
-719.9117963688559
 30
0.0
 10
1253.805944883765
 20
-727.4122065251058
 30
0.0
 10
1248.465710508764
 20
-731.0106537907313
 30
0.0
 10
1242.616355040014
 20
-730.6447358219802
 30
0.0
 10
1236.689890196265
 20
-729.7717182438564
 30
0.0
 10
1235.487370665016
 20
-729.5945600407313
 30
0.0
 10
1234.368288633765
 20
-728.8256049626061
 30
0.0
 10
1233.004401915015
 20
-729.1864545719809
 30
0.0
  0
SPLINE
  5
4F
330
41
100
AcDbEntity
  8
katman 1
370
     0
100
AcDbSpline
210
0.0
220
0.0
230
1.0
 70
    11
 71
     3
 72
    29
 73
    25
 74
     0
 42
0.0000000001
 43
0.0000000001
 12
1.0
 22
0.0
 32
0.0
 13
1.0
 23
0.0
 33
0.0
 40
0.0
 40
0.0
 40
0.0
 40
0.0
 40
1.0
 40
1.0
 40
1.0
 40
2.0
 40
2.0
 40
2.0
 40
3.0
 40
3.0
 40
3.0
 40
4.0
 40
4.0
 40
4.0
 40
5.0
 40
5.0
 40
5.0
 40
6.0
 40
6.0
 40
6.0
 40
7.0
 40
7.0
 40
7.0
 40
8.0
 40
8.0
 40
8.0
 40
8.0
 10
912.6669214462654
 20
-1394.432440900106
 30
0.0
 10
899.6737573837654
 20
-1393.795292462604
 30
0.0
 10
885.0563745712643
 20
-1389.171894025105
 30
0.0
 10
873.1090503525138
 20
-1377.773300275105
 30
0.0
 10
865.7769800400147
 20
-1370.778026837605
 30
0.0
 10
861.4035425400143
 20
-1362.087929181354
 30
0.0
 10
860.1744214462651
 20
-1352.156171368857
 30
0.0
 10
858.3761792587648
 20
-1337.625448712606
 30
0.0
 10
860.8503003525148
 20
-1323.680487775106
 30
0.0
 10
868.817702696264
 20
-1311.228261212604
 30
0.0
 10
879.9682691025137
 20
-1293.801190900107
 30
0.0
 10
896.5425659775137
 20
-1286.814882306357
 30
0.0
 10
916.7492651962639
 20
-1288.115663556357
 30
0.0
 10
926.5607300400152
 20
-1288.747186993856
 30
0.0
 10
935.923659727514
 20
-1291.574335431356
 30
0.0
 10
944.5216480087638
 20
-1296.482675275107
 30
0.0
 10
962.123562071265
 20
-1306.531327618854
 30
0.0
 10
969.930007383764
 20
-1321.859569806355
 30
0.0
 10
968.7254370712653
 20
-1341.942870587605
 30
0.0
 10
968.2915503525146
 20
-1349.175976056355
 30
0.0
 10
966.7518823837654
 20
-1356.180917462607
 30
0.0
 10
963.9890698837644
 20
-1362.879940900104
 30
0.0
 10
955.7140503525152
 20
-1382.944315900106
 30
0.0
 10
938.0094800400148
 20
-1394.521503400105
 30
0.0
 10
912.6669214462654
 20
-1394.432440900106
 30
0.0
  0
SPLINE
  5
50
330
41
100
AcDbEntity
  8
katman 1
370
     0
100
AcDbSpline
210
0.0
220
0.0
230
1.0
 70
    11
 71
     3
 72
    80
 73
    76
 74
     0
 42
0.0000000001
 43
0.0000000001
 12
1.0
 22
0.0
 32
0.0
 13
1.0
 23
0.0
 33
0.0
 40
0.0
 40
0.0
 40
0.0
 40
0.0
 40
1.0
 40
1.0
 40
1.0
 40
2.0
 40
2.0
 40
2.0
 40
3.0
 40
3.0
 40
3.0
 40
4.0
 40
4.0
 40
4.0
 40
5.0
 40
5.0
 40
5.0
 40
6.0
 40
6.0
 40
6.0
 40
7.0
 40
7.0
 40
7.0
 40
8.0
 40
8.0
 40
8.0
 40
9.0
 40
9.0
 40
9.0
 40
10.0
 40
10.0
 40
10.0
 40
11.0
 40
11.0
 40
11.0
 40
12.0
 40
12.0
 40
12.0
 40
13.0
 40
13.0
 40
13.0
 40
14.0
 40
14.0
 40
14.0
 40
15.0
 40
15.0
 40
15.0
 40
16.0
 40
16.0
 40
16.0
 40
17.0
 40
17.0
 40
17.0
 40
18.0
 40
18.0
 40
18.0
 40
19.0
 40
19.0
 40
19.0
 40
20.0
 40
20.0
 40
20.0
 40
21.0
 40
21.0
 40
21.0
 40
22.0
 40
22.0
 40
22.0
 40
23.0
 40
23.0
 40
23.0
 40
24.0
 40
24.0
 40
24.0
 40
25.0
 40
25.0
 40
25.0
 40
25.0
 10
725.8822925400145
 20
-1210.453163556354
 30
0.0
 10
725.8822925400145
 20
-1213.861796368856
 30
0.0
 10
725.9152222275152
 20
-1216.701190900105
 30
0.0
 10
725.8699878525149
 20
-1219.539354962606
 30
0.0
 10
725.8427417587645
 20
-1221.247069806355
 30
0.0
 10
726.64480230564
 20
-1221.849413556356
 30
0.0
 10
728.2465796493889
 20
-1221.556210431354
 30
0.0
 10
731.386179258765
 20
-1220.981464337605
 30
0.0
 10
734.5225855087647
 20
-1220.389257306357
 30
0.0
 10
737.6626831650137
 20
-1219.817147931357
 30
0.0
 10
739.461745665014
 20
-1219.489433087605
 30
0.0
 10
740.9236890243901
 20
-1219.531796368854
 30
0.0
 10
742.1925659775152
 20
-1221.398769025105
 30
0.0
 10
747.4825562118895
 20
-1229.182245587606
 30
0.0
 10
752.9607495712644
 20
-1236.837694806356
 30
0.0
 10
758.4727515243903
 20
-1244.686620587607
 30
0.0
 10
757.2269898056402
 20
-1245.832772931357
 30
0.0
 10
755.9119995712645
 20
-1245.408847150105
 30
0.0
 10
754.7725269150142
 20
-1245.375390118854
 30
0.0
 10
745.3425073837643
 20
-1245.098241681357
 30
0.0
 10
735.9163550400153
 20
-1244.668749493856
 30
0.0
 10
726.4852222275149
 20
-1244.455468243854
 30
0.0
 10
721.1184448837648
 20
-1244.334120587606
 30
0.0
 10
722.1568433212651
 20
-1243.804550275105
 30
0.0
 10
720.6717554306397
 20
-1248.633144025105
 30
0.0
 10
717.3875464462653
 20
-1259.311327618856
 30
0.0
 10
714.203034727514
 20
-1270.020097150104
 30
0.0
 10
710.9901343368892
 20
-1280.675663556354
 30
0.0
 10
709.271315977514
 20
-1280.808554181356
 30
0.0
 10
708.666657774389
 20
-1279.489960431354
 30
0.0
 10
707.8198023056393
 20
-1278.653007306355
 30
0.0
 10
702.1327515243902
 20
-1273.031991681357
 30
0.0
 10
696.5710913681396
 20
-1267.281718243856
 30
0.0
 10
690.7997827743893
 20
-1261.749647931356
 30
0.0
 10
688.8605347275152
 20
-1259.890936993856
 30
0.0
 10
688.5206030868903
 20
-1258.307265118856
 30
0.0
 10
689.7031714462646
 20
-1255.900526837606
 30
0.0
 10
691.3902319931403
 20
-1252.467050275107
 30
0.0
 10
692.7545288681395
 20
-1248.870331525104
 30
0.0
 10
694.1641773056399
 20
-1245.306718243854
 30
0.0
 10
695.3507886337648
 20
-1242.306835431355
 30
0.0
 10
695.2990503525143
 20
-1242.240448712604
 30
0.0
 10
692.169265196264
 20
-1241.754706525106
 30
0.0
 10
684.1018140243905
 20
-1240.502616681355
 30
0.0
 10
676.7622730087642
 20
-1237.526288556357
 30
0.0
 10
670.4692163681393
 20
-1232.296796368857
 30
0.0
 10
661.7506128525147
 20
-1225.051854962607
 30
0.0
 10
656.3324194931392
 20
-1215.920839337607
 30
0.0
 10
655.290476133765
 20
-1204.467226056357
 30
0.0
 10
653.5352417587637
 20
-1185.172831525106
 30
0.0
 10
672.612136290014
 20
-1171.063339337605
 30
0.0
 10
691.6382886337651
 20
-1178.603065900104
 30
0.0
 10
694.4573804306401
 20
-1179.720214337605
 30
0.0
 10
697.0225269150142
 20
-1181.324218243855
 30
0.0
 10
699.4559546493892
 20
-1183.005097150104
 30
0.0
 10
701.0178296493905
 20
-1182.267284650105
 30
0.0
 10
700.3704273056392
 20
-1180.980272931356
 30
0.0
 10
700.4051148056387
 20
-1180.008964337605
 30
0.0
 10
701.193757383764
 20
-1157.920468243854
 30
0.0
 10
722.150222227514
 20
-1150.119354962604
 30
0.0
 10
737.7072730087639
 20
-1156.664394025105
 30
0.0
 10
742.0154956650149
 20
-1158.476815900107
 30
0.0
 10
745.9121558212646
 20
-1160.962772931354
 30
0.0
 10
749.1845288681398
 20
-1164.351542462606
 30
0.0
 10
756.5769507431396
 20
-1172.007167462605
 30
0.0
 10
761.78786871189
 20
-1180.831327618856
 30
0.0
 10
763.4119116806396
 20
-1191.485311993856
 30
0.0
 10
764.4746265243903
 20
-1198.456913556354
 30
0.0
 10
763.094392149389
 20
-1204.892382306356
 30
0.0
 10
758.2406616806402
 20
-1210.222128400106
 30
0.0
 10
751.7096558212652
 20
-1217.393534650106
 30
0.0
 10
742.4410034775137
 20
-1218.848710431354
 30
0.0
 10
732.7754370712646
 20
-1214.306405743857
 30
0.0
 10
730.625925352515
 20
-1213.296132306354
 30
0.0
 10
728.6144898056391
 20
-1211.992069806354
 30
0.0
 10
725.8822925400145
 20
-1210.453163556354
 30
0.0
  0
SPLINE
  5
51
330
41
100
AcDbEntity
  8
katman 1
370
     0
100
AcDbSpline
210
0.0
220
0.0
230
1.0
 70
    11
 71
     3
 72
    77
 73
    73
 74
     0
 42
0.0000000001
 43
0.0000000001
 12
1.0
 22
0.0
 32
0.0
 13
1.0
 23
0.0
 33
0.0
 40
0.0
 40
0.0
 40
0.0
 40
0.0
 40
1.0
 40
1.0
 40
1.0
 40
2.0
 40
2.0
 40
2.0
 40
3.0
 40
3.0
 40
3.0
 40
4.0
 40
4.0
 40
4.0
 40
5.0
 40
5.0
 40
5.0
 40
6.0
 40
6.0
 40
6.0
 40
7.0
 40
7.0
 40
7.0
 40
8.0
 40
8.0
 40
8.0
 40
9.0
 40
9.0
 40
9.0
 40
10.0
 40
10.0
 40
10.0
 40
11.0
 40
11.0
 40
11.0
 40
12.0
 40
12.0
 40
12.0
 40
13.0
 40
13.0
 40
13.0
 40
14.0
 40
14.0
 40
14.0
 40
15.0
 40
15.0
 40
15.0
 40
16.0
 40
16.0
 40
16.0
 40
17.0
 40
17.0
 40
17.0
 40
18.0
 40
18.0
 40
18.0
 40
19.0
 40
19.0
 40
19.0
 40
20.0
 40
20.0
 40
20.0
 40
21.0
 40
21.0
 40
21.0
 40
22.0
 40
22.0
 40
22.0
 40
23.0
 40
23.0
 40
23.0
 40
24.0
 40
24.0
 40
24.0
 40
24.0
 10
1283.345808165015
 20
-1163.031835431357
 30
0.0
 10
1278.612370665016
 20
-1169.735897931354
 30
0.0
 10
1274.116179258765
 20
-1176.111073712604
 30
0.0
 10
1269.612429258765
 20
-1182.480858868854
 30
0.0
 10
1265.095671446265
 20
-1188.869218243854
 30
0.0
 10
1260.571355040016
 20
-1195.252245587606
 30
0.0
 10
1255.981413633765
 20
-1201.734999493856
 30
0.0
 10
1258.604304258764
 20
-1204.636854962606
 30
0.0
 10
1261.936648008765
 20
-1206.280116681355
 30
0.0
 10
1264.800534727516
 20
-1208.517929181355
 30
0.0
 10
1266.073073790014
 20
-1209.512382306355
 30
0.0
 10
1266.782468321266
 20
-1208.748436993854
 30
0.0
 10
1267.492390196265
 20
-1207.732245587606
 30
0.0
 10
1269.689069883765
 20
-1204.588163556356
 30
0.0
 10
1271.916804258764
 20
-1201.465644025106
 30
0.0
 10
1274.135163633766
 20
-1198.336737775106
 30
0.0
 10
1278.295495665016
 20
-1192.468866681356
 30
0.0
 10
1282.476745665015
 20
-1186.615644025107
 30
0.0
 10
1286.605378477516
 20
-1180.725624493854
 30
0.0
 10
1287.579558165015
 20
-1179.336015118854
 30
0.0
 10
1288.390730040015
 20
-1178.782948712604
 30
0.0
 10
1290.046940977516
 20
-1179.992089337604
 30
0.0
 10
1295.974636290015
 20
-1184.319882306354
 30
0.0
 10
1302.010495665016
 20
-1188.499726056354
 30
0.0
 10
1308.449011290015
 20
-1193.048944806356
 30
0.0
 10
1301.187839415015
 20
-1203.362265118856
 30
0.0
 10
1294.061667540014
 20
-1213.483925275104
 30
0.0
 10
1286.701003477514
 20
-1223.938690900104
 30
0.0
 10
1289.962331602515
 20
-1226.263925275107
 30
0.0
 10
1293.064636290015
 20
-1228.444901837604
 30
0.0
 10
1296.128737852514
 20
-1230.678085431355
 30
0.0
 10
1297.143815977515
 20
-1231.417890118857
 30
0.0
 10
1297.879167540015
 20
-1231.148769025105
 30
0.0
 10
1298.537409727514
 20
-1230.256913556354
 30
0.0
 10
1299.201745665016
 20
-1229.356796368855
 30
0.0
 10
1299.836315977514
 20
-1228.434647931354
 30
0.0
 10
1300.482605040015
 20
-1227.521229962604
 30
0.0
 10
1308.052331602516
 20
-1216.821835431354
 30
0.0
 10
1315.611042540015
 20
-1206.114472150104
 30
0.0
 10
1323.198815977516
 20
-1195.427909650105
 30
0.0
 10
1325.162644102515
 20
-1192.662050275107
 30
0.0
 10
1325.234128477516
 20
-1192.649335431357
 30
0.0
 10
1327.930964415014
 20
-1194.535351056355
 30
0.0
 10
1332.777605040015
 20
-1197.924882306354
 30
0.0
 10
1337.594245665015
 20
-1201.357362775107
 30
0.0
 10
1342.405026915016
 20
-1204.797694806355
 30
0.0
 10
1345.565925352515
 20
-1207.058183087604
 30
0.0
 10
1345.573425352515
 20
-1207.094101056355
 30
0.0
 10
1343.339597227516
 20
-1210.250604962606
 30
0.0
 10
1330.505339415015
 20
-1228.386425275105
 30
0.0
 10
1317.660417540015
 20
-1246.514745587607
 30
0.0
 10
1304.816901915015
 20
-1264.644061993855
 30
0.0
 10
1303.342917540014
 20
-1266.724667462604
 30
0.0
 10
1301.854987852515
 20
-1268.795429181355
 30
0.0
 10
1300.359440977516
 20
-1270.890565900107
 30
0.0
 10
1298.484558165015
 20
-1270.872519025106
 30
0.0
 10
1297.414519102515
 20
-1269.544433087605
 30
0.0
 10
1296.182409727515
 20
-1268.674257306357
 30
0.0
 10
1270.985105040016
 20
-1250.878456525104
 30
0.0
 10
1245.814812071265
 20
-1233.044276837605
 30
0.0
 10
1220.645632383765
 20
-1215.208632306356
 30
0.0
 10
1217.459714415016
 20
-1212.951015118855
 30
0.0
 10
1217.442136290016
 20
-1212.902909650104
 30
0.0
 10
1219.661081602515
 20
-1209.768964337607
 30
0.0
 10
1233.423523008765
 20
-1190.332011212606
 30
0.0
 10
1247.254050352514
 20
-1170.943046368855
 30
0.0
 10
1260.926491758764
 20
-1151.443104962604
 30
0.0
 10
1263.263562071264
 20
-1148.109940900104
 30
0.0
 10
1263.595261290015
 20
-1148.961718243856
 30
0.0
 10
1265.656940977515
 20
-1150.427206525106
 30
0.0
 10
1271.491062071265
 20
-1154.574413556355
 30
0.0
 10
1277.316276915015
 20
-1158.733983868857
 30
0.0
 10
1283.345808165015
 20
-1163.031835431357
 30
0.0
  0
SPLINE
  5
52
330
41
100
AcDbEntity
  8
katman 1
370
     0
100
AcDbSpline
210
0.0
220
0.0
230
1.0
 70
    11
 71
     3
 72
    59
 73
    55
 74
     0
 42
0.0000000001
 43
0.0000000001
 12
1.0
 22
0.0
 32
0.0
 13
1.0
 23
0.0
 33
0.0
 40
0.0
 40
0.0
 40
0.0
 40
0.0
 40
1.0
 40
1.0
 40
1.0
 40
2.0
 40
2.0
 40
2.0
 40
3.0
 40
3.0
 40
3.0
 40
4.0
 40
4.0
 40
4.0
 40
5.0
 40
5.0
 40
5.0
 40
6.0
 40
6.0
 40
6.0
 40
7.0
 40
7.0
 40
7.0
 40
8.0
 40
8.0
 40
8.0
 40
9.0
 40
9.0
 40
9.0
 40
10.0
 40
10.0
 40
10.0
 40
11.0
 40
11.0
 40
11.0
 40
12.0
 40
12.0
 40
12.0
 40
13.0
 40
13.0
 40
13.0
 40
14.0
 40
14.0
 40
14.0
 40
15.0
 40
15.0
 40
15.0
 40
16.0
 40
16.0
 40
16.0
 40
17.0
 40
17.0
 40
17.0
 40
18.0
 40
18.0
 40
18.0
 40
18.0
 10
1212.132077696266
 20
-1295.554726056354
 30
0.0
 10
1214.947858946265
 20
-1299.127655743854
 30
0.0
 10
1217.497683165015
 20
-1302.363085431356
 30
0.0
 10
1220.346042540015
 20
-1305.977382306355
 30
0.0
 10
1232.899870665015
 20
-1296.171601056354
 30
0.0
 10
1245.298952696265
 20
-1286.486640118856
 30
0.0
 10
1258.046315977515
 20
-1276.529686993854
 30
0.0
 10
1263.188327696265
 20
-1283.085741681356
 30
0.0
 10
1268.181687071265
 20
-1289.452304181355
 30
0.0
 10
1273.437370665015
 20
-1296.153261212607
 30
0.0
 10
1252.706843321264
 20
-1312.403124493856
 30
0.0
 10
1232.243151915014
 20
-1328.443808087606
 30
0.0
 10
1211.805476133764
 20
-1344.464159650106
 30
0.0
 10
1208.811687071266
 20
-1341.769257306354
 30
0.0
 10
1154.699831602515
 20
-1273.145546368854
 30
0.0
 10
1149.157155821265
 20
-1265.013729962604
 30
0.0
 10
1169.680202696265
 20
-1248.929276837604
 30
0.0
 10
1190.229206602515
 20
-1232.824491681356
 30
0.0
 10
1211.039011290015
 20
-1216.515272931356
 30
0.0
 10
1215.866550352515
 20
-1222.675292462605
 30
0.0
 10
1220.449929258764
 20
-1228.597011212605
 30
0.0
 10
1225.123308165015
 20
-1234.446835431354
 30
0.0
 10
1226.746882383764
 20
-1236.478983868856
 30
0.0
 10
1225.134148008765
 20
-1237.203319806355
 30
0.0
 10
1223.897292540014
 20
-1238.172401837604
 30
0.0
 10
1214.967839415016
 20
-1245.169081525106
 30
0.0
 10
1206.040144102515
 20
-1252.168046368854
 30
0.0
 10
1197.111335508765
 20
-1259.165546368855
 30
0.0
 10
1196.608190977515
 20
-1259.559882306356
 30
0.0
 10
1196.059694883765
 20
-1259.905526837607
 30
0.0
 10
1195.600261290016
 20
-1260.344862775106
 30
0.0
 10
1193.552233946264
 20
-1262.303593243854
 30
0.0
 10
1190.724499571264
 20
-1263.390858868854
 30
0.0
 10
1189.268151915016
 20
-1266.008417462606
 30
0.0
 10
1191.468054258765
 20
-1268.929198712605
 30
0.0
 10
1193.645690977515
 20
-1271.867265118854
 30
0.0
 10
1195.882800352514
 20
-1274.759276837605
 30
0.0
 10
1196.470612852516
 20
-1275.519237775105
 30
0.0
 10
1197.248913633764
 20
-1275.380956525107
 30
0.0
 10
1197.972253477516
 20
-1274.816171368857
 30
0.0
 10
1199.231433165014
 20
-1273.832909650104
 30
0.0
 10
1200.510124571265
 20
-1272.874550275104
 30
0.0
 10
1201.767136290015
 20
-1271.888476056356
 30
0.0
 10
1209.058483946264
 20
-1266.168319806355
 30
0.0
 10
1216.332487852515
 20
-1260.425839337604
 30
0.0
 10
1223.641589415014
 20
-1254.728358868855
 30
0.0
 10
1226.401472227515
 20
-1252.576913556357
 30
0.0
 10
1226.496335508766
 20
-1252.575272931354
 30
0.0
 10
1228.478093321266
 20
-1255.066386212606
 30
0.0
 10
1232.852409727515
 20
-1260.565175275104
 30
0.0
 10
1237.160690977515
 20
-1266.116522931356
 30
0.0
 10
1241.861550352514
 20
-1272.112831525104
 30
0.0
 10
1231.950241758765
 20
-1279.928007306356
 30
0.0
 10
1222.131394102515
 20
-1287.670175275107
 30
0.0
 10
1212.132077696266
 20
-1295.554726056354
 30
0.0
  0
SPLINE
  5
53
330
41
100
AcDbEntity
  8
katman 1
370
     0
100
AcDbSpline
210
0.0
220
0.0
230
1.0
 70
    11
 71
     3
 72
    56
 73
    52
 74
     0
 42
0.0000000001
 43
0.0000000001
 12
1.0
 22
0.0
 32
0.0
 13
1.0
 23
0.0
 33
0.0
 40
0.0
 40
0.0
 40
0.0
 40
0.0
 40
1.0
 40
1.0
 40
1.0
 40
2.0
 40
2.0
 40
2.0
 40
3.0
 40
3.0
 40
3.0
 40
4.0
 40
4.0
 40
4.0
 40
5.0
 40
5.0
 40
5.0
 40
6.0
 40
6.0
 40
6.0
 40
7.0
 40
7.0
 40
7.0
 40
8.0
 40
8.0
 40
8.0
 40
9.0
 40
9.0
 40
9.0
 40
10.0
 40
10.0
 40
10.0
 40
11.0
 40
11.0
 40
11.0
 40
12.0
 40
12.0
 40
12.0
 40
13.0
 40
13.0
 40
13.0
 40
14.0
 40
14.0
 40
14.0
 40
15.0
 40
15.0
 40
15.0
 40
16.0
 40
16.0
 40
16.0
 40
17.0
 40
17.0
 40
17.0
 40
17.0
 10
1039.874773008765
 20
-693.415292462606
 30
0.0
 10
1053.603112852516
 20
-676.2454194157299
 30
0.0
 10
1066.773054258765
 20
-659.767714337605
 30
0.0
 10
1079.950202696265
 20
-643.2956196110435
 30
0.0
 10
1088.139499571265
 20
-633.0585590641685
 30
0.0
 10
1096.422019102514
 20
-622.8942133610426
 30
0.0
 10
1104.468523008765
 20
-612.5462201969813
 30
0.0
 10
1106.179929258766
 20
-610.3452045719814
 30
0.0
 10
1107.567077696265
 20
-610.0468744938562
 30
0.0
 10
1110.061062071265
 20
-610.9760541813548
 30
0.0
 10
1120.235339415014
 20
-614.7666157047925
 30
0.0
 10
1130.494167540015
 20
-618.3297162907302
 30
0.0
 10
1140.710515196266
 20
-622.0081000797936
 30
0.0
 10
1145.955886290014
 20
-623.8966938297935
 30
0.0
 10
1144.987858946266
 20
-623.3025092594808
 30
0.0
 10
1144.906237852514
 20
-627.9892621891677
 30
0.0
 10
1144.407898008765
 20
-656.6126752751052
 30
0.0
 10
1143.819851133765
 20
-685.2345209782297
 30
0.0
 10
1143.300300352515
 20
-713.8575678532297
 30
0.0
 10
1143.204851133765
 20
-719.1167377751053
 30
0.0
 10
1143.286648008765
 20
-724.379159650106
 30
0.0
 10
1143.286648008765
 20
-729.8458979313555
 30
0.0
 10
1140.014245665016
 20
-729.611054181355
 30
0.0
 10
1137.611784727515
 20
-728.289882306356
 30
0.0
 10
1135.092253477515
 20
-727.4245991032303
 30
0.0
 10
1129.050651915015
 20
-725.349618634481
 30
0.0
 10
1123.084929258765
 20
-723.0449799626049
 30
0.0
 10
1117.003776915015
 20
-721.0979389469803
 30
0.0
 10
1114.302898008766
 20
-720.2332123844799
 30
0.0
 10
1113.113972227515
 20
-719.0139350407308
 30
0.0
 10
1113.347937071265
 20
-716.01551707198
 30
0.0
 10
1113.683269102516
 20
-711.7191596501061
 30
0.0
 10
1113.389831602515
 20
-707.3765717594806
 30
0.0
 10
1113.638034727515
 20
-703.0694330876058
 30
0.0
 10
1113.779304258765
 20
-700.6161713688552
 30
0.0
 10
1113.002175352514
 20
-699.3185834782298
 30
0.0
 10
1110.645183165016
 20
-698.5126850407314
 30
0.0
 10
1102.032722227515
 20
-695.5681440251055
 30
0.0
 10
1093.436843321264
 20
-692.5652436344799
 30
0.0
 10
1084.918366758766
 20
-689.3619233219806
 30
0.0
 10
1082.392155821266
 20
-688.4119135563551
 30
0.0
 10
1080.872995665015
 20
-688.6659467594809
 30
0.0
 10
1079.306901915015
 20
-690.961269025106
 30
0.0
 10
1076.697194883765
 20
-694.7860639469809
 30
0.0
 10
1073.766804258765
 20
-698.3921869938558
 30
0.0
 10
1070.967780821265
 20
-702.0876069157302
 30
0.0
 10
1070.189831602514
 20
-703.11463816573
 30
0.0
 10
1069.543601133764
 20
-704.038222150105
 30
0.0
 10
1067.859206602514
 20
-703.4214350407301
 30
0.0
 10
1058.734284727516
 20
-700.0800092594809
 30
0.0
 10
1049.563249571265
 20
-696.8642377751048
 30
0.0
 10
1039.874773008765
 20
-693.415292462606
 30
0.0
  0
SPLINE
  5
54
330
41
100
AcDbEntity
  8
katman 1
370
     0
100
AcDbSpline
210
0.0
220
0.0
230
1.0
 70
    11
 71
     3
 72
    86
 73
    82
 74
     0
 42
0.0000000001
 43
0.0000000001
 12
1.0
 22
0.0
 32
0.0
 13
1.0
 23
0.0
 33
0.0
 40
0.0
 40
0.0
 40
0.0
 40
0.0
 40
1.0
 40
1.0
 40
1.0
 40
2.0
 40
2.0
 40
2.0
 40
3.0
 40
3.0
 40
3.0
 40
4.0
 40
4.0
 40
4.0
 40
5.0
 40
5.0
 40
5.0
 40
6.0
 40
6.0
 40
6.0
 40
7.0
 40
7.0
 40
7.0
 40
8.0
 40
8.0
 40
8.0
 40
9.0
 40
9.0
 40
9.0
 40
10.0
 40
10.0
 40
10.0
 40
11.0
 40
11.0
 40
11.0
 40
12.0
 40
12.0
 40
12.0
 40
13.0
 40
13.0
 40
13.0
 40
14.0
 40
14.0
 40
14.0
 40
15.0
 40
15.0
 40
15.0
 40
16.0
 40
16.0
 40
16.0
 40
17.0
 40
17.0
 40
17.0
 40
18.0
 40
18.0
 40
18.0
 40
19.0
 40
19.0
 40
19.0
 40
20.0
 40
20.0
 40
20.0
 40
21.0
 40
21.0
 40
21.0
 40
22.0
 40
22.0
 40
22.0
 40
23.0
 40
23.0
 40
23.0
 40
24.0
 40
24.0
 40
24.0
 40
25.0
 40
25.0
 40
25.0
 40
26.0
 40
26.0
 40
26.0
 40
27.0
 40
27.0
 40
27.0
 40
27.0
 10
1274.326237852516
 20
-807.4856635563547
 30
0.0
 10
1275.753112852515
 20
-811.7023920719812
 30
0.0
 10
1275.629362852515
 20
-815.9069623844798
 30
0.0
 10
1276.456003477515
 20
-819.9437201969804
 30
0.0
 10
1278.265378477516
 20
-828.7800092594798
 30
0.0
 10
1281.005105040014
 20
-837.233651837606
 30
0.0
 10
1285.637292540016
 20
-845.0210541813549
 30
0.0
 10
1286.954948790015
 20
-847.2362494938561
 30
0.0
 10
1288.419440977515
 20
-849.3383295719805
 30
0.0
 10
1290.408581602514
 20
-850.9852534001047
 30
0.0
 10
1291.927097227515
 20
-852.2425287907308
 30
0.0
 10
1293.593503477516
 20
-853.1043256657313
 30
0.0
 10
1295.673464415015
 20
-852.0494916813559
 30
0.0
 10
1297.609753477514
 20
-851.0674604313563
 30
0.0
 10
1298.413073790014
 20
-849.4597065251064
 30
0.0
 10
1298.521472227514
 20
-847.414315900106
 30
0.0
 10
1298.684831602515
 20
-844.3331049626058
 30
0.0
 10
1297.833230040014
 20
-841.403534650105
 30
0.0
 10
1297.115222227514
 20
-838.4561811344802
 30
0.0
 10
1295.187253477516
 20
-830.5407514469798
 30
0.0
 10
1292.998894102515
 20
-822.6548530094797
 30
0.0
 10
1292.476472227516
 20
-814.491220196981
 30
0.0
 10
1291.700339415014
 20
-802.3628119938558
 30
0.0
 10
1294.841550352516
 20
-791.9926557438548
 30
0.0
 10
1306.264050352514
 20
-785.5970893376061
 30
0.0
 10
1318.049128477514
 20
-778.9985248844814
 30
0.0
 10
1329.439519102514
 20
-779.4112006657297
 30
0.0
 10
1340.413542540015
 20
-787.4112397282306
 30
0.0
 10
1343.663972227516
 20
-789.7808295719797
 30
0.0
 10
1346.450808165015
 20
-792.6764448063559
 30
0.0
 10
1348.861940977515
 20
-795.8788862126048
 30
0.0
 10
1359.068737852514
 20
-809.4361030094797
 30
0.0
 10
1365.479362852515
 20
-824.5655073063563
 30
0.0
 10
1367.486081602516
 20
-841.4786811344811
 30
0.0
 10
1367.903034727515
 20
-844.9934565251051
 30
0.0
 10
1367.845847227514
 20
-845.1138666813558
 30
0.0
 10
1364.482683165015
 20
-846.2795893376051
 30
0.0
 10
1357.402917540016
 20
-848.7334369938553
 30
0.0
 10
1350.302995665015
 20
-851.1284858219797
 30
0.0
 10
1343.050261290015
 20
-853.6026069157297
 30
0.0
 10
1341.654675352514
 20
-849.602265118855
 30
0.0
 10
1341.846276915016
 20
-845.542567853231
 30
0.0
 10
1341.019987852515
 20
-841.6594135563564
 30
0.0
 10
1339.282097227515
 20
-833.4915326969813
 30
0.0
 10
1336.978659727514
 20
-825.548476056355
 30
0.0
 10
1332.857761290015
 20
-818.22897410323
 30
0.0
 10
1331.837761290015
 20
-816.4170502751049
 30
0.0
 10
1330.714401915015
 20
-814.6560444157303
 30
0.0
 10
1329.113269102514
 20
-813.2759858219806
 30
0.0
 10
1327.712175352515
 20
-812.0683979313553
 30
0.0
 10
1326.209480040015
 20
-811.296601056355
 30
0.0
 10
1324.304714415015
 20
-812.1625580876052
 30
0.0
 10
1322.518659727515
 20
-812.9744916813552
 30
0.0
 10
1321.675730040015
 20
-814.3338666813552
 30
0.0
 10
1321.550339415015
 20
-816.2857709782302
 30
0.0
 10
1321.299909727515
 20
-820.1847455876059
 30
0.0
 10
1322.228972227515
 20
-823.90858347823
 30
0.0
 10
1323.124050352515
 20
-827.6356440251047
 30
0.0
 10
1324.466315977515
 20
-833.2246674626049
 30
0.0
 10
1326.088659727515
 20
-838.7501459782297
 30
0.0
 10
1326.961003477514
 20
-844.4447260563547
 30
0.0
 10
1327.986862852515
 20
-851.1409076969803
 30
0.0
 10
1328.368894102516
 20
-857.8548139469813
 30
0.0
 10
1326.048698790015
 20
-864.3572846501056
 30
0.0
 10
1321.902722227514
 20
-875.9769819157309
 30
0.0
 10
1312.645847227515
 20
-880.9676752751047
 30
0.0
 10
1301.218776915015
 20
-882.6366596501057
 30
0.0
 10
1293.783698790015
 20
-883.7225776188561
 30
0.0
 10
1286.981667540014
 20
-881.5142377751063
 30
0.0
 10
1280.780222227515
 20
-877.370692853231
 30
0.0
 10
1274.559440977515
 20
-873.214081525105
 30
0.0
 10
1269.642605040015
 20
-867.7920502751049
 30
0.0
 10
1265.578483946265
 20
-861.5763373844811
 30
0.0
 10
1257.322917540016
 20
-848.950204571981
 30
0.0
 10
1252.089909727516
 20
-835.1701557438564
 30
0.0
 10
1249.987741758765
 20
-820.2183784001054
 30
0.0
 10
1249.448151915016
 20
-816.3809272282297
 30
0.0
 10
1249.642273008765
 20
-816.008798321981
 30
0.0
 10
1253.365905821265
 20
-814.7071088688563
 30
0.0
 10
1260.285417540015
 20
-812.288300275105
 30
0.0
 10
1267.225495665016
 20
-809.9283491032302
 30
0.0
 10
1274.326237852516
 20
-807.4856635563547
 30
0.0
  0
SPLINE
  5
55
330
41
100
AcDbEntity
  8
katman 1
370
     0
100
AcDbSpline
210
0.0
220
0.0
230
1.0
 70
    11
 71
     3
 72
   293
 73
   289
 74
     0
 42
0.0000000001
 43
0.0000000001
 12
1.0
 22
0.0
 32
0.0
 13
1.0
 23
0.0
 33
0.0
 40
0.0
 40
0.0
 40
0.0
 40
0.0
 40
1.0
 40
1.0
 40
1.0
 40
2.0
 40
2.0
 40
2.0
 40
3.0
 40
3.0
 40
3.0
 40
4.0
 40
4.0
 40
4.0
 40
5.0
 40
5.0
 40
5.0
 40
6.0
 40
6.0
 40
6.0
 40
7.0
 40
7.0
 40
7.0
 40
8.0
 40
8.0
 40
8.0
 40
9.0
 40
9.0
 40
9.0
 40
10.0
 40
10.0
 40
10.0
 40
11.0
 40
11.0
 40
11.0
 40
12.0
 40
12.0
 40
12.0
 40
13.0
 40
13.0
 40
13.0
 40
14.0
 40
14.0
 40
14.0
 40
15.0
 40
15.0
 40
15.0
 40
16.0
 40
16.0
 40
16.0
 40
17.0
 40
17.0
 40
17.0
 40
18.0
 40
18.0
 40
18.0
 40
19.0
 40
19.0
 40
19.0
 40
20.0
 40
20.0
 40
20.0
 40
21.0
 40
21.0
 40
21.0
 40
22.0
 40
22.0
 40
22.0
 40
23.0
 40
23.0
 40
23.0
 40
24.0
 40
24.0
 40
24.0
 40
25.0
 40
25.0
 40
25.0
 40
26.0
 40
26.0
 40
26.0
 40
27.0
 40
27.0
 40
27.0
 40
28.0
 40
28.0
 40
28.0
 40
29.0
 40
29.0
 40
29.0
 40
30.0
 40
30.0
 40
30.0
 40
31.0
 40
31.0
 40
31.0
 40
32.0
 40
32.0
 40
32.0
 40
33.0
 40
33.0
 40
33.0
 40
34.0
 40
34.0
 40
34.0
 40
35.0
 40
35.0
 40
35.0
 40
36.0
 40
36.0
 40
36.0
 40
37.0
 40
37.0
 40
37.0
 40
38.0
 40
38.0
 40
38.0
 40
39.0
 40
39.0
 40
39.0
 40
40.0
 40
40.0
 40
40.0
 40
41.0
 40
41.0
 40
41.0
 40
42.0
 40
42.0
 40
42.0
 40
43.0
 40
43.0
 40
43.0
 40
44.0
 40
44.0
 40
44.0
 40
45.0
 40
45.0
 40
45.0
 40
46.0
 40
46.0
 40
46.0
 40
47.0
 40
47.0
 40
47.0
 40
48.0
 40
48.0
 40
48.0
 40
49.0
 40
49.0
 40
49.0
 40
50.0
 40
50.0
 40
50.0
 40
51.0
 40
51.0
 40
51.0
 40
52.0
 40
52.0
 40
52.0
 40
53.0
 40
53.0
 40
53.0
 40
54.0
 40
54.0
 40
54.0
 40
55.0
 40
55.0
 40
55.0
 40
56.0
 40
56.0
 40
56.0
 40
57.0
 40
57.0
 40
57.0
 40
58.0
 40
58.0
 40
58.0
 40
59.0
 40
59.0
 40
59.0
 40
60.0
 40
60.0
 40
60.0
 40
61.0
 40
61.0
 40
61.0
 40
62.0
 40
62.0
 40
62.0
 40
63.0
 40
63.0
 40
63.0
 40
64.0
 40
64.0
 40
64.0
 40
65.0
 40
65.0
 40
65.0
 40
66.0
 40
66.0
 40
66.0
 40
67.0
 40
67.0
 40
67.0
 40
68.0
 40
68.0
 40
68.0
 40
69.0
 40
69.0
 40
69.0
 40
70.0
 40
70.0
 40
70.0
 40
71.0
 40
71.0
 40
71.0
 40
72.0
 40
72.0
 40
72.0
 40
73.0
 40
73.0
 40
73.0
 40
74.0
 40
74.0
 40
74.0
 40
75.0
 40
75.0
 40
75.0
 40
76.0
 40
76.0
 40
76.0
 40
77.0
 40
77.0
 40
77.0
 40
78.0
 40
78.0
 40
78.0
 40
79.0
 40
79.0
 40
79.0
 40
80.0
 40
80.0
 40
80.0
 40
81.0
 40
81.0
 40
81.0
 40
82.0
 40
82.0
 40
82.0
 40
83.0
 40
83.0
 40
83.0
 40
84.0
 40
84.0
 40
84.0
 40
85.0
 40
85.0
 40
85.0
 40
86.0
 40
86.0
 40
86.0
 40
87.0
 40
87.0
 40
87.0
 40
88.0
 40
88.0
 40
88.0
 40
89.0
 40
89.0
 40
89.0
 40
90.0
 40
90.0
 40
90.0
 40
91.0
 40
91.0
 40
91.0
 40
92.0
 40
92.0
 40
92.0
 40
93.0
 40
93.0
 40
93.0
 40
94.0
 40
94.0
 40
94.0
 40
95.0
 40
95.0
 40
95.0
 40
96.0
 40
96.0
 40
96.0
 40
96.0
 10
623.7888062118891
 20
-1073.424589337606
 30
0.0
 10
626.1823023056404
 20
-1070.129686993856
 30
0.0
 10
628.8178491806393
 20
-1067.288183087607
 30
0.0
 10
632.1832105087651
 20
-1065.087108868855
 30
0.0
 10
625.3202124618892
 20
-1065.435507306356
 30
0.0
 10
618.6998804306404
 20
-1065.176171368854
 30
0.0
 10
612.2842749618903
 20
-1062.914394025105
 30
0.0
 10
608.3428198837646
 20
-1061.524784650104
 30
0.0
 10
604.6816187118893
 20
-1059.799843243854
 30
0.0
 10
601.6649194931397
 20
-1056.702577618857
 30
0.0
 10
600.062409727514
 20
-1055.057206525104
 30
0.0
 10
597.8194409775151
 20
-1054.001933087606
 30
0.0
 10
595.4016284775153
 20
-1053.315038556357
 30
0.0
 10
600.7441187118893
 20
-1052.015253400106
 30
0.0
 10
605.2939233993893
 20
-1048.934979962607
 30
0.0
 10
610.7458667587653
 20
-1048.309667462607
 30
0.0
 10
613.2857593368899
 20
-1048.018339337606
 30
0.0
 10
615.7243433212643
 20
-1047.013808087606
 30
0.0
 10
618.3322046493904
 20
-1047.817011212606
 30
0.0
 10
619.215769102515
 20
-1048.089120587607
 30
0.0
 10
619.8761206650142
 20
-1047.885565900106
 30
0.0
 10
620.0986011337645
 20
-1046.871776837605
 30
0.0
 10
620.2543140243888
 20
-1046.162323712604
 30
0.0
 10
620.0250366806395
 20
-1045.404061993857
 30
0.0
 10
619.4040601181405
 20
-1045.300116681356
 30
0.0
 10
615.6424585556397
 20
-1044.671054181355
 30
0.0
 10
614.6618628525139
 20
-1040.431034650104
 30
0.0
 10
611.3963452743901
 20
-1039.232147931354
 30
0.0
 10
609.402780821265
 20
-1038.500311993856
 30
0.0
 10
610.9056519150145
 20
-1035.431815900105
 30
0.0
 10
608.1503687118893
 20
-1034.900136212604
 30
0.0
 10
606.6271655868895
 20
-1034.606229962606
 30
0.0
 10
604.5636401962638
 20
-1033.361347150105
 30
0.0
 10
605.3637378525145
 20
-1030.742851056355
 30
0.0
 10
605.4409058212641
 20
-1030.490253400105
 30
0.0
 10
604.1675757431403
 20
-1029.886503400106
 30
0.0
 10
603.5988062118904
 20
-1029.361679181355
 30
0.0
 10
602.5154956650149
 20
-1028.361952618856
 30
0.0
 10
600.7002612900142
 20
-1027.788905743855
 30
0.0
 10
601.8708472275139
 20
-1025.576698712604
 30
0.0
 10
602.4749194931392
 20
-1024.435058087605
 30
0.0
 10
600.8800269150142
 20
-1024.271347150105
 30
0.0
 10
600.3209253525147
 20
-1023.625585431357
 30
0.0
 10
599.1523901962646
 20
-1022.275819806357
 30
0.0
 10
596.1995874618897
 20
-1021.418300275105
 30
0.0
 10
598.9036890243897
 20
-1018.866483868856
 30
0.0
 10
599.3437573837655
 20
-1018.451229962604
 30
0.0
 10
598.84450933689
 20
-1018.019335431356
 30
0.0
 10
598.5425464462642
 20
-1017.687636212606
 30
0.0
 10
596.8440015243905
 20
-1015.822069806356
 30
0.0
 10
594.3674194931391
 20
-1014.219589337605
 30
0.0
 10
596.3758667587645
 20
-1011.130526837605
 30
0.0
 10
594.2776831650153
 20
-1008.362030743854
 30
0.0
 10
593.9860913681405
 20
-1004.607108868855
 30
0.0
 10
591.3961304306395
 20
-1002.085644025105
 30
0.0
 10
590.740671446265
 20
-1001.447499493854
 30
0.0
 10
589.8430151962639
 20
-1000.922030743855
 30
0.0
 10
589.5804858993888
 20
-999.5102143376052
 30
0.0
 10
591.8044995712644
 20
-999.548065900105
 30
0.0
 10
593.394118711889
 20
-1000.951737775104
 30
0.0
 10
595.1263257431401
 20
-1001.743163556355
 30
0.0
 10
597.0316187118897
 20
-1002.613632306355
 30
0.0
 10
599.1564917587639
 20
-1002.180272931357
 30
0.0
 10
601.0455249618899
 20
-1003.257343243855
 30
0.0
 10
603.036569883765
 20
-1004.392714337606
 30
0.0
 10
605.8442358993889
 20
-1003.698436993855
 30
0.0
 10
607.4560327743893
 20
-1005.899979962604
 30
0.0
 10
610.5603589462644
 20
-1003.475663556354
 30
0.0
 10
611.432204649389
 20
-1006.742675275105
 30
0.0
 10
613.0478101181398
 20
-1008.099589337606
 30
0.0
 10
613.7066675400147
 20
-1008.652948712606
 30
0.0
 10
614.1496655868905
 20
-1008.212909650105
 30
0.0
 10
614.66083746189
 20
-1007.839140118856
 30
0.0
 10
615.0200757431394
 20
-1007.576522931355
 30
0.0
 10
615.3702319931399
 20
-1007.322226056356
 30
0.0
 10
615.9320581650154
 20
-1007.609511212606
 30
0.0
 10
617.5507983993903
 20
-1008.437440900107
 30
0.0
 10
617.1084448837646
 20
-1011.522694806354
 30
0.0
 10
620.2147339462645
 20
-1010.965233868854
 30
0.0
 10
622.3703980087648
 20
-1010.578397931356
 30
0.0
 10
623.0055542587652
 20
-1013.066405743855
 30
0.0
 10
623.9153980087649
 20
-1014.662909650106
 30
0.0
 10
624.0726929306402
 20
-1014.939003400104
 30
0.0
 10
624.20429449314
 20
-1015.461776837605
 30
0.0
 10
624.3663941025152
 20
-1015.469335431357
 30
0.0
 10
628.61493902439
 20
-1015.666386212604
 30
0.0
 10
628.644558165015
 20
-1019.530468243855
 30
0.0
 10
629.9319507431392
 20
-1022.172811993856
 30
0.0
 10
631.72585699314
 20
-1021.520194806355
 30
0.0
 10
631.01435308689
 20
-1020.449511212606
 30
0.0
 10
630.9456519150153
 20
-1019.344960431354
 30
0.0
 10
630.8287866806404
 20
-1017.465624493856
 30
0.0
 10
628.35085699314
 20
-1015.246503400107
 30
0.0
 10
631.687038633765
 20
-1013.662948712605
 30
0.0
 10
632.4273120712642
 20
-1013.311561993854
 30
0.0
 10
631.375026915015
 20
-1012.319745587607
 30
0.0
 10
631.0499487900142
 20
-1011.676503400104
 30
0.0
 10
630.0935523056396
 20
-1009.784452618856
 30
0.0
 10
628.747712461889
 20
-1006.817968243857
 30
0.0
 10
629.852204649389
 20
-1005.878886212606
 30
0.0
 10
632.4502808212637
 20
-1003.669960431354
 30
0.0
 10
630.7422730087637
 20
-1001.603358868855
 30
0.0
 10
630.7499780868893
 20
-999.4772260563559
 30
0.0
 10
630.7556030868891
 20
-997.9269526188555
 30
0.0
 10
630.3090601181393
 20
-996.3311518376058
 30
0.0
 10
632.6896362900152
 20
-995.8320502751058
 30
0.0
 10
634.1806421493893
 20
-995.5193354313551
 30
0.0
 10
633.2048218368891
 20
-993.9651362126051
 30
0.0
 10
633.3290991806389
 20
-992.9649994938563
 30
0.0
 10
633.5274390243903
 20
-991.3688471501055
 30
0.0
 10
631.9987573837643
 20
-988.824061993856
 30
0.0
 10
635.5598511337648
 20
-989.0613080876055
 30
0.0
 10
636.2410034775148
 20
-989.1067182438555
 30
0.0
 10
636.326198790015
 20
-988.2442182438563
 30
0.0
 10
636.3200464462643
 20
-987.5698627751053
 30
0.0
 10
636.3069214462648
 20
-986.1317963688552
 30
0.0
 10
636.3491382431403
 20
-984.6926752751051
 30
0.0
 10
636.3951343368899
 20
-983.2548432438552
 30
0.0
 10
636.4219116806398
 20
-982.4185346501063
 30
0.0
 10
636.648757383764
 20
-981.4498627751063
 30
0.0
 10
637.6994605087639
 20
-981.8739643376057
 30
0.0
 10
639.7236108993893
 20
-982.6911127751055
 30
0.0
 10
640.0744702743905
 20
-981.8918354313564
 30
0.0
 10
640.173903868139
 20
-980.0410346501058
 30
0.0
 10
640.268386290014
 20
-978.2829877751055
 30
0.0
 10
640.092194883764
 20
-975.9859955876063
 30
0.0
 10
643.0635718368903
 20
-976.293671368855
 30
0.0
 10
643.4489429306395
 20
-976.3335737126063
 30
0.0
 10
643.5277515243888
 20
-976.0574799626056
 30
0.0
 10
643.5993237900148
 20
-975.6651362126058
 30
0.0
 10
644.5812964462639
 20
-970.2816596501061
 30
0.0
 10
649.8907105087637
 20
-967.2490229313562
 30
0.0
 10
651.000153868139
 20
-961.7589057438554
 30
0.0
 10
651.0850562118903
 20
-966.808808087605
 30
0.0
 10
652.4065503525144
 20
-971.398690900106
 30
0.0
 10
653.8133276962653
 20
-975.9772065251063
 30
0.0
 10
653.9932983993895
 20
-976.5629096501061
 30
0.0
 10
653.875026915015
 20
-977.5781049626048
 30
0.0
 10
654.4882398056398
 20
-977.5948041813563
 30
0.0
 10
658.4765405868893
 20
-977.7036127751062
 30
0.0
 10
657.2366968368897
 20
-980.7172651188548
 30
0.0
 10
657.3829468368895
 20
-982.810878400106
 30
0.0
 10
657.5146362900141
 20
-984.6966596501052
 30
0.0
 10
656.8851929306402
 20
-986.758515118855
 30
0.0
 10
660.081569883765
 20
-986.3945307438562
 30
0.0
 10
661.0016968368891
 20
-986.289765118855
 30
0.0
 10
660.994577696265
 20
-987.5556830876058
 30
0.0
 10
660.893708555639
 20
-988.3202143376047
 30
0.0
 10
660.727126524389
 20
-989.5825580876053
 30
0.0
 10
660.5424976181403
 20
-990.864999493856
 30
0.0
 10
660.1492749618901
 20
-992.0683979313553
 30
0.0
 10
659.7709937118889
 20
-993.226210431355
 30
0.0
 10
659.2875659775145
 20
-994.236659650106
 30
0.0
 10
661.1219312118901
 20
-994.3499799626052
 30
0.0
 10
661.7033276962648
 20
-994.3860151188555
 30
0.0
 10
661.935212461889
 20
-994.784511212606
 30
0.0
 10
662.1311206650153
 20
-995.2110151188563
 30
0.0
 10
663.18085699314
 20
-997.4957026188558
 30
0.0
 10
660.2205835556397
 20
-1000.034452618856
 30
0.0
 10
661.899440977515
 20
-1001.791210431355
 30
0.0
 10
664.1123511337646
 20
-1004.106659650104
 30
0.0
 10
662.4679175400142
 20
-1005.876601056356
 30
0.0
 10
662.0292554306398
 20
-1007.878749493855
 30
0.0
 10
661.867097227514
 20
-1008.618905743857
 30
0.0
 10
661.0960327743887
 20
-1009.848847150104
 30
0.0
 10
661.2279273056392
 20
-1009.938847150104
 30
0.0
 10
664.4385718368903
 20
-1012.129257306355
 30
0.0
 10
661.1857105087638
 20
-1014.502304181355
 30
0.0
 10
661.5342847275151
 20
-1016.417030743854
 30
0.0
 10
662.2144116806394
 20
-1020.152499493855
 30
0.0
 10
661.355866758764
 20
-1023.058222150106
 30
0.0
 10
659.4847339462649
 20
-1026.007831525105
 30
0.0
 10
659.3952319931395
 20
-1026.148925275105
 30
0.0
 10
659.6145483993896
 20
-1026.624530743855
 30
0.0
 10
659.8166089462648
 20
-1026.782089337605
 30
0.0
 10
660.1997241806403
 20
-1027.080976056357
 30
0.0
 10
660.6431616806403
 20
-1027.154218243857
 30
0.0
 10
661.0501538681401
 20
-1026.702753400106
 30
0.0
 10
662.2793335556398
 20
-1025.339394025104
 30
0.0
 10
662.1751538681401
 20
-1022.674667462605
 30
0.0
 10
664.4123511337639
 20
-1022.434667462607
 30
0.0
 10
667.1567944931394
 20
-1022.140292462605
 30
0.0
 10
665.5273901962646
 20
-1019.545351056357
 30
0.0
 10
666.850173399389
 20
-1018.566425275105
 30
0.0
 10
667.8765308212642
 20
-1017.806933087606
 30
0.0
 10
667.8087378525142
 20
-1015.640487775105
 30
0.0
 10
669.920925352515
 20
-1016.250741681357
 30
0.0
 10
670.7845386337649
 20
-1016.500292462606
 30
0.0
 10
670.833815977514
 20
-1015.632226056354
 30
0.0
 10
671.1995581650153
 20
-1015.184862775106
 30
0.0
 10
672.528757383765
 20
-1013.558944806355
 30
0.0
 10
672.7168433212646
 20
-1010.391366681357
 30
0.0
 10
676.2551148056391
 20
-1011.717753400106
 30
0.0
 10
676.9629273056398
 20
-1011.983007306357
 30
0.0
 10
677.4128101181395
 20
-1010.361190900105
 30
0.0
 10
678.030593321264
 20
-1009.649862775106
 30
0.0
 10
678.8844214462642
 20
-1008.666776837606
 30
0.0
 10
679.3773120712649
 20
-1006.889569806357
 30
0.0
 10
681.1931323837653
 20
-1008.712186993856
 30
0.0
 10
682.1461011337651
 20
-1009.668788556355
 30
0.0
 10
682.288601133765
 20
-1008.142421368855
 30
0.0
 10
682.8445386337644
 20
-1007.818749493854
 30
0.0
 10
684.250319883764
 20
-1007.000311993856
 30
0.0
 10
684.834382383764
 20
-1003.578905743856
 30
0.0
 10
687.4216187118891
 20
-1006.339901837604
 30
0.0
 10
687.5131421493898
 20
-1006.437577618854
 30
0.0
 10
688.0298804306403
 20
-1006.302929181355
 30
0.0
 10
688.2056323837642
 20
-1006.130839337606
 30
0.0
 10
691.0048023056388
 20
-1003.389237775104
 30
0.0
 10
694.839792540015
 20
-1003.753749493855
 30
0.0
 10
698.2257495712638
 20
-1002.818065900105
 30
0.0
 10
700.6925171493895
 20
-1002.136327618857
 30
0.0
 10
702.8164526962646
 20
-1000.682147931356
 30
0.0
 10
706.2261108993898
 20
-999.4824994938544
 30
0.0
 10
703.5321167587645
 20
-1003.315585431355
 30
0.0
 10
700.8414331650147
 20
-1006.066210431356
 30
0.0
 10
699.9840015243899
 20
-1009.913241681355
 30
0.0
 10
699.7054468368897
 20
-1011.162929181355
 30
0.0
 10
698.5622534775139
 20
-1011.815780743855
 30
0.0
 10
699.6855835556398
 20
-1013.525956525104
 30
0.0
 10
700.4814038681398
 20
-1014.737558087607
 30
0.0
 10
698.4689722275143
 20
-1016.168534650104
 30
0.0
 10
697.477126524389
 20
-1017.362147931355
 30
0.0
 10
696.7161694931401
 20
-1018.277909650104
 30
0.0
 10
695.4486694931402
 20
-1018.938026837604
 30
0.0
 10
697.1475952743895
 20
-1020.366718243855
 30
0.0
 10
698.4380347275146
 20
-1021.451933087606
 30
0.0
 10
696.776931211889
 20
-1022.199354962606
 30
0.0
 10
696.203562071265
 20
-1023.032147931357
 30
0.0
 10
695.2418628525138
 20
-1024.428847150106
 30
0.0
 10
692.0358765243891
 20
-1024.631347150105
 30
0.0
 10
693.7925171493898
 20
-1027.519550275105
 30
0.0
 10
693.872146055639
 20
-1027.650448712604
 30
0.0
 10
693.5492066025145
 20
-1028.084335431355
 30
0.0
 10
693.3467651962637
 20
-1028.319413556354
 30
0.0
 10
691.8604761337647
 20
-1030.044940900105
 30
0.0
 10
689.5413648056401
 20
-1030.889745587607
 30
0.0
 10
689.1460034775155
 20
-1033.783046368855
 30
0.0
 10
688.9126831650137
 20
-1035.490409650105
 30
0.0
 10
684.7944214462641
 20
-1035.771718243854
 30
0.0
 10
684.9922046493903
 20
-1036.873339337606
 30
0.0
 10
685.54902105564
 20
-1039.974765118855
 30
0.0
 10
682.8177905868888
 20
-1039.535663556355
 30
0.0
 10
681.8831616806401
 20
-1040.844882306355
 30
0.0
 10
680.2147046493901
 20
-1043.182011212604
 30
0.0
 10
678.3303589462648
 20
-1045.009022931354
 30
0.0
 10
675.5528687118895
 20
-1045.847323712605
 30
0.0
 10
675.1196851181394
 20
-1045.978104962604
 30
0.0
 10
674.6498804306393
 20
-1046.229647931355
 30
0.0
 10
674.931101133765
 20
-1046.852382306355
 30
0.0
 10
675.1886499618904
 20
-1047.422675275106
 30
0.0
 10
675.4365601181398
 20
-1048.384257306356
 30
0.0
 10
676.0411304306399
 20
-1048.259159650104
 30
0.0
 10
683.9211108993895
 20
-1046.628085431355
 30
0.0
 10
690.5481519150144
 20
-1050.857265118855
 30
0.0
 10
697.659499571264
 20
-1052.788983868857
 30
0.0
 10
698.26491949314
 20
-1052.953456525105
 30
0.0
 10
698.8398120712645
 20
-1053.239101056355
 30
0.0
 10
699.4149683212654
 20
-1053.499198712605
 30
0.0
 10
699.5423218368887
 20
-1053.556854962604
 30
0.0
 10
699.6104663681399
 20
-1053.745468243855
 30
0.0
 10
699.902292540015
 20
-1054.137929181354
 30
0.0
 10
695.3131714462652
 20
-1054.092811993854
 30
0.0
 10
692.8386401962653
 20
-1057.798222150104
 30
0.0
 10
689.5724487900152
 20
-1059.886444806354
 30
0.0
 10
686.306667540015
 20
-1061.974315900105
 30
0.0
 10
682.9342456650138
 20
-1063.217147931355
 30
0.0
 10
679.3780444931399
 20
-1064.137479962606
 30
0.0
 10
674.231960508765
 20
-1065.469198712606
 30
0.0
 10
668.9240405868895
 20
-1065.606249493856
 30
0.0
 10
662.988230040015
 20
-1065.173300275106
 30
0.0
 10
667.0276245712648
 20
-1067.797538556355
 30
0.0
 10
669.9059839462643
 20
-1070.707597150104
 30
0.0
 10
672.8672827743903
 20
-1074.466620587606
 30
0.0
 10
664.3409546493895
 20
-1072.526171368856
 30
0.0
 10
656.0402124618904
 20
-1071.974394025106
 30
0.0
 10
649.1861792587642
 20
-1066.094921368855
 30
0.0
 10
648.0970386337649
 20
-1070.074198712606
 30
0.0
 10
650.2844605087648
 20
-1073.781894025105
 30
0.0
 10
649.155183165014
 20
-1077.817597150104
 30
0.0
 10
646.7914233993888
 20
-1076.094823712607
 30
0.0
 10
647.8226148056401
 20
-1073.852968243857
 30
0.0
 10
647.5082593368898
 20
-1072.031522931356
 30
0.0
 10
647.1566968368898
 20
-1069.994276837606
 30
0.0
 10
647.0405640243898
 20
-1067.916425275107
 30
0.0
 10
646.7780933212653
 20
-1065.442714337605
 30
0.0
 10
640.1492651962653
 20
-1071.504237775105
 30
0.0
 10
632.0361694931398
 20
-1072.570058087604
 30
0.0
 10
623.7888062118891
 20
-1073.424589337606
 30
0.0
  0
SPLINE
  5
56
330
41
100
AcDbEntity
  8
katman 1
370
     0
100
AcDbSpline
210
0.0
220
0.0
230
1.0
 70
    11
 71
     3
 72
   290
 73
   286
 74
     0
 42
0.0000000001
 43
0.0000000001
 12
1.0
 22
0.0
 32
0.0
 13
1.0
 23
0.0
 33
0.0
 40
0.0
 40
0.0
 40
0.0
 40
0.0
 40
1.0
 40
1.0
 40
1.0
 40
2.0
 40
2.0
 40
2.0
 40
3.0
 40
3.0
 40
3.0
 40
4.0
 40
4.0
 40
4.0
 40
5.0
 40
5.0
 40
5.0
 40
6.0
 40
6.0
 40
6.0
 40
7.0
 40
7.0
 40
7.0
 40
8.0
 40
8.0
 40
8.0
 40
9.0
 40
9.0
 40
9.0
 40
10.0
 40
10.0
 40
10.0
 40
11.0
 40
11.0
 40
11.0
 40
12.0
 40
12.0
 40
12.0
 40
13.0
 40
13.0
 40
13.0
 40
14.0
 40
14.0
 40
14.0
 40
15.0
 40
15.0
 40
15.0
 40
16.0
 40
16.0
 40
16.0
 40
17.0
 40
17.0
 40
17.0
 40
18.0
 40
18.0
 40
18.0
 40
19.0
 40
19.0
 40
19.0
 40
20.0
 40
20.0
 40
20.0
 40
21.0
 40
21.0
 40
21.0
 40
22.0
 40
22.0
 40
22.0
 40
23.0
 40
23.0
 40
23.0
 40
24.0
 40
24.0
 40
24.0
 40
25.0
 40
25.0
 40
25.0
 40
26.0
 40
26.0
 40
26.0
 40
27.0
 40
27.0
 40
27.0
 40
28.0
 40
28.0
 40
28.0
 40
29.0
 40
29.0
 40
29.0
 40
30.0
 40
30.0
 40
30.0
 40
31.0
 40
31.0
 40
31.0
 40
32.0
 40
32.0
 40
32.0
 40
33.0
 40
33.0
 40
33.0
 40
34.0
 40
34.0
 40
34.0
 40
35.0
 40
35.0
 40
35.0
 40
36.0
 40
36.0
 40
36.0
 40
37.0
 40
37.0
 40
37.0
 40
38.0
 40
38.0
 40
38.0
 40
39.0
 40
39.0
 40
39.0
 40
40.0
 40
40.0
 40
40.0
 40
41.0
 40
41.0
 40
41.0
 40
42.0
 40
42.0
 40
42.0
 40
43.0
 40
43.0
 40
43.0
 40
44.0
 40
44.0
 40
44.0
 40
45.0
 40
45.0
 40
45.0
 40
46.0
 40
46.0
 40
46.0
 40
47.0
 40
47.0
 40
47.0
 40
48.0
 40
48.0
 40
48.0
 40
49.0
 40
49.0
 40
49.0
 40
50.0
 40
50.0
 40
50.0
 40
51.0
 40
51.0
 40
51.0
 40
52.0
 40
52.0
 40
52.0
 40
53.0
 40
53.0
 40
53.0
 40
54.0
 40
54.0
 40
54.0
 40
55.0
 40
55.0
 40
55.0
 40
56.0
 40
56.0
 40
56.0
 40
57.0
 40
57.0
 40
57.0
 40
58.0
 40
58.0
 40
58.0
 40
59.0
 40
59.0
 40
59.0
 40
60.0
 40
60.0
 40
60.0
 40
61.0
 40
61.0
 40
61.0
 40
62.0
 40
62.0
 40
62.0
 40
63.0
 40
63.0
 40
63.0
 40
64.0
 40
64.0
 40
64.0
 40
65.0
 40
65.0
 40
65.0
 40
66.0
 40
66.0
 40
66.0
 40
67.0
 40
67.0
 40
67.0
 40
68.0
 40
68.0
 40
68.0
 40
69.0
 40
69.0
 40
69.0
 40
70.0
 40
70.0
 40
70.0
 40
71.0
 40
71.0
 40
71.0
 40
72.0
 40
72.0
 40
72.0
 40
73.0
 40
73.0
 40
73.0
 40
74.0
 40
74.0
 40
74.0
 40
75.0
 40
75.0
 40
75.0
 40
76.0
 40
76.0
 40
76.0
 40
77.0
 40
77.0
 40
77.0
 40
78.0
 40
78.0
 40
78.0
 40
79.0
 40
79.0
 40
79.0
 40
80.0
 40
80.0
 40
80.0
 40
81.0
 40
81.0
 40
81.0
 40
82.0
 40
82.0
 40
82.0
 40
83.0
 40
83.0
 40
83.0
 40
84.0
 40
84.0
 40
84.0
 40
85.0
 40
85.0
 40
85.0
 40
86.0
 40
86.0
 40
86.0
 40
87.0
 40
87.0
 40
87.0
 40
88.0
 40
88.0
 40
88.0
 40
89.0
 40
89.0
 40
89.0
 40
90.0
 40
90.0
 40
90.0
 40
91.0
 40
91.0
 40
91.0
 40
92.0
 40
92.0
 40
92.0
 40
93.0
 40
93.0
 40
93.0
 40
94.0
 40
94.0
 40
94.0
 40
95.0
 40
95.0
 40
95.0
 40
95.0
 10
1294.144050352515
 20
-999.8991596501046
 30
0.0
 10
1297.852448790016
 20
-1001.886542462606
 30
0.0
 10
1301.859206602514
 20
-1002.663554181356
 30
0.0
 10
1305.701315977514
 20
-1003.760839337607
 30
0.0
 10
1307.683542540015
 20
-1004.327030743854
 30
0.0
 10
1309.837214415014
 20
-1004.052577618855
 30
0.0
 10
1311.337097227515
 20
-1005.912987775104
 30
0.0
 10
1311.694167540014
 20
-1006.355839337604
 30
0.0
 10
1312.229128477515
 20
-1005.928573712605
 30
0.0
 10
1312.491042540014
 20
-1005.562890118854
 30
0.0
 10
1313.625651915016
 20
-1003.979042462604
 30
0.0
 10
1314.220261290015
 20
-1005.359686993856
 30
0.0
 10
1315.091315977515
 20
-1005.915038556355
 30
0.0
 10
1316.390690977516
 20
-1006.743495587605
 30
0.0
 10
1316.838112852514
 20
-1009.820839337604
 30
0.0
 10
1319.432644102515
 20
-1007.614374493856
 30
0.0
 10
1319.831784727516
 20
-1007.274999493857
 30
0.0
 10
1320.451003477514
 20
-1008.168436993856
 30
0.0
 10
1320.869831602515
 20
-1008.648964337604
 30
0.0
 10
1321.969870665014
 20
-1009.911015118854
 30
0.0
 10
1322.420808165016
 20
-1012.370019025104
 30
0.0
 10
1325.035847227515
 20
-1010.950761212604
 30
0.0
 10
1325.159480040014
 20
-1010.883612775106
 30
0.0
 10
1325.573972227516
 20
-1011.218007306354
 30
0.0
 10
1325.769792540015
 20
-1011.439022931354
 30
0.0
 10
1327.610808165015
 20
-1013.516815900104
 30
0.0
 10
1328.871862852515
 20
-1016.047655743856
 30
0.0
 10
1331.730065977516
 20
-1017.265936993856
 30
0.0
 10
1333.475456602515
 20
-1018.010019025107
 30
0.0
 10
1332.542058165014
 20
-1021.529276837606
 30
0.0
 10
1334.329050352515
 20
-1021.902167462606
 30
0.0
 10
1336.862292540014
 20
-1022.430741681354
 30
0.0
 10
1336.880808165015
 20
-1024.449823712606
 30
0.0
 10
1337.896237852516
 20
-1025.881151837606
 30
0.0
 10
1338.294323790014
 20
-1026.442186993856
 30
0.0
 10
1338.591862852514
 20
-1026.958397931354
 30
0.0
 10
1339.324987852515
 20
-1026.600331525104
 30
0.0
 10
1340.167214415014
 20
-1026.189237775106
 30
0.0
 10
1339.678425352515
 20
-1025.641561993856
 30
0.0
 10
1339.437605040015
 20
-1025.071972150105
 30
0.0
 10
1338.302058165014
 20
-1022.386679181356
 30
0.0
 10
1336.127761290014
 20
-1019.927382306356
 30
0.0
 10
1338.063464415014
 20
-1016.613905743856
 30
0.0
 10
1338.395573790014
 20
-1016.045311993854
 30
0.0
 10
1337.215026915015
 20
-1014.671405743855
 30
0.0
 10
1336.890534727516
 20
-1013.620878400106
 30
0.0
 10
1336.502526915016
 20
-1012.364452618855
 30
0.0
 10
1335.452878477516
 20
-1010.940800275104
 30
0.0
 10
1337.834597227515
 20
-1010.264452618856
 30
0.0
 10
1339.097409727516
 20
-1009.905800275104
 30
0.0
 10
1338.035456602514
 20
-1008.979140118856
 30
0.0
 10
1337.742370665015
 20
-1008.427538556356
 30
0.0
 10
1336.824440977514
 20
-1006.700780743857
 30
0.0
 10
1336.471355040016
 20
-1004.867265118854
 30
0.0
 10
1336.233112852515
 20
-1002.945565900107
 30
0.0
 10
1336.037995665016
 20
-1001.370331525104
 30
0.0
 10
1339.473230040016
 20
-1002.214374493855
 30
0.0
 10
1338.005456602516
 20
-999.9815424626058
 30
0.0
 10
1337.293073790015
 20
-998.8977338688555
 30
0.0
 10
1336.985339415014
 20
-997.6302924626061
 30
0.0
 10
1337.036784727516
 20
-996.325526837606
 30
0.0
 10
1337.060808165015
 20
-995.7162690251052
 30
0.0
 10
1337.177409727516
 20
-994.6209760563552
 30
0.0
 10
1337.399362852515
 20
-994.5818940251056
 30
0.0
 10
1341.399206602515
 20
-993.8768354313552
 30
0.0
 10
1338.485808165015
 20
-991.3618159001062
 30
0.0
 10
1338.742214415015
 20
-989.6993940251059
 30
0.0
 10
1338.978112852516
 20
-988.170741681356
 30
0.0
 10
1337.222644102514
 20
-985.5181440251063
 30
0.0
 10
1340.922370665015
 20
-985.8806635563551
 30
0.0
 10
1342.082644102515
 20
-985.994394025106
 30
0.0
 10
1341.919987852514
 20
-984.9047260563557
 30
0.0
 10
1341.939089415015
 20
-984.1609369938551
 30
0.0
 10
1341.971667540014
 20
-982.8828901188563
 30
0.0
 10
1341.876980040015
 20
-981.5992768376063
 30
0.0
 10
1341.956784727516
 20
-980.3255073063565
 30
0.0
 10
1342.046667540015
 20
-978.8910737126052
 30
0.0
 10
1342.092253477515
 20
-977.3808198063552
 30
0.0
 10
1344.276628477515
 20
-977.5952729313549
 30
0.0
 10
1345.317136290016
 20
-977.6974604313555
 30
0.0
 10
1345.328503477514
 20
-976.777186993856
 30
0.0
 10
1345.555026915015
 20
-975.9874018376058
 30
0.0
 10
1346.879480040016
 20
-971.3690424626047
 30
0.0
 10
1348.273894102515
 20
-966.7726557438555
 30
0.0
 10
1347.579440977515
 20
-961.3155854313563
 30
0.0
 10
1349.712722227514
 20
-962.3958198063547
 30
0.0
 10
1349.758894102515
 20
-963.9984760563557
 30
0.0
 10
1350.300183165014
 20
-965.177089337606
 30
0.0
 10
1351.355690977514
 20
-967.4750190251061
 30
0.0
 10
1352.180690977515
 20
-969.8910737126052
 30
0.0
 10
1354.471706602515
 20
-971.3191205876055
 30
0.0
 10
1355.421276915014
 20
-971.9109174626055
 30
0.0
 10
1355.419870665015
 20
-972.9210151188554
 30
0.0
 10
1355.704987852516
 20
-973.8052534001063
 30
0.0
 10
1355.899284727515
 20
-974.4083588688563
 30
0.0
 10
1355.926355040016
 20
-975.5468940251058
 30
0.0
 10
1356.161784727516
 20
-975.5832807438555
 30
0.0
 10
1360.083347227515
 20
-976.1905463688554
 30
0.0
 10
1358.732175352516
 20
-979.6299409001049
 30
0.0
 10
1359.635925352515
 20
-982.1014838688561
 30
0.0
 10
1361.951550352514
 20
-981.0523041813549
 30
0.0
 10
1363.253972227514
 20
-981.6141596501047
 30
0.0
 10
1363.002487852515
 20
-984.3519526188547
 30
0.0
 10
1362.915065977515
 20
-985.3030463688565
 30
0.0
 10
1362.958308165014
 20
-986.2683784001065
 30
0.0
 10
1362.979519102515
 20
-987.2263862126065
 30
0.0
 10
1362.992526915015
 20
-987.8139643376062
 30
0.0
 10
1362.807956602515
 20
-988.8286909001063
 30
0.0
 10
1363.551628477515
 20
-988.778651837606
 30
0.0
 10
1367.931628477514
 20
-988.4839252751053
 30
0.0
 10
1365.761667540015
 20
-991.580780743855
 30
0.0
 10
1365.892097227515
 20
-993.3329682438552
 30
0.0
 10
1365.988073790015
 20
-994.621796368855
 30
0.0
 10
1365.616355040014
 20
-995.6334174626054
 30
0.0
 10
1367.520534727515
 20
-996.0438080876056
 30
0.0
 10
1369.502644102515
 20
-996.470956525106
 30
0.0
 10
1368.352448790016
 20
-998.447968243855
 30
0.0
 10
1368.527292540015
 20
-999.730116681355
 30
0.0
 10
1368.782058165014
 20
-1001.599784650105
 30
0.0
 10
1366.573308165014
 20
-1003.710624493855
 30
0.0
 10
1369.521394102516
 20
-1005.433163556354
 30
0.0
 10
1370.264831602515
 20
-1005.867460431356
 30
0.0
 10
1369.521276915015
 20
-1008.423319806356
 30
0.0
 10
1368.979870665014
 20
-1009.970546368855
 30
0.0
 10
1368.438698790014
 20
-1011.517304181354
 30
0.0
 10
1366.057331602515
 20
-1013.164140118854
 30
0.0
 10
1369.204050352515
 20
-1014.775116681354
 30
0.0
 10
1369.583151915014
 20
-1014.969237775105
 30
0.0
 10
1368.857761290015
 20
-1017.427421368855
 30
0.0
 10
1368.552722227514
 20
-1018.816151837604
 30
0.0
 10
1368.325495665014
 20
-1019.850976056354
 30
0.0
 10
1367.544675352516
 20
-1020.910761212606
 30
0.0
 10
1369.196198790016
 20
-1021.862851056354
 30
0.0
 10
1370.205651915016
 20
-1021.036796368855
 30
0.0
 10
1370.002917540014
 20
-1019.606288556355
 30
0.0
 10
1370.633737852515
 20
-1018.661581525106
 30
0.0
 10
1371.501276915014
 20
-1017.362089337606
 30
0.0
 10
1371.659948790015
 20
-1015.163886212606
 30
0.0
 10
1374.111394102514
 20
-1015.582304181356
 30
0.0
 10
1374.876862852516
 20
-1015.712968243854
 30
0.0
 10
1375.064597227514
 20
-1015.057538556357
 30
0.0
 10
1375.415808165015
 20
-1014.508866681354
 30
0.0
 10
1376.568112852516
 20
-1012.708632306356
 30
0.0
 10
1376.878776915015
 20
-1009.743436993856
 30
0.0
 10
1380.346706602515
 20
-1010.952284650106
 30
0.0
 10
1381.110065977515
 20
-1011.218417462605
 30
0.0
 10
1381.379011290015
 20
-1009.914999493856
 30
0.0
 10
1381.886315977516
 20
-1009.347226056354
 30
0.0
 10
1382.824401915015
 20
-1008.297401837604
 30
0.0
 10
1383.122878477514
 20
-1006.197694806357
 30
0.0
 10
1385.425026915014
 20
-1008.031679181357
 30
0.0
 10
1386.304870665015
 20
-1008.732694806356
 30
0.0
 10
1386.946120665014
 20
-1006.750585431357
 30
0.0
 10
1387.809206602515
 20
-1006.126679181354
 30
0.0
 10
1388.891784727515
 20
-1005.344101056355
 30
0.0
 10
1389.650456602514
 20
-1003.115487775107
 30
0.0
 10
1391.374636290015
 20
-1005.447343243854
 30
0.0
 10
1391.629870665014
 20
-1005.792519025104
 30
0.0
 10
1392.219089415015
 20
-1005.507108868856
 30
0.0
 10
1392.641198790016
 20
-1005.208983868855
 30
0.0
 10
1397.471433165016
 20
-1001.797538556355
 30
0.0
 10
1403.823698790015
 20
-1002.951952618856
 30
0.0
 10
1408.800300352515
 20
-999.5915424626046
 30
0.0
 10
1407.436120665016
 20
-1003.054667462606
 30
0.0
 10
1404.850378477515
 20
-1005.587733868855
 30
0.0
 10
1404.103894102514
 20
-1009.166874493854
 30
0.0
 10
1403.846315977515
 20
-1010.401796368857
 30
0.0
 10
1402.525964415016
 20
-1011.023358868857
 30
0.0
 10
1403.799206602514
 20
-1012.758378400104
 30
0.0
 10
1404.517448790015
 20
-1013.737128400106
 30
0.0
 10
1402.728815977514
 20
-1015.505487775106
 30
0.0
 10
1401.579089415014
 20
-1016.601952618854
 30
0.0
 10
1400.557448790014
 20
-1017.576132306356
 30
0.0
 10
1399.831120665014
 20
-1018.409042462605
 30
0.0
 10
1401.325026915014
 20
-1019.670976056354
 30
0.0
 10
1402.547175352514
 20
-1020.703280743855
 30
0.0
 10
1401.089714415015
 20
-1021.218436993855
 30
0.0
 10
1400.633034727514
 20
-1021.884413556356
 30
0.0
 10
1399.556315977516
 20
-1023.454608868855
 30
0.0
 10
1396.469128477514
 20
-1023.914686993856
 30
0.0
 10
1397.894245665015
 20
-1026.872733868855
 30
0.0
 10
1397.935847227514
 20
-1026.958808087606
 30
0.0
 10
1397.731355040016
 20
-1027.141327618854
 30
0.0
 10
1397.691394102514
 20
-1027.292089337607
 30
0.0
 10
1397.164519102515
 20
-1029.273495587604
 30
0.0
 10
1393.846355040016
 20
-1028.619120587606
 30
0.0
 10
1394.001745665015
 20
-1031.547108868854
 30
0.0
 10
1394.111315977514
 20
-1033.612538556354
 30
0.0
 10
1391.940183165016
 20
-1034.425995587604
 30
0.0
 10
1390.266276915016
 20
-1035.187421368857
 30
0.0
 10
1389.462019102515
 20
-1035.553280743854
 30
0.0
 10
1388.806706602514
 20
-1035.837577618855
 30
0.0
 10
1389.187448790015
 20
-1036.850487775104
 30
0.0
 10
1389.454870665015
 20
-1037.561874493855
 30
0.0
 10
1389.252956602515
 20
-1038.224218243857
 30
0.0
 10
1388.660808165016
 20
-1038.463866681355
 30
0.0
 10
1385.289089415015
 20
-1039.829042462607
 30
0.0
 10
1384.099987852514
 20
-1044.015448712606
 30
0.0
 10
1380.339558165015
 20
-1044.844960431354
 30
0.0
 10
1379.519480040015
 20
-1045.025956525104
 30
0.0
 10
1378.784011290014
 20
-1045.240995587606
 30
0.0
 10
1379.154206602516
 20
-1046.389550275104
 30
0.0
 10
1379.429011290014
 20
-1047.242323712606
 30
0.0
 10
1379.904323790015
 20
-1047.907186993856
 30
0.0
 10
1380.823894102516
 20
-1047.723847150104
 30
0.0
 10
1386.201628477515
 20
-1046.651581525104
 30
0.0
 10
1391.120222227515
 20
-1048.260272931355
 30
0.0
 10
1396.038112852515
 20
-1050.118690900104
 30
0.0
 10
1398.703190977514
 20
-1051.125800275106
 30
0.0
 10
1401.300417540015
 20
-1052.365526837606
 30
0.0
 10
1405.120730040015
 20
-1052.846874493855
 30
0.0
 10
1399.947019102516
 20
-1054.415604962604
 30
0.0
 10
1396.760690977515
 20
-1057.424979962605
 30
0.0
 10
1393.256315977515
 20
-1060.050272931356
 30
0.0
 10
1390.903425352515
 20
-1061.812948712606
 30
0.0
 10
1387.781315977514
 20
-1063.001171368855
 30
0.0
 10
1384.851511290015
 20
-1063.445780743856
 30
0.0
 10
1379.040769102516
 20
-1064.327792462605
 30
0.0
 10
1373.189831602514
 20
-1065.850995587607
 30
0.0
 10
1366.124831602514
 20
-1063.955136212604
 30
0.0
 10
1370.329987852516
 20
-1067.175214337607
 30
0.0
 10
1373.533659727515
 20
-1069.829979962604
 30
0.0
 10
1376.514558165016
 20
-1073.713573712605
 30
0.0
 10
1367.751511290015
 20
-1072.295311993854
 30
0.0
 10
1359.547683165014
 20
-1071.314218243857
 30
0.0
 10
1352.513269102516
 20
-1065.046034650106
 30
0.0
 10
1352.049440977515
 20
-1069.374354962605
 30
0.0
 10
1352.297292540015
 20
-1073.416854962605
 30
0.0
 10
1350.791081602514
 20
-1077.174472150105
 30
0.0
 10
1349.079440977515
 20
-1073.548632306356
 30
0.0
 10
1351.277995665016
 20
-1069.841874493854
 30
0.0
 10
1350.209362852514
 20
-1065.906952618854
 30
0.0
 10
1343.587097227515
 20
-1071.169315900104
 30
0.0
 10
1335.691472227514
 20
-1072.604686993855
 30
0.0
 10
1327.084987852515
 20
-1073.706073712605
 30
0.0
 10
1329.670261290015
 20
-1069.804901837604
 30
0.0
 10
1332.917292540014
 20
-1067.311854962605
 30
0.0
 10
1336.352995665015
 20
-1064.816464337604
 30
0.0
 10
1328.319323790014
 20
-1065.147577618856
 30
0.0
 10
1320.804089415014
 20
-1065.116522931356
 30
0.0
 10
1313.469323790016
 20
-1061.580272931355
 30
0.0
 10
1310.441081602516
 20
-1060.120292462605
 30
0.0
 10
1307.928933165014
 20
-1058.309862775106
 30
0.0
 10
1305.437409727516
 20
-1056.281112775105
 30
0.0
 10
1303.705261290015
 20
-1054.870526837607
 30
0.0
 10
1301.516901915014
 20
-1054.376464337605
 30
0.0
 10
1299.547214415015
 20
-1053.232011212604
 30
0.0
 10
1303.615612852514
 20
-1052.707948712607
 30
0.0
 10
1306.921706602514
 20
-1050.468671368857
 30
0.0
 10
1310.677097227515
 20
-1049.434257306355
 30
0.0
 10
1314.533151915015
 20
-1048.372128400104
 30
0.0
 10
1318.278112852515
 20
-1047.303729962605
 30
0.0
 10
1322.278190977515
 20
-1047.791874493854
 30
0.0
 10
1323.194597227515
 20
-1047.903729962607
 30
0.0
 10
1323.881433165016
 20
-1047.871269025105
 30
0.0
 10
1324.254909727515
 20
-1047.063085431357
 30
0.0
 10
1324.888073790014
 20
-1045.692811993857
 30
0.0
 10
1323.659948790015
 20
-1045.377108868855
 30
0.0
 10
1322.845378477516
 20
-1045.167694806354
 30
0.0
 10
1319.126081602515
 20
-1044.211444806355
 30
0.0
 10
1318.213894102515
 20
-1039.770976056356
 30
0.0
 10
1314.647644102515
 20
-1038.672108868854
 30
0.0
 10
1315.205105040015
 20
-1035.754491681357
 30
0.0
 10
1312.129519102515
 20
-1035.789530743856
 30
0.0
 10
1311.119480040015
 20
-1034.259413556356
 30
0.0
 10
1309.505105040014
 20
-1031.813769025106
 30
0.0
 10
1308.155808165015
 20
-1029.237050275104
 30
0.0
 10
1305.645651915014
 20
-1027.549550275104
 30
0.0
 10
1307.157253477515
 20
-1024.268358868856
 30
0.0
 10
1303.827839415015
 20
-1023.705214337606
 30
0.0
 10
1302.522605040014
 20
-1022.010917462605
 30
0.0
 10
1302.139636290014
 20
-1021.513573712604
 30
0.0
 10
1301.415417540014
 20
-1020.824159650107
 30
0.0
 10
1301.933503477516
 20
-1020.415233868855
 30
0.0
 10
1304.307019102514
 20
-1018.541991681355
 30
0.0
 10
1302.144089415015
 20
-1017.625761212606
 30
0.0
 10
1301.291081602516
 20
-1016.312030743855
 30
0.0
 10
1300.450847227516
 20
-1015.018046368856
 30
0.0
 10
1298.986472227514
 20
-1014.186425275104
 30
0.0
 10
1300.216706602516
 20
-1011.797909650104
 30
0.0
 10
1300.878230040014
 20
-1010.513534650105
 30
0.0
 10
1298.748581602515
 20
-1007.747675275106
 30
0.0
 10
1297.796081602515
 20
-1005.688339337605
 30
0.0
 10
1296.853425352516
 20
-1003.649921368855
 30
0.0
 10
1295.261550352514
 20
-1002.038065900106
 30
0.0
 10
1294.144050352515
 20
-999.8991596501046
 30
0.0
  0
SPLINE
  5
57
330
41
100
AcDbEntity
  8
katman 1
370
     0
100
AcDbSpline
210
0.0
220
0.0
230
1.0
 70
    11
 71
     3
 72
    56
 73
    52
 74
     0
 42
0.0000000001
 43
0.0000000001
 12
1.0
 22
0.0
 32
0.0
 13
1.0
 23
0.0
 33
0.0
 40
0.0
 40
0.0
 40
0.0
 40
0.0
 40
1.0
 40
1.0
 40
1.0
 40
2.0
 40
2.0
 40
2.0
 40
3.0
 40
3.0
 40
3.0
 40
4.0
 40
4.0
 40
4.0
 40
5.0
 40
5.0
 40
5.0
 40
6.0
 40
6.0
 40
6.0
 40
7.0
 40
7.0
 40
7.0
 40
8.0
 40
8.0
 40
8.0
 40
9.0
 40
9.0
 40
9.0
 40
10.0
 40
10.0
 40
10.0
 40
11.0
 40
11.0
 40
11.0
 40
12.0
 40
12.0
 40
12.0
 40
13.0
 40
13.0
 40
13.0
 40
14.0
 40
14.0
 40
14.0
 40
15.0
 40
15.0
 40
15.0
 40
16.0
 40
16.0
 40
16.0
 40
17.0
 40
17.0
 40
17.0
 40
17.0
 10
856.5596558212637
 20
-1302.263007306356
 30
0.0
 10
853.4234839462642
 20
-1297.113495587604
 30
0.0
 10
850.2179956650143
 20
-1292.551503400104
 30
0.0
 10
846.075593321264
 20
-1288.719589337605
 30
0.0
 10
842.285105040015
 20
-1285.213163556356
 30
0.0
 10
838.1367847275142
 20
-1282.287811993854
 30
0.0
 10
833.261257383765
 20
-1280.494433087606
 30
0.0
 10
826.697175352514
 20
-1278.079960431354
 30
0.0
 10
820.272898008765
 20
-1278.516776837605
 30
0.0
 10
814.4165112900137
 20
-1282.294608868855
 30
0.0
 10
805.8915308212654
 20
-1287.793925275106
 30
0.0
 10
800.9559448837645
 20
-1295.892401837606
 30
0.0
 10
799.4840698837652
 20
-1305.823808087604
 30
0.0
 10
798.2155737900139
 20
-1314.382948712606
 30
0.0
 10
802.0069409775151
 20
-1321.032929181354
 30
0.0
 10
808.769069883765
 20
-1326.094491681357
 30
0.0
 10
815.4366284775151
 20
-1331.085272931356
 30
0.0
 10
822.9324683212653
 20
-1334.019296368857
 30
0.0
 10
831.2155151962652
 20
-1334.947128400105
 30
0.0
 10
833.082546446265
 20
-1335.156249493855
 30
0.0
 10
834.9400855087642
 20
-1335.449569806355
 30
0.0
 10
837.1257495712653
 20
-1335.748456525107
 30
0.0
 10
834.3686206650145
 20
-1344.213026837606
 30
0.0
 10
831.707058165015
 20
-1352.220390118855
 30
0.0
 10
829.1786792587645
 20
-1360.269589337604
 30
0.0
 10
828.595612852514
 20
-1362.125839337605
 30
0.0
 10
827.6051441025138
 20
-1362.258378400104
 30
0.0
 10
825.9496362900154
 20
-1361.979413556357
 30
0.0
 10
821.993972227514
 20
-1361.313144025105
 30
0.0
 10
818.1710816025152
 20
-1360.220311993857
 30
0.0
 10
814.4226050400139
 20
-1358.831229962605
 30
0.0
 10
801.8327417587643
 20
-1354.165702618855
 30
0.0
 10
790.4192066025153
 20
-1347.608007306357
 30
0.0
 10
781.0536694931398
 20
-1337.836854962607
 30
0.0
 10
767.017976133764
 20
-1323.193280743857
 30
0.0
 10
763.762771055639
 20
-1306.338144025107
 30
0.0
 10
771.0443335556392
 20
-1287.475878400106
 30
0.0
 10
773.7665405868902
 20
-1280.424296368856
 30
0.0
 10
777.7046558212642
 20
-1274.026269025104
 30
0.0
 10
782.553376524389
 20
-1268.226483868857
 30
0.0
 10
796.4536011337641
 20
-1251.599745587606
 30
0.0
 10
815.920847227515
 20
-1245.845897931355
 30
0.0
 10
836.475124571265
 20
-1252.675468243855
 30
0.0
 10
853.0375269150154
 20
-1258.178593243854
 30
0.0
 10
866.2778394150137
 20
-1268.407890118855
 30
0.0
 10
876.7254566025149
 20
-1282.343476056354
 30
0.0
 10
878.0667847275145
 20
-1284.132577618857
 30
0.0
 10
878.6323316025137
 20
-1285.288222150106
 30
0.0
 10
876.3638745712651
 20
-1286.962597150105
 30
0.0
 10
869.8152026962653
 20
-1291.796054181355
 30
0.0
 10
863.4641089462639
 20
-1296.897167462605
 30
0.0
 10
856.5596558212637
 20
-1302.263007306356
 30
0.0
  0
SPLINE
  5
58
330
41
100
AcDbEntity
  8
katman 1
370
     0
100
AcDbSpline
210
0.0
220
0.0
230
1.0
 70
    11
 71
     3
 72
    71
 73
    67
 74
     0
 42
0.0000000001
 43
0.0000000001
 12
1.0
 22
0.0
 32
0.0
 13
1.0
 23
0.0
 33
0.0
 40
0.0
 40
0.0
 40
0.0
 40
0.0
 40
1.0
 40
1.0
 40
1.0
 40
2.0
 40
2.0
 40
2.0
 40
3.0
 40
3.0
 40
3.0
 40
4.0
 40
4.0
 40
4.0
 40
5.0
 40
5.0
 40
5.0
 40
6.0
 40
6.0
 40
6.0
 40
7.0
 40
7.0
 40
7.0
 40
8.0
 40
8.0
 40
8.0
 40
9.0
 40
9.0
 40
9.0
 40
10.0
 40
10.0
 40
10.0
 40
11.0
 40
11.0
 40
11.0
 40
12.0
 40
12.0
 40
12.0
 40
13.0
 40
13.0
 40
13.0
 40
14.0
 40
14.0
 40
14.0
 40
15.0
 40
15.0
 40
15.0
 40
16.0
 40
16.0
 40
16.0
 40
17.0
 40
17.0
 40
17.0
 40
18.0
 40
18.0
 40
18.0
 40
19.0
 40
19.0
 40
19.0
 40
20.0
 40
20.0
 40
20.0
 40
21.0
 40
21.0
 40
21.0
 40
22.0
 40
22.0
 40
22.0
 40
22.0
 10
1053.493659727515
 20
-1338.033905743854
 30
0.0
 10
1054.131628477515
 20
-1345.881952618856
 30
0.0
 10
1054.740183165015
 20
-1353.502128400105
 30
0.0
 10
1055.376452696264
 20
-1361.120077618856
 30
0.0
 10
1055.590964415014
 20
-1363.688651837605
 30
0.0
 10
1053.739636290014
 20
-1363.357772931355
 30
0.0
 10
1052.184089415015
 20
-1363.472206525104
 30
0.0
 10
1042.777331602514
 20
-1364.164491681357
 30
0.0
 10
1033.370632383765
 20
-1364.856425275106
 30
0.0
 10
1023.963874571265
 20
-1365.548593243857
 30
0.0
 10
1019.894538633765
 20
-1365.848007306355
 30
0.0
 10
1019.811628477515
 20
-1365.853573712604
 30
0.0
 10
1020.086023008766
 20
-1369.989765118855
 30
0.0
 10
1020.699616758766
 20
-1379.240780743854
 30
0.0
 10
1021.451901915016
 20
-1388.482655743854
 30
0.0
 10
1022.049323790015
 20
-1397.734550275105
 30
0.0
 10
1022.300983946265
 20
-1401.632440900106
 30
0.0
 10
1022.185261290015
 20
-1401.601386212606
 30
0.0
 10
1018.349187071264
 20
-1401.892831525107
 30
0.0
 10
1010.698542540014
 20
-1402.474081525106
 30
0.0
 10
1003.051355040014
 20
-1403.100917462605
 30
0.0
 10
995.4028784775146
 20
-1403.710995587604
 30
0.0
 10
990.9495776962649
 20
-1404.066190900106
 30
0.0
 10
990.9589526962645
 20
-1404.024823712607
 30
0.0
 10
990.6201636337646
 20
-1399.534081525104
 30
0.0
 10
988.755769102514
 20
-1374.822753400105
 30
0.0
 10
986.8546362900142
 20
-1350.114296368854
 30
0.0
 10
984.9854956650142
 20
-1325.403378400104
 30
0.0
 10
984.5030933212638
 20
-1319.026151837606
 30
0.0
 10
984.1647730087643
 20
-1312.637265118854
 30
0.0
 10
983.6086011337648
 20
-1306.266952618855
 30
0.0
 10
983.3942066025138
 20
-1303.811405743854
 30
0.0
 10
984.1915503525142
 20
-1302.989921368855
 30
0.0
 10
986.6794995712644
 20
-1302.822401837606
 30
0.0
 10
996.8845386337653
 20
-1302.135507306357
 30
0.0
 10
1007.073347227515
 20
-1301.210019025104
 30
0.0
 10
1017.271120665015
 20
-1300.409979962606
 30
0.0
 10
1029.384440977516
 20
-1299.459765118856
 30
0.0
 10
1041.503034727515
 20
-1298.577401837607
 30
0.0
 10
1053.614773008765
 20
-1297.608378400106
 30
0.0
 10
1060.225202696265
 20
-1297.079511212607
 30
0.0
 10
1060.276003477515
 20
-1297.020624493856
 30
0.0
 10
1060.925046446266
 20
-1303.411620587605
 30
0.0
 10
1061.457956602515
 20
-1308.659511212605
 30
0.0
 10
1061.887390196265
 20
-1313.919296368855
 30
0.0
 10
1062.271765196265
 20
-1319.180487775106
 30
0.0
 10
1062.531804258766
 20
-1322.739823712604
 30
0.0
 10
1062.381511290016
 20
-1322.830351056356
 30
0.0
 10
1058.676745665014
 20
-1323.110370587605
 30
0.0
 10
1045.923464415015
 20
-1324.074413556355
 30
0.0
 10
1033.174753477515
 20
-1325.109120587604
 30
0.0
 10
1020.413796446264
 20
-1325.958788556356
 30
0.0
 10
1016.895183165016
 20
-1326.193046368855
 30
0.0
 10
1016.310534727514
 20
-1326.118925275106
 30
0.0
 10
1016.987585508765
 20
-1330.199101056354
 30
0.0
 10
1017.378230040014
 20
-1332.553573712605
 30
0.0
 10
1017.489382383765
 20
-1334.985448712607
 30
0.0
 10
1017.429382383765
 20
-1337.375019025105
 30
0.0
 10
1017.367214415015
 20
-1339.850370587606
 30
0.0
 10
1018.168542540016
 20
-1340.779491681355
 30
0.0
 10
1020.759616758765
 20
-1340.519101056354
 30
0.0
 10
1026.643015196265
 20
-1339.927948712604
 30
0.0
 10
1032.549733946265
 20
-1339.567831525106
 30
0.0
 10
1038.448015196265
 20
-1339.127265118856
 30
0.0
 10
1043.363386290015
 20
-1338.759999493854
 30
0.0
 10
1048.280222227515
 20
-1338.411952618855
 30
0.0
 10
1053.493659727515
 20
-1338.033905743854
 30
0.0
  0
SPLINE
  5
59
330
41
100
AcDbEntity
  8
katman 1
370
     0
100
AcDbSpline
210
0.0
220
0.0
230
1.0
 70
    11
 71
     3
 72
    68
 73
    64
 74
     0
 42
0.0000000001
 43
0.0000000001
 12
1.0
 22
0.0
 32
0.0
 13
1.0
 23
0.0
 33
0.0
 40
0.0
 40
0.0
 40
0.0
 40
0.0
 40
1.0
 40
1.0
 40
1.0
 40
2.0
 40
2.0
 40
2.0
 40
3.0
 40
3.0
 40
3.0
 40
4.0
 40
4.0
 40
4.0
 40
5.0
 40
5.0
 40
5.0
 40
6.0
 40
6.0
 40
6.0
 40
7.0
 40
7.0
 40
7.0
 40
8.0
 40
8.0
 40
8.0
 40
9.0
 40
9.0
 40
9.0
 40
10.0
 40
10.0
 40
10.0
 40
11.0
 40
11.0
 40
11.0
 40
12.0
 40
12.0
 40
12.0
 40
13.0
 40
13.0
 40
13.0
 40
14.0
 40
14.0
 40
14.0
 40
15.0
 40
15.0
 40
15.0
 40
16.0
 40
16.0
 40
16.0
 40
17.0
 40
17.0
 40
17.0
 40
18.0
 40
18.0
 40
18.0
 40
19.0
 40
19.0
 40
19.0
 40
20.0
 40
20.0
 40
20.0
 40
21.0
 40
21.0
 40
21.0
 40
21.0
 10
1151.421042540014
 20
-1293.976620587604
 30
0.0
 10
1148.237937071264
 20
-1295.687558087604
 30
0.0
 10
1144.927507383765
 20
-1296.349667462604
 30
0.0
 10
1141.767780821265
 20
-1297.383554181357
 30
0.0
 10
1131.598601133765
 20
-1300.710976056354
 30
0.0
 10
1121.387761290016
 20
-1303.910722150104
 30
0.0
 10
1111.206980040015
 20
-1307.203104962606
 30
0.0
 10
1107.919343321266
 20
-1308.266229962606
 30
0.0
 10
1107.761667540015
 20
-1308.434394025106
 30
0.0
 10
1108.840085508766
 20
-1311.518886212605
 30
0.0
 10
1109.993972227514
 20
-1314.819296368856
 30
0.0
 10
1109.903269102515
 20
-1319.448495587607
 30
0.0
 10
1112.518952696266
 20
-1321.103827618856
 30
0.0
 10
1115.274089415016
 20
-1322.847519025105
 30
0.0
 10
1119.022800352515
 20
-1319.822440900105
 30
0.0
 10
1122.308737852514
 20
-1318.830155743854
 30
0.0
 10
1129.339929258766
 20
-1316.707128400107
 30
0.0
 10
1136.316628477514
 20
-1314.400936993854
 30
0.0
 10
1143.292800352514
 20
-1312.100546368856
 30
0.0
 10
1145.453444883764
 20
-1311.387929181354
 30
0.0
 10
1146.727565977515
 20
-1311.463632306357
 30
0.0
 10
1147.481198790016
 20
-1314.137792462607
 30
0.0
 10
1149.212702696264
 20
-1320.281347150107
 30
0.0
 10
1151.266823790014
 20
-1326.337831525107
 30
0.0
 10
1153.328620665015
 20
-1332.382362775104
 30
0.0
 10
1154.059694883765
 20
-1334.525722150105
 30
0.0
 10
1153.629265196265
 20
-1335.464101056354
 30
0.0
 10
1151.372937071264
 20
-1336.153339337605
 30
0.0
 10
1142.515964415015
 20
-1338.858847150106
 30
0.0
 10
1133.719929258765
 20
-1341.764276837606
 30
0.0
 10
1124.904733946265
 20
-1344.606015118854
 30
0.0
 10
1119.979401915016
 20
-1346.193729962604
 30
0.0
 10
1120.008464415016
 20
-1346.194667462605
 30
0.0
 10
1121.690866758765
 20
-1351.431483868855
 30
0.0
 10
1124.475358946265
 20
-1360.098847150104
 30
0.0
 10
1127.135163633766
 20
-1368.807694806354
 30
0.0
 10
1130.044929258765
 20
-1377.432460431355
 30
0.0
 10
1130.801667540016
 20
-1379.675546368857
 30
0.0
 10
1130.389401915016
 20
-1380.492987775106
 30
0.0
 10
1128.158386290015
 20
-1381.172147931356
 30
0.0
 10
1120.061901915014
 20
-1383.636835431356
 30
0.0
 10
1111.982761290015
 20
-1386.175644025105
 30
0.0
 10
1103.989519102515
 20
-1388.952636212605
 30
0.0
 10
1101.456862852514
 20
-1389.832538556355
 30
0.0
 10
1100.680202696265
 20
-1389.076561993854
 30
0.0
 10
1099.964655821264
 20
-1386.824335431356
 30
0.0
 10
1094.259030821266
 20
-1368.865292462604
 30
0.0
 10
1088.466980040015
 20
-1350.933788556355
 30
0.0
 10
1082.697663633766
 20
-1332.994960431355
 30
0.0
 10
1078.884148008765
 20
-1321.137694806355
 30
0.0
 10
1075.054284727516
 20
-1309.285644025105
 30
0.0
 10
1071.253366758765
 20
-1297.424276837606
 30
0.0
 10
1070.042116758765
 20
-1293.644218243855
 30
0.0
 10
1070.054597227516
 20
-1293.574315900107
 30
0.0
 10
1073.587038633765
 20
-1292.434257306355
 30
0.0
 10
1095.776726133765
 20
-1285.272811993855
 30
0.0
 10
1117.972917540015
 20
-1278.131640118856
 30
0.0
 10
1140.174206602514
 20
-1271.006522931355
 30
0.0
 10
1143.667624571264
 20
-1269.885331525104
 30
0.0
 10
1143.737526915014
 20
-1269.921483868857
 30
0.0
 10
1144.853620665015
 20
-1273.364862775106
 30
0.0
 10
1147.064421446265
 20
-1280.185233868855
 30
0.0
 10
1149.210710508765
 20
-1287.026581525104
 30
0.0
 10
1151.421042540014
 20
-1293.976620587604
 30
0.0
  0
SPLINE
  5
5A
330
41
100
AcDbEntity
  8
katman 1
370
     0
100
AcDbSpline
210
0.0
220
0.0
230
1.0
 70
    11
 71
     3
 72
    35
 73
    31
 74
     0
 42
0.0000000001
 43
0.0000000001
 12
1.0
 22
0.0
 32
0.0
 13
1.0
 23
0.0
 33
0.0
 40
0.0
 40
0.0
 40
0.0
 40
0.0
 40
1.0
 40
1.0
 40
1.0
 40
2.0
 40
2.0
 40
2.0
 40
3.0
 40
3.0
 40
3.0
 40
4.0
 40
4.0
 40
4.0
 40
5.0
 40
5.0
 40
5.0
 40
6.0
 40
6.0
 40
6.0
 40
7.0
 40
7.0
 40
7.0
 40
8.0
 40
8.0
 40
8.0
 40
9.0
 40
9.0
 40
9.0
 40
10.0
 40
10.0
 40
10.0
 40
10.0
 10
1296.599714415015
 20
-726.225800275105
 30
0.0
 10
1303.434909727515
 20
-734.3062592594806
 30
0.0
 10
1310.211511290016
 20
-742.3173725407314
 30
0.0
 10
1317.144909727514
 20
-750.5137885563554
 30
0.0
 10
1314.341315977515
 20
-752.9086323063557
 30
0.0
 10
1311.809362852515
 20
-755.0895795719798
 30
0.0
 10
1309.258190977514
 20
-757.24793894698
 30
0.0
 10
1287.552136290014
 20
-775.6124213688554
 30
0.0
 10
1265.842800352515
 20
-793.9729780094813
 30
0.0
 10
1244.133464415016
 20
-812.3335346501053
 30
0.0
 10
1243.523620665015
 20
-812.8493061344807
 30
0.0
 10
1242.819558165014
 20
-813.2799409001063
 30
0.0
 10
1242.303054258764
 20
-813.8750190251058
 30
0.0
 10
1240.554089415014
 20
-815.8899116032308
 30
0.0
 10
1239.344948790014
 20
-815.3147553532299
 30
0.0
 10
1237.801648008764
 20
-813.4362983219808
 30
0.0
 10
1232.326472227514
 20
-806.7722846501047
 30
0.0
 10
1226.754675352515
 20
-800.1837397282297
 30
0.0
 10
1221.066687071265
 20
-793.7007514469797
 30
0.0
 10
1219.417800352514
 20
-791.8214448063563
 30
0.0
 10
1219.964538633765
 20
-790.8370991032307
 30
0.0
 10
1221.586765196265
 20
-789.4817084782308
 30
0.0
 10
1230.166648008764
 20
-782.3134076969809
 30
0.0
 10
1238.686823790014
 20
-775.0735346501051
 30
0.0
 10
1247.223581602515
 20
-767.8535834782297
 30
0.0
 10
1262.470144102515
 20
-754.958827618856
 30
0.0
 10
1277.712605040015
 20
-742.0591498844797
 30
0.0
 10
1292.961511290016
 20
-729.167206525105
 30
0.0
 10
1294.045730040014
 20
-728.2505366032301
 30
0.0
 10
1295.169206602515
 20
-727.380214337606
 30
0.0
 10
1296.599714415015
 20
-726.225800275105
 30
0.0
  0
SPLINE
  5
5B
330
41
100
AcDbEntity
  8
katman 1
370
     0
100
AcDbSpline
210
0.0
220
0.0
230
1.0
 70
    11
 71
     3
 72
  1046
 73
  1042
 74
     0
 42
0.0000000001
 43
0.0000000001
 12
1.0
 22
0.0
 32
0.0
 13
1.0
 23
0.0
 33
0.0
 40
0.0
 40
0.0
 40
0.0
 40
0.0
 40
1.0
 40
1.0
 40
1.0
 40
2.0
 40
2.0
 40
2.0
 40
3.0
 40
3.0
 40
3.0
 40
4.0
 40
4.0
 40
4.0
 40
5.0
 40
5.0
 40
5.0
 40
6.0
 40
6.0
 40
6.0
 40
7.0
 40
7.0
 40
7.0
 40
8.0
 40
8.0
 40
8.0
 40
9.0
 40
9.0
 40
9.0
 40
10.0
 40
10.0
 40
10.0
 40
11.0
 40
11.0
 40
11.0
 40
12.0
 40
12.0
 40
12.0
 40
13.0
 40
13.0
 40
13.0
 40
14.0
 40
14.0
 40
14.0
 40
15.0
 40
15.0
 40
15.0
 40
16.0
 40
16.0
 40
16.0
 40
17.0
 40
17.0
 40
17.0
 40
18.0
 40
18.0
 40
18.0
 40
19.0
 40
19.0
 40
19.0
 40
20.0
 40
20.0
 40
20.0
 40
21.0
 40
21.0
 40
21.0
 40
22.0
 40
22.0
 40
22.0
 40
23.0
 40
23.0
 40
23.0
 40
24.0
 40
24.0
 40
24.0
 40
25.0
 40
25.0
 40
25.0
 40
26.0
 40
26.0
 40
26.0
 40
27.0
 40
27.0
 40
27.0
 40
28.0
 40
28.0
 40
28.0
 40
29.0
 40
29.0
 40
29.0
 40
30.0
 40
30.0
 40
30.0
 40
31.0
 40
31.0
 40
31.0
 40
32.0
 40
32.0
 40
32.0
 40
33.0
 40
33.0
 40
33.0
 40
34.0
 40
34.0
 40
34.0
 40
35.0
 40
35.0
 40
35.0
 40
36.0
 40
36.0
 40
36.0
 40
37.0
 40
37.0
 40
37.0
 40
38.0
 40
38.0
 40
38.0
 40
39.0
 40
39.0
 40
39.0
 40
40.0
 40
40.0
 40
40.0
 40
41.0
 40
41.0
 40
41.0
 40
42.0
 40
42.0
 40
42.0
 40
43.0
 40
43.0
 40
43.0
 40
44.0
 40
44.0
 40
44.0
 40
45.0
 40
45.0
 40
45.0
 40
46.0
 40
46.0
 40
46.0
 40
47.0
 40
47.0
 40
47.0
 40
48.0
 40
48.0
 40
48.0
 40
49.0
 40
49.0
 40
49.0
 40
50.0
 40
50.0
 40
50.0
 40
51.0
 40
51.0
 40
51.0
 40
52.0
 40
52.0
 40
52.0
 40
53.0
 40
53.0
 40
53.0
 40
54.0
 40
54.0
 40
54.0
 40
55.0
 40
55.0
 40
55.0
 40
56.0
 40
56.0
 40
56.0
 40
57.0
 40
57.0
 40
57.0
 40
58.0
 40
58.0
 40
58.0
 40
59.0
 40
59.0
 40
59.0
 40
60.0
 40
60.0
 40
60.0
 40
61.0
 40
61.0
 40
61.0
 40
62.0
 40
62.0
 40
62.0
 40
63.0
 40
63.0
 40
63.0
 40
64.0
 40
64.0
 40
64.0
 40
65.0
 40
65.0
 40
65.0
 40
66.0
 40
66.0
 40
66.0
 40
67.0
 40
67.0
 40
67.0
 40
68.0
 40
68.0
 40
68.0
 40
69.0
 40
69.0
 40
69.0
 40
70.0
 40
70.0
 40
70.0
 40
71.0
 40
71.0
 40
71.0
 40
72.0
 40
72.0
 40
72.0
 40
73.0
 40
73.0
 40
73.0
 40
74.0
 40
74.0
 40
74.0
 40
75.0
 40
75.0
 40
75.0
 40
76.0
 40
76.0
 40
76.0
 40
77.0
 40
77.0
 40
77.0
 40
78.0
 40
78.0
 40
78.0
 40
79.0
 40
79.0
 40
79.0
 40
80.0
 40
80.0
 40
80.0
 40
81.0
 40
81.0
 40
81.0
 40
82.0
 40
82.0
 40
82.0
 40
83.0
 40
83.0
 40
83.0
 40
84.0
 40
84.0
 40
84.0
 40
85.0
 40
85.0
 40
85.0
 40
86.0
 40
86.0
 40
86.0
 40
87.0
 40
87.0
 40
87.0
 40
88.0
 40
88.0
 40
88.0
 40
89.0
 40
89.0
 40
89.0
 40
90.0
 40
90.0
 40
90.0
 40
91.0
 40
91.0
 40
91.0
 40
92.0
 40
92.0
 40
92.0
 40
93.0
 40
93.0
 40
93.0
 40
94.0
 40
94.0
 40
94.0
 40
95.0
 40
95.0
 40
95.0
 40
96.0
 40
96.0
 40
96.0
 40
97.0
 40
97.0
 40
97.0
 40
98.0
 40
98.0
 40
98.0
 40
99.0
 40
99.0
 40
99.0
 40
100.0
 40
100.0
 40
100.0
 40
101.0
 40
101.0
 40
101.0
 40
102.0
 40
102.0
 40
102.0
 40
103.0
 40
103.0
 40
103.0
 40
104.0
 40
104.0
 40
104.0
 40
105.0
 40
105.0
 40
105.0
 40
106.0
 40
106.0
 40
106.0
 40
107.0
 40
107.0
 40
107.0
 40
108.0
 40
108.0
 40
108.0
 40
109.0
 40
109.0
 40
109.0
 40
110.0
 40
110.0
 40
110.0
 40
111.0
 40
111.0
 40
111.0
 40
112.0
 40
112.0
 40
112.0
 40
113.0
 40
113.0
 40
113.0
 40
114.0
 40
114.0
 40
114.0
 40
115.0
 40
115.0
 40
115.0
 40
116.0
 40
116.0
 40
116.0
 40
117.0
 40
117.0
 40
117.0
 40
118.0
 40
118.0
 40
118.0
 40
119.0
 40
119.0
 40
119.0
 40
120.0
 40
120.0
 40
120.0
 40
121.0
 40
121.0
 40
121.0
 40
122.0
 40
122.0
 40
122.0
 40
123.0
 40
123.0
 40
123.0
 40
124.0
 40
124.0
 40
124.0
 40
125.0
 40
125.0
 40
125.0
 40
126.0
 40
126.0
 40
126.0
 40
127.0
 40
127.0
 40
127.0
 40
128.0
 40
128.0
 40
128.0
 40
129.0
 40
129.0
 40
129.0
 40
130.0
 40
130.0
 40
130.0
 40
131.0
 40
131.0
 40
131.0
 40
132.0
 40
132.0
 40
132.0
 40
133.0
 40
133.0
 40
133.0
 40
134.0
 40
134.0
 40
134.0
 40
135.0
 40
135.0
 40
135.0
 40
136.0
 40
136.0
 40
136.0
 40
137.0
 40
137.0
 40
137.0
 40
138.0
 40
138.0
 40
138.0
 40
139.0
 40
139.0
 40
139.0
 40
140.0
 40
140.0
 40
140.0
 40
141.0
 40
141.0
 40
141.0
 40
142.0
 40
142.0
 40
142.0
 40
143.0
 40
143.0
 40
143.0
 40
144.0
 40
144.0
 40
144.0
 40
145.0
 40
145.0
 40
145.0
 40
146.0
 40
146.0
 40
146.0
 40
147.0
 40
147.0
 40
147.0
 40
148.0
 40
148.0
 40
148.0
 40
149.0
 40
149.0
 40
149.0
 40
150.0
 40
150.0
 40
150.0
 40
151.0
 40
151.0
 40
151.0
 40
152.0
 40
152.0
 40
152.0
 40
153.0
 40
153.0
 40
153.0
 40
154.0
 40
154.0
 40
154.0
 40
155.0
 40
155.0
 40
155.0
 40
156.0
 40
156.0
 40
156.0
 40
157.0
 40
157.0
 40
157.0
 40
158.0
 40
158.0
 40
158.0
 40
159.0
 40
159.0
 40
159.0
 40
160.0
 40
160.0
 40
160.0
 40
161.0
 40
161.0
 40
161.0
 40
162.0
 40
162.0
 40
162.0
 40
163.0
 40
163.0
 40
163.0
 40
164.0
 40
164.0
 40
164.0
 40
165.0
 40
165.0
 40
165.0
 40
166.0
 40
166.0
 40
166.0
 40
167.0
 40
167.0
 40
167.0
 40
168.0
 40
168.0
 40
168.0
 40
169.0
 40
169.0
 40
169.0
 40
170.0
 40
170.0
 40
170.0
 40
171.0
 40
171.0
 40
171.0
 40
172.0
 40
172.0
 40
172.0
 40
173.0
 40
173.0
 40
173.0
 40
174.0
 40
174.0
 40
174.0
 40
175.0
 40
175.0
 40
175.0
 40
176.0
 40
176.0
 40
176.0
 40
177.0
 40
177.0
 40
177.0
 40
178.0
 40
178.0
 40
178.0
 40
179.0
 40
179.0
 40
179.0
 40
180.0
 40
180.0
 40
180.0
 40
181.0
 40
181.0
 40
181.0
 40
182.0
 40
182.0
 40
182.0
 40
183.0
 40
183.0
 40
183.0
 40
184.0
 40
184.0
 40
184.0
 40
185.0
 40
185.0
 40
185.0
 40
186.0
 40
186.0
 40
186.0
 40
187.0
 40
187.0
 40
187.0
 40
188.0
 40
188.0
 40
188.0
 40
189.0
 40
189.0
 40
189.0
 40
190.0
 40
190.0
 40
190.0
 40
191.0
 40
191.0
 40
191.0
 40
192.0
 40
192.0
 40
192.0
 40
193.0
 40
193.0
 40
193.0
 40
194.0
 40
194.0
 40
194.0
 40
195.0
 40
195.0
 40
195.0
 40
196.0
 40
196.0
 40
196.0
 40
197.0
 40
197.0
 40
197.0
 40
198.0
 40
198.0
 40
198.0
 40
199.0
 40
199.0
 40
199.0
 40
200.0
 40
200.0
 40
200.0
 40
201.0
 40
201.0
 40
201.0
 40
202.0
 40
202.0
 40
202.0
 40
203.0
 40
203.0
 40
203.0
 40
204.0
 40
204.0
 40
204.0
 40
205.0
 40
205.0
 40
205.0
 40
206.0
 40
206.0
 40
206.0
 40
207.0
 40
207.0
 40
207.0
 40
208.0
 40
208.0
 40
208.0
 40
209.0
 40
209.0
 40
209.0
 40
210.0
 40
210.0
 40
210.0
 40
211.0
 40
211.0
 40
211.0
 40
212.0
 40
212.0
 40
212.0
 40
213.0
 40
213.0
 40
213.0
 40
214.0
 40
214.0
 40
214.0
 40
215.0
 40
215.0
 40
215.0
 40
216.0
 40
216.0
 40
216.0
 40
217.0
 40
217.0
 40
217.0
 40
218.0
 40
218.0
 40
218.0
 40
219.0
 40
219.0
 40
219.0
 40
220.0
 40
220.0
 40
220.0
 40
221.0
 40
221.0
 40
221.0
 40
222.0
 40
222.0
 40
222.0
 40
223.0
 40
223.0
 40
223.0
 40
224.0
 40
224.0
 40
224.0
 40
225.0
 40
225.0
 40
225.0
 40
226.0
 40
226.0
 40
226.0
 40
227.0
 40
227.0
 40
227.0
 40
228.0
 40
228.0
 40
228.0
 40
229.0
 40
229.0
 40
229.0
 40
230.0
 40
230.0
 40
230.0
 40
231.0
 40
231.0
 40
231.0
 40
232.0
 40
232.0
 40
232.0
 40
233.0
 40
233.0
 40
233.0
 40
234.0
 40
234.0
 40
234.0
 40
235.0
 40
235.0
 40
235.0
 40
236.0
 40
236.0
 40
236.0
 40
237.0
 40
237.0
 40
237.0
 40
238.0
 40
238.0
 40
238.0
 40
239.0
 40
239.0
 40
239.0
 40
240.0
 40
240.0
 40
240.0
 40
241.0
 40
241.0
 40
241.0
 40
242.0
 40
242.0
 40
242.0
 40
243.0
 40
243.0
 40
243.0
 40
244.0
 40
244.0
 40
244.0
 40
245.0
 40
245.0
 40
245.0
 40
246.0
 40
246.0
 40
246.0
 40
247.0
 40
247.0
 40
247.0
 40
248.0
 40
248.0
 40
248.0
 40
249.0
 40
249.0
 40
249.0
 40
250.0
 40
250.0
 40
250.0
 40
251.0
 40
251.0
 40
251.0
 40
252.0
 40
252.0
 40
252.0
 40
253.0
 40
253.0
 40
253.0
 40
254.0
 40
254.0
 40
254.0
 40
255.0
 40
255.0
 40
255.0
 40
256.0
 40
256.0
 40
256.0
 40
257.0
 40
257.0
 40
257.0
 40
258.0
 40
258.0
 40
258.0
 40
259.0
 40
259.0
 40
259.0
 40
260.0
 40
260.0
 40
260.0
 40
261.0
 40
261.0
 40
261.0
 40
262.0
 40
262.0
 40
262.0
 40
263.0
 40
263.0
 40
263.0
 40
264.0
 40
264.0
 40
264.0
 40
265.0
 40
265.0
 40
265.0
 40
266.0
 40
266.0
 40
266.0
 40
267.0
 40
267.0
 40
267.0
 40
268.0
 40
268.0
 40
268.0
 40
269.0
 40
269.0
 40
269.0
 40
270.0
 40
270.0
 40
270.0
 40
271.0
 40
271.0
 40
271.0
 40
272.0
 40
272.0
 40
272.0
 40
273.0
 40
273.0
 40
273.0
 40
274.0
 40
274.0
 40
274.0
 40
275.0
 40
275.0
 40
275.0
 40
276.0
 40
276.0
 40
276.0
 40
277.0
 40
277.0
 40
277.0
 40
278.0
 40
278.0
 40
278.0
 40
279.0
 40
279.0
 40
279.0
 40
280.0
 40
280.0
 40
280.0
 40
281.0
 40
281.0
 40
281.0
 40
282.0
 40
282.0
 40
282.0
 40
283.0
 40
283.0
 40
283.0
 40
284.0
 40
284.0
 40
284.0
 40
285.0
 40
285.0
 40
285.0
 40
286.0
 40
286.0
 40
286.0
 40
287.0
 40
287.0
 40
287.0
 40
288.0
 40
288.0
 40
288.0
 40
289.0
 40
289.0
 40
289.0
 40
290.0
 40
290.0
 40
290.0
 40
291.0
 40
291.0
 40
291.0
 40
292.0
 40
292.0
 40
292.0
 40
293.0
 40
293.0
 40
293.0
 40
294.0
 40
294.0
 40
294.0
 40
295.0
 40
295.0
 40
295.0
 40
296.0
 40
296.0
 40
296.0
 40
297.0
 40
297.0
 40
297.0
 40
298.0
 40
298.0
 40
298.0
 40
299.0
 40
299.0
 40
299.0
 40
300.0
 40
300.0
 40
300.0
 40
301.0
 40
301.0
 40
301.0
 40
302.0
 40
302.0
 40
302.0
 40
303.0
 40
303.0
 40
303.0
 40
304.0
 40
304.0
 40
304.0
 40
305.0
 40
305.0
 40
305.0
 40
306.0
 40
306.0
 40
306.0
 40
307.0
 40
307.0
 40
307.0
 40
308.0
 40
308.0
 40
308.0
 40
309.0
 40
309.0
 40
309.0
 40
310.0
 40
310.0
 40
310.0
 40
311.0
 40
311.0
 40
311.0
 40
312.0
 40
312.0
 40
312.0
 40
313.0
 40
313.0
 40
313.0
 40
314.0
 40
314.0
 40
314.0
 40
315.0
 40
315.0
 40
315.0
 40
316.0
 40
316.0
 40
316.0
 40
317.0
 40
317.0
 40
317.0
 40
318.0
 40
318.0
 40
318.0
 40
319.0
 40
319.0
 40
319.0
 40
320.0
 40
320.0
 40
320.0
 40
321.0
 40
321.0
 40
321.0
 40
322.0
 40
322.0
 40
322.0
 40
323.0
 40
323.0
 40
323.0
 40
324.0
 40
324.0
 40
324.0
 40
325.0
 40
325.0
 40
325.0
 40
326.0
 40
326.0
 40
326.0
 40
327.0
 40
327.0
 40
327.0
 40
328.0
 40
328.0
 40
328.0
 40
329.0
 40
329.0
 40
329.0
 40
330.0
 40
330.0
 40
330.0
 40
331.0
 40
331.0
 40
331.0
 40
332.0
 40
332.0
 40
332.0
 40
333.0
 40
333.0
 40
333.0
 40
334.0
 40
334.0
 40
334.0
 40
335.0
 40
335.0
 40
335.0
 40
336.0
 40
336.0
 40
336.0
 40
337.0
 40
337.0
 40
337.0
 40
338.0
 40
338.0
 40
338.0
 40
339.0
 40
339.0
 40
339.0
 40
340.0
 40
340.0
 40
340.0
 40
341.0
 40
341.0
 40
341.0
 40
342.0
 40
342.0
 40
342.0
 40
343.0
 40
343.0
 40
343.0
 40
344.0
 40
344.0
 40
344.0
 40
345.0
 40
345.0
 40
345.0
 40
346.0
 40
346.0
 40
346.0
 40
347.0
 40
347.0
 40
347.0
 40
347.0
 10
1138.509792540015
 20
-1040.738417462606
 30
0.0
 10
1142.660339415015
 20
-1034.543417462606
 30
0.0
 10
1146.441511290015
 20
-1028.899667462607
 30
0.0
 10
1150.736257383765
 20
-1022.489452618855
 30
0.0
 10
1153.843718321265
 20
-1050.219765118854
 30
0.0
 10
1162.301608946265
 20
-1076.134667462604
 30
0.0
 10
1162.918190977514
 20
-1103.386679181356
 30
0.0
 10
1161.840476133764
 20
-1103.823319806354
 30
0.0
 10
1161.213112852514
 20
-1102.566952618854
 30
0.0
 10
1160.456315977515
 20
-1101.935370587606
 30
0.0
 10
1154.811628477515
 20
-1097.224726056356
 30
0.0
 10
1148.838874571265
 20
-1092.904960431355
 30
0.0
 10
1143.597546446264
 20
-1087.709862775104
 30
0.0
 10
1141.348425352515
 20
-1085.480604962606
 30
0.0
 10
1140.059597227515
 20
-1083.026640118856
 30
0.0
 10
1139.785319883766
 20
-1079.748202618855
 30
0.0
 10
1139.147233946265
 20
-1072.119823712605
 30
0.0
 10
1135.831296446266
 20
-1065.328222150107
 30
0.0
 10
1132.462214415014
 20
-1058.594511212606
 30
0.0
 10
1128.806960508764
 20
-1051.288866681356
 30
0.0
 10
1123.952644102515
 20
-1044.693378400105
 30
0.0
 10
1120.008171446265
 20
-1037.561171368856
 30
0.0
 10
1115.981667540014
 20
-1030.280722150106
 30
0.0
 10
1112.338308165015
 20
-1022.856776837605
 30
0.0
 10
1110.278151915014
 20
-1014.703808087605
 30
0.0
 10
1109.162175352516
 20
-1010.287772931355
 30
0.0
 10
1109.998073790015
 20
-1006.106933087605
 30
0.0
 10
1110.917175352515
 20
-1001.923983868855
 30
0.0
 10
1112.218659727516
 20
-996.000214337605
 30
0.0
 10
1113.724929258764
 20
-990.113417462605
 30
0.0
 10
1115.373698790016
 20
-984.2757807438547
 30
0.0
 10
1117.887136290015
 20
-975.3765034001053
 30
0.0
 10
1118.386413633765
 20
-966.3174994938554
 30
0.0
 10
1117.747858946264
 20
-957.1779291813555
 30
0.0
 10
1117.414167540015
 20
-952.4014252751049
 30
0.0
 10
1117.238503477514
 20
-947.6141401188552
 30
0.0
 10
1116.446608946264
 20
-942.8567377751051
 30
0.0
 10
1114.466315977515
 20
-930.960097150105
 30
0.0
 10
1107.979812071264
 20
-921.6486713688564
 30
0.0
 10
1099.926687071265
 20
-913.1774799626064
 30
0.0
 10
1099.391960508765
 20
-912.6149213688559
 30
0.0
 10
1098.785866758764
 20
-912.0353119938563
 30
0.0
 10
1097.758776915014
 20
-912.3118159001051
 30
0.0
 10
1096.972917540015
 20
-913.5926752751047
 30
0.0
 10
1097.892136290015
 20
-914.7074213688547
 30
0.0
 10
1098.420534727515
 20
-915.6991205876047
 30
0.0
 10
1109.653483946266
 20
-936.7840815251047
 30
0.0
 10
1110.114616758765
 20
-958.7903119938555
 30
0.0
 10
1104.218151915014
 20
-981.387050275106
 30
0.0
 10
1101.920280821265
 20
-990.1931049626064
 30
0.0
 10
1099.582917540016
 20
-998.9790619938549
 30
0.0
 10
1098.589108946266
 20
-1008.086288556355
 30
0.0
 10
1097.835944883765
 20
-1014.987929181356
 30
0.0
 10
1098.846042540015
 20
-1021.460546368857
 30
0.0
 10
1101.807077696265
 20
-1027.662108868855
 30
0.0
 10
1105.329675352516
 20
-1035.040116681354
 30
0.0
 10
1109.775593321265
 20
-1041.873964337607
 30
0.0
 10
1114.366882383765
 20
-1048.615644025107
 30
0.0
 10
1122.125280821265
 20
-1060.008026837604
 30
0.0
 10
1127.459831602515
 20
-1072.327245587607
 30
0.0
 10
1129.210554258765
 20
-1086.127479962604
 30
0.0
 10
1130.123620665016
 20
-1093.324843243856
 30
0.0
 10
1129.470944883766
 20
-1100.082577618854
 30
0.0
 10
1125.828581602515
 20
-1106.522968243855
 30
0.0
 10
1123.393894102515
 20
-1110.827968243855
 30
0.0
 10
1121.286687071266
 20
-1115.330019025107
 30
0.0
 10
1119.234265196264
 20
-1119.835644025105
 30
0.0
 10
1117.559069883764
 20
-1123.513163556356
 30
0.0
 10
1117.712585508765
 20
-1124.180663556355
 30
0.0
 10
1120.873542540015
 20
-1126.821601056356
 30
0.0
 10
1123.068640196265
 20
-1128.655702618857
 30
0.0
 10
1125.459675352515
 20
-1130.315487775104
 30
0.0
 10
1127.946980040015
 20
-1131.729999493855
 30
0.0
 10
1145.013757383766
 20
-1141.436054181355
 30
0.0
 10
1163.017507383765
 20
-1148.682753400106
 30
0.0
 10
1182.439050352516
 20
-1152.099354962604
 30
0.0
 10
1184.166218321265
 20
-1152.403280743856
 30
0.0
 10
1185.931882383766
 20
-1152.519882306355
 30
0.0
 10
1187.685476133765
 20
-1152.636659650107
 30
0.0
 10
1195.677312071266
 20
-1153.169042462607
 30
0.0
 10
1201.451140196265
 20
-1147.815858868857
 30
0.0
 10
1201.491569883765
 20
-1139.751425275106
 30
0.0
 10
1201.512605040016
 20
-1135.551308087604
 30
0.0
 10
1200.306511290015
 20
-1131.552108868855
 30
0.0
 10
1199.129480040016
 20
-1127.565448712605
 30
0.0
 10
1195.738659727514
 20
-1116.080019025107
 30
0.0
 10
1191.367273008766
 20
-1104.893007306357
 30
0.0
 10
1188.725808165014
 20
-1093.178241681355
 30
0.0
 10
1187.107448790015
 20
-1086.000741681357
 30
0.0
 10
1185.753464415015
 20
-1078.798925275107
 30
0.0
 10
1185.398913633764
 20
-1071.421444806354
 30
0.0
 10
1185.059069883764
 20
-1064.350116681355
 30
0.0
 10
1187.052429258765
 20
-1057.832440900107
 30
0.0
 10
1189.787233946265
 20
-1051.474022931354
 30
0.0
 10
1195.061843321264
 20
-1039.210585431356
 30
0.0
 10
1201.887898008765
 20
-1027.890624493855
 30
0.0
 10
1210.459226133766
 20
-1017.630272931354
 30
0.0
 10
1212.814636290015
 20
-1014.810683087606
 30
0.0
 10
1215.040319883765
 20
-1011.879647931357
 30
0.0
 10
1217.246960508764
 20
-1008.940761212605
 30
0.0
 10
1217.907312071266
 20
-1008.061327618856
 30
0.0
 10
1218.449948790016
 20
-1007.029667462604
 30
0.0
 10
1218.784636290015
 20
-1005.983886212605
 30
0.0
 10
1219.346023008764
 20
-1004.229765118856
 30
0.0
 10
1218.283483946265
 20
-1003.218436993855
 30
0.0
 10
1216.443991758764
 20
-1003.663046368856
 30
0.0
 10
1214.847605040015
 20
-1004.048886212604
 30
0.0
 10
1213.581628477516
 20
-1005.084706525104
 30
0.0
 10
1212.318933165016
 20
-1006.044530743857
 30
0.0
 10
1209.529401915015
 20
-1008.164921368854
 30
0.0
 10
1206.811999571264
 20
-1010.380116681354
 30
0.0
 10
1203.739343321266
 20
-1012.814862775107
 30
0.0
 10
1198.899792540014
 20
-1004.264745587607
 30
0.0
 10
1196.268464415016
 20
-994.7525190251063
 30
0.0
 10
1189.980476133765
 20
-986.5077924626048
 30
0.0
 10
1187.897585508765
 20
-989.3228119938549
 30
0.0
 10
1188.429851133766
 20
-991.896132306355
 30
0.0
 10
1188.390065977515
 20
-994.2977143376056
 30
0.0
 10
1188.293210508766
 20
-1000.131835431354
 30
0.0
 10
1188.915886290015
 20
-999.4258979313554
 30
0.0
 10
1183.291999571265
 20
-999.4508002751054
 30
0.0
 10
1179.135358946265
 20
-999.4691987126052
 30
0.0
 10
1174.960437071264
 20
-999.6743354313558
 30
0.0
 10
1170.849323790015
 20
-998.8591205876046
 30
0.0
 10
1168.193327696265
 20
-998.3324213688547
 30
0.0
 10
1167.770222227515
 20
-997.6963276188553
 30
0.0
 10
1169.059226133764
 20
-995.2999018376058
 30
0.0
 10
1171.555495665014
 20
-990.6591010563561
 30
0.0
 10
1174.263874571265
 20
-986.130507306355
 30
0.0
 10
1176.949753477515
 20
-981.5941791813557
 30
0.0
 10
1179.464655821264
 20
-977.3466010563561
 30
0.0
 10
1182.064284727514
 20
-973.149179181356
 30
0.0
 10
1184.626120665014
 20
-968.9304877751047
 30
0.0
 10
1184.075163633765
 20
-968.6030073063548
 30
0.0
 10
1183.735261290016
 20
-968.2891791813554
 30
0.0
 10
1183.629909727515
 20
-968.3543940251047
 30
0.0
 10
1179.419480040015
 20
-970.9595893376054
 30
0.0
 10
1179.387839415014
 20
-970.9729487126051
 30
0.0
 10
1178.182448790014
 20
-966.3507807438555
 30
0.0
 10
1177.537800352515
 20
-963.8790619938563
 30
0.0
 10
1177.146452696265
 20
-961.3386127751064
 30
0.0
 10
1176.445671446265
 20
-958.8848823063554
 30
0.0
 10
1175.079851133765
 20
-954.1026362126058
 30
0.0
 10
1173.115319883766
 20
-949.601405743856
 30
0.0
 10
1170.342136290015
 20
-945.4132416813563
 30
0.0
 10
1164.831804258765
 20
-937.0912885563548
 30
0.0
 10
1165.404265196265
 20
-929.4022651188561
 30
0.0
 10
1171.965476133764
 20
-921.7810346501055
 30
0.0
 10
1174.050241758765
 20
-919.3594721501058
 30
0.0
 10
1176.342253477515
 20
-917.1167963688558
 30
0.0
 10
1178.527565977514
 20
-914.7811323063552
 30
0.0
 10
1180.603483946265
 20
-912.5625385563553
 30
0.0
 10
1182.783230040015
 20
-910.4275580876047
 30
0.0
 10
1184.708972227514
 20
-908.0845112126053
 30
0.0
 10
1190.959870665016
 20
-900.479218243855
 30
0.0
 10
1191.180710508765
 20
-895.0256342594812
 30
0.0
 10
1185.664929258764
 20
-886.7698334782299
 30
0.0
 10
1182.728034727515
 20
-882.3740424626058
 30
0.0
 10
1179.576335508766
 20
-878.1003022282302
 30
0.0
 10
1175.730769102514
 20
-874.4791498844797
 30
0.0
 10
1171.876472227515
 20
-870.8497651188563
 30
0.0
 10
1171.178151915015
 20
-866.5851069157297
 30
0.0
 10
1172.251589415015
 20
-861.7673530094808
 30
0.0
 10
1172.632097227515
 20
-860.059579571981
 30
0.0
 10
1173.141921446264
 20
-858.3363373844813
 30
0.0
 10
1173.891276915016
 20
-856.7622455876053
 30
0.0
 10
1178.622839415015
 20
-846.8229291813559
 30
0.0
 10
1182.942605040014
 20
-836.7262006657302
 30
0.0
 10
1185.739284727515
 20
-826.2289838688548
 30
0.0
 10
1187.096374571265
 20
-825.7779291813558
 30
0.0
 10
1187.421921446265
 20
-826.6903510563561
 30
0.0
 10
1187.877780821265
 20
-827.2527338688551
 30
0.0
 10
1220.366374571266
 20
-867.3299799626047
 30
0.0
 10
1240.611159727514
 20
-913.0619916813548
 30
0.0
 10
1250.415593321266
 20
-963.5194721501057
 30
0.0
 10
1254.521491758765
 20
-984.6504291813553
 30
0.0
 10
1255.716862852516
 20
-1006.064862775107
 30
0.0
 10
1254.195710508766
 20
-1027.524647931354
 30
0.0
 10
1251.419655821264
 20
-1066.686718243855
 30
0.0
 10
1239.131374571265
 20
-1102.809765118855
 30
0.0
 10
1218.675007383765
 20
-1136.263222150104
 30
0.0
 10
1201.908347227514
 20
-1163.682811993855
 30
0.0
 10
1179.440398008765
 20
-1185.793866681357
 30
0.0
 10
1154.551003477514
 20
-1205.667226056354
 30
0.0
 10
1149.553659727515
 20
-1209.657519025106
 30
0.0
 10
1144.026042540016
 20
-1212.930741681354
 30
0.0
 10
1138.378718321264
 20
-1215.944921368857
 30
0.0
 10
1135.116452696266
 20
-1217.686210431355
 30
0.0
 10
1134.066276915015
 20
-1217.433612775105
 30
0.0
 10
1133.131530821265
 20
-1213.950097150104
 30
0.0
 10
1130.588972227515
 20
-1204.474784650105
 30
0.0
 10
1125.006628477515
 20
-1196.664530743856
 30
0.0
 10
1119.823073790014
 20
-1188.615800275104
 30
0.0
 10
1116.188913633765
 20
-1182.972987775105
 30
0.0
 10
1112.448112852515
 20
-1177.395741681354
 30
0.0
 10
1108.937702696265
 20
-1171.676991681354
 30
0.0
 10
1104.942546446266
 20
-1165.168397931357
 30
0.0
 10
1102.273835508766
 20
-1158.221464337606
 30
0.0
 10
1102.798776915015
 20
-1150.368612775106
 30
0.0
 10
1102.856843321266
 20
-1149.499843243855
 30
0.0
 10
1103.050905821265
 20
-1148.479374493854
 30
0.0
 10
1101.944597227515
 20
-1147.531327618854
 30
0.0
 10
1100.111491758766
 20
-1148.392245587605
 30
0.0
 10
1099.573894102516
 20
-1150.224940900105
 30
0.0
 10
1099.085749571264
 20
-1151.971386212605
 30
0.0
 10
1097.065671446266
 20
-1159.198104962605
 30
0.0
 10
1097.755730040015
 20
-1166.192616681354
 30
0.0
 10
1100.994382383766
 20
-1172.967636212605
 30
0.0
 10
1104.929362852516
 20
-1181.199120587604
 30
0.0
 10
1109.619733946265
 20
-1189.009550275106
 30
0.0
 10
1114.211315977514
 20
-1196.875585431357
 30
0.0
 10
1117.515593321265
 20
-1202.536093243856
 30
0.0
 10
1120.763913633766
 20
-1208.227655743856
 30
0.0
 10
1123.479733946266
 20
-1214.199003400106
 30
0.0
 10
1124.336198790015
 20
-1216.082147931356
 30
0.0
 10
1125.116550352515
 20
-1218.025233868855
 30
0.0
 10
1125.672780821265
 20
-1220.013378400105
 30
0.0
 10
1126.433562071265
 20
-1222.732421368855
 30
0.0
 10
1125.816218321264
 20
-1225.109452618854
 30
0.0
 10
1123.200065977515
 20
-1226.624335431356
 30
0.0
 10
1120.297038633766
 20
-1228.305331525105
 30
0.0
 10
1117.361901915016
 20
-1229.930839337605
 30
0.0
 10
1114.454538633765
 20
-1231.604628400106
 30
0.0
 10
1112.643581602515
 20
-1232.647128400105
 30
0.0
 10
1111.839089415014
 20
-1231.883124493856
 30
0.0
 10
1111.486765196265
 20
-1230.078319806355
 30
0.0
 10
1110.967097227514
 20
-1227.416112775107
 30
0.0
 10
1110.496882383764
 20
-1224.738554181356
 30
0.0
 10
1109.832839415014
 20
-1222.111269025107
 30
0.0
 10
1107.520261290016
 20
-1212.961269025105
 30
0.0
 10
1102.725944883765
 20
-1205.045019025107
 30
0.0
 10
1097.317507383765
 20
-1197.466269025106
 30
0.0
 10
1091.811921446266
 20
-1189.751405743857
 30
0.0
 10
1086.978523008765
 20
-1181.667401837607
 30
0.0
 10
1084.008405821265
 20
-1172.627265118856
 30
0.0
 10
1081.909460508765
 20
-1166.238729962606
 30
0.0
 10
1080.340554258764
 20
-1159.750644025105
 30
0.0
 10
1081.356452696265
 20
-1152.867577618854
 30
0.0
 10
1081.958855040015
 20
-1148.786054181357
 30
0.0
 10
1083.452409727515
 20
-1145.221796368856
 30
0.0
 10
1085.852233946265
 20
-1141.920976056354
 30
0.0
 10
1091.305026915015
 20
-1134.420683087606
 30
0.0
 10
1096.787233946265
 20
-1126.938436993856
 30
0.0
 10
1102.070398008766
 20
-1119.319022931355
 30
0.0
 10
1106.910651915015
 20
-1112.338397931355
 30
0.0
 10
1110.967565977515
 20
-1104.921483868857
 30
0.0
 10
1113.665749571264
 20
-1096.805487775106
 30
0.0
 10
1114.937175352516
 20
-1092.981073712606
 30
0.0
 10
1115.562956602515
 20
-1089.049784650106
 30
0.0
 10
1116.029421446265
 20
-1085.084276837606
 30
0.0
 10
1116.648288633765
 20
-1079.823671368857
 30
0.0
 10
1115.402819883764
 20
-1074.974921368856
 30
0.0
 10
1112.771374571264
 20
-1070.382284650106
 30
0.0
 10
1106.092917540014
 20
-1058.726640118854
 30
0.0
 10
1099.112233946265
 20
-1047.259315900104
 30
0.0
 10
1091.525749571265
 20
-1036.173085431354
 30
0.0
 10
1086.055202696265
 20
-1028.178847150106
 30
0.0
 10
1083.635573790014
 20
-1019.610331525106
 30
0.0
 10
1085.266823790014
 20
-1009.869589337606
 30
0.0
 10
1086.301999571266
 20
-1003.688827618855
 30
0.0
 10
1087.974499571264
 20
-997.721405743855
 30
0.0
 10
1089.837136290014
 20
-991.777479962605
 30
0.0
 10
1094.253581602516
 20
-977.6833979313551
 30
0.0
 10
1097.531960508764
 20
-963.4069721501064
 30
0.0
 10
1097.166394102514
 20
-948.4937494938558
 30
0.0
 10
1096.873132383766
 20
-936.5310737126047
 30
0.0
 10
1093.530827696266
 20
-925.5107026188552
 30
0.0
 10
1087.193855040015
 20
-915.3957807438555
 30
0.0
 10
1083.745905821264
 20
-909.892304181355
 30
0.0
 10
1080.299421446265
 20
-906.5163080876055
 30
0.0
 10
1074.618405821266
 20
-902.8399018376049
 30
0.0
 10
1074.454694883765
 20
-904.2623823063559
 30
0.0
 10
1075.199304258766
 20
-905.2448237126055
 30
0.0
 10
1075.709831602515
 20
-906.3051362126052
 30
0.0
 10
1078.412937071265
 20
-911.9186518376055
 30
0.0
 10
1081.126062071266
 20
-917.5276557438547
 30
0.0
 10
1083.778190977515
 20
-923.1653119938555
 30
0.0
 10
1085.282585508765
 20
-926.3632416813552
 30
0.0
 10
1086.295378477515
 20
-929.7206049626047
 30
0.0
 10
1086.707937071265
 20
-933.248300275106
 30
0.0
 10
1089.131198790015
 20
-953.9705073063551
 30
0.0
 10
1087.672038633766
 20
-974.0849213688552
 30
0.0
 10
1077.764069883766
 20
-992.9863862126049
 30
0.0
 10
1070.868347227515
 20
-1006.141386212606
 30
0.0
 10
1071.253366758765
 20
-1019.373612775104
 30
0.0
 10
1077.825534727515
 20
-1032.570624493856
 30
0.0
 10
1079.825515196264
 20
-1036.586698712606
 30
0.0
 10
1082.119401915015
 20
-1040.413749493855
 30
0.0
 10
1084.606765196264
 20
-1044.142011212607
 30
0.0
 10
1091.385065977514
 20
-1054.301874493856
 30
0.0
 10
1096.692019102515
 20
-1065.177343243857
 30
0.0
 10
1100.494929258764
 20
-1076.796659650106
 30
0.0
 10
1102.410417540015
 20
-1082.648944806355
 30
0.0
 10
1102.821980040015
 20
-1088.677069806356
 30
0.0
 10
1103.114714415015
 20
-1094.755644025106
 30
0.0
 10
1103.219128477514
 20
-1096.923085431354
 30
0.0
 10
1102.001608946264
 20
-1098.337011212607
 30
0.0
 10
1100.932741758765
 20
-1099.906327618854
 30
0.0
 10
1092.924206602514
 20
-1111.664745587605
 30
0.0
 10
1084.611804258764
 20
-1123.215331525105
 30
0.0
 10
1076.973405821265
 20
-1135.227167462606
 30
0.0
 10
1071.511355040015
 20
-1143.816601056355
 30
0.0
 10
1068.393698790014
 20
-1152.945800275105
 30
0.0
 10
1068.969148008766
 20
-1163.314022931354
 30
0.0
 10
1069.241726133765
 20
-1168.226171368857
 30
0.0
 10
1070.100886290014
 20
-1172.821444806355
 30
0.0
 10
1072.473933165014
 20
-1177.094511212606
 30
0.0
 10
1075.577585508765
 20
-1182.683065900106
 30
0.0
 10
1078.827312071266
 20
-1188.190761212605
 30
0.0
 10
1081.902194883765
 20
-1193.794726056356
 30
0.0
 10
1084.591120665014
 20
-1198.695448712606
 30
0.0
 10
1087.124187071266
 20
-1203.681776837606
 30
0.0
 10
1089.727917540014
 20
-1208.629315900107
 30
0.0
 10
1094.611648008764
 20
-1217.909218243854
 30
0.0
 10
1096.089558165015
 20
-1227.968124493855
 30
0.0
 10
1096.596276915016
 20
-1238.269198712605
 30
0.0
 10
1096.677429258765
 20
-1239.919257306356
 30
0.0
 10
1095.975124571265
 20
-1240.492186993855
 30
0.0
 10
1094.551999571266
 20
-1240.908026837606
 30
0.0
 10
1090.260124571265
 20
-1242.162167462604
 30
0.0
 10
1085.973054258766
 20
-1243.447362775107
 30
0.0
 10
1081.743464415014
 20
-1244.893983868857
 30
0.0
 10
1079.756081602514
 20
-1245.573729962605
 30
0.0
 10
1079.113132383765
 20
-1244.698808087604
 30
0.0
 10
1078.823913633765
 20
-1243.031933087605
 30
0.0
 10
1078.714929258766
 20
-1242.403925275106
 30
0.0
 10
1078.651589415014
 20
-1241.762499493856
 30
0.0
 10
1078.632722227516
 20
-1241.125175275105
 30
0.0
 10
1078.148913633764
 20
-1224.840272931357
 30
0.0
 10
1072.141472227515
 20
-1210.309784650104
 30
0.0
 10
1064.321667540014
 20
-1196.384628400105
 30
0.0
 10
1061.033151915015
 20
-1190.528593243856
 30
0.0
 10
1057.693308165015
 20
-1184.725409650106
 30
0.0
 10
1055.359167540015
 20
-1178.387323712606
 30
0.0
 10
1051.908405821265
 20
-1169.017128400104
 30
0.0
 10
1051.343972227514
 20
-1159.344003400107
 30
0.0
 10
1052.218601133765
 20
-1149.544433087605
 30
0.0
 10
1052.854870665014
 20
-1142.415214337605
 30
0.0
 10
1056.469284727515
 20
-1136.550272931356
 30
0.0
 10
1060.896159727516
 20
-1131.169960431354
 30
0.0
 10
1066.689440977514
 20
-1124.129101056355
 30
0.0
 10
1072.445749571265
 20
-1117.074940900104
 30
0.0
 10
1077.251901915015
 20
-1109.291698712605
 30
0.0
 10
1081.683757383766
 20
-1102.114726056356
 30
0.0
 10
1084.866159727515
 20
-1094.506269025107
 30
0.0
 10
1085.333855040015
 20
-1086.002499493854
 30
0.0
 10
1085.842683165016
 20
-1076.750370587604
 30
0.0
 10
1082.991921446264
 20
-1068.369940900106
 30
0.0
 10
1078.261823790015
 20
-1060.532382306355
 30
0.0
 10
1076.104870665014
 20
-1056.958515118855
 30
0.0
 10
1073.491413633765
 20
-1053.729237775104
 30
0.0
 10
1070.912058165015
 20
-1050.467030743854
 30
0.0
 10
1064.166921446265
 20
-1041.936542462605
 30
0.0
 10
1059.399323790016
 20
-1032.480097150106
 30
0.0
 10
1057.299851133765
 20
-1021.726269025105
 30
0.0
 10
1055.946511290014
 20
-1014.794159650104
 30
0.0
 10
1056.293796446265
 20
-1008.088515118856
 30
0.0
 10
1059.020163633764
 20
-1001.506972150106
 30
0.0
 10
1063.852273008764
 20
-989.8420698063555
 30
0.0
 10
1068.107468321265
 20
-977.9836323063564
 30
0.0
 10
1071.608562071266
 20
-965.8304682438547
 30
0.0
 10
1077.395105040016
 20
-945.7440619938561
 30
0.0
 10
1074.772214415016
 20
-926.9454877751059
 30
0.0
 10
1063.746921446265
 20
-909.2817573063558
 30
0.0
 10
1060.588015196265
 20
-904.220839337605
 30
0.0
 10
1056.594616758764
 20
-899.8820307438555
 30
0.0
 10
1051.512253477515
 20
-896.3497358219802
 30
0.0
 10
1050.734597227514
 20
-897.8583198063561
 30
0.0
 10
1051.845593321264
 20
-898.8010932438547
 30
0.0
 10
1052.351140196266
 20
-899.7708198063547
 30
0.0
 10
1055.231023008766
 20
-905.2944526188558
 30
0.0
 10
1058.268230040016
 20
-910.7329487126053
 30
0.0
 10
1060.622585508765
 20
-916.5211909001055
 30
0.0
 10
1067.659636290015
 20
-933.8218744938558
 30
0.0
 10
1066.845769102516
 20
-951.1318744938553
 30
0.0
 10
1060.990671446265
 20
-968.5411323063554
 30
0.0
 10
1058.079382383765
 20
-977.1975385563555
 30
0.0
 10
1054.105085508765
 20
-985.3902338688558
 30
0.0
 10
1050.539245665015
 20
-993.7633393376063
 30
0.0
 10
1048.597097227515
 20
-998.3238080876063
 30
0.0
 10
1046.995085508765
 20
-1002.993495587605
 30
0.0
 10
1045.903542540014
 20
-1007.849686993854
 30
0.0
 10
1043.833483946264
 20
-1017.059159650104
 30
0.0
 10
1044.648698790015
 20
-1025.941854962606
 30
0.0
 10
1048.536218321266
 20
-1034.544882306356
 30
0.0
 10
1050.848386290016
 20
-1039.661464337605
 30
0.0
 10
1053.802273008765
 20
-1044.400526837606
 30
0.0
 10
1056.911667540015
 20
-1049.061483868856
 30
0.0
 10
1062.148776915015
 20
-1056.911874493857
 30
0.0
 10
1066.878288633765
 20
-1064.999218243855
 30
0.0
 10
1070.436218321265
 20
-1073.824081525105
 30
0.0
 10
1074.179128477515
 20
-1083.107440900105
 30
0.0
 10
1073.207175352514
 20
-1091.608163556357
 30
0.0
 10
1067.973171446265
 20
-1099.846034650105
 30
0.0
 10
1063.086804258764
 20
-1107.536640118855
 30
0.0
 10
1058.021843321265
 20
-1115.115448712604
 30
0.0
 10
1053.228991758764
 20
-1122.863183087604
 30
0.0
 10
1049.028933165015
 20
-1129.652792462606
 30
0.0
 10
1045.078132383765
 20
-1136.597206525104
 30
0.0
 10
1041.053737852515
 20
-1143.494511212604
 30
0.0
 10
1037.893425352515
 20
-1148.911151837605
 30
0.0
 10
1037.568405821265
 20
-1154.687675275105
 30
0.0
 10
1039.060202696264
 20
-1160.652108868857
 30
0.0
 10
1041.012429258764
 20
-1168.456796368857
 30
0.0
 10
1044.442390196265
 20
-1175.675839337604
 30
0.0
 10
1047.936394102515
 20
-1182.864940900105
 30
0.0
 10
1053.601940977514
 20
-1194.522284650106
 30
0.0
 10
1058.768503477515
 20
-1206.370585431356
 30
0.0
 10
1061.972526915015
 20
-1218.984706525105
 30
0.0
 10
1063.632019102515
 20
-1225.517968243854
 30
0.0
 10
1064.720925352514
 20
-1232.110058087605
 30
0.0
 10
1064.437214415015
 20
-1238.890819806355
 30
0.0
 10
1064.335671446264
 20
-1241.317655743856
 30
0.0
 10
1063.919245665014
 20
-1243.678456525104
 30
0.0
 10
1063.140183165015
 20
-1245.935604962604
 30
0.0
 10
1062.160437071265
 20
-1248.773944806355
 30
0.0
 10
1060.580925352515
 20
-1250.954394025106
 30
0.0
 10
1057.097761290015
 20
-1251.256210431355
 30
0.0
 10
1054.387858946266
 20
-1251.490995587606
 30
0.0
 10
1051.952644102515
 20
-1252.883886212607
 30
0.0
 10
1049.494987852515
 20
-1254.059569806355
 30
0.0
 10
1047.666687071265
 20
-1254.934140118854
 30
0.0
 10
1045.907526915014
 20
-1256.220565900105
 30
0.0
 10
1043.678796446266
 20
-1255.755507306356
 30
0.0
 10
1042.678776915016
 20
-1254.188710431354
 30
0.0
 10
1043.271804258764
 20
-1252.640780743855
 30
0.0
 10
1043.583171446266
 20
-1251.085819806354
 30
0.0
 10
1046.856218321265
 20
-1234.738866681357
 30
0.0
 10
1046.350378477515
 20
-1218.733046368856
 30
0.0
 10
1039.865808165016
 20
-1203.087929181354
 30
0.0
 10
1035.701140196265
 20
-1193.039862775106
 30
0.0
 10
1030.585319883765
 20
-1183.436698712605
 30
0.0
 10
1026.436940977515
 20
-1173.393202618856
 30
0.0
 10
1023.750827696265
 20
-1166.889882306354
 30
0.0
 10
1021.234401915015
 20
-1160.338222150105
 30
0.0
 10
1021.074558165015
 20
-1153.135878400106
 30
0.0
 10
1020.972780821265
 20
-1148.553026837606
 30
0.0
 10
1021.976901915015
 20
-1144.281718243856
 30
0.0
 10
1023.881023008766
 20
-1140.148104962605
 30
0.0
 10
1026.034929258765
 20
-1135.472323712605
 30
0.0
 10
1028.839343321264
 20
-1131.202128400106
 30
0.0
 10
1031.909831602516
 20
-1127.108124493854
 30
0.0
 10
1039.209968321265
 20
-1117.374003400106
 30
0.0
 10
1045.724597227514
 20
-1107.140956525105
 30
0.0
 10
1051.885671446265
 20
-1096.653554181354
 30
0.0
 10
1056.822780821265
 20
-1088.249452618857
 30
0.0
 10
1057.285671446265
 20
-1079.817636212607
 30
0.0
 10
1053.214226133765
 20
-1071.023358868857
 30
0.0
 10
1050.434773008765
 20
-1065.019901837604
 30
0.0
 10
1046.609655821265
 20
-1059.717519025104
 30
0.0
 10
1042.441940977515
 20
-1054.639257306357
 30
0.0
 10
1039.090730040016
 20
-1050.555917462607
 30
0.0
 10
1035.916648008764
 20
-1046.346073712604
 30
0.0
 10
1033.022761290014
 20
-1041.925468243855
 30
0.0
 10
1031.351433165015
 20
-1039.372362775106
 30
0.0
 10
1029.702722227516
 20
-1036.748651837606
 30
0.0
 10
1029.210476133765
 20
-1033.722343243855
 30
0.0
 10
1028.769558165015
 20
-1031.011151837607
 30
0.0
 10
1027.360085508764
 20
-1030.411386212607
 30
0.0
 10
1024.915202696266
 20
-1030.626776837606
 30
0.0
 10
1021.572546446265
 20
-1030.921210431356
 30
0.0
 10
1018.211081602514
 20
-1031.016425275106
 30
0.0
 10
1014.855886290015
 20
-1031.150429181354
 30
0.0
 10
1005.569480040014
 20
-1031.521444806356
 30
0.0
 10
996.3144214462645
 20
-1031.202811993855
 30
0.0
 10
987.1119214462651
 20
-1029.812323712606
 30
0.0
 10
977.9475073837639
 20
-1028.427460431354
 30
0.0
 10
975.8475073837653
 20
-1029.136620587604
 30
0.0
 10
971.5645386337637
 20
-1037.114218243856
 30
0.0
 10
966.707058165015
 20
-1046.162206525107
 30
0.0
 10
961.0434448837641
 20
-1054.598241681357
 30
0.0
 10
954.9659253525151
 20
-1062.864940900105
 30
0.0
 10
944.2321362900148
 20
-1077.464921368854
 30
0.0
 10
944.6428784775144
 20
-1093.153515118855
 30
0.0
 10
955.655105040014
 20
-1107.604608868856
 30
0.0
 10
959.1404956650149
 20
-1112.178436993854
 30
0.0
 10
963.0771167587645
 20
-1116.406444806355
 30
0.0
 10
966.6188745712643
 20
-1120.939784650105
 30
0.0
 10
972.4549292587653
 20
-1128.409491681356
 30
0.0
 10
977.3444605087643
 20
-1136.400624493854
 30
0.0
 10
980.1611206650141
 20
-1145.582558087604
 30
0.0
 10
981.7623706650138
 20
-1150.802558087606
 30
0.0
 10
981.9054566025152
 20
-1155.880761212604
 30
0.0
 10
980.5404566025154
 20
-1161.142186993857
 30
0.0
 10
977.7589526962638
 20
-1171.863026837604
 30
0.0
 10
973.8382691025145
 20
-1182.121503400107
 30
0.0
 10
968.6382495712642
 20
-1191.901269025104
 30
0.0
 10
963.5921558212649
 20
-1201.391522931357
 30
0.0
 10
959.384187071264
 20
-1211.187519025105
 30
0.0
 10
957.5265308212638
 20
-1221.878007306354
 30
0.0
 10
955.8541480087642
 20
-1231.502147931355
 30
0.0
 10
956.0523706650147
 20
-1240.947050275106
 30
0.0
 10
959.4791675400138
 20
-1250.214061993855
 30
0.0
 10
960.8274097275153
 20
-1253.860175275106
 30
0.0
 10
960.3666870712641
 20
-1254.454315900104
 30
0.0
 10
956.4885425400153
 20
-1253.952929181356
 30
0.0
 10
952.6886792587648
 20
-1253.461561993856
 30
0.0
 10
948.878855040015
 20
-1252.889335431355
 30
0.0
 10
945.154812071265
 20
-1252.008495587605
 30
0.0
 10
940.4385425400142
 20
-1250.892987775107
 30
0.0
 10
939.1678198837653
 20
-1249.085546368857
 30
0.0
 10
939.283718321265
 20
-1244.149843243857
 30
0.0
 10
939.5073706650146
 20
-1234.621679181357
 30
0.0
 10
941.9010425400138
 20
-1225.513866681355
 30
0.0
 10
944.8860425400144
 20
-1216.541405743854
 30
0.0
 10
947.2094605087641
 20
-1209.557616681355
 30
0.0
 10
950.122097227515
 20
-1202.812831525105
 30
0.0
 10
953.369655821265
 20
-1196.211952618854
 30
0.0
 10
958.3986401962648
 20
-1185.989979962604
 30
0.0
 10
962.613112852514
 20
-1175.507265118857
 30
0.0
 10
964.0877417587653
 20
-1164.089862775105
 30
0.0
 10
965.5948316025151
 20
-1152.421210431356
 30
0.0
 10
964.183015196264
 20
-1141.494179181354
 30
0.0
 10
956.8088159775143
 20
-1131.791054181354
 30
0.0
 10
951.198757383765
 20
-1124.409120587607
 30
0.0
 10
946.0386987900147
 20
-1116.681308087605
 30
0.0
 10
940.3368823837645
 20
-1109.373905743854
 30
0.0
 10
930.011140196264
 20
-1096.140507306354
 30
0.0
 10
930.0295972275144
 20
-1082.081288556354
 30
0.0
 10
936.4163159775144
 20
-1067.392772931355
 30
0.0
 10
940.059030821265
 20
-1059.015097150106
 30
0.0
 10
944.9479175400138
 20
-1051.307968243855
 30
0.0
 10
949.6071167587652
 20
-1043.482714337606
 30
0.0
 10
952.227077696265
 20
-1039.082382306355
 30
0.0
 10
954.6451245712651
 20
-1034.583436993857
 30
0.0
 10
956.4953980087648
 20
-1029.797323712606
 30
0.0
 10
959.3654370712648
 20
-1022.373495587606
 30
0.0
 10
959.5991675400146
 20
-1014.873436993854
 30
0.0
 10
957.284128477515
 20
-1007.251327618855
 30
0.0
 10
955.5119605087639
 20
-1001.416854962605
 30
0.0
 10
953.0130542587649
 20
-995.9016596501051
 30
0.0
 10
950.3342651962648
 20
-990.4444135563563
 30
0.0
 10
945.967800352515
 20
-981.5491791813556
 30
0.0
 10
941.4634644150137
 20
-972.6596284001052
 30
0.0
 10
939.4268042587646
 20
-962.8843744938558
 30
0.0
 10
934.9205347275147
 20
-941.2567768376057
 30
0.0
 10
936.3767651962644
 20
-920.572890118855
 30
0.0
 10
949.9185425400137
 20
-902.0091010563547
 30
0.0
 10
950.7556128525139
 20
-900.8616303532299
 30
0.0
 10
951.4319019150153
 20
-899.5969135563564
 30
0.0
 10
952.8097339462638
 20
-897.3769428532314
 30
0.0
 10
949.0865112900137
 20
-898.778651837606
 30
0.0
 10
946.7252417587642
 20
-900.3347846501047
 30
0.0
 10
944.6967847275137
 20
-902.4523041813563
 30
0.0
 10
936.9504566025153
 20
-910.5385932438558
 30
0.0
 10
932.4625269150147
 20
-920.3185346501059
 30
0.0
 10
930.0482300400145
 20
-931.1102143376056
 30
0.0
 10
927.2150464462648
 20
-943.7746088688555
 30
0.0
 10
928.7861206650141
 20
-956.222792462605
 30
0.0
 10
932.2655933212645
 20
-968.5270112126063
 30
0.0
 10
934.7040308212654
 20
-977.1497260563565
 30
0.0
 10
937.8887183212646
 20
-985.5107026188552
 30
0.0
 10
941.4605933212642
 20
-993.718515118856
 30
0.0
 10
946.0986987900142
 20
-1004.376483868855
 30
0.0
 10
946.3878589462638
 20
-1015.409101056357
 30
0.0
 10
944.4668042587637
 20
-1026.639179181355
 30
0.0
 10
943.5344019150143
 20
-1032.090155743856
 30
0.0
 10
941.1048706650145
 20
-1036.960819806354
 30
0.0
 10
938.1015308212645
 20
-1041.524628400104
 30
0.0
 10
934.7638550400152
 20
-1046.596620587607
 30
0.0
 10
931.2066870712642
 20
-1051.523710431356
 30
0.0
 10
927.8264722275144
 20
-1056.568397931354
 30
0.0
 10
924.1631323837646
 20
-1062.035546368854
 30
0.0
 10
921.1402808212642
 20
-1067.831405743855
 30
0.0
 10
919.2716089462647
 20
-1074.177753400105
 30
0.0
 10
915.4273316025137
 20
-1087.233964337604
 30
0.0
 10
916.6184253525153
 20
-1099.486854962604
 30
0.0
 10
925.2123706650145
 20
-1110.489765118855
 30
0.0
 10
928.6564526962648
 20
-1114.899237775106
 30
0.0
 10
932.2415112900144
 20
-1119.198729962605
 30
0.0
 10
935.7700855087642
 20
-1123.541991681355
 30
0.0
 10
938.4959839462645
 20
-1126.897245587606
 30
0.0
 10
941.1472339462653
 20
-1130.324394025105
 30
0.0
 10
943.2735425400151
 20
-1134.084530743854
 30
0.0
 10
951.2463355087639
 20
-1148.183124493855
 30
0.0
 10
952.580515196265
 20
-1162.866249493854
 30
0.0
 10
946.1172730087637
 20
-1177.813104962606
 30
0.0
 10
941.617624571265
 20
-1188.218944806355
 30
0.0
 10
936.4518237900138
 20
-1198.336034650107
 30
0.0
 10
931.6309058212646
 20
-1208.604296368856
 30
0.0
 10
929.5247534775153
 20
-1213.090292462606
 30
0.0
 10
927.7126245712643
 20
-1217.703261212606
 30
0.0
 10
926.2444995712649
 20
-1222.439101056356
 30
0.0
 10
924.1776636337654
 20
-1229.106073712606
 30
0.0
 10
923.431472227514
 20
-1235.859999493856
 30
0.0
 10
924.9229175400142
 20
-1242.780507306354
 30
0.0
 10
925.178620665014
 20
-1243.967382306357
 30
0.0
 10
925.5811011337646
 20
-1245.275663556356
 30
0.0
 10
924.7236401962637
 20
-1246.865194806356
 30
0.0
 10
919.291530821265
 20
-1245.373573712604
 30
0.0
 10
913.7877026962651
 20
-1243.873456525107
 30
0.0
 10
908.2917261337643
 20
-1242.345272931354
 30
0.0
 10
906.9443042587645
 20
-1241.970624493857
 30
0.0
 10
906.7961792587648
 20
-1240.917284650106
 30
0.0
 10
906.8458667587638
 20
-1239.695077618857
 30
0.0
 10
907.3026636337654
 20
-1228.453280743855
 30
0.0
 10
908.445710508764
 20
-1217.469003400107
 30
0.0
 10
914.1772925400146
 20
-1207.316288556354
 30
0.0
 10
919.672273008764
 20
-1197.582519025105
 30
0.0
 10
924.695339415015
 20
-1187.571425275106
 30
0.0
 10
929.3674292587639
 20
-1177.398847150107
 30
0.0
 10
933.2045581650145
 20
-1169.044315900104
 30
0.0
 10
934.7496753525138
 20
-1160.392421368855
 30
0.0
 10
933.0139526962648
 20
-1151.267440900105
 30
0.0
 10
932.1623511337639
 20
-1146.790409650104
 30
0.0
 10
930.147370665014
 20
-1142.806737775107
 30
0.0
 10
927.7777222275145
 20
-1138.989589337605
 30
0.0
 10
924.3968628525145
 20
-1133.543476056355
 30
0.0
 10
920.3846558212645
 20
-1128.554569806354
 30
0.0
 10
916.397292540014
 20
-1123.551835431354
 30
0.0
 10
911.2050073837654
 20
-1117.037382306356
 30
0.0
 10
906.5078980087637
 20
-1110.216483868855
 30
0.0
 10
902.686355040014
 20
-1102.778944806356
 30
0.0
 10
898.3553980087654
 20
-1094.350233868856
 30
0.0
 10
897.7386401962649
 20
-1085.756229962604
 30
0.0
 10
900.6445386337637
 20
-1076.785936993856
 30
0.0
 10
903.429148008765
 20
-1068.189999493854
 30
0.0
 10
907.5567261337637
 20
-1060.302167462607
 30
0.0
 10
912.7798901962651
 20
-1052.958671368855
 30
0.0
 10
915.8376636337653
 20
-1048.659589337607
 30
0.0
 10
918.8075464462654
 20
-1044.296112775104
 30
0.0
 10
921.9403198837645
 20
-1040.052694806356
 30
0.0
 10
927.5786206650137
 20
-1032.415351056356
 30
0.0
 10
929.8680542587645
 20
-1023.896815900105
 30
0.0
 10
929.743073790014
 20
-1014.426601056355
 30
0.0
 10
929.6250659775142
 20
-1005.488065900106
 30
0.0
 10
927.9211011337648
 20
-997.2027338688558
 30
0.0
 10
924.1296167587643
 20
-988.9770502751062
 30
0.0
 10
913.9431519150148
 20
-966.8767768376047
 30
0.0
 10
912.5121753525145
 20
-944.0607221501059
 30
0.0
 10
920.408034727514
 20
-920.8592963688561
 30
0.0
 10
921.911081602515
 20
-916.4427338688556
 30
0.0
 10
924.1563355087637
 20
-912.3941987126063
 30
0.0
 10
926.7095581650137
 20
-908.5048041813561
 30
0.0
 10
927.6289526962646
 20
-907.1042377751064
 30
0.0
 10
928.683991758764
 20
-905.7452143376058
 30
0.0
 10
929.0528394150151
 20
-903.887909650105
 30
0.0
 10
928.3796558212653
 20
-903.9687104313552
 30
0.0
 10
928.0027808212653
 20
-903.8967573063555
 30
0.0
 10
927.821198790014
 20
-904.0524409001055
 30
0.0
 10
915.207546446265
 20
-914.867323712605
 30
0.0
 10
905.4005933212648
 20
-927.0986518376058
 30
0.0
 10
904.8828003525141
 20
-944.8921674626063
 30
0.0
 10
904.4274097275138
 20
-960.5409174626047
 30
0.0
 10
905.3023901962642
 20
-975.8182416813552
 30
0.0
 10
911.2425659775145
 20
-990.5799409001056
 30
0.0
 10
914.1553198837646
 20
-997.8183784001058
 30
0.0
 10
916.4303980087643
 20
-1005.331620587604
 30
0.0
 10
917.8257495712642
 20
-1013.082987775106
 30
0.0
 10
919.2266675400151
 20
-1020.865292462604
 30
0.0
 10
917.9043823837637
 20
-1027.980800275105
 30
0.0
 10
913.6443237900148
 20
-1034.627265118856
 30
0.0
 10
910.5252026962644
 20
-1039.493651837605
 30
0.0
 10
906.8145776962647
 20
-1043.884491681354
 30
0.0
 10
903.0910620712639
 20
-1048.276796368857
 30
0.0
 10
895.317898008765
 20
-1057.445839337604
 30
0.0
 10
889.4847144150153
 20
-1067.607108868855
 30
0.0
 10
887.3485034775149
 20
-1079.603827618856
 30
0.0
 10
885.664870665014
 20
-1089.058690900107
 30
0.0
 10
886.811550352515
 20
-1098.083769025106
 30
0.0
 10
891.750886290014
 20
-1106.453651837604
 30
0.0
 10
895.3301441025142
 20
-1112.518808087607
 30
0.0
 10
899.394968321265
 20
-1118.256659650106
 30
0.0
 10
903.6252026962648
 20
-1123.883827618854
 30
0.0
 10
908.4305347275149
 20
-1130.276054181355
 30
0.0
 10
913.0961206650154
 20
-1136.764726056354
 30
0.0
 10
916.6954761337638
 20
-1143.946972150105
 30
0.0
 10
920.138210508765
 20
-1150.816561993855
 30
0.0
 10
922.1182691025151
 20
-1157.913905743855
 30
0.0
 10
920.5255151962647
 20
-1165.693690900105
 30
0.0
 10
919.8111987900138
 20
-1169.182890118856
 30
0.0
 10
918.370144102515
 20
-1172.375253400107
 30
0.0
 10
916.9663550400146
 20
-1175.590233868854
 30
0.0
 10
912.9977417587652
 20
-1184.679413556354
 30
0.0
 10
907.9924878525144
 20
-1193.247167462607
 30
0.0
 10
903.5615112900141
 20
-1202.103905743854
 30
0.0
 10
899.9865894150153
 20
-1209.249647931356
 30
0.0
 10
896.564362852514
 20
-1216.474022931354
 30
0.0
 10
894.1300269150142
 20
-1224.106620587605
 30
0.0
 10
893.4690894150153
 20
-1226.178729962605
 30
0.0
 10
892.367702696265
 20
-1228.190429181355
 30
0.0
 10
893.1214526962649
 20
-1230.572206525107
 30
0.0
 10
893.6461597275138
 20
-1232.230292462606
 30
0.0
 10
892.4462183212654
 20
-1232.998456525107
 30
0.0
 10
891.0199878525145
 20
-1232.887245587604
 30
0.0
 10
885.4499487900139
 20
-1232.453065900107
 30
0.0
 10
880.519929258764
 20
-1230.352069806355
 30
0.0
 10
876.2230737900154
 20
-1226.787811993854
 30
0.0
 10
875.0421167587647
 20
-1225.808183087604
 30
0.0
 10
875.162995665014
 20
-1224.483495587607
 30
0.0
 10
875.6260620712637
 20
-1223.257186993855
 30
0.0
 10
876.5850073837646
 20
-1220.717968243855
 30
0.0
 10
877.5723706650151
 20
-1218.180858868855
 30
0.0
 10
878.7185230087653
 20
-1215.722382306354
 30
0.0
 10
884.1288941025141
 20
-1204.117714337604
 30
0.0
 10
890.0260034775147
 20
-1192.764765118856
 30
0.0
 10
897.4771362900137
 20
-1182.321894025106
 30
0.0
 10
904.134792540015
 20
-1172.991073712605
 30
0.0
 10
904.0346558212641
 20
-1162.577030743854
 30
0.0
 10
902.8604370712637
 20
-1151.938339337605
 30
0.0
 10
902.7477612900148
 20
-1150.917050275104
 30
0.0
 10
902.4503980087648
 20
-1149.715233868854
 30
0.0
 10
900.9592456650153
 20
-1148.810019025106
 30
0.0
 10
898.9040698837653
 20
-1150.481229962606
 30
0.0
 10
898.721140196265
 20
-1153.035507306355
 30
0.0
 10
898.3251636337645
 20
-1155.400233868855
 30
0.0
 10
896.8784253525137
 20
-1164.038944806354
 30
0.0
 10
893.6880542587642
 20
-1171.991229962605
 30
0.0
 10
889.022409727515
 20
-1179.362440900106
 30
0.0
 10
887.8294409775153
 20
-1181.247226056355
 30
0.0
 10
886.474636290015
 20
-1183.044589337605
 30
0.0
 10
885.0574292587644
 20
-1184.769765118854
 30
0.0
 10
877.6000855087641
 20
-1193.847870587604
 30
0.0
 10
871.3171362900139
 20
-1203.591835431354
 30
0.0
 10
867.5480347275152
 20
-1214.823788556354
 30
0.0
 10
866.0703003525141
 20
-1219.227577618854
 30
0.0
 10
864.9159448837654
 20
-1219.682675275104
 30
0.0
 10
861.0261401962653
 20
-1217.164257306355
 30
0.0
 10
849.1834644150149
 20
-1209.497382306356
 30
0.0
 10
838.2829175400148
 20
-1200.586444806355
 30
0.0
 10
827.7504566025145
 20
-1191.245722150106
 30
0.0
 10
812.6051441025138
 20
-1177.814042462604
 30
0.0
 10
799.4639722275151
 20
-1162.560097150104
 30
0.0
 10
787.7403589462647
 20
-1146.085702618857
 30
0.0
 10
776.124587461889
 20
-1129.762890118855
 30
0.0
 10
768.7156128525148
 20
-1111.392811993854
 30
0.0
 10
762.2402710556398
 20
-1092.622655743857
 30
0.0
 10
754.7205835556397
 20
-1070.825370587605
 30
0.0
 10
748.8683862900143
 20
-1048.555526837605
 30
0.0
 10
746.0496753525149
 20
-1025.659198712605
 30
0.0
 10
743.6437573837648
 20
-1006.116308087607
 30
0.0
 10
742.7215210556387
 20
-986.4183198063556
 30
0.0
 10
744.8707105087651
 20
-966.767792462605
 30
0.0
 10
746.1599487900148
 20
-954.9799018376061
 30
0.0
 10
749.7820679306387
 20
-943.6585932438547
 30
0.0
 10
753.3871069931392
 20
-932.3989252751062
 30
0.0
 10
763.6592651962637
 20
-900.316005353231
 30
0.0
 10
778.3237866806394
 20
-870.4960053532313
 30
0.0
 10
799.3166675400153
 20
-843.9715815251047
 30
0.0
 10
805.3753784775145
 20
-836.3164252751058
 30
0.0
 10
812.199733946265
 20
-829.3576850407308
 30
0.0
 10
819.0603003525139
 20
-822.0065424626055
 30
0.0
 10
820.2784058212637
 20
-823.7340619938559
 30
0.0
 10
819.9141870712647
 20
-825.5357612126054
 30
0.0
 10
819.8368433212654
 20
-827.1258784001047
 30
0.0
 10
819.3655737900153
 20
-836.8223237126049
 30
0.0
 10
821.5386987900147
 20
-845.7935834782302
 30
0.0
 10
826.4056128525153
 20
-854.2232905094797
 30
0.0
 10
828.3915894150141
 20
-857.663095196981
 30
0.0
 10
829.7151050400153
 20
-861.4829682438549
 30
0.0
 10
831.3759448837645
 20
-865.113495587605
 30
0.0
 10
833.2224097275139
 20
-869.1497846501052
 30
0.0
 10
832.9523511337648
 20
-873.1579194157302
 30
0.0
 10
831.4395776962647
 20
-877.2235053532304
 30
0.0
 10
829.4512573837637
 20
-882.567519025105
 30
0.0
 10
826.136140196264
 20
-887.0461909001051
 30
0.0
 10
822.4276245712645
 20
-891.2664643376056
 30
0.0
 10
819.998444883764
 20
-894.0308588688558
 30
0.0
 10
817.5547339462646
 20
-896.7743940251048
 30
0.0
 10
815.4506909775137
 20
-899.8046284001057
 30
0.0
 10
812.9214917587651
 20
-903.4470502751055
 30
0.0
 10
811.5633472275149
 20
-907.4675190251064
 30
0.0
 10
811.3458472275142
 20
-911.8939252751052
 30
0.0
 10
811.1421753525137
 20
-916.0375580876052
 30
0.0
 10
812.1057495712648
 20
-919.7664057438551
 30
0.0
 10
814.7485034775145
 20
-923.081874493856
 30
0.0
 10
818.0462769150145
 20
-927.2191791813557
 30
0.0
 10
821.7247925400152
 20
-931.0015815251054
 30
0.0
 10
825.3259644150148
 20
-934.8579877751063
 30
0.0
 10
828.4934253525153
 20
-938.2499213688561
 30
0.0
 10
831.5626831650152
 20
-941.7110541813554
 30
0.0
 10
834.3241480087654
 20
-945.4564252751052
 30
0.0
 10
838.3941870712642
 20
-950.9766010563553
 30
0.0
 10
839.0196167587637
 20
-956.8652143376048
 30
0.0
 10
836.5238159775145
 20
-963.1391401188548
 30
0.0
 10
835.5212183212643
 20
-965.6595502751052
 30
0.0
 10
834.3719605087645
 20
-968.1254096501061
 30
0.0
 10
833.2043628525153
 20
-970.5755659001052
 30
0.0
 10
829.128815977514
 20
-979.1277924626056
 30
0.0
 10
825.7172534775145
 20
-987.8499994938547
 30
0.0
 10
825.040847227514
 20
-997.460780743856
 30
0.0
 10
824.7409058212652
 20
-1001.723300275105
 30
0.0
 10
824.4924683212648
 20
-1001.819042462605
 30
0.0
 10
820.4547144150147
 20
-1001.373026837606
 30
0.0
 10
815.1952808212645
 20
-1000.792186993855
 30
0.0
 10
809.9193237900145
 20
-1000.743905743856
 30
0.0
 10
804.6452417587643
 20
-1000.571581525105
 30
0.0
 10
799.6856323837637
 20
-1000.409569806355
 30
0.0
 10
794.9304566025148
 20
-1000.688007306356
 30
0.0
 10
790.222565977514
 20
-1002.956171368856
 30
0.0
 10
785.6429956650154
 20
-1005.162577618856
 30
0.0
 10
780.4912573837646
 20
-1005.980780743856
 30
0.0
 10
775.3945972275142
 20
-1006.610604962607
 30
0.0
 10
773.3111792587642
 20
-1006.867948712606
 30
0.0
 10
772.1622730087638
 20
-1006.176601056355
 30
0.0
 10
771.6050464462642
 20
-1004.052811993854
 30
0.0
 10
770.9796753525152
 20
-1001.669276837605
 30
0.0
 10
770.8153198837645
 20
-999.0427534001055
 30
0.0
 10
768.8441968368898
 20
-996.8426752751047
 30
0.0
 10
767.3952612900139
 20
-997.9100190251056
 30
0.0
 10
767.1852905868891
 20
-999.3702338688554
 30
0.0
 10
766.8506909775151
 20
-1000.668378400106
 30
0.0
 10
764.6960523056405
 20
-1009.027831525105
 30
0.0
 10
763.074616758764
 20
-1017.489882306356
 30
0.0
 10
761.7540015243903
 20
-1026.025702618856
 30
0.0
 10
761.216140196264
 20
-1029.502245587606
 30
0.0
 10
762.0557886337647
 20
-1032.227675275106
 30
0.0
 10
764.0974292587653
 20
-1034.931894025107
 30
0.0
 10
767.381374571265
 20
-1039.281601056355
 30
0.0
 10
770.9603101181401
 20
-1043.363593243856
 30
0.0
 10
774.6642261337638
 20
-1047.348085431357
 30
0.0
 10
777.2779468368899
 20
-1050.159882306354
 30
0.0
 10
779.8484253525148
 20
-1053.012167462606
 30
0.0
 10
782.4784937118893
 20
-1055.808436993855
 30
0.0
 10
789.7108667587654
 20
-1063.497929181354
 30
0.0
 10
793.1372534775146
 20
-1072.713612775104
 30
0.0
 10
793.6055347275142
 20
-1083.160878400104
 30
0.0
 10
794.2503589462649
 20
-1097.547401837604
 30
0.0
 10
794.4062183212645
 20
-1111.942597150104
 30
0.0
 10
794.5387573837652
 20
-1126.340194806355
 30
0.0
 10
794.5858081650149
 20
-1131.452147931355
 30
0.0
 10
794.4641089462639
 20
-1136.583261212607
 30
0.0
 10
795.2728784775154
 20
-1141.664159650107
 30
0.0
 10
796.297273008764
 20
-1148.100155743854
 30
0.0
 10
799.0885620712652
 20
-1150.813866681354
 30
0.0
 10
805.6262183212639
 20
-1151.556132306356
 30
0.0
 10
812.206003477515
 20
-1152.303144025107
 30
0.0
 10
818.7257886337648
 20
-1151.619589337606
 30
0.0
 10
825.1880347275146
 20
-1150.410390118854
 30
0.0
 10
839.3983667587654
 20
-1147.751405743857
 30
0.0
 10
853.0489526962647
 20
-1143.353007306356
 30
0.0
 10
865.990144102514
 20
-1136.871952618854
 30
0.0
 10
870.1369409775143
 20
-1134.795272931355
 30
0.0
 10
874.1259448837645
 20
-1132.435761212604
 30
0.0
 10
877.6602026962646
 20
-1129.371776837605
 30
0.0
 10
880.3437378525141
 20
-1127.045311993854
 30
0.0
 10
881.5193042587653
 20
-1124.496483868854
 30
0.0
 10
879.8972534775148
 20
-1120.940019025104
 30
0.0
 10
878.3094214462653
 20
-1117.458495587605
 30
0.0
 10
877.053054258764
 20
-1113.824686993856
 30
0.0
 10
875.6799097275143
 20
-1110.246718243856
 30
0.0
 10
869.5991675400146
 20
-1094.402382306354
 30
0.0
 10
869.8380542587638
 20
-1078.710683087604
 30
0.0
 10
876.891511290014
 20
-1063.209061993854
 30
0.0
 10
880.6075855087638
 20
-1055.042265118856
 30
0.0
 10
885.4537573837642
 20
-1047.499433087607
 30
0.0
 10
889.9788941025145
 20
-1039.782753400104
 30
0.0
 10
892.5685034775142
 20
-1035.366659650106
 30
0.0
 10
895.0011401962638
 20
-1030.875624493856
 30
0.0
 10
897.122585508765
 20
-1026.218769025105
 30
0.0
 10
900.6414917587645
 20
-1018.494354962604
 30
0.0
 10
901.3210034775148
 20
-1010.535976056355
 30
0.0
 10
898.9429175400146
 20
-1002.365370587606
 30
0.0
 10
898.2293042587644
 20
-999.9136909001054
 30
0.0
 10
897.5144019150139
 20
-997.4477143376052
 30
0.0
 10
896.5682886337654
 20
-995.0809955876057
 30
0.0
 10
892.9020191025138
 20
-985.9101948063553
 30
0.0
 10
890.9709448837639
 20
-976.4612494938565
 30
0.0
 10
891.2980737900143
 20
-966.537811993855
 30
0.0
 10
891.5352026962646
 20
-959.3469526188555
 30
0.0
 10
891.408523008764
 20
-952.1449604313557
 30
0.0
 10
891.546218321264
 20
-944.9498823063559
 30
0.0
 10
891.6605347275145
 20
-938.9736127751048
 30
0.0
 10
892.9500073837644
 20
-933.2480659001058
 30
0.0
 10
895.375026915015
 20
-927.7530268376058
 30
0.0
 10
896.8426245712653
 20
-924.4273041813549
 30
0.0
 10
898.0287378525154
 20
-920.9774213688552
 30
0.0
 10
899.466745665015
 20
-917.2590619938555
 30
0.0
 10
897.752351133764
 20
-917.1462690251055
 30
0.0
 10
897.1817651962647
 20
-918.1561323063552
 30
0.0
 10
896.4923511337638
 20
-918.8487104313563
 30
0.0
 10
884.2211792587641
 20
-931.1769526188555
 30
0.0
 10
880.2130737900152
 20
-946.3168159001061
 30
0.0
 10
881.5881519150153
 20
-963.207284650106
 30
0.0
 10
882.796823790015
 20
-978.0545893376047
 30
0.0
 10
886.2653980087653
 20
-992.5355073063556
 30
0.0
 10
888.9959839462645
 20
-1007.132265118857
 30
0.0
 10
890.2401636337654
 20
-1013.783007306356
 30
0.0
 10
889.5724878525143
 20
-1020.134394025106
 30
0.0
 10
887.0315112900153
 20
-1026.385585431355
 30
0.0
 10
884.9117066025137
 20
-1031.600722150106
 30
0.0
 10
882.0498706650142
 20
-1036.394452618857
 30
0.0
 10
879.0761792587637
 20
-1041.131347150105
 30
0.0
 10
872.6946167587648
 20
-1051.296483868857
 30
0.0
 10
866.9843042587654
 20
-1061.825487775106
 30
0.0
 10
861.8487964462638
 20
-1072.668436993856
 30
0.0
 10
861.028835508765
 20
-1074.399589337605
 30
0.0
 10
859.9947730087642
 20
-1076.126581525106
 30
0.0
 10
859.6490698837642
 20
-1077.966190900104
 30
0.0
 10
858.6934058212646
 20
-1083.052186993857
 30
0.0
 10
855.3454761337653
 20
-1086.411425275106
 30
0.0
 10
851.7876636337642
 20
-1089.661561993857
 30
0.0
 10
846.5842456650153
 20
-1094.414921368854
 30
0.0
 10
841.244655821265
 20
-1098.971933087607
 30
0.0
 10
834.6192847275142
 20
-1101.731112775105
 30
0.0
 10
831.6389136337639
 20
-1102.972245587604
 30
0.0
 10
828.5534839462653
 20
-1103.755995587606
 30
0.0
 10
825.382155821264
 20
-1104.142362775106
 30
0.0
 10
823.3452026962641
 20
-1104.390390118857
 30
0.0
 10
821.7269019150153
 20
-1104.008944806355
 30
0.0
 10
821.378855040015
 20
-1101.297694806355
 30
0.0
 10
818.9772730087643
 20
-1082.590468243856
 30
0.0
 10
816.1706323837643
 20
-1063.923261212607
 30
0.0
 10
816.6108472275137
 20
-1044.977030743856
 30
0.0
 10
816.6327026962645
 20
-1044.036073712607
 30
0.0
 10
816.4324292587644
 20
-1043.060429181354
 30
0.0
 10
817.0903198837641
 20
-1042.048339337605
 30
0.0
 10
820.2749487900146
 20
-1042.823710431356
 30
0.0
 10
823.4942066025142
 20
-1043.725995587607
 30
0.0
 10
826.7627417587646
 20
-1044.382655743855
 30
0.0
 10
840.401198790014
 20
-1047.122382306356
 30
0.0
 10
851.0854175400145
 20
-1041.262831525106
 30
0.0
 10
856.3273316025152
 20
-1028.360663556356
 30
0.0
 10
858.2767456650145
 20
-1023.562597150107
 30
0.0
 10
859.2114917587642
 20
-1018.552245587605
 30
0.0
 10
859.6882691025148
 20
-1013.456757306354
 30
0.0
 10
860.1032886337653
 20
-1009.022733868856
 30
0.0
 10
860.2160230087648
 20
-1004.560468243857
 30
0.0
 10
860.4622925400145
 20
-1000.111269025106
 30
0.0
 10
859.1836597275142
 20
-999.0473823063558
 30
0.0
 10
857.6832495712642
 20
-999.4834369938553
 30
0.0
 10
856.2925855087651
 20
-999.4768744938547
 30
0.0
 10
847.9728589462648
 20
-999.4376166813554
 30
0.0
 10
839.6526050400153
 20
-999.4844330876049
 30
0.0
 10
831.3328198837644
 20
-999.4465229313546
 30
0.0
 10
828.118483946264
 20
-999.4318744938546
 30
0.0
 10
828.1198316025148
 20
-999.3651948063552
 30
0.0
 10
828.2659058212648
 20
-996.3178510563548
 30
0.0
 10
828.5297534775145
 20
-990.8112104313559
 30
0.0
 10
829.8990308212651
 20
-985.6166987126062
 30
0.0
 10
832.391550352515
 20
-980.677948712605
 30
0.0
 10
835.4967847275148
 20
-974.5249604313549
 30
0.0
 10
839.5825269150137
 20
-968.9662885563548
 30
0.0
 10
842.9273511337651
 20
-962.9624213688558
 30
0.0
 10
843.3158862900145
 20
-962.264862775105
 30
0.0
 10
843.7669409775153
 20
-961.6024018376056
 30
0.0
 10
844.1628589462653
 20
-960.9087104313558
 30
0.0
 10
849.1897339462648
 20
-952.1010737126062
 30
0.0
 10
848.8722730087648
 20
-948.3743354313547
 30
0.0
 10
842.3488550400143
 20
-940.6531440251047
 30
0.0
 10
840.2814917587639
 20
-938.2062104313563
 30
0.0
 10
837.9328784775153
 20
-936.0357221501063
 30
0.0
 10
835.4990698837646
 20
-933.9472651188562
 30
0.0
 10
830.4873706650142
 20
-929.6466596501059
 30
0.0
 10
826.1745191025148
 20
-924.766327618855
 30
0.0
 10
823.0041284775143
 20
-918.9083002751058
 30
0.0
 10
819.652741758764
 20
-912.7157026188552
 30
0.0
 10
819.3959839462641
 20
-906.9087690251063
 30
0.0
 10
824.002273008764
 20
-901.0558393376059
 30
0.0
 10
826.677077696264
 20
-897.65719675948
 30
0.0
 10
829.539382383764
 20
-894.4394916813553
 30
0.0
 10
832.3044800400148
 20
-891.1295014469806
 30
0.0
 10
833.944284727515
 20
-889.1666694157311
 30
0.0
 10
835.5735425400144
 20
-887.192470196981
 30
0.0
 10
837.137116758764
 20
-885.1689936344801
 30
0.0
 10
842.6878784775145
 20
-877.9857807438557
 30
0.0
 10
843.0773511337648
 20
-870.1923725407314
 30
0.0
 10
839.4846167587639
 20
-862.1317475407313
 30
0.0
 10
838.1260620712637
 20
-859.0838471501056
 30
0.0
 10
836.2012573837637
 20
-856.2864350407299
 30
0.0
 10
834.5102417587641
 20
-853.389003400106
 30
0.0
 10
831.1246362900147
 20
-847.5879877751058
 30
0.0
 10
827.7822730087646
 20
-841.7734955876049
 30
0.0
 10
826.0072925400145
 20
-835.2143061344805
 30
0.0
 10
823.6378198837647
 20
-826.457733868855
 30
0.0
 10
825.0996167587637
 20
-818.4127826969807
 30
0.0
 10
830.5290894150148
 20
-811.1588764469807
 30
0.0
 10
834.4925464462649
 20
-805.863495587605
 30
0.0
 10
839.4549683212645
 20
-801.5605463688562
 30
0.0
 10
844.707429258764
 20
-797.6076655094812
 30
0.0
 10
863.7658667587639
 20
-783.2645600407313
 30
0.0
 10
884.9146948837642
 20
-772.7973432438548
 30
0.0
 10
907.0653589462654
 20
-764.2365619938564
 30
0.0
 10
929.2075855087642
 20
-755.6790326969813
 30
0.0
 10
951.9923511337638
 20
-749.4662494938557
 30
0.0
 10
975.5771558212637
 20
-746.5936323063552
 30
0.0
 10
993.7448511337643
 20
-744.3808393376048
 30
0.0
 10
1011.952565977515
 20
-744.7276850407297
 30
0.0
 10
1030.132800352514
 20
-746.9458686344797
 30
0.0
 10
1072.259655821264
 20
-752.0859174626048
 30
0.0
 10
1110.223015196265
 20
-768.0024994938549
 30
0.0
 10
1145.298991758766
 20
-791.3705951969814
 30
0.0
 10
1152.635222227515
 20
-796.2580463688564
 30
0.0
 10
1159.380769102516
 20
-801.9085932438547
 30
0.0
 10
1165.440417540014
 20
-808.3448530094802
 30
0.0
 10
1168.191218321264
 20
-811.2666010563562
 30
0.0
 10
1170.631530821265
 20
-814.41305613448
 30
0.0
 10
1172.690749571264
 20
-817.8641694157313
 30
0.0
 10
1176.677526915015
 20
-824.5456733219808
 30
0.0
 10
1176.733366758765
 20
-831.4832612126056
 30
0.0
 10
1174.169187071266
 20
-838.6252826969803
 30
0.0
 10
1172.253757383765
 20
-843.960536603231
 30
0.0
 10
1169.205710508764
 20
-848.6094233219801
 30
0.0
 10
1165.692194883764
 20
-853.012421368855
 30
0.0
 10
1161.851081602515
 20
-857.8258393376063
 30
0.0
 10
1160.720398008765
 20
-863.2722162907312
 30
0.0
 10
1162.292468321264
 20
-869.2529682438553
 30
0.0
 10
1163.004851133765
 20
-871.9634272282301
 30
0.0
 10
1164.660124571265
 20
-874.117274884481
 30
0.0
 10
1166.420222227514
 20
-876.1982612126058
 30
0.0
 10
1170.033230040015
 20
-880.4700385563547
 30
0.0
 10
1173.677175352515
 20
-884.7156244938551
 30
0.0
 10
1177.292468321264
 20
-888.985438946981
 30
0.0
 10
1177.807507383764
 20
-889.59364207198
 30
0.0
 10
1178.247429258765
 20
-890.2676166813553
 30
0.0
 10
1178.699011290015
 20
-890.926972150105
 30
0.0
 10
1182.668620665016
 20
-896.7222162907301
 30
0.0
 10
1182.731140196265
 20
-897.5346479313548
 30
0.0
 10
1178.241042540014
 20
-903.0620893376063
 30
0.0
 10
1174.411003477515
 20
-907.7769526188558
 30
0.0
 10
1170.276511290014
 20
-912.2432026188553
 30
0.0
 10
1166.390925352514
 20
-916.9144135563556
 30
0.0
 10
1156.761921446265
 20
-928.4903119938563
 30
0.0
 10
1156.499128477515
 20
-934.5200190251062
 30
0.0
 10
1164.863562071265
 20
-946.9803315251056
 30
0.0
 10
1167.535202696265
 20
-950.9601948063564
 30
0.0
 10
1170.744089415015
 20
-954.5679877751054
 30
0.0
 10
1173.029714415015
 20
-958.8135151188553
 30
0.0
 10
1173.785105040015
 20
-960.2167182438561
 30
0.0
 10
1174.684812071266
 20
-961.5686518376051
 30
0.0
 10
1174.897976133765
 20
-963.1888276188556
 30
0.0
 10
1175.284226133765
 20
-966.1244916813548
 30
0.0
 10
1173.485573790014
 20
-968.329315900105
 30
0.0
 10
1170.550026915014
 20
-967.8425776188551
 30
0.0
 10
1169.063796446264
 20
-967.5961909001062
 30
0.0
 10
1168.569030821265
 20
-967.9072065251048
 30
0.0
 10
1168.062370665015
 20
-968.9688080876049
 30
0.0
 10
1166.686648008765
 20
-971.8518549626051
 30
0.0
 10
1165.260183165015
 20
-974.7137494938552
 30
0.0
 10
1163.985241758764
 20
-977.6412690251063
 30
0.0
 10
1160.223815977515
 20
-986.2782807438552
 30
0.0
 10
1156.865808165016
 20
-995.1059565251062
 30
0.0
 10
1151.660983946265
 20
-1003.045468243854
 30
0.0
 10
1151.143952696266
 20
-1003.834257306356
 30
0.0
 10
1150.709480040015
 20
-1004.753417462605
 30
0.0
 10
1150.522038633766
 20
-1005.670409650105
 30
0.0
 10
1148.357351133765
 20
-1016.256483868856
 30
0.0
 10
1143.353562071265
 20
-1025.786464337605
 30
0.0
 10
1139.446179258764
 20
-1035.724667462604
 30
0.0
 10
1138.940163633764
 20
-1037.011854962606
 30
0.0
 10
1137.942312071265
 20
-1038.208222150104
 30
0.0
 10
1138.509792540015
 20
-1040.738417462606
 30
0.0
  0
HATCH
  5
5C
330
41
100
AcDbEntity
  8
katman 1
 62
     7
420
 16777215
100
AcDbHatch
 10
0.0
 20
0.0
 30
0.0
210
0.0
220
0.0
230
1.0
  2
SOLID
 70
     1
 71
     0
 91
        1
 92
        1
 93
        1
 72
     4
 94
        3
 73
     0
 74
     1
 95
     1046
 96
     1042
 40
0.0
 40
0.0
 40
0.0
 40
0.0
 40
1.0
 40
1.0
 40
1.0
 40
2.0
 40
2.0
 40
2.0
 40
3.0
 40
3.0
 40
3.0
 40
4.0
 40
4.0
 40
4.0
 40
5.0
 40
5.0
 40
5.0
 40
6.0
 40
6.0
 40
6.0
 40
7.0
 40
7.0
 40
7.0
 40
8.0
 40
8.0
 40
8.0
 40
9.0
 40
9.0
 40
9.0
 40
10.0
 40
10.0
 40
10.0
 40
11.0
 40
11.0
 40
11.0
 40
12.0
 40
12.0
 40
12.0
 40
13.0
 40
13.0
 40
13.0
 40
14.0
 40
14.0
 40
14.0
 40
15.0
 40
15.0
 40
15.0
 40
16.0
 40
16.0
 40
16.0
 40
17.0
 40
17.0
 40
17.0
 40
18.0
 40
18.0
 40
18.0
 40
19.0
 40
19.0
 40
19.0
 40
20.0
 40
20.0
 40
20.0
 40
21.0
 40
21.0
 40
21.0
 40
22.0
 40
22.0
 40
22.0
 40
23.0
 40
23.0
 40
23.0
 40
24.0
 40
24.0
 40
24.0
 40
25.0
 40
25.0
 40
25.0
 40
26.0
 40
26.0
 40
26.0
 40
27.0
 40
27.0
 40
27.0
 40
28.0
 40
28.0
 40
28.0
 40
29.0
 40
29.0
 40
29.0
 40
30.0
 40
30.0
 40
30.0
 40
31.0
 40
31.0
 40
31.0
 40
32.0
 40
32.0
 40
32.0
 40
33.0
 40
33.0
 40
33.0
 40
34.0
 40
34.0
 40
34.0
 40
35.0
 40
35.0
 40
35.0
 40
36.0
 40
36.0
 40
36.0
 40
37.0
 40
37.0
 40
37.0
 40
38.0
 40
38.0
 40
38.0
 40
39.0
 40
39.0
 40
39.0
 40
40.0
 40
40.0
 40
40.0
 40
41.0
 40
41.0
 40
41.0
 40
42.0
 40
42.0
 40
42.0
 40
43.0
 40
43.0
 40
43.0
 40
44.0
 40
44.0
 40
44.0
 40
45.0
 40
45.0
 40
45.0
 40
46.0
 40
46.0
 40
46.0
 40
47.0
 40
47.0
 40
47.0
 40
48.0
 40
48.0
 40
48.0
 40
49.0
 40
49.0
 40
49.0
 40
50.0
 40
50.0
 40
50.0
 40
51.0
 40
51.0
 40
51.0
 40
52.0
 40
52.0
 40
52.0
 40
53.0
 40
53.0
 40
53.0
 40
54.0
 40
54.0
 40
54.0
 40
55.0
 40
55.0
 40
55.0
 40
56.0
 40
56.0
 40
56.0
 40
57.0
 40
57.0
 40
57.0
 40
58.0
 40
58.0
 40
58.0
 40
59.0
 40
59.0
 40
59.0
 40
60.0
 40
60.0
 40
60.0
 40
61.0
 40
61.0
 40
61.0
 40
62.0
 40
62.0
 40
62.0
 40
63.0
 40
63.0
 40
63.0
 40
64.0
 40
64.0
 40
64.0
 40
65.0
 40
65.0
 40
65.0
 40
66.0
 40
66.0
 40
66.0
 40
67.0
 40
67.0
 40
67.0
 40
68.0
 40
68.0
 40
68.0
 40
69.0
 40
69.0
 40
69.0
 40
70.0
 40
70.0
 40
70.0
 40
71.0
 40
71.0
 40
71.0
 40
72.0
 40
72.0
 40
72.0
 40
73.0
 40
73.0
 40
73.0
 40
74.0
 40
74.0
 40
74.0
 40
75.0
 40
75.0
 40
75.0
 40
76.0
 40
76.0
 40
76.0
 40
77.0
 40
77.0
 40
77.0
 40
78.0
 40
78.0
 40
78.0
 40
79.0
 40
79.0
 40
79.0
 40
80.0
 40
80.0
 40
80.0
 40
81.0
 40
81.0
 40
81.0
 40
82.0
 40
82.0
 40
82.0
 40
83.0
 40
83.0
 40
83.0
 40
84.0
 40
84.0
 40
84.0
 40
85.0
 40
85.0
 40
85.0
 40
86.0
 40
86.0
 40
86.0
 40
87.0
 40
87.0
 40
87.0
 40
88.0
 40
88.0
 40
88.0
 40
89.0
 40
89.0
 40
89.0
 40
90.0
 40
90.0
 40
90.0
 40
91.0
 40
91.0
 40
91.0
 40
92.0
 40
92.0
 40
92.0
 40
93.0
 40
93.0
 40
93.0
 40
94.0
 40
94.0
 40
94.0
 40
95.0
 40
95.0
 40
95.0
 40
96.0
 40
96.0
 40
96.0
 40
97.0
 40
97.0
 40
97.0
 40
98.0
 40
98.0
 40
98.0
 40
99.0
 40
99.0
 40
99.0
 40
100.0
 40
100.0
 40
100.0
 40
101.0
 40
101.0
 40
101.0
 40
102.0
 40
102.0
 40
102.0
 40
103.0
 40
103.0
 40
103.0
 40
104.0
 40
104.0
 40
104.0
 40
105.0
 40
105.0
 40
105.0
 40
106.0
 40
106.0
 40
106.0
 40
107.0
 40
107.0
 40
107.0
 40
108.0
 40
108.0
 40
108.0
 40
109.0
 40
109.0
 40
109.0
 40
110.0
 40
110.0
 40
110.0
 40
111.0
 40
111.0
 40
111.0
 40
112.0
 40
112.0
 40
112.0
 40
113.0
 40
113.0
 40
113.0
 40
114.0
 40
114.0
 40
114.0
 40
115.0
 40
115.0
 40
115.0
 40
116.0
 40
116.0
 40
116.0
 40
117.0
 40
117.0
 40
117.0
 40
118.0
 40
118.0
 40
118.0
 40
119.0
 40
119.0
 40
119.0
 40
120.0
 40
120.0
 40
120.0
 40
121.0
 40
121.0
 40
121.0
 40
122.0
 40
122.0
 40
122.0
 40
123.0
 40
123.0
 40
123.0
 40
124.0
 40
124.0
 40
124.0
 40
125.0
 40
125.0
 40
125.0
 40
126.0
 40
126.0
 40
126.0
 40
127.0
 40
127.0
 40
127.0
 40
128.0
 40
128.0
 40
128.0
 40
129.0
 40
129.0
 40
129.0
 40
130.0
 40
130.0
 40
130.0
 40
131.0
 40
131.0
 40
131.0
 40
132.0
 40
132.0
 40
132.0
 40
133.0
 40
133.0
 40
133.0
 40
134.0
 40
134.0
 40
134.0
 40
135.0
 40
135.0
 40
135.0
 40
136.0
 40
136.0
 40
136.0
 40
137.0
 40
137.0
 40
137.0
 40
138.0
 40
138.0
 40
138.0
 40
139.0
 40
139.0
 40
139.0
 40
140.0
 40
140.0
 40
140.0
 40
141.0
 40
141.0
 40
141.0
 40
142.0
 40
142.0
 40
142.0
 40
143.0
 40
143.0
 40
143.0
 40
144.0
 40
144.0
 40
144.0
 40
145.0
 40
145.0
 40
145.0
 40
146.0
 40
146.0
 40
146.0
 40
147.0
 40
147.0
 40
147.0
 40
148.0
 40
148.0
 40
148.0
 40
149.0
 40
149.0
 40
149.0
 40
150.0
 40
150.0
 40
150.0
 40
151.0
 40
151.0
 40
151.0
 40
152.0
 40
152.0
 40
152.0
 40
153.0
 40
153.0
 40
153.0
 40
154.0
 40
154.0
 40
154.0
 40
155.0
 40
155.0
 40
155.0
 40
156.0
 40
156.0
 40
156.0
 40
157.0
 40
157.0
 40
157.0
 40
158.0
 40
158.0
 40
158.0
 40
159.0
 40
159.0
 40
159.0
 40
160.0
 40
160.0
 40
160.0
 40
161.0
 40
161.0
 40
161.0
 40
162.0
 40
162.0
 40
162.0
 40
163.0
 40
163.0
 40
163.0
 40
164.0
 40
164.0
 40
164.0
 40
165.0
 40
165.0
 40
165.0
 40
166.0
 40
166.0
 40
166.0
 40
167.0
 40
167.0
 40
167.0
 40
168.0
 40
168.0
 40
168.0
 40
169.0
 40
169.0
 40
169.0
 40
170.0
 40
170.0
 40
170.0
 40
171.0
 40
171.0
 40
171.0
 40
172.0
 40
172.0
 40
172.0
 40
173.0
 40
173.0
 40
173.0
 40
174.0
 40
174.0
 40
174.0
 40
175.0
 40
175.0
 40
175.0
 40
176.0
 40
176.0
 40
176.0
 40
177.0
 40
177.0
 40
177.0
 40
178.0
 40
178.0
 40
178.0
 40
179.0
 40
179.0
 40
179.0
 40
180.0
 40
180.0
 40
180.0
 40
181.0
 40
181.0
 40
181.0
 40
182.0
 40
182.0
 40
182.0
 40
183.0
 40
183.0
 40
183.0
 40
184.0
 40
184.0
 40
184.0
 40
185.0
 40
185.0
 40
185.0
 40
186.0
 40
186.0
 40
186.0
 40
187.0
 40
187.0
 40
187.0
 40
188.0
 40
188.0
 40
188.0
 40
189.0
 40
189.0
 40
189.0
 40
190.0
 40
190.0
 40
190.0
 40
191.0
 40
191.0
 40
191.0
 40
192.0
 40
192.0
 40
192.0
 40
193.0
 40
193.0
 40
193.0
 40
194.0
 40
194.0
 40
194.0
 40
195.0
 40
195.0
 40
195.0
 40
196.0
 40
196.0
 40
196.0
 40
197.0
 40
197.0
 40
197.0
 40
198.0
 40
198.0
 40
198.0
 40
199.0
 40
199.0
 40
199.0
 40
200.0
 40
200.0
 40
200.0
 40
201.0
 40
201.0
 40
201.0
 40
202.0
 40
202.0
 40
202.0
 40
203.0
 40
203.0
 40
203.0
 40
204.0
 40
204.0
 40
204.0
 40
205.0
 40
205.0
 40
205.0
 40
206.0
 40
206.0
 40
206.0
 40
207.0
 40
207.0
 40
207.0
 40
208.0
 40
208.0
 40
208.0
 40
209.0
 40
209.0
 40
209.0
 40
210.0
 40
210.0
 40
210.0
 40
211.0
 40
211.0
 40
211.0
 40
212.0
 40
212.0
 40
212.0
 40
213.0
 40
213.0
 40
213.0
 40
214.0
 40
214.0
 40
214.0
 40
215.0
 40
215.0
 40
215.0
 40
216.0
 40
216.0
 40
216.0
 40
217.0
 40
217.0
 40
217.0
 40
218.0
 40
218.0
 40
218.0
 40
219.0
 40
219.0
 40
219.0
 40
220.0
 40
220.0
 40
220.0
 40
221.0
 40
221.0
 40
221.0
 40
222.0
 40
222.0
 40
222.0
 40
223.0
 40
223.0
 40
223.0
 40
224.0
 40
224.0
 40
224.0
 40
225.0
 40
225.0
 40
225.0
 40
226.0
 40
226.0
 40
226.0
 40
227.0
 40
227.0
 40
227.0
 40
228.0
 40
228.0
 40
228.0
 40
229.0
 40
229.0
 40
229.0
 40
230.0
 40
230.0
 40
230.0
 40
231.0
 40
231.0
 40
231.0
 40
232.0
 40
232.0
 40
232.0
 40
233.0
 40
233.0
 40
233.0
 40
234.0
 40
234.0
 40
234.0
 40
235.0
 40
235.0
 40
235.0
 40
236.0
 40
236.0
 40
236.0
 40
237.0
 40
237.0
 40
237.0
 40
238.0
 40
238.0
 40
238.0
 40
239.0
 40
239.0
 40
239.0
 40
240.0
 40
240.0
 40
240.0
 40
241.0
 40
241.0
 40
241.0
 40
242.0
 40
242.0
 40
242.0
 40
243.0
 40
243.0
 40
243.0
 40
244.0
 40
244.0
 40
244.0
 40
245.0
 40
245.0
 40
245.0
 40
246.0
 40
246.0
 40
246.0
 40
247.0
 40
247.0
 40
247.0
 40
248.0
 40
248.0
 40
248.0
 40
249.0
 40
249.0
 40
249.0
 40
250.0
 40
250.0
 40
250.0
 40
251.0
 40
251.0
 40
251.0
 40
252.0
 40
252.0
 40
252.0
 40
253.0
 40
253.0
 40
253.0
 40
254.0
 40
254.0
 40
254.0
 40
255.0
 40
255.0
 40
255.0
 40
256.0
 40
256.0
 40
256.0
 40
257.0
 40
257.0
 40
257.0
 40
258.0
 40
258.0
 40
258.0
 40
259.0
 40
259.0
 40
259.0
 40
260.0
 40
260.0
 40
260.0
 40
261.0
 40
261.0
 40
261.0
 40
262.0
 40
262.0
 40
262.0
 40
263.0
 40
263.0
 40
263.0
 40
264.0
 40
264.0
 40
264.0
 40
265.0
 40
265.0
 40
265.0
 40
266.0
 40
266.0
 40
266.0
 40
267.0
 40
267.0
 40
267.0
 40
268.0
 40
268.0
 40
268.0
 40
269.0
 40
269.0
 40
269.0
 40
270.0
 40
270.0
 40
270.0
 40
271.0
 40
271.0
 40
271.0
 40
272.0
 40
272.0
 40
272.0
 40
273.0
 40
273.0
 40
273.0
 40
274.0
 40
274.0
 40
274.0
 40
275.0
 40
275.0
 40
275.0
 40
276.0
 40
276.0
 40
276.0
 40
277.0
 40
277.0
 40
277.0
 40
278.0
 40
278.0
 40
278.0
 40
279.0
 40
279.0
 40
279.0
 40
280.0
 40
280.0
 40
280.0
 40
281.0
 40
281.0
 40
281.0
 40
282.0
 40
282.0
 40
282.0
 40
283.0
 40
283.0
 40
283.0
 40
284.0
 40
284.0
 40
284.0
 40
285.0
 40
285.0
 40
285.0
 40
286.0
 40
286.0
 40
286.0
 40
287.0
 40
287.0
 40
287.0
 40
288.0
 40
288.0
 40
288.0
 40
289.0
 40
289.0
 40
289.0
 40
290.0
 40
290.0
 40
290.0
 40
291.0
 40
291.0
 40
291.0
 40
292.0
 40
292.0
 40
292.0
 40
293.0
 40
293.0
 40
293.0
 40
294.0
 40
294.0
 40
294.0
 40
295.0
 40
295.0
 40
295.0
 40
296.0
 40
296.0
 40
296.0
 40
297.0
 40
297.0
 40
297.0
 40
298.0
 40
298.0
 40
298.0
 40
299.0
 40
299.0
 40
299.0
 40
300.0
 40
300.0
 40
300.0
 40
301.0
 40
301.0
 40
301.0
 40
302.0
 40
302.0
 40
302.0
 40
303.0
 40
303.0
 40
303.0
 40
304.0
 40
304.0
 40
304.0
 40
305.0
 40
305.0
 40
305.0
 40
306.0
 40
306.0
 40
306.0
 40
307.0
 40
307.0
 40
307.0
 40
308.0
 40
308.0
 40
308.0
 40
309.0
 40
309.0
 40
309.0
 40
310.0
 40
310.0
 40
310.0
 40
311.0
 40
311.0
 40
311.0
 40
312.0
 40
312.0
 40
312.0
 40
313.0
 40
313.0
 40
313.0
 40
314.0
 40
314.0
 40
314.0
 40
315.0
 40
315.0
 40
315.0
 40
316.0
 40
316.0
 40
316.0
 40
317.0
 40
317.0
 40
317.0
 40
318.0
 40
318.0
 40
318.0
 40
319.0
 40
319.0
 40
319.0
 40
320.0
 40
320.0
 40
320.0
 40
321.0
 40
321.0
 40
321.0
 40
322.0
 40
322.0
 40
322.0
 40
323.0
 40
323.0
 40
323.0
 40
324.0
 40
324.0
 40
324.0
 40
325.0
 40
325.0
 40
325.0
 40
326.0
 40
326.0
 40
326.0
 40
327.0
 40
327.0
 40
327.0
 40
328.0
 40
328.0
 40
328.0
 40
329.0
 40
329.0
 40
329.0
 40
330.0
 40
330.0
 40
330.0
 40
331.0
 40
331.0
 40
331.0
 40
332.0
 40
332.0
 40
332.0
 40
333.0
 40
333.0
 40
333.0
 40
334.0
 40
334.0
 40
334.0
 40
335.0
 40
335.0
 40
335.0
 40
336.0
 40
336.0
 40
336.0
 40
337.0
 40
337.0
 40
337.0
 40
338.0
 40
338.0
 40
338.0
 40
339.0
 40
339.0
 40
339.0
 40
340.0
 40
340.0
 40
340.0
 40
341.0
 40
341.0
 40
341.0
 40
342.0
 40
342.0
 40
342.0
 40
343.0
 40
343.0
 40
343.0
 40
344.0
 40
344.0
 40
344.0
 40
345.0
 40
345.0
 40
345.0
 40
346.0
 40
346.0
 40
346.0
 40
347.0
 40
347.0
 40
347.0
 40
347.0
 10
1138.509792540015
 20
-1040.738417462606
 10
1142.660339415015
 20
-1034.543417462606
 10
1146.441511290015
 20
-1028.899667462607
 10
1150.736257383765
 20
-1022.489452618855
 10
1153.843718321265
 20
-1050.219765118854
 10
1162.301608946265
 20
-1076.134667462604
 10
1162.918190977514
 20
-1103.386679181356
 10
1161.840476133764
 20
-1103.823319806354
 10
1161.213112852514
 20
-1102.566952618854
 10
1160.456315977515
 20
-1101.935370587606
 10
1154.811628477515
 20
-1097.224726056356
 10
1148.838874571265
 20
-1092.904960431355
 10
1143.597546446264
 20
-1087.709862775104
 10
1141.348425352515
 20
-1085.480604962606
 10
1140.059597227515
 20
-1083.026640118856
 10
1139.785319883766
 20
-1079.748202618855
 10
1139.147233946265
 20
-1072.119823712605
 10
1135.831296446266
 20
-1065.328222150107
 10
1132.462214415014
 20
-1058.594511212606
 10
1128.806960508764
 20
-1051.288866681356
 10
1123.952644102515
 20
-1044.693378400105
 10
1120.008171446265
 20
-1037.561171368856
 10
1115.981667540014
 20
-1030.280722150106
 10
1112.338308165015
 20
-1022.856776837605
 10
1110.278151915014
 20
-1014.703808087605
 10
1109.162175352516
 20
-1010.287772931355
 10
1109.998073790015
 20
-1006.106933087605
 10
1110.917175352515
 20
-1001.923983868855
 10
1112.218659727516
 20
-996.000214337605
 10
1113.724929258764
 20
-990.113417462605
 10
1115.373698790016
 20
-984.2757807438547
 10
1117.887136290015
 20
-975.3765034001053
 10
1118.386413633765
 20
-966.3174994938554
 10
1117.747858946264
 20
-957.1779291813555
 10
1117.414167540015
 20
-952.4014252751049
 10
1117.238503477514
 20
-947.6141401188552
 10
1116.446608946264
 20
-942.8567377751051
 10
1114.466315977515
 20
-930.960097150105
 10
1107.979812071264
 20
-921.6486713688564
 10
1099.926687071265
 20
-913.1774799626064
 10
1099.391960508765
 20
-912.6149213688559
 10
1098.785866758764
 20
-912.0353119938563
 10
1097.758776915014
 20
-912.3118159001051
 10
1096.972917540015
 20
-913.5926752751047
 10
1097.892136290015
 20
-914.7074213688547
 10
1098.420534727515
 20
-915.6991205876047
 10
1109.653483946266
 20
-936.7840815251047
 10
1110.114616758765
 20
-958.7903119938555
 10
1104.218151915014
 20
-981.387050275106
 10
1101.920280821265
 20
-990.1931049626064
 10
1099.582917540016
 20
-998.9790619938549
 10
1098.589108946266
 20
-1008.086288556355
 10
1097.835944883765
 20
-1014.987929181356
 10
1098.846042540015
 20
-1021.460546368857
 10
1101.807077696265
 20
-1027.662108868855
 10
1105.329675352516
 20
-1035.040116681354
 10
1109.775593321265
 20
-1041.873964337607
 10
1114.366882383765
 20
-1048.615644025107
 10
1122.125280821265
 20
-1060.008026837604
 10
1127.459831602515
 20
-1072.327245587607
 10
1129.210554258765
 20
-1086.127479962604
 10
1130.123620665016
 20
-1093.324843243856
 10
1129.470944883766
 20
-1100.082577618854
 10
1125.828581602515
 20
-1106.522968243855
 10
1123.393894102515
 20
-1110.827968243855
 10
1121.286687071266
 20
-1115.330019025107
 10
1119.234265196264
 20
-1119.835644025105
 10
1117.559069883764
 20
-1123.513163556356
 10
1117.712585508765
 20
-1124.180663556355
 10
1120.873542540015
 20
-1126.821601056356
 10
1123.068640196265
 20
-1128.655702618857
 10
1125.459675352515
 20
-1130.315487775104
 10
1127.946980040015
 20
-1131.729999493855
 10
1145.013757383766
 20
-1141.436054181355
 10
1163.017507383765
 20
-1148.682753400106
 10
1182.439050352516
 20
-1152.099354962604
 10
1184.166218321265
 20
-1152.403280743856
 10
1185.931882383766
 20
-1152.519882306355
 10
1187.685476133765
 20
-1152.636659650107
 10
1195.677312071266
 20
-1153.169042462607
 10
1201.451140196265
 20
-1147.815858868857
 10
1201.491569883765
 20
-1139.751425275106
 10
1201.512605040016
 20
-1135.551308087604
 10
1200.306511290015
 20
-1131.552108868855
 10
1199.129480040016
 20
-1127.565448712605
 10
1195.738659727514
 20
-1116.080019025107
 10
1191.367273008766
 20
-1104.893007306357
 10
1188.725808165014
 20
-1093.178241681355
 10
1187.107448790015
 20
-1086.000741681357
 10
1185.753464415015
 20
-1078.798925275107
 10
1185.398913633764
 20
-1071.421444806354
 10
1185.059069883764
 20
-1064.350116681355
 10
1187.052429258765
 20
-1057.832440900107
 10
1189.787233946265
 20
-1051.474022931354
 10
1195.061843321264
 20
-1039.210585431356
 10
1201.887898008765
 20
-1027.890624493855
 10
1210.459226133766
 20
-1017.630272931354
 10
1212.814636290015
 20
-1014.810683087606
 10
1215.040319883765
 20
-1011.879647931357
 10
1217.246960508764
 20
-1008.940761212605
 10
1217.907312071266
 20
-1008.061327618856
 10
1218.449948790016
 20
-1007.029667462604
 10
1218.784636290015
 20
-1005.983886212605
 10
1219.346023008764
 20
-1004.229765118856
 10
1218.283483946265
 20
-1003.218436993855
 10
1216.443991758764
 20
-1003.663046368856
 10
1214.847605040015
 20
-1004.048886212604
 10
1213.581628477516
 20
-1005.084706525104
 10
1212.318933165016
 20
-1006.044530743857
 10
1209.529401915015
 20
-1008.164921368854
 10
1206.811999571264
 20
-1010.380116681354
 10
1203.739343321266
 20
-1012.814862775107
 10
1198.899792540014
 20
-1004.264745587607
 10
1196.268464415016
 20
-994.7525190251063
 10
1189.980476133765
 20
-986.5077924626048
 10
1187.897585508765
 20
-989.3228119938549
 10
1188.429851133766
 20
-991.896132306355
 10
1188.390065977515
 20
-994.2977143376056
 10
1188.293210508766
 20
-1000.131835431354
 10
1188.915886290015
 20
-999.4258979313554
 10
1183.291999571265
 20
-999.4508002751054
 10
1179.135358946265
 20
-999.4691987126052
 10
1174.960437071264
 20
-999.6743354313558
 10
1170.849323790015
 20
-998.8591205876046
 10
1168.193327696265
 20
-998.3324213688547
 10
1167.770222227515
 20
-997.6963276188553
 10
1169.059226133764
 20
-995.2999018376058
 10
1171.555495665014
 20
-990.6591010563561
 10
1174.263874571265
 20
-986.130507306355
 10
1176.949753477515
 20
-981.5941791813557
 10
1179.464655821264
 20
-977.3466010563561
 10
1182.064284727514
 20
-973.149179181356
 10
1184.626120665014
 20
-968.9304877751047
 10
1184.075163633765
 20
-968.6030073063548
 10
1183.735261290016
 20
-968.2891791813554
 10
1183.629909727515
 20
-968.3543940251047
 10
1179.419480040015
 20
-970.9595893376054
 10
1179.387839415014
 20
-970.9729487126051
 10
1178.182448790014
 20
-966.3507807438555
 10
1177.537800352515
 20
-963.8790619938563
 10
1177.146452696265
 20
-961.3386127751064
 10
1176.445671446265
 20
-958.8848823063554
 10
1175.079851133765
 20
-954.1026362126058
 10
1173.115319883766
 20
-949.601405743856
 10
1170.342136290015
 20
-945.4132416813563
 10
1164.831804258765
 20
-937.0912885563548
 10
1165.404265196265
 20
-929.4022651188561
 10
1171.965476133764
 20
-921.7810346501055
 10
1174.050241758765
 20
-919.3594721501058
 10
1176.342253477515
 20
-917.1167963688558
 10
1178.527565977514
 20
-914.7811323063552
 10
1180.603483946265
 20
-912.5625385563553
 10
1182.783230040015
 20
-910.4275580876047
 10
1184.708972227514
 20
-908.0845112126053
 10
1190.959870665016
 20
-900.479218243855
 10
1191.180710508765
 20
-895.0256342594812
 10
1185.664929258764
 20
-886.7698334782299
 10
1182.728034727515
 20
-882.3740424626058
 10
1179.576335508766
 20
-878.1003022282302
 10
1175.730769102514
 20
-874.4791498844797
 10
1171.876472227515
 20
-870.8497651188563
 10
1171.178151915015
 20
-866.5851069157297
 10
1172.251589415015
 20
-861.7673530094808
 10
1172.632097227515
 20
-860.059579571981
 10
1173.141921446264
 20
-858.3363373844813
 10
1173.891276915016
 20
-856.7622455876053
 10
1178.622839415015
 20
-846.8229291813559
 10
1182.942605040014
 20
-836.7262006657302
 10
1185.739284727515
 20
-826.2289838688548
 10
1187.096374571265
 20
-825.7779291813558
 10
1187.421921446265
 20
-826.6903510563561
 10
1187.877780821265
 20
-827.2527338688551
 10
1220.366374571266
 20
-867.3299799626047
 10
1240.611159727514
 20
-913.0619916813548
 10
1250.415593321266
 20
-963.5194721501057
 10
1254.521491758765
 20
-984.6504291813553
 10
1255.716862852516
 20
-1006.064862775107
 10
1254.195710508766
 20
-1027.524647931354
 10
1251.419655821264
 20
-1066.686718243855
 10
1239.131374571265
 20
-1102.809765118855
 10
1218.675007383765
 20
-1136.263222150104
 10
1201.908347227514
 20
-1163.682811993855
 10
1179.440398008765
 20
-1185.793866681357
 10
1154.551003477514
 20
-1205.667226056354
 10
1149.553659727515
 20
-1209.657519025106
 10
1144.026042540016
 20
-1212.930741681354
 10
1138.378718321264
 20
-1215.944921368857
 10
1135.116452696266
 20
-1217.686210431355
 10
1134.066276915015
 20
-1217.433612775105
 10
1133.131530821265
 20
-1213.950097150104
 10
1130.588972227515
 20
-1204.474784650105
 10
1125.006628477515
 20
-1196.664530743856
 10
1119.823073790014
 20
-1188.615800275104
 10
1116.188913633765
 20
-1182.972987775105
 10
1112.448112852515
 20
-1177.395741681354
 10
1108.937702696265
 20
-1171.676991681354
 10
1104.942546446266
 20
-1165.168397931357
 10
1102.273835508766
 20
-1158.221464337606
 10
1102.798776915015
 20
-1150.368612775106
 10
1102.856843321266
 20
-1149.499843243855
 10
1103.050905821265
 20
-1148.479374493854
 10
1101.944597227515
 20
-1147.531327618854
 10
1100.111491758766
 20
-1148.392245587605
 10
1099.573894102516
 20
-1150.224940900105
 10
1099.085749571264
 20
-1151.971386212605
 10
1097.065671446266
 20
-1159.198104962605
 10
1097.755730040015
 20
-1166.192616681354
 10
1100.994382383766
 20
-1172.967636212605
 10
1104.929362852516
 20
-1181.199120587604
 10
1109.619733946265
 20
-1189.009550275106
 10
1114.211315977514
 20
-1196.875585431357
 10
1117.515593321265
 20
-1202.536093243856
 10
1120.763913633766
 20
-1208.227655743856
 10
1123.479733946266
 20
-1214.199003400106
 10
1124.336198790015
 20
-1216.082147931356
 10
1125.116550352515
 20
-1218.025233868855
 10
1125.672780821265
 20
-1220.013378400105
 10
1126.433562071265
 20
-1222.732421368855
 10
1125.816218321264
 20
-1225.109452618854
 10
1123.200065977515
 20
-1226.624335431356
 10
1120.297038633766
 20
-1228.305331525105
 10
1117.361901915016
 20
-1229.930839337605
 10
1114.454538633765
 20
-1231.604628400106
 10
1112.643581602515
 20
-1232.647128400105
 10
1111.839089415014
 20
-1231.883124493856
 10
1111.486765196265
 20
-1230.078319806355
 10
1110.967097227514
 20
-1227.416112775107
 10
1110.496882383764
 20
-1224.738554181356
 10
1109.832839415014
 20
-1222.111269025107
 10
1107.520261290016
 20
-1212.961269025105
 10
1102.725944883765
 20
-1205.045019025107
 10
1097.317507383765
 20
-1197.466269025106
 10
1091.811921446266
 20
-1189.751405743857
 10
1086.978523008765
 20
-1181.667401837607
 10
1084.008405821265
 20
-1172.627265118856
 10
1081.909460508765
 20
-1166.238729962606
 10
1080.340554258764
 20
-1159.750644025105
 10
1081.356452696265
 20
-1152.867577618854
 10
1081.958855040015
 20
-1148.786054181357
 10
1083.452409727515
 20
-1145.221796368856
 10
1085.852233946265
 20
-1141.920976056354
 10
1091.305026915015
 20
-1134.420683087606
 10
1096.787233946265
 20
-1126.938436993856
 10
1102.070398008766
 20
-1119.319022931355
 10
1106.910651915015
 20
-1112.338397931355
 10
1110.967565977515
 20
-1104.921483868857
 10
1113.665749571264
 20
-1096.805487775106
 10
1114.937175352516
 20
-1092.981073712606
 10
1115.562956602515
 20
-1089.049784650106
 10
1116.029421446265
 20
-1085.084276837606
 10
1116.648288633765
 20
-1079.823671368857
 10
1115.402819883764
 20
-1074.974921368856
 10
1112.771374571264
 20
-1070.382284650106
 10
1106.092917540014
 20
-1058.726640118854
 10
1099.112233946265
 20
-1047.259315900104
 10
1091.525749571265
 20
-1036.173085431354
 10
1086.055202696265
 20
-1028.178847150106
 10
1083.635573790014
 20
-1019.610331525106
 10
1085.266823790014
 20
-1009.869589337606
 10
1086.301999571266
 20
-1003.688827618855
 10
1087.974499571264
 20
-997.721405743855
 10
1089.837136290014
 20
-991.777479962605
 10
1094.253581602516
 20
-977.6833979313551
 10
1097.531960508764
 20
-963.4069721501064
 10
1097.166394102514
 20
-948.4937494938558
 10
1096.873132383766
 20
-936.5310737126047
 10
1093.530827696266
 20
-925.5107026188552
 10
1087.193855040015
 20
-915.3957807438555
 10
1083.745905821264
 20
-909.892304181355
 10
1080.299421446265
 20
-906.5163080876055
 10
1074.618405821266
 20
-902.8399018376049
 10
1074.454694883765
 20
-904.2623823063559
 10
1075.199304258766
 20
-905.2448237126055
 10
1075.709831602515
 20
-906.3051362126052
 10
1078.412937071265
 20
-911.9186518376055
 10
1081.126062071266
 20
-917.5276557438547
 10
1083.778190977515
 20
-923.1653119938555
 10
1085.282585508765
 20
-926.3632416813552
 10
1086.295378477515
 20
-929.7206049626047
 10
1086.707937071265
 20
-933.248300275106
 10
1089.131198790015
 20
-953.9705073063551
 10
1087.672038633766
 20
-974.0849213688552
 10
1077.764069883766
 20
-992.9863862126049
 10
1070.868347227515
 20
-1006.141386212606
 10
1071.253366758765
 20
-1019.373612775104
 10
1077.825534727515
 20
-1032.570624493856
 10
1079.825515196264
 20
-1036.586698712606
 10
1082.119401915015
 20
-1040.413749493855
 10
1084.606765196264
 20
-1044.142011212607
 10
1091.385065977514
 20
-1054.301874493856
 10
1096.692019102515
 20
-1065.177343243857
 10
1100.494929258764
 20
-1076.796659650106
 10
1102.410417540015
 20
-1082.648944806355
 10
1102.821980040015
 20
-1088.677069806356
 10
1103.114714415015
 20
-1094.755644025106
 10
1103.219128477514
 20
-1096.923085431354
 10
1102.001608946264
 20
-1098.337011212607
 10
1100.932741758765
 20
-1099.906327618854
 10
1092.924206602514
 20
-1111.664745587605
 10
1084.611804258764
 20
-1123.215331525105
 10
1076.973405821265
 20
-1135.227167462606
 10
1071.511355040015
 20
-1143.816601056355
 10
1068.393698790014
 20
-1152.945800275105
 10
1068.969148008766
 20
-1163.314022931354
 10
1069.241726133765
 20
-1168.226171368857
 10
1070.100886290014
 20
-1172.821444806355
 10
1072.473933165014
 20
-1177.094511212606
 10
1075.577585508765
 20
-1182.683065900106
 10
1078.827312071266
 20
-1188.190761212605
 10
1081.902194883765
 20
-1193.794726056356
 10
1084.591120665014
 20
-1198.695448712606
 10
1087.124187071266
 20
-1203.681776837606
 10
1089.727917540014
 20
-1208.629315900107
 10
1094.611648008764
 20
-1217.909218243854
 10
1096.089558165015
 20
-1227.968124493855
 10
1096.596276915016
 20
-1238.269198712605
 10
1096.677429258765
 20
-1239.919257306356
 10
1095.975124571265
 20
-1240.492186993855
 10
1094.551999571266
 20
-1240.908026837606
 10
1090.260124571265
 20
-1242.162167462604
 10
1085.973054258766
 20
-1243.447362775107
 10
1081.743464415014
 20
-1244.893983868857
 10
1079.756081602514
 20
-1245.573729962605
 10
1079.113132383765
 20
-1244.698808087604
 10
1078.823913633765
 20
-1243.031933087605
 10
1078.714929258766
 20
-1242.403925275106
 10
1078.651589415014
 20
-1241.762499493856
 10
1078.632722227516
 20
-1241.125175275105
 10
1078.148913633764
 20
-1224.840272931357
 10
1072.141472227515
 20
-1210.309784650104
 10
1064.321667540014
 20
-1196.384628400105
 10
1061.033151915015
 20
-1190.528593243856
 10
1057.693308165015
 20
-1184.725409650106
 10
1055.359167540015
 20
-1178.387323712606
 10
1051.908405821265
 20
-1169.017128400104
 10
1051.343972227514
 20
-1159.344003400107
 10
1052.218601133765
 20
-1149.544433087605
 10
1052.854870665014
 20
-1142.415214337605
 10
1056.469284727515
 20
-1136.550272931356
 10
1060.896159727516
 20
-1131.169960431354
 10
1066.689440977514
 20
-1124.129101056355
 10
1072.445749571265
 20
-1117.074940900104
 10
1077.251901915015
 20
-1109.291698712605
 10
1081.683757383766
 20
-1102.114726056356
 10
1084.866159727515
 20
-1094.506269025107
 10
1085.333855040015
 20
-1086.002499493854
 10
1085.842683165016
 20
-1076.750370587604
 10
1082.991921446264
 20
-1068.369940900106
 10
1078.261823790015
 20
-1060.532382306355
 10
1076.104870665014
 20
-1056.958515118855
 10
1073.491413633765
 20
-1053.729237775104
 10
1070.912058165015
 20
-1050.467030743854
 10
1064.166921446265
 20
-1041.936542462605
 10
1059.399323790016
 20
-1032.480097150106
 10
1057.299851133765
 20
-1021.726269025105
 10
1055.946511290014
 20
-1014.794159650104
 10
1056.293796446265
 20
-1008.088515118856
 10
1059.020163633764
 20
-1001.506972150106
 10
1063.852273008764
 20
-989.8420698063555
 10
1068.107468321265
 20
-977.9836323063564
 10
1071.608562071266
 20
-965.8304682438547
 10
1077.395105040016
 20
-945.7440619938561
 10
1074.772214415016
 20
-926.9454877751059
 10
1063.746921446265
 20
-909.2817573063558
 10
1060.588015196265
 20
-904.220839337605
 10
1056.594616758764
 20
-899.8820307438555
 10
1051.512253477515
 20
-896.3497358219802
 10
1050.734597227514
 20
-897.8583198063561
 10
1051.845593321264
 20
-898.8010932438547
 10
1052.351140196266
 20
-899.7708198063547
 10
1055.231023008766
 20
-905.2944526188558
 10
1058.268230040016
 20
-910.7329487126053
 10
1060.622585508765
 20
-916.5211909001055
 10
1067.659636290015
 20
-933.8218744938558
 10
1066.845769102516
 20
-951.1318744938553
 10
1060.990671446265
 20
-968.5411323063554
 10
1058.079382383765
 20
-977.1975385563555
 10
1054.105085508765
 20
-985.3902338688558
 10
1050.539245665015
 20
-993.7633393376063
 10
1048.597097227515
 20
-998.3238080876063
 10
1046.995085508765
 20
-1002.993495587605
 10
1045.903542540014
 20
-1007.849686993854
 10
1043.833483946264
 20
-1017.059159650104
 10
1044.648698790015
 20
-1025.941854962606
 10
1048.536218321266
 20
-1034.544882306356
 10
1050.848386290016
 20
-1039.661464337605
 10
1053.802273008765
 20
-1044.400526837606
 10
1056.911667540015
 20
-1049.061483868856
 10
1062.148776915015
 20
-1056.911874493857
 10
1066.878288633765
 20
-1064.999218243855
 10
1070.436218321265
 20
-1073.824081525105
 10
1074.179128477515
 20
-1083.107440900105
 10
1073.207175352514
 20
-1091.608163556357
 10
1067.973171446265
 20
-1099.846034650105
 10
1063.086804258764
 20
-1107.536640118855
 10
1058.021843321265
 20
-1115.115448712604
 10
1053.228991758764
 20
-1122.863183087604
 10
1049.028933165015
 20
-1129.652792462606
 10
1045.078132383765
 20
-1136.597206525104
 10
1041.053737852515
 20
-1143.494511212604
 10
1037.893425352515
 20
-1148.911151837605
 10
1037.568405821265
 20
-1154.687675275105
 10
1039.060202696264
 20
-1160.652108868857
 10
1041.012429258764
 20
-1168.456796368857
 10
1044.442390196265
 20
-1175.675839337604
 10
1047.936394102515
 20
-1182.864940900105
 10
1053.601940977514
 20
-1194.522284650106
 10
1058.768503477515
 20
-1206.370585431356
 10
1061.972526915015
 20
-1218.984706525105
 10
1063.632019102515
 20
-1225.517968243854
 10
1064.720925352514
 20
-1232.110058087605
 10
1064.437214415015
 20
-1238.890819806355
 10
1064.335671446264
 20
-1241.317655743856
 10
1063.919245665014
 20
-1243.678456525104
 10
1063.140183165015
 20
-1245.935604962604
 10
1062.160437071265
 20
-1248.773944806355
 10
1060.580925352515
 20
-1250.954394025106
 10
1057.097761290015
 20
-1251.256210431355
 10
1054.387858946266
 20
-1251.490995587606
 10
1051.952644102515
 20
-1252.883886212607
 10
1049.494987852515
 20
-1254.059569806355
 10
1047.666687071265
 20
-1254.934140118854
 10
1045.907526915014
 20
-1256.220565900105
 10
1043.678796446266
 20
-1255.755507306356
 10
1042.678776915016
 20
-1254.188710431354
 10
1043.271804258764
 20
-1252.640780743855
 10
1043.583171446266
 20
-1251.085819806354
 10
1046.856218321265
 20
-1234.738866681357
 10
1046.350378477515
 20
-1218.733046368856
 10
1039.865808165016
 20
-1203.087929181354
 10
1035.701140196265
 20
-1193.039862775106
 10
1030.585319883765
 20
-1183.436698712605
 10
1026.436940977515
 20
-1173.393202618856
 10
1023.750827696265
 20
-1166.889882306354
 10
1021.234401915015
 20
-1160.338222150105
 10
1021.074558165015
 20
-1153.135878400106
 10
1020.972780821265
 20
-1148.553026837606
 10
1021.976901915015
 20
-1144.281718243856
 10
1023.881023008766
 20
-1140.148104962605
 10
1026.034929258765
 20
-1135.472323712605
 10
1028.839343321264
 20
-1131.202128400106
 10
1031.909831602516
 20
-1127.108124493854
 10
1039.209968321265
 20
-1117.374003400106
 10
1045.724597227514
 20
-1107.140956525105
 10
1051.885671446265
 20
-1096.653554181354
 10
1056.822780821265
 20
-1088.249452618857
 10
1057.285671446265
 20
-1079.817636212607
 10
1053.214226133765
 20
-1071.023358868857
 10
1050.434773008765
 20
-1065.019901837604
 10
1046.609655821265
 20
-1059.717519025104
 10
1042.441940977515
 20
-1054.639257306357
 10
1039.090730040016
 20
-1050.555917462607
 10
1035.916648008764
 20
-1046.346073712604
 10
1033.022761290014
 20
-1041.925468243855
 10
1031.351433165015
 20
-1039.372362775106
 10
1029.702722227516
 20
-1036.748651837606
 10
1029.210476133765
 20
-1033.722343243855
 10
1028.769558165015
 20
-1031.011151837607
 10
1027.360085508764
 20
-1030.411386212607
 10
1024.915202696266
 20
-1030.626776837606
 10
1021.572546446265
 20
-1030.921210431356
 10
1018.211081602514
 20
-1031.016425275106
 10
1014.855886290015
 20
-1031.150429181354
 10
1005.569480040014
 20
-1031.521444806356
 10
996.3144214462645
 20
-1031.202811993855
 10
987.1119214462651
 20
-1029.812323712606
 10
977.9475073837639
 20
-1028.427460431354
 10
975.8475073837653
 20
-1029.136620587604
 10
971.5645386337637
 20
-1037.114218243856
 10
966.707058165015
 20
-1046.162206525107
 10
961.0434448837641
 20
-1054.598241681357
 10
954.9659253525151
 20
-1062.864940900105
 10
944.2321362900148
 20
-1077.464921368854
 10
944.6428784775144
 20
-1093.153515118855
 10
955.655105040014
 20
-1107.604608868856
 10
959.1404956650149
 20
-1112.178436993854
 10
963.0771167587645
 20
-1116.406444806355
 10
966.6188745712643
 20
-1120.939784650105
 10
972.4549292587653
 20
-1128.409491681356
 10
977.3444605087643
 20
-1136.400624493854
 10
980.1611206650141
 20
-1145.582558087604
 10
981.7623706650138
 20
-1150.802558087606
 10
981.9054566025152
 20
-1155.880761212604
 10
980.5404566025154
 20
-1161.142186993857
 10
977.7589526962638
 20
-1171.863026837604
 10
973.8382691025145
 20
-1182.121503400107
 10
968.6382495712642
 20
-1191.901269025104
 10
963.5921558212649
 20
-1201.391522931357
 10
959.384187071264
 20
-1211.187519025105
 10
957.5265308212638
 20
-1221.878007306354
 10
955.8541480087642
 20
-1231.502147931355
 10
956.0523706650147
 20
-1240.947050275106
 10
959.4791675400138
 20
-1250.214061993855
 10
960.8274097275153
 20
-1253.860175275106
 10
960.3666870712641
 20
-1254.454315900104
 10
956.4885425400153
 20
-1253.952929181356
 10
952.6886792587648
 20
-1253.461561993856
 10
948.878855040015
 20
-1252.889335431355
 10
945.154812071265
 20
-1252.008495587605
 10
940.4385425400142
 20
-1250.892987775107
 10
939.1678198837653
 20
-1249.085546368857
 10
939.283718321265
 20
-1244.149843243857
 10
939.5073706650146
 20
-1234.621679181357
 10
941.9010425400138
 20
-1225.513866681355
 10
944.8860425400144
 20
-1216.541405743854
 10
947.2094605087641
 20
-1209.557616681355
 10
950.122097227515
 20
-1202.812831525105
 10
953.369655821265
 20
-1196.211952618854
 10
958.3986401962648
 20
-1185.989979962604
 10
962.613112852514
 20
-1175.507265118857
 10
964.0877417587653
 20
-1164.089862775105
 10
965.5948316025151
 20
-1152.421210431356
 10
964.183015196264
 20
-1141.494179181354
 10
956.8088159775143
 20
-1131.791054181354
 10
951.198757383765
 20
-1124.409120587607
 10
946.0386987900147
 20
-1116.681308087605
 10
940.3368823837645
 20
-1109.373905743854
 10
930.011140196264
 20
-1096.140507306354
 10
930.0295972275144
 20
-1082.081288556354
 10
936.4163159775144
 20
-1067.392772931355
 10
940.059030821265
 20
-1059.015097150106
 10
944.9479175400138
 20
-1051.307968243855
 10
949.6071167587652
 20
-1043.482714337606
 10
952.227077696265
 20
-1039.082382306355
 10
954.6451245712651
 20
-1034.583436993857
 10
956.4953980087648
 20
-1029.797323712606
 10
959.3654370712648
 20
-1022.373495587606
 10
959.5991675400146
 20
-1014.873436993854
 10
957.284128477515
 20
-1007.251327618855
 10
955.5119605087639
 20
-1001.416854962605
 10
953.0130542587649
 20
-995.9016596501051
 10
950.3342651962648
 20
-990.4444135563563
 10
945.967800352515
 20
-981.5491791813556
 10
941.4634644150137
 20
-972.6596284001052
 10
939.4268042587646
 20
-962.8843744938558
 10
934.9205347275147
 20
-941.2567768376057
 10
936.3767651962644
 20
-920.572890118855
 10
949.9185425400137
 20
-902.0091010563547
 10
950.7556128525139
 20
-900.8616303532299
 10
951.4319019150153
 20
-899.5969135563564
 10
952.8097339462638
 20
-897.3769428532314
 10
949.0865112900137
 20
-898.778651837606
 10
946.7252417587642
 20
-900.3347846501047
 10
944.6967847275137
 20
-902.4523041813563
 10
936.9504566025153
 20
-910.5385932438558
 10
932.4625269150147
 20
-920.3185346501059
 10
930.0482300400145
 20
-931.1102143376056
 10
927.2150464462648
 20
-943.7746088688555
 10
928.7861206650141
 20
-956.222792462605
 10
932.2655933212645
 20
-968.5270112126063
 10
934.7040308212654
 20
-977.1497260563565
 10
937.8887183212646
 20
-985.5107026188552
 10
941.4605933212642
 20
-993.718515118856
 10
946.0986987900142
 20
-1004.376483868855
 10
946.3878589462638
 20
-1015.409101056357
 10
944.4668042587637
 20
-1026.639179181355
 10
943.5344019150143
 20
-1032.090155743856
 10
941.1048706650145
 20
-1036.960819806354
 10
938.1015308212645
 20
-1041.524628400104
 10
934.7638550400152
 20
-1046.596620587607
 10
931.2066870712642
 20
-1051.523710431356
 10
927.8264722275144
 20
-1056.568397931354
 10
924.1631323837646
 20
-1062.035546368854
 10
921.1402808212642
 20
-1067.831405743855
 10
919.2716089462647
 20
-1074.177753400105
 10
915.4273316025137
 20
-1087.233964337604
 10
916.6184253525153
 20
-1099.486854962604
 10
925.2123706650145
 20
-1110.489765118855
 10
928.6564526962648
 20
-1114.899237775106
 10
932.2415112900144
 20
-1119.198729962605
 10
935.7700855087642
 20
-1123.541991681355
 10
938.4959839462645
 20
-1126.897245587606
 10
941.1472339462653
 20
-1130.324394025105
 10
943.2735425400151
 20
-1134.084530743854
 10
951.2463355087639
 20
-1148.183124493855
 10
952.580515196265
 20
-1162.866249493854
 10
946.1172730087637
 20
-1177.813104962606
 10
941.617624571265
 20
-1188.218944806355
 10
936.4518237900138
 20
-1198.336034650107
 10
931.6309058212646
 20
-1208.604296368856
 10
929.5247534775153
 20
-1213.090292462606
 10
927.7126245712643
 20
-1217.703261212606
 10
926.2444995712649
 20
-1222.439101056356
 10
924.1776636337654
 20
-1229.106073712606
 10
923.431472227514
 20
-1235.859999493856
 10
924.9229175400142
 20
-1242.780507306354
 10
925.178620665014
 20
-1243.967382306357
 10
925.5811011337646
 20
-1245.275663556356
 10
924.7236401962637
 20
-1246.865194806356
 10
919.291530821265
 20
-1245.373573712604
 10
913.7877026962651
 20
-1243.873456525107
 10
908.2917261337643
 20
-1242.345272931354
 10
906.9443042587645
 20
-1241.970624493857
 10
906.7961792587648
 20
-1240.917284650106
 10
906.8458667587638
 20
-1239.695077618857
 10
907.3026636337654
 20
-1228.453280743855
 10
908.445710508764
 20
-1217.469003400107
 10
914.1772925400146
 20
-1207.316288556354
 10
919.672273008764
 20
-1197.582519025105
 10
924.695339415015
 20
-1187.571425275106
 10
929.3674292587639
 20
-1177.398847150107
 10
933.2045581650145
 20
-1169.044315900104
 10
934.7496753525138
 20
-1160.392421368855
 10
933.0139526962648
 20
-1151.267440900105
 10
932.1623511337639
 20
-1146.790409650104
 10
930.147370665014
 20
-1142.806737775107
 10
927.7777222275145
 20
-1138.989589337605
 10
924.3968628525145
 20
-1133.543476056355
 10
920.3846558212645
 20
-1128.554569806354
 10
916.397292540014
 20
-1123.551835431354
 10
911.2050073837654
 20
-1117.037382306356
 10
906.5078980087637
 20
-1110.216483868855
 10
902.686355040014
 20
-1102.778944806356
 10
898.3553980087654
 20
-1094.350233868856
 10
897.7386401962649
 20
-1085.756229962604
 10
900.6445386337637
 20
-1076.785936993856
 10
903.429148008765
 20
-1068.189999493854
 10
907.5567261337637
 20
-1060.302167462607
 10
912.7798901962651
 20
-1052.958671368855
 10
915.8376636337653
 20
-1048.659589337607
 10
918.8075464462654
 20
-1044.296112775104
 10
921.9403198837645
 20
-1040.052694806356
 10
927.5786206650137
 20
-1032.415351056356
 10
929.8680542587645
 20
-1023.896815900105
 10
929.743073790014
 20
-1014.426601056355
 10
929.6250659775142
 20
-1005.488065900106
 10
927.9211011337648
 20
-997.2027338688558
 10
924.1296167587643
 20
-988.9770502751062
 10
913.9431519150148
 20
-966.8767768376047
 10
912.5121753525145
 20
-944.0607221501059
 10
920.408034727514
 20
-920.8592963688561
 10
921.911081602515
 20
-916.4427338688556
 10
924.1563355087637
 20
-912.3941987126063
 10
926.7095581650137
 20
-908.5048041813561
 10
927.6289526962646
 20
-907.1042377751064
 10
928.683991758764
 20
-905.7452143376058
 10
929.0528394150151
 20
-903.887909650105
 10
928.3796558212653
 20
-903.9687104313552
 10
928.0027808212653
 20
-903.8967573063555
 10
927.821198790014
 20
-904.0524409001055
 10
915.207546446265
 20
-914.867323712605
 10
905.4005933212648
 20
-927.0986518376058
 10
904.8828003525141
 20
-944.8921674626063
 10
904.4274097275138
 20
-960.5409174626047
 10
905.3023901962642
 20
-975.8182416813552
 10
911.2425659775145
 20
-990.5799409001056
 10
914.1553198837646
 20
-997.8183784001058
 10
916.4303980087643
 20
-1005.331620587604
 10
917.8257495712642
 20
-1013.082987775106
 10
919.2266675400151
 20
-1020.865292462604
 10
917.9043823837637
 20
-1027.980800275105
 10
913.6443237900148
 20
-1034.627265118856
 10
910.5252026962644
 20
-1039.493651837605
 10
906.8145776962647
 20
-1043.884491681354
 10
903.0910620712639
 20
-1048.276796368857
 10
895.317898008765
 20
-1057.445839337604
 10
889.4847144150153
 20
-1067.607108868855
 10
887.3485034775149
 20
-1079.603827618856
 10
885.664870665014
 20
-1089.058690900107
 10
886.811550352515
 20
-1098.083769025106
 10
891.750886290014
 20
-1106.453651837604
 10
895.3301441025142
 20
-1112.518808087607
 10
899.394968321265
 20
-1118.256659650106
 10
903.6252026962648
 20
-1123.883827618854
 10
908.4305347275149
 20
-1130.276054181355
 10
913.0961206650154
 20
-1136.764726056354
 10
916.6954761337638
 20
-1143.946972150105
 10
920.138210508765
 20
-1150.816561993855
 10
922.1182691025151
 20
-1157.913905743855
 10
920.5255151962647
 20
-1165.693690900105
 10
919.8111987900138
 20
-1169.182890118856
 10
918.370144102515
 20
-1172.375253400107
 10
916.9663550400146
 20
-1175.590233868854
 10
912.9977417587652
 20
-1184.679413556354
 10
907.9924878525144
 20
-1193.247167462607
 10
903.5615112900141
 20
-1202.103905743854
 10
899.9865894150153
 20
-1209.249647931356
 10
896.564362852514
 20
-1216.474022931354
 10
894.1300269150142
 20
-1224.106620587605
 10
893.4690894150153
 20
-1226.178729962605
 10
892.367702696265
 20
-1228.190429181355
 10
893.1214526962649
 20
-1230.572206525107
 10
893.6461597275138
 20
-1232.230292462606
 10
892.4462183212654
 20
-1232.998456525107
 10
891.0199878525145
 20
-1232.887245587604
 10
885.4499487900139
 20
-1232.453065900107
 10
880.519929258764
 20
-1230.352069806355
 10
876.2230737900154
 20
-1226.787811993854
 10
875.0421167587647
 20
-1225.808183087604
 10
875.162995665014
 20
-1224.483495587607
 10
875.6260620712637
 20
-1223.257186993855
 10
876.5850073837646
 20
-1220.717968243855
 10
877.5723706650151
 20
-1218.180858868855
 10
878.7185230087653
 20
-1215.722382306354
 10
884.1288941025141
 20
-1204.117714337604
 10
890.0260034775147
 20
-1192.764765118856
 10
897.4771362900137
 20
-1182.321894025106
 10
904.134792540015
 20
-1172.991073712605
 10
904.0346558212641
 20
-1162.577030743854
 10
902.8604370712637
 20
-1151.938339337605
 10
902.7477612900148
 20
-1150.917050275104
 10
902.4503980087648
 20
-1149.715233868854
 10
900.9592456650153
 20
-1148.810019025106
 10
898.9040698837653
 20
-1150.481229962606
 10
898.721140196265
 20
-1153.035507306355
 10
898.3251636337645
 20
-1155.400233868855
 10
896.8784253525137
 20
-1164.038944806354
 10
893.6880542587642
 20
-1171.991229962605
 10
889.022409727515
 20
-1179.362440900106
 10
887.8294409775153
 20
-1181.247226056355
 10
886.474636290015
 20
-1183.044589337605
 10
885.0574292587644
 20
-1184.769765118854
 10
877.6000855087641
 20
-1193.847870587604
 10
871.3171362900139
 20
-1203.591835431354
 10
867.5480347275152
 20
-1214.823788556354
 10
866.0703003525141
 20
-1219.227577618854
 10
864.9159448837654
 20
-1219.682675275104
 10
861.0261401962653
 20
-1217.164257306355
 10
849.1834644150149
 20
-1209.497382306356
 10
838.2829175400148
 20
-1200.586444806355
 10
827.7504566025145
 20
-1191.245722150106
 10
812.6051441025138
 20
-1177.814042462604
 10
799.4639722275151
 20
-1162.560097150104
 10
787.7403589462647
 20
-1146.085702618857
 10
776.124587461889
 20
-1129.762890118855
 10
768.7156128525148
 20
-1111.392811993854
 10
762.2402710556398
 20
-1092.622655743857
 10
754.7205835556397
 20
-1070.825370587605
 10
748.8683862900143
 20
-1048.555526837605
 10
746.0496753525149
 20
-1025.659198712605
 10
743.6437573837648
 20
-1006.116308087607
 10
742.7215210556387
 20
-986.4183198063556
 10
744.8707105087651
 20
-966.767792462605
 10
746.1599487900148
 20
-954.9799018376061
 10
749.7820679306387
 20
-943.6585932438547
 10
753.3871069931392
 20
-932.3989252751062
 10
763.6592651962637
 20
-900.316005353231
 10
778.3237866806394
 20
-870.4960053532313
 10
799.3166675400153
 20
-843.9715815251047
 10
805.3753784775145
 20
-836.3164252751058
 10
812.199733946265
 20
-829.3576850407308
 10
819.0603003525139
 20
-822.0065424626055
 10
820.2784058212637
 20
-823.7340619938559
 10
819.9141870712647
 20
-825.5357612126054
 10
819.8368433212654
 20
-827.1258784001047
 10
819.3655737900153
 20
-836.8223237126049
 10
821.5386987900147
 20
-845.7935834782302
 10
826.4056128525153
 20
-854.2232905094797
 10
828.3915894150141
 20
-857.663095196981
 10
829.7151050400153
 20
-861.4829682438549
 10
831.3759448837645
 20
-865.113495587605
 10
833.2224097275139
 20
-869.1497846501052
 10
832.9523511337648
 20
-873.1579194157302
 10
831.4395776962647
 20
-877.2235053532304
 10
829.4512573837637
 20
-882.567519025105
 10
826.136140196264
 20
-887.0461909001051
 10
822.4276245712645
 20
-891.2664643376056
 10
819.998444883764
 20
-894.0308588688558
 10
817.5547339462646
 20
-896.7743940251048
 10
815.4506909775137
 20
-899.8046284001057
 10
812.9214917587651
 20
-903.4470502751055
 10
811.5633472275149
 20
-907.4675190251064
 10
811.3458472275142
 20
-911.8939252751052
 10
811.1421753525137
 20
-916.0375580876052
 10
812.1057495712648
 20
-919.7664057438551
 10
814.7485034775145
 20
-923.081874493856
 10
818.0462769150145
 20
-927.2191791813557
 10
821.7247925400152
 20
-931.0015815251054
 10
825.3259644150148
 20
-934.8579877751063
 10
828.4934253525153
 20
-938.2499213688561
 10
831.5626831650152
 20
-941.7110541813554
 10
834.3241480087654
 20
-945.4564252751052
 10
838.3941870712642
 20
-950.9766010563553
 10
839.0196167587637
 20
-956.8652143376048
 10
836.5238159775145
 20
-963.1391401188548
 10
835.5212183212643
 20
-965.6595502751052
 10
834.3719605087645
 20
-968.1254096501061
 10
833.2043628525153
 20
-970.5755659001052
 10
829.128815977514
 20
-979.1277924626056
 10
825.7172534775145
 20
-987.8499994938547
 10
825.040847227514
 20
-997.460780743856
 10
824.7409058212652
 20
-1001.723300275105
 10
824.4924683212648
 20
-1001.819042462605
 10
820.4547144150147
 20
-1001.373026837606
 10
815.1952808212645
 20
-1000.792186993855
 10
809.9193237900145
 20
-1000.743905743856
 10
804.6452417587643
 20
-1000.571581525105
 10
799.6856323837637
 20
-1000.409569806355
 10
794.9304566025148
 20
-1000.688007306356
 10
790.222565977514
 20
-1002.956171368856
 10
785.6429956650154
 20
-1005.162577618856
 10
780.4912573837646
 20
-1005.980780743856
 10
775.3945972275142
 20
-1006.610604962607
 10
773.3111792587642
 20
-1006.867948712606
 10
772.1622730087638
 20
-1006.176601056355
 10
771.6050464462642
 20
-1004.052811993854
 10
770.9796753525152
 20
-1001.669276837605
 10
770.8153198837645
 20
-999.0427534001055
 10
768.8441968368898
 20
-996.8426752751047
 10
767.3952612900139
 20
-997.9100190251056
 10
767.1852905868891
 20
-999.3702338688554
 10
766.8506909775151
 20
-1000.668378400106
 10
764.6960523056405
 20
-1009.027831525105
 10
763.074616758764
 20
-1017.489882306356
 10
761.7540015243903
 20
-1026.025702618856
 10
761.216140196264
 20
-1029.502245587606
 10
762.0557886337647
 20
-1032.227675275106
 10
764.0974292587653
 20
-1034.931894025107
 10
767.381374571265
 20
-1039.281601056355
 10
770.9603101181401
 20
-1043.363593243856
 10
774.6642261337638
 20
-1047.348085431357
 10
777.2779468368899
 20
-1050.159882306354
 10
779.8484253525148
 20
-1053.012167462606
 10
782.4784937118893
 20
-1055.808436993855
 10
789.7108667587654
 20
-1063.497929181354
 10
793.1372534775146
 20
-1072.713612775104
 10
793.6055347275142
 20
-1083.160878400104
 10
794.2503589462649
 20
-1097.547401837604
 10
794.4062183212645
 20
-1111.942597150104
 10
794.5387573837652
 20
-1126.340194806355
 10
794.5858081650149
 20
-1131.452147931355
 10
794.4641089462639
 20
-1136.583261212607
 10
795.2728784775154
 20
-1141.664159650107
 10
796.297273008764
 20
-1148.100155743854
 10
799.0885620712652
 20
-1150.813866681354
 10
805.6262183212639
 20
-1151.556132306356
 10
812.206003477515
 20
-1152.303144025107
 10
818.7257886337648
 20
-1151.619589337606
 10
825.1880347275146
 20
-1150.410390118854
 10
839.3983667587654
 20
-1147.751405743857
 10
853.0489526962647
 20
-1143.353007306356
 10
865.990144102514
 20
-1136.871952618854
 10
870.1369409775143
 20
-1134.795272931355
 10
874.1259448837645
 20
-1132.435761212604
 10
877.6602026962646
 20
-1129.371776837605
 10
880.3437378525141
 20
-1127.045311993854
 10
881.5193042587653
 20
-1124.496483868854
 10
879.8972534775148
 20
-1120.940019025104
 10
878.3094214462653
 20
-1117.458495587605
 10
877.053054258764
 20
-1113.824686993856
 10
875.6799097275143
 20
-1110.246718243856
 10
869.5991675400146
 20
-1094.402382306354
 10
869.8380542587638
 20
-1078.710683087604
 10
876.891511290014
 20
-1063.209061993854
 10
880.6075855087638
 20
-1055.042265118856
 10
885.4537573837642
 20
-1047.499433087607
 10
889.9788941025145
 20
-1039.782753400104
 10
892.5685034775142
 20
-1035.366659650106
 10
895.0011401962638
 20
-1030.875624493856
 10
897.122585508765
 20
-1026.218769025105
 10
900.6414917587645
 20
-1018.494354962604
 10
901.3210034775148
 20
-1010.535976056355
 10
898.9429175400146
 20
-1002.365370587606
 10
898.2293042587644
 20
-999.9136909001054
 10
897.5144019150139
 20
-997.4477143376052
 10
896.5682886337654
 20
-995.0809955876057
 10
892.9020191025138
 20
-985.9101948063553
 10
890.9709448837639
 20
-976.4612494938565
 10
891.2980737900143
 20
-966.537811993855
 10
891.5352026962646
 20
-959.3469526188555
 10
891.408523008764
 20
-952.1449604313557
 10
891.546218321264
 20
-944.9498823063559
 10
891.6605347275145
 20
-938.9736127751048
 10
892.9500073837644
 20
-933.2480659001058
 10
895.375026915015
 20
-927.7530268376058
 10
896.8426245712653
 20
-924.4273041813549
 10
898.0287378525154
 20
-920.9774213688552
 10
899.466745665015
 20
-917.2590619938555
 10
897.752351133764
 20
-917.1462690251055
 10
897.1817651962647
 20
-918.1561323063552
 10
896.4923511337638
 20
-918.8487104313563
 10
884.2211792587641
 20
-931.1769526188555
 10
880.2130737900152
 20
-946.3168159001061
 10
881.5881519150153
 20
-963.207284650106
 10
882.796823790015
 20
-978.0545893376047
 10
886.2653980087653
 20
-992.5355073063556
 10
888.9959839462645
 20
-1007.132265118857
 10
890.2401636337654
 20
-1013.783007306356
 10
889.5724878525143
 20
-1020.134394025106
 10
887.0315112900153
 20
-1026.385585431355
 10
884.9117066025137
 20
-1031.600722150106
 10
882.0498706650142
 20
-1036.394452618857
 10
879.0761792587637
 20
-1041.131347150105
 10
872.6946167587648
 20
-1051.296483868857
 10
866.9843042587654
 20
-1061.825487775106
 10
861.8487964462638
 20
-1072.668436993856
 10
861.028835508765
 20
-1074.399589337605
 10
859.9947730087642
 20
-1076.126581525106
 10
859.6490698837642
 20
-1077.966190900104
 10
858.6934058212646
 20
-1083.052186993857
 10
855.3454761337653
 20
-1086.411425275106
 10
851.7876636337642
 20
-1089.661561993857
 10
846.5842456650153
 20
-1094.414921368854
 10
841.244655821265
 20
-1098.971933087607
 10
834.6192847275142
 20
-1101.731112775105
 10
831.6389136337639
 20
-1102.972245587604
 10
828.5534839462653
 20
-1103.755995587606
 10
825.382155821264
 20
-1104.142362775106
 10
823.3452026962641
 20
-1104.390390118857
 10
821.7269019150153
 20
-1104.008944806355
 10
821.378855040015
 20
-1101.297694806355
 10
818.9772730087643
 20
-1082.590468243856
 10
816.1706323837643
 20
-1063.923261212607
 10
816.6108472275137
 20
-1044.977030743856
 10
816.6327026962645
 20
-1044.036073712607
 10
816.4324292587644
 20
-1043.060429181354
 10
817.0903198837641
 20
-1042.048339337605
 10
820.2749487900146
 20
-1042.823710431356
 10
823.4942066025142
 20
-1043.725995587607
 10
826.7627417587646
 20
-1044.382655743855
 10
840.401198790014
 20
-1047.122382306356
 10
851.0854175400145
 20
-1041.262831525106
 10
856.3273316025152
 20
-1028.360663556356
 10
858.2767456650145
 20
-1023.562597150107
 10
859.2114917587642
 20
-1018.552245587605
 10
859.6882691025148
 20
-1013.456757306354
 10
860.1032886337653
 20
-1009.022733868856
 10
860.2160230087648
 20
-1004.560468243857
 10
860.4622925400145
 20
-1000.111269025106
 10
859.1836597275142
 20
-999.0473823063558
 10
857.6832495712642
 20
-999.4834369938553
 10
856.2925855087651
 20
-999.4768744938547
 10
847.9728589462648
 20
-999.4376166813554
 10
839.6526050400153
 20
-999.4844330876049
 10
831.3328198837644
 20
-999.4465229313546
 10
828.118483946264
 20
-999.4318744938546
 10
828.1198316025148
 20
-999.3651948063552
 10
828.2659058212648
 20
-996.3178510563548
 10
828.5297534775145
 20
-990.8112104313559
 10
829.8990308212651
 20
-985.6166987126062
 10
832.391550352515
 20
-980.677948712605
 10
835.4967847275148
 20
-974.5249604313549
 10
839.5825269150137
 20
-968.9662885563548
 10
842.9273511337651
 20
-962.9624213688558
 10
843.3158862900145
 20
-962.264862775105
 10
843.7669409775153
 20
-961.6024018376056
 10
844.1628589462653
 20
-960.9087104313558
 10
849.1897339462648
 20
-952.1010737126062
 10
848.8722730087648
 20
-948.3743354313547
 10
842.3488550400143
 20
-940.6531440251047
 10
840.2814917587639
 20
-938.2062104313563
 10
837.9328784775153
 20
-936.0357221501063
 10
835.4990698837646
 20
-933.9472651188562
 10
830.4873706650142
 20
-929.6466596501059
 10
826.1745191025148
 20
-924.766327618855
 10
823.0041284775143
 20
-918.9083002751058
 10
819.652741758764
 20
-912.7157026188552
 10
819.3959839462641
 20
-906.9087690251063
 10
824.002273008764
 20
-901.0558393376059
 10
826.677077696264
 20
-897.65719675948
 10
829.539382383764
 20
-894.4394916813553
 10
832.3044800400148
 20
-891.1295014469806
 10
833.944284727515
 20
-889.1666694157311
 10
835.5735425400144
 20
-887.192470196981
 10
837.137116758764
 20
-885.1689936344801
 10
842.6878784775145
 20
-877.9857807438557
 10
843.0773511337648
 20
-870.1923725407314
 10
839.4846167587639
 20
-862.1317475407313
 10
838.1260620712637
 20
-859.0838471501056
 10
836.2012573837637
 20
-856.2864350407299
 10
834.5102417587641
 20
-853.389003400106
 10
831.1246362900147
 20
-847.5879877751058
 10
827.7822730087646
 20
-841.7734955876049
 10
826.0072925400145
 20
-835.2143061344805
 10
823.6378198837647
 20
-826.457733868855
 10
825.0996167587637
 20
-818.4127826969807
 10
830.5290894150148
 20
-811.1588764469807
 10
834.4925464462649
 20
-805.863495587605
 10
839.4549683212645
 20
-801.5605463688562
 10
844.707429258764
 20
-797.6076655094812
 10
863.7658667587639
 20
-783.2645600407313
 10
884.9146948837642
 20
-772.7973432438548
 10
907.0653589462654
 20
-764.2365619938564
 10
929.2075855087642
 20
-755.6790326969813
 10
951.9923511337638
 20
-749.4662494938557
 10
975.5771558212637
 20
-746.5936323063552
 10
993.7448511337643
 20
-744.3808393376048
 10
1011.952565977515
 20
-744.7276850407297
 10
1030.132800352514
 20
-746.9458686344797
 10
1072.259655821264
 20
-752.0859174626048
 10
1110.223015196265
 20
-768.0024994938549
 10
1145.298991758766
 20
-791.3705951969814
 10
1152.635222227515
 20
-796.2580463688564
 10
1159.380769102516
 20
-801.9085932438547
 10
1165.440417540014
 20
-808.3448530094802
 10
1168.191218321264
 20
-811.2666010563562
 10
1170.631530821265
 20
-814.41305613448
 10
1172.690749571264
 20
-817.8641694157313
 10
1176.677526915015
 20
-824.5456733219808
 10
1176.733366758765
 20
-831.4832612126056
 10
1174.169187071266
 20
-838.6252826969803
 10
1172.253757383765
 20
-843.960536603231
 10
1169.205710508764
 20
-848.6094233219801
 10
1165.692194883764
 20
-853.012421368855
 10
1161.851081602515
 20
-857.8258393376063
 10
1160.720398008765
 20
-863.2722162907312
 10
1162.292468321264
 20
-869.2529682438553
 10
1163.004851133765
 20
-871.9634272282301
 10
1164.660124571265
 20
-874.117274884481
 10
1166.420222227514
 20
-876.1982612126058
 10
1170.033230040015
 20
-880.4700385563547
 10
1173.677175352515
 20
-884.7156244938551
 10
1177.292468321264
 20
-888.985438946981
 10
1177.807507383764
 20
-889.59364207198
 10
1178.247429258765
 20
-890.2676166813553
 10
1178.699011290015
 20
-890.926972150105
 10
1182.668620665016
 20
-896.7222162907301
 10
1182.731140196265
 20
-897.5346479313548
 10
1178.241042540014
 20
-903.0620893376063
 10
1174.411003477515
 20
-907.7769526188558
 10
1170.276511290014
 20
-912.2432026188553
 10
1166.390925352514
 20
-916.9144135563556
 10
1156.761921446265
 20
-928.4903119938563
 10
1156.499128477515
 20
-934.5200190251062
 10
1164.863562071265
 20
-946.9803315251056
 10
1167.535202696265
 20
-950.9601948063564
 10
1170.744089415015
 20
-954.5679877751054
 10
1173.029714415015
 20
-958.8135151188553
 10
1173.785105040015
 20
-960.2167182438561
 10
1174.684812071266
 20
-961.5686518376051
 10
1174.897976133765
 20
-963.1888276188556
 10
1175.284226133765
 20
-966.1244916813548
 10
1173.485573790014
 20
-968.329315900105
 10
1170.550026915014
 20
-967.8425776188551
 10
1169.063796446264
 20
-967.5961909001062
 10
1168.569030821265
 20
-967.9072065251048
 10
1168.062370665015
 20
-968.9688080876049
 10
1166.686648008765
 20
-971.8518549626051
 10
1165.260183165015
 20
-974.7137494938552
 10
1163.985241758764
 20
-977.6412690251063
 10
1160.223815977515
 20
-986.2782807438552
 10
1156.865808165016
 20
-995.1059565251062
 10
1151.660983946265
 20
-1003.045468243854
 10
1151.143952696266
 20
-1003.834257306356
 10
1150.709480040015
 20
-1004.753417462605
 10
1150.522038633766
 20
-1005.670409650105
 10
1148.357351133765
 20
-1016.256483868856
 10
1143.353562071265
 20
-1025.786464337605
 10
1139.446179258764
 20
-1035.724667462604
 10
1138.940163633764
 20
-1037.011854962606
 10
1137.942312071265
 20
-1038.208222150104
 10
1138.509792540015
 20
-1040.738417462606
 97
        0
 97
        0
 75
     2
 76
     1
 98
        0
  0
SPLINE
  5
5D
330
41
100
AcDbEntity
  8
katman 1
370
     0
100
AcDbSpline
210
0.0
220
0.0
230
1.0
 70
    11
 71
     3
 72
    26
 73
    22
 74
     0
 42
0.0000000001
 43
0.0000000001
 12
1.0
 22
0.0
 32
0.0
 13
1.0
 23
0.0
 33
0.0
 40
0.0
 40
0.0
 40
0.0
 40
0.0
 40
1.0
 40
1.0
 40
1.0
 40
2.0
 40
2.0
 40
2.0
 40
3.0
 40
3.0
 40
3.0
 40
4.0
 40
4.0
 40
4.0
 40
5.0
 40
5.0
 40
5.0
 40
6.0
 40
6.0
 40
6.0
 40
7.0
 40
7.0
 40
7.0
 40
7.0
 10
1160.349265196264
 20
-1012.777655743856
 30
0.0
 10
1160.432878477515
 20
-1009.897304181355
 30
0.0
 10
1159.901960508765
 20
-1006.862675275104
 30
0.0
 10
1162.382409727516
 20
-1005.451913556357
 30
0.0
 10
1165.057097227515
 20
-1003.930702618854
 30
0.0
 10
1166.954128477515
 20
-1006.723925275106
 30
0.0
 10
1169.047038633766
 20
-1007.923339337605
 30
0.0
 10
1170.415378477515
 20
-1008.707499493856
 30
0.0
 10
1171.585085508765
 20
-1009.831561993855
 30
0.0
 10
1172.876491758765
 20
-1010.757811993855
 30
0.0
 10
1178.521237852516
 20
-1014.806054181354
 30
0.0
 10
1179.062292540015
 20
-1021.199159650107
 30
0.0
 10
1177.531237852514
 20
-1027.055604962607
 30
0.0
 10
1176.608679258765
 20
-1030.584296368856
 30
0.0
 10
1172.851355040015
 20
-1032.309823712607
 30
0.0
 10
1169.086882383765
 20
-1031.096757306354
 30
0.0
 10
1166.209694883764
 20
-1030.169511212604
 30
0.0
 10
1164.228171446264
 20
-1028.201991681355
 30
0.0
 10
1163.028933165015
 20
-1025.404608868856
 30
0.0
 10
1161.248796446265
 20
-1021.252304181355
 30
0.0
 10
1160.462175352515
 20
-1016.909862775105
 30
0.0
 10
1160.349265196264
 20
-1012.777655743856
 30
0.0
  0
HATCH
  5
5E
330
41
100
AcDbEntity
  8
katman 1
 62
     7
420
 16777215
100
AcDbHatch
 10
0.0
 20
0.0
 30
0.0
210
0.0
220
0.0
230
1.0
  2
SOLID
 70
     1
 71
     0
 91
        1
 92
        1
 93
        1
 72
     4
 94
        3
 73
     0
 74
     1
 95
       26
 96
       22
 40
0.0
 40
0.0
 40
0.0
 40
0.0
 40
1.0
 40
1.0
 40
1.0
 40
2.0
 40
2.0
 40
2.0
 40
3.0
 40
3.0
 40
3.0
 40
4.0
 40
4.0
 40
4.0
 40
5.0
 40
5.0
 40
5.0
 40
6.0
 40
6.0
 40
6.0
 40
7.0
 40
7.0
 40
7.0
 40
7.0
 10
1160.349265196264
 20
-1012.777655743856
 10
1160.432878477515
 20
-1009.897304181355
 10
1159.901960508765
 20
-1006.862675275104
 10
1162.382409727516
 20
-1005.451913556357
 10
1165.057097227515
 20
-1003.930702618854
 10
1166.954128477515
 20
-1006.723925275106
 10
1169.047038633766
 20
-1007.923339337605
 10
1170.415378477515
 20
-1008.707499493856
 10
1171.585085508765
 20
-1009.831561993855
 10
1172.876491758765
 20
-1010.757811993855
 10
1178.521237852516
 20
-1014.806054181354
 10
1179.062292540015
 20
-1021.199159650107
 10
1177.531237852514
 20
-1027.055604962607
 10
1176.608679258765
 20
-1030.584296368856
 10
1172.851355040015
 20
-1032.309823712607
 10
1169.086882383765
 20
-1031.096757306354
 10
1166.209694883764
 20
-1030.169511212604
 10
1164.228171446264
 20
-1028.201991681355
 10
1163.028933165015
 20
-1025.404608868856
 10
1161.248796446265
 20
-1021.252304181355
 10
1160.462175352515
 20
-1016.909862775105
 10
1160.349265196264
 20
-1012.777655743856
 97
        0
 97
        0
 75
     2
 76
     1
 98
        0
  0
SPLINE
  5
5F
330
41
100
AcDbEntity
  8
katman 1
370
     0
100
AcDbSpline
210
0.0
220
0.0
230
1.0
 70
    11
 71
     3
 72
    26
 73
    22
 74
     0
 42
0.0000000001
 43
0.0000000001
 12
1.0
 22
0.0
 32
0.0
 13
1.0
 23
0.0
 33
0.0
 40
0.0
 40
0.0
 40
0.0
 40
0.0
 40
1.0
 40
1.0
 40
1.0
 40
2.0
 40
2.0
 40
2.0
 40
3.0
 40
3.0
 40
3.0
 40
4.0
 40
4.0
 40
4.0
 40
5.0
 40
5.0
 40
5.0
 40
6.0
 40
6.0
 40
6.0
 40
7.0
 40
7.0
 40
7.0
 40
7.0
 10
793.3078784775153
 20
-1011.500311993856
 30
0.0
 10
793.7741089462652
 20
-1018.719823712607
 30
0.0
 10
797.5377612900138
 20
-1023.756073712604
 30
0.0
 10
803.9773901962653
 20
-1027.390878400107
 30
0.0
 10
801.802155821264
 20
-1029.564413556356
 30
0.0
 10
800.1284839462642
 20
-1031.443515118855
 30
0.0
 10
798.2386597275145
 20
-1033.071776837605
 30
0.0
 10
795.982741758764
 20
-1035.015331525105
 30
0.0
 10
794.0523706650147
 20
-1035.106503400104
 30
0.0
 10
791.7774097275142
 20
-1033.256933087607
 30
0.0
 10
789.8122925400148
 20
-1031.659257306354
 30
0.0
 10
788.0524292587652
 20
-1029.785077618857
 30
0.0
 10
786.340847227515
 20
-1027.906444806355
 30
0.0
 10
784.7441089462645
 20
-1026.153905743857
 30
0.0
 10
784.8577222275144
 20
-1024.128319806354
 30
0.0
 10
785.9928589462652
 20
-1022.153593243856
 30
0.0
 10
788.0454566025146
 20
-1018.582772931357
 30
0.0
 10
790.1367261337655
 20
-1015.034159650106
 30
0.0
 10
792.2118823837645
 20
-1011.476288556354
 30
0.0
 10
792.5772144150142
 20
-1011.484315900107
 30
0.0
 10
792.9425464462638
 20
-1011.492284650107
 30
0.0
 10
793.3078784775153
 20
-1011.500311993856
 30
0.0
  0
HATCH
  5
60
330
41
100
AcDbEntity
  8
katman 1
 62
     7
420
 16777215
100
AcDbHatch
 10
0.0
 20
0.0
 30
0.0
210
0.0
220
0.0
230
1.0
  2
SOLID
 70
     1
 71
     0
 91
        1
 92
        1
 93
        1
 72
     4
 94
        3
 73
     0
 74
     1
 95
       26
 96
       22
 40
0.0
 40
0.0
 40
0.0
 40
0.0
 40
1.0
 40
1.0
 40
1.0
 40
2.0
 40
2.0
 40
2.0
 40
3.0
 40
3.0
 40
3.0
 40
4.0
 40
4.0
 40
4.0
 40
5.0
 40
5.0
 40
5.0
 40
6.0
 40
6.0
 40
6.0
 40
7.0
 40
7.0
 40
7.0
 40
7.0
 10
793.3078784775153
 20
-1011.500311993856
 10
793.7741089462652
 20
-1018.719823712607
 10
797.5377612900138
 20
-1023.756073712604
 10
803.9773901962653
 20
-1027.390878400107
 10
801.802155821264
 20
-1029.564413556356
 10
800.1284839462642
 20
-1031.443515118855
 10
798.2386597275145
 20
-1033.071776837605
 10
795.982741758764
 20
-1035.015331525105
 10
794.0523706650147
 20
-1035.106503400104
 10
791.7774097275142
 20
-1033.256933087607
 10
789.8122925400148
 20
-1031.659257306354
 10
788.0524292587652
 20
-1029.785077618857
 10
786.340847227515
 20
-1027.906444806355
 10
784.7441089462645
 20
-1026.153905743857
 10
784.8577222275144
 20
-1024.128319806354
 10
785.9928589462652
 20
-1022.153593243856
 10
788.0454566025146
 20
-1018.582772931357
 10
790.1367261337655
 20
-1015.034159650106
 10
792.2118823837645
 20
-1011.476288556354
 10
792.5772144150142
 20
-1011.484315900107
 10
792.9425464462638
 20
-1011.492284650107
 10
793.3078784775153
 20
-1011.500311993856
 97
        0
 97
        0
 75
     2
 76
     1
 98
        0
  0
SPLINE
  5
61
330
41
100
AcDbEntity
  8
katman 1
370
     0
100
AcDbSpline
210
0.0
220
0.0
230
1.0
 70
    11
 71
     3
 72
    20
 73
    16
 74
     0
 42
0.0000000001
 43
0.0000000001
 12
1.0
 22
0.0
 32
0.0
 13
1.0
 23
0.0
 33
0.0
 40
0.0
 40
0.0
 40
0.0
 40
0.0
 40
1.0
 40
1.0
 40
1.0
 40
2.0
 40
2.0
 40
2.0
 40
3.0
 40
3.0
 40
3.0
 40
4.0
 40
4.0
 40
4.0
 40
5.0
 40
5.0
 40
5.0
 40
5.0
 10
800.4829761337642
 20
-1020.543554181357
 30
0.0
 10
798.4883862900151
 20
-1017.574608868854
 30
0.0
 10
796.7933276962649
 20
-1014.571327618854
 30
0.0
 10
796.1813745712643
 20
-1011.104921368857
 30
0.0
 10
796.044265196264
 20
-1010.328085431356
 30
0.0
 10
795.8060230087649
 20
-1009.554354962605
 30
0.0
 10
795.7841089462654
 20
-1008.774472150104
 30
0.0
 10
795.711745665014
 20
-1006.201620587606
 30
0.0
 10
796.8550269150146
 20
-1004.309452618854
 30
0.0
 10
798.4629566025142
 20
-1004.462030743856
 30
0.0
 10
800.696315977515
 20
-1004.674022931355
 30
0.0
 10
801.0841480087638
 20
-1006.550780743855
 30
0.0
 10
801.2975464462652
 20
-1008.263065900104
 30
0.0
 10
801.8045581650149
 20
-1012.332636212606
 30
0.0
 10
801.3284839462649
 20
-1016.376073712607
 30
0.0
 10
800.4829761337642
 20
-1020.543554181357
 30
0.0
  0
HATCH
  5
62
330
41
100
AcDbEntity
  8
katman 1
 62
    28
420
   723723
100
AcDbHatch
 10
0.0
 20
0.0
 30
0.0
210
0.0
220
0.0
230
1.0
  2
SOLID
 70
     1
 71
     0
 91
        1
 92
        1
 93
        1
 72
     4
 94
        3
 73
     0
 74
     1
 95
       20
 96
       16
 40
0.0
 40
0.0
 40
0.0
 40
0.0
 40
1.0
 40
1.0
 40
1.0
 40
2.0
 40
2.0
 40
2.0
 40
3.0
 40
3.0
 40
3.0
 40
4.0
 40
4.0
 40
4.0
 40
5.0
 40
5.0
 40
5.0
 40
5.0
 10
800.4829761337642
 20
-1020.543554181357
 10
798.4883862900151
 20
-1017.574608868854
 10
796.7933276962649
 20
-1014.571327618854
 10
796.1813745712643
 20
-1011.104921368857
 10
796.044265196264
 20
-1010.328085431356
 10
795.8060230087649
 20
-1009.554354962605
 10
795.7841089462654
 20
-1008.774472150104
 10
795.711745665014
 20
-1006.201620587606
 10
796.8550269150146
 20
-1004.309452618854
 10
798.4629566025142
 20
-1004.462030743856
 10
800.696315977515
 20
-1004.674022931355
 10
801.0841480087638
 20
-1006.550780743855
 10
801.2975464462652
 20
-1008.263065900104
 10
801.8045581650149
 20
-1012.332636212606
 10
801.3284839462649
 20
-1016.376073712607
 10
800.4829761337642
 20
-1020.543554181357
 97
        0
 97
        0
 75
     2
 76
     1
 98
        0
  0
SPLINE
  5
63
330
41
100
AcDbEntity
  8
katman 1
370
     0
100
AcDbSpline
210
0.0
220
0.0
230
1.0
 70
    11
 71
     3
 72
    14
 73
    10
 74
     0
 42
0.0000000001
 43
0.0000000001
 12
1.0
 22
0.0
 32
0.0
 13
1.0
 23
0.0
 33
0.0
 40
0.0
 40
0.0
 40
0.0
 40
0.0
 40
1.0
 40
1.0
 40
1.0
 40
2.0
 40
2.0
 40
2.0
 40
3.0
 40
3.0
 40
3.0
 40
3.0
 10
754.3898218368904
 20
-755.962128400105
 30
0.0
 10
749.1765308212653
 20
-745.7181830876061
 30
0.0
 10
743.901804258765
 20
-735.3535053532314
 30
0.0
 10
738.5767456650137
 20
-724.889862775105
 30
0.0
 10
741.6900073837642
 20
-725.4281342594813
 30
0.0
 10
763.2541480087639
 20
-736.7714155094809
 30
0.0
 10
769.2039624618901
 20
-740.8774604313558
 30
0.0
 10
764.371530821265
 20
-745.798104962606
 30
0.0
 10
759.4838452743898
 20
-750.7750580876063
 30
0.0
 10
754.3898218368904
 20
-755.962128400105
 30
0.0
  0
HATCH
  5
64
330
41
100
AcDbEntity
  8
katman 1
 62
   128
420
    25914
100
AcDbHatch
 10
0.0
 20
0.0
 30
0.0
210
0.0
220
0.0
230
1.0
  2
SOLID
 70
     1
 71
     0
 91
        1
 92
        1
 93
        1
 72
     4
 94
        3
 73
     0
 74
     1
 95
       14
 96
       10
 40
0.0
 40
0.0
 40
0.0
 40
0.0
 40
1.0
 40
1.0
 40
1.0
 40
2.0
 40
2.0
 40
2.0
 40
3.0
 40
3.0
 40
3.0
 40
3.0
 10
754.3898218368904
 20
-755.962128400105
 10
749.1765308212653
 20
-745.7181830876061
 10
743.901804258765
 20
-735.3535053532314
 10
738.5767456650137
 20
-724.889862775105
 10
741.6900073837642
 20
-725.4281342594813
 10
763.2541480087639
 20
-736.7714155094809
 10
769.2039624618901
 20
-740.8774604313558
 10
764.371530821265
 20
-745.798104962606
 10
759.4838452743898
 20
-750.7750580876063
 10
754.3898218368904
 20
-755.962128400105
 97
        0
 97
        0
 75
     2
 76
     1
 98
        0
  0
SPLINE
  5
65
330
41
100
AcDbEntity
  8
katman 1
370
     0
100
AcDbSpline
210
0.0
220
0.0
230
1.0
 70
    11
 71
     3
 72
    32
 73
    28
 74
     0
 42
0.0000000001
 43
0.0000000001
 12
1.0
 22
0.0
 32
0.0
 13
1.0
 23
0.0
 33
0.0
 40
0.0
 40
0.0
 40
0.0
 40
0.0
 40
1.0
 40
1.0
 40
1.0
 40
2.0
 40
2.0
 40
2.0
 40
3.0
 40
3.0
 40
3.0
 40
4.0
 40
4.0
 40
4.0
 40
5.0
 40
5.0
 40
5.0
 40
6.0
 40
6.0
 40
6.0
 40
7.0
 40
7.0
 40
7.0
 40
8.0
 40
8.0
 40
8.0
 40
9.0
 40
9.0
 40
9.0
 40
9.0
 10
1203.897546446266
 20
-743.5764350407308
 30
0.0
 10
1201.244011290015
 20
-743.624159650105
 30
0.0
 10
1199.068483946265
 20
-742.5066596501047
 30
0.0
 10
1197.077995665015
 20
-741.2209076969802
 30
0.0
 10
1192.655866758765
 20
-738.3643744938554
 30
0.0
 10
1188.380808165015
 20
-735.2808784001054
 30
0.0
 10
1184.022429258765
 20
-732.3243842594811
 30
0.0
 10
1182.782702696264
 20
-731.4834760563563
 30
0.0
 10
1182.252546446265
 20
-730.7315131657297
 30
0.0
 10
1183.332253477514
 20
-729.2622748844797
 30
0.0
 10
1186.167194883765
 20
-725.4046674626052
 30
0.0
 10
1188.908737852515
 20
-721.4752826969807
 30
0.0
 10
1191.580554258764
 20
-717.5025971501063
 30
0.0
 10
1192.628444883765
 20
-715.9444428532306
 30
0.0
 10
1193.523054258765
 20
-715.8352534001051
 30
0.0
 10
1195.020007383764
 20
-716.9450190251055
 30
0.0
 10
1198.865690977515
 20
-719.7958979313562
 30
0.0
 10
1202.849011290014
 20
-722.4605951969797
 30
0.0
 10
1206.713269102514
 20
-725.287245587605
 30
0.0
 10
1208.653308165014
 20
-726.7063569157299
 30
0.0
 10
1210.273601133766
 20
-728.4737787907297
 30
0.0
 10
1211.605612852514
 20
-730.5035834782311
 30
0.0
 10
1213.488230040015
 20
-733.3722455876059
 30
0.0
 10
1213.384284727515
 20
-736.2116987126055
 30
0.0
 10
1211.563073790016
 20
-739.0251069157302
 30
0.0
 10
1209.739343321266
 20
-741.8424409001063
 30
0.0
 10
1207.469069883764
 20
-743.955653790731
 30
0.0
 10
1203.897546446266
 20
-743.5764350407308
 30
0.0
  0
HATCH
  5
66
330
41
100
AcDbEntity
  8
katman 1
 62
   128
420
    25913
100
AcDbHatch
 10
0.0
 20
0.0
 30
0.0
210
0.0
220
0.0
230
1.0
  2
SOLID
 70
     1
 71
     0
 91
        1
 92
        1
 93
        1
 72
     4
 94
        3
 73
     0
 74
     1
 95
       32
 96
       28
 40
0.0
 40
0.0
 40
0.0
 40
0.0
 40
1.0
 40
1.0
 40
1.0
 40
2.0
 40
2.0
 40
2.0
 40
3.0
 40
3.0
 40
3.0
 40
4.0
 40
4.0
 40
4.0
 40
5.0
 40
5.0
 40
5.0
 40
6.0
 40
6.0
 40
6.0
 40
7.0
 40
7.0
 40
7.0
 40
8.0
 40
8.0
 40
8.0
 40
9.0
 40
9.0
 40
9.0
 40
9.0
 10
1203.897546446266
 20
-743.5764350407308
 10
1201.244011290015
 20
-743.624159650105
 10
1199.068483946265
 20
-742.5066596501047
 10
1197.077995665015
 20
-741.2209076969802
 10
1192.655866758765
 20
-738.3643744938554
 10
1188.380808165015
 20
-735.2808784001054
 10
1184.022429258765
 20
-732.3243842594811
 10
1182.782702696264
 20
-731.4834760563563
 10
1182.252546446265
 20
-730.7315131657297
 10
1183.332253477514
 20
-729.2622748844797
 10
1186.167194883765
 20
-725.4046674626052
 10
1188.908737852515
 20
-721.4752826969807
 10
1191.580554258764
 20
-717.5025971501063
 10
1192.628444883765
 20
-715.9444428532306
 10
1193.523054258765
 20
-715.8352534001051
 10
1195.020007383764
 20
-716.9450190251055
 10
1198.865690977515
 20
-719.7958979313562
 10
1202.849011290014
 20
-722.4605951969797
 10
1206.713269102514
 20
-725.287245587605
 10
1208.653308165014
 20
-726.7063569157299
 10
1210.273601133766
 20
-728.4737787907297
 10
1211.605612852514
 20
-730.5035834782311
 10
1213.488230040015
 20
-733.3722455876059
 10
1213.384284727515
 20
-736.2116987126055
 10
1211.563073790016
 20
-739.0251069157302
 10
1209.739343321266
 20
-741.8424409001063
 10
1207.469069883764
 20
-743.955653790731
 10
1203.897546446266
 20
-743.5764350407308
 97
        0
 97
        0
 75
     2
 76
     1
 98
        0
  0
SPLINE
  5
67
330
41
100
AcDbEntity
  8
katman 1
370
     0
100
AcDbSpline
210
0.0
220
0.0
230
1.0
 70
    11
 71
     3
 72
    29
 73
    25
 74
     0
 42
0.0000000001
 43
0.0000000001
 12
1.0
 22
0.0
 32
0.0
 13
1.0
 23
0.0
 33
0.0
 40
0.0
 40
0.0
 40
0.0
 40
0.0
 40
1.0
 40
1.0
 40
1.0
 40
2.0
 40
2.0
 40
2.0
 40
3.0
 40
3.0
 40
3.0
 40
4.0
 40
4.0
 40
4.0
 40
5.0
 40
5.0
 40
5.0
 40
6.0
 40
6.0
 40
6.0
 40
7.0
 40
7.0
 40
7.0
 40
8.0
 40
8.0
 40
8.0
 40
8.0
 10
1232.048210508765
 20
-702.2193842594797
 30
0.0
 10
1232.276433165016
 20
-708.2447846501063
 30
0.0
 10
1225.999050352515
 20
-713.0970795719813
 30
0.0
 10
1220.236589415015
 20
-711.4560737126058
 30
0.0
 10
1216.470241758765
 20
-710.383515118855
 30
0.0
 10
1213.457585508766
 20
-707.9448139469814
 30
0.0
 10
1210.380710508765
 20
-705.6881928532302
 30
0.0
 10
1208.209343321265
 20
-704.09567332198
 30
0.0
 10
1204.653523008765
 20
-703.1202338688554
 30
0.0
 10
1204.210144102515
 20
-700.7627436344801
 30
0.0
 10
1203.715847227515
 20
-698.1348725407306
 30
0.0
 10
1206.771745665015
 20
-695.9182709782299
 30
0.0
 10
1208.411960508765
 20
-693.6377143376058
 30
0.0
 10
1210.334714415016
 20
-690.9642280094804
 30
0.0
 10
1211.632507383765
 20
-687.7640717594813
 30
0.0
 10
1214.537995665016
 20
-685.8579584782301
 30
0.0
 10
1217.176472227515
 20
-687.6245307438558
 30
0.0
 10
1219.831940977516
 20
-689.366347150105
 30
0.0
 10
1222.448327696266
 20
-691.1650287907314
 30
0.0
 10
1224.811706602515
 20
-692.7897748844798
 30
0.0
 10
1227.242175352514
 20
-694.3273041813563
 30
0.0
 10
1229.230144102516
 20
-696.447841290731
 30
0.0
 10
1230.811413633764
 20
-698.134491681355
 30
0.0
 10
1231.789460508766
 20
-700.0752338688553
 30
0.0
 10
1232.048210508765
 20
-702.2193842594797
 30
0.0
  0
HATCH
  5
68
330
41
100
AcDbEntity
  8
katman 1
 62
   128
420
    25913
100
AcDbHatch
 10
0.0
 20
0.0
 30
0.0
210
0.0
220
0.0
230
1.0
  2
SOLID
 70
     1
 71
     0
 91
        1
 92
        1
 93
        1
 72
     4
 94
        3
 73
     0
 74
     1
 95
       29
 96
       25
 40
0.0
 40
0.0
 40
0.0
 40
0.0
 40
1.0
 40
1.0
 40
1.0
 40
2.0
 40
2.0
 40
2.0
 40
3.0
 40
3.0
 40
3.0
 40
4.0
 40
4.0
 40
4.0
 40
5.0
 40
5.0
 40
5.0
 40
6.0
 40
6.0
 40
6.0
 40
7.0
 40
7.0
 40
7.0
 40
8.0
 40
8.0
 40
8.0
 40
8.0
 10
1232.048210508765
 20
-702.2193842594797
 10
1232.276433165016
 20
-708.2447846501063
 10
1225.999050352515
 20
-713.0970795719813
 10
1220.236589415015
 20
-711.4560737126058
 10
1216.470241758765
 20
-710.383515118855
 10
1213.457585508766
 20
-707.9448139469814
 10
1210.380710508765
 20
-705.6881928532302
 10
1208.209343321265
 20
-704.09567332198
 10
1204.653523008765
 20
-703.1202338688554
 10
1204.210144102515
 20
-700.7627436344801
 10
1203.715847227515
 20
-698.1348725407306
 10
1206.771745665015
 20
-695.9182709782299
 10
1208.411960508765
 20
-693.6377143376058
 10
1210.334714415016
 20
-690.9642280094804
 10
1211.632507383765
 20
-687.7640717594813
 10
1214.537995665016
 20
-685.8579584782301
 10
1217.176472227515
 20
-687.6245307438558
 10
1219.831940977516
 20
-689.366347150105
 10
1222.448327696266
 20
-691.1650287907314
 10
1224.811706602515
 20
-692.7897748844798
 10
1227.242175352514
 20
-694.3273041813563
 10
1229.230144102516
 20
-696.447841290731
 10
1230.811413633764
 20
-698.134491681355
 10
1231.789460508766
 20
-700.0752338688553
 10
1232.048210508765
 20
-702.2193842594797
 97
        0
 97
        0
 75
     2
 76
     1
 98
        0
  0
SPLINE
  5
69
330
41
100
AcDbEntity
  8
katman 1
370
     0
100
AcDbSpline
210
0.0
220
0.0
230
1.0
 70
    11
 71
     3
 72
    26
 73
    22
 74
     0
 42
0.0000000001
 43
0.0000000001
 12
1.0
 22
0.0
 32
0.0
 13
1.0
 23
0.0
 33
0.0
 40
0.0
 40
0.0
 40
0.0
 40
0.0
 40
1.0
 40
1.0
 40
1.0
 40
2.0
 40
2.0
 40
2.0
 40
3.0
 40
3.0
 40
3.0
 40
4.0
 40
4.0
 40
4.0
 40
5.0
 40
5.0
 40
5.0
 40
6.0
 40
6.0
 40
6.0
 40
7.0
 40
7.0
 40
7.0
 40
7.0
 10
936.6883667587645
 20
-1337.008749493856
 30
0.0
 10
936.5073706650146
 20
-1345.460487775104
 30
0.0
 10
934.5986792587646
 20
-1353.436444806357
 30
0.0
 10
929.6591675400141
 20
-1360.465468243856
 30
0.0
 10
924.7999878525152
 20
-1367.380233868855
 30
0.0
 10
918.2318628525154
 20
-1370.509140118855
 30
0.0
 10
909.7869800400149
 20
-1368.974394025106
 30
0.0
 10
900.8002808212641
 20
-1367.341210431354
 30
0.0
 10
894.6265503525137
 20
-1362.384003400104
 30
0.0
 10
892.5271948837653
 20
-1353.245311993855
 30
0.0
 10
890.158601133764
 20
-1342.934101056355
 30
0.0
 10
892.3576245712648
 20
-1333.226874493856
 30
0.0
 10
897.3907691025142
 20
-1324.172265118854
 30
0.0
 10
902.5528784775142
 20
-1314.885624493854
 30
0.0
 10
910.319245665014
 20
-1311.555331525105
 30
0.0
 10
920.345163633765
 20
-1313.835155743855
 30
0.0
 10
929.7760034775147
 20
-1315.979628400106
 30
0.0
 10
935.6479175400145
 20
-1322.734550275105
 30
0.0
 10
936.6682105087639
 20
-1332.700468243856
 30
0.0
 10
936.8137573837648
 20
-1334.122362775106
 30
0.0
 10
936.6883667587645
 20
-1335.571972150105
 30
0.0
 10
936.6883667587645
 20
-1337.008749493856
 30
0.0
  0
HATCH
  5
6A
330
41
100
AcDbEntity
  8
katman 1
 62
   128
420
    25913
100
AcDbHatch
 10
0.0
 20
0.0
 30
0.0
210
0.0
220
0.0
230
1.0
  2
SOLID
 70
     1
 71
     0
 91
        1
 92
        1
 93
        1
 72
     4
 94
        3
 73
     0
 74
     1
 95
       26
 96
       22
 40
0.0
 40
0.0
 40
0.0
 40
0.0
 40
1.0
 40
1.0
 40
1.0
 40
2.0
 40
2.0
 40
2.0
 40
3.0
 40
3.0
 40
3.0
 40
4.0
 40
4.0
 40
4.0
 40
5.0
 40
5.0
 40
5.0
 40
6.0
 40
6.0
 40
6.0
 40
7.0
 40
7.0
 40
7.0
 40
7.0
 10
936.6883667587645
 20
-1337.008749493856
 10
936.5073706650146
 20
-1345.460487775104
 10
934.5986792587646
 20
-1353.436444806357
 10
929.6591675400141
 20
-1360.465468243856
 10
924.7999878525152
 20
-1367.380233868855
 10
918.2318628525154
 20
-1370.509140118855
 10
909.7869800400149
 20
-1368.974394025106
 10
900.8002808212641
 20
-1367.341210431354
 10
894.6265503525137
 20
-1362.384003400104
 10
892.5271948837653
 20
-1353.245311993855
 10
890.158601133764
 20
-1342.934101056355
 10
892.3576245712648
 20
-1333.226874493856
 10
897.3907691025142
 20
-1324.172265118854
 10
902.5528784775142
 20
-1314.885624493854
 10
910.319245665014
 20
-1311.555331525105
 10
920.345163633765
 20
-1313.835155743855
 10
929.7760034775147
 20
-1315.979628400106
 10
935.6479175400145
 20
-1322.734550275105
 10
936.6682105087639
 20
-1332.700468243856
 10
936.8137573837648
 20
-1334.122362775106
 10
936.6883667587645
 20
-1335.571972150105
 10
936.6883667587645
 20
-1337.008749493856
 97
        0
 97
        0
 75
     2
 76
     1
 98
        0
  0
SPLINE
  5
6B
330
41
100
AcDbEntity
  8
katman 1
370
     0
100
AcDbSpline
210
0.0
220
0.0
230
1.0
 70
    11
 71
     3
 72
    26
 73
    22
 74
     0
 42
0.0000000001
 43
0.0000000001
 12
1.0
 22
0.0
 32
0.0
 13
1.0
 23
0.0
 33
0.0
 40
0.0
 40
0.0
 40
0.0
 40
0.0
 40
1.0
 40
1.0
 40
1.0
 40
2.0
 40
2.0
 40
2.0
 40
3.0
 40
3.0
 40
3.0
 40
4.0
 40
4.0
 40
4.0
 40
5.0
 40
5.0
 40
5.0
 40
6.0
 40
6.0
 40
6.0
 40
7.0
 40
7.0
 40
7.0
 40
7.0
 10
702.7072925400153
 20
-1210.808241681356
 30
0.0
 10
702.6426636337637
 20
-1214.507147931356
 30
0.0
 10
702.1840796493889
 20
-1218.148222150106
 30
0.0
 10
701.6127905868889
 20
-1221.786894025106
 30
0.0
 10
701.4109937118901
 20
-1223.072089337606
 30
0.0
 10
701.010651915014
 20
-1223.728690900105
 30
0.0
 10
699.5560034775153
 20
-1223.805858868855
 30
0.0
 10
693.1563355087637
 20
-1224.145175275105
 30
0.0
 10
686.2498608993901
 20
-1219.894081525104
 30
0.0
 10
683.8003784775137
 20
-1213.983085431355
 30
0.0
 10
680.9688355087637
 20
-1207.150175275106
 30
0.0
 10
684.1394019150139
 20
-1200.502011212604
 30
0.0
 10
691.2521558212648
 20
-1198.498339337606
 30
0.0
 10
693.2521655868895
 20
-1197.935077618855
 30
0.0
 10
695.3064331650148
 20
-1197.680722150104
 30
0.0
 10
697.4178589462645
 20
-1198.009198712607
 30
0.0
 10
701.293894102515
 20
-1198.612245587607
 30
0.0
 10
701.625564024389
 20
-1198.773026837604
 30
0.0
 10
702.1546655868897
 20
-1202.681698712604
 30
0.0
 10
702.5180347275145
 20
-1205.366288556354
 30
0.0
 10
702.5353198837638
 20
-1208.097753400107
 30
0.0
 10
702.7072925400153
 20
-1210.808241681356
 30
0.0
  0
HATCH
  5
6C
330
41
100
AcDbEntity
  8
katman 1
 62
   128
420
    25913
100
AcDbHatch
 10
0.0
 20
0.0
 30
0.0
210
0.0
220
0.0
230
1.0
  2
SOLID
 70
     1
 71
     0
 91
        1
 92
        1
 93
        1
 72
     4
 94
        3
 73
     0
 74
     1
 95
       26
 96
       22
 40
0.0
 40
0.0
 40
0.0
 40
0.0
 40
1.0
 40
1.0
 40
1.0
 40
2.0
 40
2.0
 40
2.0
 40
3.0
 40
3.0
 40
3.0
 40
4.0
 40
4.0
 40
4.0
 40
5.0
 40
5.0
 40
5.0
 40
6.0
 40
6.0
 40
6.0
 40
7.0
 40
7.0
 40
7.0
 40
7.0
 10
702.7072925400153
 20
-1210.808241681356
 10
702.6426636337637
 20
-1214.507147931356
 10
702.1840796493889
 20
-1218.148222150106
 10
701.6127905868889
 20
-1221.786894025106
 10
701.4109937118901
 20
-1223.072089337606
 10
701.010651915014
 20
-1223.728690900105
 10
699.5560034775153
 20
-1223.805858868855
 10
693.1563355087637
 20
-1224.145175275105
 10
686.2498608993901
 20
-1219.894081525104
 10
683.8003784775137
 20
-1213.983085431355
 10
680.9688355087637
 20
-1207.150175275106
 10
684.1394019150139
 20
-1200.502011212604
 10
691.2521558212648
 20
-1198.498339337606
 10
693.2521655868895
 20
-1197.935077618855
 10
695.3064331650148
 20
-1197.680722150104
 10
697.4178589462645
 20
-1198.009198712607
 10
701.293894102515
 20
-1198.612245587607
 10
701.625564024389
 20
-1198.773026837604
 10
702.1546655868897
 20
-1202.681698712604
 10
702.5180347275145
 20
-1205.366288556354
 10
702.5353198837638
 20
-1208.097753400107
 10
702.7072925400153
 20
-1210.808241681356
 97
        0
 97
        0
 75
     2
 76
     1
 98
        0
  0
SPLINE
  5
6D
330
41
100
AcDbEntity
  8
katman 1
370
     0
100
AcDbSpline
210
0.0
220
0.0
230
1.0
 70
    11
 71
     3
 72
    23
 73
    19
 74
     0
 42
0.0000000001
 43
0.0000000001
 12
1.0
 22
0.0
 32
0.0
 13
1.0
 23
0.0
 33
0.0
 40
0.0
 40
0.0
 40
0.0
 40
0.0
 40
1.0
 40
1.0
 40
1.0
 40
2.0
 40
2.0
 40
2.0
 40
3.0
 40
3.0
 40
3.0
 40
4.0
 40
4.0
 40
4.0
 40
5.0
 40
5.0
 40
5.0
 40
6.0
 40
6.0
 40
6.0
 40
6.0
 10
723.08564214939
 20
-1189.218847150107
 30
0.0
 10
723.0554077743891
 20
-1182.012694806355
 30
0.0
 10
726.9070386337644
 20
-1177.801796368854
 30
0.0
 10
732.6414917587645
 20
-1178.248866681355
 30
0.0
 10
736.2296558212638
 20
-1178.528593243856
 30
0.0
 10
738.3899487900144
 20
-1180.721522931355
 30
0.0
 10
739.833523008765
 20
-1183.750409650107
 30
0.0
 10
741.2489136337645
 20
-1186.720058087605
 30
0.0
 10
741.0416089462651
 20
-1189.628710431356
 30
0.0
 10
739.0510620712648
 20
-1192.307323712605
 30
0.0
 10
736.1216968368899
 20
-1196.249394025104
 30
0.0
 10
729.7113941025145
 20
-1197.899159650104
 30
0.0
 10
725.2188355087637
 20
-1195.971835431355
 30
0.0
 10
724.2454175400144
 20
-1195.554237775104
 30
0.0
 10
723.6186108993898
 20
-1195.021210431354
 30
0.0
 10
723.5253882431389
 20
-1193.935233868855
 30
0.0
 10
723.3757691025148
 20
-1192.192011212606
 30
0.0
 10
723.2015112900153
 20
-1190.450897931354
 30
0.0
 10
723.08564214939
 20
-1189.218847150107
 30
0.0
  0
HATCH
  5
6E
330
41
100
AcDbEntity
  8
katman 1
 62
   116
420
    26170
100
AcDbHatch
 10
0.0
 20
0.0
 30
0.0
210
0.0
220
0.0
230
1.0
  2
SOLID
 70
     1
 71
     0
 91
        1
 92
        1
 93
        1
 72
     4
 94
        3
 73
     0
 74
     1
 95
       23
 96
       19
 40
0.0
 40
0.0
 40
0.0
 40
0.0
 40
1.0
 40
1.0
 40
1.0
 40
2.0
 40
2.0
 40
2.0
 40
3.0
 40
3.0
 40
3.0
 40
4.0
 40
4.0
 40
4.0
 40
5.0
 40
5.0
 40
5.0
 40
6.0
 40
6.0
 40
6.0
 40
6.0
 10
723.08564214939
 20
-1189.218847150107
 10
723.0554077743891
 20
-1182.012694806355
 10
726.9070386337644
 20
-1177.801796368854
 10
732.6414917587645
 20
-1178.248866681355
 10
736.2296558212638
 20
-1178.528593243856
 10
738.3899487900144
 20
-1180.721522931355
 10
739.833523008765
 20
-1183.750409650107
 10
741.2489136337645
 20
-1186.720058087605
 10
741.0416089462651
 20
-1189.628710431356
 10
739.0510620712648
 20
-1192.307323712605
 10
736.1216968368899
 20
-1196.249394025104
 10
729.7113941025145
 20
-1197.899159650104
 10
725.2188355087637
 20
-1195.971835431355
 10
724.2454175400144
 20
-1195.554237775104
 10
723.6186108993898
 20
-1195.021210431354
 10
723.5253882431389
 20
-1193.935233868855
 10
723.3757691025148
 20
-1192.192011212606
 10
723.2015112900153
 20
-1190.450897931354
 10
723.08564214939
 20
-1189.218847150107
 97
        0
 97
        0
 75
     2
 76
     1
 98
        0
  0
SPLINE
  5
6F
330
41
100
AcDbEntity
  8
katman 1
370
     0
100
AcDbSpline
210
0.0
220
0.0
230
1.0
 70
    11
 71
     3
 72
    17
 73
    13
 74
     0
 42
0.0000000001
 43
0.0000000001
 12
1.0
 22
0.0
 32
0.0
 13
1.0
 23
0.0
 33
0.0
 40
0.0
 40
0.0
 40
0.0
 40
0.0
 40
1.0
 40
1.0
 40
1.0
 40
2.0
 40
2.0
 40
2.0
 40
3.0
 40
3.0
 40
3.0
 40
4.0
 40
4.0
 40
4.0
 40
4.0
 10
1117.833230040014
 20
-639.7929731266677
 30
0.0
 10
1117.246296446265
 20
-651.2539692204182
 30
0.0
 10
1116.659421446266
 20
-662.714979962605
 30
0.0
 10
1116.047175352514
 20
-674.670419415731
 30
0.0
 10
1109.007546446264
 20
-673.0150580876061
 30
0.0
 10
1102.730280821264
 20
-670.0295307438564
 30
0.0
 10
1095.362937071264
 20
-667.721522931356
 30
0.0
 10
1102.820515196265
 20
-657.9685053532312
 30
0.0
 10
1109.899577696266
 20
-648.7105610172939
 30
0.0
 10
1116.978640196265
 20
-639.4526166813548
 30
0.0
 10
1117.263523008765
 20
-639.566068829793
 30
0.0
 10
1117.548347227515
 20
-639.6795209782313
 30
0.0
 10
1117.833230040014
 20
-639.7929731266677
 30
0.0
  0
HATCH
  5
70
330
41
100
AcDbEntity
  8
katman 1
 62
   116
420
    26170
100
AcDbHatch
 10
0.0
 20
0.0
 30
0.0
210
0.0
220
0.0
230
1.0
  2
SOLID
 70
     1
 71
     0
 91
        1
 92
        1
 93
        1
 72
     4
 94
        3
 73
     0
 74
     1
 95
       17
 96
       13
 40
0.0
 40
0.0
 40
0.0
 40
0.0
 40
1.0
 40
1.0
 40
1.0
 40
2.0
 40
2.0
 40
2.0
 40
3.0
 40
3.0
 40
3.0
 40
4.0
 40
4.0
 40
4.0
 40
4.0
 10
1117.833230040014
 20
-639.7929731266677
 10
1117.246296446265
 20
-651.2539692204182
 10
1116.659421446266
 20
-662.714979962605
 10
1116.047175352514
 20
-674.670419415731
 10
1109.007546446264
 20
-673.0150580876061
 10
1102.730280821264
 20
-670.0295307438564
 10
1095.362937071264
 20
-667.721522931356
 10
1102.820515196265
 20
-657.9685053532312
 10
1109.899577696266
 20
-648.7105610172939
 10
1116.978640196265
 20
-639.4526166813548
 10
1117.263523008765
 20
-639.566068829793
 10
1117.548347227515
 20
-639.6795209782313
 10
1117.833230040014
 20
-639.7929731266677
 97
        0
 97
        0
 75
     2
 76
     1
 98
        0
  0
SPLINE
  5
71
330
41
100
AcDbEntity
  8
katman 1
370
     0
100
AcDbSpline
210
0.0
220
0.0
230
1.0
 70
    11
 71
     3
 72
    95
 73
    91
 74
     0
 42
0.0000000001
 43
0.0000000001
 12
1.0
 22
0.0
 32
0.0
 13
1.0
 23
0.0
 33
0.0
 40
0.0
 40
0.0
 40
0.0
 40
0.0
 40
1.0
 40
1.0
 40
1.0
 40
2.0
 40
2.0
 40
2.0
 40
3.0
 40
3.0
 40
3.0
 40
4.0
 40
4.0
 40
4.0
 40
5.0
 40
5.0
 40
5.0
 40
6.0
 40
6.0
 40
6.0
 40
7.0
 40
7.0
 40
7.0
 40
8.0
 40
8.0
 40
8.0
 40
9.0
 40
9.0
 40
9.0
 40
10.0
 40
10.0
 40
10.0
 40
11.0
 40
11.0
 40
11.0
 40
12.0
 40
12.0
 40
12.0
 40
13.0
 40
13.0
 40
13.0
 40
14.0
 40
14.0
 40
14.0
 40
15.0
 40
15.0
 40
15.0
 40
16.0
 40
16.0
 40
16.0
 40
17.0
 40
17.0
 40
17.0
 40
18.0
 40
18.0
 40
18.0
 40
19.0
 40
19.0
 40
19.0
 40
20.0
 40
20.0
 40
20.0
 40
21.0
 40
21.0
 40
21.0
 40
22.0
 40
22.0
 40
22.0
 40
23.0
 40
23.0
 40
23.0
 40
24.0
 40
24.0
 40
24.0
 40
25.0
 40
25.0
 40
25.0
 40
26.0
 40
26.0
 40
26.0
 40
27.0
 40
27.0
 40
27.0
 40
28.0
 40
28.0
 40
28.0
 40
29.0
 40
29.0
 40
29.0
 40
30.0
 40
30.0
 40
30.0
 40
30.0
 10
966.6314722275147
 20
-946.0273627751058
 30
0.0
 10
971.1935816025143
 20
-946.2781440251047
 30
0.0
 10
975.506784727515
 20
-946.0007612126055
 30
0.0
 10
979.8089722275145
 20
-946.6817963688563
 30
0.0
 10
982.516999571264
 20
-947.1104682438554
 30
0.0
 10
985.0685816025143
 20
-947.422128400106
 30
0.0
 10
987.3370386337647
 20
-949.2978901188553
 30
0.0
 10
989.0925659775148
 20
-950.7494916813548
 30
0.0
 10
990.4367066025152
 20
-950.1383002751054
 30
0.0
 10
990.5674292587646
 20
-947.9227534001047
 30
0.0
 10
990.9911792587645
 20
-940.736171368856
 30
0.0
 10
991.1315112900138
 20
-933.5448432438561
 30
0.0
 10
988.6983472275151
 20
-926.5929291813563
 30
0.0
 10
987.5284058212637
 20
-923.2503901188547
 30
0.0
 10
985.3050659775145
 20
-920.8298237126064
 30
0.0
 10
982.190456602515
 20
-919.2506635563559
 30
0.0
 10
974.4956909775137
 20
-915.3491987126063
 30
0.0
 10
966.4810034775146
 20
-914.0335932438547
 30
0.0
 10
958.0683472275141
 20
-916.5423432438556
 30
0.0
 10
956.2219409775153
 20
-917.0928901188554
 30
0.0
 10
954.3959839462641
 20
-917.6815229313552
 30
0.0
 10
952.4502026962637
 20
-917.5801557438563
 30
0.0
 10
950.6284058212641
 20
-917.4853510563562
 30
0.0
 10
949.8355737900147
 20
-916.4266791813561
 30
0.0
 10
950.3006323837653
 20
-914.6963471501049
 30
0.0
 10
950.6277026962653
 20
-913.4794135563561
 30
0.0
 10
951.191315977514
 20
-912.3069526188547
 30
0.0
 10
951.7790698837653
 20
-911.1824799626056
 30
0.0
 10
954.1166675400145
 20
-906.7102534001051
 30
0.0
 10
957.4319019150153
 20
-903.0113471501054
 30
0.0
 10
961.4391870712643
 20
-900.0353119938563
 30
0.0
 10
976.5852612900144
 20
-888.7868647282312
 30
0.0
 10
993.476960508764
 20
-883.8597455876052
 30
0.0
 10
1012.336179258764
 20
-886.3882416813549
 30
0.0
 10
1016.989694883765
 20
-887.01217722823
 30
0.0
 10
1021.338523008764
 20
-888.5781830876049
 30
0.0
 10
1025.315690977515
 20
-891.052743634481
 30
0.0
 10
1032.173444883765
 20
-895.3195991032308
 30
0.0
 10
1038.019870665015
 20
-900.7076752751063
 30
0.0
 10
1042.787702696265
 20
-907.242929181356
 30
0.0
 10
1043.258034727514
 20
-907.8876948063562
 30
0.0
 10
1043.712429258765
 20
-908.5489252751058
 30
0.0
 10
1044.115905821265
 20
-909.2367573063557
 30
0.0
 10
1047.086550352515
 20
-914.3008393376049
 30
0.0
 10
1046.689870665015
 20
-915.1200971501048
 30
0.0
 10
1040.949206602514
 20
-915.4023432438562
 30
0.0
 10
1035.362761290015
 20
-915.6770307438555
 30
0.0
 10
1029.764714415014
 20
-915.7382026188561
 30
0.0
 10
1024.182663633765
 20
-916.0735932438556
 30
0.0
 10
1014.204909727516
 20
-916.6731244938555
 30
0.0
 10
1006.911159727515
 20
-924.0693549626058
 30
0.0
 10
1006.490105040015
 20
-934.060878400106
 30
0.0
 10
1006.253269102515
 20
-939.681776837605
 30
0.0
 10
1006.943620665015
 20
-945.228729962605
 30
0.0
 10
1008.766530821265
 20
-950.5868354313561
 30
0.0
 10
1009.124538633765
 20
-951.638886212605
 30
0.0
 10
1009.552448790015
 20
-952.8145698063554
 30
0.0
 10
1010.870339415014
 20
-952.9404291813562
 30
0.0
 10
1012.205925352515
 20
-953.0679291813549
 30
0.0
 10
1012.951003477516
 20
-951.9849409001063
 30
0.0
 10
1013.292370665014
 20
-950.9764252751056
 30
0.0
 10
1014.745612852515
 20
-946.682265118855
 30
0.0
 10
1017.990827696265
 20
-945.8525776188553
 30
0.0
 10
1022.011355040015
 20
-945.9347260563563
 30
0.0
 10
1028.880534727516
 20
-946.0749994938551
 30
0.0
 10
1035.757038633765
 20
-945.9268159001049
 30
0.0
 10
1042.583796446264
 20
-946.9258979313554
 30
0.0
 10
1046.046980040015
 20
-947.4328510563564
 30
0.0
 10
1046.449460508766
 20
-947.8856049626056
 30
0.0
 10
1047.300007383765
 20
-951.2709760563548
 30
0.0
 10
1048.391901915014
 20
-955.6172846501058
 30
0.0
 10
1047.681218321266
 20
-959.9453119938562
 30
0.0
 10
1046.778991758765
 20
-964.1061127751063
 30
0.0
 10
1043.136276915015
 20
-980.9055854313565
 30
0.0
 10
1035.115144102516
 20
-995.3091596501063
 30
0.0
 10
1023.019343321264
 20
-1007.636288556354
 30
0.0
 10
1007.047273008764
 20
-1023.913866681356
 30
0.0
 10
983.633620665014
 20
-1018.757323712605
 30
0.0
 10
972.5611597275147
 20
-1007.465487775105
 30
0.0
 10
959.957468321265
 20
-994.612069806356
 30
0.0
 10
952.172878477515
 20
-979.3986713688564
 30
0.0
 10
950.2126831650148
 20
-961.385019025106
 30
0.0
 10
949.9194214462641
 20
-958.6909369938558
 30
0.0
 10
949.1862964462653
 20
-956.0625385563553
 30
0.0
 10
949.2497534775139
 20
-953.3110346501062
 30
0.0
 10
949.354401915014
 20
-948.7737104313555
 30
0.0
 10
950.372468321264
 20
-947.4214252751053
 30
0.0
 10
954.9317651962647
 20
-946.5248823063548
 30
0.0
 10
958.8855542587644
 20
-945.747401837606
 30
0.0
 10
962.9036206650144
 20
-946.2506635563559
 30
0.0
 10
966.6314722275147
 20
-946.0273627751058
 30
0.0
  0
SPLINE
  5
72
330
41
100
AcDbEntity
  8
katman 1
370
     0
100
AcDbSpline
210
0.0
220
0.0
230
1.0
 70
    11
 71
     3
 72
   197
 73
   193
 74
     0
 42
0.0000000001
 43
0.0000000001
 12
1.0
 22
0.0
 32
0.0
 13
1.0
 23
0.0
 33
0.0
 40
0.0
 40
0.0
 40
0.0
 40
0.0
 40
1.0
 40
1.0
 40
1.0
 40
2.0
 40
2.0
 40
2.0
 40
3.0
 40
3.0
 40
3.0
 40
4.0
 40
4.0
 40
4.0
 40
5.0
 40
5.0
 40
5.0
 40
6.0
 40
6.0
 40
6.0
 40
7.0
 40
7.0
 40
7.0
 40
8.0
 40
8.0
 40
8.0
 40
9.0
 40
9.0
 40
9.0
 40
10.0
 40
10.0
 40
10.0
 40
11.0
 40
11.0
 40
11.0
 40
12.0
 40
12.0
 40
12.0
 40
13.0
 40
13.0
 40
13.0
 40
14.0
 40
14.0
 40
14.0
 40
15.0
 40
15.0
 40
15.0
 40
16.0
 40
16.0
 40
16.0
 40
17.0
 40
17.0
 40
17.0
 40
18.0
 40
18.0
 40
18.0
 40
19.0
 40
19.0
 40
19.0
 40
20.0
 40
20.0
 40
20.0
 40
21.0
 40
21.0
 40
21.0
 40
22.0
 40
22.0
 40
22.0
 40
23.0
 40
23.0
 40
23.0
 40
24.0
 40
24.0
 40
24.0
 40
25.0
 40
25.0
 40
25.0
 40
26.0
 40
26.0
 40
26.0
 40
27.0
 40
27.0
 40
27.0
 40
28.0
 40
28.0
 40
28.0
 40
29.0
 40
29.0
 40
29.0
 40
30.0
 40
30.0
 40
30.0
 40
31.0
 40
31.0
 40
31.0
 40
32.0
 40
32.0
 40
32.0
 40
33.0
 40
33.0
 40
33.0
 40
34.0
 40
34.0
 40
34.0
 40
35.0
 40
35.0
 40
35.0
 40
36.0
 40
36.0
 40
36.0
 40
37.0
 40
37.0
 40
37.0
 40
38.0
 40
38.0
 40
38.0
 40
39.0
 40
39.0
 40
39.0
 40
40.0
 40
40.0
 40
40.0
 40
41.0
 40
41.0
 40
41.0
 40
42.0
 40
42.0
 40
42.0
 40
43.0
 40
43.0
 40
43.0
 40
44.0
 40
44.0
 40
44.0
 40
45.0
 40
45.0
 40
45.0
 40
46.0
 40
46.0
 40
46.0
 40
47.0
 40
47.0
 40
47.0
 40
48.0
 40
48.0
 40
48.0
 40
49.0
 40
49.0
 40
49.0
 40
50.0
 40
50.0
 40
50.0
 40
51.0
 40
51.0
 40
51.0
 40
52.0
 40
52.0
 40
52.0
 40
53.0
 40
53.0
 40
53.0
 40
54.0
 40
54.0
 40
54.0
 40
55.0
 40
55.0
 40
55.0
 40
56.0
 40
56.0
 40
56.0
 40
57.0
 40
57.0
 40
57.0
 40
58.0
 40
58.0
 40
58.0
 40
59.0
 40
59.0
 40
59.0
 40
60.0
 40
60.0
 40
60.0
 40
61.0
 40
61.0
 40
61.0
 40
62.0
 40
62.0
 40
62.0
 40
63.0
 40
63.0
 40
63.0
 40
64.0
 40
64.0
 40
64.0
 40
64.0
 10
1003.577116758765
 20
-753.0014155094805
 30
0.0
 10
1006.073444883765
 20
-769.4501752751048
 30
0.0
 10
1008.777370665015
 20
-785.3078998844803
 30
0.0
 10
1010.309890196264
 20
-801.331269025105
 30
0.0
 10
1011.285710508764
 20
-811.534315900105
 30
0.0
 10
1009.786355040014
 20
-821.3934760563561
 30
0.0
 10
1006.302019102515
 20
-831.0118744938563
 30
0.0
 10
1004.563249571265
 20
-835.8118744938556
 30
0.0
 10
1002.851374571264
 20
-840.6346381657304
 30
0.0
 10
1001.768796446264
 20
-845.6434955876057
 30
0.0
 10
1001.533425352514
 20
-846.7324018376048
 30
0.0
 10
1001.221413633764
 20
-847.8303901188547
 30
0.0
 10
1001.186667540014
 20
-848.9318354313555
 30
0.0
 10
1001.104636290014
 20
-851.53260691573
 30
0.0
 10
1002.015769102514
 20
-852.4078803532311
 30
0.0
 10
1004.676276915014
 20
-852.1378217594802
 30
0.0
 10
1008.392409727514
 20
-851.7605659001047
 30
0.0
 10
1011.743151915014
 20
-850.1232221501059
 30
0.0
 10
1015.068288633765
 20
-848.600722150105
 30
0.0
 10
1022.909187071265
 20
-845.01071238448
 30
0.0
 10
1031.137038633766
 20
-843.3283100407307
 30
0.0
 10
1039.705378477514
 20
-843.2283491032313
 30
0.0
 10
1043.872976133765
 20
-843.1796869938562
 30
0.0
 10
1048.010280821265
 20
-842.8388471501048
 30
0.0
 10
1052.138327696264
 20
-842.3538666813556
 30
0.0
 10
1053.714851133765
 20
-842.168710431356
 30
0.0
 10
1055.296062071266
 20
-841.8433100407301
 30
0.0
 10
1056.814284727514
 20
-841.381561993855
 30
0.0
 10
1059.558874571265
 20
-840.5469819157306
 30
0.0
 10
1061.410612852515
 20
-840.9780854313549
 30
0.0
 10
1061.926355040016
 20
-843.4827631657308
 30
0.0
 10
1062.942898008765
 20
-848.4199018376048
 30
0.0
 10
1065.593913633766
 20
-852.6629975407313
 30
0.0
 10
1067.198562071264
 20
-857.3354682438558
 30
0.0
 10
1068.810183165015
 20
-862.0284760563563
 30
0.0
 10
1069.687390196264
 20
-866.85006785323
 30
0.0
 10
1070.280065977515
 20
-871.916229962605
 30
0.0
 10
1072.377546446265
 20
-865.7621576969805
 30
0.0
 10
1074.335105040014
 20
-859.6808881657298
 30
0.0
 10
1077.847683165015
 20
-854.2600287907308
 30
0.0
 10
1081.381706602515
 20
-848.8062983219797
 30
0.0
 10
1085.239987852516
 20
-843.6352826969805
 30
0.0
 10
1090.155300352515
 20
-839.2220307438556
 30
0.0
 10
1088.171901915015
 20
-847.4921869938562
 30
0.0
 10
1086.867136290015
 20
-855.8596967594813
 30
0.0
 10
1083.392351133765
 20
-863.6132612126048
 30
0.0
 10
1081.738249571265
 20
-867.3041108219813
 30
0.0
 10
1079.009831602516
 20
-870.2602826969805
 30
0.0
 10
1076.511335508765
 20
-873.3829194157306
 30
0.0
 10
1071.174206602514
 20
-880.053436993855
 30
0.0
 10
1072.017019102515
 20
-879.9076557438557
 30
0.0
 10
1079.690515196266
 20
-881.3441694157309
 30
0.0
 10
1083.761433165015
 20
-882.1063276188552
 30
0.0
 10
1087.900437071265
 20
-882.5323920719811
 30
0.0
 10
1091.923190977515
 20
-883.598153790731
 30
0.0
 10
1094.691101133765
 20
-884.3315424626062
 30
0.0
 10
1097.302155821266
 20
-885.4408686344805
 30
0.0
 10
1099.993601133765
 20
-886.77821238448
 30
0.0
 10
1094.823347227515
 20
-888.2072553532298
 30
0.0
 10
1088.462409727515
 20
-888.5387201969797
 30
0.0
 10
1074.409343321266
 20
-882.876601056355
 30
0.0
 10
1077.826823790016
 20
-887.7555268376063
 30
0.0
 10
1080.847390196264
 20
-892.06776316573
 30
0.0
 10
1083.867956602515
 20
-896.3800287907297
 30
0.0
 10
1083.617175352514
 20
-896.6095698063555
 30
0.0
 10
1083.366394102515
 20
-896.8391401188555
 30
0.0
 10
1083.115612852514
 20
-897.0686811344813
 30
0.0
 10
1081.116276915016
 20
-895.0301752751047
 30
0.0
 10
1078.911394102515
 20
-893.1529487126054
 30
0.0
 10
1077.160026915015
 20
-890.9199409001058
 30
0.0
 10
1073.397019102515
 20
-886.12196238448
 30
0.0
 10
1068.688132383764
 20
-883.8868451969802
 30
0.0
 10
1062.564148008765
 20
-884.3787104313551
 30
0.0
 10
1059.240241758765
 20
-884.6457514469812
 30
0.0
 10
1055.978269102516
 20
-884.0378412907312
 30
0.0
 10
1051.868151915014
 20
-882.472743634481
 30
0.0
 10
1056.209304258764
 20
-880.3609076969797
 30
0.0
 10
1059.997507383765
 20
-881.228769025106
 30
0.0
 10
1064.653190977515
 20
-880.5932612126062
 30
0.0
 10
1055.820651915015
 20
-876.9235346501055
 30
0.0
 10
1050.276159727515
 20
-871.1403608219798
 30
0.0
 10
1045.291472227515
 20
-863.1938764469805
 30
0.0
 10
1054.133796446265
 20
-867.1031342594806
 30
0.0
 10
1059.391472227515
 20
-874.3671772282314
 30
0.0
 10
1067.287917540014
 20
-878.7450385563561
 30
0.0
 10
1067.359108946264
 20
-876.114589337606
 30
0.0
 10
1065.943894102515
 20
-874.9567182438559
 30
0.0
 10
1064.775241758765
 20
-873.8251557438552
 30
0.0
 10
1060.651940977516
 20
-869.8328119938551
 30
0.0
 10
1058.717644102515
 20
-865.0059760563554
 30
0.0
 10
1058.322605040015
 20
-859.306239728231
 30
0.0
 10
1058.094148008766
 20
-856.0097260563552
 30
0.0
 10
1058.063386290016
 20
-852.5765424626052
 30
0.0
 10
1056.333640196264
 20
-849.1913471501057
 30
0.0
 10
1052.393503477515
 20
-849.7710151188558
 30
0.0
 10
1048.962546446264
 20
-851.7925873844806
 30
0.0
 10
1045.418327696265
 20
-853.3975287907297
 30
0.0
 10
1041.312839415015
 20
-855.2565326969807
 30
0.0
 10
1037.154089415015
 20
-856.8083295719798
 30
0.0
 10
1032.646296446264
 20
-857.2995502751064
 30
0.0
 10
1029.286999571264
 20
-857.665614728231
 30
0.0
 10
1025.943288633765
 20
-857.3160151188558
 30
0.0
 10
1022.587976133766
 20
-857.2122162907299
 30
0.0
 10
1017.683796446265
 20
-857.0605756657305
 30
0.0
 10
1012.771472227514
 20
-857.1732514469813
 30
0.0
 10
1007.504304258764
 20
-857.1732514469813
 30
0.0
 10
1017.491081602515
 20
-862.9337201969802
 30
0.0
 10
1028.725026915015
 20
-866.7288080876051
 30
0.0
 10
1035.485808165015
 20
-876.777108868856
 30
0.0
 10
1023.237136290016
 20
-872.2926362126063
 30
0.0
 10
1011.258112852514
 20
-867.3785248844806
 30
0.0
 10
1001.151394102515
 20
-856.9498334782302
 30
0.0
 10
1000.952409727515
 20
-861.2769526188558
 30
0.0
 10
1000.813718321264
 20
-864.2928022282313
 30
0.0
 10
1000.633659727515
 20
-868.2073920719804
 30
0.0
 10
997.9686401962645
 20
-864.6099116032301
 30
0.0
 10
997.912624571265
 20
-861.4137690251055
 30
0.0
 10
998.6554761337648
 20
-857.3799116032305
 30
0.0
 10
993.5948511337647
 20
-859.7234565251047
 30
0.0
 10
990.3419019150151
 20
-863.6318940251049
 30
0.0
 10
985.9507691025137
 20
-865.7596674626047
 30
0.0
 10
981.6143628525151
 20
-867.8608979313549
 30
0.0
 10
977.1655151962641
 20
-869.5813569157299
 30
0.0
 10
972.5066089462653
 20
-870.7530561344802
 30
0.0
 10
967.7201441025154
 20
-871.9568354313551
 30
0.0
 10
963.2380151962643
 20
-874.0101362126052
 30
0.0
 10
957.696804258765
 20
-876.261806134481
 30
0.0
 10
959.1746558212653
 20
-872.8795991032302
 30
0.0
 10
961.2145386337652
 20
-871.2797260563557
 30
0.0
 10
963.2656714462646
 20
-869.770761212606
 30
0.0
 10
969.7476050400146
 20
-865.0020795719802
 30
0.0
 10
976.8661011337645
 20
-861.43893504073
 30
0.0
 10
984.418483946265
 20
-858.679696759481
 30
0.0
 10
986.1224487900145
 20
-858.0571088688548
 30
0.0
 10
988.1374878525148
 20
-857.9547748844807
 30
0.0
 10
989.965730040014
 20
-855.8846869938561
 30
0.0
 10
986.6035620712646
 20
-855.8846869938561
 30
0.0
 10
983.815261290014
 20
-855.8149018376052
 30
0.0
 10
981.0313550400151
 20
-855.8965522282297
 30
0.0
 10
967.4654370712651
 20
-856.2943744938557
 30
0.0
 10
955.0749683212653
 20
-852.9478803532302
 30
0.0
 10
944.2600269150153
 20
-844.4906635563557
 30
0.0
 10
943.7598120712646
 20
-844.0995209782313
 30
0.0
 10
943.2345776962648
 20
-843.6965717594803
 30
0.0
 10
942.6553198837646
 20
-843.4597065251064
 30
0.0
 10
941.5858667587654
 20
-843.0223920719809
 30
0.0
 10
940.7376050400144
 20
-843.2574994938559
 30
0.0
 10
940.6863355087644
 20
-844.5916205876047
 30
0.0
 10
940.5880151962647
 20
-847.1488569157309
 30
0.0
 10
940.6715112900147
 20
-849.7176948063561
 30
0.0
 10
940.4729370712648
 20
-852.2656147282314
 30
0.0
 10
939.760202696265
 20
-861.4122162907306
 30
0.0
 10
936.2338550400145
 20
-869.105604962605
 30
0.0
 10
928.2309448837641
 20
-875.2699604313557
 30
0.0
 10
928.5011792587648
 20
-868.4454291813554
 30
0.0
 10
929.449167540015
 20
-862.4189448063562
 30
0.0
 10
931.527780821265
 20
-856.616054181356
 30
0.0
 10
932.9262378525145
 20
-852.712128400105
 30
0.0
 10
934.6941870712653
 20
-848.9421186344798
 30
0.0
 10
936.188796446264
 20
-845.0705073063555
 30
0.0
 10
937.0876245712643
 20
-842.74207957198
 30
0.0
 10
938.4172925400144
 20
-840.3799604313563
 30
0.0
 10
936.6288941025141
 20
-837.8368744938552
 30
0.0
 10
938.7110230087637
 20
-836.2936030094797
 30
0.0
 10
941.0202026962652
 20
-836.7872260563554
 30
0.0
 10
943.1871753525138
 20
-836.9306635563562
 30
0.0
 10
954.484812071265
 20
-837.6785834782304
 30
0.0
 10
965.214792540015
 20
-840.5895209782311
 30
0.0
 10
975.336452696265
 20
-845.6887592594803
 30
0.0
 10
978.4757300400142
 20
-847.2702631657312
 30
0.0
 10
981.5827222275148
 20
-848.917245587606
 30
0.0
 10
984.743562071264
 20
-850.453866681356
 30
0.0
 10
986.7516870712643
 20
-851.4301557438548
 30
0.0
 10
988.8324097275145
 20
-852.2570014469811
 30
0.0
 10
990.8796167587643
 20
-853.153046368855
 30
0.0
 10
992.8631323837653
 20
-854.0212299626064
 30
0.0
 10
994.9044800400152
 20
-854.5541401188557
 30
0.0
 10
996.7545776962652
 20
-853.0112787907301
 30
0.0
 10
998.705398008764
 20
-851.3845112126064
 30
0.0
 10
998.0349683212644
 20
-849.3100580876062
 30
0.0
 10
997.4928003525147
 20
-847.2543842594814
 30
0.0
 10
995.9855347275152
 20
-841.5387983219798
 30
0.0
 10
993.6542651962645
 20
-836.0793842594803
 30
0.0
 10
992.3841284775153
 20
-830.285487775106
 30
0.0
 10
989.7091480087638
 20
-818.0829291813561
 30
0.0
 10
989.8576831650153
 20
-805.8165619938563
 30
0.0
 10
991.6916089462648
 20
-793.5683002751057
 30
0.0
 10
993.7095776962651
 20
-780.0906830876056
 30
0.0
 10
997.6466675400152
 20
-767.100595196981
 30
0.0
 10
1002.474558165015
 20
-754.376112775105
 30
0.0
 10
1002.579206602515
 20
-754.1004584782304
 30
0.0
 10
1002.855007383765
 20
-753.8896967594801
 30
0.0
 10
1003.577116758765
 20
-753.0014155094805
 30
0.0
  0
HATCH
  5
73
330
41
100
AcDbEntity
  8
katman 1
 62
     7
420
 16645629
100
AcDbHatch
 10
0.0
 20
0.0
 30
0.0
210
0.0
220
0.0
230
1.0
  2
SOLID
 70
     1
 71
     0
 91
        1
 92
        1
 93
        1
 72
     4
 94
        3
 73
     0
 74
     1
 95
      197
 96
      193
 40
0.0
 40
0.0
 40
0.0
 40
0.0
 40
1.0
 40
1.0
 40
1.0
 40
2.0
 40
2.0
 40
2.0
 40
3.0
 40
3.0
 40
3.0
 40
4.0
 40
4.0
 40
4.0
 40
5.0
 40
5.0
 40
5.0
 40
6.0
 40
6.0
 40
6.0
 40
7.0
 40
7.0
 40
7.0
 40
8.0
 40
8.0
 40
8.0
 40
9.0
 40
9.0
 40
9.0
 40
10.0
 40
10.0
 40
10.0
 40
11.0
 40
11.0
 40
11.0
 40
12.0
 40
12.0
 40
12.0
 40
13.0
 40
13.0
 40
13.0
 40
14.0
 40
14.0
 40
14.0
 40
15.0
 40
15.0
 40
15.0
 40
16.0
 40
16.0
 40
16.0
 40
17.0
 40
17.0
 40
17.0
 40
18.0
 40
18.0
 40
18.0
 40
19.0
 40
19.0
 40
19.0
 40
20.0
 40
20.0
 40
20.0
 40
21.0
 40
21.0
 40
21.0
 40
22.0
 40
22.0
 40
22.0
 40
23.0
 40
23.0
 40
23.0
 40
24.0
 40
24.0
 40
24.0
 40
25.0
 40
25.0
 40
25.0
 40
26.0
 40
26.0
 40
26.0
 40
27.0
 40
27.0
 40
27.0
 40
28.0
 40
28.0
 40
28.0
 40
29.0
 40
29.0
 40
29.0
 40
30.0
 40
30.0
 40
30.0
 40
31.0
 40
31.0
 40
31.0
 40
32.0
 40
32.0
 40
32.0
 40
33.0
 40
33.0
 40
33.0
 40
34.0
 40
34.0
 40
34.0
 40
35.0
 40
35.0
 40
35.0
 40
36.0
 40
36.0
 40
36.0
 40
37.0
 40
37.0
 40
37.0
 40
38.0
 40
38.0
 40
38.0
 40
39.0
 40
39.0
 40
39.0
 40
40.0
 40
40.0
 40
40.0
 40
41.0
 40
41.0
 40
41.0
 40
42.0
 40
42.0
 40
42.0
 40
43.0
 40
43.0
 40
43.0
 40
44.0
 40
44.0
 40
44.0
 40
45.0
 40
45.0
 40
45.0
 40
46.0
 40
46.0
 40
46.0
 40
47.0
 40
47.0
 40
47.0
 40
48.0
 40
48.0
 40
48.0
 40
49.0
 40
49.0
 40
49.0
 40
50.0
 40
50.0
 40
50.0
 40
51.0
 40
51.0
 40
51.0
 40
52.0
 40
52.0
 40
52.0
 40
53.0
 40
53.0
 40
53.0
 40
54.0
 40
54.0
 40
54.0
 40
55.0
 40
55.0
 40
55.0
 40
56.0
 40
56.0
 40
56.0
 40
57.0
 40
57.0
 40
57.0
 40
58.0
 40
58.0
 40
58.0
 40
59.0
 40
59.0
 40
59.0
 40
60.0
 40
60.0
 40
60.0
 40
61.0
 40
61.0
 40
61.0
 40
62.0
 40
62.0
 40
62.0
 40
63.0
 40
63.0
 40
63.0
 40
64.0
 40
64.0
 40
64.0
 40
64.0
 10
1003.577116758765
 20
-753.0014155094805
 10
1006.073444883765
 20
-769.4501752751048
 10
1008.777370665015
 20
-785.3078998844803
 10
1010.309890196264
 20
-801.331269025105
 10
1011.285710508764
 20
-811.534315900105
 10
1009.786355040014
 20
-821.3934760563561
 10
1006.302019102515
 20
-831.0118744938563
 10
1004.563249571265
 20
-835.8118744938556
 10
1002.851374571264
 20
-840.6346381657304
 10
1001.768796446264
 20
-845.6434955876057
 10
1001.533425352514
 20
-846.7324018376048
 10
1001.221413633764
 20
-847.8303901188547
 10
1001.186667540014
 20
-848.9318354313555
 10
1001.104636290014
 20
-851.53260691573
 10
1002.015769102514
 20
-852.4078803532311
 10
1004.676276915014
 20
-852.1378217594802
 10
1008.392409727514
 20
-851.7605659001047
 10
1011.743151915014
 20
-850.1232221501059
 10
1015.068288633765
 20
-848.600722150105
 10
1022.909187071265
 20
-845.01071238448
 10
1031.137038633766
 20
-843.3283100407307
 10
1039.705378477514
 20
-843.2283491032313
 10
1043.872976133765
 20
-843.1796869938562
 10
1048.010280821265
 20
-842.8388471501048
 10
1052.138327696264
 20
-842.3538666813556
 10
1053.714851133765
 20
-842.168710431356
 10
1055.296062071266
 20
-841.8433100407301
 10
1056.814284727514
 20
-841.381561993855
 10
1059.558874571265
 20
-840.5469819157306
 10
1061.410612852515
 20
-840.9780854313549
 10
1061.926355040016
 20
-843.4827631657308
 10
1062.942898008765
 20
-848.4199018376048
 10
1065.593913633766
 20
-852.6629975407313
 10
1067.198562071264
 20
-857.3354682438558
 10
1068.810183165015
 20
-862.0284760563563
 10
1069.687390196264
 20
-866.85006785323
 10
1070.280065977515
 20
-871.916229962605
 10
1072.377546446265
 20
-865.7621576969805
 10
1074.335105040014
 20
-859.6808881657298
 10
1077.847683165015
 20
-854.2600287907308
 10
1081.381706602515
 20
-848.8062983219797
 10
1085.239987852516
 20
-843.6352826969805
 10
1090.155300352515
 20
-839.2220307438556
 10
1088.171901915015
 20
-847.4921869938562
 10
1086.867136290015
 20
-855.8596967594813
 10
1083.392351133765
 20
-863.6132612126048
 10
1081.738249571265
 20
-867.3041108219813
 10
1079.009831602516
 20
-870.2602826969805
 10
1076.511335508765
 20
-873.3829194157306
 10
1071.174206602514
 20
-880.053436993855
 10
1072.017019102515
 20
-879.9076557438557
 10
1079.690515196266
 20
-881.3441694157309
 10
1083.761433165015
 20
-882.1063276188552
 10
1087.900437071265
 20
-882.5323920719811
 10
1091.923190977515
 20
-883.598153790731
 10
1094.691101133765
 20
-884.3315424626062
 10
1097.302155821266
 20
-885.4408686344805
 10
1099.993601133765
 20
-886.77821238448
 10
1094.823347227515
 20
-888.2072553532298
 10
1088.462409727515
 20
-888.5387201969797
 10
1074.409343321266
 20
-882.876601056355
 10
1077.826823790016
 20
-887.7555268376063
 10
1080.847390196264
 20
-892.06776316573
 10
1083.867956602515
 20
-896.3800287907297
 10
1083.617175352514
 20
-896.6095698063555
 10
1083.366394102515
 20
-896.8391401188555
 10
1083.115612852514
 20
-897.0686811344813
 10
1081.116276915016
 20
-895.0301752751047
 10
1078.911394102515
 20
-893.1529487126054
 10
1077.160026915015
 20
-890.9199409001058
 10
1073.397019102515
 20
-886.12196238448
 10
1068.688132383764
 20
-883.8868451969802
 10
1062.564148008765
 20
-884.3787104313551
 10
1059.240241758765
 20
-884.6457514469812
 10
1055.978269102516
 20
-884.0378412907312
 10
1051.868151915014
 20
-882.472743634481
 10
1056.209304258764
 20
-880.3609076969797
 10
1059.997507383765
 20
-881.228769025106
 10
1064.653190977515
 20
-880.5932612126062
 10
1055.820651915015
 20
-876.9235346501055
 10
1050.276159727515
 20
-871.1403608219798
 10
1045.291472227515
 20
-863.1938764469805
 10
1054.133796446265
 20
-867.1031342594806
 10
1059.391472227515
 20
-874.3671772282314
 10
1067.287917540014
 20
-878.7450385563561
 10
1067.359108946264
 20
-876.114589337606
 10
1065.943894102515
 20
-874.9567182438559
 10
1064.775241758765
 20
-873.8251557438552
 10
1060.651940977516
 20
-869.8328119938551
 10
1058.717644102515
 20
-865.0059760563554
 10
1058.322605040015
 20
-859.306239728231
 10
1058.094148008766
 20
-856.0097260563552
 10
1058.063386290016
 20
-852.5765424626052
 10
1056.333640196264
 20
-849.1913471501057
 10
1052.393503477515
 20
-849.7710151188558
 10
1048.962546446264
 20
-851.7925873844806
 10
1045.418327696265
 20
-853.3975287907297
 10
1041.312839415015
 20
-855.2565326969807
 10
1037.154089415015
 20
-856.8083295719798
 10
1032.646296446264
 20
-857.2995502751064
 10
1029.286999571264
 20
-857.665614728231
 10
1025.943288633765
 20
-857.3160151188558
 10
1022.587976133766
 20
-857.2122162907299
 10
1017.683796446265
 20
-857.0605756657305
 10
1012.771472227514
 20
-857.1732514469813
 10
1007.504304258764
 20
-857.1732514469813
 10
1017.491081602515
 20
-862.9337201969802
 10
1028.725026915015
 20
-866.7288080876051
 10
1035.485808165015
 20
-876.777108868856
 10
1023.237136290016
 20
-872.2926362126063
 10
1011.258112852514
 20
-867.3785248844806
 10
1001.151394102515
 20
-856.9498334782302
 10
1000.952409727515
 20
-861.2769526188558
 10
1000.813718321264
 20
-864.2928022282313
 10
1000.633659727515
 20
-868.2073920719804
 10
997.9686401962645
 20
-864.6099116032301
 10
997.912624571265
 20
-861.4137690251055
 10
998.6554761337648
 20
-857.3799116032305
 10
993.5948511337647
 20
-859.7234565251047
 10
990.3419019150151
 20
-863.6318940251049
 10
985.9507691025137
 20
-865.7596674626047
 10
981.6143628525151
 20
-867.8608979313549
 10
977.1655151962641
 20
-869.5813569157299
 10
972.5066089462653
 20
-870.7530561344802
 10
967.7201441025154
 20
-871.9568354313551
 10
963.2380151962643
 20
-874.0101362126052
 10
957.696804258765
 20
-876.261806134481
 10
959.1746558212653
 20
-872.8795991032302
 10
961.2145386337652
 20
-871.2797260563557
 10
963.2656714462646
 20
-869.770761212606
 10
969.7476050400146
 20
-865.0020795719802
 10
976.8661011337645
 20
-861.43893504073
 10
984.418483946265
 20
-858.679696759481
 10
986.1224487900145
 20
-858.0571088688548
 10
988.1374878525148
 20
-857.9547748844807
 10
989.965730040014
 20
-855.8846869938561
 10
986.6035620712646
 20
-855.8846869938561
 10
983.815261290014
 20
-855.8149018376052
 10
981.0313550400151
 20
-855.8965522282297
 10
967.4654370712651
 20
-856.2943744938557
 10
955.0749683212653
 20
-852.9478803532302
 10
944.2600269150153
 20
-844.4906635563557
 10
943.7598120712646
 20
-844.0995209782313
 10
943.2345776962648
 20
-843.6965717594803
 10
942.6553198837646
 20
-843.4597065251064
 10
941.5858667587654
 20
-843.0223920719809
 10
940.7376050400144
 20
-843.2574994938559
 10
940.6863355087644
 20
-844.5916205876047
 10
940.5880151962647
 20
-847.1488569157309
 10
940.6715112900147
 20
-849.7176948063561
 10
940.4729370712648
 20
-852.2656147282314
 10
939.760202696265
 20
-861.4122162907306
 10
936.2338550400145
 20
-869.105604962605
 10
928.2309448837641
 20
-875.2699604313557
 10
928.5011792587648
 20
-868.4454291813554
 10
929.449167540015
 20
-862.4189448063562
 10
931.527780821265
 20
-856.616054181356
 10
932.9262378525145
 20
-852.712128400105
 10
934.6941870712653
 20
-848.9421186344798
 10
936.188796446264
 20
-845.0705073063555
 10
937.0876245712643
 20
-842.74207957198
 10
938.4172925400144
 20
-840.3799604313563
 10
936.6288941025141
 20
-837.8368744938552
 10
938.7110230087637
 20
-836.2936030094797
 10
941.0202026962652
 20
-836.7872260563554
 10
943.1871753525138
 20
-836.9306635563562
 10
954.484812071265
 20
-837.6785834782304
 10
965.214792540015
 20
-840.5895209782311
 10
975.336452696265
 20
-845.6887592594803
 10
978.4757300400142
 20
-847.2702631657312
 10
981.5827222275148
 20
-848.917245587606
 10
984.743562071264
 20
-850.453866681356
 10
986.7516870712643
 20
-851.4301557438548
 10
988.8324097275145
 20
-852.2570014469811
 10
990.8796167587643
 20
-853.153046368855
 10
992.8631323837653
 20
-854.0212299626064
 10
994.9044800400152
 20
-854.5541401188557
 10
996.7545776962652
 20
-853.0112787907301
 10
998.705398008764
 20
-851.3845112126064
 10
998.0349683212644
 20
-849.3100580876062
 10
997.4928003525147
 20
-847.2543842594814
 10
995.9855347275152
 20
-841.5387983219798
 10
993.6542651962645
 20
-836.0793842594803
 10
992.3841284775153
 20
-830.285487775106
 10
989.7091480087638
 20
-818.0829291813561
 10
989.8576831650153
 20
-805.8165619938563
 10
991.6916089462648
 20
-793.5683002751057
 10
993.7095776962651
 20
-780.0906830876056
 10
997.6466675400152
 20
-767.100595196981
 10
1002.474558165015
 20
-754.376112775105
 10
1002.579206602515
 20
-754.1004584782304
 10
1002.855007383765
 20
-753.8896967594801
 10
1003.577116758765
 20
-753.0014155094805
 97
        0
 97
        0
 75
     2
 76
     1
 98
        0
  0
SPLINE
  5
74
330
41
100
AcDbEntity
  8
katman 1
370
     0
100
AcDbSpline
210
0.0
220
0.0
230
1.0
 70
    11
 71
     3
 72
    32
 73
    28
 74
     0
 42
0.0000000001
 43
0.0000000001
 12
1.0
 22
0.0
 32
0.0
 13
1.0
 23
0.0
 33
0.0
 40
0.0
 40
0.0
 40
0.0
 40
0.0
 40
1.0
 40
1.0
 40
1.0
 40
2.0
 40
2.0
 40
2.0
 40
3.0
 40
3.0
 40
3.0
 40
4.0
 40
4.0
 40
4.0
 40
5.0
 40
5.0
 40
5.0
 40
6.0
 40
6.0
 40
6.0
 40
7.0
 40
7.0
 40
7.0
 40
8.0
 40
8.0
 40
8.0
 40
9.0
 40
9.0
 40
9.0
 40
9.0
 10
939.5926245712653
 20
-781.2291596501063
 30
0.0
 10
940.3887378525142
 20
-781.5213666813552
 30
0.0
 10
940.5676245712639
 20
-781.5411127751058
 30
0.0
 10
940.6848706650144
 20
-781.636561993856
 30
0.0
 10
950.2153784775146
 20
-789.3964252751057
 30
0.0
 10
959.8601441025148
 20
-797.0222846501047
 30
0.0
 10
969.219265196265
 20
-804.9838862126062
 30
0.0
 10
974.2381714462645
 20
-809.2533784001052
 30
0.0
 10
977.9194409775137
 20
-814.7539252751058
 30
0.0
 10
981.2387769150137
 20
-820.4435248844811
 30
0.0
 10
986.8762573837648
 20
-830.1066303532307
 30
0.0
 10
991.3620191025148
 20
-840.2933881657309
 30
0.0
 10
995.3816089462653
 20
-850.8075678532305
 30
0.0
 10
994.0484253525137
 20
-851.4378901188547
 30
0.0
 10
993.3769995712646
 20
-850.6812104313549
 30
0.0
 10
992.6990112900148
 20
-850.193007306355
 30
0.0
 10
989.1852026962642
 20
-847.6627534001063
 30
0.0
 10
985.4349097275153
 20
-845.5066498844799
 30
0.0
 10
981.5240698837642
 20
-843.7050092594809
 30
0.0
 10
970.7019214462653
 20
-838.7195307438551
 30
0.0
 10
962.6728198837645
 20
-830.7006830876062
 30
0.0
 10
956.2460816025141
 20
-820.893202618855
 30
0.0
 10
951.7578003525141
 20
-814.0440619938554
 30
0.0
 10
948.3369214462637
 20
-806.6601362126048
 30
0.0
 10
945.6168823837652
 20
-798.954677228231
 30
0.0
 10
943.6071753525139
 20
-793.2617084782314
 30
0.0
 10
941.7261987900147
 20
-787.5232709782313
 30
0.0
 10
939.5926245712653
 20
-781.2291596501063
 30
0.0
  0
SPLINE
  5
75
330
41
100
AcDbEntity
  8
katman 1
370
     0
100
AcDbSpline
210
0.0
220
0.0
230
1.0
 70
    11
 71
     3
 72
    20
 73
    16
 74
     0
 42
0.0000000001
 43
0.0000000001
 12
1.0
 22
0.0
 32
0.0
 13
1.0
 23
0.0
 33
0.0
 40
0.0
 40
0.0
 40
0.0
 40
0.0
 40
1.0
 40
1.0
 40
1.0
 40
2.0
 40
2.0
 40
2.0
 40
3.0
 40
3.0
 40
3.0
 40
4.0
 40
4.0
 40
4.0
 40
5.0
 40
5.0
 40
5.0
 40
5.0
 10
1059.009089415014
 20
-790.7656440251058
 30
0.0
 10
1057.631081602514
 20
-794.2134467594797
 30
0.0
 10
1056.011433165015
 20
-796.360849103231
 30
0.0
 10
1054.457937071265
 20
-798.5221381657311
 30
0.0
 10
1049.792058165016
 20
-805.0135346501056
 30
0.0
 10
1045.611687071265
 20
-811.7929194157305
 30
0.0
 10
1041.726335508765
 20
-818.7831537907305
 30
0.0
 10
1035.990007383765
 20
-829.1035932438563
 30
0.0
 10
1027.898913633764
 20
-837.0872553532308
 30
0.0
 10
1017.167878477516
 20
-842.2024897282308
 30
0.0
 10
1012.442761290014
 20
-844.4548627751055
 30
0.0
 10
1008.077058165014
 20
-847.345790509481
 30
0.0
 10
1003.163034727515
 20
-850.0540815251052
 30
0.0
 10
1012.962898008765
 20
-822.1042768376055
 30
0.0
 10
1031.504304258766
 20
-802.9316987126049
 30
0.0
 10
1059.009089415014
 20
-790.7656440251058
 30
0.0
  0
HATCH
  5
76
330
41
100
AcDbEntity
  8
katman 1
 62
     7
420
 16645629
100
AcDbHatch
 10
0.0
 20
0.0
 30
0.0
210
0.0
220
0.0
230
1.0
  2
SOLID
 70
     1
 71
     0
 91
        1
 92
        1
 93
        1
 72
     4
 94
        3
 73
     0
 74
     1
 95
       20
 96
       16
 40
0.0
 40
0.0
 40
0.0
 40
0.0
 40
1.0
 40
1.0
 40
1.0
 40
2.0
 40
2.0
 40
2.0
 40
3.0
 40
3.0
 40
3.0
 40
4.0
 40
4.0
 40
4.0
 40
5.0
 40
5.0
 40
5.0
 40
5.0
 10
1059.009089415014
 20
-790.7656440251058
 10
1057.631081602514
 20
-794.2134467594797
 10
1056.011433165015
 20
-796.360849103231
 10
1054.457937071265
 20
-798.5221381657311
 10
1049.792058165016
 20
-805.0135346501056
 10
1045.611687071265
 20
-811.7929194157305
 10
1041.726335508765
 20
-818.7831537907305
 10
1035.990007383765
 20
-829.1035932438563
 10
1027.898913633764
 20
-837.0872553532308
 10
1017.167878477516
 20
-842.2024897282308
 10
1012.442761290014
 20
-844.4548627751055
 10
1008.077058165014
 20
-847.345790509481
 10
1003.163034727515
 20
-850.0540815251052
 10
1012.962898008765
 20
-822.1042768376055
 10
1031.504304258766
 20
-802.9316987126049
 10
1059.009089415014
 20
-790.7656440251058
 97
        0
 97
        0
 75
     2
 76
     1
 98
        0
  0
SPLINE
  5
77
330
41
100
AcDbEntity
  8
katman 1
370
     0
100
AcDbSpline
210
0.0
220
0.0
230
1.0
 70
    11
 71
     3
 72
    11
 73
     7
 74
     0
 42
0.0000000001
 43
0.0000000001
 12
1.0
 22
0.0
 32
0.0
 13
1.0
 23
0.0
 33
0.0
 40
0.0
 40
0.0
 40
0.0
 40
0.0
 40
1.0
 40
1.0
 40
1.0
 40
2.0
 40
2.0
 40
2.0
 40
2.0
 10
924.6300659775152
 20
-875.2922553532308
 30
0.0
 10
911.5427417587653
 20
-867.1102534001047
 30
0.0
 10
910.6257495712653
 20
-854.1447162907307
 30
0.0
 10
909.4034839462638
 20
-841.3162299626047
 30
0.0
 10
917.8833472275146
 20
-850.8854096501063
 30
0.0
 10
927.277741758764
 20
-860.0438178532304
 30
0.0
 10
924.6300659775152
 20
-875.2922553532308
 30
0.0
  0
HATCH
  5
78
330
41
100
AcDbEntity
  8
katman 1
 62
     7
420
 16448250
100
AcDbHatch
 10
0.0
 20
0.0
 30
0.0
210
0.0
220
0.0
230
1.0
  2
SOLID
 70
     1
 71
     0
 91
        1
 92
        1
 93
        1
 72
     4
 94
        3
 73
     0
 74
     1
 95
       11
 96
        7
 40
0.0
 40
0.0
 40
0.0
 40
0.0
 40
1.0
 40
1.0
 40
1.0
 40
2.0
 40
2.0
 40
2.0
 40
2.0
 10
924.6300659775152
 20
-875.2922553532308
 10
911.5427417587653
 20
-867.1102534001047
 10
910.6257495712653
 20
-854.1447162907307
 10
909.4034839462638
 20
-841.3162299626047
 10
917.8833472275146
 20
-850.8854096501063
 10
927.277741758764
 20
-860.0438178532304
 10
924.6300659775152
 20
-875.2922553532308
 97
        0
 97
        0
 75
     2
 76
     1
 98
        0
  0
SPLINE
  5
79
330
41
100
AcDbEntity
  8
katman 1
370
     0
100
AcDbSpline
210
0.0
220
0.0
230
1.0
 70
    11
 71
     3
 72
    29
 73
    25
 74
     0
 42
0.0000000001
 43
0.0000000001
 12
1.0
 22
0.0
 32
0.0
 13
1.0
 23
0.0
 33
0.0
 40
0.0
 40
0.0
 40
0.0
 40
0.0
 40
1.0
 40
1.0
 40
1.0
 40
2.0
 40
2.0
 40
2.0
 40
3.0
 40
3.0
 40
3.0
 40
4.0
 40
4.0
 40
4.0
 40
5.0
 40
5.0
 40
5.0
 40
6.0
 40
6.0
 40
6.0
 40
7.0
 40
7.0
 40
7.0
 40
8.0
 40
8.0
 40
8.0
 40
8.0
 10
970.8446558212654
 20
-932.5185737126058
 30
0.0
 10
969.5338550400138
 20
-932.3936518376058
 30
0.0
 10
967.3109253525145
 20
-932.0586127751058
 30
0.0
 10
965.0809058212653
 20
-932.0010737126058
 30
0.0
 10
962.4075659775153
 20
-931.9321674626053
 30
0.0
 10
959.7038745712653
 20
-931.6643354313555
 30
0.0
 10
957.5176245712646
 20
-933.990448712605
 30
0.0
 10
956.1740698837639
 20
-935.4199018376048
 30
0.0
 10
954.5963159775147
 20
-934.7955854313559
 30
0.0
 10
953.3654956650153
 20
-933.4287690251049
 30
0.0
 10
950.4192261337648
 20
-930.1571284001047
 30
0.0
 10
951.8432300400145
 20
-925.0206830876059
 30
0.0
 10
956.1968628525137
 20
-923.9784174626047
 30
0.0
 10
962.3680151962653
 20
-922.5010346501049
 30
0.0
 10
968.2563941025146
 20
-923.6469526188548
 30
0.0
 10
973.7208472275142
 20
-926.8041596501052
 30
0.0
 10
975.2272925400139
 20
-927.674569806356
 30
0.0
 10
976.6614917587649
 20
-928.7435541813547
 30
0.0
 10
977.9281128525145
 20
-929.9349409001052
 30
0.0
 10
979.2220386337649
 20
-931.151991681355
 30
0.0
 10
978.823190977515
 20
-932.276581525105
 30
0.0
 10
977.024362852515
 20
-932.4767963688564
 30
0.0
 10
975.2912183212648
 20
-932.669686993856
 30
0.0
 10
973.5197534775143
 20
-932.5185737126058
 30
0.0
 10
970.8446558212654
 20
-932.5185737126058
 30
0.0
  0
HATCH
  5
7A
330
41
100
AcDbEntity
  8
katman 1
 62
     7
420
 16448250
100
AcDbHatch
 10
0.0
 20
0.0
 30
0.0
210
0.0
220
0.0
230
1.0
  2
SOLID
 70
     1
 71
     0
 91
        1
 92
        1
 93
        1
 72
     4
 94
        3
 73
     0
 74
     1
 95
       29
 96
       25
 40
0.0
 40
0.0
 40
0.0
 40
0.0
 40
1.0
 40
1.0
 40
1.0
 40
2.0
 40
2.0
 40
2.0
 40
3.0
 40
3.0
 40
3.0
 40
4.0
 40
4.0
 40
4.0
 40
5.0
 40
5.0
 40
5.0
 40
6.0
 40
6.0
 40
6.0
 40
7.0
 40
7.0
 40
7.0
 40
8.0
 40
8.0
 40
8.0
 40
8.0
 10
970.8446558212654
 20
-932.5185737126058
 10
969.5338550400138
 20
-932.3936518376058
 10
967.3109253525145
 20
-932.0586127751058
 10
965.0809058212653
 20
-932.0010737126058
 10
962.4075659775153
 20
-931.9321674626053
 10
959.7038745712653
 20
-931.6643354313555
 10
957.5176245712646
 20
-933.990448712605
 10
956.1740698837639
 20
-935.4199018376048
 10
954.5963159775147
 20
-934.7955854313559
 10
953.3654956650153
 20
-933.4287690251049
 10
950.4192261337648
 20
-930.1571284001047
 10
951.8432300400145
 20
-925.0206830876059
 10
956.1968628525137
 20
-923.9784174626047
 10
962.3680151962653
 20
-922.5010346501049
 10
968.2563941025146
 20
-923.6469526188548
 10
973.7208472275142
 20
-926.8041596501052
 10
975.2272925400139
 20
-927.674569806356
 10
976.6614917587649
 20
-928.7435541813547
 10
977.9281128525145
 20
-929.9349409001052
 10
979.2220386337649
 20
-931.151991681355
 10
978.823190977515
 20
-932.276581525105
 10
977.024362852515
 20
-932.4767963688564
 10
975.2912183212648
 20
-932.669686993856
 10
973.5197534775143
 20
-932.5185737126058
 10
970.8446558212654
 20
-932.5185737126058
 97
        0
 97
        0
 75
     2
 76
     1
 98
        0
  0
SPLINE
  5
7B
330
41
100
AcDbEntity
  8
katman 1
370
     0
100
AcDbSpline
210
0.0
220
0.0
230
1.0
 70
    11
 71
     3
 72
    44
 73
    40
 74
     0
 42
0.0000000001
 43
0.0000000001
 12
1.0
 22
0.0
 32
0.0
 13
1.0
 23
0.0
 33
0.0
 40
0.0
 40
0.0
 40
0.0
 40
0.0
 40
1.0
 40
1.0
 40
1.0
 40
2.0
 40
2.0
 40
2.0
 40
3.0
 40
3.0
 40
3.0
 40
4.0
 40
4.0
 40
4.0
 40
5.0
 40
5.0
 40
5.0
 40
6.0
 40
6.0
 40
6.0
 40
7.0
 40
7.0
 40
7.0
 40
8.0
 40
8.0
 40
8.0
 40
9.0
 40
9.0
 40
9.0
 40
10.0
 40
10.0
 40
10.0
 40
11.0
 40
11.0
 40
11.0
 40
12.0
 40
12.0
 40
12.0
 40
13.0
 40
13.0
 40
13.0
 40
13.0
 10
915.5474487900137
 20
-893.673554181355
 30
0.0
 10
916.7273511337644
 20
-889.9000873844807
 30
0.0
 10
919.3143823837654
 20
-887.1003901188551
 30
0.0
 10
922.0583276962643
 20
-883.1033881657304
 30
0.0
 10
917.3849487900152
 20
-885.0594819157313
 30
0.0
 10
913.7880542587645
 20
-887.045985821981
 30
0.0
 10
909.777370665015
 20
-887.8684369938555
 30
0.0
 10
905.7809253525138
 20
-888.6879877751062
 30
0.0
 10
901.8321753525142
 20
-889.8750971501058
 30
0.0
 10
897.6996753525145
 20
-888.9813666813561
 30
0.0
 10
897.3374487900146
 20
-887.2001166813561
 30
0.0
 10
898.6075269150151
 20
-886.8785834782311
 30
0.0
 10
899.5275659775143
 20
-886.4510541813552
 30
0.0
 10
904.0440894150142
 20
-884.3523432438551
 30
0.0
 10
908.8039526962639
 20
-883.0581830876063
 30
0.0
 10
913.7742261337644
 20
-882.7999018376058
 30
0.0
 10
916.377839415014
 20
-882.664638165731
 30
0.0
 10
918.7815894150153
 20
-882.0051655094803
 30
0.0
 10
921.1628980087644
 20
-881.0701264469799
 30
0.0
 10
929.6838941025144
 20
-877.7242768376063
 30
0.0
 10
938.2795972275144
 20
-878.5641889469798
 30
0.0
 10
946.8847339462645
 20
-880.6689643376058
 30
0.0
 10
947.2946558212643
 20
-880.7692182438559
 30
0.0
 10
947.6250073837637
 20
-881.194667462606
 30
0.0
 10
948.3693823837639
 20
-881.7498139469799
 30
0.0
 10
945.9855542587648
 20
-883.2307416813555
 30
0.0
 10
943.6395776962654
 20
-882.523163556355
 30
0.0
 10
941.4767066025142
 20
-882.4175190251053
 30
0.0
 10
938.4646362900148
 20
-882.2704487126057
 30
0.0
 10
935.3917456650142
 20
-882.0560541813547
 30
0.0
 10
932.491530821264
 20
-881.3045893376047
 30
0.0
 10
929.6524878525142
 20
-880.5688862126053
 30
0.0
 10
928.0435034775146
 20
-881.7184076969797
 30
0.0
 10
926.3236597275154
 20
-883.6243451969813
 30
0.0
 10
923.5494214462651
 20
-886.6985834782308
 30
0.0
 10
920.5934253525138
 20
-889.6096381657308
 30
0.0
 10
917.6872339462643
 20
-892.5630561344797
 30
0.0
 10
917.1950464462643
 20
-893.0632709782303
 30
0.0
 10
916.7841870712637
 20
-893.7866694157301
 30
0.0
 10
915.5474487900137
 20
-893.673554181355
 30
0.0
  0
HATCH
  5
7C
330
41
100
AcDbEntity
  8
katman 1
 62
     7
420
 15921906
100
AcDbHatch
 10
0.0
 20
0.0
 30
0.0
210
0.0
220
0.0
230
1.0
  2
SOLID
 70
     1
 71
     0
 91
        1
 92
        1
 93
        1
 72
     4
 94
        3
 73
     0
 74
     1
 95
       44
 96
       40
 40
0.0
 40
0.0
 40
0.0
 40
0.0
 40
1.0
 40
1.0
 40
1.0
 40
2.0
 40
2.0
 40
2.0
 40
3.0
 40
3.0
 40
3.0
 40
4.0
 40
4.0
 40
4.0
 40
5.0
 40
5.0
 40
5.0
 40
6.0
 40
6.0
 40
6.0
 40
7.0
 40
7.0
 40
7.0
 40
8.0
 40
8.0
 40
8.0
 40
9.0
 40
9.0
 40
9.0
 40
10.0
 40
10.0
 40
10.0
 40
11.0
 40
11.0
 40
11.0
 40
12.0
 40
12.0
 40
12.0
 40
13.0
 40
13.0
 40
13.0
 40
13.0
 10
915.5474487900137
 20
-893.673554181355
 10
916.7273511337644
 20
-889.9000873844807
 10
919.3143823837654
 20
-887.1003901188551
 10
922.0583276962643
 20
-883.1033881657304
 10
917.3849487900152
 20
-885.0594819157313
 10
913.7880542587645
 20
-887.045985821981
 10
909.777370665015
 20
-887.8684369938555
 10
905.7809253525138
 20
-888.6879877751062
 10
901.8321753525142
 20
-889.8750971501058
 10
897.6996753525145
 20
-888.9813666813561
 10
897.3374487900146
 20
-887.2001166813561
 10
898.6075269150151
 20
-886.8785834782311
 10
899.5275659775143
 20
-886.4510541813552
 10
904.0440894150142
 20
-884.3523432438551
 10
908.8039526962639
 20
-883.0581830876063
 10
913.7742261337644
 20
-882.7999018376058
 10
916.377839415014
 20
-882.664638165731
 10
918.7815894150153
 20
-882.0051655094803
 10
921.1628980087644
 20
-881.0701264469799
 10
929.6838941025144
 20
-877.7242768376063
 10
938.2795972275144
 20
-878.5641889469798
 10
946.8847339462645
 20
-880.6689643376058
 10
947.2946558212643
 20
-880.7692182438559
 10
947.6250073837637
 20
-881.194667462606
 10
948.3693823837639
 20
-881.7498139469799
 10
945.9855542587648
 20
-883.2307416813555
 10
943.6395776962654
 20
-882.523163556355
 10
941.4767066025142
 20
-882.4175190251053
 10
938.4646362900148
 20
-882.2704487126057
 10
935.3917456650142
 20
-882.0560541813547
 10
932.491530821264
 20
-881.3045893376047
 10
929.6524878525142
 20
-880.5688862126053
 10
928.0435034775146
 20
-881.7184076969797
 10
926.3236597275154
 20
-883.6243451969813
 10
923.5494214462651
 20
-886.6985834782308
 10
920.5934253525138
 20
-889.6096381657308
 10
917.6872339462643
 20
-892.5630561344797
 10
917.1950464462643
 20
-893.0632709782303
 10
916.7841870712637
 20
-893.7866694157301
 10
915.5474487900137
 20
-893.673554181355
 97
        0
 97
        0
 75
     2
 76
     1
 98
        0
  0
SPLINE
  5
7D
330
41
100
AcDbEntity
  8
katman 1
370
     0
100
AcDbSpline
210
0.0
220
0.0
230
1.0
 70
    11
 71
     3
 72
    11
 73
     7
 74
     0
 42
0.0000000001
 43
0.0000000001
 12
1.0
 22
0.0
 32
0.0
 13
1.0
 23
0.0
 33
0.0
 40
0.0
 40
0.0
 40
0.0
 40
0.0
 40
1.0
 40
1.0
 40
1.0
 40
2.0
 40
2.0
 40
2.0
 40
2.0
 10
892.2126636337653
 20
-866.3812006657308
 30
0.0
 10
904.9521167587645
 20
-865.2490522282305
 30
0.0
 10
915.0413745712649
 20
-869.2449701969808
 30
0.0
 10
923.6575855087649
 20
-878.701503400106
 30
0.0
 10
910.7160425400143
 20
-880.478769025106
 30
0.0
 10
900.8906323837637
 20
-875.7975971501064
 30
0.0
 10
892.2126636337653
 20
-866.3812006657308
 30
0.0
  0
HATCH
  5
7E
330
41
100
AcDbEntity
  8
katman 1
 62
     7
420
 16448250
100
AcDbHatch
 10
0.0
 20
0.0
 30
0.0
210
0.0
220
0.0
230
1.0
  2
SOLID
 70
     1
 71
     0
 91
        1
 92
        1
 93
        1
 72
     4
 94
        3
 73
     0
 74
     1
 95
       11
 96
        7
 40
0.0
 40
0.0
 40
0.0
 40
0.0
 40
1.0
 40
1.0
 40
1.0
 40
2.0
 40
2.0
 40
2.0
 40
2.0
 10
892.2126636337653
 20
-866.3812006657308
 10
904.9521167587645
 20
-865.2490522282305
 10
915.0413745712649
 20
-869.2449701969808
 10
923.6575855087649
 20
-878.701503400106
 10
910.7160425400143
 20
-880.478769025106
 10
900.8906323837637
 20
-875.7975971501064
 10
892.2126636337653
 20
-866.3812006657308
 97
        0
 97
        0
 75
     2
 76
     1
 98
        0
  0
SPLINE
  5
7F
330
41
100
AcDbEntity
  8
katman 1
370
     0
100
AcDbSpline
210
0.0
220
0.0
230
1.0
 70
    11
 71
     3
 72
    29
 73
    25
 74
     0
 42
0.0000000001
 43
0.0000000001
 12
1.0
 22
0.0
 32
0.0
 13
1.0
 23
0.0
 33
0.0
 40
0.0
 40
0.0
 40
0.0
 40
0.0
 40
1.0
 40
1.0
 40
1.0
 40
2.0
 40
2.0
 40
2.0
 40
3.0
 40
3.0
 40
3.0
 40
4.0
 40
4.0
 40
4.0
 40
5.0
 40
5.0
 40
5.0
 40
6.0
 40
6.0
 40
6.0
 40
7.0
 40
7.0
 40
7.0
 40
8.0
 40
8.0
 40
8.0
 40
8.0
 10
1037.722214415015
 20
-923.5881830876051
 30
0.0
 10
1038.316706602514
 20
-923.6429682438547
 30
0.0
 10
1039.614616758765
 20
-923.6279096501048
 30
0.0
 10
1040.848894102515
 20
-923.9008979313558
 30
0.0
 10
1045.114284727515
 20
-924.8443159001063
 30
0.0
 10
1047.022858946266
 20
-930.401698712606
 30
0.0
 10
1044.329831602516
 20
-933.8175385563563
 30
0.0
 10
1043.481921446264
 20
-934.893202618855
 30
0.0
 10
1042.352761290014
 20
-935.0499994938555
 30
0.0
 10
1041.357487852516
 20
-934.4346479313563
 30
0.0
 10
1036.366179258765
 20
-931.3486323063562
 30
0.0
 10
1030.963718321265
 20
-931.973769025105
 30
0.0
 10
1025.554870665015
 20
-932.4902729313553
 30
0.0
 10
1025.079265196266
 20
-932.5356830876053
 30
0.0
 10
1024.591237852515
 20
-932.5919916813555
 30
0.0
 10
1024.121901915016
 20
-932.5358002751063
 30
0.0
 10
1022.625124571265
 20
-932.3567377751051
 30
0.0
 10
1020.356433165014
 20
-933.3721674626058
 30
0.0
 10
1019.816023008765
 20
-931.7236323063562
 30
0.0
 10
1019.129069883766
 20
-929.6283784001052
 30
0.0
 10
1021.328444883766
 20
-928.4434369938563
 30
0.0
 10
1022.918210508766
 20
-927.4884760563555
 30
0.0
 10
1027.245358946266
 20
-924.8890815251061
 30
0.0
 10
1031.998308165015
 20
-923.6831049626062
 30
0.0
 10
1037.722214415015
 20
-923.5881830876051
 30
0.0
  0
HATCH
  5
80
330
41
100
AcDbEntity
  8
katman 1
 62
     7
420
 16448250
100
AcDbHatch
 10
0.0
 20
0.0
 30
0.0
210
0.0
220
0.0
230
1.0
  2
SOLID
 70
     1
 71
     0
 91
        1
 92
        1
 93
        1
 72
     4
 94
        3
 73
     0
 74
     1
 95
       29
 96
       25
 40
0.0
 40
0.0
 40
0.0
 40
0.0
 40
1.0
 40
1.0
 40
1.0
 40
2.0
 40
2.0
 40
2.0
 40
3.0
 40
3.0
 40
3.0
 40
4.0
 40
4.0
 40
4.0
 40
5.0
 40
5.0
 40
5.0
 40
6.0
 40
6.0
 40
6.0
 40
7.0
 40
7.0
 40
7.0
 40
8.0
 40
8.0
 40
8.0
 40
8.0
 10
1037.722214415015
 20
-923.5881830876051
 10
1038.316706602514
 20
-923.6429682438547
 10
1039.614616758765
 20
-923.6279096501048
 10
1040.848894102515
 20
-923.9008979313558
 10
1045.114284727515
 20
-924.8443159001063
 10
1047.022858946266
 20
-930.401698712606
 10
1044.329831602516
 20
-933.8175385563563
 10
1043.481921446264
 20
-934.893202618855
 10
1042.352761290014
 20
-935.0499994938555
 10
1041.357487852516
 20
-934.4346479313563
 10
1036.366179258765
 20
-931.3486323063562
 10
1030.963718321265
 20
-931.973769025105
 10
1025.554870665015
 20
-932.4902729313553
 10
1025.079265196266
 20
-932.5356830876053
 10
1024.591237852515
 20
-932.5919916813555
 10
1024.121901915016
 20
-932.5358002751063
 10
1022.625124571265
 20
-932.3567377751051
 10
1020.356433165014
 20
-933.3721674626058
 10
1019.816023008765
 20
-931.7236323063562
 10
1019.129069883766
 20
-929.6283784001052
 10
1021.328444883766
 20
-928.4434369938563
 10
1022.918210508766
 20
-927.4884760563555
 10
1027.245358946266
 20
-924.8890815251061
 10
1031.998308165015
 20
-923.6831049626062
 10
1037.722214415015
 20
-923.5881830876051
 97
        0
 97
        0
 75
     2
 76
     1
 98
        0
  0
SPLINE
  5
81
330
41
100
AcDbEntity
  8
katman 1
370
     0
100
AcDbSpline
210
0.0
220
0.0
230
1.0
 70
    11
 71
     3
 72
    26
 73
    22
 74
     0
 42
0.0000000001
 43
0.0000000001
 12
1.0
 22
0.0
 32
0.0
 13
1.0
 23
0.0
 33
0.0
 40
0.0
 40
0.0
 40
0.0
 40
0.0
 40
1.0
 40
1.0
 40
1.0
 40
2.0
 40
2.0
 40
2.0
 40
3.0
 40
3.0
 40
3.0
 40
4.0
 40
4.0
 40
4.0
 40
5.0
 40
5.0
 40
5.0
 40
6.0
 40
6.0
 40
6.0
 40
7.0
 40
7.0
 40
7.0
 40
7.0
 10
1074.898894102515
 20
-877.8772651188547
 30
0.0
 10
1076.111140196264
 20
-875.6960248844798
 30
0.0
 10
1077.693991758764
 20
-874.8972162907312
 30
0.0
 10
1079.143366758764
 20
-874.0129780094803
 30
0.0
 10
1085.853523008765
 20
-869.9193549626061
 30
0.0
 10
1092.955085508765
 20
-866.730067853231
 30
0.0
 10
1100.652019102516
 20
-864.9697944157297
 30
0.0
 10
1101.273112852516
 20
-864.8277631657302
 30
0.0
 10
1101.883249571265
 20
-864.5603412907303
 30
0.0
 10
1102.507741758765
 20
-864.5276459782299
 30
0.0
 10
1103.567233946265
 20
-864.4722748844806
 30
0.0
 10
1104.926433165016
 20
-863.8553705876047
 30
0.0
 10
1105.595866758766
 20
-864.9544721501052
 30
0.0
 10
1106.342058165015
 20
-866.1798139469802
 30
0.0
 10
1105.035476133764
 20
-866.9185053532301
 30
0.0
 10
1104.318991758764
 20
-867.7192768376053
 30
0.0
 10
1104.107292540015
 20
-867.9557612126055
 30
0.0
 10
1103.855046446266
 20
-868.1574994938555
 30
0.0
 10
1103.612409727515
 20
-868.3645991032308
 30
0.0
 10
1095.481940977515
 20
-875.3024799626064
 30
0.0
 10
1086.132312071264
 20
-878.5921674626052
 30
0.0
 10
1074.898894102515
 20
-877.8772651188547
 30
0.0
  0
HATCH
  5
82
330
41
100
AcDbEntity
  8
katman 1
 62
     7
420
 16382457
100
AcDbHatch
 10
0.0
 20
0.0
 30
0.0
210
0.0
220
0.0
230
1.0
  2
SOLID
 70
     1
 71
     0
 91
        1
 92
        1
 93
        1
 72
     4
 94
        3
 73
     0
 74
     1
 95
       26
 96
       22
 40
0.0
 40
0.0
 40
0.0
 40
0.0
 40
1.0
 40
1.0
 40
1.0
 40
2.0
 40
2.0
 40
2.0
 40
3.0
 40
3.0
 40
3.0
 40
4.0
 40
4.0
 40
4.0
 40
5.0
 40
5.0
 40
5.0
 40
6.0
 40
6.0
 40
6.0
 40
7.0
 40
7.0
 40
7.0
 40
7.0
 10
1074.898894102515
 20
-877.8772651188547
 10
1076.111140196264
 20
-875.6960248844798
 10
1077.693991758764
 20
-874.8972162907312
 10
1079.143366758764
 20
-874.0129780094803
 10
1085.853523008765
 20
-869.9193549626061
 10
1092.955085508765
 20
-866.730067853231
 10
1100.652019102516
 20
-864.9697944157297
 10
1101.273112852516
 20
-864.8277631657302
 10
1101.883249571265
 20
-864.5603412907303
 10
1102.507741758765
 20
-864.5276459782299
 10
1103.567233946265
 20
-864.4722748844806
 10
1104.926433165016
 20
-863.8553705876047
 10
1105.595866758766
 20
-864.9544721501052
 10
1106.342058165015
 20
-866.1798139469802
 10
1105.035476133764
 20
-866.9185053532301
 10
1104.318991758764
 20
-867.7192768376053
 10
1104.107292540015
 20
-867.9557612126055
 10
1103.855046446266
 20
-868.1574994938555
 10
1103.612409727515
 20
-868.3645991032308
 10
1095.481940977515
 20
-875.3024799626064
 10
1086.132312071264
 20
-878.5921674626052
 10
1074.898894102515
 20
-877.8772651188547
 97
        0
 97
        0
 75
     2
 76
     1
 98
        0
  0
SPLINE
  5
83
330
41
100
AcDbEntity
  8
katman 1
370
     0
100
AcDbSpline
210
0.0
220
0.0
230
1.0
 70
    11
 71
     3
 72
    11
 73
     7
 74
     0
 42
0.0000000001
 43
0.0000000001
 12
1.0
 22
0.0
 32
0.0
 13
1.0
 23
0.0
 33
0.0
 40
0.0
 40
0.0
 40
0.0
 40
0.0
 40
1.0
 40
1.0
 40
1.0
 40
2.0
 40
2.0
 40
2.0
 40
2.0
 10
930.8095386337645
 20
-877.5440131657297
 30
0.0
 10
933.664460508764
 20
-873.4966498844797
 30
0.0
 10
942.8844800400148
 20
-866.2907026188559
 30
0.0
 10
949.2703784775149
 20
-862.9333393376064
 30
0.0
 10
949.036648008765
 20
-868.6447944157308
 30
0.0
 10
938.9952612900142
 20
-876.7871869938563
 30
0.0
 10
930.8095386337645
 20
-877.5440131657297
 30
0.0
  0
HATCH
  5
84
330
41
100
AcDbEntity
  8
katman 1
 62
     7
420
 15658734
100
AcDbHatch
 10
0.0
 20
0.0
 30
0.0
210
0.0
220
0.0
230
1.0
  2
SOLID
 70
     1
 71
     0
 91
        1
 92
        1
 93
        1
 72
     4
 94
        3
 73
     0
 74
     1
 95
       11
 96
        7
 40
0.0
 40
0.0
 40
0.0
 40
0.0
 40
1.0
 40
1.0
 40
1.0
 40
2.0
 40
2.0
 40
2.0
 40
2.0
 10
930.8095386337645
 20
-877.5440131657297
 10
933.664460508764
 20
-873.4966498844797
 10
942.8844800400148
 20
-866.2907026188559
 10
949.2703784775149
 20
-862.9333393376064
 10
949.036648008765
 20
-868.6447944157308
 10
938.9952612900142
 20
-876.7871869938563
 10
930.8095386337645
 20
-877.5440131657297
 97
        0
 97
        0
 75
     2
 76
     1
 98
        0
  0
SPLINE
  5
85
330
41
100
AcDbEntity
  8
katman 1
370
     0
100
AcDbSpline
210
0.0
220
0.0
230
1.0
 70
    11
 71
     3
 72
    17
 73
    13
 74
     0
 42
0.0000000001
 43
0.0000000001
 12
1.0
 22
0.0
 32
0.0
 13
1.0
 23
0.0
 33
0.0
 40
0.0
 40
0.0
 40
0.0
 40
0.0
 40
1.0
 40
1.0
 40
1.0
 40
2.0
 40
2.0
 40
2.0
 40
3.0
 40
3.0
 40
3.0
 40
4.0
 40
4.0
 40
4.0
 40
4.0
 10
1017.913249571266
 20
-985.3466987126058
 30
0.0
 10
1014.758562071265
 20
-989.1121088688551
 30
0.0
 10
1011.638562071264
 20
-992.7188471501058
 30
0.0
 10
1007.768327696265
 20
-995.456757306355
 30
0.0
 10
1003.388210508765
 20
-998.555429181356
 30
0.0
 10
998.2933081650153
 20
-998.510019025106
 30
0.0
 10
993.5138745712648
 20
-996.7706635563563
 30
0.0
 10
987.9693237900137
 20
-994.7528119938552
 30
0.0
 10
984.2052612900152
 20
-990.4070893376056
 30
0.0
 10
980.722976133764
 20
-985.5802534001059
 30
0.0
 10
985.2232105087642
 20
-983.991542462606
 30
0.0
 10
1010.122565977514
 20
-983.912440900106
 30
0.0
 10
1017.913249571266
 20
-985.3466987126058
 30
0.0
  0
HATCH
  5
86
330
41
100
AcDbEntity
  8
katman 1
 62
     7
420
 16777215
100
AcDbHatch
 10
0.0
 20
0.0
 30
0.0
210
0.0
220
0.0
230
1.0
  2
SOLID
 70
     1
 71
     0
 91
        1
 92
        1
 93
        1
 72
     4
 94
        3
 73
     0
 74
     1
 95
       17
 96
       13
 40
0.0
 40
0.0
 40
0.0
 40
0.0
 40
1.0
 40
1.0
 40
1.0
 40
2.0
 40
2.0
 40
2.0
 40
3.0
 40
3.0
 40
3.0
 40
4.0
 40
4.0
 40
4.0
 40
4.0
 10
1017.913249571266
 20
-985.3466987126058
 10
1014.758562071265
 20
-989.1121088688551
 10
1011.638562071264
 20
-992.7188471501058
 10
1007.768327696265
 20
-995.456757306355
 10
1003.388210508765
 20
-998.555429181356
 10
998.2933081650153
 20
-998.510019025106
 10
993.5138745712648
 20
-996.7706635563563
 10
987.9693237900137
 20
-994.7528119938552
 10
984.2052612900152
 20
-990.4070893376056
 10
980.722976133764
 20
-985.5802534001059
 10
985.2232105087642
 20
-983.991542462606
 10
1010.122565977514
 20
-983.912440900106
 10
1017.913249571266
 20
-985.3466987126058
 97
        0
 97
        0
 75
     2
 76
     1
 98
        0
  0
SPLINE
  5
87
330
41
100
AcDbEntity
  8
katman 1
370
     0
100
AcDbSpline
210
0.0
220
0.0
230
1.0
 70
    11
 71
     3
 72
    23
 73
    19
 74
     0
 42
0.0000000001
 43
0.0000000001
 12
1.0
 22
0.0
 32
0.0
 13
1.0
 23
0.0
 33
0.0
 40
0.0
 40
0.0
 40
0.0
 40
0.0
 40
1.0
 40
1.0
 40
1.0
 40
2.0
 40
2.0
 40
2.0
 40
3.0
 40
3.0
 40
3.0
 40
4.0
 40
4.0
 40
4.0
 40
5.0
 40
5.0
 40
5.0
 40
6.0
 40
6.0
 40
6.0
 40
6.0
 10
986.714304258765
 20
-969.598280743855
 30
0.0
 10
988.6921362900139
 20
-966.7981440251051
 30
0.0
 10
991.1995972275145
 20
-965.7091791813555
 30
0.0
 10
994.4425855087648
 20
-967.2843549626059
 30
0.0
 10
996.846101133764
 20
-968.4517768376054
 30
0.0
 10
999.3638745712651
 20
-968.3396284001055
 30
0.0
 10
1001.894948790015
 20
-968.2510346501049
 30
0.0
 10
1003.160163633764
 20
-968.206796368856
 30
0.0
 10
1004.425319883765
 20
-967.9208002751047
 30
0.0
 10
1005.683034727515
 20
-967.9635737126055
 30
0.0
 10
1007.303620665014
 20
-968.0185346501048
 30
0.0
 10
1009.621179258764
 20
-967.2347846501061
 30
0.0
 10
1010.003444883765
 20
-969.6221869938554
 30
0.0
 10
1010.316980040014
 20
-971.5800385563552
 30
0.0
 10
1008.363171446264
 20
-972.5274409001058
 30
0.0
 10
1006.837976133764
 20
-973.3508588688555
 30
0.0
 10
1000.866628477515
 20
-976.5745112126051
 30
0.0
 10
991.8584839462637
 20
-974.9043549626049
 30
0.0
 10
986.714304258765
 20
-969.598280743855
 30
0.0
  0
HATCH
  5
88
330
41
100
AcDbEntity
  8
katman 1
 62
    18
420
    65793
100
AcDbHatch
 10
0.0
 20
0.0
 30
0.0
210
0.0
220
0.0
230
1.0
  2
SOLID
 70
     1
 71
     0
 91
        1
 92
        1
 93
        1
 72
     4
 94
        3
 73
     0
 74
     1
 95
       23
 96
       19
 40
0.0
 40
0.0
 40
0.0
 40
0.0
 40
1.0
 40
1.0
 40
1.0
 40
2.0
 40
2.0
 40
2.0
 40
3.0
 40
3.0
 40
3.0
 40
4.0
 40
4.0
 40
4.0
 40
5.0
 40
5.0
 40
5.0
 40
6.0
 40
6.0
 40
6.0
 40
6.0
 10
986.714304258765
 20
-969.598280743855
 10
988.6921362900139
 20
-966.7981440251051
 10
991.1995972275145
 20
-965.7091791813555
 10
994.4425855087648
 20
-967.2843549626059
 10
996.846101133764
 20
-968.4517768376054
 10
999.3638745712651
 20
-968.3396284001055
 10
1001.894948790015
 20
-968.2510346501049
 10
1003.160163633764
 20
-968.206796368856
 10
1004.425319883765
 20
-967.9208002751047
 10
1005.683034727515
 20
-967.9635737126055
 10
1007.303620665014
 20
-968.0185346501048
 10
1009.621179258764
 20
-967.2347846501061
 10
1010.003444883765
 20
-969.6221869938554
 10
1010.316980040014
 20
-971.5800385563552
 10
1008.363171446264
 20
-972.5274409001058
 10
1006.837976133764
 20
-973.3508588688555
 10
1000.866628477515
 20
-976.5745112126051
 10
991.8584839462637
 20
-974.9043549626049
 10
986.714304258765
 20
-969.598280743855
 97
        0
 97
        0
 75
     2
 76
     1
 98
        0
  0
ENDBLK
  5
44
330
41
100
AcDbEntity
  8
0
100
AcDbBlockEnd
  0
ENDSEC
  0
SECTION
  2
ENTITIES
  0
INSERT
  5
42
330
1F
100
AcDbEntity
  8
katman 1
100
AcDbBlockReference
  2
block 2
 10
0.0
 20
0.0
 30
0.0
  0
ENDSEC
  0
SECTION
  2
OBJECTS
  0
DICTIONARY
  5
C
330
0
100
AcDbDictionary
281
     1
  3
ACAD_GROUP
350
D
  3
ACAD_LAYOUT
350
1A
  3
ACAD_MATERIAL
350
3B
  3
ACAD_MLEADERSTYLE
350
8A
  3
ACAD_MLINESTYLE
350
17
  3
ACAD_PLOTSETTINGS
350
19
  3
ACAD_PLOTSTYLENAME
350
E
  3
ACAD_TABLESTYLE
350
89
  3
ACAD_VISUALSTYLE
350
2A
  0
SUN
  5
3F
330
29
100
AcDbSun
 90
        1
290
     0
 63
     7
421
 16777215
 40
1.0
291
     1
 91
  2455826
 92
 54000000
292
     0
 70
     2
 71
   256
280
     1
  0
DICTIONARY
  5
D
102
{ACAD_REACTORS
330
C
102
}
330
C
100
AcDbDictionary
281
     1
  0
DICTIONARY
  5
1A
102
{ACAD_REACTORS
330
C
102
}
330
C
100
AcDbDictionary
281
     1
  3
Layout1
350
1E
  3
Layout2
350
26
  3
Model
350
22
  0
DICTIONARY
  5
3B
102
{ACAD_REACTORS
330
C
102
}
330
C
100
AcDbDictionary
281
     1
  3
ByBlock
350
3D
  3
ByLayer
350
3C
  3
Global
350
3E
  0
DICTIONARY
  5
8A
102
{ACAD_REACTORS
330
C
102
}
330
C
100
AcDbDictionary
281
     1
  0
DICTIONARY
  5
17
102
{ACAD_REACTORS
330
C
102
}
330
C
100
AcDbDictionary
281
     1
  3
Standard
350
18
  0
DICTIONARY
  5
19
102
{ACAD_REACTORS
330
C
102
}
330
C
100
AcDbDictionary
281
     1
  0
ACDBDICTIONARYWDFLT
  5
E
102
{ACAD_REACTORS
330
C
102
}
330
C
100
AcDbDictionary
281
     1
  3
Normal
350
F
100
AcDbDictionaryWithDefault
340
F
  0
DICTIONARY
  5
89
102
{ACAD_REACTORS
330
C
102
}
330
C
100
AcDbDictionary
281
     1
  0
DICTIONARY
  5
2A
102
{ACAD_REACTORS
330
C
102
}
330
C
100
AcDbDictionary
281
     1
  3
2dWireframe
350
2F
  3
3D Hidden
350
31
  3
3dWireframe
350
30
  3
Basic
350
32
  3
Brighten
350
36
  3
ColorChange
350
3A
  3
Conceptual
350
34
  3
Dim
350
35
  3
Facepattern
350
39
  3
Flat
350
2B
  3
FlatWithEdges
350
2C
  3
Gouraud
350
2D
  3
GouraudWithEdges
350
2E
  3
Linepattern
350
38
  3
Realistic
350
33
  3
Thicken
350
37
  0
LAYOUT
  5
1E
102
{ACAD_REACTORS
330
1A
102
}
330
1A
100
AcDbPlotSettings
  1

  2
none_device
  4

  6

 40
0.0
 41
0.0
 42
0.0
 43
0.0
 44
0.0
 45
0.0
 46
0.0
 47
0.0
 48
0.0
 49
0.0
140
0.0
141
0.0
142
1.0
143
1.0
 70
   688
 72
     0
 73
     0
 74
     5
  7

 75
    16
 76
     0
 77
     2
 78
   300
147
1.0
148
0.0
149
0.0
100
AcDbLayout
  1
Layout1
 70
     1
 71
     1
 10
0.0
 20
0.0
 11
12.0
 21
9.0
 12
0.0
 22
0.0
 32
0.0
 14
1.000000000000000E+20
 24
1.000000000000000E+20
 34
1.000000000000000E+20
 15
-1.000000000000000E+20
 25
-1.000000000000000E+20
 35
-1.000000000000000E+20
146
0.0
 13
0.0
 23
0.0
 33
0.0
 16
1.0
 26
0.0
 36
0.0
 17
0.0
 27
1.0
 37
0.0
 76
     0
330
1B
  0
LAYOUT
  5
26
102
{ACAD_REACTORS
330
1A
102
}
330
1A
100
AcDbPlotSettings
  1

  2
none_device
  4

  6

 40
0.0
 41
0.0
 42
0.0
 43
0.0
 44
0.0
 45
0.0
 46
0.0
 47
0.0
 48
0.0
 49
0.0
140
0.0
141
0.0
142
1.0
143
1.0
 70
   688
 72
     0
 73
     0
 74
     5
  7

 75
    16
 76
     0
 77
     2
 78
   300
147
1.0
148
0.0
149
0.0
100
AcDbLayout
  1
Layout2
 70
     1
 71
     2
 10
0.0
 20
0.0
 11
0.0
 21
0.0
 12
0.0
 22
0.0
 32
0.0
 14
0.0
 24
0.0
 34
0.0
 15
0.0
 25
0.0
 35
0.0
146
0.0
 13
0.0
 23
0.0
 33
0.0
 16
1.0
 26
0.0
 36
0.0
 17
0.0
 27
1.0
 37
0.0
 76
     0
330
23
  0
LAYOUT
  5
22
102
{ACAD_REACTORS
330
1A
102
}
330
1A
100
AcDbPlotSettings
  1

  2
none_device
  4

  6

 40
0.0
 41
0.0
 42
0.0
 43
0.0
 44
0.0
 45
0.0
 46
0.0
 47
0.0
 48
0.0
 49
0.0
140
0.0
141
0.0
142
1.0
143
1.0
 70
  1712
 72
     0
 73
     0
 74
     0
  7

 75
     0
 76
     0
 77
     2
 78
   300
147
1.0
148
0.0
149
0.0
100
AcDbLayout
  1
Model
 70
     1
 71
     0
 10
0.0
 20
0.0
 11
12.0
 21
9.0
 12
0.0
 22
0.0
 32
0.0
 14
1.000000000000000E+20
 24
1.000000000000000E+20
 34
1.000000000000000E+20
 15
-1.000000000000000E+20
 25
-1.000000000000000E+20
 35
-1.000000000000000E+20
146
0.0
 13
0.0
 23
0.0
 33
0.0
 16
1.0
 26
0.0
 36
0.0
 17
0.0
 27
1.0
 37
0.0
 76
     0
330
1F
331
29
  0
MATERIAL
  5
3D
102
{ACAD_REACTORS
330
3B
102
}
330
3B
100
AcDbMaterial
  1
ByBlock
 72
     1
 94
      127
  0
MATERIAL
  5
3C
102
{ACAD_REACTORS
330
3B
102
}
330
3B
100
AcDbMaterial
  1
ByLayer
 72
     1
 94
      127
  0
MATERIAL
  5
3E
102
{ACAD_REACTORS
330
3B
102
}
330
3B
100
AcDbMaterial
  1
Global
 72
     1
 94
      127
  0
MLINESTYLE
  5
18
102
{ACAD_REACTORS
330
17
102
}
330
17
100
AcDbMlineStyle
  2
Standard
 70
     0
  3

 62
   256
 51
90.0
 52
90.0
 71
     2
 49
0.5
 62
   256
  6
BYLAYER
 49
-0.5
 62
   256
  6
BYLAYER
  0
ACDBPLACEHOLDER
  5
F
102
{ACAD_REACTORS
330
E
102
}
330
E
  0
VISUALSTYLE
  5
2F
102
{ACAD_REACTORS
330
2A
102
}
330
2A
100
AcDbVisualStyle
  2
2dWireframe
 70
     4
177
     2
291
     0
 71
     0
176
     1
 72
     2
176
     1
 73
     0
176
     1
 90
        0
176
     1
 40
-0.6
176
     1
 41
-30.0
176
     1
 62
     5
 63
     7
421
 16777215
176
     1
 74
     1
176
     1
 91
        4
176
     1
 64
     7
176
     1
 65
   257
176
     1
 75
     1
176
     1
175
     1
176
     1
 42
1.0
176
     1
 92
        0
176
     1
 66
   257
176
     1
 43
1.0
176
     1
 76
     1
176
     1
 77
     6
176
     1
 78
     2
176
     1
 67
     7
176
     1
 79
     5
176
     1
170
     0
176
     1
171
     0
176
     1
290
     0
176
     1
 93
        1
176
     1
 44
0.0
176
     1
173
     0
176
     1
  0
VISUALSTYLE
  5
31
102
{ACAD_REACTORS
330
2A
102
}
330
2A
100
AcDbVisualStyle
  2
3D Hidden
 70
     6
177
     2
291
     0
 71
     1
176
     1
 72
     2
176
     1
 73
     2
176
     1
 90
        0
176
     1
 40
-0.6
176
     1
 41
-30.0
176
     1
 62
     5
 63
     7
421
 16777215
176
     1
 74
     2
176
     1
 91
        2
176
     1
 64
     7
176
     1
 65
   257
176
     1
 75
     2
176
     1
175
     1
176
     1
 42
40.0
176
     1
 92
        0
176
     1
 66
   257
176
     1
 43
1.0
176
     1
 76
     1
176
     1
 77
     6
176
     1
 78
     2
176
     1
 67
     7
176
     1
 79
     3
176
     1
170
     0
176
     1
171
     0
176
     1
290
     0
176
     1
 93
        1
176
     1
 44
0.0
176
     1
173
     0
176
     1
  0
VISUALSTYLE
  5
30
102
{ACAD_REACTORS
330
2A
102
}
330
2A
100
AcDbVisualStyle
  2
3dWireframe
 70
     5
177
     2
291
     0
 71
     0
176
     1
 72
     2
176
     1
 73
     0
176
     1
 90
        0
176
     1
 40
-0.6
176
     1
 41
-30.0
176
     1
 62
     5
 63
     7
421
 16777215
176
     1
 74
     1
176
     1
 91
        4
176
     1
 64
     7
176
     1
 65
   257
176
     1
 75
     1
176
     1
175
     1
176
     1
 42
1.0
176
     1
 92
        0
176
     1
 66
   257
176
     1
 43
1.0
176
     1
 76
     1
176
     1
 77
     6
176
     1
 78
     2
176
     1
 67
     7
176
     1
 79
     5
176
     1
170
     0
176
     1
171
     0
176
     1
290
     0
176
     1
 93
        1
176
     1
 44
0.0
176
     1
173
     0
176
     1
  0
VISUALSTYLE
  5
32
102
{ACAD_REACTORS
330
2A
102
}
330
2A
100
AcDbVisualStyle
  2
Basic
 70
     7
177
     2
291
     1
 71
     1
176
     1
 72
     0
176
     1
 73
     1
176
     1
 90
        0
176
     1
 40
-0.6
176
     1
 41
-30.0
176
     1
 62
     5
 63
     7
421
 16777215
176
     1
 74
     0
176
     1
 91
        4
176
     1
 64
     7
176
     1
 65
   257
176
     1
 75
     1
176
     1
175
     1
176
     1
 42
1.0
176
     1
 92
        8
176
     1
 66
     7
176
     1
 43
1.0
176
     1
 76
     1
176
     1
 77
     6
176
     1
 78
     2
176
     1
 67
     7
176
     1
 79
     5
176
     1
170
     0
176
     1
171
     0
176
     1
290
     0
176
     1
 93
        1
176
     1
 44
0.0
176
     1
173
     0
176
     1
  0
VISUALSTYLE
  5
36
102
{ACAD_REACTORS
330
2A
102
}
330
2A
100
AcDbVisualStyle
  2
Brighten
 70
    12
177
     2
291
     1
 71
     2
176
     1
 72
     2
176
     1
 73
     0
176
     1
 90
        0
176
     1
 40
-0.6
176
     1
 41
-30.0
176
     1
 62
     5
 63
     7
421
 16777215
176
     1
 74
     1
176
     1
 91
        4
176
     1
 64
     7
176
     1
 65
   257
176
     1
 75
     1
176
     1
175
     1
176
     1
 42
1.0
176
     1
 92
        8
176
     1
 66
     7
176
     1
 43
1.0
176
     1
 76
     1
176
     1
 77
     6
176
     1
 78
     2
176
     1
 67
     7
176
     1
 79
     5
176
     1
170
     0
176
     1
171
     0
176
     1
290
     0
176
     1
 93
        1
176
     1
 44
50.0
176
     1
173
     0
176
     1
  0
VISUALSTYLE
  5
3A
102
{ACAD_REACTORS
330
2A
102
}
330
2A
100
AcDbVisualStyle
  2
ColorChange
 70
    16
177
     2
291
     1
 71
     2
176
     1
 72
     2
176
     1
 73
     3
176
     1
 90
        0
176
     1
 40
-0.6
176
     1
 41
-30.0
176
     1
 62
     5
 63
     8
421
  8421504
176
     1
 74
     1
176
     1
 91
        4
176
     1
 64
     7
176
     1
 65
   257
176
     1
 75
     1
176
     1
175
     1
176
     1
 42
1.0
176
     1
 92
        8
176
     1
 66
     8
424
  8421504
176
     1
 43
1.0
176
     1
 76
     1
176
     1
 77
     6
176
     1
 78
     2
176
     1
 67
     7
176
     1
 79
     5
176
     1
170
     0
176
     1
171
     0
176
     1
290
     0
176
     1
 93
        1
176
     1
 44
0.0
176
     1
173
     0
176
     1
  0
VISUALSTYLE
  5
34
102
{ACAD_REACTORS
330
2A
102
}
330
2A
100
AcDbVisualStyle
  2
Conceptual
 70
     9
177
     2
291
     0
 71
     3
176
     1
 72
     2
176
     1
 73
     0
176
     1
 90
        0
176
     1
 40
-0.6
176
     1
 41
-30.0
176
     1
 62
     5
 63
     7
421
 16777215
176
     1
 74
     2
176
     1
 91
        2
176
     1
 64
     7
176
     1
 65
   257
176
     1
 75
     1
176
     1
175
     1
176
     1
 42
40.0
176
     1
 92
        8
176
     1
 66
     7
176
     1
 43
1.0
176
     1
 76
     1
176
     1
 77
     6
176
     1
 78
     2
176
     1
 67
     7
176
     1
 79
     3
176
     1
170
     0
176
     1
171
     0
176
     1
290
     0
176
     1
 93
        1
176
     1
 44
0.0
176
     1
173
     0
176
     1
  0
VISUALSTYLE
  5
35
102
{ACAD_REACTORS
330
2A
102
}
330
2A
100
AcDbVisualStyle
  2
Dim
 70
    11
177
     2
291
     1
 71
     2
176
     1
 72
     2
176
     1
 73
     0
176
     1
 90
        0
176
     1
 40
-0.6
176
     1
 41
-30.0
176
     1
 62
     5
 63
     7
421
 16777215
176
     1
 74
     1
176
     1
 91
        4
176
     1
 64
     7
176
     1
 65
   257
176
     1
 75
     1
176
     1
175
     1
176
     1
 42
1.0
176
     1
 92
        8
176
     1
 66
     7
176
     1
 43
1.0
176
     1
 76
     1
176
     1
 77
     6
176
     1
 78
     2
176
     1
 67
     7
176
     1
 79
     5
176
     1
170
     0
176
     1
171
     0
176
     1
290
     0
176
     1
 93
        1
176
     1
 44
-50.0
176
     1
173
     0
176
     1
  0
VISUALSTYLE
  5
39
102
{ACAD_REACTORS
330
2A
102
}
330
2A
100
AcDbVisualStyle
  2
Facepattern
 70
    15
177
     2
291
     1
 71
     2
176
     1
 72
     2
176
     1
 73
     0
176
     1
 90
        0
176
     1
 40
-0.6
176
     1
 41
-30.0
176
     1
 62
     5
 63
     7
421
 16777215
176
     1
 74
     1
176
     1
 91
        4
176
     1
 64
     7
176
     1
 65
   257
176
     1
 75
     1
176
     1
175
     1
176
     1
 42
1.0
176
     1
 92
        8
176
     1
 66
     7
176
     1
 43
1.0
176
     1
 76
     1
176
     1
 77
     6
176
     1
 78
     2
176
     1
 67
     7
176
     1
 79
     5
176
     1
170
     0
176
     1
171
     0
176
     1
290
     0
176
     1
 93
        1
176
     1
 44
0.0
176
     1
173
     0
176
     1
  0
VISUALSTYLE
  5
2B
102
{ACAD_REACTORS
330
2A
102
}
330
2A
100
AcDbVisualStyle
  2
Flat
 70
     0
177
     2
291
     1
 71
     2
176
     1
 72
     1
176
     1
 73
     1
176
     1
 90
        2
176
     1
 40
-0.6
176
     1
 41
30.0
176
     1
 62
     5
 63
     7
421
 16777215
176
     1
 74
     0
176
     1
 91
        4
176
     1
 64
     7
176
     1
 65
   257
176
     1
 75
     1
176
     1
175
     1
176
     1
 42
1.0
176
     1
 92
        8
176
     1
 66
     7
176
     1
 43
1.0
176
     1
 76
     1
176
     1
 77
     6
176
     1
 78
     2
176
     1
 67
     7
176
     1
 79
     5
176
     1
170
     0
176
     1
171
     0
176
     1
290
     0
176
     1
 93
       13
176
     1
 44
0.0
176
     1
173
     0
176
     1
  0
VISUALSTYLE
  5
2C
102
{ACAD_REACTORS
330
2A
102
}
330
2A
100
AcDbVisualStyle
  2
FlatWithEdges
 70
     1
177
     2
291
     1
 71
     2
176
     1
 72
     1
176
     1
 73
     1
176
     1
 90
        2
176
     1
 40
-0.6
176
     1
 41
30.0
176
     1
 62
     5
 63
     7
421
 16777215
176
     1
 74
     1
176
     1
 91
        4
176
     1
 64
     7
176
     1
 65
   257
176
     1
 75
     1
176
     1
175
     1
176
     1
 42
1.0
176
     1
 92
        0
176
     1
 66
   257
176
     1
 43
1.0
176
     1
 76
     1
176
     1
 77
     6
176
     1
 78
     2
176
     1
 67
     7
176
     1
 79
     5
176
     1
170
     0
176
     1
171
     0
176
     1
290
     0
176
     1
 93
       13
176
     1
 44
0.0
176
     1
173
     0
176
     1
  0
VISUALSTYLE
  5
2D
102
{ACAD_REACTORS
330
2A
102
}
330
2A
100
AcDbVisualStyle
  2
Gouraud
 70
     2
177
     2
291
     1
 71
     2
176
     1
 72
     2
176
     1
 73
     1
176
     1
 90
        2
176
     1
 40
-0.6
176
     1
 41
30.0
176
     1
 62
     5
 63
     7
421
 16777215
176
     1
 74
     0
176
     1
 91
        4
176
     1
 64
     7
176
     1
 65
   257
176
     1
 75
     1
176
     1
175
     1
176
     1
 42
1.0
176
     1
 92
        0
176
     1
 66
     7
176
     1
 43
1.0
176
     1
 76
     1
176
     1
 77
     6
176
     1
 78
     2
176
     1
 67
     7
176
     1
 79
     5
176
     1
170
     0
176
     1
171
     0
176
     1
290
     0
176
     1
 93
       13
176
     1
 44
0.0
176
     1
173
     0
176
     1
  0
VISUALSTYLE
  5
2E
102
{ACAD_REACTORS
330
2A
102
}
330
2A
100
AcDbVisualStyle
  2
GouraudWithEdges
 70
     3
177
     2
291
     1
 71
     2
176
     1
 72
     2
176
     1
 73
     1
176
     1
 90
        2
176
     1
 40
-0.6
176
     1
 41
30.0
176
     1
 62
     5
 63
     7
421
 16777215
176
     1
 74
     1
176
     1
 91
        4
176
     1
 64
     7
176
     1
 65
   257
176
     1
 75
     1
176
     1
175
     1
176
     1
 42
1.0
176
     1
 92
        0
176
     1
 66
   257
176
     1
 43
1.0
176
     1
 76
     1
176
     1
 77
     6
176
     1
 78
     2
176
     1
 67
     7
176
     1
 79
     5
176
     1
170
     0
176
     1
171
     0
176
     1
290
     0
176
     1
 93
       13
176
     1
 44
0.0
176
     1
173
     0
176
     1
  0
VISUALSTYLE
  5
38
102
{ACAD_REACTORS
330
2A
102
}
330
2A
100
AcDbVisualStyle
  2
Linepattern
 70
    14
177
     2
291
     1
 71
     2
176
     1
 72
     2
176
     1
 73
     0
176
     1
 90
        0
176
     1
 40
-0.6
176
     1
 41
-30.0
176
     1
 62
     5
 63
     7
421
 16777215
176
     1
 74
     1
176
     1
 91
        4
176
     1
 64
     7
176
     1
 65
   257
176
     1
 75
     7
176
     1
175
     7
176
     1
 42
1.0
176
     1
 92
        8
176
     1
 66
     7
176
     1
 43
1.0
176
     1
 76
     1
176
     1
 77
     6
176
     1
 78
     2
176
     1
 67
     7
176
     1
 79
     5
176
     1
170
     0
176
     1
171
     0
176
     1
290
     0
176
     1
 93
        1
176
     1
 44
0.0
176
     1
173
     0
176
     1
  0
VISUALSTYLE
  5
33
102
{ACAD_REACTORS
330
2A
102
}
330
2A
100
AcDbVisualStyle
  2
Realistic
 70
     8
177
     2
291
     0
 71
     2
176
     1
 72
     2
176
     1
 73
     0
176
     1
 90
        0
176
     1
 40
-0.6
176
     1
 41
-30.0
176
     1
 62
     5
 63
     7
421
 16777215
176
     1
 74
     1
176
     1
 91
        0
176
     1
 64
     7
176
     1
 65
   257
176
     1
 75
     1
176
     1
175
     1
176
     1
 42
1.0
176
     1
 92
        8
176
     1
 66
     8
424
  7895160
176
     1
 43
1.0
176
     1
 76
     1
176
     1
 77
     6
176
     1
 78
     2
176
     1
 67
     7
176
     1
 79
     5
176
     1
170
     0
176
     1
171
     0
176
     1
290
     0
176
     1
 93
       13
176
     1
 44
0.0
176
     1
173
     0
176
     1
  0
VISUALSTYLE
  5
37
102
{ACAD_REACTORS
330
2A
102
}
330
2A
100
AcDbVisualStyle
  2
Thicken
 70
    13
177
     2
291
     1
 71
     2
176
     1
 72
     2
176
     1
 73
     0
176
     1
 90
        0
176
     1
 40
-0.6
176
     1
 41
-30.0
176
     1
 62
     5
 63
     7
421
 16777215
176
     1
 74
     1
176
     1
 91
        4
176
     1
 64
     7
176
     1
 65
   257
176
     1
 75
     1
176
     1
175
     1
176
     1
 42
1.0
176
     1
 92
       12
176
     1
 66
     7
176
     1
 43
1.0
176
     1
 76
     1
176
     1
 77
     6
176
     1
 78
     2
176
     1
 67
     7
176
     1
 79
     5
176
     1
170
     0
176
     1
171
     0
176
     1
290
     0
176
     1
 93
        1
176
     1
 44
0.0
176
     1
173
     0
176
     1
  0
ENDSEC
  0
EOF
