  0
SECTION
  2
HEADER
  9
$ACADVER
  1
AC1021
  9
$ACADMAINTVER
 70
    25
  9
$DWGCODEPAGE
  3
ANSI_1251
  9
$INSBASE
 10
0.0
 20
0.0
 30
0.0
  9
$EXTMIN
 10
-4.91453
 20
5.11641
 30
0.0
  9
$EXTMAX
 10
-1.62349
 20
7.21661
 30
0.0
  9
$LIMMIN
 10
0.0
 20
0.0
  9
$LIMMAX
 10
12.0
 20
9.0
  9
$ORTHOMODE
 70
     0
  9
$REGENMODE
 70
     1
  9
$FILLMODE
 70
     1
  9
$QTEXTMODE
 70
     0
  9
$MIRRTEXT
 70
     1
  9
$LTSCALE
 40
1.0
  9
$ATTMODE
 70
     1
  9
$TEXTSIZE
 40
0.2
  9
$TRACEWID
 40
0.05
  9
$TEXTSTYLE
  7
Standard
  9
$CLAYER
  8
0
  9
$CELTYPE
  6
ByLayer
  9
$CECOLOR
 62
   256
  9
$CELTSCALE
 40
1.0
  9
$DISPSILH
 70
     0
  9
$DIMSCALE
 40
1.0
  9
$DIMASZ
 40
0.18
  9
$DIMEXO
 40
0.0625
  9
$DIMDLI
 40
0.38
  9
$DIMRND
 40
0.0
  9
$DIMDLE
 40
0.0
  9
$DIMEXE
 40
0.18
  9
$DIMTP
 40
0.0
  9
$DIMTM
 40
0.0
  9
$DIMTXT
 40
0.18
  9
$DIMCEN
 40
0.09
  9
$DIMTSZ
 40
0.0
  9
$DIMTOL
 70
     0
  9
$DIMLIM
 70
     0
  9
$DIMTIH
 70
     1
  9
$DIMTOH
 70
     1
  9
$DIMSE1
 70
     0
  9
$DIMSE2
 70
     0
  9
$DIMTAD
 70
     0
  9
$DIMZIN
 70
     0
  9
$DIMBLK
  1

  9
$DIMASO
 70
     1
  9
$DIMSHO
 70
     1
  9
$DIMPOST
  1

  9
$DIMAPOST
  1

  9
$DIMALT
 70
     0
  9
$DIMALTD
 70
     2
  9
$DIMALTF
 40
25.4
  9
$DIMLFAC
 40
1.0
  9
$DIMTOFL
 70
     0
  9
$DIMTVP
 40
0.0
  9
$DIMTIX
 70
     0
  9
$DIMSOXD
 70
     0
  9
$DIMSAH
 70
     0
  9
$DIMBLK1
  1

  9
$DIMBLK2
  1

  9
$DIMSTYLE
  2
Standard
  9
$DIMCLRD
 70
     0
  9
$DIMCLRE
 70
     0
  9
$DIMCLRT
 70
     0
  9
$DIMTFAC
 40
1.0
  9
$DIMGAP
 40
0.09
  9
$DIMJUST
 70
     0
  9
$DIMSD1
 70
     0
  9
$DIMSD2
 70
     0
  9
$DIMTOLJ
 70
     1
  9
$DIMTZIN
 70
     0
  9
$DIMALTZ
 70
     0
  9
$DIMALTTZ
 70
     0
  9
$DIMUPT
 70
     0
  9
$DIMDEC
 70
     4
  9
$DIMTDEC
 70
     4
  9
$DIMALTU
 70
     2
  9
$DIMALTTD
 70
     2
  9
$DIMTXSTY
  7
Standard
  9
$DIMAUNIT
 70
     0
  9
$DIMADEC
 70
     0
  9
$DIMALTRND
 40
0.0
  9
$DIMAZIN
 70
     0
  9
$DIMDSEP
 70
    46
  9
$DIMATFIT
 70
     3
  9
$DIMFRAC
 70
     0
  9
$DIMLDRBLK
  1

  9
$DIMLUNIT
 70
     2
  9
$DIMLWD
 70
    -2
  9
$DIMLWE
 70
    -2
  9
$DIMTMOVE
 70
     0
  9
$DIMFXL
 40
1.0
  9
$DIMFXLON
 70
     0
  9
$DIMJOGANG
 40
0.7853981633974483
  9
$DIMTFILL
 70
     0
  9
$DIMTFILLCLR
 70
     0
  9
$DIMARCSYM
 70
     0
  9
$DIMLTYPE
  6

  9
$DIMLTEX1
  6

  9
$DIMLTEX2
  6

  9
$LUNITS
 70
     2
  9
$LUPREC
 70
     4
  9
$SKETCHINC
 40
0.1
  9
$FILLETRAD
 40
0.5
  9
$AUNITS
 70
     0
  9
$AUPREC
 70
     0
  9
$MENU
  1
.
  9
$ELEVATION
 40
0.0
  9
$PELEVATION
 40
0.0
  9
$THICKNESS
 40
0.0
  9
$LIMCHECK
 70
     0
  9
$CHAMFERA
 40
0.0
  9
$CHAMFERB
 40
0.0
  9
$CHAMFERC
 40
0.0
  9
$CHAMFERD
 40
0.0
  9
$SKPOLY
 70
     0
  9
$TDCREATE
 40
2458502.589370151
  9
$TDUCREATE
 40
2458502.506036817
  9
$TDUPDATE
 40
2458502.589370185
  9
$TDUUPDATE
 40
2458502.506036852
  9
$TDINDWG
 40
0.0000000116
  9
$TDUSRTIMER
 40
0.0000000116
  9
$USRTIMER
 70
     1
  9
$ANGBASE
 50
0.0
  9
$ANGDIR
 70
     0
  9
$PDMODE
 70
     0
  9
$PDSIZE
 40
0.0
  9
$PLINEWID
 40
0.0
  9
$SPLFRAME
 70
     0
  9
$SPLINETYPE
 70
     6
  9
$SPLINESEGS
 70
     8
  9
$HANDSEED
  5
D1
  9
$SURFTAB1
 70
     6
  9
$SURFTAB2
 70
     6
  9
$SURFTYPE
 70
     6
  9
$SURFU
 70
     6
  9
$SURFV
 70
     6
  9
$UCSBASE
  2

  9
$UCSNAME
  2

  9
$UCSORG
 10
0.0
 20
0.0
 30
0.0
  9
$UCSXDIR
 10
1.0
 20
0.0
 30
0.0
  9
$UCSYDIR
 10
0.0
 20
1.0
 30
0.0
  9
$UCSORTHOREF
  2

  9
$UCSORTHOVIEW
 70
     0
  9
$UCSORGTOP
 10
0.0
 20
0.0
 30
0.0
  9
$UCSORGBOTTOM
 10
0.0
 20
0.0
 30
0.0
  9
$UCSORGLEFT
 10
0.0
 20
0.0
 30
0.0
  9
$UCSORGRIGHT
 10
0.0
 20
0.0
 30
0.0
  9
$UCSORGFRONT
 10
0.0
 20
0.0
 30
0.0
  9
$UCSORGBACK
 10
0.0
 20
0.0
 30
0.0
  9
$PUCSBASE
  2

  9
$PUCSNAME
  2

  9
$PUCSORG
 10
0.0
 20
0.0
 30
0.0
  9
$PUCSXDIR
 10
1.0
 20
0.0
 30
0.0
  9
$PUCSYDIR
 10
0.0
 20
1.0
 30
0.0
  9
$PUCSORTHOREF
  2

  9
$PUCSORTHOVIEW
 70
     0
  9
$PUCSORGTOP
 10
0.0
 20
0.0
 30
0.0
  9
$PUCSORGBOTTOM
 10
0.0
 20
0.0
 30
0.0
  9
$PUCSORGLEFT
 10
0.0
 20
0.0
 30
0.0
  9
$PUCSORGRIGHT
 10
0.0
 20
0.0
 30
0.0
  9
$PUCSORGFRONT
 10
0.0
 20
0.0
 30
0.0
  9
$PUCSORGBACK
 10
0.0
 20
0.0
 30
0.0
  9
$USERI1
 70
     0
  9
$USERI2
 70
     0
  9
$USERI3
 70
     0
  9
$USERI4
 70
     0
  9
$USERI5
 70
     0
  9
$USERR1
 40
0.0
  9
$USERR2
 40
0.0
  9
$USERR3
 40
0.0
  9
$USERR4
 40
0.0
  9
$USERR5
 40
0.0
  9
$WORLDVIEW
 70
     1
  9
$SHADEDGE
 70
     3
  9
$SHADEDIF
 70
    70
  9
$TILEMODE
 70
     1
  9
$MAXACTVP
 70
    64
  9
$PINSBASE
 10
0.0
 20
0.0
 30
0.0
  9
$PLIMCHECK
 70
     0
  9
$PEXTMIN
 10
1.000000000000000E+20
 20
1.000000000000000E+20
 30
1.000000000000000E+20
  9
$PEXTMAX
 10
-1.000000000000000E+20
 20
-1.000000000000000E+20
 30
-1.000000000000000E+20
  9
$PLIMMIN
 10
0.0
 20
0.0
  9
$PLIMMAX
 10
12.0
 20
9.0
  9
$UNITMODE
 70
     0
  9
$VISRETAIN
 70
     1
  9
$PLINEGEN
 70
     0
  9
$PSLTSCALE
 70
     1
  9
$TREEDEPTH
 70
  3020
  9
$CMLSTYLE
  2
Standard
  9
$CMLJUST
 70
     0
  9
$CMLSCALE
 40
1.0
  9
$PROXYGRAPHICS
 70
     1
  9
$MEASUREMENT
 70
     0
  9
$CELWEIGHT
370
    -1
  9
$ENDCAPS
280
     0
  9
$JOINSTYLE
280
     0
  9
$LWDISPLAY
290
     0
  9
$INSUNITS
 70
     5
  9
$HYPERLINKBASE
  1

  9
$STYLESHEET
  1

  9
$XEDIT
290
     1
  9
$CEPSNTYPE
380
     0
  9
$PSTYLEMODE
290
     1
  9
$FINGERPRINTGUID
  2
{4B159989-181E-4A0F-8D11-08FAFEEE493A}
  9
$VERSIONGUID
  2
{FAEB1C32-E019-11D5-929B-00C0DF256EC4}
  9
$EXTNAMES
290
     1
  9
$PSVPSCALE
 40
0.0
  9
$OLESTARTUP
290
     0
  9
$SORTENTS
280
   127
  9
$INDEXCTL
280
     0
  9
$HIDETEXT
280
     1
  9
$XCLIPFRAME
290
     0
  9
$HALOGAP
280
     0
  9
$OBSCOLOR
 70
   257
  9
$OBSLTYPE
280
     0
  9
$INTERSECTIONDISPLAY
280
     0
  9
$INTERSECTIONCOLOR
 70
   257
  9
$DIMASSOC
280
     2
  9
$PROJECTNAME
  1

  9
$CAMERADISPLAY
290
     0
  9
$LENSLENGTH
 40
50.0
  9
$CAMERAHEIGHT
 40
0.0
  9
$STEPSPERSEC
 40
2.0
  9
$STEPSIZE
 40
6.0
  9
$3DDWFPREC
 40
2.0
  9
$PSOLWIDTH
 40
0.25
  9
$PSOLHEIGHT
 40
4.0
  9
$LOFTANG1
 40
1.570796326794897
  9
$LOFTANG2
 40
1.570796326794897
  9
$LOFTMAG1
 40
0.0
  9
$LOFTMAG2
 40
0.0
  9
$LOFTPARAM
 70
     7
  9
$LOFTNORMALS
280
     1
  9
$LATITUDE
 40
37.795
  9
$LONGITUDE
 40
-122.394
  9
$NORTHDIRECTION
 40
0.0
  9
$TIMEZONE
 70
 -8000
  9
$LIGHTGLYPHDISPLAY
280
     1
  9
$TILEMODELIGHTSYNCH
280
     1
  9
$CMATERIAL
347
44
  9
$SOLIDHIST
280
     0
  9
$SHOWHIST
280
     1
  9
$DWFFRAME
280
     2
  9
$DGNFRAME
280
     2
  9
$REALWORLDSCALE
290
     1
  9
$INTERFERECOLOR
 62
   256
  9
$CSHADOW
280
     0
  9
$SHADOWPLANELOCATION
 40
0.0
  0
ENDSEC
  0
SECTION
  2
CLASSES
  0
CLASS
  1
ACDBDICTIONARYWDFLT
  2
AcDbDictionaryWithDefault
  3
ObjectDBX Classes
 90
        0
 91
        4
280
     0
281
     0
  0
CLASS
  1
VISUALSTYLE
  2
AcDbVisualStyle
  3
ObjectDBX Classes
 90
     4095
 91
        4
280
     0
281
     0
  0
CLASS
  1
MATERIAL
  2
AcDbMaterial
  3
ObjectDBX Classes
 90
     1153
 91
        4
280
     0
281
     0
  0
CLASS
  1
SCALE
  2
AcDbScale
  3
ObjectDBX Classes
 90
     1153
 91
        4
280
     0
281
     0
  0
CLASS
  1
TABLESTYLE
  2
AcDbTableStyle
  3
ObjectDBX Classes
 90
     4095
 91
        4
280
     0
281
     0
  0
CLASS
  1
MLEADERSTYLE
  2
AcDbMLeaderStyle
  3
ACDB_MLEADERSTYLE_CLASS
 90
     4095
 91
        4
280
     0
281
     0
  0
CLASS
  1
SUN
  2
AcDbSun
  3
SCENEOE
 90
     1153
 91
        4
280
     0
281
     0
  0
CLASS
  1
DICTIONARYVAR
  2
AcDbDictionaryVar
  3
ObjectDBX Classes
 90
        0
 91
        4
280
     0
281
     0
  0
CLASS
  1
CELLSTYLEMAP
  2
AcDbCellStyleMap
  3
ObjectDBX Classes
 90
     1152
 91
        4
280
     0
281
     0
  0
ENDSEC
  0
SECTION
  2
TABLES
  0
TABLE
  2
VPORT
  5
8
330
0
100
AcDbSymbolTable
 70
     1
  0
VPORT
  5
29
330
8
100
AcDbSymbolTableRecord
100
AcDbViewportTableRecord
  2
*Active
 70
     0
 10
0.0
 20
0.0
 11
1.0
 21
1.0
 12
10.42990654205607
 22
4.5
 13
0.0
 23
0.0
 14
0.5
 24
0.5
 15
0.5
 25
0.5
 16
0.0
 26
0.0
 36
1.0
 17
0.0
 27
0.0
 37
0.0
 40
9.0
 41
1.972972972850329
 42
50.0
 43
0.0
 44
0.0
 50
0.0
 51
0.0
 71
     0
 72
   100
 73
     1
 74
     3
 75
     0
 76
     0
 77
     0
 78
     0
281
     0
 65
     1
110
0.0
120
0.0
130
0.0
111
1.0
121
0.0
131
0.0
112
0.0
122
1.0
132
0.0
 79
     0
146
0.0
348
2F
 60
     3
 61
     5
292
     1
282
     1
141
0.0
142
0.0
 63
   250
361
6D
  0
ENDTAB
  0
TABLE
  2
LTYPE
  5
5
330
0
100
AcDbSymbolTable
 70
     1
  0
LTYPE
  5
14
330
5
100
AcDbSymbolTableRecord
100
AcDbLinetypeTableRecord
  2
ByBlock
 70
     0
  3

 72
    65
 73
     0
 40
0.0
  0
LTYPE
  5
15
330
5
100
AcDbSymbolTableRecord
100
AcDbLinetypeTableRecord
  2
ByLayer
 70
     0
  3

 72
    65
 73
     0
 40
0.0
  0
LTYPE
  5
16
330
5
100
AcDbSymbolTableRecord
100
AcDbLinetypeTableRecord
  2
Continuous
 70
     0
  3
Solid line
 72
    65
 73
     0
 40
0.0
  0
ENDTAB
  0
TABLE
  2
LAYER
  5
2
330
0
100
AcDbSymbolTable
 70
     2
  0
LAYER
  5
10
330
2
100
AcDbSymbolTableRecord
100
AcDbLayerTableRecord
  2
0
 70
     0
 62
     7
  6
Continuous
370
    -3
390
F
347
46
  0
LAYER
  5
6F
330
2
100
AcDbSymbolTableRecord
100
AcDbLayerTableRecord
  2
layer 1
 70
     0
 62
     7
  6
Continuous
370
    -3
390
F
347
46
  0
ENDTAB
  0
TABLE
  2
STYLE
  5
3
330
0
100
AcDbSymbolTable
 70
     1
  0
STYLE
  5
11
330
3
100
AcDbSymbolTableRecord
100
AcDbTextStyleTableRecord
  2
Standard
 70
     0
 40
0.0
 41
1.0
 50
0.0
 71
     0
 42
0.2
  3
txt
  4

  0
ENDTAB
  0
TABLE
  2
VIEW
  5
6
330
0
100
AcDbSymbolTable
 70
     0
  0
ENDTAB
  0
TABLE
  2
UCS
  5
7
330
0
100
AcDbSymbolTable
 70
     0
  0
ENDTAB
  0
TABLE
  2
APPID
  5
9
330
0
100
AcDbSymbolTable
 70
     3
  0
APPID
  5
12
330
9
100
AcDbSymbolTableRecord
100
AcDbRegAppTableRecord
  2
ACAD
 70
     0
  0
APPID
  5
6E
330
9
100
AcDbSymbolTableRecord
100
AcDbRegAppTableRecord
  2
ODA
 70
     0
  0
APPID
  5
C9
330
9
100
AcDbSymbolTableRecord
100
AcDbRegAppTableRecord
  2
ACAD_MLEADERVER
 70
     0
  0
ENDTAB
  0
TABLE
  2
DIMSTYLE
  5
A
330
0
100
AcDbSymbolTable
 70
     1
100
AcDbDimStyleTable
  0
DIMSTYLE
105
27
330
A
100
AcDbSymbolTableRecord
100
AcDbDimStyleTableRecord
  2
Standard
 70
     0
178
     0
340
11
  0
ENDTAB
  0
TABLE
  2
BLOCK_RECORD
  5
1
330
0
100
AcDbSymbolTable
 70
     1
  0
BLOCK_RECORD
  5
1F
330
1
100
AcDbSymbolTableRecord
100
AcDbBlockTableRecord
  2
*Model_Space
340
22
 70
     0
280
     1
281
     0
  0
BLOCK_RECORD
  5
1B
330
1
100
AcDbSymbolTableRecord
100
AcDbBlockTableRecord
  2
*Paper_Space
340
1E
 70
     0
280
     1
281
     0
  0
BLOCK_RECORD
  5
23
330
1
100
AcDbSymbolTableRecord
100
AcDbBlockTableRecord
  2
*Paper_Space0
340
26
 70
     0
280
     1
281
     0
  0
ENDTAB
  0
ENDSEC
  0
SECTION
  2
BLOCKS
  0
BLOCK
  5
20
330
1F
100
AcDbEntity
  8
0
100
AcDbBlockBegin
  2
*Model_Space
 70
     0
 10
0.0
 20
0.0
 30
0.0
  3
*Model_Space
  1

  0
ENDBLK
  5
21
330
1F
100
AcDbEntity
  8
0
100
AcDbBlockEnd
  0
BLOCK
  5
1C
330
1B
100
AcDbEntity
 67
     1
  8
0
100
AcDbBlockBegin
  2
*Paper_Space
 70
     0
 10
0.0
 20
0.0
 30
0.0
  3
*Paper_Space
  1

  0
ENDBLK
  5
1D
330
1B
100
AcDbEntity
 67
     1
  8
0
100
AcDbBlockEnd
  0
BLOCK
  5
24
330
23
100
AcDbEntity
  8
0
100
AcDbBlockBegin
  2
*Paper_Space0
 70
     0
 10
0.0
 20
0.0
 30
0.0
  3
*Paper_Space0
  1

  0
ENDBLK
  5
25
330
23
100
AcDbEntity
  8
0
100
AcDbBlockEnd
  0
ENDSEC
  0
SECTION
  2
ENTITIES
  0
SPLINE
  5
70
330
1F
100
AcDbEntity
  8
layer 1
 62
   242
100
AcDbSpline
210
0.0
220
0.0
230
1.0
 70
    11
 71
     3
 72
    48
 73
    44
 74
     0
 42
0.000000001
 43
0.0000000001
 40
0.0
 40
0.0
 40
0.0
 40
0.0
 40
0.0833333333333333
 40
0.0833333333333333
 40
0.0833333333333333
 40
0.0833333333333333
 40
0.1666666666666667
 40
0.1666666666666667
 40
0.1666666666666667
 40
0.1666666666666667
 40
0.25
 40
0.25
 40
0.25
 40
0.25
 40
0.3333333333333333
 40
0.3333333333333333
 40
0.3333333333333333
 40
0.3333333333333333
 40
0.4166666666666667
 40
0.4166666666666667
 40
0.4166666666666667
 40
0.4166666666666667
 40
0.5
 40
0.5
 40
0.5
 40
0.5
 40
0.5833333333333334
 40
0.5833333333333334
 40
0.5833333333333334
 40
0.5833333333333334
 40
0.6666666666666666
 40
0.6666666666666666
 40
0.6666666666666666
 40
0.6666666666666666
 40
0.75
 40
0.75
 40
0.75
 40
0.75
 40
0.8333333333333334
 40
0.8333333333333334
 40
0.8333333333333334
 40
0.8333333333333334
 40
1.0
 40
1.0
 40
1.0
 40
1.0
 10
-1.93168
 20
6.67217
 30
0.0
 10
-1.93168
 20
6.67217
 30
0.0
 10
-1.91997
 20
6.68176
 30
0.0
 10
-1.91997
 20
6.68176
 30
0.0
 10
-1.91997
 20
6.68176
 30
0.0
 10
-1.92008
 20
6.68503
 30
0.0
 10
-1.9285
 20
6.69004
 30
0.0
 10
-1.9272
 20
6.69521
 30
0.0
 10
-1.9272
 20
6.69521
 30
0.0
 10
-1.92451
 20
6.70593
 30
0.0
 10
-1.93213
 20
6.70992
 30
0.0
 10
-1.9334
 20
6.71228
 30
0.0
 10
-1.9334
 20
6.71228
 30
0.0
 10
-1.93484
 20
6.71497
 30
0.0
 10
-1.93674
 20
6.7152
 30
0.0
 10
-1.93928
 20
6.71366
 30
0.0
 10
-1.93928
 20
6.71366
 30
0.0
 10
-1.94215
 20
6.71193
 30
0.0
 10
-1.94546
 20
6.71104
 30
0.0
 10
-1.94815
 20
6.70891
 30
0.0
 10
-1.94815
 20
6.70891
 30
0.0
 10
-1.95202
 20
6.70586
 30
0.0
 10
-1.95586
 20
6.70272
 30
0.0
 10
-1.95997
 20
6.7
 30
0.0
 10
-1.95997
 20
6.7
 30
0.0
 10
-1.96973
 20
6.69312
 30
0.0
 10
-1.96836
 20
6.69408
 30
0.0
 10
-1.97268
 20
6.68482
 30
0.0
 10
-1.97268
 20
6.68482
 30
0.0
 10
-1.97554
 20
6.6787
 30
0.0
 10
-1.96693
 20
6.67654
 30
0.0
 10
-1.96291
 20
6.67473
 30
0.0
 10
-1.96291
 20
6.67473
 30
0.0
 10
-1.95541
 20
6.67137
 30
0.0
 10
-1.94727
 20
6.66688
 30
0.0
 10
-1.93893
 20
6.66687
 30
0.0
 10
-1.93893
 20
6.66687
 30
0.0
 10
-1.93426
 20
6.66687
 30
0.0
 10
-1.93727
 20
6.65985
 30
0.0
 10
-1.9333
 20
6.66565
 30
0.0
 10
-1.9333
 20
6.66565
 30
0.0
 10
-1.93142
 20
6.66841
 30
0.0
 10
-1.9351
 20
6.66864
 30
0.0
 10
-1.93168
 20
6.67217
 30
0.0
  0
SPLINE
  5
71
330
1F
100
AcDbEntity
  8
layer 1
 62
   242
100
AcDbSpline
210
0.0
220
0.0
230
1.0
 70
    11
 71
     3
 72
   228
 73
   224
 74
     0
 42
0.000000001
 43
0.0000000001
 40
0.0
 40
0.0
 40
0.0
 40
0.0
 40
0.0175438596491228
 40
0.0175438596491228
 40
0.0175438596491228
 40
0.0175438596491228
 40
0.0350877192982456
 40
0.0350877192982456
 40
0.0350877192982456
 40
0.0350877192982456
 40
0.0526315789473684
 40
0.0526315789473684
 40
0.0526315789473684
 40
0.0526315789473684
 40
0.0701754385964912
 40
0.0701754385964912
 40
0.0701754385964912
 40
0.0701754385964912
 40
0.087719298245614
 40
0.087719298245614
 40
0.087719298245614
 40
0.087719298245614
 40
0.1052631578947368
 40
0.1052631578947368
 40
0.1052631578947368
 40
0.1052631578947368
 40
0.1228070175438596
 40
0.1228070175438596
 40
0.1228070175438596
 40
0.1228070175438596
 40
0.1403508771929824
 40
0.1403508771929824
 40
0.1403508771929824
 40
0.1403508771929824
 40
0.1578947368421053
 40
0.1578947368421053
 40
0.1578947368421053
 40
0.1578947368421053
 40
0.1754385964912281
 40
0.1754385964912281
 40
0.1754385964912281
 40
0.1754385964912281
 40
0.1929824561403509
 40
0.1929824561403509
 40
0.1929824561403509
 40
0.1929824561403509
 40
0.2105263157894737
 40
0.2105263157894737
 40
0.2105263157894737
 40
0.2105263157894737
 40
0.2280701754385965
 40
0.2280701754385965
 40
0.2280701754385965
 40
0.2280701754385965
 40
0.2456140350877193
 40
0.2456140350877193
 40
0.2456140350877193
 40
0.2456140350877193
 40
0.2631578947368421
 40
0.2631578947368421
 40
0.2631578947368421
 40
0.2631578947368421
 40
0.2807017543859649
 40
0.2807017543859649
 40
0.2807017543859649
 40
0.2807017543859649
 40
0.2982456140350877
 40
0.2982456140350877
 40
0.2982456140350877
 40
0.2982456140350877
 40
0.3157894736842105
 40
0.3157894736842105
 40
0.3157894736842105
 40
0.3157894736842105
 40
0.3333333333333333
 40
0.3333333333333333
 40
0.3333333333333333
 40
0.3333333333333333
 40
0.3508771929824561
 40
0.3508771929824561
 40
0.3508771929824561
 40
0.3508771929824561
 40
0.3684210526315789
 40
0.3684210526315789
 40
0.3684210526315789
 40
0.3684210526315789
 40
0.3859649122807017
 40
0.3859649122807017
 40
0.3859649122807017
 40
0.3859649122807017
 40
0.4035087719298245
 40
0.4035087719298245
 40
0.4035087719298245
 40
0.4035087719298245
 40
0.4210526315789473
 40
0.4210526315789473
 40
0.4210526315789473
 40
0.4210526315789473
 40
0.4385964912280702
 40
0.4385964912280702
 40
0.4385964912280702
 40
0.4385964912280702
 40
0.456140350877193
 40
0.456140350877193
 40
0.456140350877193
 40
0.456140350877193
 40
0.4736842105263158
 40
0.4736842105263158
 40
0.4736842105263158
 40
0.4736842105263158
 40
0.4912280701754386
 40
0.4912280701754386
 40
0.4912280701754386
 40
0.4912280701754386
 40
0.5087719298245614
 40
0.5087719298245614
 40
0.5087719298245614
 40
0.5087719298245614
 40
0.5263157894736842
 40
0.5263157894736842
 40
0.5263157894736842
 40
0.5263157894736842
 40
0.543859649122807
 40
0.543859649122807
 40
0.543859649122807
 40
0.543859649122807
 40
0.5614035087719298
 40
0.5614035087719298
 40
0.5614035087719298
 40
0.5614035087719298
 40
0.5789473684210527
 40
0.5789473684210527
 40
0.5789473684210527
 40
0.5789473684210527
 40
0.5964912280701754
 40
0.5964912280701754
 40
0.5964912280701754
 40
0.5964912280701754
 40
0.6140350877192983
 40
0.6140350877192983
 40
0.6140350877192983
 40
0.6140350877192983
 40
0.631578947368421
 40
0.631578947368421
 40
0.631578947368421
 40
0.631578947368421
 40
0.6491228070175439
 40
0.6491228070175439
 40
0.6491228070175439
 40
0.6491228070175439
 40
0.6666666666666666
 40
0.6666666666666666
 40
0.6666666666666666
 40
0.6666666666666666
 40
0.6842105263157895
 40
0.6842105263157895
 40
0.6842105263157895
 40
0.6842105263157895
 40
0.7017543859649122
 40
0.7017543859649122
 40
0.7017543859649122
 40
0.7017543859649122
 40
0.7192982456140351
 40
0.7192982456140351
 40
0.7192982456140351
 40
0.7192982456140351
 40
0.7368421052631579
 40
0.7368421052631579
 40
0.7368421052631579
 40
0.7368421052631579
 40
0.7543859649122807
 40
0.7543859649122807
 40
0.7543859649122807
 40
0.7543859649122807
 40
0.7719298245614035
 40
0.7719298245614035
 40
0.7719298245614035
 40
0.7719298245614035
 40
0.7894736842105263
 40
0.7894736842105263
 40
0.7894736842105263
 40
0.7894736842105263
 40
0.8070175438596491
 40
0.8070175438596491
 40
0.8070175438596491
 40
0.8070175438596491
 40
0.8245614035087719
 40
0.8245614035087719
 40
0.8245614035087719
 40
0.8245614035087719
 40
0.8421052631578947
 40
0.8421052631578947
 40
0.8421052631578947
 40
0.8421052631578947
 40
0.8596491228070176
 40
0.8596491228070176
 40
0.8596491228070176
 40
0.8596491228070176
 40
0.8771929824561403
 40
0.8771929824561403
 40
0.8771929824561403
 40
0.8771929824561403
 40
0.8947368421052632
 40
0.8947368421052632
 40
0.8947368421052632
 40
0.8947368421052632
 40
0.9122807017543859
 40
0.9122807017543859
 40
0.9122807017543859
 40
0.9122807017543859
 40
0.9298245614035088
 40
0.9298245614035088
 40
0.9298245614035088
 40
0.9298245614035088
 40
0.9473684210526315
 40
0.9473684210526315
 40
0.9473684210526315
 40
0.9473684210526315
 40
0.9649122807017544
 40
0.9649122807017544
 40
0.9649122807017544
 40
0.9649122807017544
 40
1.0
 40
1.0
 40
1.0
 40
1.0
 10
-1.78382
 20
6.65341
 30
0.0
 10
-1.78382
 20
6.56009
 30
0.0
 10
-1.78426
 20
6.46658
 30
0.0
 10
-1.78381
 20
6.37329
 30
0.0
 10
-1.78381
 20
6.37329
 30
0.0
 10
-1.78379
 20
6.36878
 30
0.0
 10
-1.78262
 20
6.34781
 30
0.0
 10
-1.78517
 20
6.34517
 30
0.0
 10
-1.78517
 20
6.34517
 30
0.0
 10
-1.78752
 20
6.34275
 30
0.0
 10
-1.82033
 20
6.34383
 30
0.0
 10
-1.82579
 20
6.34383
 30
0.0
 10
-1.82579
 20
6.34383
 30
0.0
 10
-1.86286
 20
6.34383
 30
0.0
 10
-1.89992
 20
6.34381
 30
0.0
 10
-1.93699
 20
6.3436
 30
0.0
 10
-1.93699
 20
6.3436
 30
0.0
 10
-1.94093
 20
6.34358
 30
0.0
 10
-1.94348
 20
6.34361
 30
0.0
 10
-1.94733
 20
6.34445
 30
0.0
 10
-1.94733
 20
6.34445
 30
0.0
 10
-1.94434
 20
6.35239
 30
0.0
 10
-1.94159
 20
6.35353
 30
0.0
 10
-1.94641
 20
6.36145
 30
0.0
 10
-1.94641
 20
6.36145
 30
0.0
 10
-1.95025
 20
6.36774
 30
0.0
 10
-1.94092
 20
6.37296
 30
0.0
 10
-1.94673
 20
6.38308
 30
0.0
 10
-1.94673
 20
6.38308
 30
0.0
 10
-1.95292
 20
6.39386
 30
0.0
 10
-1.971
 20
6.38567
 30
0.0
 10
-1.98324
 20
6.39678
 30
0.0
 10
-1.98324
 20
6.39678
 30
0.0
 10
-1.98695
 20
6.40015
 30
0.0
 10
-1.98809
 20
6.4034
 30
0.0
 10
-1.98925
 20
6.40811
 30
0.0
 10
-1.98925
 20
6.40811
 30
0.0
 10
-1.98925
 20
6.40811
 30
0.0
 10
-1.98925
 20
6.46708
 30
0.0
 10
-1.98925
 20
6.46708
 30
0.0
 10
-1.98925
 20
6.46708
 30
0.0
 10
-1.98804
 20
6.47793
 30
0.0
 10
-1.98203
 20
6.49524
 30
0.0
 10
-1.97927
 20
6.50662
 30
0.0
 10
-1.97927
 20
6.50662
 30
0.0
 10
-1.97371
 20
6.5296
 30
0.0
 10
-1.97135
 20
6.54987
 30
0.0
 10
-1.97084
 20
6.57354
 30
0.0
 10
-1.97084
 20
6.57354
 30
0.0
 10
-1.97067
 20
6.5812
 30
0.0
 10
-1.96916
 20
6.5809
 30
0.0
 10
-1.9615
 20
6.58334
 30
0.0
 10
-1.9615
 20
6.58334
 30
0.0
 10
-1.94381
 20
6.58899
 30
0.0
 10
-1.94479
 20
6.58678
 30
0.0
 10
-1.94981
 20
6.60444
 30
0.0
 10
-1.94981
 20
6.60444
 30
0.0
 10
-1.9503
 20
6.60613
 30
0.0
 10
-1.95456
 20
6.61709
 30
0.0
 10
-1.95385
 20
6.61827
 30
0.0
 10
-1.95385
 20
6.61827
 30
0.0
 10
-1.95334
 20
6.61912
 30
0.0
 10
-1.94698
 20
6.61693
 30
0.0
 10
-1.94534
 20
6.61667
 30
0.0
 10
-1.94534
 20
6.61667
 30
0.0
 10
-1.93269
 20
6.61466
 30
0.0
 10
-1.92649
 20
6.61908
 30
0.0
 10
-1.92344
 20
6.61878
 30
0.0
 10
-1.92344
 20
6.61878
 30
0.0
 10
-1.92166
 20
6.6186
 30
0.0
 10
-1.90755
 20
6.60973
 30
0.0
 10
-1.90489
 20
6.60814
 30
0.0
 10
-1.90489
 20
6.60814
 30
0.0
 10
-1.90161
 20
6.60488
 30
0.0
 10
-1.89634
 20
6.60672
 30
0.0
 10
-1.89095
 20
6.60699
 30
0.0
 10
-1.89095
 20
6.60699
 30
0.0
 10
-1.88655
 20
6.60721
 30
0.0
 10
-1.88436
 20
6.61142
 30
0.0
 10
-1.88113
 20
6.61375
 30
0.0
 10
-1.88113
 20
6.61375
 30
0.0
 10
-1.87332
 20
6.6194
 30
0.0
 10
-1.8692
 20
6.62793
 30
0.0
 10
-1.86549
 20
6.63637
 30
0.0
 10
-1.86549
 20
6.63637
 30
0.0
 10
-1.86296
 20
6.64211
 30
0.0
 10
-1.85992
 20
6.64344
 30
0.0
 10
-1.85826
 20
6.64572
 30
0.0
 10
-1.85826
 20
6.64572
 30
0.0
 10
-1.85616
 20
6.64861
 30
0.0
 10
-1.85195
 20
6.64695
 30
0.0
 10
-1.84919
 20
6.64714
 30
0.0
 10
-1.84919
 20
6.64714
 30
0.0
 10
-1.84348
 20
6.64752
 30
0.0
 10
-1.84274
 20
6.65337
 30
0.0
 10
-1.84484
 20
6.65443
 30
0.0
 10
-1.84484
 20
6.65443
 30
0.0
 10
-1.8526
 20
6.65837
 30
0.0
 10
-1.83134
 20
6.66375
 30
0.0
 10
-1.83962
 20
6.68175
 30
0.0
 10
-1.83962
 20
6.68175
 30
0.0
 10
-1.84356
 20
6.69029
 30
0.0
 10
-1.85089
 20
6.69294
 30
0.0
 10
-1.84697
 20
6.69712
 30
0.0
 10
-1.84697
 20
6.69712
 30
0.0
 10
-1.83947
 20
6.70513
 30
0.0
 10
-1.84692
 20
6.71631
 30
0.0
 10
-1.84532
 20
6.73209
 30
0.0
 10
-1.84532
 20
6.73209
 30
0.0
 10
-1.84506
 20
6.73928
 30
0.0
 10
-1.84813
 20
6.75076
 30
0.0
 10
-1.84829
 20
6.75985
 30
0.0
 10
-1.84829
 20
6.75985
 30
0.0
 10
-1.84864
 20
6.78103
 30
0.0
 10
-1.84048
 20
6.78251
 30
0.0
 10
-1.83633
 20
6.80067
 30
0.0
 10
-1.83633
 20
6.80067
 30
0.0
 10
-1.83381
 20
6.81169
 30
0.0
 10
-1.8328
 20
6.80884
 30
0.0
 10
-1.83338
 20
6.82163
 30
0.0
 10
-1.83338
 20
6.82163
 30
0.0
 10
-1.83374
 20
6.82966
 30
0.0
 10
-1.83291
 20
6.83
 30
0.0
 10
-1.8349
 20
6.83856
 30
0.0
 10
-1.8349
 20
6.83856
 30
0.0
 10
-1.83774
 20
6.85073
 30
0.0
 10
-1.82245
 20
6.83745
 30
0.0
 10
-1.81768
 20
6.84645
 30
0.0
 10
-1.81768
 20
6.84645
 30
0.0
 10
-1.81541
 20
6.85072
 30
0.0
 10
-1.82122
 20
6.8503
 30
0.0
 10
-1.8154
 20
6.8547
 30
0.0
 10
-1.8154
 20
6.8547
 30
0.0
 10
-1.81046
 20
6.85843
 30
0.0
 10
-1.81616
 20
6.8618
 30
0.0
 10
-1.81011
 20
6.86136
 30
0.0
 10
-1.81011
 20
6.86136
 30
0.0
 10
-1.80366
 20
6.86088
 30
0.0
 10
-1.80741
 20
6.86953
 30
0.0
 10
-1.80224
 20
6.8715
 30
0.0
 10
-1.80224
 20
6.8715
 30
0.0
 10
-1.79753
 20
6.8733
 30
0.0
 10
-1.79597
 20
6.8725
 30
0.0
 10
-1.79611
 20
6.88011
 30
0.0
 10
-1.79611
 20
6.88011
 30
0.0
 10
-1.79611
 20
6.88011
 30
0.0
 10
-1.79647
 20
6.88477
 30
0.0
 10
-1.79647
 20
6.88477
 30
0.0
 10
-1.79647
 20
6.88477
 30
0.0
 10
-1.79734
 20
6.89108
 30
0.0
 10
-1.80067
 20
6.89721
 30
0.0
 10
-1.7953
 20
6.89697
 30
0.0
 10
-1.7953
 20
6.89697
 30
0.0
 10
-1.79365
 20
6.8969
 30
0.0
 10
-1.79225
 20
6.89832
 30
0.0
 10
-1.79262
 20
6.90047
 30
0.0
 10
-1.79262
 20
6.90047
 30
0.0
 10
-1.79344
 20
6.90529
 30
0.0
 10
-1.79344
 20
6.90536
 30
0.0
 10
-1.78846
 20
6.90538
 30
0.0
 10
-1.78846
 20
6.90538
 30
0.0
 10
-1.78662
 20
6.90538
 30
0.0
 10
-1.78496
 20
6.9064
 30
0.0
 10
-1.78563
 20
6.90774
 30
0.0
 10
-1.78563
 20
6.90774
 30
0.0
 10
-1.78723
 20
6.91091
 30
0.0
 10
-1.78495
 20
6.91359
 30
0.0
 10
-1.78407
 20
6.91552
 30
0.0
 10
-1.78407
 20
6.91552
 30
0.0
 10
-1.78242
 20
6.91918
 30
0.0
 10
-1.78696
 20
6.9443
 30
0.0
 10
-1.79745
 20
6.94983
 30
0.0
 10
-1.79745
 20
6.94983
 30
0.0
 10
-1.81843
 20
6.9613
 30
0.0
 10
-1.83348
 20
6.978
 30
0.0
 10
-1.8595
 20
6.97415
 30
0.0
 10
-1.8595
 20
6.97415
 30
0.0
 10
-1.86279
 20
6.97366
 30
0.0
 10
-1.86503
 20
6.97323
 30
0.0
 10
-1.86839
 20
6.9732
 30
0.0
 10
-1.86839
 20
6.9732
 30
0.0
 10
-1.87069
 20
6.978
 30
0.0
 10
-1.86675
 20
6.9914
 30
0.0
 10
-1.86572
 20
6.99701
 30
0.0
 10
-1.86572
 20
6.99701
 30
0.0
 10
-1.8549
 20
7.05576
 30
0.0
 10
-1.84319
 20
7.11376
 30
0.0
 10
-1.83132
 20
7.17228
 30
0.0
 10
-1.83132
 20
7.17228
 30
0.0
 10
-1.82998
 20
7.17886
 30
0.0
 10
-1.82869
 20
7.19503
 30
0.0
 10
-1.82253
 20
7.19782
 30
0.0
 10
-1.82253
 20
7.19782
 30
0.0
 10
-1.81659
 20
7.20051
 30
0.0
 10
-1.79563
 20
7.19906
 30
0.0
 10
-1.78778
 20
7.19905
 30
0.0
 10
-1.78778
 20
7.19905
 30
0.0
 10
-1.73715
 20
7.19905
 30
0.0
 10
-1.68649
 20
7.19864
 30
0.0
 10
-1.63587
 20
7.19942
 30
0.0
 10
-1.63587
 20
7.19942
 30
0.0
 10
-1.61998
 20
7.19966
 30
0.0
 10
-1.62239
 20
7.19419
 30
0.0
 10
-1.62674
 20
7.18115
 30
0.0
 10
-1.62674
 20
7.18115
 30
0.0
 10
-1.63498
 20
7.15647
 30
0.0
 10
-1.6423
 20
7.12954
 30
0.0
 10
-1.64977
 20
7.10442
 30
0.0
 10
-1.64977
 20
7.10442
 30
0.0
 10
-1.65735
 20
7.07892
 30
0.0
 10
-1.66493
 20
7.05341
 30
0.0
 10
-1.67251
 20
7.02791
 30
0.0
 10
-1.67251
 20
7.02791
 30
0.0
 10
-1.68428
 20
6.98831
 30
0.0
 10
-1.69605
 20
6.94871
 30
0.0
 10
-1.70782
 20
6.90912
 30
0.0
 10
-1.70782
 20
6.90912
 30
0.0
 10
-1.71161
 20
6.89636
 30
0.0
 10
-1.7154
 20
6.88361
 30
0.0
 10
-1.71919
 20
6.87086
 30
0.0
 10
-1.71919
 20
6.87086
 30
0.0
 10
-1.74073
 20
6.79838
 30
0.0
 10
-1.76228
 20
6.72589
 30
0.0
 10
-1.78382
 20
6.65341
 30
0.0
  0
SPLINE
  5
72
330
1F
100
AcDbEntity
  8
layer 1
 62
   242
100
AcDbSpline
210
0.0
220
0.0
230
1.0
 70
    11
 71
     3
 72
    72
 73
    68
 74
     0
 42
0.000000001
 43
0.0000000001
 40
0.0
 40
0.0
 40
0.0
 40
0.0
 40
0.0555555555555556
 40
0.0555555555555556
 40
0.0555555555555556
 40
0.0555555555555556
 40
0.1111111111111111
 40
0.1111111111111111
 40
0.1111111111111111
 40
0.1111111111111111
 40
0.1666666666666667
 40
0.1666666666666667
 40
0.1666666666666667
 40
0.1666666666666667
 40
0.2222222222222222
 40
0.2222222222222222
 40
0.2222222222222222
 40
0.2222222222222222
 40
0.2777777777777778
 40
0.2777777777777778
 40
0.2777777777777778
 40
0.2777777777777778
 40
0.3333333333333333
 40
0.3333333333333333
 40
0.3333333333333333
 40
0.3333333333333333
 40
0.3888888888888889
 40
0.3888888888888889
 40
0.3888888888888889
 40
0.3888888888888889
 40
0.4444444444444444
 40
0.4444444444444444
 40
0.4444444444444444
 40
0.4444444444444444
 40
0.5
 40
0.5
 40
0.5
 40
0.5
 40
0.5555555555555556
 40
0.5555555555555556
 40
0.5555555555555556
 40
0.5555555555555556
 40
0.6111111111111112
 40
0.6111111111111112
 40
0.6111111111111112
 40
0.6111111111111112
 40
0.6666666666666666
 40
0.6666666666666666
 40
0.6666666666666666
 40
0.6666666666666666
 40
0.7222222222222222
 40
0.7222222222222222
 40
0.7222222222222222
 40
0.7222222222222222
 40
0.7777777777777778
 40
0.7777777777777778
 40
0.7777777777777778
 40
0.7777777777777778
 40
0.8333333333333334
 40
0.8333333333333334
 40
0.8333333333333334
 40
0.8333333333333334
 40
0.8888888888888888
 40
0.8888888888888888
 40
0.8888888888888888
 40
0.8888888888888888
 40
1.0
 40
1.0
 40
1.0
 40
1.0
 10
-2.09724
 20
7.02926
 30
0.0
 10
-2.10499
 20
7.05621
 30
0.0
 10
-2.11273
 20
7.08316
 30
0.0
 10
-2.12047
 20
7.11011
 30
0.0
 10
-2.12047
 20
7.11011
 30
0.0
 10
-2.12785
 20
7.13579
 30
0.0
 10
-2.1353
 20
7.16141
 30
0.0
 10
-2.14273
 20
7.18707
 30
0.0
 10
-2.14273
 20
7.18707
 30
0.0
 10
-2.14392
 20
7.19114
 30
0.0
 10
-2.14466
 20
7.1943
 30
0.0
 10
-2.14529
 20
7.1985
 30
0.0
 10
-2.14529
 20
7.1985
 30
0.0
 10
-2.13738
 20
7.19986
 30
0.0
 10
-2.11345
 20
7.19905
 30
0.0
 10
-2.10393
 20
7.19905
 30
0.0
 10
-2.10393
 20
7.19905
 30
0.0
 10
-2.05472
 20
7.19905
 30
0.0
 10
-2.00548
 20
7.19855
 30
0.0
 10
-1.95629
 20
7.19957
 30
0.0
 10
-1.95629
 20
7.19957
 30
0.0
 10
-1.95315
 20
7.19963
 30
0.0
 10
-1.94536
 20
7.1993
 30
0.0
 10
-1.94302
 20
7.19703
 30
0.0
 10
-1.94302
 20
7.19703
 30
0.0
 10
-1.93965
 20
7.19375
 30
0.0
 10
-1.93377
 20
7.15572
 30
0.0
 10
-1.93242
 20
7.14842
 30
0.0
 10
-1.93242
 20
7.14842
 30
0.0
 10
-1.91885
 20
7.07477
 30
0.0
 10
-1.90487
 20
6.99978
 30
0.0
 10
-1.89478
 20
6.92562
 30
0.0
 10
-1.89478
 20
6.92562
 30
0.0
 10
-1.89224
 20
6.90694
 30
0.0
 10
-1.89287
 20
6.91054
 30
0.0
 10
-1.91116
 20
6.91379
 30
0.0
 10
-1.91116
 20
6.91379
 30
0.0
 10
-1.92189
 20
6.9157
 30
0.0
 10
-1.93051
 20
6.91919
 30
0.0
 10
-1.94226
 20
6.92061
 30
0.0
 10
-1.94226
 20
6.92061
 30
0.0
 10
-1.95175
 20
6.92176
 30
0.0
 10
-1.96188
 20
6.92181
 30
0.0
 10
-1.97145
 20
6.92215
 30
0.0
 10
-1.97145
 20
6.92215
 30
0.0
 10
-1.99169
 20
6.92291
 30
0.0
 10
-1.98563
 20
6.90779
 30
0.0
 10
-1.99615
 20
6.90742
 30
0.0
 10
-1.99615
 20
6.90742
 30
0.0
 10
-1.99872
 20
6.90753
 30
0.0
 10
-1.99865
 20
6.90502
 30
0.0
 10
-2.00377
 20
6.90331
 30
0.0
 10
-2.00377
 20
6.90331
 30
0.0
 10
-2.02222
 20
6.89687
 30
0.0
 10
-2.03427
 20
6.88928
 30
0.0
 10
-2.04658
 20
6.87405
 30
0.0
 10
-2.04658
 20
6.87405
 30
0.0
 10
-2.05099
 20
6.86859
 30
0.0
 10
-2.05062
 20
6.86763
 30
0.0
 10
-2.05318
 20
6.87534
 30
0.0
 10
-2.05318
 20
6.87534
 30
0.0
 10
-2.05646
 20
6.88524
 30
0.0
 10
-2.05943
 20
6.89764
 30
0.0
 10
-2.06239
 20
6.90798
 30
0.0
 10
-2.06239
 20
6.90798
 30
0.0
 10
-2.07401
 20
6.9484
 30
0.0
 10
-2.08563
 20
6.98883
 30
0.0
 10
-2.09724
 20
7.02926
 30
0.0
  0
SPLINE
  5
73
330
1F
100
AcDbEntity
  8
layer 1
 62
   155
100
AcDbSpline
210
0.0
220
0.0
230
1.0
 70
    11
 71
     3
 72
   232
 73
   228
 74
     0
 42
0.000000001
 43
0.0000000001
 40
0.0
 40
0.0
 40
0.0
 40
0.0
 40
0.0172413793103448
 40
0.0172413793103448
 40
0.0172413793103448
 40
0.0172413793103448
 40
0.0344827586206897
 40
0.0344827586206897
 40
0.0344827586206897
 40
0.0344827586206897
 40
0.0517241379310345
 40
0.0517241379310345
 40
0.0517241379310345
 40
0.0517241379310345
 40
0.0689655172413793
 40
0.0689655172413793
 40
0.0689655172413793
 40
0.0689655172413793
 40
0.0862068965517241
 40
0.0862068965517241
 40
0.0862068965517241
 40
0.0862068965517241
 40
0.103448275862069
 40
0.103448275862069
 40
0.103448275862069
 40
0.103448275862069
 40
0.1206896551724138
 40
0.1206896551724138
 40
0.1206896551724138
 40
0.1206896551724138
 40
0.1379310344827586
 40
0.1379310344827586
 40
0.1379310344827586
 40
0.1379310344827586
 40
0.1551724137931035
 40
0.1551724137931035
 40
0.1551724137931035
 40
0.1551724137931035
 40
0.1724137931034483
 40
0.1724137931034483
 40
0.1724137931034483
 40
0.1724137931034483
 40
0.1896551724137931
 40
0.1896551724137931
 40
0.1896551724137931
 40
0.1896551724137931
 40
0.2068965517241379
 40
0.2068965517241379
 40
0.2068965517241379
 40
0.2068965517241379
 40
0.2241379310344828
 40
0.2241379310344828
 40
0.2241379310344828
 40
0.2241379310344828
 40
0.2413793103448276
 40
0.2413793103448276
 40
0.2413793103448276
 40
0.2413793103448276
 40
0.2586206896551724
 40
0.2586206896551724
 40
0.2586206896551724
 40
0.2586206896551724
 40
0.2758620689655172
 40
0.2758620689655172
 40
0.2758620689655172
 40
0.2758620689655172
 40
0.293103448275862
 40
0.293103448275862
 40
0.293103448275862
 40
0.293103448275862
 40
0.3103448275862069
 40
0.3103448275862069
 40
0.3103448275862069
 40
0.3103448275862069
 40
0.3275862068965517
 40
0.3275862068965517
 40
0.3275862068965517
 40
0.3275862068965517
 40
0.3448275862068966
 40
0.3448275862068966
 40
0.3448275862068966
 40
0.3448275862068966
 40
0.3620689655172414
 40
0.3620689655172414
 40
0.3620689655172414
 40
0.3620689655172414
 40
0.3793103448275862
 40
0.3793103448275862
 40
0.3793103448275862
 40
0.3793103448275862
 40
0.396551724137931
 40
0.396551724137931
 40
0.396551724137931
 40
0.396551724137931
 40
0.4137931034482759
 40
0.4137931034482759
 40
0.4137931034482759
 40
0.4137931034482759
 40
0.4310344827586207
 40
0.4310344827586207
 40
0.4310344827586207
 40
0.4310344827586207
 40
0.4482758620689655
 40
0.4482758620689655
 40
0.4482758620689655
 40
0.4482758620689655
 40
0.4655172413793103
 40
0.4655172413793103
 40
0.4655172413793103
 40
0.4655172413793103
 40
0.4827586206896552
 40
0.4827586206896552
 40
0.4827586206896552
 40
0.4827586206896552
 40
0.5
 40
0.5
 40
0.5
 40
0.5
 40
0.5172413793103449
 40
0.5172413793103449
 40
0.5172413793103449
 40
0.5172413793103449
 40
0.5344827586206896
 40
0.5344827586206896
 40
0.5344827586206896
 40
0.5344827586206896
 40
0.5517241379310345
 40
0.5517241379310345
 40
0.5517241379310345
 40
0.5517241379310345
 40
0.5689655172413793
 40
0.5689655172413793
 40
0.5689655172413793
 40
0.5689655172413793
 40
0.5862068965517241
 40
0.5862068965517241
 40
0.5862068965517241
 40
0.5862068965517241
 40
0.603448275862069
 40
0.603448275862069
 40
0.603448275862069
 40
0.603448275862069
 40
0.6206896551724138
 40
0.6206896551724138
 40
0.6206896551724138
 40
0.6206896551724138
 40
0.6379310344827587
 40
0.6379310344827587
 40
0.6379310344827587
 40
0.6379310344827587
 40
0.6551724137931034
 40
0.6551724137931034
 40
0.6551724137931034
 40
0.6551724137931034
 40
0.6724137931034483
 40
0.6724137931034483
 40
0.6724137931034483
 40
0.6724137931034483
 40
0.6896551724137931
 40
0.6896551724137931
 40
0.6896551724137931
 40
0.6896551724137931
 40
0.7068965517241379
 40
0.7068965517241379
 40
0.7068965517241379
 40
0.7068965517241379
 40
0.7241379310344828
 40
0.7241379310344828
 40
0.7241379310344828
 40
0.7241379310344828
 40
0.7413793103448276
 40
0.7413793103448276
 40
0.7413793103448276
 40
0.7413793103448276
 40
0.7586206896551724
 40
0.7586206896551724
 40
0.7586206896551724
 40
0.7586206896551724
 40
0.7758620689655172
 40
0.7758620689655172
 40
0.7758620689655172
 40
0.7758620689655172
 40
0.7931034482758621
 40
0.7931034482758621
 40
0.7931034482758621
 40
0.7931034482758621
 40
0.8103448275862069
 40
0.8103448275862069
 40
0.8103448275862069
 40
0.8103448275862069
 40
0.8275862068965517
 40
0.8275862068965517
 40
0.8275862068965517
 40
0.8275862068965517
 40
0.8448275862068966
 40
0.8448275862068966
 40
0.8448275862068966
 40
0.8448275862068966
 40
0.8620689655172413
 40
0.8620689655172413
 40
0.8620689655172413
 40
0.8620689655172413
 40
0.8793103448275862
 40
0.8793103448275862
 40
0.8793103448275862
 40
0.8793103448275862
 40
0.896551724137931
 40
0.896551724137931
 40
0.896551724137931
 40
0.896551724137931
 40
0.9137931034482759
 40
0.9137931034482759
 40
0.9137931034482759
 40
0.9137931034482759
 40
0.9310344827586207
 40
0.9310344827586207
 40
0.9310344827586207
 40
0.9310344827586207
 40
0.9482758620689655
 40
0.9482758620689655
 40
0.9482758620689655
 40
0.9482758620689655
 40
0.9655172413793104
 40
0.9655172413793104
 40
0.9655172413793104
 40
0.9655172413793104
 40
1.0
 40
1.0
 40
1.0
 40
1.0
 10
-4.48036
 20
6.70946
 30
0.0
 10
-4.49093
 20
6.709
 30
0.0
 10
-4.49943
 20
6.72884
 30
0.0
 10
-4.51979
 20
6.7457
 30
0.0
 10
-4.51979
 20
6.7457
 30
0.0
 10
-4.53247
 20
6.75619
 30
0.0
 10
-4.51002
 20
6.75752
 30
0.0
 10
-4.5162
 20
6.76681
 30
0.0
 10
-4.5162
 20
6.76681
 30
0.0
 10
-4.52072
 20
6.7736
 30
0.0
 10
-4.52992
 20
6.77965
 30
0.0
 10
-4.5201
 20
6.78765
 30
0.0
 10
-4.5201
 20
6.78765
 30
0.0
 10
-4.50976
 20
6.79608
 30
0.0
 10
-4.51319
 20
6.81562
 30
0.0
 10
-4.51991
 20
6.82278
 30
0.0
 10
-4.51991
 20
6.82278
 30
0.0
 10
-4.53437
 20
6.83778
 30
0.0
 10
-4.55295
 20
6.84799
 30
0.0
 10
-4.57438
 20
6.8464
 30
0.0
 10
-4.57438
 20
6.8464
 30
0.0
 10
-4.5883
 20
6.84537
 30
0.0
 10
-4.59233
 20
6.8338
 30
0.0
 10
-4.60111
 20
6.83613
 30
0.0
 10
-4.60111
 20
6.83613
 30
0.0
 10
-4.61313
 20
6.83932
 30
0.0
 10
-4.64121
 20
6.8326
 30
0.0
 10
-4.65097
 20
6.82571
 30
0.0
 10
-4.65097
 20
6.82571
 30
0.0
 10
-4.65097
 20
6.82571
 30
0.0
 10
-4.65467
 20
6.82265
 30
0.0
 10
-4.65467
 20
6.82265
 30
0.0
 10
-4.65467
 20
6.82265
 30
0.0
 10
-4.66201
 20
6.81537
 30
0.0
 10
-4.66591
 20
6.82222
 30
0.0
 10
-4.67271
 20
6.81006
 30
0.0
 10
-4.67271
 20
6.81006
 30
0.0
 10
-4.69409
 20
6.77179
 30
0.0
 10
-4.66929
 20
6.77368
 30
0.0
 10
-4.67933
 20
6.76405
 30
0.0
 10
-4.67933
 20
6.76405
 30
0.0
 10
-4.68969
 20
6.75411
 30
0.0
 10
-4.69969
 20
6.7438
 30
0.0
 10
-4.7099
 20
6.73371
 30
0.0
 10
-4.7099
 20
6.73371
 30
0.0
 10
-4.71409
 20
6.72956
 30
0.0
 10
-4.71706
 20
6.72542
 30
0.0
 10
-4.71792
 20
6.71892
 30
0.0
 10
-4.71792
 20
6.71892
 30
0.0
 10
-4.72075
 20
6.7046
 30
0.0
 10
-4.72748
 20
6.69927
 30
0.0
 10
-4.74206
 20
6.70139
 30
0.0
 10
-4.74206
 20
6.70139
 30
0.0
 10
-4.74779
 20
6.70222
 30
0.0
 10
-4.7529
 20
6.70355
 30
0.0
 10
-4.75859
 20
6.6997
 30
0.0
 10
-4.75859
 20
6.6997
 30
0.0
 10
-4.7695
 20
6.69233
 30
0.0
 10
-4.75912
 20
6.66595
 30
0.0
 10
-4.76513
 20
6.65836
 30
0.0
 10
-4.76513
 20
6.65836
 30
0.0
 10
-4.76713
 20
6.65584
 30
0.0
 10
-4.7712
 20
6.65892
 30
0.0
 10
-4.76887
 20
6.66543
 30
0.0
 10
-4.76887
 20
6.66543
 30
0.0
 10
-4.76359
 20
6.68018
 30
0.0
 10
-4.78728
 20
6.68456
 30
0.0
 10
-4.78162
 20
6.70437
 30
0.0
 10
-4.78162
 20
6.70437
 30
0.0
 10
-4.77928
 20
6.71255
 30
0.0
 10
-4.78092
 20
6.72246
 30
0.0
 10
-4.78659
 20
6.72884
 30
0.0
 10
-4.78659
 20
6.72884
 30
0.0
 10
-4.78922
 20
6.7312
 30
0.0
 10
-4.79257
 20
6.73341
 30
0.0
 10
-4.79141
 20
6.73827
 30
0.0
 10
-4.79141
 20
6.73827
 30
0.0
 10
-4.78947
 20
6.74643
 30
0.0
 10
-4.81438
 20
6.72662
 30
0.0
 10
-4.81558
 20
6.72492
 30
0.0
 10
-4.81558
 20
6.72492
 30
0.0
 10
-4.8228
 20
6.71466
 30
0.0
 10
-4.81456
 20
6.71595
 30
0.0
 10
-4.83223
 20
6.68995
 30
0.0
 10
-4.83223
 20
6.68995
 30
0.0
 10
-4.84404
 20
6.6725
 30
0.0
 10
-4.86052
 20
6.64614
 30
0.0
 10
-4.83553
 20
6.6311
 30
0.0
 10
-4.83553
 20
6.6311
 30
0.0
 10
-4.81904
 20
6.62118
 30
0.0
 10
-4.81546
 20
6.64316
 30
0.0
 10
-4.80535
 20
6.59417
 30
0.0
 10
-4.80535
 20
6.59417
 30
0.0
 10
-4.79736
 20
6.55559
 30
0.0
 10
-4.78539
 20
6.50938
 30
0.0
 10
-4.73661
 20
6.51037
 30
0.0
 10
-4.73661
 20
6.51037
 30
0.0
 10
-4.71641
 20
6.51078
 30
0.0
 10
-4.70803
 20
6.51957
 30
0.0
 10
-4.69213
 20
6.52893
 30
0.0
 10
-4.69213
 20
6.52893
 30
0.0
 10
-4.69046
 20
6.51877
 30
0.0
 10
-4.69129
 20
6.49732
 30
0.0
 10
-4.69135
 20
6.48609
 30
0.0
 10
-4.69135
 20
6.48609
 30
0.0
 10
-4.69142
 20
6.47356
 30
0.0
 10
-4.69154
 20
6.46102
 30
0.0
 10
-4.69155
 20
6.44848
 30
0.0
 10
-4.69155
 20
6.44848
 30
0.0
 10
-4.69155
 20
6.41769
 30
0.0
 10
-4.69155
 20
6.38697
 30
0.0
 10
-4.69134
 20
6.35617
 30
0.0
 10
-4.69134
 20
6.35617
 30
0.0
 10
-4.69133
 20
6.35423
 30
0.0
 10
-4.69151
 20
6.34643
 30
0.0
 10
-4.69283
 20
6.3451
 30
0.0
 10
-4.69283
 20
6.3451
 30
0.0
 10
-4.69526
 20
6.34269
 30
0.0
 10
-4.73384
 20
6.34382
 30
0.0
 10
-4.73987
 20
6.34382
 30
0.0
 10
-4.73987
 20
6.34382
 30
0.0
 10
-4.79522
 20
6.34381
 30
0.0
 10
-4.85056
 20
6.34343
 30
0.0
 10
-4.9059
 20
6.34379
 30
0.0
 10
-4.9059
 20
6.34379
 30
0.0
 10
-4.91535
 20
6.34385
 30
0.0
 10
-4.91409
 20
6.34273
 30
0.0
 10
-4.91437
 20
6.35213
 30
0.0
 10
-4.91437
 20
6.35213
 30
0.0
 10
-4.91478
 20
6.36554
 30
0.0
 10
-4.91427
 20
6.38064
 30
0.0
 10
-4.91427
 20
6.39428
 30
0.0
 10
-4.91427
 20
6.39428
 30
0.0
 10
-4.91427
 20
6.47276
 30
0.0
 10
-4.91426
 20
6.55125
 30
0.0
 10
-4.91425
 20
6.62974
 30
0.0
 10
-4.91425
 20
6.62974
 30
0.0
 10
-4.91423
 20
6.81699
 30
0.0
 10
-4.91415
 20
7.00424
 30
0.0
 10
-4.91427
 20
7.19149
 30
0.0
 10
-4.91427
 20
7.19149
 30
0.0
 10
-4.91427
 20
7.1929
 30
0.0
 10
-4.91456
 20
7.19697
 30
0.0
 10
-4.9141
 20
7.19799
 30
0.0
 10
-4.9141
 20
7.19799
 30
0.0
 10
-4.91332
 20
7.19972
 30
0.0
 10
-4.90994
 20
7.19914
 30
0.0
 10
-4.90831
 20
7.19909
 30
0.0
 10
-4.90831
 20
7.19909
 30
0.0
 10
-4.90286
 20
7.19893
 30
0.0
 10
-4.89707
 20
7.19905
 30
0.0
 10
-4.89158
 20
7.19905
 30
0.0
 10
-4.89158
 20
7.19905
 30
0.0
 10
-4.82743
 20
7.19905
 30
0.0
 10
-4.76327
 20
7.19893
 30
0.0
 10
-4.69911
 20
7.19905
 30
0.0
 10
-4.69911
 20
7.19905
 30
0.0
 10
-4.69776
 20
7.19906
 30
0.0
 10
-4.69271
 20
7.19942
 30
0.0
 10
-4.69194
 20
7.19869
 30
0.0
 10
-4.69194
 20
7.19869
 30
0.0
 10
-4.69116
 20
7.19794
 30
0.0
 10
-4.69155
 20
7.19173
 30
0.0
 10
-4.69155
 20
7.19022
 30
0.0
 10
-4.69155
 20
7.19022
 30
0.0
 10
-4.69158
 20
7.09328
 30
0.0
 10
-4.69139
 20
6.99632
 30
0.0
 10
-4.69154
 20
6.89938
 30
0.0
 10
-4.69154
 20
6.89938
 30
0.0
 10
-4.69155
 20
6.89846
 30
0.0
 10
-4.69175
 20
6.89382
 30
0.0
 10
-4.69129
 20
6.89335
 30
0.0
 10
-4.69129
 20
6.89335
 30
0.0
 10
-4.69073
 20
6.89277
 30
0.0
 10
-4.68392
 20
6.89307
 30
0.0
 10
-4.6827
 20
6.89307
 30
0.0
 10
-4.6827
 20
6.89307
 30
0.0
 10
-4.67358
 20
6.89307
 30
0.0
 10
-4.63514
 20
6.89225
 30
0.0
 10
-4.62934
 20
6.89368
 30
0.0
 10
-4.62934
 20
6.89368
 30
0.0
 10
-4.62689
 20
6.89428
 30
0.0
 10
-4.62753
 20
6.89393
 30
0.0
 10
-4.62691
 20
6.89751
 30
0.0
 10
-4.62691
 20
6.89751
 30
0.0
 10
-4.62577
 20
6.90404
 30
0.0
 10
-4.62667
 20
6.92482
 30
0.0
 10
-4.62667
 20
6.93295
 30
0.0
 10
-4.62667
 20
6.93295
 30
0.0
 10
-4.62665
 20
7.01899
 30
0.0
 10
-4.62658
 20
7.10503
 30
0.0
 10
-4.62667
 20
7.19107
 30
0.0
 10
-4.62667
 20
7.19107
 30
0.0
 10
-4.62667
 20
7.19338
 30
0.0
 10
-4.6269
 20
7.19672
 30
0.0
 10
-4.62651
 20
7.19888
 30
0.0
 10
-4.62651
 20
7.19888
 30
0.0
 10
-4.62471
 20
7.19929
 30
0.0
 10
-4.62033
 20
7.19906
 30
0.0
 10
-4.61827
 20
7.19905
 30
0.0
 10
-4.61827
 20
7.19905
 30
0.0
 10
-4.55048
 20
7.19905
 30
0.0
 10
-4.48232
 20
7.19845
 30
0.0
 10
-4.41458
 20
7.19906
 30
0.0
 10
-4.41458
 20
7.19906
 30
0.0
 10
-4.4008
 20
7.19918
 30
0.0
 10
-4.40386
 20
7.20085
 30
0.0
 10
-4.40393
 20
7.18225
 30
0.0
 10
-4.40393
 20
7.18225
 30
0.0
 10
-4.40448
 20
7.04727
 30
0.0
 10
-4.40394
 20
6.91204
 30
0.0
 10
-4.40394
 20
6.77704
 30
0.0
 10
-4.40394
 20
6.77704
 30
0.0
 10
-4.40394
 20
6.76831
 30
0.0
 10
-4.40325
 20
6.72585
 30
0.0
 10
-4.40448
 20
6.72083
 30
0.0
 10
-4.40448
 20
6.72083
 30
0.0
 10
-4.40508
 20
6.71835
 30
0.0
 10
-4.40498
 20
6.71892
 30
0.0
 10
-4.40813
 20
6.7178
 30
0.0
 10
-4.40813
 20
6.7178
 30
0.0
 10
-4.41887
 20
6.71396
 30
0.0
 10
-4.44244
 20
6.71541
 30
0.0
 10
-4.45654
 20
6.71264
 30
0.0
 10
-4.45654
 20
6.71264
 30
0.0
 10
-4.46573
 20
6.71084
 30
0.0
 10
-4.4707
 20
6.70997
 30
0.0
 10
-4.48036
 20
6.70946
 30
0.0
  0
SPLINE
  5
74
330
1F
100
AcDbEntity
  8
layer 1
 62
   155
100
AcDbSpline
210
0.0
220
0.0
230
1.0
 70
    11
 71
     3
 72
    84
 73
    80
 74
     0
 42
0.000000001
 43
0.0000000001
 40
0.0
 40
0.0
 40
0.0
 40
0.0
 40
0.0476190476190476
 40
0.0476190476190476
 40
0.0476190476190476
 40
0.0476190476190476
 40
0.0952380952380952
 40
0.0952380952380952
 40
0.0952380952380952
 40
0.0952380952380952
 40
0.1428571428571428
 40
0.1428571428571428
 40
0.1428571428571428
 40
0.1428571428571428
 40
0.1904761904761905
 40
0.1904761904761905
 40
0.1904761904761905
 40
0.1904761904761905
 40
0.2380952380952381
 40
0.2380952380952381
 40
0.2380952380952381
 40
0.2380952380952381
 40
0.2857142857142857
 40
0.2857142857142857
 40
0.2857142857142857
 40
0.2857142857142857
 40
0.3333333333333333
 40
0.3333333333333333
 40
0.3333333333333333
 40
0.3333333333333333
 40
0.3809523809523809
 40
0.3809523809523809
 40
0.3809523809523809
 40
0.3809523809523809
 40
0.4285714285714285
 40
0.4285714285714285
 40
0.4285714285714285
 40
0.4285714285714285
 40
0.4761904761904762
 40
0.4761904761904762
 40
0.4761904761904762
 40
0.4761904761904762
 40
0.5238095238095238
 40
0.5238095238095238
 40
0.5238095238095238
 40
0.5238095238095238
 40
0.5714285714285714
 40
0.5714285714285714
 40
0.5714285714285714
 40
0.5714285714285714
 40
0.6190476190476191
 40
0.6190476190476191
 40
0.6190476190476191
 40
0.6190476190476191
 40
0.6666666666666666
 40
0.6666666666666666
 40
0.6666666666666666
 40
0.6666666666666666
 40
0.7142857142857143
 40
0.7142857142857143
 40
0.7142857142857143
 40
0.7142857142857143
 40
0.7619047619047619
 40
0.7619047619047619
 40
0.7619047619047619
 40
0.7619047619047619
 40
0.8095238095238095
 40
0.8095238095238095
 40
0.8095238095238095
 40
0.8095238095238095
 40
0.8571428571428571
 40
0.8571428571428571
 40
0.8571428571428571
 40
0.8571428571428571
 40
0.9047619047619048
 40
0.9047619047619048
 40
0.9047619047619048
 40
0.9047619047619048
 40
1.0
 40
1.0
 40
1.0
 40
1.0
 10
-4.47609
 20
6.41319
 30
0.0
 10
-4.48082
 20
6.41618
 30
0.0
 10
-4.47828
 20
6.42338
 30
0.0
 10
-4.47998
 20
6.43078
 30
0.0
 10
-4.47998
 20
6.43078
 30
0.0
 10
-4.48162
 20
6.43792
 30
0.0
 10
-4.48177
 20
6.43789
 30
0.0
 10
-4.47576
 20
6.44194
 30
0.0
 10
-4.47576
 20
6.44194
 30
0.0
 10
-4.46171
 20
6.45281
 30
0.0
 10
-4.48159
 20
6.45108
 30
0.0
 10
-4.48501
 20
6.45884
 30
0.0
 10
-4.48501
 20
6.45884
 30
0.0
 10
-4.48575
 20
6.46774
 30
0.0
 10
-4.48983
 20
6.47595
 30
0.0
 10
-4.48946
 20
6.48523
 30
0.0
 10
-4.48946
 20
6.48523
 30
0.0
 10
-4.48893
 20
6.49828
 30
0.0
 10
-4.49115
 20
6.51132
 30
0.0
 10
-4.4922
 20
6.52432
 30
0.0
 10
-4.4922
 20
6.52432
 30
0.0
 10
-4.49697
 20
6.55602
 30
0.0
 10
-4.503
 20
6.54402
 30
0.0
 10
-4.50933
 20
6.56065
 30
0.0
 10
-4.50933
 20
6.56065
 30
0.0
 10
-4.51254
 20
6.5691
 30
0.0
 10
-4.51543
 20
6.5675
 30
0.0
 10
-4.51475
 20
6.57697
 30
0.0
 10
-4.51475
 20
6.57697
 30
0.0
 10
-4.52455
 20
6.58267
 30
0.0
 10
-4.51799
 20
6.58814
 30
0.0
 10
-4.52379
 20
6.59993
 30
0.0
 10
-4.52379
 20
6.59993
 30
0.0
 10
-4.5256
 20
6.60361
 30
0.0
 10
-4.53547
 20
6.61668
 30
0.0
 10
-4.5337
 20
6.61969
 30
0.0
 10
-4.5337
 20
6.61969
 30
0.0
 10
-4.53125
 20
6.62389
 30
0.0
 10
-4.48205
 20
6.6217
 30
0.0
 10
-4.47469
 20
6.62173
 30
0.0
 10
-4.47469
 20
6.62173
 30
0.0
 10
-4.47119
 20
6.62175
 30
0.0
 10
-4.46773
 20
6.62172
 30
0.0
 10
-4.46423
 20
6.62164
 30
0.0
 10
-4.46423
 20
6.62164
 30
0.0
 10
-4.44084
 20
6.6218
 30
0.0
 10
-4.42704
 20
6.6329
 30
0.0
 10
-4.40789
 20
6.64357
 30
0.0
 10
-4.40789
 20
6.64357
 30
0.0
 10
-4.40362
 20
6.64595
 30
0.0
 10
-4.40434
 20
6.64658
 30
0.0
 10
-4.40394
 20
6.63987
 30
0.0
 10
-4.40394
 20
6.63987
 30
0.0
 10
-4.40315
 20
6.62659
 30
0.0
 10
-4.40391
 20
6.61154
 30
0.0
 10
-4.40394
 20
6.59807
 30
0.0
 10
-4.40394
 20
6.59807
 30
0.0
 10
-4.40396
 20
6.5185
 30
0.0
 10
-4.40528
 20
6.43811
 30
0.0
 10
-4.40371
 20
6.35864
 30
0.0
 10
-4.40371
 20
6.35864
 30
0.0
 10
-4.40357
 20
6.35144
 30
0.0
 10
-4.40342
 20
6.34113
 30
0.0
 10
-4.41407
 20
6.34517
 30
0.0
 10
-4.41407
 20
6.34517
 30
0.0
 10
-4.42759
 20
6.3503
 30
0.0
 10
-4.4183
 20
6.36308
 30
0.0
 10
-4.42838
 20
6.37531
 30
0.0
 10
-4.42838
 20
6.37531
 30
0.0
 10
-4.43345
 20
6.38144
 30
0.0
 10
-4.44106
 20
6.38683
 30
0.0
 10
-4.44753
 20
6.39148
 30
0.0
 10
-4.44753
 20
6.39148
 30
0.0
 10
-4.45571
 20
6.39743
 30
0.0
 10
-4.46045
 20
6.40025
 30
0.0
 10
-4.46804
 20
6.40691
 30
0.0
 10
-4.46804
 20
6.40691
 30
0.0
 10
-4.47084
 20
6.40937
 30
0.0
 10
-4.47298
 20
6.41109
 30
0.0
 10
-4.47609
 20
6.41319
 30
0.0
  0
SPLINE
  5
75
330
1F
100
AcDbEntity
  8
layer 1
 62
   155
100
AcDbSpline
210
0.0
220
0.0
230
1.0
 70
    11
 71
     3
 72
    56
 73
    52
 74
     0
 42
0.000000001
 43
0.0000000001
 40
0.0
 40
0.0
 40
0.0
 40
0.0
 40
0.0714285714285714
 40
0.0714285714285714
 40
0.0714285714285714
 40
0.0714285714285714
 40
0.1428571428571428
 40
0.1428571428571428
 40
0.1428571428571428
 40
0.1428571428571428
 40
0.2142857142857143
 40
0.2142857142857143
 40
0.2142857142857143
 40
0.2142857142857143
 40
0.2857142857142857
 40
0.2857142857142857
 40
0.2857142857142857
 40
0.2857142857142857
 40
0.3571428571428572
 40
0.3571428571428572
 40
0.3571428571428572
 40
0.3571428571428572
 40
0.4285714285714285
 40
0.4285714285714285
 40
0.4285714285714285
 40
0.4285714285714285
 40
0.5
 40
0.5
 40
0.5
 40
0.5
 40
0.5714285714285714
 40
0.5714285714285714
 40
0.5714285714285714
 40
0.5714285714285714
 40
0.6428571428571429
 40
0.6428571428571429
 40
0.6428571428571429
 40
0.6428571428571429
 40
0.7142857142857143
 40
0.7142857142857143
 40
0.7142857142857143
 40
0.7142857142857143
 40
0.7857142857142857
 40
0.7857142857142857
 40
0.7857142857142857
 40
0.7857142857142857
 40
0.8571428571428571
 40
0.8571428571428571
 40
0.8571428571428571
 40
0.8571428571428571
 40
1.0
 40
1.0
 40
1.0
 40
1.0
 10
-4.62699
 20
6.55585
 30
0.0
 10
-4.62707
 20
6.57201
 30
0.0
 10
-4.62431
 20
6.56971
 30
0.0
 10
-4.61459
 20
6.55837
 30
0.0
 10
-4.61459
 20
6.55837
 30
0.0
 10
-4.60434
 20
6.54643
 30
0.0
 10
-4.60093
 20
6.5404
 30
0.0
 10
-4.58709
 20
6.53164
 30
0.0
 10
-4.58709
 20
6.53164
 30
0.0
 10
-4.57277
 20
6.52258
 30
0.0
 10
-4.56893
 20
6.51357
 30
0.0
 10
-4.56414
 20
6.49796
 30
0.0
 10
-4.56414
 20
6.49796
 30
0.0
 10
-4.56248
 20
6.49255
 30
0.0
 10
-4.55934
 20
6.48988
 30
0.0
 10
-4.55684
 20
6.48414
 30
0.0
 10
-4.55684
 20
6.48414
 30
0.0
 10
-4.55461
 20
6.47902
 30
0.0
 10
-4.55289
 20
6.47369
 30
0.0
 10
-4.55112
 20
6.46839
 30
0.0
 10
-4.55112
 20
6.46839
 30
0.0
 10
-4.54821
 20
6.45933
 30
0.0
 10
-4.54254
 20
6.45458
 30
0.0
 10
-4.54648
 20
6.43858
 30
0.0
 10
-4.54648
 20
6.43858
 30
0.0
 10
-4.54936
 20
6.42505
 30
0.0
 10
-4.54147
 20
6.42544
 30
0.0
 10
-4.53386
 20
6.4145
 30
0.0
 10
-4.53386
 20
6.4145
 30
0.0
 10
-4.52516
 20
6.4009
 30
0.0
 10
-4.5259
 20
6.39646
 30
0.0
 10
-4.52113
 20
6.38236
 30
0.0
 10
-4.52113
 20
6.38236
 30
0.0
 10
-4.51847
 20
6.37448
 30
0.0
 10
-4.51202
 20
6.36934
 30
0.0
 10
-4.50615
 20
6.36376
 30
0.0
 10
-4.50615
 20
6.36376
 30
0.0
 10
-4.48967
 20
6.34812
 30
0.0
 10
-4.4793
 20
6.3534
 30
0.0
 10
-4.46176
 20
6.3471
 30
0.0
 10
-4.46176
 20
6.3471
 30
0.0
 10
-4.44679
 20
6.34172
 30
0.0
 10
-4.48776
 20
6.34354
 30
0.0
 10
-4.48954
 20
6.34355
 30
0.0
 10
-4.48954
 20
6.34355
 30
0.0
 10
-4.53526
 20
6.34366
 30
0.0
 10
-4.58095
 20
6.34383
 30
0.0
 10
-4.62667
 20
6.34382
 30
0.0
 10
-4.62667
 20
6.34382
 30
0.0
 10
-4.62667
 20
6.4145
 30
0.0
 10
-4.62669
 20
6.48518
 30
0.0
 10
-4.62699
 20
6.55585
 30
0.0
  0
SPLINE
  5
76
330
1F
100
AcDbEntity
  8
layer 1
 62
    30
100
AcDbSpline
210
0.0
220
0.0
230
1.0
 70
    11
 71
     3
 72
   172
 73
   168
 74
     0
 42
0.000000001
 43
0.0000000001
 40
0.0
 40
0.0
 40
0.0
 40
0.0
 40
0.0232558139534884
 40
0.0232558139534884
 40
0.0232558139534884
 40
0.0232558139534884
 40
0.0465116279069767
 40
0.0465116279069767
 40
0.0465116279069767
 40
0.0465116279069767
 40
0.0697674418604651
 40
0.0697674418604651
 40
0.0697674418604651
 40
0.0697674418604651
 40
0.0930232558139535
 40
0.0930232558139535
 40
0.0930232558139535
 40
0.0930232558139535
 40
0.1162790697674419
 40
0.1162790697674419
 40
0.1162790697674419
 40
0.1162790697674419
 40
0.1395348837209302
 40
0.1395348837209302
 40
0.1395348837209302
 40
0.1395348837209302
 40
0.1627906976744186
 40
0.1627906976744186
 40
0.1627906976744186
 40
0.1627906976744186
 40
0.186046511627907
 40
0.186046511627907
 40
0.186046511627907
 40
0.186046511627907
 40
0.2093023255813954
 40
0.2093023255813954
 40
0.2093023255813954
 40
0.2093023255813954
 40
0.2325581395348837
 40
0.2325581395348837
 40
0.2325581395348837
 40
0.2325581395348837
 40
0.2558139534883721
 40
0.2558139534883721
 40
0.2558139534883721
 40
0.2558139534883721
 40
0.2790697674418605
 40
0.2790697674418605
 40
0.2790697674418605
 40
0.2790697674418605
 40
0.3023255813953488
 40
0.3023255813953488
 40
0.3023255813953488
 40
0.3023255813953488
 40
0.3255813953488372
 40
0.3255813953488372
 40
0.3255813953488372
 40
0.3255813953488372
 40
0.3488372093023256
 40
0.3488372093023256
 40
0.3488372093023256
 40
0.3488372093023256
 40
0.3720930232558139
 40
0.3720930232558139
 40
0.3720930232558139
 40
0.3720930232558139
 40
0.3953488372093023
 40
0.3953488372093023
 40
0.3953488372093023
 40
0.3953488372093023
 40
0.4186046511627907
 40
0.4186046511627907
 40
0.4186046511627907
 40
0.4186046511627907
 40
0.4418604651162791
 40
0.4418604651162791
 40
0.4418604651162791
 40
0.4418604651162791
 40
0.4651162790697674
 40
0.4651162790697674
 40
0.4651162790697674
 40
0.4651162790697674
 40
0.4883720930232558
 40
0.4883720930232558
 40
0.4883720930232558
 40
0.4883720930232558
 40
0.5116279069767442
 40
0.5116279069767442
 40
0.5116279069767442
 40
0.5116279069767442
 40
0.5348837209302325
 40
0.5348837209302325
 40
0.5348837209302325
 40
0.5348837209302325
 40
0.5581395348837209
 40
0.5581395348837209
 40
0.5581395348837209
 40
0.5581395348837209
 40
0.5813953488372093
 40
0.5813953488372093
 40
0.5813953488372093
 40
0.5813953488372093
 40
0.6046511627906976
 40
0.6046511627906976
 40
0.6046511627906976
 40
0.6046511627906976
 40
0.627906976744186
 40
0.627906976744186
 40
0.627906976744186
 40
0.627906976744186
 40
0.6511627906976745
 40
0.6511627906976745
 40
0.6511627906976745
 40
0.6511627906976745
 40
0.6744186046511628
 40
0.6744186046511628
 40
0.6744186046511628
 40
0.6744186046511628
 40
0.6976744186046512
 40
0.6976744186046512
 40
0.6976744186046512
 40
0.6976744186046512
 40
0.7209302325581395
 40
0.7209302325581395
 40
0.7209302325581395
 40
0.7209302325581395
 40
0.7441860465116279
 40
0.7441860465116279
 40
0.7441860465116279
 40
0.7441860465116279
 40
0.7674418604651163
 40
0.7674418604651163
 40
0.7674418604651163
 40
0.7674418604651163
 40
0.7906976744186046
 40
0.7906976744186046
 40
0.7906976744186046
 40
0.7906976744186046
 40
0.813953488372093
 40
0.813953488372093
 40
0.813953488372093
 40
0.813953488372093
 40
0.8372093023255814
 40
0.8372093023255814
 40
0.8372093023255814
 40
0.8372093023255814
 40
0.8604651162790697
 40
0.8604651162790697
 40
0.8604651162790697
 40
0.8604651162790697
 40
0.8837209302325582
 40
0.8837209302325582
 40
0.8837209302325582
 40
0.8837209302325582
 40
0.9069767441860465
 40
0.9069767441860465
 40
0.9069767441860465
 40
0.9069767441860465
 40
0.9302325581395349
 40
0.9302325581395349
 40
0.9302325581395349
 40
0.9302325581395349
 40
0.9534883720930233
 40
0.9534883720930233
 40
0.9534883720930233
 40
0.9534883720930233
 40
1.0
 40
1.0
 40
1.0
 40
1.0
 10
-3.80694
 20
6.69774
 30
0.0
 10
-3.80694
 20
6.61178
 30
0.0
 10
-3.80892
 20
6.55105
 30
0.0
 10
-3.81306
 20
6.51537
 30
0.0
 10
-3.81306
 20
6.51537
 30
0.0
 10
-3.82153
 20
6.4407
 30
0.0
 10
-3.86679
 20
6.38006
 30
0.0
 10
-3.93722
 20
6.34923
 30
0.0
 10
-3.93722
 20
6.34923
 30
0.0
 10
-4.00956
 20
6.31756
 30
0.0
 10
-4.11278
 20
6.31755
 30
0.0
 10
-4.1868
 20
6.34797
 30
0.0
 10
-4.1868
 20
6.34797
 30
0.0
 10
-4.25732
 20
6.37694
 30
0.0
 10
-4.3054
 20
6.43962
 30
0.0
 10
-4.3142
 20
6.51285
 30
0.0
 10
-4.3142
 20
6.51285
 30
0.0
 10
-4.31957
 20
6.55937
 30
0.0
 10
-4.31997
 20
6.61242
 30
0.0
 10
-4.32036
 20
6.65929
 30
0.0
 10
-4.32036
 20
6.65929
 30
0.0
 10
-4.3204
 20
6.66408
 30
0.0
 10
-4.32043
 20
6.66887
 30
0.0
 10
-4.32045
 20
6.67367
 30
0.0
 10
-4.32045
 20
6.67367
 30
0.0
 10
-4.30264
 20
6.67813
 30
0.0
 10
-4.28451
 20
6.69465
 30
0.0
 10
-4.27882
 20
6.71231
 30
0.0
 10
-4.27882
 20
6.71231
 30
0.0
 10
-4.27677
 20
6.71866
 30
0.0
 10
-4.2775
 20
6.72086
 30
0.0
 10
-4.26842
 20
6.72116
 30
0.0
 10
-4.26842
 20
6.72116
 30
0.0
 10
-4.2608
 20
6.72141
 30
0.0
 10
-4.25659
 20
6.72132
 30
0.0
 10
-4.24871
 20
6.7223
 30
0.0
 10
-4.24871
 20
6.7223
 30
0.0
 10
-4.24114
 20
6.72325
 30
0.0
 10
-4.23526
 20
6.72403
 30
0.0
 10
-4.22755
 20
6.72374
 30
0.0
 10
-4.22755
 20
6.72374
 30
0.0
 10
-4.2166
 20
6.72904
 30
0.0
 10
-4.13125
 20
6.737
 30
0.0
 10
-4.11505
 20
6.7388
 30
0.0
 10
-4.11505
 20
6.7388
 30
0.0
 10
-4.11274
 20
6.73905
 30
0.0
 10
-4.10128
 20
6.74011
 30
0.0
 10
-4.09961
 20
6.73889
 30
0.0
 10
-4.09961
 20
6.73889
 30
0.0
 10
-4.09621
 20
6.73643
 30
0.0
 10
-4.09778
 20
6.7081
 30
0.0
 10
-4.09778
 20
6.70278
 30
0.0
 10
-4.09778
 20
6.70278
 30
0.0
 10
-4.09784
 20
6.6617
 30
0.0
 10
-4.09778
 20
6.62061
 30
0.0
 10
-4.09778
 20
6.57952
 30
0.0
 10
-4.09778
 20
6.57952
 30
0.0
 10
-4.09778
 20
6.52997
 30
0.0
 10
-4.0958
 20
6.49933
 30
0.0
 10
-4.09184
 20
6.4878
 30
0.0
 10
-4.09184
 20
6.4878
 30
0.0
 10
-4.08787
 20
6.47609
 30
0.0
 10
-4.07868
 20
6.47032
 30
0.0
 10
-4.06426
 20
6.47032
 30
0.0
 10
-4.06426
 20
6.47032
 30
0.0
 10
-4.04949
 20
6.47032
 30
0.0
 10
-4.03994
 20
6.47699
 30
0.0
 10
-4.03579
 20
6.49032
 30
0.0
 10
-4.03579
 20
6.49032
 30
0.0
 10
-4.03165
 20
6.50366
 30
0.0
 10
-4.02967
 20
6.53556
 30
0.0
 10
-4.02967
 20
6.58583
 30
0.0
 10
-4.02967
 20
6.58583
 30
0.0
 10
-4.02967
 20
6.63982
 30
0.0
 10
-4.02967
 20
6.6938
 30
0.0
 10
-4.02967
 20
6.74778
 30
0.0
 10
-4.02967
 20
6.74778
 30
0.0
 10
-4.02194
 20
6.74872
 30
0.0
 10
-3.98732
 20
6.75229
 30
0.0
 10
-3.98212
 20
6.75565
 30
0.0
 10
-3.98212
 20
6.75565
 30
0.0
 10
-3.96887
 20
6.7642
 30
0.0
 10
-3.92648
 20
6.8087
 30
0.0
 10
-3.91566
 20
6.82249
 30
0.0
 10
-3.91566
 20
6.82249
 30
0.0
 10
-3.88862
 20
6.85787
 30
0.0
 10
-3.92359
 20
6.85736
 30
0.0
 10
-3.92583
 20
6.85563
 30
0.0
 10
-3.92583
 20
6.85563
 30
0.0
 10
-3.92794
 20
6.85401
 30
0.0
 10
-3.95601
 20
6.82041
 30
0.0
 10
-3.96047
 20
6.81527
 30
0.0
 10
-3.96047
 20
6.81527
 30
0.0
 10
-3.96704
 20
6.80769
 30
0.0
 10
-3.99297
 20
6.77771
 30
0.0
 10
-3.99927
 20
6.77367
 30
0.0
 10
-3.99927
 20
6.77367
 30
0.0
 10
-4.00756
 20
6.76836
 30
0.0
 10
-4.01995
 20
6.76857
 30
0.0
 10
-4.02967
 20
6.76748
 30
0.0
 10
-4.02967
 20
6.76748
 30
0.0
 10
-4.02967
 20
6.76748
 30
0.0
 10
-4.02967
 20
6.97867
 30
0.0
 10
-4.02967
 20
6.97867
 30
0.0
 10
-4.02967
 20
6.97867
 30
0.0
 10
-4.02967
 20
7.01831
 30
0.0
 10
-4.03183
 20
7.04372
 30
0.0
 10
-4.03615
 20
7.05489
 30
0.0
 10
-4.03615
 20
7.05489
 30
0.0
 10
-4.04465
 20
7.07665
 30
0.0
 10
-4.07599
 20
7.07684
 30
0.0
 10
-4.08877
 20
7.05796
 30
0.0
 10
-4.08877
 20
7.05796
 30
0.0
 10
-4.09472
 20
7.04913
 30
0.0
 10
-4.09778
 20
7.02264
 30
0.0
 10
-4.09778
 20
6.97867
 30
0.0
 10
-4.09778
 20
6.97867
 30
0.0
 10
-4.09778
 20
6.90912
 30
0.0
 10
-4.09807
 20
6.83956
 30
0.0
 10
-4.09754
 20
6.77002
 30
0.0
 10
-4.09754
 20
6.77002
 30
0.0
 10
-4.09753
 20
6.76796
 30
0.0
 10
-4.09772
 20
6.75976
 30
0.0
 10
-4.09909
 20
6.75838
 30
0.0
 10
-4.09909
 20
6.75838
 30
0.0
 10
-4.10145
 20
6.75598
 30
0.0
 10
-4.15804
 20
6.74821
 30
0.0
 10
-4.16581
 20
6.74705
 30
0.0
 10
-4.16581
 20
6.74705
 30
0.0
 10
-4.18451
 20
6.74423
 30
0.0
 10
-4.26833
 20
6.73067
 30
0.0
 10
-4.28032
 20
6.7372
 30
0.0
 10
-4.28032
 20
6.7372
 30
0.0
 10
-4.28677
 20
6.74072
 30
0.0
 10
-4.28771
 20
6.74324
 30
0.0
 10
-4.29624
 20
6.74536
 30
0.0
 10
-4.29624
 20
6.74536
 30
0.0
 10
-4.30107
 20
6.74657
 30
0.0
 10
-4.31689
 20
6.74603
 30
0.0
 10
-4.31955
 20
6.74949
 30
0.0
 10
-4.31955
 20
6.74949
 30
0.0
 10
-4.32146
 20
6.75199
 30
0.0
 10
-4.32054
 20
6.81726
 30
0.0
 10
-4.32052
 20
6.82546
 30
0.0
 10
-4.32052
 20
6.82546
 30
0.0
 10
-4.32043
 20
6.88463
 30
0.0
 10
-4.32063
 20
6.94759
 30
0.0
 10
-4.31622
 20
7.00647
 30
0.0
 10
-4.31622
 20
7.00647
 30
0.0
 10
-4.31572
 20
7.01314
 30
0.0
 10
-4.31512
 20
7.01977
 30
0.0
 10
-4.31438
 20
7.02642
 30
0.0
 10
-4.31438
 20
7.02642
 30
0.0
 10
-4.30592
 20
7.10109
 30
0.0
 10
-4.26065
 20
7.16173
 30
0.0
 10
-4.19023
 20
7.19257
 30
0.0
 10
-4.19023
 20
7.19257
 30
0.0
 10
-4.11788
 20
7.22424
 30
0.0
 10
-4.01467
 20
7.22424
 30
0.0
 10
-3.94065
 20
7.19383
 30
0.0
 10
-3.94065
 20
7.19383
 30
0.0
 10
-3.87013
 20
7.16485
 30
0.0
 10
-3.82205
 20
7.10218
 30
0.0
 10
-3.81325
 20
7.02895
 30
0.0
 10
-3.81325
 20
7.02895
 30
0.0
 10
-3.80522
 20
6.96222
 30
0.0
 10
-3.80694
 20
6.79027
 30
0.0
 10
-3.80694
 20
6.69774
 30
0.0
  0
SPLINE
  5
77
330
1F
100
AcDbEntity
  8
layer 1
 62
   242
100
AcDbSpline
210
0.0
220
0.0
230
1.0
 70
    11
 71
     3
 72
    24
 73
    20
 74
     0
 42
0.000000001
 43
0.0000000001
 40
0.0
 40
0.0
 40
0.0
 40
0.0
 40
0.1666666666666667
 40
0.1666666666666667
 40
0.1666666666666667
 40
0.1666666666666667
 40
0.3333333333333333
 40
0.3333333333333333
 40
0.3333333333333333
 40
0.3333333333333333
 40
0.5
 40
0.5
 40
0.5
 40
0.5
 40
0.6666666666666666
 40
0.6666666666666666
 40
0.6666666666666666
 40
0.6666666666666666
 40
1.0
 40
1.0
 40
1.0
 40
1.0
 10
-3.39806
 20
7.09844
 30
0.0
 10
-3.39227
 20
7.10814
 30
0.0
 10
-3.39
 20
7.12185
 30
0.0
 10
-3.40146
 20
7.13067
 30
0.0
 10
-3.40146
 20
7.13067
 30
0.0
 10
-3.40874
 20
7.13628
 30
0.0
 10
-3.41555
 20
7.14448
 30
0.0
 10
-3.43249
 20
7.13525
 30
0.0
 10
-3.43249
 20
7.13525
 30
0.0
 10
-3.44713
 20
7.12728
 30
0.0
 10
-3.45725
 20
7.10651
 30
0.0
 10
-3.44535
 20
7.09419
 30
0.0
 10
-3.44535
 20
7.09419
 30
0.0
 10
-3.44109
 20
7.08979
 30
0.0
 10
-3.43822
 20
7.083
 30
0.0
 10
-3.42862
 20
7.08261
 30
0.0
 10
-3.42862
 20
7.08261
 30
0.0
 10
-3.42065
 20
7.08248
 30
0.0
 10
-3.40479
 20
7.08715
 30
0.0
 10
-3.39806
 20
7.09844
 30
0.0
  0
SPLINE
  5
78
330
1F
100
AcDbEntity
  8
layer 1
 62
   242
100
AcDbSpline
210
0.0
220
0.0
230
1.0
 70
    11
 71
     3
 72
   212
 73
   208
 74
     0
 42
0.000000001
 43
0.0000000001
 40
0.0
 40
0.0
 40
0.0
 40
0.0
 40
0.0188679245283019
 40
0.0188679245283019
 40
0.0188679245283019
 40
0.0188679245283019
 40
0.0377358490566038
 40
0.0377358490566038
 40
0.0377358490566038
 40
0.0377358490566038
 40
0.0566037735849057
 40
0.0566037735849057
 40
0.0566037735849057
 40
0.0566037735849057
 40
0.0754716981132075
 40
0.0754716981132075
 40
0.0754716981132075
 40
0.0754716981132075
 40
0.0943396226415094
 40
0.0943396226415094
 40
0.0943396226415094
 40
0.0943396226415094
 40
0.1132075471698113
 40
0.1132075471698113
 40
0.1132075471698113
 40
0.1132075471698113
 40
0.1320754716981132
 40
0.1320754716981132
 40
0.1320754716981132
 40
0.1320754716981132
 40
0.1509433962264151
 40
0.1509433962264151
 40
0.1509433962264151
 40
0.1509433962264151
 40
0.169811320754717
 40
0.169811320754717
 40
0.169811320754717
 40
0.169811320754717
 40
0.1886792452830189
 40
0.1886792452830189
 40
0.1886792452830189
 40
0.1886792452830189
 40
0.2075471698113208
 40
0.2075471698113208
 40
0.2075471698113208
 40
0.2075471698113208
 40
0.2264150943396226
 40
0.2264150943396226
 40
0.2264150943396226
 40
0.2264150943396226
 40
0.2452830188679245
 40
0.2452830188679245
 40
0.2452830188679245
 40
0.2452830188679245
 40
0.2641509433962264
 40
0.2641509433962264
 40
0.2641509433962264
 40
0.2641509433962264
 40
0.2830188679245283
 40
0.2830188679245283
 40
0.2830188679245283
 40
0.2830188679245283
 40
0.3018867924528302
 40
0.3018867924528302
 40
0.3018867924528302
 40
0.3018867924528302
 40
0.3207547169811321
 40
0.3207547169811321
 40
0.3207547169811321
 40
0.3207547169811321
 40
0.3396226415094339
 40
0.3396226415094339
 40
0.3396226415094339
 40
0.3396226415094339
 40
0.3584905660377358
 40
0.3584905660377358
 40
0.3584905660377358
 40
0.3584905660377358
 40
0.3773584905660378
 40
0.3773584905660378
 40
0.3773584905660378
 40
0.3773584905660378
 40
0.3962264150943396
 40
0.3962264150943396
 40
0.3962264150943396
 40
0.3962264150943396
 40
0.4150943396226415
 40
0.4150943396226415
 40
0.4150943396226415
 40
0.4150943396226415
 40
0.4339622641509434
 40
0.4339622641509434
 40
0.4339622641509434
 40
0.4339622641509434
 40
0.4528301886792453
 40
0.4528301886792453
 40
0.4528301886792453
 40
0.4528301886792453
 40
0.4716981132075472
 40
0.4716981132075472
 40
0.4716981132075472
 40
0.4716981132075472
 40
0.4905660377358491
 40
0.4905660377358491
 40
0.4905660377358491
 40
0.4905660377358491
 40
0.5094339622641509
 40
0.5094339622641509
 40
0.5094339622641509
 40
0.5094339622641509
 40
0.5283018867924528
 40
0.5283018867924528
 40
0.5283018867924528
 40
0.5283018867924528
 40
0.5471698113207547
 40
0.5471698113207547
 40
0.5471698113207547
 40
0.5471698113207547
 40
0.5660377358490566
 40
0.5660377358490566
 40
0.5660377358490566
 40
0.5660377358490566
 40
0.5849056603773585
 40
0.5849056603773585
 40
0.5849056603773585
 40
0.5849056603773585
 40
0.6037735849056604
 40
0.6037735849056604
 40
0.6037735849056604
 40
0.6037735849056604
 40
0.6226415094339622
 40
0.6226415094339622
 40
0.6226415094339622
 40
0.6226415094339622
 40
0.6415094339622641
 40
0.6415094339622641
 40
0.6415094339622641
 40
0.6415094339622641
 40
0.660377358490566
 40
0.660377358490566
 40
0.660377358490566
 40
0.660377358490566
 40
0.6792452830188679
 40
0.6792452830188679
 40
0.6792452830188679
 40
0.6792452830188679
 40
0.6981132075471698
 40
0.6981132075471698
 40
0.6981132075471698
 40
0.6981132075471698
 40
0.7169811320754716
 40
0.7169811320754716
 40
0.7169811320754716
 40
0.7169811320754716
 40
0.7358490566037735
 40
0.7358490566037735
 40
0.7358490566037735
 40
0.7358490566037735
 40
0.7547169811320755
 40
0.7547169811320755
 40
0.7547169811320755
 40
0.7547169811320755
 40
0.7735849056603774
 40
0.7735849056603774
 40
0.7735849056603774
 40
0.7735849056603774
 40
0.7924528301886793
 40
0.7924528301886793
 40
0.7924528301886793
 40
0.7924528301886793
 40
0.8113207547169812
 40
0.8113207547169812
 40
0.8113207547169812
 40
0.8113207547169812
 40
0.8301886792452831
 40
0.8301886792452831
 40
0.8301886792452831
 40
0.8301886792452831
 40
0.8490566037735849
 40
0.8490566037735849
 40
0.8490566037735849
 40
0.8490566037735849
 40
0.8679245283018868
 40
0.8679245283018868
 40
0.8679245283018868
 40
0.8679245283018868
 40
0.8867924528301887
 40
0.8867924528301887
 40
0.8867924528301887
 40
0.8867924528301887
 40
0.9056603773584906
 40
0.9056603773584906
 40
0.9056603773584906
 40
0.9056603773584906
 40
0.9245283018867925
 40
0.9245283018867925
 40
0.9245283018867925
 40
0.9245283018867925
 40
0.9433962264150944
 40
0.9433962264150944
 40
0.9433962264150944
 40
0.9433962264150944
 40
0.9622641509433962
 40
0.9622641509433962
 40
0.9622641509433962
 40
0.9622641509433962
 40
1.0
 40
1.0
 40
1.0
 40
1.0
 10
-3.40618
 20
6.90046
 30
0.0
 10
-3.37722
 20
6.91556
 30
0.0
 10
-3.34303
 20
6.93562
 30
0.0
 10
-3.31667
 20
6.95484
 30
0.0
 10
-3.31667
 20
6.95484
 30
0.0
 10
-3.31171
 20
6.95847
 30
0.0
 10
-3.29775
 20
6.97021
 30
0.0
 10
-3.29454
 20
6.97579
 30
0.0
 10
-3.29454
 20
6.97579
 30
0.0
 10
-3.29198
 20
6.98022
 30
0.0
 10
-3.29705
 20
6.98932
 30
0.0
 10
-3.30205
 20
6.98899
 30
0.0
 10
-3.30205
 20
6.98899
 30
0.0
 10
-3.30866
 20
6.98855
 30
0.0
 10
-3.3461
 20
6.95814
 30
0.0
 10
-3.35512
 20
6.95155
 30
0.0
 10
-3.35512
 20
6.95155
 30
0.0
 10
-3.36604
 20
6.9436
 30
0.0
 10
-3.41514
 20
6.90938
 30
0.0
 10
-3.42573
 20
6.90804
 30
0.0
 10
-3.42573
 20
6.90804
 30
0.0
 10
-3.42839
 20
6.91204
 30
0.0
 10
-3.42698
 20
6.92809
 30
0.0
 10
-3.42694
 20
6.9335
 30
0.0
 10
-3.42694
 20
6.9335
 30
0.0
 10
-3.42675
 20
6.95832
 30
0.0
 10
-3.42579
 20
7.03496
 30
0.0
 10
-3.4341
 20
7.05543
 30
0.0
 10
-3.4341
 20
7.05543
 30
0.0
 10
-3.4438
 20
7.07761
 30
0.0
 10
-3.48998
 20
7.07809
 30
0.0
 10
-3.4997
 20
7.05201
 30
0.0
 10
-3.4997
 20
7.05201
 30
0.0
 10
-3.5103
 20
7.02041
 30
0.0
 10
-3.50542
 20
6.97564
 30
0.0
 10
-3.50706
 20
6.94215
 30
0.0
 10
-3.50706
 20
6.94215
 30
0.0
 10
-3.50717
 20
6.94003
 30
0.0
 10
-3.5074
 20
6.93821
 30
0.0
 10
-3.50775
 20
6.93613
 30
0.0
 10
-3.50775
 20
6.93613
 30
0.0
 10
-3.52663
 20
6.94057
 30
0.0
 10
-3.52561
 20
6.94394
 30
0.0
 10
-3.54804
 20
6.94463
 30
0.0
 10
-3.54804
 20
6.94463
 30
0.0
 10
-3.57079
 20
6.94534
 30
0.0
 10
-3.55246
 20
6.94795
 30
0.0
 10
-3.55385
 20
6.96037
 30
0.0
 10
-3.55385
 20
6.96037
 30
0.0
 10
-3.55416
 20
6.96317
 30
0.0
 10
-3.55666
 20
6.9624
 30
0.0
 10
-3.55762
 20
6.97044
 30
0.0
 10
-3.55762
 20
6.97044
 30
0.0
 10
-3.56018
 20
6.99203
 30
0.0
 10
-3.55314
 20
6.98449
 30
0.0
 10
-3.5526
 20
6.98725
 30
0.0
 10
-3.5526
 20
6.98725
 30
0.0
 10
-3.55216
 20
6.9895
 30
0.0
 10
-3.55779
 20
6.98951
 30
0.0
 10
-3.55953
 20
6.99007
 30
0.0
 10
-3.55953
 20
6.99007
 30
0.0
 10
-3.55561
 20
6.99592
 30
0.0
 10
-3.55223
 20
7.00165
 30
0.0
 10
-3.55456
 20
7.00874
 30
0.0
 10
-3.55456
 20
7.00874
 30
0.0
 10
-3.55659
 20
7.01258
 30
0.0
 10
-3.56119
 20
7.0081
 30
0.0
 10
-3.5623
 20
7.013
 30
0.0
 10
-3.5623
 20
7.013
 30
0.0
 10
-3.56422
 20
7.02155
 30
0.0
 10
-3.56252
 20
7.02644
 30
0.0
 10
-3.56544
 20
7.0289
 30
0.0
 10
-3.56544
 20
7.0289
 30
0.0
 10
-3.57158
 20
7.03407
 30
0.0
 10
-3.57722
 20
7.04006
 30
0.0
 10
-3.58563
 20
7.04172
 30
0.0
 10
-3.58563
 20
7.04172
 30
0.0
 10
-3.59005
 20
7.04259
 30
0.0
 10
-3.59317
 20
7.03985
 30
0.0
 10
-3.59721
 20
7.0417
 30
0.0
 10
-3.59721
 20
7.0417
 30
0.0
 10
-3.60421
 20
7.0449
 30
0.0
 10
-3.61158
 20
7.04512
 30
0.0
 10
-3.61907
 20
7.04487
 30
0.0
 10
-3.61907
 20
7.04487
 30
0.0
 10
-3.63306
 20
7.04439
 30
0.0
 10
-3.62623
 20
7.04582
 30
0.0
 10
-3.64272
 20
7.03602
 30
0.0
 10
-3.64272
 20
7.03602
 30
0.0
 10
-3.64723
 20
7.03334
 30
0.0
 10
-3.65018
 20
7.02819
 30
0.0
 10
-3.65323
 20
7.02275
 30
0.0
 10
-3.65323
 20
7.02275
 30
0.0
 10
-3.65789
 20
7.01444
 30
0.0
 10
-3.65302
 20
7.01724
 30
0.0
 10
-3.65836
 20
7.01585
 30
0.0
 10
-3.65836
 20
7.01585
 30
0.0
 10
-3.6703
 20
7.01351
 30
0.0
 10
-3.66646
 20
7.00709
 30
0.0
 10
-3.66681
 20
7.00572
 30
0.0
 10
-3.66681
 20
7.00572
 30
0.0
 10
-3.66708
 20
7.00469
 30
0.0
 10
-3.66522
 20
7.00548
 30
0.0
 10
-3.66443
 20
7.00508
 30
0.0
 10
-3.66443
 20
7.00508
 30
0.0
 10
-3.67171
 20
6.99671
 30
0.0
 10
-3.65988
 20
6.98488
 30
0.0
 10
-3.66773
 20
6.96354
 30
0.0
 10
-3.66773
 20
6.96354
 30
0.0
 10
-3.66891
 20
6.96033
 30
0.0
 10
-3.66325
 20
6.95595
 30
0.0
 10
-3.66819
 20
6.95255
 30
0.0
 10
-3.66819
 20
6.95255
 30
0.0
 10
-3.67138
 20
6.95036
 30
0.0
 10
-3.66892
 20
6.94655
 30
0.0
 10
-3.67182
 20
6.94353
 30
0.0
 10
-3.67182
 20
6.94353
 30
0.0
 10
-3.67248
 20
6.94284
 30
0.0
 10
-3.67281
 20
6.9415
 30
0.0
 10
-3.67174
 20
6.94102
 30
0.0
 10
-3.67174
 20
6.94102
 30
0.0
 10
-3.66847
 20
6.93955
 30
0.0
 10
-3.66886
 20
6.93351
 30
0.0
 10
-3.66815
 20
6.93221
 30
0.0
 10
-3.66815
 20
6.93221
 30
0.0
 10
-3.66226
 20
6.92148
 30
0.0
 10
-3.67916
 20
6.92189
 30
0.0
 10
-3.68678
 20
6.89285
 30
0.0
 10
-3.68678
 20
6.89285
 30
0.0
 10
-3.68817
 20
6.88755
 30
0.0
 10
-3.68927
 20
6.88187
 30
0.0
 10
-3.68911
 20
6.87622
 30
0.0
 10
-3.68911
 20
6.87622
 30
0.0
 10
-3.69041
 20
6.86657
 30
0.0
 10
-3.69939
 20
6.85488
 30
0.0
 10
-3.70341
 20
6.84448
 30
0.0
 10
-3.70341
 20
6.84448
 30
0.0
 10
-3.70423
 20
6.84237
 30
0.0
 10
-3.70491
 20
6.84269
 30
0.0
 10
-3.70652
 20
6.84393
 30
0.0
 10
-3.70652
 20
6.84393
 30
0.0
 10
-3.7039
 20
6.83811
 30
0.0
 10
-3.70812
 20
6.83433
 30
0.0
 10
-3.71068
 20
6.82836
 30
0.0
 10
-3.71068
 20
6.82836
 30
0.0
 10
-3.71412
 20
6.82032
 30
0.0
 10
-3.72354
 20
6.78666
 30
0.0
 10
-3.72922
 20
6.78398
 30
0.0
 10
-3.72922
 20
6.78398
 30
0.0
 10
-3.73109
 20
6.78591
 30
0.0
 10
-3.72987
 20
6.81296
 30
0.0
 10
-3.72985
 20
6.81769
 30
0.0
 10
-3.72985
 20
6.81769
 30
0.0
 10
-3.72978
 20
6.83576
 30
0.0
 10
-3.72967
 20
6.85384
 30
0.0
 10
-3.72969
 20
6.87191
 30
0.0
 10
-3.72969
 20
6.87191
 30
0.0
 10
-3.7298
 20
6.91183
 30
0.0
 10
-3.72964
 20
6.95147
 30
0.0
 10
-3.7274
 20
6.99134
 30
0.0
 10
-3.7274
 20
6.99134
 30
0.0
 10
-3.7272
 20
6.9948
 30
0.0
 10
-3.72698
 20
6.99825
 30
0.0
 10
-3.72675
 20
7.00171
 30
0.0
 10
-3.72675
 20
7.00171
 30
0.0
 10
-3.72599
 20
7.013
 30
0.0
 10
-3.72501
 20
7.02422
 30
0.0
 10
-3.7235
 20
7.03543
 30
0.0
 10
-3.7235
 20
7.03543
 30
0.0
 10
-3.71407
 20
7.10411
 30
0.0
 10
-3.6661
 20
7.16204
 30
0.0
 10
-3.59863
 20
7.19185
 30
0.0
 10
-3.59863
 20
7.19185
 30
0.0
 10
-3.51358
 20
7.22942
 30
0.0
 10
-3.3847
 20
7.2237
 30
0.0
 10
-3.30832
 20
7.17833
 30
0.0
 10
-3.30832
 20
7.17833
 30
0.0
 10
-3.26579
 20
7.1531
 30
0.0
 10
-3.23786
 20
7.12157
 30
0.0
 10
-3.22435
 20
7.08373
 30
0.0
 10
-3.22435
 20
7.08373
 30
0.0
 10
-3.20062
 20
7.01572
 30
0.0
 10
-3.20482
 20
6.91153
 30
0.0
 10
-3.20421
 20
6.83895
 30
0.0
 10
-3.20421
 20
6.83895
 30
0.0
 10
-3.2042
 20
6.83698
 30
0.0
 10
-3.20422
 20
6.82862
 30
0.0
 10
-3.20557
 20
6.8273
 30
0.0
 10
-3.20557
 20
6.8273
 30
0.0
 10
-3.20801
 20
6.82491
 30
0.0
 10
-3.24082
 20
6.82601
 30
0.0
 10
-3.24635
 20
6.826
 30
0.0
 10
-3.24635
 20
6.826
 30
0.0
 10
-3.30031
 20
6.82591
 30
0.0
 10
-3.35435
 20
6.82614
 30
0.0
 10
-3.40829
 20
6.82595
 30
0.0
 10
-3.40829
 20
6.82595
 30
0.0
 10
-3.43168
 20
6.82586
 30
0.0
 10
-3.42731
 20
6.82127
 30
0.0
 10
-3.42732
 20
6.84692
 30
0.0
 10
-3.42732
 20
6.84692
 30
0.0
 10
-3.42733
 20
6.85611
 30
0.0
 10
-3.42885
 20
6.8815
 30
0.0
 10
-3.42501
 20
6.88829
 30
0.0
 10
-3.42501
 20
6.88829
 30
0.0
 10
-3.42194
 20
6.89371
 30
0.0
 10
-3.41172
 20
6.89763
 30
0.0
 10
-3.40618
 20
6.90046
 30
0.0
  0
SPLINE
  5
79
330
1F
100
AcDbEntity
  8
layer 1
 62
   242
100
AcDbSpline
210
0.0
220
0.0
230
1.0
 70
    11
 71
     3
 72
   132
 73
   128
 74
     0
 42
0.000000001
 43
0.0000000001
 40
0.0
 40
0.0
 40
0.0
 40
0.0
 40
0.0303030303030303
 40
0.0303030303030303
 40
0.0303030303030303
 40
0.0303030303030303
 40
0.0606060606060606
 40
0.0606060606060606
 40
0.0606060606060606
 40
0.0606060606060606
 40
0.0909090909090909
 40
0.0909090909090909
 40
0.0909090909090909
 40
0.0909090909090909
 40
0.1212121212121212
 40
0.1212121212121212
 40
0.1212121212121212
 40
0.1212121212121212
 40
0.1515151515151515
 40
0.1515151515151515
 40
0.1515151515151515
 40
0.1515151515151515
 40
0.1818181818181818
 40
0.1818181818181818
 40
0.1818181818181818
 40
0.1818181818181818
 40
0.2121212121212121
 40
0.2121212121212121
 40
0.2121212121212121
 40
0.2121212121212121
 40
0.2424242424242424
 40
0.2424242424242424
 40
0.2424242424242424
 40
0.2424242424242424
 40
0.2727272727272727
 40
0.2727272727272727
 40
0.2727272727272727
 40
0.2727272727272727
 40
0.303030303030303
 40
0.303030303030303
 40
0.303030303030303
 40
0.303030303030303
 40
0.3333333333333333
 40
0.3333333333333333
 40
0.3333333333333333
 40
0.3333333333333333
 40
0.3636363636363636
 40
0.3636363636363636
 40
0.3636363636363636
 40
0.3636363636363636
 40
0.3939393939393939
 40
0.3939393939393939
 40
0.3939393939393939
 40
0.3939393939393939
 40
0.4242424242424243
 40
0.4242424242424243
 40
0.4242424242424243
 40
0.4242424242424243
 40
0.4545454545454545
 40
0.4545454545454545
 40
0.4545454545454545
 40
0.4545454545454545
 40
0.4848484848484849
 40
0.4848484848484849
 40
0.4848484848484849
 40
0.4848484848484849
 40
0.5151515151515151
 40
0.5151515151515151
 40
0.5151515151515151
 40
0.5151515151515151
 40
0.5454545454545454
 40
0.5454545454545454
 40
0.5454545454545454
 40
0.5454545454545454
 40
0.5757575757575758
 40
0.5757575757575758
 40
0.5757575757575758
 40
0.5757575757575758
 40
0.6060606060606061
 40
0.6060606060606061
 40
0.6060606060606061
 40
0.6060606060606061
 40
0.6363636363636364
 40
0.6363636363636364
 40
0.6363636363636364
 40
0.6363636363636364
 40
0.6666666666666666
 40
0.6666666666666666
 40
0.6666666666666666
 40
0.6666666666666666
 40
0.696969696969697
 40
0.696969696969697
 40
0.696969696969697
 40
0.696969696969697
 40
0.7272727272727273
 40
0.7272727272727273
 40
0.7272727272727273
 40
0.7272727272727273
 40
0.7575757575757576
 40
0.7575757575757576
 40
0.7575757575757576
 40
0.7575757575757576
 40
0.7878787878787878
 40
0.7878787878787878
 40
0.7878787878787878
 40
0.7878787878787878
 40
0.8181818181818182
 40
0.8181818181818182
 40
0.8181818181818182
 40
0.8181818181818182
 40
0.8484848484848485
 40
0.8484848484848485
 40
0.8484848484848485
 40
0.8484848484848485
 40
0.8787878787878788
 40
0.8787878787878788
 40
0.8787878787878788
 40
0.8787878787878788
 40
0.9090909090909091
 40
0.9090909090909091
 40
0.9090909090909091
 40
0.9090909090909091
 40
0.9393939393939394
 40
0.9393939393939394
 40
0.9393939393939394
 40
0.9393939393939394
 40
1.0
 40
1.0
 40
1.0
 40
1.0
 10
-3.4997
 20
6.48924
 30
0.0
 10
-3.49483
 20
6.47663
 30
0.0
 10
-3.48384
 20
6.47032
 30
0.0
 10
-3.4669
 20
6.47032
 30
0.0
 10
-3.4669
 20
6.47032
 30
0.0
 10
-3.4505
 20
6.47032
 30
0.0
 10
-3.43969
 20
6.47663
 30
0.0
 10
-3.43464
 20
6.48942
 30
0.0
 10
-3.43464
 20
6.48942
 30
0.0
 10
-3.4296
 20
6.50204
 30
0.0
 10
-3.42707
 20
6.53195
 30
0.0
 10
-3.42707
 20
6.57898
 30
0.0
 10
-3.42707
 20
6.57898
 30
0.0
 10
-3.42707
 20
6.60682
 30
0.0
 10
-3.42653
 20
6.63575
 30
0.0
 10
-3.42717
 20
6.66345
 30
0.0
 10
-3.42717
 20
6.66345
 30
0.0
 10
-3.42781
 20
6.69109
 30
0.0
 10
-3.42738
 20
6.68673
 30
0.0
 10
-3.39977
 20
6.68658
 30
0.0
 10
-3.39977
 20
6.68658
 30
0.0
 10
-3.33471
 20
6.68622
 30
0.0
 10
-3.26943
 20
6.68656
 30
0.0
 10
-3.20435
 20
6.68656
 30
0.0
 10
-3.20435
 20
6.68656
 30
0.0
 10
-3.20435
 20
6.63787
 30
0.0
 10
-3.20395
 20
6.58569
 30
0.0
 10
-3.20925
 20
6.53739
 30
0.0
 10
-3.20925
 20
6.53739
 30
0.0
 10
-3.21016
 20
6.52903
 30
0.0
 10
-3.20917
 20
6.52922
 30
0.0
 10
-3.21635
 20
6.52932
 30
0.0
 10
-3.21635
 20
6.52932
 30
0.0
 10
-3.24597
 20
6.52976
 30
0.0
 10
-3.28107
 20
6.55325
 30
0.0
 10
-3.30277
 20
6.57211
 30
0.0
 10
-3.30277
 20
6.57211
 30
0.0
 10
-3.30429
 20
6.57343
 30
0.0
 10
-3.30578
 20
6.57476
 30
0.0
 10
-3.30728
 20
6.57611
 30
0.0
 10
-3.30728
 20
6.57611
 30
0.0
 10
-3.32241
 20
6.58993
 30
0.0
 10
-3.32888
 20
6.56371
 30
0.0
 10
-3.31973
 20
6.54874
 30
0.0
 10
-3.31973
 20
6.54874
 30
0.0
 10
-3.3036
 20
6.52464
 30
0.0
 10
-3.27049
 20
6.51012
 30
0.0
 10
-3.24297
 20
6.50413
 30
0.0
 10
-3.24297
 20
6.50413
 30
0.0
 10
-3.23077
 20
6.50147
 30
0.0
 10
-3.22499
 20
6.50436
 30
0.0
 10
-3.21553
 20
6.50293
 30
0.0
 10
-3.21553
 20
6.50293
 30
0.0
 10
-3.21166
 20
6.49088
 30
0.0
 10
-3.2281
 20
6.45166
 30
0.0
 10
-3.23438
 20
6.43989
 30
0.0
 10
-3.23438
 20
6.43989
 30
0.0
 10
-3.23876
 20
6.4317
 30
0.0
 10
-3.2434
 20
6.42449
 30
0.0
 10
-3.24905
 20
6.41713
 30
0.0
 10
-3.24905
 20
6.41713
 30
0.0
 10
-3.26488
 20
6.39688
 30
0.0
 10
-3.28464
 20
6.3813
 30
0.0
 10
-3.30598
 20
6.36725
 30
0.0
 10
-3.30598
 20
6.36725
 30
0.0
 10
-3.34887
 20
6.33932
 30
0.0
 10
-3.40149
 20
6.32544
 30
0.0
 10
-3.4642
 20
6.32544
 30
0.0
 10
-3.4642
 20
6.32544
 30
0.0
 10
-3.49634
 20
6.3256
 30
0.0
 10
-3.53796
 20
6.3287
 30
0.0
 10
-3.56869
 20
6.33786
 30
0.0
 10
-3.56869
 20
6.33786
 30
0.0
 10
-3.58629
 20
6.3431
 30
0.0
 10
-3.5509
 20
6.33992
 30
0.0
 10
-3.55729
 20
6.36517
 30
0.0
 10
-3.55729
 20
6.36517
 30
0.0
 10
-3.55778
 20
6.36711
 30
0.0
 10
-3.56077
 20
6.37415
 30
0.0
 10
-3.55874
 20
6.3752
 30
0.0
 10
-3.55874
 20
6.3752
 30
0.0
 10
-3.55874
 20
6.3752
 30
0.0
 10
-3.55764
 20
6.37541
 30
0.0
 10
-3.55764
 20
6.37541
 30
0.0
 10
-3.55764
 20
6.37541
 30
0.0
 10
-3.55502
 20
6.37542
 30
0.0
 10
-3.55475
 20
6.37526
 30
0.0
 10
-3.55424
 20
6.378
 30
0.0
 10
-3.55424
 20
6.378
 30
0.0
 10
-3.55425
 20
6.38421
 30
0.0
 10
-3.55424
 20
6.39043
 30
0.0
 10
-3.55425
 20
6.39664
 30
0.0
 10
-3.55425
 20
6.39664
 30
0.0
 10
-3.55426
 20
6.40073
 30
0.0
 10
-3.55995
 20
6.3971
 30
0.0
 10
-3.55795
 20
6.40292
 30
0.0
 10
-3.55795
 20
6.40292
 30
0.0
 10
-3.55517
 20
6.41101
 30
0.0
 10
-3.56511
 20
6.42248
 30
0.0
 10
-3.56021
 20
6.42552
 30
0.0
 10
-3.56021
 20
6.42552
 30
0.0
 10
-3.55573
 20
6.4283
 30
0.0
 10
-3.56287
 20
6.46365
 30
0.0
 10
-3.56398
 20
6.46942
 30
0.0
 10
-3.56398
 20
6.46942
 30
0.0
 10
-3.56585
 20
6.47912
 30
0.0
 10
-3.56963
 20
6.48978
 30
0.0
 10
-3.56874
 20
6.49865
 30
0.0
 10
-3.56874
 20
6.49865
 30
0.0
 10
-3.56749
 20
6.51097
 30
0.0
 10
-3.57326
 20
6.51022
 30
0.0
 10
-3.57152
 20
6.51861
 30
0.0
 10
-3.57152
 20
6.51861
 30
0.0
 10
-3.56707
 20
6.54754
 30
0.0
 10
-3.58433
 20
6.53079
 30
0.0
 10
-3.5571
 20
6.55315
 30
0.0
 10
-3.5571
 20
6.55315
 30
0.0
 10
-3.53968
 20
6.56746
 30
0.0
 10
-3.5233
 20
6.59635
 30
0.0
 10
-3.51097
 20
6.61552
 30
0.0
 10
-3.51097
 20
6.61552
 30
0.0
 10
-3.5058
 20
6.62358
 30
0.0
 10
-3.50691
 20
6.61526
 30
0.0
 10
-3.50694
 20
6.60968
 30
0.0
 10
-3.50694
 20
6.60968
 30
0.0
 10
-3.50709
 20
6.57888
 30
0.0
 10
-3.50904
 20
6.51658
 30
0.0
 10
-3.4997
 20
6.48924
 30
0.0
  0
SPLINE
  5
7A
330
1F
100
AcDbEntity
  8
layer 1
 62
   242
100
AcDbSpline
210
0.0
220
0.0
230
1.0
 70
    11
 71
     3
 72
    40
 73
    36
 74
     0
 42
0.000000001
 43
0.0000000001
 40
0.0
 40
0.0
 40
0.0
 40
0.0
 40
0.1
 40
0.1
 40
0.1
 40
0.1
 40
0.2
 40
0.2
 40
0.2
 40
0.2
 40
0.3
 40
0.3
 40
0.3
 40
0.3
 40
0.4
 40
0.4
 40
0.4
 40
0.4
 40
0.5
 40
0.5
 40
0.5
 40
0.5
 40
0.6
 40
0.6
 40
0.6
 40
0.6
 40
0.7
 40
0.7
 40
0.7
 40
0.7
 40
0.8
 40
0.8
 40
0.8
 40
0.8
 40
1.0
 40
1.0
 40
1.0
 40
1.0
 10
-3.63611
 20
6.39721
 30
0.0
 10
-3.63953
 20
6.37261
 30
0.0
 10
-3.62192
 20
6.37594
 30
0.0
 10
-3.6188
 20
6.37156
 30
0.0
 10
-3.6188
 20
6.37156
 30
0.0
 10
-3.6177
 20
6.37002
 30
0.0
 10
-3.61535
 20
6.35799
 30
0.0
 10
-3.62061
 20
6.35888
 30
0.0
 10
-3.62061
 20
6.35888
 30
0.0
 10
-3.63695
 20
6.36268
 30
0.0
 10
-3.67091
 20
6.39388
 30
0.0
 10
-3.68196
 20
6.40776
 30
0.0
 10
-3.68196
 20
6.40776
 30
0.0
 10
-3.69116
 20
6.41932
 30
0.0
 10
-3.70011
 20
6.43461
 30
0.0
 10
-3.7055
 20
6.44836
 30
0.0
 10
-3.7055
 20
6.44836
 30
0.0
 10
-3.70635
 20
6.45053
 30
0.0
 10
-3.70386
 20
6.4501
 30
0.0
 10
-3.70082
 20
6.45128
 30
0.0
 10
-3.70082
 20
6.45128
 30
0.0
 10
-3.68693
 20
6.45669
 30
0.0
 10
-3.67402
 20
6.46496
 30
0.0
 10
-3.66249
 20
6.47429
 30
0.0
 10
-3.66249
 20
6.47429
 30
0.0
 10
-3.65926
 20
6.47691
 30
0.0
 10
-3.65677
 20
6.47852
 30
0.0
 10
-3.65314
 20
6.48054
 30
0.0
 10
-3.65314
 20
6.48054
 30
0.0
 10
-3.6462
 20
6.46387
 30
0.0
 10
-3.65626
 20
6.42216
 30
0.0
 10
-3.64309
 20
6.41165
 30
0.0
 10
-3.64309
 20
6.41165
 30
0.0
 10
-3.6361
 20
6.40607
 30
0.0
 10
-3.63439
 20
6.40943
 30
0.0
 10
-3.63611
 20
6.39721
 30
0.0
  0
SPLINE
  5
7B
330
1F
100
AcDbEntity
  8
layer 1
 62
   242
100
AcDbSpline
210
0.0
220
0.0
230
1.0
 70
    11
 71
     3
 72
    52
 73
    48
 74
     0
 42
0.000000001
 43
0.0000000001
 40
0.0
 40
0.0
 40
0.0
 40
0.0
 40
0.0769230769230769
 40
0.0769230769230769
 40
0.0769230769230769
 40
0.0769230769230769
 40
0.1538461538461539
 40
0.1538461538461539
 40
0.1538461538461539
 40
0.1538461538461539
 40
0.2307692307692308
 40
0.2307692307692308
 40
0.2307692307692308
 40
0.2307692307692308
 40
0.3076923076923077
 40
0.3076923076923077
 40
0.3076923076923077
 40
0.3076923076923077
 40
0.3846153846153846
 40
0.3846153846153846
 40
0.3846153846153846
 40
0.3846153846153846
 40
0.4615384615384616
 40
0.4615384615384616
 40
0.4615384615384616
 40
0.4615384615384616
 40
0.5384615384615384
 40
0.5384615384615384
 40
0.5384615384615384
 40
0.5384615384615384
 40
0.6153846153846154
 40
0.6153846153846154
 40
0.6153846153846154
 40
0.6153846153846154
 40
0.6923076923076923
 40
0.6923076923076923
 40
0.6923076923076923
 40
0.6923076923076923
 40
0.7692307692307693
 40
0.7692307692307693
 40
0.7692307692307693
 40
0.7692307692307693
 40
0.8461538461538461
 40
0.8461538461538461
 40
0.8461538461538461
 40
0.8461538461538461
 40
1.0
 40
1.0
 40
1.0
 40
1.0
 10
-3.68594
 20
6.63162
 30
0.0
 10
-3.68489
 20
6.62975
 30
0.0
 10
-3.68679
 20
6.62569
 30
0.0
 10
-3.68373
 20
6.62267
 30
0.0
 10
-3.68373
 20
6.62267
 30
0.0
 10
-3.68043
 20
6.61941
 30
0.0
 10
-3.67885
 20
6.6066
 30
0.0
 10
-3.67863
 20
6.60293
 30
0.0
 10
-3.67863
 20
6.60293
 30
0.0
 10
-3.67808
 20
6.58357
 30
0.0
 10
-3.69147
 20
6.53966
 30
0.0
 10
-3.70833
 20
6.52882
 30
0.0
 10
-3.70833
 20
6.52882
 30
0.0
 10
-3.71349
 20
6.5255
 30
0.0
 10
-3.7151
 20
6.52376
 30
0.0
 10
-3.72129
 20
6.52124
 30
0.0
 10
-3.72129
 20
6.52124
 30
0.0
 10
-3.72524
 20
6.52875
 30
0.0
 10
-3.72608
 20
6.55124
 30
0.0
 10
-3.72682
 20
6.56066
 30
0.0
 10
-3.72682
 20
6.56066
 30
0.0
 10
-3.7308
 20
6.61559
 30
0.0
 10
-3.73182
 20
6.67293
 30
0.0
 10
-3.73026
 20
6.72799
 30
0.0
 10
-3.73026
 20
6.72799
 30
0.0
 10
-3.72954
 20
6.75332
 30
0.0
 10
-3.72591
 20
6.72771
 30
0.0
 10
-3.72107
 20
6.71771
 30
0.0
 10
-3.72107
 20
6.71771
 30
0.0
 10
-3.71455
 20
6.70423
 30
0.0
 10
-3.7029
 20
6.6956
 30
0.0
 10
-3.69466
 20
6.68282
 30
0.0
 10
-3.69466
 20
6.68282
 30
0.0
 10
-3.6894
 20
6.67428
 30
0.0
 10
-3.69499
 20
6.67087
 30
0.0
 10
-3.69262
 20
6.66088
 30
0.0
 10
-3.69262
 20
6.66088
 30
0.0
 10
-3.69168
 20
6.65804
 30
0.0
 10
-3.69196
 20
6.6552
 30
0.0
 10
-3.69095
 20
6.65132
 30
0.0
 10
-3.69095
 20
6.65132
 30
0.0
 10
-3.68941
 20
6.64543
 30
0.0
 10
-3.68794
 20
6.63949
 30
0.0
 10
-3.68644
 20
6.63359
 30
0.0
 10
-3.68644
 20
6.63359
 30
0.0
 10
-3.68644
 20
6.63359
 30
0.0
 10
-3.68594
 20
6.63162
 30
0.0
 10
-3.68594
 20
6.63162
 30
0.0
  0
SPLINE
  5
7C
330
1F
100
AcDbEntity
  8
layer 1
 62
   155
100
AcDbSpline
210
0.0
220
0.0
230
1.0
 70
    11
 71
     3
 72
   176
 73
   172
 74
     0
 42
0.000000001
 43
0.0000000001
 40
0.0
 40
0.0
 40
0.0
 40
0.0
 40
0.0227272727272727
 40
0.0227272727272727
 40
0.0227272727272727
 40
0.0227272727272727
 40
0.0454545454545455
 40
0.0454545454545455
 40
0.0454545454545455
 40
0.0454545454545455
 40
0.0681818181818182
 40
0.0681818181818182
 40
0.0681818181818182
 40
0.0681818181818182
 40
0.0909090909090909
 40
0.0909090909090909
 40
0.0909090909090909
 40
0.0909090909090909
 40
0.1136363636363636
 40
0.1136363636363636
 40
0.1136363636363636
 40
0.1136363636363636
 40
0.1363636363636364
 40
0.1363636363636364
 40
0.1363636363636364
 40
0.1363636363636364
 40
0.1590909090909091
 40
0.1590909090909091
 40
0.1590909090909091
 40
0.1590909090909091
 40
0.1818181818181818
 40
0.1818181818181818
 40
0.1818181818181818
 40
0.1818181818181818
 40
0.2045454545454546
 40
0.2045454545454546
 40
0.2045454545454546
 40
0.2045454545454546
 40
0.2272727272727273
 40
0.2272727272727273
 40
0.2272727272727273
 40
0.2272727272727273
 40
0.25
 40
0.25
 40
0.25
 40
0.25
 40
0.2727272727272727
 40
0.2727272727272727
 40
0.2727272727272727
 40
0.2727272727272727
 40
0.2954545454545455
 40
0.2954545454545455
 40
0.2954545454545455
 40
0.2954545454545455
 40
0.3181818181818182
 40
0.3181818181818182
 40
0.3181818181818182
 40
0.3181818181818182
 40
0.3409090909090909
 40
0.3409090909090909
 40
0.3409090909090909
 40
0.3409090909090909
 40
0.3636363636363636
 40
0.3636363636363636
 40
0.3636363636363636
 40
0.3636363636363636
 40
0.3863636363636364
 40
0.3863636363636364
 40
0.3863636363636364
 40
0.3863636363636364
 40
0.4090909090909091
 40
0.4090909090909091
 40
0.4090909090909091
 40
0.4090909090909091
 40
0.4318181818181818
 40
0.4318181818181818
 40
0.4318181818181818
 40
0.4318181818181818
 40
0.4545454545454545
 40
0.4545454545454545
 40
0.4545454545454545
 40
0.4545454545454545
 40
0.4772727272727273
 40
0.4772727272727273
 40
0.4772727272727273
 40
0.4772727272727273
 40
0.5
 40
0.5
 40
0.5
 40
0.5
 40
0.5227272727272727
 40
0.5227272727272727
 40
0.5227272727272727
 40
0.5227272727272727
 40
0.5454545454545454
 40
0.5454545454545454
 40
0.5454545454545454
 40
0.5454545454545454
 40
0.5681818181818182
 40
0.5681818181818182
 40
0.5681818181818182
 40
0.5681818181818182
 40
0.5909090909090909
 40
0.5909090909090909
 40
0.5909090909090909
 40
0.5909090909090909
 40
0.6136363636363636
 40
0.6136363636363636
 40
0.6136363636363636
 40
0.6136363636363636
 40
0.6363636363636364
 40
0.6363636363636364
 40
0.6363636363636364
 40
0.6363636363636364
 40
0.6590909090909091
 40
0.6590909090909091
 40
0.6590909090909091
 40
0.6590909090909091
 40
0.6818181818181818
 40
0.6818181818181818
 40
0.6818181818181818
 40
0.6818181818181818
 40
0.7045454545454546
 40
0.7045454545454546
 40
0.7045454545454546
 40
0.7045454545454546
 40
0.7272727272727273
 40
0.7272727272727273
 40
0.7272727272727273
 40
0.7272727272727273
 40
0.75
 40
0.75
 40
0.75
 40
0.75
 40
0.7727272727272727
 40
0.7727272727272727
 40
0.7727272727272727
 40
0.7727272727272727
 40
0.7954545454545454
 40
0.7954545454545454
 40
0.7954545454545454
 40
0.7954545454545454
 40
0.8181818181818182
 40
0.8181818181818182
 40
0.8181818181818182
 40
0.8181818181818182
 40
0.8409090909090909
 40
0.8409090909090909
 40
0.8409090909090909
 40
0.8409090909090909
 40
0.8636363636363636
 40
0.8636363636363636
 40
0.8636363636363636
 40
0.8636363636363636
 40
0.8863636363636364
 40
0.8863636363636364
 40
0.8863636363636364
 40
0.8863636363636364
 40
0.9090909090909091
 40
0.9090909090909091
 40
0.9090909090909091
 40
0.9090909090909091
 40
0.9318181818181818
 40
0.9318181818181818
 40
0.9318181818181818
 40
0.9318181818181818
 40
0.9545454545454546
 40
0.9545454545454546
 40
0.9545454545454546
 40
0.9545454545454546
 40
1.0
 40
1.0
 40
1.0
 40
1.0
 10
-2.67465
 20
6.95502
 30
0.0
 10
-2.6833
 20
6.95958
 30
0.0
 10
-2.70599
 20
6.95236
 30
0.0
 10
-2.71707
 20
6.94963
 30
0.0
 10
-2.71707
 20
6.94963
 30
0.0
 10
-2.72344
 20
6.94806
 30
0.0
 10
-2.72273
 20
6.96127
 30
0.0
 10
-2.74149
 20
6.96501
 30
0.0
 10
-2.74149
 20
6.96501
 30
0.0
 10
-2.75173
 20
6.96705
 30
0.0
 10
-2.74914
 20
6.97512
 30
0.0
 10
-2.7577
 20
6.97418
 30
0.0
 10
-2.7577
 20
6.97418
 30
0.0
 10
-2.76644
 20
6.97322
 30
0.0
 10
-2.78061
 20
6.97964
 30
0.0
 10
-2.80401
 20
6.95629
 30
0.0
 10
-2.80401
 20
6.95629
 30
0.0
 10
-2.80401
 20
6.95629
 30
0.0
 10
-2.82692
 20
6.93222
 30
0.0
 10
-2.82692
 20
6.93222
 30
0.0
 10
-2.82692
 20
6.93222
 30
0.0
 10
-2.83911
 20
6.91972
 30
0.0
 10
-2.82563
 20
6.9079
 30
0.0
 10
-2.83218
 20
6.90283
 30
0.0
 10
-2.83218
 20
6.90283
 30
0.0
 10
-2.83664
 20
6.89936
 30
0.0
 10
-2.83705
 20
6.89481
 30
0.0
 10
-2.83612
 20
6.8898
 30
0.0
 10
-2.83612
 20
6.8898
 30
0.0
 10
-2.83414
 20
6.87912
 30
0.0
 10
-2.83286
 20
6.85808
 30
0.0
 10
-2.82124
 20
6.85357
 30
0.0
 10
-2.82124
 20
6.85357
 30
0.0
 10
-2.80333
 20
6.84663
 30
0.0
 10
-2.79752
 20
6.85595
 30
0.0
 10
-2.79609
 20
6.84193
 30
0.0
 10
-2.79609
 20
6.84193
 30
0.0
 10
-2.79579
 20
6.83906
 30
0.0
 10
-2.79629
 20
6.83422
 30
0.0
 10
-2.79438
 20
6.8317
 30
0.0
 10
-2.79438
 20
6.8317
 30
0.0
 10
-2.7903
 20
6.82635
 30
0.0
 10
-2.79566
 20
6.82457
 30
0.0
 10
-2.80206
 20
6.8065
 30
0.0
 10
-2.80206
 20
6.8065
 30
0.0
 10
-2.80341
 20
6.80268
 30
0.0
 10
-2.80369
 20
6.80134
 30
0.0
 10
-2.81557
 20
6.78118
 30
0.0
 10
-2.81557
 20
6.78118
 30
0.0
 10
-2.82774
 20
6.76052
 30
0.0
 10
-2.81795
 20
6.74868
 30
0.0
 10
-2.82511
 20
6.74439
 30
0.0
 10
-2.82511
 20
6.74439
 30
0.0
 10
-2.83486
 20
6.73864
 30
0.0
 10
-2.89065
 20
6.70418
 30
0.0
 10
-2.89659
 20
6.7036
 30
0.0
 10
-2.89659
 20
6.7036
 30
0.0
 10
-2.90161
 20
6.70312
 30
0.0
 10
-2.8981
 20
6.70849
 30
0.0
 10
-2.90493
 20
6.70344
 30
0.0
 10
-2.90493
 20
6.70344
 30
0.0
 10
-2.91728
 20
6.69432
 30
0.0
 10
-2.92939
 20
6.69057
 30
0.0
 10
-2.93673
 20
6.67672
 30
0.0
 10
-2.93673
 20
6.67672
 30
0.0
 10
-2.93773
 20
6.67465
 30
0.0
 10
-2.93807
 20
6.67488
 30
0.0
 10
-2.93964
 20
6.67642
 30
0.0
 10
-2.93964
 20
6.67642
 30
0.0
 10
-2.94631
 20
6.68345
 30
0.0
 10
-2.95486
 20
6.6945
 30
0.0
 10
-2.96289
 20
6.6886
 30
0.0
 10
-2.96289
 20
6.6886
 30
0.0
 10
-2.9696
 20
6.68367
 30
0.0
 10
-2.97519
 20
6.68791
 30
0.0
 10
-2.98486
 20
6.68138
 30
0.0
 10
-2.98486
 20
6.68138
 30
0.0
 10
-2.99214
 20
6.67646
 30
0.0
 10
-2.99935
 20
6.67142
 30
0.0
 10
-3.00655
 20
6.66639
 30
0.0
 10
-3.00655
 20
6.66639
 30
0.0
 10
-3.0142
 20
6.66106
 30
0.0
 10
-3.01156
 20
6.65418
 30
0.0
 10
-3.01307
 20
6.65112
 30
0.0
 10
-3.01307
 20
6.65112
 30
0.0
 10
-3.01848
 20
6.64012
 30
0.0
 10
-3.01216
 20
6.63486
 30
0.0
 10
-3.01813
 20
6.63134
 30
0.0
 10
-3.01813
 20
6.63134
 30
0.0
 10
-3.02989
 20
6.6244
 30
0.0
 10
-3.11589
 20
6.57228
 30
0.0
 10
-3.12065
 20
6.57169
 30
0.0
 10
-3.12065
 20
6.57169
 30
0.0
 10
-3.12529
 20
6.57111
 30
0.0
 10
-3.12479
 20
6.57923
 30
0.0
 10
-3.12491
 20
6.58211
 30
0.0
 10
-3.12491
 20
6.58211
 30
0.0
 10
-3.12541
 20
6.59445
 30
0.0
 10
-3.1247
 20
6.60897
 30
0.0
 10
-3.1247
 20
6.62168
 30
0.0
 10
-3.1247
 20
6.62168
 30
0.0
 10
-3.1247
 20
6.67323
 30
0.0
 10
-3.12547
 20
7.19608
 30
0.0
 10
-3.12454
 20
7.19819
 30
0.0
 10
-3.12454
 20
7.19819
 30
0.0
 10
-3.12372
 20
7.20008
 30
0.0
 10
-3.11824
 20
7.1992
 30
0.0
 10
-3.11647
 20
7.1992
 30
0.0
 10
-3.11647
 20
7.1992
 30
0.0
 10
-3.0491
 20
7.1991
 30
0.0
 10
-2.98177
 20
7.19919
 30
0.0
 10
-2.91441
 20
7.19922
 30
0.0
 10
-2.91441
 20
7.19922
 30
0.0
 10
-2.91019
 20
7.19922
 30
0.0
 10
-2.90665
 20
7.199
 30
0.0
 10
-2.90246
 20
7.19857
 30
0.0
 10
-2.90246
 20
7.19857
 30
0.0
 10
-2.90122
 20
7.18977
 30
0.0
 10
-2.90197
 20
7.17101
 30
0.0
 10
-2.90197
 20
7.1612
 30
0.0
 10
-2.90197
 20
7.1612
 30
0.0
 10
-2.90197
 20
7.13379
 30
0.0
 10
-2.90287
 20
6.87294
 30
0.0
 10
-2.90173
 20
6.87029
 30
0.0
 10
-2.90173
 20
6.87029
 30
0.0
 10
-2.90076
 20
6.86805
 30
0.0
 10
-2.89179
 20
6.90012
 30
0.0
 10
-2.89041
 20
6.90468
 30
0.0
 10
-2.89041
 20
6.90468
 30
0.0
 10
-2.88229
 20
6.93163
 30
0.0
 10
-2.87432
 20
6.95863
 30
0.0
 10
-2.86621
 20
6.98558
 30
0.0
 10
-2.86621
 20
6.98558
 30
0.0
 10
-2.86257
 20
6.99767
 30
0.0
 10
-2.85894
 20
7.00975
 30
0.0
 10
-2.8553
 20
7.02183
 30
0.0
 10
-2.8553
 20
7.02183
 30
0.0
 10
-2.84722
 20
7.04868
 30
0.0
 10
-2.83913
 20
7.07554
 30
0.0
 10
-2.83105
 20
7.10239
 30
0.0
 10
-2.83105
 20
7.10239
 30
0.0
 10
-2.82274
 20
7.13001
 30
0.0
 10
-2.81427
 20
7.15753
 30
0.0
 10
-2.80646
 20
7.1853
 30
0.0
 10
-2.80646
 20
7.1853
 30
0.0
 10
-2.80193
 20
7.2014
 30
0.0
 10
-2.79662
 20
7.19961
 30
0.0
 10
-2.78109
 20
7.19919
 30
0.0
 10
-2.78109
 20
7.19919
 30
0.0
 10
-2.75368
 20
7.19844
 30
0.0
 10
-2.72469
 20
7.19905
 30
0.0
 10
-2.69711
 20
7.19905
 30
0.0
 10
-2.69711
 20
7.19905
 30
0.0
 10
-2.66691
 20
7.19905
 30
0.0
 10
-2.63673
 20
7.19928
 30
0.0
 10
-2.60655
 20
7.19934
 30
0.0
 10
-2.60655
 20
7.19934
 30
0.0
 10
-2.6038
 20
7.19935
 30
0.0
 10
-2.59685
 20
7.1998
 30
0.0
 10
-2.59635
 20
7.19609
 30
0.0
 10
-2.59635
 20
7.19609
 30
0.0
 10
-2.59568
 20
7.19108
 30
0.0
 10
-2.60413
 20
7.16938
 30
0.0
 10
-2.60621
 20
7.16305
 30
0.0
 10
-2.60621
 20
7.16305
 30
0.0
 10
-2.62839
 20
7.09571
 30
0.0
 10
-2.65052
 20
7.02836
 30
0.0
 10
-2.67267
 20
6.96102
 30
0.0
 10
-2.67267
 20
6.96102
 30
0.0
 10
-2.67267
 20
6.96102
 30
0.0
 10
-2.67465
 20
6.95502
 30
0.0
 10
-2.67465
 20
6.95502
 30
0.0
  0
SPLINE
  5
7D
330
1F
100
AcDbEntity
  8
layer 1
 62
   155
100
AcDbSpline
210
0.0
220
0.0
230
1.0
 70
    11
 71
     3
 72
    84
 73
    80
 74
     0
 42
0.000000001
 43
0.0000000001
 40
0.0
 40
0.0
 40
0.0
 40
0.0
 40
0.0476190476190476
 40
0.0476190476190476
 40
0.0476190476190476
 40
0.0476190476190476
 40
0.0952380952380952
 40
0.0952380952380952
 40
0.0952380952380952
 40
0.0952380952380952
 40
0.1428571428571428
 40
0.1428571428571428
 40
0.1428571428571428
 40
0.1428571428571428
 40
0.1904761904761905
 40
0.1904761904761905
 40
0.1904761904761905
 40
0.1904761904761905
 40
0.2380952380952381
 40
0.2380952380952381
 40
0.2380952380952381
 40
0.2380952380952381
 40
0.2857142857142857
 40
0.2857142857142857
 40
0.2857142857142857
 40
0.2857142857142857
 40
0.3333333333333333
 40
0.3333333333333333
 40
0.3333333333333333
 40
0.3333333333333333
 40
0.3809523809523809
 40
0.3809523809523809
 40
0.3809523809523809
 40
0.3809523809523809
 40
0.4285714285714285
 40
0.4285714285714285
 40
0.4285714285714285
 40
0.4285714285714285
 40
0.4761904761904762
 40
0.4761904761904762
 40
0.4761904761904762
 40
0.4761904761904762
 40
0.5238095238095238
 40
0.5238095238095238
 40
0.5238095238095238
 40
0.5238095238095238
 40
0.5714285714285714
 40
0.5714285714285714
 40
0.5714285714285714
 40
0.5714285714285714
 40
0.6190476190476191
 40
0.6190476190476191
 40
0.6190476190476191
 40
0.6190476190476191
 40
0.6666666666666666
 40
0.6666666666666666
 40
0.6666666666666666
 40
0.6666666666666666
 40
0.7142857142857143
 40
0.7142857142857143
 40
0.7142857142857143
 40
0.7142857142857143
 40
0.7619047619047619
 40
0.7619047619047619
 40
0.7619047619047619
 40
0.7619047619047619
 40
0.8095238095238095
 40
0.8095238095238095
 40
0.8095238095238095
 40
0.8095238095238095
 40
0.8571428571428571
 40
0.8571428571428571
 40
0.8571428571428571
 40
0.8571428571428571
 40
0.9047619047619048
 40
0.9047619047619048
 40
0.9047619047619048
 40
0.9047619047619048
 40
1.0
 40
1.0
 40
1.0
 40
1.0
 10
-2.62448
 20
6.48563
 30
0.0
 10
-2.62048
 20
6.47213
 30
0.0
 10
-2.61648
 20
6.45862
 30
0.0
 10
-2.61248
 20
6.44511
 30
0.0
 10
-2.61248
 20
6.44511
 30
0.0
 10
-2.60931
 20
6.43444
 30
0.0
 10
-2.5828
 20
6.34842
 30
0.0
 10
-2.58334
 20
6.34549
 30
0.0
 10
-2.58334
 20
6.34549
 30
0.0
 10
-2.58392
 20
6.34238
 30
0.0
 10
-2.59839
 20
6.34361
 30
0.0
 10
-2.60115
 20
6.34361
 30
0.0
 10
-2.60115
 20
6.34361
 30
0.0
 10
-2.62578
 20
6.34363
 30
0.0
 10
-2.65039
 20
6.34381
 30
0.0
 10
-2.675
 20
6.34382
 30
0.0
 10
-2.675
 20
6.34382
 30
0.0
 10
-2.71704
 20
6.34382
 30
0.0
 10
-2.75924
 20
6.34355
 30
0.0
 10
-2.80126
 20
6.34373
 30
0.0
 10
-2.80126
 20
6.34373
 30
0.0
 10
-2.80468
 20
6.34375
 30
0.0
 10
-2.8081
 20
6.34383
 30
0.0
 10
-2.81152
 20
6.34391
 30
0.0
 10
-2.81152
 20
6.34391
 30
0.0
 10
-2.81451
 20
6.35235
 30
0.0
 10
-2.81762
 20
6.36697
 30
0.0
 10
-2.81985
 20
6.37602
 30
0.0
 10
-2.81985
 20
6.37602
 30
0.0
 10
-2.82112
 20
6.38118
 30
0.0
 10
-2.82611
 20
6.40062
 30
0.0
 10
-2.8259
 20
6.40521
 30
0.0
 10
-2.8259
 20
6.40521
 30
0.0
 10
-2.82489
 20
6.41049
 30
0.0
 10
-2.78934
 20
6.45622
 30
0.0
 10
-2.78319
 20
6.46498
 30
0.0
 10
-2.78319
 20
6.46498
 30
0.0
 10
-2.77873
 20
6.47131
 30
0.0
 10
-2.77459
 20
6.47758
 30
0.0
 10
-2.77067
 20
6.48427
 30
0.0
 10
-2.77067
 20
6.48427
 30
0.0
 10
-2.74333
 20
6.53155
 30
0.0
 10
-2.77375
 20
6.51604
 30
0.0
 10
-2.72788
 20
6.55101
 30
0.0
 10
-2.72788
 20
6.55101
 30
0.0
 10
-2.72276
 20
6.55492
 30
0.0
 10
-2.73063
 20
6.55499
 30
0.0
 10
-2.72721
 20
6.5599
 30
0.0
 10
-2.72721
 20
6.5599
 30
0.0
 10
-2.72166
 20
6.56788
 30
0.0
 10
-2.72319
 20
6.57344
 30
0.0
 10
-2.71921
 20
6.5744
 30
0.0
 10
-2.71921
 20
6.5744
 30
0.0
 10
-2.7086
 20
6.57697
 30
0.0
 10
-2.71253
 20
6.59179
 30
0.0
 10
-2.70195
 20
6.59828
 30
0.0
 10
-2.70195
 20
6.59828
 30
0.0
 10
-2.69451
 20
6.60284
 30
0.0
 10
-2.68647
 20
6.60607
 30
0.0
 10
-2.6785
 20
6.60945
 30
0.0
 10
-2.6785
 20
6.60945
 30
0.0
 10
-2.67452
 20
6.61114
 30
0.0
 10
-2.67478
 20
6.60246
 30
0.0
 10
-2.67305
 20
6.59741
 30
0.0
 10
-2.67305
 20
6.59741
 30
0.0
 10
-2.6668
 20
6.57914
 30
0.0
 10
-2.65468
 20
6.57309
 30
0.0
 10
-2.65412
 20
6.5651
 30
0.0
 10
-2.65412
 20
6.5651
 30
0.0
 10
-2.6537
 20
6.5591
 30
0.0
 10
-2.65222
 20
6.55318
 30
0.0
 10
-2.64976
 20
6.5477
 30
0.0
 10
-2.64976
 20
6.5477
 30
0.0
 10
-2.64192
 20
6.53024
 30
0.0
 10
-2.64974
 20
6.51834
 30
0.0
 10
-2.63986
 20
6.50696
 30
0.0
 10
-2.63986
 20
6.50696
 30
0.0
 10
-2.63374
 20
6.49991
 30
0.0
 10
-2.62909
 20
6.4925
 30
0.0
 10
-2.62448
 20
6.48563
 30
0.0
  0
SPLINE
  5
7E
330
1F
100
AcDbEntity
  8
layer 1
 62
   155
100
AcDbSpline
210
0.0
220
0.0
230
1.0
 70
    11
 71
     3
 72
    48
 73
    44
 74
     0
 42
0.000000001
 43
0.0000000001
 40
0.0
 40
0.0
 40
0.0
 40
0.0
 40
0.0833333333333333
 40
0.0833333333333333
 40
0.0833333333333333
 40
0.0833333333333333
 40
0.1666666666666667
 40
0.1666666666666667
 40
0.1666666666666667
 40
0.1666666666666667
 40
0.25
 40
0.25
 40
0.25
 40
0.25
 40
0.3333333333333333
 40
0.3333333333333333
 40
0.3333333333333333
 40
0.3333333333333333
 40
0.4166666666666667
 40
0.4166666666666667
 40
0.4166666666666667
 40
0.4166666666666667
 40
0.5
 40
0.5
 40
0.5
 40
0.5
 40
0.5833333333333334
 40
0.5833333333333334
 40
0.5833333333333334
 40
0.5833333333333334
 40
0.6666666666666666
 40
0.6666666666666666
 40
0.6666666666666666
 40
0.6666666666666666
 40
0.75
 40
0.75
 40
0.75
 40
0.75
 40
0.8333333333333334
 40
0.8333333333333334
 40
0.8333333333333334
 40
0.8333333333333334
 40
1.0
 40
1.0
 40
1.0
 40
1.0
 10
-2.87829
 20
6.61955
 30
0.0
 10
-2.86829
 20
6.62296
 30
0.0
 10
-2.85785
 20
6.62345
 30
0.0
 10
-2.84693
 20
6.62709
 30
0.0
 10
-2.84693
 20
6.62709
 30
0.0
 10
-2.8302
 20
6.63266
 30
0.0
 10
-2.81505
 20
6.6409
 30
0.0
 10
-2.79994
 20
6.64984
 30
0.0
 10
-2.79994
 20
6.64984
 30
0.0
 10
-2.79014
 20
6.65568
 30
0.0
 10
-2.78902
 20
6.65714
 30
0.0
 10
-2.79071
 20
6.65244
 30
0.0
 10
-2.79071
 20
6.65244
 30
0.0
 10
-2.79364
 20
6.64429
 30
0.0
 10
-2.8025
 20
6.62375
 30
0.0
 10
-2.80533
 20
6.61486
 30
0.0
 10
-2.80533
 20
6.61486
 30
0.0
 10
-2.80822
 20
6.60574
 30
0.0
 10
-2.80016
 20
6.60582
 30
0.0
 10
-2.80475
 20
6.5992
 30
0.0
 10
-2.80475
 20
6.5992
 30
0.0
 10
-2.81454
 20
6.58374
 30
0.0
 10
-2.82043
 20
6.56629
 30
0.0
 10
-2.82853
 20
6.54973
 30
0.0
 10
-2.82853
 20
6.54973
 30
0.0
 10
-2.83602
 20
6.53441
 30
0.0
 10
-2.84053
 20
6.52169
 30
0.0
 10
-2.8462
 20
6.50581
 30
0.0
 10
-2.8462
 20
6.50581
 30
0.0
 10
-2.84957
 20
6.49639
 30
0.0
 10
-2.85108
 20
6.5034
 30
0.0
 10
-2.85283
 20
6.50969
 30
0.0
 10
-2.85283
 20
6.50969
 30
0.0
 10
-2.85674
 20
6.52379
 30
0.0
 10
-2.85981
 20
6.5393
 30
0.0
 10
-2.8635
 20
6.55376
 30
0.0
 10
-2.8635
 20
6.55376
 30
0.0
 10
-2.86591
 20
6.56322
 30
0.0
 10
-2.87939
 20
6.61207
 30
0.0
 10
-2.87854
 20
6.61791
 30
0.0
 10
-2.87854
 20
6.61791
 30
0.0
 10
-2.87854
 20
6.61791
 30
0.0
 10
-2.87829
 20
6.61955
 30
0.0
 10
-2.87829
 20
6.61955
 30
0.0
  0
SPLINE
  5
7F
330
1F
100
AcDbEntity
  8
layer 1
 62
   155
100
AcDbSpline
210
0.0
220
0.0
230
1.0
 70
    11
 71
     3
 72
    84
 73
    80
 74
     0
 42
0.000000001
 43
0.0000000001
 40
0.0
 40
0.0
 40
0.0
 40
0.0
 40
0.0476190476190476
 40
0.0476190476190476
 40
0.0476190476190476
 40
0.0476190476190476
 40
0.0952380952380952
 40
0.0952380952380952
 40
0.0952380952380952
 40
0.0952380952380952
 40
0.1428571428571428
 40
0.1428571428571428
 40
0.1428571428571428
 40
0.1428571428571428
 40
0.1904761904761905
 40
0.1904761904761905
 40
0.1904761904761905
 40
0.1904761904761905
 40
0.2380952380952381
 40
0.2380952380952381
 40
0.2380952380952381
 40
0.2380952380952381
 40
0.2857142857142857
 40
0.2857142857142857
 40
0.2857142857142857
 40
0.2857142857142857
 40
0.3333333333333333
 40
0.3333333333333333
 40
0.3333333333333333
 40
0.3333333333333333
 40
0.3809523809523809
 40
0.3809523809523809
 40
0.3809523809523809
 40
0.3809523809523809
 40
0.4285714285714285
 40
0.4285714285714285
 40
0.4285714285714285
 40
0.4285714285714285
 40
0.4761904761904762
 40
0.4761904761904762
 40
0.4761904761904762
 40
0.4761904761904762
 40
0.5238095238095238
 40
0.5238095238095238
 40
0.5238095238095238
 40
0.5238095238095238
 40
0.5714285714285714
 40
0.5714285714285714
 40
0.5714285714285714
 40
0.5714285714285714
 40
0.6190476190476191
 40
0.6190476190476191
 40
0.6190476190476191
 40
0.6190476190476191
 40
0.6666666666666666
 40
0.6666666666666666
 40
0.6666666666666666
 40
0.6666666666666666
 40
0.7142857142857143
 40
0.7142857142857143
 40
0.7142857142857143
 40
0.7142857142857143
 40
0.7619047619047619
 40
0.7619047619047619
 40
0.7619047619047619
 40
0.7619047619047619
 40
0.8095238095238095
 40
0.8095238095238095
 40
0.8095238095238095
 40
0.8095238095238095
 40
0.8571428571428571
 40
0.8571428571428571
 40
0.8571428571428571
 40
0.8571428571428571
 40
0.9047619047619048
 40
0.9047619047619048
 40
0.9047619047619048
 40
0.9047619047619048
 40
1.0
 40
1.0
 40
1.0
 40
1.0
 10
-2.90197
 20
6.39411
 30
0.0
 10
-2.90637
 20
6.3914
 30
0.0
 10
-2.91068
 20
6.38857
 30
0.0
 10
-2.91414
 20
6.38441
 30
0.0
 10
-2.91414
 20
6.38441
 30
0.0
 10
-2.92117
 20
6.37572
 30
0.0
 10
-2.92284
 20
6.37362
 30
0.0
 10
-2.91843
 20
6.36338
 30
0.0
 10
-2.91843
 20
6.36338
 30
0.0
 10
-2.91616
 20
6.35811
 30
0.0
 10
-2.91855
 20
6.35921
 30
0.0
 10
-2.92007
 20
6.35345
 30
0.0
 10
-2.92007
 20
6.35345
 30
0.0
 10
-2.92154
 20
6.34784
 30
0.0
 10
-2.92044
 20
6.34589
 30
0.0
 10
-2.92765
 20
6.34406
 30
0.0
 10
-2.92765
 20
6.34406
 30
0.0
 10
-2.93167
 20
6.34303
 30
0.0
 10
-2.96454
 20
6.34382
 30
0.0
 10
-2.97167
 20
6.34382
 30
0.0
 10
-2.97167
 20
6.34382
 30
0.0
 10
-3.01857
 20
6.34382
 30
0.0
 10
-3.06543
 20
6.34389
 30
0.0
 10
-3.11233
 20
6.34361
 30
0.0
 10
-3.11233
 20
6.34361
 30
0.0
 10
-3.11681
 20
6.34359
 30
0.0
 10
-3.11932
 20
6.34368
 30
0.0
 10
-3.12367
 20
6.34485
 30
0.0
 10
-3.12367
 20
6.34485
 30
0.0
 10
-3.12567
 20
6.3514
 30
0.0
 10
-3.12464
 20
6.37917
 30
0.0
 10
-3.12462
 20
6.38791
 30
0.0
 10
-3.12462
 20
6.38791
 30
0.0
 10
-3.12447
 20
6.43619
 30
0.0
 10
-3.1243
 20
6.48445
 30
0.0
 10
-3.12517
 20
6.53273
 30
0.0
 10
-3.12517
 20
6.53273
 30
0.0
 10
-3.12559
 20
6.55539
 30
0.0
 10
-3.12158
 20
6.55564
 30
0.0
 10
-3.10278
 20
6.56588
 30
0.0
 10
-3.10278
 20
6.56588
 30
0.0
 10
-3.09718
 20
6.56894
 30
0.0
 10
-3.09152
 20
6.57192
 30
0.0
 10
-3.08594
 20
6.57501
 30
0.0
 10
-3.08594
 20
6.57501
 30
0.0
 10
-3.06625
 20
6.58604
 30
0.0
 10
-3.04656
 20
6.59707
 30
0.0
 10
-3.02687
 20
6.6081
 30
0.0
 10
-3.02687
 20
6.6081
 30
0.0
 10
-3.02687
 20
6.6081
 30
0.0
 10
-3.02318
 20
6.61017
 30
0.0
 10
-3.02318
 20
6.61017
 30
0.0
 10
-3.02318
 20
6.61017
 30
0.0
 10
-3.01733
 20
6.6135
 30
0.0
 10
-3.01743
 20
6.61366
 30
0.0
 10
-3.01333
 20
6.60855
 30
0.0
 10
-3.01333
 20
6.60855
 30
0.0
 10
-3.00861
 20
6.60265
 30
0.0
 10
-3.00538
 20
6.60158
 30
0.0
 10
-2.9982
 20
6.60391
 30
0.0
 10
-2.9982
 20
6.60391
 30
0.0
 10
-2.98445
 20
6.60752
 30
0.0
 10
-2.97344
 20
6.59991
 30
0.0
 10
-2.95764
 20
6.61152
 30
0.0
 10
-2.95764
 20
6.61152
 30
0.0
 10
-2.94741
 20
6.61904
 30
0.0
 10
-2.94778
 20
6.62613
 30
0.0
 10
-2.93506
 20
6.61897
 30
0.0
 10
-2.93506
 20
6.61897
 30
0.0
 10
-2.92102
 20
6.61107
 30
0.0
 10
-2.91718
 20
6.61421
 30
0.0
 10
-2.90338
 20
6.61453
 30
0.0
 10
-2.90338
 20
6.61453
 30
0.0
 10
-2.90065
 20
6.60678
 30
0.0
 10
-2.90197
 20
6.56625
 30
0.0
 10
-2.90197
 20
6.55455
 30
0.0
 10
-2.90197
 20
6.55455
 30
0.0
 10
-2.90197
 20
6.50108
 30
0.0
 10
-2.90197
 20
6.44759
 30
0.0
 10
-2.90197
 20
6.39411
 30
0.0
  0
SPLINE
  5
80
330
1F
100
AcDbEntity
  8
layer 1
 62
    30
100
AcDbSpline
210
0.0
220
0.0
230
1.0
 70
    11
 71
     3
 72
    28
 73
    24
 74
     0
 42
0.000000001
 43
0.0000000001
 40
0.0
 40
0.0
 40
0.0
 40
0.0
 40
0.1428571428571428
 40
0.1428571428571428
 40
0.1428571428571428
 40
0.1428571428571428
 40
0.2857142857142857
 40
0.2857142857142857
 40
0.2857142857142857
 40
0.2857142857142857
 40
0.4285714285714285
 40
0.4285714285714285
 40
0.4285714285714285
 40
0.4285714285714285
 40
0.5714285714285714
 40
0.5714285714285714
 40
0.5714285714285714
 40
0.5714285714285714
 40
0.7142857142857143
 40
0.7142857142857143
 40
0.7142857142857143
 40
0.7142857142857143
 40
1.0
 40
1.0
 40
1.0
 40
1.0
 10
-2.22821
 20
6.40264
 30
0.0
 10
-2.22982
 20
6.40581
 30
0.0
 10
-2.23043
 20
6.40779
 30
0.0
 10
-2.23513
 20
6.40626
 30
0.0
 10
-2.23513
 20
6.40626
 30
0.0
 10
-2.24309
 20
6.4027
 30
0.0
 10
-2.23992
 20
6.39686
 30
0.0
 10
-2.23567
 20
6.3912
 30
0.0
 10
-2.23567
 20
6.3912
 30
0.0
 10
-2.2303
 20
6.38402
 30
0.0
 10
-2.22061
 20
6.37355
 30
0.0
 10
-2.21081
 20
6.3744
 30
0.0
 10
-2.21081
 20
6.3744
 30
0.0
 10
-2.21128
 20
6.37675
 30
0.0
 10
-2.21158
 20
6.37541
 30
0.0
 10
-2.21165
 20
6.37862
 30
0.0
 10
-2.21165
 20
6.37862
 30
0.0
 10
-2.21187
 20
6.38957
 30
0.0
 10
-2.22169
 20
6.39143
 30
0.0
 10
-2.22689
 20
6.40037
 30
0.0
 10
-2.22689
 20
6.40037
 30
0.0
 10
-2.22689
 20
6.40037
 30
0.0
 10
-2.22821
 20
6.40264
 30
0.0
 10
-2.22821
 20
6.40264
 30
0.0
  0
SPLINE
  5
81
330
1F
100
AcDbEntity
  8
layer 1
 62
    30
100
AcDbSpline
210
0.0
220
0.0
230
1.0
 70
    11
 71
     3
 72
   340
 73
   336
 74
     0
 42
0.000000001
 43
0.0000000001
 40
0.0
 40
0.0
 40
0.0
 40
0.0
 40
0.0117647058823529
 40
0.0117647058823529
 40
0.0117647058823529
 40
0.0117647058823529
 40
0.0235294117647059
 40
0.0235294117647059
 40
0.0235294117647059
 40
0.0235294117647059
 40
0.0352941176470588
 40
0.0352941176470588
 40
0.0352941176470588
 40
0.0352941176470588
 40
0.0470588235294118
 40
0.0470588235294118
 40
0.0470588235294118
 40
0.0470588235294118
 40
0.0588235294117647
 40
0.0588235294117647
 40
0.0588235294117647
 40
0.0588235294117647
 40
0.0705882352941176
 40
0.0705882352941176
 40
0.0705882352941176
 40
0.0705882352941176
 40
0.0823529411764706
 40
0.0823529411764706
 40
0.0823529411764706
 40
0.0823529411764706
 40
0.0941176470588235
 40
0.0941176470588235
 40
0.0941176470588235
 40
0.0941176470588235
 40
0.1058823529411765
 40
0.1058823529411765
 40
0.1058823529411765
 40
0.1058823529411765
 40
0.1176470588235294
 40
0.1176470588235294
 40
0.1176470588235294
 40
0.1176470588235294
 40
0.1294117647058824
 40
0.1294117647058824
 40
0.1294117647058824
 40
0.1294117647058824
 40
0.1411764705882353
 40
0.1411764705882353
 40
0.1411764705882353
 40
0.1411764705882353
 40
0.1529411764705882
 40
0.1529411764705882
 40
0.1529411764705882
 40
0.1529411764705882
 40
0.1647058823529412
 40
0.1647058823529412
 40
0.1647058823529412
 40
0.1647058823529412
 40
0.1764705882352941
 40
0.1764705882352941
 40
0.1764705882352941
 40
0.1764705882352941
 40
0.1882352941176471
 40
0.1882352941176471
 40
0.1882352941176471
 40
0.1882352941176471
 40
0.2
 40
0.2
 40
0.2
 40
0.2
 40
0.2117647058823529
 40
0.2117647058823529
 40
0.2117647058823529
 40
0.2117647058823529
 40
0.2235294117647059
 40
0.2235294117647059
 40
0.2235294117647059
 40
0.2235294117647059
 40
0.2352941176470588
 40
0.2352941176470588
 40
0.2352941176470588
 40
0.2352941176470588
 40
0.2470588235294118
 40
0.2470588235294118
 40
0.2470588235294118
 40
0.2470588235294118
 40
0.2588235294117647
 40
0.2588235294117647
 40
0.2588235294117647
 40
0.2588235294117647
 40
0.2705882352941176
 40
0.2705882352941176
 40
0.2705882352941176
 40
0.2705882352941176
 40
0.2823529411764706
 40
0.2823529411764706
 40
0.2823529411764706
 40
0.2823529411764706
 40
0.2941176470588235
 40
0.2941176470588235
 40
0.2941176470588235
 40
0.2941176470588235
 40
0.3058823529411765
 40
0.3058823529411765
 40
0.3058823529411765
 40
0.3058823529411765
 40
0.3176470588235294
 40
0.3176470588235294
 40
0.3176470588235294
 40
0.3176470588235294
 40
0.3294117647058823
 40
0.3294117647058823
 40
0.3294117647058823
 40
0.3294117647058823
 40
0.3411764705882353
 40
0.3411764705882353
 40
0.3411764705882353
 40
0.3411764705882353
 40
0.3529411764705883
 40
0.3529411764705883
 40
0.3529411764705883
 40
0.3529411764705883
 40
0.3647058823529412
 40
0.3647058823529412
 40
0.3647058823529412
 40
0.3647058823529412
 40
0.3764705882352941
 40
0.3764705882352941
 40
0.3764705882352941
 40
0.3764705882352941
 40
0.3882352941176471
 40
0.3882352941176471
 40
0.3882352941176471
 40
0.3882352941176471
 40
0.4
 40
0.4
 40
0.4
 40
0.4
 40
0.4117647058823529
 40
0.4117647058823529
 40
0.4117647058823529
 40
0.4117647058823529
 40
0.4235294117647059
 40
0.4235294117647059
 40
0.4235294117647059
 40
0.4235294117647059
 40
0.4352941176470588
 40
0.4352941176470588
 40
0.4352941176470588
 40
0.4352941176470588
 40
0.4470588235294118
 40
0.4470588235294118
 40
0.4470588235294118
 40
0.4470588235294118
 40
0.4588235294117647
 40
0.4588235294117647
 40
0.4588235294117647
 40
0.4588235294117647
 40
0.4705882352941176
 40
0.4705882352941176
 40
0.4705882352941176
 40
0.4705882352941176
 40
0.4823529411764706
 40
0.4823529411764706
 40
0.4823529411764706
 40
0.4823529411764706
 40
0.4941176470588236
 40
0.4941176470588236
 40
0.4941176470588236
 40
0.4941176470588236
 40
0.5058823529411764
 40
0.5058823529411764
 40
0.5058823529411764
 40
0.5058823529411764
 40
0.5176470588235295
 40
0.5176470588235295
 40
0.5176470588235295
 40
0.5176470588235295
 40
0.5294117647058824
 40
0.5294117647058824
 40
0.5294117647058824
 40
0.5294117647058824
 40
0.5411764705882353
 40
0.5411764705882353
 40
0.5411764705882353
 40
0.5411764705882353
 40
0.5529411764705883
 40
0.5529411764705883
 40
0.5529411764705883
 40
0.5529411764705883
 40
0.5647058823529412
 40
0.5647058823529412
 40
0.5647058823529412
 40
0.5647058823529412
 40
0.5764705882352941
 40
0.5764705882352941
 40
0.5764705882352941
 40
0.5764705882352941
 40
0.5882352941176471
 40
0.5882352941176471
 40
0.5882352941176471
 40
0.5882352941176471
 40
0.6
 40
0.6
 40
0.6
 40
0.6
 40
0.611764705882353
 40
0.611764705882353
 40
0.611764705882353
 40
0.611764705882353
 40
0.6235294117647059
 40
0.6235294117647059
 40
0.6235294117647059
 40
0.6235294117647059
 40
0.6352941176470588
 40
0.6352941176470588
 40
0.6352941176470588
 40
0.6352941176470588
 40
0.6470588235294118
 40
0.6470588235294118
 40
0.6470588235294118
 40
0.6470588235294118
 40
0.6588235294117647
 40
0.6588235294117647
 40
0.6588235294117647
 40
0.6588235294117647
 40
0.6705882352941176
 40
0.6705882352941176
 40
0.6705882352941176
 40
0.6705882352941176
 40
0.6823529411764706
 40
0.6823529411764706
 40
0.6823529411764706
 40
0.6823529411764706
 40
0.6941176470588235
 40
0.6941176470588235
 40
0.6941176470588235
 40
0.6941176470588235
 40
0.7058823529411765
 40
0.7058823529411765
 40
0.7058823529411765
 40
0.7058823529411765
 40
0.7176470588235294
 40
0.7176470588235294
 40
0.7176470588235294
 40
0.7176470588235294
 40
0.7294117647058823
 40
0.7294117647058823
 40
0.7294117647058823
 40
0.7294117647058823
 40
0.7411764705882353
 40
0.7411764705882353
 40
0.7411764705882353
 40
0.7411764705882353
 40
0.7529411764705882
 40
0.7529411764705882
 40
0.7529411764705882
 40
0.7529411764705882
 40
0.7647058823529411
 40
0.7647058823529411
 40
0.7647058823529411
 40
0.7647058823529411
 40
0.7764705882352941
 40
0.7764705882352941
 40
0.7764705882352941
 40
0.7764705882352941
 40
0.788235294117647
 40
0.788235294117647
 40
0.788235294117647
 40
0.788235294117647
 40
0.8
 40
0.8
 40
0.8
 40
0.8
 40
0.8117647058823529
 40
0.8117647058823529
 40
0.8117647058823529
 40
0.8117647058823529
 40
0.8235294117647058
 40
0.8235294117647058
 40
0.8235294117647058
 40
0.8235294117647058
 40
0.8352941176470589
 40
0.8352941176470589
 40
0.8352941176470589
 40
0.8352941176470589
 40
0.8470588235294118
 40
0.8470588235294118
 40
0.8470588235294118
 40
0.8470588235294118
 40
0.8588235294117647
 40
0.8588235294117647
 40
0.8588235294117647
 40
0.8588235294117647
 40
0.8705882352941177
 40
0.8705882352941177
 40
0.8705882352941177
 40
0.8705882352941177
 40
0.8823529411764706
 40
0.8823529411764706
 40
0.8823529411764706
 40
0.8823529411764706
 40
0.8941176470588236
 40
0.8941176470588236
 40
0.8941176470588236
 40
0.8941176470588236
 40
0.9058823529411765
 40
0.9058823529411765
 40
0.9058823529411765
 40
0.9058823529411765
 40
0.9176470588235294
 40
0.9176470588235294
 40
0.9176470588235294
 40
0.9176470588235294
 40
0.9294117647058824
 40
0.9294117647058824
 40
0.9294117647058824
 40
0.9294117647058824
 40
0.9411764705882353
 40
0.9411764705882353
 40
0.9411764705882353
 40
0.9411764705882353
 40
0.9529411764705882
 40
0.9529411764705882
 40
0.9529411764705882
 40
0.9529411764705882
 40
0.9647058823529412
 40
0.9647058823529412
 40
0.9647058823529412
 40
0.9647058823529412
 40
0.9764705882352941
 40
0.9764705882352941
 40
0.9764705882352941
 40
0.9764705882352941
 40
1.0
 40
1.0
 40
1.0
 40
1.0
 10
-2.35007
 20
6.8349
 30
0.0
 10
-2.37297
 20
6.84386
 30
0.0
 10
-2.37682
 20
6.85136
 30
0.0
 10
-2.38123
 20
6.87478
 30
0.0
 10
-2.38123
 20
6.87478
 30
0.0
 10
-2.38353
 20
6.88721
 30
0.0
 10
-2.37896
 20
6.90269
 30
0.0
 10
-2.37663
 20
6.91531
 30
0.0
 10
-2.37663
 20
6.91531
 30
0.0
 10
-2.37603
 20
6.91857
 30
0.0
 10
-2.37925
 20
6.9222
 30
0.0
 10
-2.38247
 20
6.92154
 30
0.0
 10
-2.38247
 20
6.92154
 30
0.0
 10
-2.38812
 20
6.92037
 30
0.0
 10
-2.40542
 20
6.92351
 30
0.0
 10
-2.41105
 20
6.90944
 30
0.0
 10
-2.41105
 20
6.90944
 30
0.0
 10
-2.41751
 20
6.89145
 30
0.0
 10
-2.41275
 20
6.85612
 30
0.0
 10
-2.39895
 20
6.8422
 30
0.0
 10
-2.39895
 20
6.8422
 30
0.0
 10
-2.39471
 20
6.83792
 30
0.0
 10
-2.38332
 20
6.83494
 30
0.0
 10
-2.37722
 20
6.83242
 30
0.0
 10
-2.37722
 20
6.83242
 30
0.0
 10
-2.36011
 20
6.82536
 30
0.0
 10
-2.34271
 20
6.81649
 30
0.0
 10
-2.32541
 20
6.80903
 30
0.0
 10
-2.32541
 20
6.80903
 30
0.0
 10
-2.28162
 20
6.7902
 30
0.0
 10
-2.23708
 20
6.77327
 30
0.0
 10
-2.19325
 20
6.75464
 30
0.0
 10
-2.19325
 20
6.75464
 30
0.0
 10
-2.18239
 20
6.75002
 30
0.0
 10
-2.18348
 20
6.75084
 30
0.0
 10
-2.18321
 20
6.73856
 30
0.0
 10
-2.18321
 20
6.73856
 30
0.0
 10
-2.18303
 20
6.73071
 30
0.0
 10
-2.18241
 20
6.71
 30
0.0
 10
-2.18387
 20
6.70309
 30
0.0
 10
-2.18387
 20
6.70309
 30
0.0
 10
-2.19526
 20
6.7019
 30
0.0
 10
-2.21319
 20
6.70255
 30
0.0
 10
-2.22521
 20
6.70255
 30
0.0
 10
-2.22521
 20
6.70255
 30
0.0
 10
-2.25329
 20
6.70256
 30
0.0
 10
-2.28132
 20
6.70289
 30
0.0
 10
-2.30937
 20
6.70302
 30
0.0
 10
-2.30937
 20
6.70302
 30
0.0
 10
-2.31385
 20
6.70304
 30
0.0
 10
-2.31639
 20
6.70291
 30
0.0
 10
-2.32073
 20
6.70178
 30
0.0
 10
-2.32073
 20
6.70178
 30
0.0
 10
-2.32269
 20
6.69471
 30
0.0
 10
-2.32172
 20
6.66758
 30
0.0
 10
-2.32172
 20
6.65839
 30
0.0
 10
-2.32172
 20
6.65839
 30
0.0
 10
-2.32172
 20
6.61547
 30
0.0
 10
-2.32136
 20
6.57222
 30
0.0
 10
-2.32184
 20
6.52933
 30
0.0
 10
-2.32184
 20
6.52933
 30
0.0
 10
-2.3219
 20
6.52417
 30
0.0
 10
-2.32192
 20
6.52047
 30
0.0
 10
-2.32104
 20
6.51534
 30
0.0
 10
-2.32104
 20
6.51534
 30
0.0
 10
-2.30698
 20
6.51331
 30
0.0
 10
-2.2846
 20
6.51465
 30
0.0
 10
-2.26949
 20
6.51465
 30
0.0
 10
-2.26949
 20
6.51465
 30
0.0
 10
-2.24467
 20
6.51465
 30
0.0
 10
-2.21973
 20
6.51484
 30
0.0
 10
-2.19493
 20
6.51469
 30
0.0
 10
-2.19493
 20
6.51469
 30
0.0
 10
-2.19232
 20
6.51468
 30
0.0
 10
-2.19093
 20
6.5144
 30
0.0
 10
-2.19139
 20
6.5111
 30
0.0
 10
-2.19139
 20
6.5111
 30
0.0
 10
-2.19198
 20
6.50679
 30
0.0
 10
-2.1967
 20
6.5091
 30
0.0
 10
-2.1987
 20
6.50012
 30
0.0
 10
-2.1987
 20
6.50012
 30
0.0
 10
-2.20061
 20
6.49156
 30
0.0
 10
-2.21349
 20
6.48075
 30
0.0
 10
-2.22002
 20
6.4746
 30
0.0
 10
-2.22002
 20
6.4746
 30
0.0
 10
-2.22554
 20
6.4694
 30
0.0
 10
-2.22776
 20
6.46664
 30
0.0
 10
-2.23259
 20
6.46118
 30
0.0
 10
-2.23259
 20
6.46118
 30
0.0
 10
-2.23719
 20
6.45598
 30
0.0
 10
-2.25932
 20
6.4435
 30
0.0
 10
-2.25416
 20
6.43578
 30
0.0
 10
-2.25416
 20
6.43578
 30
0.0
 10
-2.25359
 20
6.43492
 30
0.0
 10
-2.25352
 20
6.43522
 30
0.0
 10
-2.2533
 20
6.43418
 30
0.0
 10
-2.2533
 20
6.43418
 30
0.0
 10
-2.25357
 20
6.43302
 30
0.0
 10
-2.25656
 20
6.43312
 30
0.0
 10
-2.2564
 20
6.43095
 30
0.0
 10
-2.2564
 20
6.43095
 30
0.0
 10
-2.25618
 20
6.42798
 30
0.0
 10
-2.26849
 20
6.42229
 30
0.0
 10
-2.273
 20
6.41982
 30
0.0
 10
-2.273
 20
6.41982
 30
0.0
 10
-2.27571
 20
6.41834
 30
0.0
 10
-2.27836
 20
6.41186
 30
0.0
 10
-2.2772
 20
6.40901
 30
0.0
 10
-2.2772
 20
6.40901
 30
0.0
 10
-2.27073
 20
6.39552
 30
0.0
 10
-2.21896
 20
6.35816
 30
0.0
 10
-2.20425
 20
6.34963
 30
0.0
 10
-2.20425
 20
6.34963
 30
0.0
 10
-2.19334
 20
6.3433
 30
0.0
 10
-2.18185
 20
6.3428
 30
0.0
 10
-2.17838
 20
6.35706
 30
0.0
 10
-2.17838
 20
6.35706
 30
0.0
 10
-2.17606
 20
6.36658
 30
0.0
 10
-2.17031
 20
6.35927
 30
0.0
 10
-2.16501
 20
6.3724
 30
0.0
 10
-2.16501
 20
6.3724
 30
0.0
 10
-2.16075
 20
6.38294
 30
0.0
 10
-2.17319
 20
6.38381
 30
0.0
 10
-2.17387
 20
6.38465
 30
0.0
 10
-2.17387
 20
6.38465
 30
0.0
 10
-2.1755
 20
6.38669
 30
0.0
 10
-2.16925
 20
6.39002
 30
0.0
 10
-2.17769
 20
6.40248
 30
0.0
 10
-2.17769
 20
6.40248
 30
0.0
 10
-2.17951
 20
6.40515
 30
0.0
 10
-2.18096
 20
6.40653
 30
0.0
 10
-2.18094
 20
6.4098
 30
0.0
 10
-2.18094
 20
6.4098
 30
0.0
 10
-2.17952
 20
6.41518
 30
0.0
 10
-2.17624
 20
6.41599
 30
0.0
 10
-2.17541
 20
6.42477
 30
0.0
 10
-2.17541
 20
6.42477
 30
0.0
 10
-2.17479
 20
6.43132
 30
0.0
 10
-2.17666
 20
6.43872
 30
0.0
 10
-2.18028
 20
6.44422
 30
0.0
 10
-2.18028
 20
6.44422
 30
0.0
 10
-2.1817
 20
6.44638
 30
0.0
 10
-2.17909
 20
6.4466
 30
0.0
 10
-2.17653
 20
6.45034
 30
0.0
 10
-2.17653
 20
6.45034
 30
0.0
 10
-2.17538
 20
6.45202
 30
0.0
 10
-2.1596
 20
6.46066
 30
0.0
 10
-2.15907
 20
6.46051
 30
0.0
 10
-2.15907
 20
6.46051
 30
0.0
 10
-2.15769
 20
6.46012
 30
0.0
 10
-2.15824
 20
6.43691
 30
0.0
 10
-2.15823
 20
6.43476
 30
0.0
 10
-2.15823
 20
6.43476
 30
0.0
 10
-2.1582
 20
6.40738
 30
0.0
 10
-2.15821
 20
6.3796
 30
0.0
 10
-2.15843
 20
6.35223
 30
0.0
 10
-2.15843
 20
6.35223
 30
0.0
 10
-2.15852
 20
6.34163
 30
0.0
 10
-2.15631
 20
6.34395
 30
0.0
 10
-2.16681
 20
6.34377
 30
0.0
 10
-2.16681
 20
6.34377
 30
0.0
 10
-2.19374
 20
6.34333
 30
0.0
 10
-2.22164
 20
6.34382
 30
0.0
 10
-2.2487
 20
6.34382
 30
0.0
 10
-2.2487
 20
6.34382
 30
0.0
 10
-2.34438
 20
6.34383
 30
0.0
 10
-2.44007
 20
6.34357
 30
0.0
 10
-2.53574
 20
6.34356
 30
0.0
 10
-2.53574
 20
6.34356
 30
0.0
 10
-2.54437
 20
6.34356
 30
0.0
 10
-2.54431
 20
6.34504
 30
0.0
 10
-2.54468
 20
6.35357
 30
0.0
 10
-2.54468
 20
6.35357
 30
0.0
 10
-2.54526
 20
6.36673
 30
0.0
 10
-2.54445
 20
6.38256
 30
0.0
 10
-2.54446
 20
6.39615
 30
0.0
 10
-2.54446
 20
6.39615
 30
0.0
 10
-2.54447
 20
6.41909
 30
0.0
 10
-2.54454
 20
6.44203
 30
0.0
 10
-2.54468
 20
6.46498
 30
0.0
 10
-2.54468
 20
6.46498
 30
0.0
 10
-2.54473
 20
6.47403
 30
0.0
 10
-2.54225
 20
6.47314
 30
0.0
 10
-2.53342
 20
6.47722
 30
0.0
 10
-2.53342
 20
6.47722
 30
0.0
 10
-2.52188
 20
6.48254
 30
0.0
 10
-2.50941
 20
6.48939
 30
0.0
 10
-2.49803
 20
6.4942
 30
0.0
 10
-2.49803
 20
6.4942
 30
0.0
 10
-2.49543
 20
6.4953
 30
0.0
 10
-2.49315
 20
6.49597
 30
0.0
 10
-2.49043
 20
6.49665
 30
0.0
 10
-2.49043
 20
6.49665
 30
0.0
 10
-2.48745
 20
6.48551
 30
0.0
 10
-2.48587
 20
6.48067
 30
0.0
 10
-2.48128
 20
6.47007
 30
0.0
 10
-2.48128
 20
6.47007
 30
0.0
 10
-2.47686
 20
6.45985
 30
0.0
 10
-2.47985
 20
6.45432
 30
0.0
 10
-2.46682
 20
6.4531
 30
0.0
 10
-2.46682
 20
6.4531
 30
0.0
 10
-2.45339
 20
6.45255
 30
0.0
 10
-2.44379
 20
6.4624
 30
0.0
 10
-2.44224
 20
6.47526
 30
0.0
 10
-2.44224
 20
6.47526
 30
0.0
 10
-2.44224
 20
6.47526
 30
0.0
 10
-2.44182
 20
6.47874
 30
0.0
 10
-2.44182
 20
6.47874
 30
0.0
 10
-2.44182
 20
6.47874
 30
0.0
 10
-2.43952
 20
6.51141
 30
0.0
 10
-2.45099
 20
6.50954
 30
0.0
 10
-2.44911
 20
6.55454
 30
0.0
 10
-2.44911
 20
6.55454
 30
0.0
 10
-2.44893
 20
6.55887
 30
0.0
 10
-2.44915
 20
6.56322
 30
0.0
 10
-2.44909
 20
6.56757
 30
0.0
 10
-2.44909
 20
6.56757
 30
0.0
 10
-2.44886
 20
6.58373
 30
0.0
 10
-2.45535
 20
6.58505
 30
0.0
 10
-2.46258
 20
6.56981
 30
0.0
 10
-2.46258
 20
6.56981
 30
0.0
 10
-2.46325
 20
6.5684
 30
0.0
 10
-2.46463
 20
6.56826
 30
0.0
 10
-2.46601
 20
6.56833
 30
0.0
 10
-2.46601
 20
6.56833
 30
0.0
 10
-2.48221
 20
6.56772
 30
0.0
 10
-2.48023
 20
6.55897
 30
0.0
 10
-2.48811
 20
6.55814
 30
0.0
 10
-2.48811
 20
6.55814
 30
0.0
 10
-2.49357
 20
6.55758
 30
0.0
 10
-2.4988
 20
6.55624
 30
0.0
 10
-2.50473
 20
6.55561
 30
0.0
 10
-2.50473
 20
6.55561
 30
0.0
 10
-2.51471
 20
6.55455
 30
0.0
 10
-2.52364
 20
6.5537
 30
0.0
 10
-2.53373
 20
6.55397
 30
0.0
 10
-2.53373
 20
6.55397
 30
0.0
 10
-2.53683
 20
6.55409
 30
0.0
 10
-2.53832
 20
6.55516
 30
0.0
 10
-2.53822
 20
6.55853
 30
0.0
 10
-2.53822
 20
6.55853
 30
0.0
 10
-2.53797
 20
6.56624
 30
0.0
 10
-2.53801
 20
6.57395
 30
0.0
 10
-2.5375
 20
6.58166
 30
0.0
 10
-2.5375
 20
6.58166
 30
0.0
 10
-2.53648
 20
6.59743
 30
0.0
 10
-2.54045
 20
6.62024
 30
0.0
 10
-2.54445
 20
6.64376
 30
0.0
 10
-2.54445
 20
6.64376
 30
0.0
 10
-2.54445
 20
6.82475
 30
0.0
 10
-2.54401
 20
7.00574
 30
0.0
 10
-2.54474
 20
7.18672
 30
0.0
 10
-2.54474
 20
7.18672
 30
0.0
 10
-2.54475
 20
7.18877
 30
0.0
 10
-2.54448
 20
7.19622
 30
0.0
 10
-2.54304
 20
7.19765
 30
0.0
 10
-2.54304
 20
7.19765
 30
0.0
 10
-2.54049
 20
7.20019
 30
0.0
 10
-2.50988
 20
7.19905
 30
0.0
 10
-2.50442
 20
7.19905
 30
0.0
 10
-2.50442
 20
7.19905
 30
0.0
 10
-2.40261
 20
7.19905
 30
0.0
 10
-2.30065
 20
7.19865
 30
0.0
 10
-2.19887
 20
7.19907
 30
0.0
 10
-2.19887
 20
7.19907
 30
0.0
 10
-2.19519
 20
7.19908
 30
0.0
 10
-2.17687
 20
7.19994
 30
0.0
 10
-2.17483
 20
7.19782
 30
0.0
 10
-2.17483
 20
7.19782
 30
0.0
 10
-2.17247
 20
7.19537
 30
0.0
 10
-2.1736
 20
7.16243
 30
0.0
 10
-2.1736
 20
7.15687
 30
0.0
 10
-2.1736
 20
7.15687
 30
0.0
 10
-2.1736
 20
7.11811
 30
0.0
 10
-2.17358
 20
7.07941
 30
0.0
 10
-2.17337
 20
7.04065
 30
0.0
 10
-2.17337
 20
7.04065
 30
0.0
 10
-2.17336
 20
7.03881
 30
0.0
 10
-2.17358
 20
7.03062
 30
0.0
 10
-2.1748
 20
7.02942
 30
0.0
 10
-2.1748
 20
7.02942
 30
0.0
 10
-2.17714
 20
7.02714
 30
0.0
 10
-2.21239
 20
7.02822
 30
0.0
 10
-2.21804
 20
7.02822
 30
0.0
 10
-2.21804
 20
7.02822
 30
0.0
 10
-2.24846
 20
7.02822
 30
0.0
 10
-2.27881
 20
7.02823
 30
0.0
 10
-2.30924
 20
7.02843
 30
0.0
 10
-2.30924
 20
7.02843
 30
0.0
 10
-2.31108
 20
7.02845
 30
0.0
 10
-2.31933
 20
7.02825
 30
0.0
 10
-2.32053
 20
7.02704
 30
0.0
 10
-2.32053
 20
7.02704
 30
0.0
 10
-2.32279
 20
7.02479
 30
0.0
 10
-2.32172
 20
6.98982
 30
0.0
 10
-2.32172
 20
6.98427
 30
0.0
 10
-2.32172
 20
6.98427
 30
0.0
 10
-2.32172
 20
6.9486
 30
0.0
 10
-2.32175
 20
6.91299
 30
0.0
 10
-2.32193
 20
6.87731
 30
0.0
 10
-2.32193
 20
6.87731
 30
0.0
 10
-2.32195
 20
6.87286
 30
0.0
 10
-2.32186
 20
6.87025
 30
0.0
 10
-2.32077
 20
6.86592
 30
0.0
 10
-2.32077
 20
6.86592
 30
0.0
 10
-2.30887
 20
6.86348
 30
0.0
 10
-2.27548
 20
6.86496
 30
0.0
 10
-2.26092
 20
6.86496
 30
0.0
 10
-2.26092
 20
6.86496
 30
0.0
 10
-2.23914
 20
6.86496
 30
0.0
 10
-2.2174
 20
6.86517
 30
0.0
 10
-2.19565
 20
6.86522
 30
0.0
 10
-2.19565
 20
6.86522
 30
0.0
 10
-2.19122
 20
6.86523
 30
0.0
 10
-2.18867
 20
6.86512
 30
0.0
 10
-2.18438
 20
6.86391
 30
0.0
 10
-2.18438
 20
6.86391
 30
0.0
 10
-2.18232
 20
6.8568
 30
0.0
 10
-2.18333
 20
6.83191
 30
0.0
 10
-2.18333
 20
6.82288
 30
0.0
 10
-2.18333
 20
6.82288
 30
0.0
 10
-2.18332
 20
6.81663
 30
0.0
 10
-2.1827
 20
6.76965
 30
0.0
 10
-2.18364
 20
6.76773
 30
0.0
 10
-2.18364
 20
6.76773
 30
0.0
 10
-2.18466
 20
6.76564
 30
0.0
 10
-2.19495
 20
6.77076
 30
0.0
 10
-2.19674
 20
6.77149
 30
0.0
 10
-2.19674
 20
6.77149
 30
0.0
 10
-2.213
 20
6.77809
 30
0.0
 10
-2.22904
 20
6.78525
 30
0.0
 10
-2.24522
 20
6.79205
 30
0.0
 10
-2.24522
 20
6.79205
 30
0.0
 10
-2.28005
 20
6.80666
 30
0.0
 10
-2.31491
 20
6.8211
 30
0.0
 10
-2.35007
 20
6.8349
 30
0.0
  0
SPLINE
  5
82
330
1F
100
AcDbEntity
  8
layer 1
 62
   250
100
AcDbSpline
210
0.0
220
0.0
230
1.0
 70
    11
 71
     3
 72
    48
 73
    44
 74
     0
 42
0.000000001
 43
0.0000000001
 40
0.0
 40
0.0
 40
0.0
 40
0.0
 40
0.0833333333333333
 40
0.0833333333333333
 40
0.0833333333333333
 40
0.0833333333333333
 40
0.1666666666666667
 40
0.1666666666666667
 40
0.1666666666666667
 40
0.1666666666666667
 40
0.25
 40
0.25
 40
0.25
 40
0.25
 40
0.3333333333333333
 40
0.3333333333333333
 40
0.3333333333333333
 40
0.3333333333333333
 40
0.4166666666666667
 40
0.4166666666666667
 40
0.4166666666666667
 40
0.4166666666666667
 40
0.5
 40
0.5
 40
0.5
 40
0.5
 40
0.5833333333333334
 40
0.5833333333333334
 40
0.5833333333333334
 40
0.5833333333333334
 40
0.6666666666666666
 40
0.6666666666666666
 40
0.6666666666666666
 40
0.6666666666666666
 40
0.75
 40
0.75
 40
0.75
 40
0.75
 40
0.8333333333333334
 40
0.8333333333333334
 40
0.8333333333333334
 40
0.8333333333333334
 40
1.0
 40
1.0
 40
1.0
 40
1.0
 10
-1.93168
 20
5.46327
 30
0.0
 10
-1.93168
 20
5.46327
 30
0.0
 10
-1.91997
 20
5.47286
 30
0.0
 10
-1.91997
 20
5.47286
 30
0.0
 10
-1.91997
 20
5.47286
 30
0.0
 10
-1.92008
 20
5.47613
 30
0.0
 10
-1.9285
 20
5.48114
 30
0.0
 10
-1.9272
 20
5.4863
 30
0.0
 10
-1.9272
 20
5.4863
 30
0.0
 10
-1.92451
 20
5.49703
 30
0.0
 10
-1.93213
 20
5.50101
 30
0.0
 10
-1.9334
 20
5.50338
 30
0.0
 10
-1.9334
 20
5.50338
 30
0.0
 10
-1.93484
 20
5.50607
 30
0.0
 10
-1.93674
 20
5.5063
 30
0.0
 10
-1.93928
 20
5.50476
 30
0.0
 10
-1.93928
 20
5.50476
 30
0.0
 10
-1.94215
 20
5.50303
 30
0.0
 10
-1.94546
 20
5.50214
 30
0.0
 10
-1.94815
 20
5.50001
 30
0.0
 10
-1.94815
 20
5.50001
 30
0.0
 10
-1.95202
 20
5.49695
 30
0.0
 10
-1.95586
 20
5.49382
 30
0.0
 10
-1.95997
 20
5.4911
 30
0.0
 10
-1.95997
 20
5.4911
 30
0.0
 10
-1.96973
 20
5.48422
 30
0.0
 10
-1.96836
 20
5.48517
 30
0.0
 10
-1.97268
 20
5.47592
 30
0.0
 10
-1.97268
 20
5.47592
 30
0.0
 10
-1.97554
 20
5.4698
 30
0.0
 10
-1.96693
 20
5.46764
 30
0.0
 10
-1.96291
 20
5.46583
 30
0.0
 10
-1.96291
 20
5.46583
 30
0.0
 10
-1.95541
 20
5.46247
 30
0.0
 10
-1.94727
 20
5.45797
 30
0.0
 10
-1.93893
 20
5.45797
 30
0.0
 10
-1.93893
 20
5.45797
 30
0.0
 10
-1.93426
 20
5.45797
 30
0.0
 10
-1.93727
 20
5.45095
 30
0.0
 10
-1.9333
 20
5.45675
 30
0.0
 10
-1.9333
 20
5.45675
 30
0.0
 10
-1.93142
 20
5.4595
 30
0.0
 10
-1.9351
 20
5.45974
 30
0.0
 10
-1.93168
 20
5.46327
 30
0.0
  0
SPLINE
  5
83
330
1F
100
AcDbEntity
  8
layer 1
 62
   250
100
AcDbSpline
210
0.0
220
0.0
230
1.0
 70
    11
 71
     3
 72
   228
 73
   224
 74
     0
 42
0.000000001
 43
0.0000000001
 40
0.0
 40
0.0
 40
0.0
 40
0.0
 40
0.0175438596491228
 40
0.0175438596491228
 40
0.0175438596491228
 40
0.0175438596491228
 40
0.0350877192982456
 40
0.0350877192982456
 40
0.0350877192982456
 40
0.0350877192982456
 40
0.0526315789473684
 40
0.0526315789473684
 40
0.0526315789473684
 40
0.0526315789473684
 40
0.0701754385964912
 40
0.0701754385964912
 40
0.0701754385964912
 40
0.0701754385964912
 40
0.087719298245614
 40
0.087719298245614
 40
0.087719298245614
 40
0.087719298245614
 40
0.1052631578947368
 40
0.1052631578947368
 40
0.1052631578947368
 40
0.1052631578947368
 40
0.1228070175438596
 40
0.1228070175438596
 40
0.1228070175438596
 40
0.1228070175438596
 40
0.1403508771929824
 40
0.1403508771929824
 40
0.1403508771929824
 40
0.1403508771929824
 40
0.1578947368421053
 40
0.1578947368421053
 40
0.1578947368421053
 40
0.1578947368421053
 40
0.1754385964912281
 40
0.1754385964912281
 40
0.1754385964912281
 40
0.1754385964912281
 40
0.1929824561403509
 40
0.1929824561403509
 40
0.1929824561403509
 40
0.1929824561403509
 40
0.2105263157894737
 40
0.2105263157894737
 40
0.2105263157894737
 40
0.2105263157894737
 40
0.2280701754385965
 40
0.2280701754385965
 40
0.2280701754385965
 40
0.2280701754385965
 40
0.2456140350877193
 40
0.2456140350877193
 40
0.2456140350877193
 40
0.2456140350877193
 40
0.2631578947368421
 40
0.2631578947368421
 40
0.2631578947368421
 40
0.2631578947368421
 40
0.2807017543859649
 40
0.2807017543859649
 40
0.2807017543859649
 40
0.2807017543859649
 40
0.2982456140350877
 40
0.2982456140350877
 40
0.2982456140350877
 40
0.2982456140350877
 40
0.3157894736842105
 40
0.3157894736842105
 40
0.3157894736842105
 40
0.3157894736842105
 40
0.3333333333333333
 40
0.3333333333333333
 40
0.3333333333333333
 40
0.3333333333333333
 40
0.3508771929824561
 40
0.3508771929824561
 40
0.3508771929824561
 40
0.3508771929824561
 40
0.3684210526315789
 40
0.3684210526315789
 40
0.3684210526315789
 40
0.3684210526315789
 40
0.3859649122807017
 40
0.3859649122807017
 40
0.3859649122807017
 40
0.3859649122807017
 40
0.4035087719298245
 40
0.4035087719298245
 40
0.4035087719298245
 40
0.4035087719298245
 40
0.4210526315789473
 40
0.4210526315789473
 40
0.4210526315789473
 40
0.4210526315789473
 40
0.4385964912280702
 40
0.4385964912280702
 40
0.4385964912280702
 40
0.4385964912280702
 40
0.456140350877193
 40
0.456140350877193
 40
0.456140350877193
 40
0.456140350877193
 40
0.4736842105263158
 40
0.4736842105263158
 40
0.4736842105263158
 40
0.4736842105263158
 40
0.4912280701754386
 40
0.4912280701754386
 40
0.4912280701754386
 40
0.4912280701754386
 40
0.5087719298245614
 40
0.5087719298245614
 40
0.5087719298245614
 40
0.5087719298245614
 40
0.5263157894736842
 40
0.5263157894736842
 40
0.5263157894736842
 40
0.5263157894736842
 40
0.543859649122807
 40
0.543859649122807
 40
0.543859649122807
 40
0.543859649122807
 40
0.5614035087719298
 40
0.5614035087719298
 40
0.5614035087719298
 40
0.5614035087719298
 40
0.5789473684210527
 40
0.5789473684210527
 40
0.5789473684210527
 40
0.5789473684210527
 40
0.5964912280701754
 40
0.5964912280701754
 40
0.5964912280701754
 40
0.5964912280701754
 40
0.6140350877192983
 40
0.6140350877192983
 40
0.6140350877192983
 40
0.6140350877192983
 40
0.631578947368421
 40
0.631578947368421
 40
0.631578947368421
 40
0.631578947368421
 40
0.6491228070175439
 40
0.6491228070175439
 40
0.6491228070175439
 40
0.6491228070175439
 40
0.6666666666666666
 40
0.6666666666666666
 40
0.6666666666666666
 40
0.6666666666666666
 40
0.6842105263157895
 40
0.6842105263157895
 40
0.6842105263157895
 40
0.6842105263157895
 40
0.7017543859649122
 40
0.7017543859649122
 40
0.7017543859649122
 40
0.7017543859649122
 40
0.7192982456140351
 40
0.7192982456140351
 40
0.7192982456140351
 40
0.7192982456140351
 40
0.7368421052631579
 40
0.7368421052631579
 40
0.7368421052631579
 40
0.7368421052631579
 40
0.7543859649122807
 40
0.7543859649122807
 40
0.7543859649122807
 40
0.7543859649122807
 40
0.7719298245614035
 40
0.7719298245614035
 40
0.7719298245614035
 40
0.7719298245614035
 40
0.7894736842105263
 40
0.7894736842105263
 40
0.7894736842105263
 40
0.7894736842105263
 40
0.8070175438596491
 40
0.8070175438596491
 40
0.8070175438596491
 40
0.8070175438596491
 40
0.8245614035087719
 40
0.8245614035087719
 40
0.8245614035087719
 40
0.8245614035087719
 40
0.8421052631578947
 40
0.8421052631578947
 40
0.8421052631578947
 40
0.8421052631578947
 40
0.8596491228070176
 40
0.8596491228070176
 40
0.8596491228070176
 40
0.8596491228070176
 40
0.8771929824561403
 40
0.8771929824561403
 40
0.8771929824561403
 40
0.8771929824561403
 40
0.8947368421052632
 40
0.8947368421052632
 40
0.8947368421052632
 40
0.8947368421052632
 40
0.9122807017543859
 40
0.9122807017543859
 40
0.9122807017543859
 40
0.9122807017543859
 40
0.9298245614035088
 40
0.9298245614035088
 40
0.9298245614035088
 40
0.9298245614035088
 40
0.9473684210526315
 40
0.9473684210526315
 40
0.9473684210526315
 40
0.9473684210526315
 40
0.9649122807017544
 40
0.9649122807017544
 40
0.9649122807017544
 40
0.9649122807017544
 40
1.0
 40
1.0
 40
1.0
 40
1.0
 10
-1.78382
 20
5.44451
 30
0.0
 10
-1.78382
 20
5.35119
 30
0.0
 10
-1.78426
 20
5.25767
 30
0.0
 10
-1.78381
 20
5.16439
 30
0.0
 10
-1.78381
 20
5.16439
 30
0.0
 10
-1.78379
 20
5.15988
 30
0.0
 10
-1.78262
 20
5.13891
 30
0.0
 10
-1.78517
 20
5.13627
 30
0.0
 10
-1.78517
 20
5.13627
 30
0.0
 10
-1.78752
 20
5.13385
 30
0.0
 10
-1.82033
 20
5.13492
 30
0.0
 10
-1.82579
 20
5.13492
 30
0.0
 10
-1.82579
 20
5.13492
 30
0.0
 10
-1.86286
 20
5.13493
 30
0.0
 10
-1.89992
 20
5.1349
 30
0.0
 10
-1.93699
 20
5.1347
 30
0.0
 10
-1.93699
 20
5.1347
 30
0.0
 10
-1.94093
 20
5.13468
 30
0.0
 10
-1.94348
 20
5.13471
 30
0.0
 10
-1.94733
 20
5.13555
 30
0.0
 10
-1.94733
 20
5.13555
 30
0.0
 10
-1.94434
 20
5.14349
 30
0.0
 10
-1.94159
 20
5.14463
 30
0.0
 10
-1.94641
 20
5.15255
 30
0.0
 10
-1.94641
 20
5.15255
 30
0.0
 10
-1.95025
 20
5.15884
 30
0.0
 10
-1.94092
 20
5.16406
 30
0.0
 10
-1.94673
 20
5.17418
 30
0.0
 10
-1.94673
 20
5.17418
 30
0.0
 10
-1.95292
 20
5.18496
 30
0.0
 10
-1.971
 20
5.17677
 30
0.0
 10
-1.98324
 20
5.18788
 30
0.0
 10
-1.98324
 20
5.18788
 30
0.0
 10
-1.98695
 20
5.19125
 30
0.0
 10
-1.98809
 20
5.1945
 30
0.0
 10
-1.98925
 20
5.19921
 30
0.0
 10
-1.98925
 20
5.19921
 30
0.0
 10
-1.98925
 20
5.19921
 30
0.0
 10
-1.98925
 20
5.25818
 30
0.0
 10
-1.98925
 20
5.25818
 30
0.0
 10
-1.98925
 20
5.25818
 30
0.0
 10
-1.98804
 20
5.26902
 30
0.0
 10
-1.98203
 20
5.28634
 30
0.0
 10
-1.97927
 20
5.29772
 30
0.0
 10
-1.97927
 20
5.29772
 30
0.0
 10
-1.97371
 20
5.3207
 30
0.0
 10
-1.97135
 20
5.34097
 30
0.0
 10
-1.97084
 20
5.36463
 30
0.0
 10
-1.97084
 20
5.36463
 30
0.0
 10
-1.97067
 20
5.3723
 30
0.0
 10
-1.96916
 20
5.372
 30
0.0
 10
-1.9615
 20
5.37444
 30
0.0
 10
-1.9615
 20
5.37444
 30
0.0
 10
-1.94381
 20
5.38009
 30
0.0
 10
-1.94479
 20
5.37788
 30
0.0
 10
-1.94981
 20
5.39553
 30
0.0
 10
-1.94981
 20
5.39553
 30
0.0
 10
-1.9503
 20
5.39723
 30
0.0
 10
-1.95456
 20
5.40819
 30
0.0
 10
-1.95385
 20
5.40937
 30
0.0
 10
-1.95385
 20
5.40937
 30
0.0
 10
-1.95334
 20
5.41022
 30
0.0
 10
-1.94698
 20
5.40803
 30
0.0
 10
-1.94534
 20
5.40777
 30
0.0
 10
-1.94534
 20
5.40777
 30
0.0
 10
-1.93269
 20
5.40576
 30
0.0
 10
-1.92649
 20
5.41018
 30
0.0
 10
-1.92344
 20
5.40988
 30
0.0
 10
-1.92344
 20
5.40988
 30
0.0
 10
-1.92166
 20
5.4097
 30
0.0
 10
-1.90755
 20
5.40083
 30
0.0
 10
-1.90489
 20
5.39924
 30
0.0
 10
-1.90489
 20
5.39924
 30
0.0
 10
-1.90161
 20
5.39598
 30
0.0
 10
-1.89634
 20
5.39782
 30
0.0
 10
-1.89095
 20
5.39809
 30
0.0
 10
-1.89095
 20
5.39809
 30
0.0
 10
-1.88655
 20
5.39831
 30
0.0
 10
-1.88436
 20
5.40252
 30
0.0
 10
-1.88113
 20
5.40485
 30
0.0
 10
-1.88113
 20
5.40485
 30
0.0
 10
-1.87332
 20
5.4105
 30
0.0
 10
-1.8692
 20
5.41903
 30
0.0
 10
-1.86549
 20
5.42747
 30
0.0
 10
-1.86549
 20
5.42747
 30
0.0
 10
-1.86296
 20
5.43321
 30
0.0
 10
-1.85992
 20
5.43454
 30
0.0
 10
-1.85826
 20
5.43682
 30
0.0
 10
-1.85826
 20
5.43682
 30
0.0
 10
-1.85616
 20
5.43971
 30
0.0
 10
-1.85195
 20
5.43805
 30
0.0
 10
-1.84919
 20
5.43823
 30
0.0
 10
-1.84919
 20
5.43823
 30
0.0
 10
-1.84348
 20
5.43862
 30
0.0
 10
-1.84274
 20
5.44447
 30
0.0
 10
-1.84484
 20
5.44553
 30
0.0
 10
-1.84484
 20
5.44553
 30
0.0
 10
-1.8526
 20
5.44947
 30
0.0
 10
-1.83134
 20
5.45485
 30
0.0
 10
-1.83962
 20
5.47285
 30
0.0
 10
-1.83962
 20
5.47285
 30
0.0
 10
-1.84356
 20
5.48139
 30
0.0
 10
-1.85089
 20
5.48404
 30
0.0
 10
-1.84697
 20
5.48822
 30
0.0
 10
-1.84697
 20
5.48822
 30
0.0
 10
-1.83947
 20
5.49623
 30
0.0
 10
-1.84692
 20
5.50741
 30
0.0
 10
-1.84532
 20
5.52318
 30
0.0
 10
-1.84532
 20
5.52318
 30
0.0
 10
-1.84506
 20
5.53037
 30
0.0
 10
-1.84813
 20
5.54186
 30
0.0
 10
-1.84829
 20
5.55095
 30
0.0
 10
-1.84829
 20
5.55095
 30
0.0
 10
-1.84864
 20
5.57213
 30
0.0
 10
-1.84048
 20
5.5736
 30
0.0
 10
-1.83633
 20
5.59176
 30
0.0
 10
-1.83633
 20
5.59176
 30
0.0
 10
-1.83381
 20
5.60279
 30
0.0
 10
-1.8328
 20
5.59994
 30
0.0
 10
-1.83338
 20
5.61273
 30
0.0
 10
-1.83338
 20
5.61273
 30
0.0
 10
-1.83374
 20
5.62076
 30
0.0
 10
-1.83291
 20
5.6211
 30
0.0
 10
-1.8349
 20
5.62966
 30
0.0
 10
-1.8349
 20
5.62966
 30
0.0
 10
-1.83774
 20
5.64183
 30
0.0
 10
-1.82245
 20
5.62855
 30
0.0
 10
-1.81768
 20
5.63755
 30
0.0
 10
-1.81768
 20
5.63755
 30
0.0
 10
-1.81541
 20
5.64181
 30
0.0
 10
-1.82122
 20
5.6414
 30
0.0
 10
-1.8154
 20
5.6458
 30
0.0
 10
-1.8154
 20
5.6458
 30
0.0
 10
-1.81046
 20
5.64953
 30
0.0
 10
-1.81616
 20
5.6529
 30
0.0
 10
-1.81011
 20
5.65245
 30
0.0
 10
-1.81011
 20
5.65245
 30
0.0
 10
-1.80366
 20
5.65198
 30
0.0
 10
-1.80741
 20
5.66062
 30
0.0
 10
-1.80224
 20
5.6626
 30
0.0
 10
-1.80224
 20
5.6626
 30
0.0
 10
-1.79753
 20
5.6644
 30
0.0
 10
-1.79597
 20
5.6636
 30
0.0
 10
-1.79611
 20
5.67121
 30
0.0
 10
-1.79611
 20
5.67121
 30
0.0
 10
-1.79611
 20
5.67121
 30
0.0
 10
-1.79647
 20
5.67587
 30
0.0
 10
-1.79647
 20
5.67587
 30
0.0
 10
-1.79647
 20
5.67587
 30
0.0
 10
-1.79734
 20
5.68218
 30
0.0
 10
-1.80067
 20
5.68831
 30
0.0
 10
-1.7953
 20
5.68807
 30
0.0
 10
-1.7953
 20
5.68807
 30
0.0
 10
-1.79365
 20
5.688
 30
0.0
 10
-1.79225
 20
5.68942
 30
0.0
 10
-1.79262
 20
5.69157
 30
0.0
 10
-1.79262
 20
5.69157
 30
0.0
 10
-1.79344
 20
5.69638
 30
0.0
 10
-1.79344
 20
5.69646
 30
0.0
 10
-1.78846
 20
5.69648
 30
0.0
 10
-1.78846
 20
5.69648
 30
0.0
 10
-1.78662
 20
5.69648
 30
0.0
 10
-1.78496
 20
5.6975
 30
0.0
 10
-1.78563
 20
5.69884
 30
0.0
 10
-1.78563
 20
5.69884
 30
0.0
 10
-1.78723
 20
5.70201
 30
0.0
 10
-1.78495
 20
5.70469
 30
0.0
 10
-1.78407
 20
5.70662
 30
0.0
 10
-1.78407
 20
5.70662
 30
0.0
 10
-1.78242
 20
5.71028
 30
0.0
 10
-1.78696
 20
5.7354
 30
0.0
 10
-1.79745
 20
5.74093
 30
0.0
 10
-1.79745
 20
5.74093
 30
0.0
 10
-1.81843
 20
5.7524
 30
0.0
 10
-1.83348
 20
5.7691
 30
0.0
 10
-1.8595
 20
5.76525
 30
0.0
 10
-1.8595
 20
5.76525
 30
0.0
 10
-1.86279
 20
5.76476
 30
0.0
 10
-1.86503
 20
5.76433
 30
0.0
 10
-1.86839
 20
5.76429
 30
0.0
 10
-1.86839
 20
5.76429
 30
0.0
 10
-1.87069
 20
5.7691
 30
0.0
 10
-1.86675
 20
5.7825
 30
0.0
 10
-1.86572
 20
5.7881
 30
0.0
 10
-1.86572
 20
5.7881
 30
0.0
 10
-1.8549
 20
5.84686
 30
0.0
 10
-1.84319
 20
5.90486
 30
0.0
 10
-1.83132
 20
5.96338
 30
0.0
 10
-1.83132
 20
5.96338
 30
0.0
 10
-1.82998
 20
5.96996
 30
0.0
 10
-1.82869
 20
5.98612
 30
0.0
 10
-1.82253
 20
5.98891
 30
0.0
 10
-1.82253
 20
5.98891
 30
0.0
 10
-1.81659
 20
5.99161
 30
0.0
 10
-1.79563
 20
5.99015
 30
0.0
 10
-1.78778
 20
5.99015
 30
0.0
 10
-1.78778
 20
5.99015
 30
0.0
 10
-1.73715
 20
5.99014
 30
0.0
 10
-1.68649
 20
5.98974
 30
0.0
 10
-1.63587
 20
5.99052
 30
0.0
 10
-1.63587
 20
5.99052
 30
0.0
 10
-1.61998
 20
5.99076
 30
0.0
 10
-1.62239
 20
5.98529
 30
0.0
 10
-1.62674
 20
5.97224
 30
0.0
 10
-1.62674
 20
5.97224
 30
0.0
 10
-1.63498
 20
5.94756
 30
0.0
 10
-1.6423
 20
5.92064
 30
0.0
 10
-1.64977
 20
5.89552
 30
0.0
 10
-1.64977
 20
5.89552
 30
0.0
 10
-1.65735
 20
5.87002
 30
0.0
 10
-1.66493
 20
5.84451
 30
0.0
 10
-1.67251
 20
5.81901
 30
0.0
 10
-1.67251
 20
5.81901
 30
0.0
 10
-1.68428
 20
5.77941
 30
0.0
 10
-1.69605
 20
5.73981
 30
0.0
 10
-1.70782
 20
5.70022
 30
0.0
 10
-1.70782
 20
5.70022
 30
0.0
 10
-1.71161
 20
5.68746
 30
0.0
 10
-1.7154
 20
5.67471
 30
0.0
 10
-1.71919
 20
5.66196
 30
0.0
 10
-1.71919
 20
5.66196
 30
0.0
 10
-1.74073
 20
5.58948
 30
0.0
 10
-1.76228
 20
5.51699
 30
0.0
 10
-1.78382
 20
5.44451
 30
0.0
  0
SPLINE
  5
84
330
1F
100
AcDbEntity
  8
layer 1
 62
   250
100
AcDbSpline
210
0.0
220
0.0
230
1.0
 70
    11
 71
     3
 72
    72
 73
    68
 74
     0
 42
0.000000001
 43
0.0000000001
 40
0.0
 40
0.0
 40
0.0
 40
0.0
 40
0.0555555555555556
 40
0.0555555555555556
 40
0.0555555555555556
 40
0.0555555555555556
 40
0.1111111111111111
 40
0.1111111111111111
 40
0.1111111111111111
 40
0.1111111111111111
 40
0.1666666666666667
 40
0.1666666666666667
 40
0.1666666666666667
 40
0.1666666666666667
 40
0.2222222222222222
 40
0.2222222222222222
 40
0.2222222222222222
 40
0.2222222222222222
 40
0.2777777777777778
 40
0.2777777777777778
 40
0.2777777777777778
 40
0.2777777777777778
 40
0.3333333333333333
 40
0.3333333333333333
 40
0.3333333333333333
 40
0.3333333333333333
 40
0.3888888888888889
 40
0.3888888888888889
 40
0.3888888888888889
 40
0.3888888888888889
 40
0.4444444444444444
 40
0.4444444444444444
 40
0.4444444444444444
 40
0.4444444444444444
 40
0.5
 40
0.5
 40
0.5
 40
0.5
 40
0.5555555555555556
 40
0.5555555555555556
 40
0.5555555555555556
 40
0.5555555555555556
 40
0.6111111111111112
 40
0.6111111111111112
 40
0.6111111111111112
 40
0.6111111111111112
 40
0.6666666666666666
 40
0.6666666666666666
 40
0.6666666666666666
 40
0.6666666666666666
 40
0.7222222222222222
 40
0.7222222222222222
 40
0.7222222222222222
 40
0.7222222222222222
 40
0.7777777777777778
 40
0.7777777777777778
 40
0.7777777777777778
 40
0.7777777777777778
 40
0.8333333333333334
 40
0.8333333333333334
 40
0.8333333333333334
 40
0.8333333333333334
 40
0.8888888888888888
 40
0.8888888888888888
 40
0.8888888888888888
 40
0.8888888888888888
 40
1.0
 40
1.0
 40
1.0
 40
1.0
 10
-2.09724
 20
5.82036
 30
0.0
 10
-2.10499
 20
5.84731
 30
0.0
 10
-2.11273
 20
5.87426
 30
0.0
 10
-2.12047
 20
5.90121
 30
0.0
 10
-2.12047
 20
5.90121
 30
0.0
 10
-2.12785
 20
5.92689
 30
0.0
 10
-2.1353
 20
5.95251
 30
0.0
 10
-2.14273
 20
5.97817
 30
0.0
 10
-2.14273
 20
5.97817
 30
0.0
 10
-2.14392
 20
5.98224
 30
0.0
 10
-2.14466
 20
5.9854
 30
0.0
 10
-2.14529
 20
5.9896
 30
0.0
 10
-2.14529
 20
5.9896
 30
0.0
 10
-2.13738
 20
5.99096
 30
0.0
 10
-2.11345
 20
5.99015
 30
0.0
 10
-2.10393
 20
5.99015
 30
0.0
 10
-2.10393
 20
5.99015
 30
0.0
 10
-2.05472
 20
5.99015
 30
0.0
 10
-2.00548
 20
5.98965
 30
0.0
 10
-1.95629
 20
5.99067
 30
0.0
 10
-1.95629
 20
5.99067
 30
0.0
 10
-1.95315
 20
5.99073
 30
0.0
 10
-1.94536
 20
5.9904
 30
0.0
 10
-1.94302
 20
5.98813
 30
0.0
 10
-1.94302
 20
5.98813
 30
0.0
 10
-1.93965
 20
5.98485
 30
0.0
 10
-1.93377
 20
5.94682
 30
0.0
 10
-1.93242
 20
5.93952
 30
0.0
 10
-1.93242
 20
5.93952
 30
0.0
 10
-1.91885
 20
5.86587
 30
0.0
 10
-1.90487
 20
5.79088
 30
0.0
 10
-1.89478
 20
5.71672
 30
0.0
 10
-1.89478
 20
5.71672
 30
0.0
 10
-1.89224
 20
5.69803
 30
0.0
 10
-1.89287
 20
5.70164
 30
0.0
 10
-1.91116
 20
5.70489
 30
0.0
 10
-1.91116
 20
5.70489
 30
0.0
 10
-1.92189
 20
5.7068
 30
0.0
 10
-1.93051
 20
5.71029
 30
0.0
 10
-1.94226
 20
5.71171
 30
0.0
 10
-1.94226
 20
5.71171
 30
0.0
 10
-1.95175
 20
5.71285
 30
0.0
 10
-1.96188
 20
5.71291
 30
0.0
 10
-1.97145
 20
5.71325
 30
0.0
 10
-1.97145
 20
5.71325
 30
0.0
 10
-1.99169
 20
5.71401
 30
0.0
 10
-1.98563
 20
5.69889
 30
0.0
 10
-1.99615
 20
5.69851
 30
0.0
 10
-1.99615
 20
5.69851
 30
0.0
 10
-1.99872
 20
5.69863
 30
0.0
 10
-1.99865
 20
5.69612
 30
0.0
 10
-2.00377
 20
5.69441
 30
0.0
 10
-2.00377
 20
5.69441
 30
0.0
 10
-2.02222
 20
5.68797
 30
0.0
 10
-2.03427
 20
5.68038
 30
0.0
 10
-2.04658
 20
5.66515
 30
0.0
 10
-2.04658
 20
5.66515
 30
0.0
 10
-2.05099
 20
5.65969
 30
0.0
 10
-2.05062
 20
5.65873
 30
0.0
 10
-2.05318
 20
5.66644
 30
0.0
 10
-2.05318
 20
5.66644
 30
0.0
 10
-2.05646
 20
5.67634
 30
0.0
 10
-2.05943
 20
5.68874
 30
0.0
 10
-2.06239
 20
5.69907
 30
0.0
 10
-2.06239
 20
5.69907
 30
0.0
 10
-2.07401
 20
5.7395
 30
0.0
 10
-2.08563
 20
5.77993
 30
0.0
 10
-2.09724
 20
5.82036
 30
0.0
  0
SPLINE
  5
85
330
1F
100
AcDbEntity
  8
layer 1
 62
   250
100
AcDbSpline
210
0.0
220
0.0
230
1.0
 70
    11
 71
     3
 72
   232
 73
   228
 74
     0
 42
0.000000001
 43
0.0000000001
 40
0.0
 40
0.0
 40
0.0
 40
0.0
 40
0.0172413793103448
 40
0.0172413793103448
 40
0.0172413793103448
 40
0.0172413793103448
 40
0.0344827586206897
 40
0.0344827586206897
 40
0.0344827586206897
 40
0.0344827586206897
 40
0.0517241379310345
 40
0.0517241379310345
 40
0.0517241379310345
 40
0.0517241379310345
 40
0.0689655172413793
 40
0.0689655172413793
 40
0.0689655172413793
 40
0.0689655172413793
 40
0.0862068965517241
 40
0.0862068965517241
 40
0.0862068965517241
 40
0.0862068965517241
 40
0.103448275862069
 40
0.103448275862069
 40
0.103448275862069
 40
0.103448275862069
 40
0.1206896551724138
 40
0.1206896551724138
 40
0.1206896551724138
 40
0.1206896551724138
 40
0.1379310344827586
 40
0.1379310344827586
 40
0.1379310344827586
 40
0.1379310344827586
 40
0.1551724137931035
 40
0.1551724137931035
 40
0.1551724137931035
 40
0.1551724137931035
 40
0.1724137931034483
 40
0.1724137931034483
 40
0.1724137931034483
 40
0.1724137931034483
 40
0.1896551724137931
 40
0.1896551724137931
 40
0.1896551724137931
 40
0.1896551724137931
 40
0.2068965517241379
 40
0.2068965517241379
 40
0.2068965517241379
 40
0.2068965517241379
 40
0.2241379310344828
 40
0.2241379310344828
 40
0.2241379310344828
 40
0.2241379310344828
 40
0.2413793103448276
 40
0.2413793103448276
 40
0.2413793103448276
 40
0.2413793103448276
 40
0.2586206896551724
 40
0.2586206896551724
 40
0.2586206896551724
 40
0.2586206896551724
 40
0.2758620689655172
 40
0.2758620689655172
 40
0.2758620689655172
 40
0.2758620689655172
 40
0.293103448275862
 40
0.293103448275862
 40
0.293103448275862
 40
0.293103448275862
 40
0.3103448275862069
 40
0.3103448275862069
 40
0.3103448275862069
 40
0.3103448275862069
 40
0.3275862068965517
 40
0.3275862068965517
 40
0.3275862068965517
 40
0.3275862068965517
 40
0.3448275862068966
 40
0.3448275862068966
 40
0.3448275862068966
 40
0.3448275862068966
 40
0.3620689655172414
 40
0.3620689655172414
 40
0.3620689655172414
 40
0.3620689655172414
 40
0.3793103448275862
 40
0.3793103448275862
 40
0.3793103448275862
 40
0.3793103448275862
 40
0.396551724137931
 40
0.396551724137931
 40
0.396551724137931
 40
0.396551724137931
 40
0.4137931034482759
 40
0.4137931034482759
 40
0.4137931034482759
 40
0.4137931034482759
 40
0.4310344827586207
 40
0.4310344827586207
 40
0.4310344827586207
 40
0.4310344827586207
 40
0.4482758620689655
 40
0.4482758620689655
 40
0.4482758620689655
 40
0.4482758620689655
 40
0.4655172413793103
 40
0.4655172413793103
 40
0.4655172413793103
 40
0.4655172413793103
 40
0.4827586206896552
 40
0.4827586206896552
 40
0.4827586206896552
 40
0.4827586206896552
 40
0.5
 40
0.5
 40
0.5
 40
0.5
 40
0.5172413793103449
 40
0.5172413793103449
 40
0.5172413793103449
 40
0.5172413793103449
 40
0.5344827586206896
 40
0.5344827586206896
 40
0.5344827586206896
 40
0.5344827586206896
 40
0.5517241379310345
 40
0.5517241379310345
 40
0.5517241379310345
 40
0.5517241379310345
 40
0.5689655172413793
 40
0.5689655172413793
 40
0.5689655172413793
 40
0.5689655172413793
 40
0.5862068965517241
 40
0.5862068965517241
 40
0.5862068965517241
 40
0.5862068965517241
 40
0.603448275862069
 40
0.603448275862069
 40
0.603448275862069
 40
0.603448275862069
 40
0.6206896551724138
 40
0.6206896551724138
 40
0.6206896551724138
 40
0.6206896551724138
 40
0.6379310344827587
 40
0.6379310344827587
 40
0.6379310344827587
 40
0.6379310344827587
 40
0.6551724137931034
 40
0.6551724137931034
 40
0.6551724137931034
 40
0.6551724137931034
 40
0.6724137931034483
 40
0.6724137931034483
 40
0.6724137931034483
 40
0.6724137931034483
 40
0.6896551724137931
 40
0.6896551724137931
 40
0.6896551724137931
 40
0.6896551724137931
 40
0.7068965517241379
 40
0.7068965517241379
 40
0.7068965517241379
 40
0.7068965517241379
 40
0.7241379310344828
 40
0.7241379310344828
 40
0.7241379310344828
 40
0.7241379310344828
 40
0.7413793103448276
 40
0.7413793103448276
 40
0.7413793103448276
 40
0.7413793103448276
 40
0.7586206896551724
 40
0.7586206896551724
 40
0.7586206896551724
 40
0.7586206896551724
 40
0.7758620689655172
 40
0.7758620689655172
 40
0.7758620689655172
 40
0.7758620689655172
 40
0.7931034482758621
 40
0.7931034482758621
 40
0.7931034482758621
 40
0.7931034482758621
 40
0.8103448275862069
 40
0.8103448275862069
 40
0.8103448275862069
 40
0.8103448275862069
 40
0.8275862068965517
 40
0.8275862068965517
 40
0.8275862068965517
 40
0.8275862068965517
 40
0.8448275862068966
 40
0.8448275862068966
 40
0.8448275862068966
 40
0.8448275862068966
 40
0.8620689655172413
 40
0.8620689655172413
 40
0.8620689655172413
 40
0.8620689655172413
 40
0.8793103448275862
 40
0.8793103448275862
 40
0.8793103448275862
 40
0.8793103448275862
 40
0.896551724137931
 40
0.896551724137931
 40
0.896551724137931
 40
0.896551724137931
 40
0.9137931034482759
 40
0.9137931034482759
 40
0.9137931034482759
 40
0.9137931034482759
 40
0.9310344827586207
 40
0.9310344827586207
 40
0.9310344827586207
 40
0.9310344827586207
 40
0.9482758620689655
 40
0.9482758620689655
 40
0.9482758620689655
 40
0.9482758620689655
 40
0.9655172413793104
 40
0.9655172413793104
 40
0.9655172413793104
 40
0.9655172413793104
 40
1.0
 40
1.0
 40
1.0
 40
1.0
 10
-4.48036
 20
5.50056
 30
0.0
 10
-4.49093
 20
5.5001
 30
0.0
 10
-4.49943
 20
5.51994
 30
0.0
 10
-4.51979
 20
5.5368
 30
0.0
 10
-4.51979
 20
5.5368
 30
0.0
 10
-4.53247
 20
5.54729
 30
0.0
 10
-4.51002
 20
5.54862
 30
0.0
 10
-4.5162
 20
5.55791
 30
0.0
 10
-4.5162
 20
5.55791
 30
0.0
 10
-4.52072
 20
5.5647
 30
0.0
 10
-4.52992
 20
5.57075
 30
0.0
 10
-4.5201
 20
5.57875
 30
0.0
 10
-4.5201
 20
5.57875
 30
0.0
 10
-4.50976
 20
5.58717
 30
0.0
 10
-4.51319
 20
5.60672
 30
0.0
 10
-4.51991
 20
5.61388
 30
0.0
 10
-4.51991
 20
5.61388
 30
0.0
 10
-4.53437
 20
5.62888
 30
0.0
 10
-4.55295
 20
5.63909
 30
0.0
 10
-4.57438
 20
5.6375
 30
0.0
 10
-4.57438
 20
5.6375
 30
0.0
 10
-4.5883
 20
5.63647
 30
0.0
 10
-4.59233
 20
5.6249
 30
0.0
 10
-4.60111
 20
5.62723
 30
0.0
 10
-4.60111
 20
5.62723
 30
0.0
 10
-4.61313
 20
5.63042
 30
0.0
 10
-4.64121
 20
5.6237
 30
0.0
 10
-4.65097
 20
5.61681
 30
0.0
 10
-4.65097
 20
5.61681
 30
0.0
 10
-4.65097
 20
5.61681
 30
0.0
 10
-4.65467
 20
5.61375
 30
0.0
 10
-4.65467
 20
5.61375
 30
0.0
 10
-4.65467
 20
5.61375
 30
0.0
 10
-4.66201
 20
5.60647
 30
0.0
 10
-4.66591
 20
5.61332
 30
0.0
 10
-4.67271
 20
5.60116
 30
0.0
 10
-4.67271
 20
5.60116
 30
0.0
 10
-4.69409
 20
5.56289
 30
0.0
 10
-4.66929
 20
5.56478
 30
0.0
 10
-4.67933
 20
5.55515
 30
0.0
 10
-4.67933
 20
5.55515
 30
0.0
 10
-4.68969
 20
5.54521
 30
0.0
 10
-4.69969
 20
5.5349
 30
0.0
 10
-4.7099
 20
5.5248
 30
0.0
 10
-4.7099
 20
5.5248
 30
0.0
 10
-4.71409
 20
5.52066
 30
0.0
 10
-4.71706
 20
5.51652
 30
0.0
 10
-4.71792
 20
5.51002
 30
0.0
 10
-4.71792
 20
5.51002
 30
0.0
 10
-4.72075
 20
5.4957
 30
0.0
 10
-4.72748
 20
5.49037
 30
0.0
 10
-4.74206
 20
5.49249
 30
0.0
 10
-4.74206
 20
5.49249
 30
0.0
 10
-4.74779
 20
5.49332
 30
0.0
 10
-4.7529
 20
5.49465
 30
0.0
 10
-4.75859
 20
5.4908
 30
0.0
 10
-4.75859
 20
5.4908
 30
0.0
 10
-4.7695
 20
5.48343
 30
0.0
 10
-4.75912
 20
5.45705
 30
0.0
 10
-4.76513
 20
5.44946
 30
0.0
 10
-4.76513
 20
5.44946
 30
0.0
 10
-4.76713
 20
5.44693
 30
0.0
 10
-4.7712
 20
5.45002
 30
0.0
 10
-4.76887
 20
5.45652
 30
0.0
 10
-4.76887
 20
5.45652
 30
0.0
 10
-4.76359
 20
5.47128
 30
0.0
 10
-4.78728
 20
5.47565
 30
0.0
 10
-4.78162
 20
5.49547
 30
0.0
 10
-4.78162
 20
5.49547
 30
0.0
 10
-4.77928
 20
5.50365
 30
0.0
 10
-4.78092
 20
5.51355
 30
0.0
 10
-4.78659
 20
5.51994
 30
0.0
 10
-4.78659
 20
5.51994
 30
0.0
 10
-4.78922
 20
5.5223
 30
0.0
 10
-4.79257
 20
5.52451
 30
0.0
 10
-4.79141
 20
5.52937
 30
0.0
 10
-4.79141
 20
5.52937
 30
0.0
 10
-4.78947
 20
5.53753
 30
0.0
 10
-4.81438
 20
5.51772
 30
0.0
 10
-4.81558
 20
5.51601
 30
0.0
 10
-4.81558
 20
5.51601
 30
0.0
 10
-4.8228
 20
5.50576
 30
0.0
 10
-4.81456
 20
5.50705
 30
0.0
 10
-4.83223
 20
5.48104
 30
0.0
 10
-4.83223
 20
5.48104
 30
0.0
 10
-4.84404
 20
5.4636
 30
0.0
 10
-4.86052
 20
5.43723
 30
0.0
 10
-4.83553
 20
5.4222
 30
0.0
 10
-4.83553
 20
5.4222
 30
0.0
 10
-4.81904
 20
5.41228
 30
0.0
 10
-4.81546
 20
5.43426
 30
0.0
 10
-4.80535
 20
5.38526
 30
0.0
 10
-4.80535
 20
5.38526
 30
0.0
 10
-4.79736
 20
5.34669
 30
0.0
 10
-4.78539
 20
5.30048
 30
0.0
 10
-4.73661
 20
5.30147
 30
0.0
 10
-4.73661
 20
5.30147
 30
0.0
 10
-4.71641
 20
5.30188
 30
0.0
 10
-4.70803
 20
5.31067
 30
0.0
 10
-4.69213
 20
5.32003
 30
0.0
 10
-4.69213
 20
5.32003
 30
0.0
 10
-4.69046
 20
5.30987
 30
0.0
 10
-4.69129
 20
5.28842
 30
0.0
 10
-4.69135
 20
5.27719
 30
0.0
 10
-4.69135
 20
5.27719
 30
0.0
 10
-4.69142
 20
5.26466
 30
0.0
 10
-4.69154
 20
5.25212
 30
0.0
 10
-4.69155
 20
5.23958
 30
0.0
 10
-4.69155
 20
5.23958
 30
0.0
 10
-4.69155
 20
5.20879
 30
0.0
 10
-4.69155
 20
5.17807
 30
0.0
 10
-4.69134
 20
5.14727
 30
0.0
 10
-4.69134
 20
5.14727
 30
0.0
 10
-4.69133
 20
5.14533
 30
0.0
 10
-4.69151
 20
5.13753
 30
0.0
 10
-4.69283
 20
5.1362
 30
0.0
 10
-4.69283
 20
5.1362
 30
0.0
 10
-4.69526
 20
5.13379
 30
0.0
 10
-4.73384
 20
5.13492
 30
0.0
 10
-4.73987
 20
5.13492
 30
0.0
 10
-4.73987
 20
5.13492
 30
0.0
 10
-4.79522
 20
5.13491
 30
0.0
 10
-4.85056
 20
5.13453
 30
0.0
 10
-4.9059
 20
5.13488
 30
0.0
 10
-4.9059
 20
5.13488
 30
0.0
 10
-4.91535
 20
5.13495
 30
0.0
 10
-4.91409
 20
5.13383
 30
0.0
 10
-4.91437
 20
5.14323
 30
0.0
 10
-4.91437
 20
5.14323
 30
0.0
 10
-4.91478
 20
5.15664
 30
0.0
 10
-4.91427
 20
5.17174
 30
0.0
 10
-4.91427
 20
5.18538
 30
0.0
 10
-4.91427
 20
5.18538
 30
0.0
 10
-4.91427
 20
5.26386
 30
0.0
 10
-4.91426
 20
5.34235
 30
0.0
 10
-4.91425
 20
5.42084
 30
0.0
 10
-4.91425
 20
5.42084
 30
0.0
 10
-4.91423
 20
5.60809
 30
0.0
 10
-4.91415
 20
5.79534
 30
0.0
 10
-4.91427
 20
5.98259
 30
0.0
 10
-4.91427
 20
5.98259
 30
0.0
 10
-4.91427
 20
5.984
 30
0.0
 10
-4.91456
 20
5.98807
 30
0.0
 10
-4.9141
 20
5.98909
 30
0.0
 10
-4.9141
 20
5.98909
 30
0.0
 10
-4.91332
 20
5.99082
 30
0.0
 10
-4.90994
 20
5.99024
 30
0.0
 10
-4.90831
 20
5.99019
 30
0.0
 10
-4.90831
 20
5.99019
 30
0.0
 10
-4.90286
 20
5.99003
 30
0.0
 10
-4.89707
 20
5.99015
 30
0.0
 10
-4.89158
 20
5.99015
 30
0.0
 10
-4.89158
 20
5.99015
 30
0.0
 10
-4.82743
 20
5.99015
 30
0.0
 10
-4.76327
 20
5.99003
 30
0.0
 10
-4.69911
 20
5.99015
 30
0.0
 10
-4.69911
 20
5.99015
 30
0.0
 10
-4.69776
 20
5.99015
 30
0.0
 10
-4.69271
 20
5.99052
 30
0.0
 10
-4.69194
 20
5.98979
 30
0.0
 10
-4.69194
 20
5.98979
 30
0.0
 10
-4.69116
 20
5.98903
 30
0.0
 10
-4.69155
 20
5.98283
 30
0.0
 10
-4.69155
 20
5.98132
 30
0.0
 10
-4.69155
 20
5.98132
 30
0.0
 10
-4.69158
 20
5.88438
 30
0.0
 10
-4.69139
 20
5.78742
 30
0.0
 10
-4.69154
 20
5.69047
 30
0.0
 10
-4.69154
 20
5.69047
 30
0.0
 10
-4.69155
 20
5.68956
 30
0.0
 10
-4.69175
 20
5.68492
 30
0.0
 10
-4.69129
 20
5.68444
 30
0.0
 10
-4.69129
 20
5.68444
 30
0.0
 10
-4.69073
 20
5.68387
 30
0.0
 10
-4.68392
 20
5.68417
 30
0.0
 10
-4.6827
 20
5.68417
 30
0.0
 10
-4.6827
 20
5.68417
 30
0.0
 10
-4.67358
 20
5.68417
 30
0.0
 10
-4.63514
 20
5.68335
 30
0.0
 10
-4.62934
 20
5.68478
 30
0.0
 10
-4.62934
 20
5.68478
 30
0.0
 10
-4.62689
 20
5.68538
 30
0.0
 10
-4.62753
 20
5.68502
 30
0.0
 10
-4.62691
 20
5.68861
 30
0.0
 10
-4.62691
 20
5.68861
 30
0.0
 10
-4.62577
 20
5.69514
 30
0.0
 10
-4.62667
 20
5.71592
 30
0.0
 10
-4.62667
 20
5.72404
 30
0.0
 10
-4.62667
 20
5.72404
 30
0.0
 10
-4.62665
 20
5.81009
 30
0.0
 10
-4.62658
 20
5.89613
 30
0.0
 10
-4.62667
 20
5.98217
 30
0.0
 10
-4.62667
 20
5.98217
 30
0.0
 10
-4.62667
 20
5.98448
 30
0.0
 10
-4.6269
 20
5.98782
 30
0.0
 10
-4.62651
 20
5.98998
 30
0.0
 10
-4.62651
 20
5.98998
 30
0.0
 10
-4.62471
 20
5.99039
 30
0.0
 10
-4.62033
 20
5.99016
 30
0.0
 10
-4.61827
 20
5.99015
 30
0.0
 10
-4.61827
 20
5.99015
 30
0.0
 10
-4.55048
 20
5.99015
 30
0.0
 10
-4.48232
 20
5.98955
 30
0.0
 10
-4.41458
 20
5.99016
 30
0.0
 10
-4.41458
 20
5.99016
 30
0.0
 10
-4.4008
 20
5.99028
 30
0.0
 10
-4.40386
 20
5.99195
 30
0.0
 10
-4.40393
 20
5.97335
 30
0.0
 10
-4.40393
 20
5.97335
 30
0.0
 10
-4.40448
 20
5.83837
 30
0.0
 10
-4.40394
 20
5.70314
 30
0.0
 10
-4.40394
 20
5.56814
 30
0.0
 10
-4.40394
 20
5.56814
 30
0.0
 10
-4.40394
 20
5.55941
 30
0.0
 10
-4.40325
 20
5.51695
 30
0.0
 10
-4.40448
 20
5.51192
 30
0.0
 10
-4.40448
 20
5.51192
 30
0.0
 10
-4.40508
 20
5.50945
 30
0.0
 10
-4.40498
 20
5.51002
 30
0.0
 10
-4.40813
 20
5.5089
 30
0.0
 10
-4.40813
 20
5.5089
 30
0.0
 10
-4.41887
 20
5.50506
 30
0.0
 10
-4.44244
 20
5.5065
 30
0.0
 10
-4.45654
 20
5.50374
 30
0.0
 10
-4.45654
 20
5.50374
 30
0.0
 10
-4.46573
 20
5.50194
 30
0.0
 10
-4.4707
 20
5.50107
 30
0.0
 10
-4.48036
 20
5.50056
 30
0.0
  0
SPLINE
  5
86
330
1F
100
AcDbEntity
  8
layer 1
 62
   250
100
AcDbSpline
210
0.0
220
0.0
230
1.0
 70
    11
 71
     3
 72
    84
 73
    80
 74
     0
 42
0.000000001
 43
0.0000000001
 40
0.0
 40
0.0
 40
0.0
 40
0.0
 40
0.0476190476190476
 40
0.0476190476190476
 40
0.0476190476190476
 40
0.0476190476190476
 40
0.0952380952380952
 40
0.0952380952380952
 40
0.0952380952380952
 40
0.0952380952380952
 40
0.1428571428571428
 40
0.1428571428571428
 40
0.1428571428571428
 40
0.1428571428571428
 40
0.1904761904761905
 40
0.1904761904761905
 40
0.1904761904761905
 40
0.1904761904761905
 40
0.2380952380952381
 40
0.2380952380952381
 40
0.2380952380952381
 40
0.2380952380952381
 40
0.2857142857142857
 40
0.2857142857142857
 40
0.2857142857142857
 40
0.2857142857142857
 40
0.3333333333333333
 40
0.3333333333333333
 40
0.3333333333333333
 40
0.3333333333333333
 40
0.3809523809523809
 40
0.3809523809523809
 40
0.3809523809523809
 40
0.3809523809523809
 40
0.4285714285714285
 40
0.4285714285714285
 40
0.4285714285714285
 40
0.4285714285714285
 40
0.4761904761904762
 40
0.4761904761904762
 40
0.4761904761904762
 40
0.4761904761904762
 40
0.5238095238095238
 40
0.5238095238095238
 40
0.5238095238095238
 40
0.5238095238095238
 40
0.5714285714285714
 40
0.5714285714285714
 40
0.5714285714285714
 40
0.5714285714285714
 40
0.6190476190476191
 40
0.6190476190476191
 40
0.6190476190476191
 40
0.6190476190476191
 40
0.6666666666666666
 40
0.6666666666666666
 40
0.6666666666666666
 40
0.6666666666666666
 40
0.7142857142857143
 40
0.7142857142857143
 40
0.7142857142857143
 40
0.7142857142857143
 40
0.7619047619047619
 40
0.7619047619047619
 40
0.7619047619047619
 40
0.7619047619047619
 40
0.8095238095238095
 40
0.8095238095238095
 40
0.8095238095238095
 40
0.8095238095238095
 40
0.8571428571428571
 40
0.8571428571428571
 40
0.8571428571428571
 40
0.8571428571428571
 40
0.9047619047619048
 40
0.9047619047619048
 40
0.9047619047619048
 40
0.9047619047619048
 40
1.0
 40
1.0
 40
1.0
 40
1.0
 10
-4.47609
 20
5.20429
 30
0.0
 10
-4.48082
 20
5.20728
 30
0.0
 10
-4.47828
 20
5.21448
 30
0.0
 10
-4.47998
 20
5.22188
 30
0.0
 10
-4.47998
 20
5.22188
 30
0.0
 10
-4.48162
 20
5.22902
 30
0.0
 10
-4.48177
 20
5.22898
 30
0.0
 10
-4.47576
 20
5.23304
 30
0.0
 10
-4.47576
 20
5.23304
 30
0.0
 10
-4.46171
 20
5.24391
 30
0.0
 10
-4.48159
 20
5.24218
 30
0.0
 10
-4.48501
 20
5.24994
 30
0.0
 10
-4.48501
 20
5.24994
 30
0.0
 10
-4.48575
 20
5.25884
 30
0.0
 10
-4.48983
 20
5.26705
 30
0.0
 10
-4.48946
 20
5.27633
 30
0.0
 10
-4.48946
 20
5.27633
 30
0.0
 10
-4.48893
 20
5.28938
 30
0.0
 10
-4.49115
 20
5.30242
 30
0.0
 10
-4.4922
 20
5.31542
 30
0.0
 10
-4.4922
 20
5.31542
 30
0.0
 10
-4.49697
 20
5.34712
 30
0.0
 10
-4.503
 20
5.33512
 30
0.0
 10
-4.50933
 20
5.35175
 30
0.0
 10
-4.50933
 20
5.35175
 30
0.0
 10
-4.51254
 20
5.3602
 30
0.0
 10
-4.51543
 20
5.3586
 30
0.0
 10
-4.51475
 20
5.36807
 30
0.0
 10
-4.51475
 20
5.36807
 30
0.0
 10
-4.52455
 20
5.37377
 30
0.0
 10
-4.51799
 20
5.37924
 30
0.0
 10
-4.52379
 20
5.39103
 30
0.0
 10
-4.52379
 20
5.39103
 30
0.0
 10
-4.5256
 20
5.39471
 30
0.0
 10
-4.53547
 20
5.40778
 30
0.0
 10
-4.5337
 20
5.41079
 30
0.0
 10
-4.5337
 20
5.41079
 30
0.0
 10
-4.53125
 20
5.41498
 30
0.0
 10
-4.48205
 20
5.4128
 30
0.0
 10
-4.47469
 20
5.41283
 30
0.0
 10
-4.47469
 20
5.41283
 30
0.0
 10
-4.47119
 20
5.41285
 30
0.0
 10
-4.46773
 20
5.41282
 30
0.0
 10
-4.46423
 20
5.41274
 30
0.0
 10
-4.46423
 20
5.41274
 30
0.0
 10
-4.44084
 20
5.4129
 30
0.0
 10
-4.42704
 20
5.424
 30
0.0
 10
-4.40789
 20
5.43467
 30
0.0
 10
-4.40789
 20
5.43467
 30
0.0
 10
-4.40362
 20
5.43704
 30
0.0
 10
-4.40434
 20
5.43768
 30
0.0
 10
-4.40394
 20
5.43097
 30
0.0
 10
-4.40394
 20
5.43097
 30
0.0
 10
-4.40315
 20
5.41769
 30
0.0
 10
-4.40391
 20
5.40264
 30
0.0
 10
-4.40394
 20
5.38917
 30
0.0
 10
-4.40394
 20
5.38917
 30
0.0
 10
-4.40396
 20
5.3096
 30
0.0
 10
-4.40528
 20
5.22921
 30
0.0
 10
-4.40371
 20
5.14974
 30
0.0
 10
-4.40371
 20
5.14974
 30
0.0
 10
-4.40357
 20
5.14254
 30
0.0
 10
-4.40342
 20
5.13222
 30
0.0
 10
-4.41407
 20
5.13627
 30
0.0
 10
-4.41407
 20
5.13627
 30
0.0
 10
-4.42759
 20
5.1414
 30
0.0
 10
-4.4183
 20
5.15418
 30
0.0
 10
-4.42838
 20
5.16641
 30
0.0
 10
-4.42838
 20
5.16641
 30
0.0
 10
-4.43345
 20
5.17254
 30
0.0
 10
-4.44106
 20
5.17793
 30
0.0
 10
-4.44753
 20
5.18258
 30
0.0
 10
-4.44753
 20
5.18258
 30
0.0
 10
-4.45571
 20
5.18853
 30
0.0
 10
-4.46045
 20
5.19135
 30
0.0
 10
-4.46804
 20
5.19801
 30
0.0
 10
-4.46804
 20
5.19801
 30
0.0
 10
-4.47084
 20
5.20047
 30
0.0
 10
-4.47298
 20
5.20219
 30
0.0
 10
-4.47609
 20
5.20429
 30
0.0
  0
SPLINE
  5
87
330
1F
100
AcDbEntity
  8
layer 1
 62
   250
100
AcDbSpline
210
0.0
220
0.0
230
1.0
 70
    11
 71
     3
 72
    56
 73
    52
 74
     0
 42
0.000000001
 43
0.0000000001
 40
0.0
 40
0.0
 40
0.0
 40
0.0
 40
0.0714285714285714
 40
0.0714285714285714
 40
0.0714285714285714
 40
0.0714285714285714
 40
0.1428571428571428
 40
0.1428571428571428
 40
0.1428571428571428
 40
0.1428571428571428
 40
0.2142857142857143
 40
0.2142857142857143
 40
0.2142857142857143
 40
0.2142857142857143
 40
0.2857142857142857
 40
0.2857142857142857
 40
0.2857142857142857
 40
0.2857142857142857
 40
0.3571428571428572
 40
0.3571428571428572
 40
0.3571428571428572
 40
0.3571428571428572
 40
0.4285714285714285
 40
0.4285714285714285
 40
0.4285714285714285
 40
0.4285714285714285
 40
0.5
 40
0.5
 40
0.5
 40
0.5
 40
0.5714285714285714
 40
0.5714285714285714
 40
0.5714285714285714
 40
0.5714285714285714
 40
0.6428571428571429
 40
0.6428571428571429
 40
0.6428571428571429
 40
0.6428571428571429
 40
0.7142857142857143
 40
0.7142857142857143
 40
0.7142857142857143
 40
0.7142857142857143
 40
0.7857142857142857
 40
0.7857142857142857
 40
0.7857142857142857
 40
0.7857142857142857
 40
0.8571428571428571
 40
0.8571428571428571
 40
0.8571428571428571
 40
0.8571428571428571
 40
1.0
 40
1.0
 40
1.0
 40
1.0
 10
-4.62699
 20
5.34695
 30
0.0
 10
-4.62707
 20
5.36311
 30
0.0
 10
-4.62431
 20
5.36081
 30
0.0
 10
-4.61459
 20
5.34947
 30
0.0
 10
-4.61459
 20
5.34947
 30
0.0
 10
-4.60434
 20
5.33753
 30
0.0
 10
-4.60093
 20
5.3315
 30
0.0
 10
-4.58709
 20
5.32274
 30
0.0
 10
-4.58709
 20
5.32274
 30
0.0
 10
-4.57277
 20
5.31368
 30
0.0
 10
-4.56893
 20
5.30467
 30
0.0
 10
-4.56414
 20
5.28906
 30
0.0
 10
-4.56414
 20
5.28906
 30
0.0
 10
-4.56248
 20
5.28365
 30
0.0
 10
-4.55934
 20
5.28098
 30
0.0
 10
-4.55684
 20
5.27524
 30
0.0
 10
-4.55684
 20
5.27524
 30
0.0
 10
-4.55461
 20
5.27012
 30
0.0
 10
-4.55289
 20
5.26478
 30
0.0
 10
-4.55112
 20
5.25949
 30
0.0
 10
-4.55112
 20
5.25949
 30
0.0
 10
-4.54821
 20
5.25043
 30
0.0
 10
-4.54254
 20
5.24568
 30
0.0
 10
-4.54648
 20
5.22968
 30
0.0
 10
-4.54648
 20
5.22968
 30
0.0
 10
-4.54936
 20
5.21615
 30
0.0
 10
-4.54147
 20
5.21654
 30
0.0
 10
-4.53386
 20
5.20559
 30
0.0
 10
-4.53386
 20
5.20559
 30
0.0
 10
-4.52516
 20
5.192
 30
0.0
 10
-4.5259
 20
5.18756
 30
0.0
 10
-4.52113
 20
5.17345
 30
0.0
 10
-4.52113
 20
5.17345
 30
0.0
 10
-4.51847
 20
5.16558
 30
0.0
 10
-4.51202
 20
5.16044
 30
0.0
 10
-4.50615
 20
5.15486
 30
0.0
 10
-4.50615
 20
5.15486
 30
0.0
 10
-4.48967
 20
5.13922
 30
0.0
 10
-4.4793
 20
5.1445
 30
0.0
 10
-4.46176
 20
5.1382
 30
0.0
 10
-4.46176
 20
5.1382
 30
0.0
 10
-4.44679
 20
5.13282
 30
0.0
 10
-4.48776
 20
5.13464
 30
0.0
 10
-4.48954
 20
5.13465
 30
0.0
 10
-4.48954
 20
5.13465
 30
0.0
 10
-4.53526
 20
5.13476
 30
0.0
 10
-4.58095
 20
5.13493
 30
0.0
 10
-4.62667
 20
5.13492
 30
0.0
 10
-4.62667
 20
5.13492
 30
0.0
 10
-4.62667
 20
5.2056
 30
0.0
 10
-4.62669
 20
5.27628
 30
0.0
 10
-4.62699
 20
5.34695
 30
0.0
  0
SPLINE
  5
88
330
1F
100
AcDbEntity
  8
layer 1
 62
   250
100
AcDbSpline
210
0.0
220
0.0
230
1.0
 70
    11
 71
     3
 72
   172
 73
   168
 74
     0
 42
0.000000001
 43
0.0000000001
 40
0.0
 40
0.0
 40
0.0
 40
0.0
 40
0.0232558139534884
 40
0.0232558139534884
 40
0.0232558139534884
 40
0.0232558139534884
 40
0.0465116279069767
 40
0.0465116279069767
 40
0.0465116279069767
 40
0.0465116279069767
 40
0.0697674418604651
 40
0.0697674418604651
 40
0.0697674418604651
 40
0.0697674418604651
 40
0.0930232558139535
 40
0.0930232558139535
 40
0.0930232558139535
 40
0.0930232558139535
 40
0.1162790697674419
 40
0.1162790697674419
 40
0.1162790697674419
 40
0.1162790697674419
 40
0.1395348837209302
 40
0.1395348837209302
 40
0.1395348837209302
 40
0.1395348837209302
 40
0.1627906976744186
 40
0.1627906976744186
 40
0.1627906976744186
 40
0.1627906976744186
 40
0.186046511627907
 40
0.186046511627907
 40
0.186046511627907
 40
0.186046511627907
 40
0.2093023255813954
 40
0.2093023255813954
 40
0.2093023255813954
 40
0.2093023255813954
 40
0.2325581395348837
 40
0.2325581395348837
 40
0.2325581395348837
 40
0.2325581395348837
 40
0.2558139534883721
 40
0.2558139534883721
 40
0.2558139534883721
 40
0.2558139534883721
 40
0.2790697674418605
 40
0.2790697674418605
 40
0.2790697674418605
 40
0.2790697674418605
 40
0.3023255813953488
 40
0.3023255813953488
 40
0.3023255813953488
 40
0.3023255813953488
 40
0.3255813953488372
 40
0.3255813953488372
 40
0.3255813953488372
 40
0.3255813953488372
 40
0.3488372093023256
 40
0.3488372093023256
 40
0.3488372093023256
 40
0.3488372093023256
 40
0.3720930232558139
 40
0.3720930232558139
 40
0.3720930232558139
 40
0.3720930232558139
 40
0.3953488372093023
 40
0.3953488372093023
 40
0.3953488372093023
 40
0.3953488372093023
 40
0.4186046511627907
 40
0.4186046511627907
 40
0.4186046511627907
 40
0.4186046511627907
 40
0.4418604651162791
 40
0.4418604651162791
 40
0.4418604651162791
 40
0.4418604651162791
 40
0.4651162790697674
 40
0.4651162790697674
 40
0.4651162790697674
 40
0.4651162790697674
 40
0.4883720930232558
 40
0.4883720930232558
 40
0.4883720930232558
 40
0.4883720930232558
 40
0.5116279069767442
 40
0.5116279069767442
 40
0.5116279069767442
 40
0.5116279069767442
 40
0.5348837209302325
 40
0.5348837209302325
 40
0.5348837209302325
 40
0.5348837209302325
 40
0.5581395348837209
 40
0.5581395348837209
 40
0.5581395348837209
 40
0.5581395348837209
 40
0.5813953488372093
 40
0.5813953488372093
 40
0.5813953488372093
 40
0.5813953488372093
 40
0.6046511627906976
 40
0.6046511627906976
 40
0.6046511627906976
 40
0.6046511627906976
 40
0.627906976744186
 40
0.627906976744186
 40
0.627906976744186
 40
0.627906976744186
 40
0.6511627906976745
 40
0.6511627906976745
 40
0.6511627906976745
 40
0.6511627906976745
 40
0.6744186046511628
 40
0.6744186046511628
 40
0.6744186046511628
 40
0.6744186046511628
 40
0.6976744186046512
 40
0.6976744186046512
 40
0.6976744186046512
 40
0.6976744186046512
 40
0.7209302325581395
 40
0.7209302325581395
 40
0.7209302325581395
 40
0.7209302325581395
 40
0.7441860465116279
 40
0.7441860465116279
 40
0.7441860465116279
 40
0.7441860465116279
 40
0.7674418604651163
 40
0.7674418604651163
 40
0.7674418604651163
 40
0.7674418604651163
 40
0.7906976744186046
 40
0.7906976744186046
 40
0.7906976744186046
 40
0.7906976744186046
 40
0.813953488372093
 40
0.813953488372093
 40
0.813953488372093
 40
0.813953488372093
 40
0.8372093023255814
 40
0.8372093023255814
 40
0.8372093023255814
 40
0.8372093023255814
 40
0.8604651162790697
 40
0.8604651162790697
 40
0.8604651162790697
 40
0.8604651162790697
 40
0.8837209302325582
 40
0.8837209302325582
 40
0.8837209302325582
 40
0.8837209302325582
 40
0.9069767441860465
 40
0.9069767441860465
 40
0.9069767441860465
 40
0.9069767441860465
 40
0.9302325581395349
 40
0.9302325581395349
 40
0.9302325581395349
 40
0.9302325581395349
 40
0.9534883720930233
 40
0.9534883720930233
 40
0.9534883720930233
 40
0.9534883720930233
 40
1.0
 40
1.0
 40
1.0
 40
1.0
 10
-3.80694
 20
5.48883
 30
0.0
 10
-3.80694
 20
5.40288
 30
0.0
 10
-3.80892
 20
5.34215
 30
0.0
 10
-3.81306
 20
5.30647
 30
0.0
 10
-3.81306
 20
5.30647
 30
0.0
 10
-3.82153
 20
5.2318
 30
0.0
 10
-3.86679
 20
5.17116
 30
0.0
 10
-3.93722
 20
5.14033
 30
0.0
 10
-3.93722
 20
5.14033
 30
0.0
 10
-4.00956
 20
5.10865
 30
0.0
 10
-4.11278
 20
5.10865
 30
0.0
 10
-4.1868
 20
5.13907
 30
0.0
 10
-4.1868
 20
5.13907
 30
0.0
 10
-4.25732
 20
5.16804
 30
0.0
 10
-4.3054
 20
5.23072
 30
0.0
 10
-4.3142
 20
5.30395
 30
0.0
 10
-4.3142
 20
5.30395
 30
0.0
 10
-4.31957
 20
5.35047
 30
0.0
 10
-4.31997
 20
5.40352
 30
0.0
 10
-4.32036
 20
5.45039
 30
0.0
 10
-4.32036
 20
5.45039
 30
0.0
 10
-4.3204
 20
5.45518
 30
0.0
 10
-4.32043
 20
5.45997
 30
0.0
 10
-4.32045
 20
5.46477
 30
0.0
 10
-4.32045
 20
5.46477
 30
0.0
 10
-4.30264
 20
5.46922
 30
0.0
 10
-4.28451
 20
5.48575
 30
0.0
 10
-4.27882
 20
5.50341
 30
0.0
 10
-4.27882
 20
5.50341
 30
0.0
 10
-4.27677
 20
5.50976
 30
0.0
 10
-4.2775
 20
5.51196
 30
0.0
 10
-4.26842
 20
5.51226
 30
0.0
 10
-4.26842
 20
5.51226
 30
0.0
 10
-4.2608
 20
5.51251
 30
0.0
 10
-4.25659
 20
5.51241
 30
0.0
 10
-4.24871
 20
5.5134
 30
0.0
 10
-4.24871
 20
5.5134
 30
0.0
 10
-4.24114
 20
5.51435
 30
0.0
 10
-4.23526
 20
5.51513
 30
0.0
 10
-4.22755
 20
5.51484
 30
0.0
 10
-4.22755
 20
5.51484
 30
0.0
 10
-4.2166
 20
5.52013
 30
0.0
 10
-4.13125
 20
5.5281
 30
0.0
 10
-4.11505
 20
5.52989
 30
0.0
 10
-4.11505
 20
5.52989
 30
0.0
 10
-4.11274
 20
5.53015
 30
0.0
 10
-4.10128
 20
5.53121
 30
0.0
 10
-4.09961
 20
5.52999
 30
0.0
 10
-4.09961
 20
5.52999
 30
0.0
 10
-4.09621
 20
5.52753
 30
0.0
 10
-4.09778
 20
5.4992
 30
0.0
 10
-4.09778
 20
5.49388
 30
0.0
 10
-4.09778
 20
5.49388
 30
0.0
 10
-4.09784
 20
5.4528
 30
0.0
 10
-4.09778
 20
5.41171
 30
0.0
 10
-4.09778
 20
5.37062
 30
0.0
 10
-4.09778
 20
5.37062
 30
0.0
 10
-4.09778
 20
5.32107
 30
0.0
 10
-4.0958
 20
5.29043
 30
0.0
 10
-4.09184
 20
5.2789
 30
0.0
 10
-4.09184
 20
5.2789
 30
0.0
 10
-4.08787
 20
5.26719
 30
0.0
 10
-4.07868
 20
5.26142
 30
0.0
 10
-4.06426
 20
5.26142
 30
0.0
 10
-4.06426
 20
5.26142
 30
0.0
 10
-4.04949
 20
5.26142
 30
0.0
 10
-4.03994
 20
5.26809
 30
0.0
 10
-4.03579
 20
5.28142
 30
0.0
 10
-4.03579
 20
5.28142
 30
0.0
 10
-4.03165
 20
5.29476
 30
0.0
 10
-4.02967
 20
5.32665
 30
0.0
 10
-4.02967
 20
5.37693
 30
0.0
 10
-4.02967
 20
5.37693
 30
0.0
 10
-4.02967
 20
5.43091
 30
0.0
 10
-4.02967
 20
5.4849
 30
0.0
 10
-4.02967
 20
5.53888
 30
0.0
 10
-4.02967
 20
5.53888
 30
0.0
 10
-4.02194
 20
5.53982
 30
0.0
 10
-3.98732
 20
5.54338
 30
0.0
 10
-3.98212
 20
5.54674
 30
0.0
 10
-3.98212
 20
5.54674
 30
0.0
 10
-3.96887
 20
5.55529
 30
0.0
 10
-3.92648
 20
5.5998
 30
0.0
 10
-3.91566
 20
5.61359
 30
0.0
 10
-3.91566
 20
5.61359
 30
0.0
 10
-3.88862
 20
5.64897
 30
0.0
 10
-3.92359
 20
5.64845
 30
0.0
 10
-3.92583
 20
5.64673
 30
0.0
 10
-3.92583
 20
5.64673
 30
0.0
 10
-3.92794
 20
5.64511
 30
0.0
 10
-3.95601
 20
5.61151
 30
0.0
 10
-3.96047
 20
5.60637
 30
0.0
 10
-3.96047
 20
5.60637
 30
0.0
 10
-3.96704
 20
5.59878
 30
0.0
 10
-3.99297
 20
5.56881
 30
0.0
 10
-3.99927
 20
5.56477
 30
0.0
 10
-3.99927
 20
5.56477
 30
0.0
 10
-4.00756
 20
5.55946
 30
0.0
 10
-4.01995
 20
5.55967
 30
0.0
 10
-4.02967
 20
5.55858
 30
0.0
 10
-4.02967
 20
5.55858
 30
0.0
 10
-4.02967
 20
5.55858
 30
0.0
 10
-4.02967
 20
5.76977
 30
0.0
 10
-4.02967
 20
5.76977
 30
0.0
 10
-4.02967
 20
5.76977
 30
0.0
 10
-4.02967
 20
5.80941
 30
0.0
 10
-4.03183
 20
5.83482
 30
0.0
 10
-4.03615
 20
5.84599
 30
0.0
 10
-4.03615
 20
5.84599
 30
0.0
 10
-4.04465
 20
5.86775
 30
0.0
 10
-4.07599
 20
5.86794
 30
0.0
 10
-4.08877
 20
5.84906
 30
0.0
 10
-4.08877
 20
5.84906
 30
0.0
 10
-4.09472
 20
5.84023
 30
0.0
 10
-4.09778
 20
5.81374
 30
0.0
 10
-4.09778
 20
5.76977
 30
0.0
 10
-4.09778
 20
5.76977
 30
0.0
 10
-4.09778
 20
5.70022
 30
0.0
 10
-4.09807
 20
5.63066
 30
0.0
 10
-4.09754
 20
5.56111
 30
0.0
 10
-4.09754
 20
5.56111
 30
0.0
 10
-4.09753
 20
5.55906
 30
0.0
 10
-4.09772
 20
5.55086
 30
0.0
 10
-4.09909
 20
5.54947
 30
0.0
 10
-4.09909
 20
5.54947
 30
0.0
 10
-4.10145
 20
5.54708
 30
0.0
 10
-4.15804
 20
5.53931
 30
0.0
 10
-4.16581
 20
5.53815
 30
0.0
 10
-4.16581
 20
5.53815
 30
0.0
 10
-4.18451
 20
5.53533
 30
0.0
 10
-4.26833
 20
5.52177
 30
0.0
 10
-4.28032
 20
5.5283
 30
0.0
 10
-4.28032
 20
5.5283
 30
0.0
 10
-4.28677
 20
5.53182
 30
0.0
 10
-4.28771
 20
5.53434
 30
0.0
 10
-4.29624
 20
5.53646
 30
0.0
 10
-4.29624
 20
5.53646
 30
0.0
 10
-4.30107
 20
5.53767
 30
0.0
 10
-4.31689
 20
5.53713
 30
0.0
 10
-4.31955
 20
5.54059
 30
0.0
 10
-4.31955
 20
5.54059
 30
0.0
 10
-4.32146
 20
5.54309
 30
0.0
 10
-4.32054
 20
5.60836
 30
0.0
 10
-4.32052
 20
5.61656
 30
0.0
 10
-4.32052
 20
5.61656
 30
0.0
 10
-4.32043
 20
5.67573
 30
0.0
 10
-4.32063
 20
5.73869
 30
0.0
 10
-4.31622
 20
5.79757
 30
0.0
 10
-4.31622
 20
5.79757
 30
0.0
 10
-4.31572
 20
5.80424
 30
0.0
 10
-4.31512
 20
5.81087
 30
0.0
 10
-4.31438
 20
5.81752
 30
0.0
 10
-4.31438
 20
5.81752
 30
0.0
 10
-4.30592
 20
5.89219
 30
0.0
 10
-4.26065
 20
5.95283
 30
0.0
 10
-4.19023
 20
5.98367
 30
0.0
 10
-4.19023
 20
5.98367
 30
0.0
 10
-4.11788
 20
6.01534
 30
0.0
 10
-4.01467
 20
6.01534
 30
0.0
 10
-3.94065
 20
5.98493
 30
0.0
 10
-3.94065
 20
5.98493
 30
0.0
 10
-3.87013
 20
5.95595
 30
0.0
 10
-3.82205
 20
5.89327
 30
0.0
 10
-3.81325
 20
5.82004
 30
0.0
 10
-3.81325
 20
5.82004
 30
0.0
 10
-3.80522
 20
5.75332
 30
0.0
 10
-3.80694
 20
5.58137
 30
0.0
 10
-3.80694
 20
5.48883
 30
0.0
  0
SPLINE
  5
89
330
1F
100
AcDbEntity
  8
layer 1
 62
   250
100
AcDbSpline
210
0.0
220
0.0
230
1.0
 70
    11
 71
     3
 72
    24
 73
    20
 74
     0
 42
0.000000001
 43
0.0000000001
 40
0.0
 40
0.0
 40
0.0
 40
0.0
 40
0.1666666666666667
 40
0.1666666666666667
 40
0.1666666666666667
 40
0.1666666666666667
 40
0.3333333333333333
 40
0.3333333333333333
 40
0.3333333333333333
 40
0.3333333333333333
 40
0.5
 40
0.5
 40
0.5
 40
0.5
 40
0.6666666666666666
 40
0.6666666666666666
 40
0.6666666666666666
 40
0.6666666666666666
 40
1.0
 40
1.0
 40
1.0
 40
1.0
 10
-3.39806
 20
5.88953
 30
0.0
 10
-3.39227
 20
5.89924
 30
0.0
 10
-3.39
 20
5.91295
 30
0.0
 10
-3.40146
 20
5.92177
 30
0.0
 10
-3.40146
 20
5.92177
 30
0.0
 10
-3.40874
 20
5.92738
 30
0.0
 10
-3.41555
 20
5.93558
 30
0.0
 10
-3.43249
 20
5.92635
 30
0.0
 10
-3.43249
 20
5.92635
 30
0.0
 10
-3.44713
 20
5.91838
 30
0.0
 10
-3.45725
 20
5.89761
 30
0.0
 10
-3.44535
 20
5.88529
 30
0.0
 10
-3.44535
 20
5.88529
 30
0.0
 10
-3.44109
 20
5.88088
 30
0.0
 10
-3.43822
 20
5.8741
 30
0.0
 10
-3.42862
 20
5.87371
 30
0.0
 10
-3.42862
 20
5.87371
 30
0.0
 10
-3.42065
 20
5.87358
 30
0.0
 10
-3.40479
 20
5.87825
 30
0.0
 10
-3.39806
 20
5.88953
 30
0.0
  0
SPLINE
  5
8A
330
1F
100
AcDbEntity
  8
layer 1
 62
   250
100
AcDbSpline
210
0.0
220
0.0
230
1.0
 70
    11
 71
     3
 72
   212
 73
   208
 74
     0
 42
0.000000001
 43
0.0000000001
 40
0.0
 40
0.0
 40
0.0
 40
0.0
 40
0.0188679245283019
 40
0.0188679245283019
 40
0.0188679245283019
 40
0.0188679245283019
 40
0.0377358490566038
 40
0.0377358490566038
 40
0.0377358490566038
 40
0.0377358490566038
 40
0.0566037735849057
 40
0.0566037735849057
 40
0.0566037735849057
 40
0.0566037735849057
 40
0.0754716981132075
 40
0.0754716981132075
 40
0.0754716981132075
 40
0.0754716981132075
 40
0.0943396226415094
 40
0.0943396226415094
 40
0.0943396226415094
 40
0.0943396226415094
 40
0.1132075471698113
 40
0.1132075471698113
 40
0.1132075471698113
 40
0.1132075471698113
 40
0.1320754716981132
 40
0.1320754716981132
 40
0.1320754716981132
 40
0.1320754716981132
 40
0.1509433962264151
 40
0.1509433962264151
 40
0.1509433962264151
 40
0.1509433962264151
 40
0.169811320754717
 40
0.169811320754717
 40
0.169811320754717
 40
0.169811320754717
 40
0.1886792452830189
 40
0.1886792452830189
 40
0.1886792452830189
 40
0.1886792452830189
 40
0.2075471698113208
 40
0.2075471698113208
 40
0.2075471698113208
 40
0.2075471698113208
 40
0.2264150943396226
 40
0.2264150943396226
 40
0.2264150943396226
 40
0.2264150943396226
 40
0.2452830188679245
 40
0.2452830188679245
 40
0.2452830188679245
 40
0.2452830188679245
 40
0.2641509433962264
 40
0.2641509433962264
 40
0.2641509433962264
 40
0.2641509433962264
 40
0.2830188679245283
 40
0.2830188679245283
 40
0.2830188679245283
 40
0.2830188679245283
 40
0.3018867924528302
 40
0.3018867924528302
 40
0.3018867924528302
 40
0.3018867924528302
 40
0.3207547169811321
 40
0.3207547169811321
 40
0.3207547169811321
 40
0.3207547169811321
 40
0.3396226415094339
 40
0.3396226415094339
 40
0.3396226415094339
 40
0.3396226415094339
 40
0.3584905660377358
 40
0.3584905660377358
 40
0.3584905660377358
 40
0.3584905660377358
 40
0.3773584905660378
 40
0.3773584905660378
 40
0.3773584905660378
 40
0.3773584905660378
 40
0.3962264150943396
 40
0.3962264150943396
 40
0.3962264150943396
 40
0.3962264150943396
 40
0.4150943396226415
 40
0.4150943396226415
 40
0.4150943396226415
 40
0.4150943396226415
 40
0.4339622641509434
 40
0.4339622641509434
 40
0.4339622641509434
 40
0.4339622641509434
 40
0.4528301886792453
 40
0.4528301886792453
 40
0.4528301886792453
 40
0.4528301886792453
 40
0.4716981132075472
 40
0.4716981132075472
 40
0.4716981132075472
 40
0.4716981132075472
 40
0.4905660377358491
 40
0.4905660377358491
 40
0.4905660377358491
 40
0.4905660377358491
 40
0.5094339622641509
 40
0.5094339622641509
 40
0.5094339622641509
 40
0.5094339622641509
 40
0.5283018867924528
 40
0.5283018867924528
 40
0.5283018867924528
 40
0.5283018867924528
 40
0.5471698113207547
 40
0.5471698113207547
 40
0.5471698113207547
 40
0.5471698113207547
 40
0.5660377358490566
 40
0.5660377358490566
 40
0.5660377358490566
 40
0.5660377358490566
 40
0.5849056603773585
 40
0.5849056603773585
 40
0.5849056603773585
 40
0.5849056603773585
 40
0.6037735849056604
 40
0.6037735849056604
 40
0.6037735849056604
 40
0.6037735849056604
 40
0.6226415094339622
 40
0.6226415094339622
 40
0.6226415094339622
 40
0.6226415094339622
 40
0.6415094339622641
 40
0.6415094339622641
 40
0.6415094339622641
 40
0.6415094339622641
 40
0.660377358490566
 40
0.660377358490566
 40
0.660377358490566
 40
0.660377358490566
 40
0.6792452830188679
 40
0.6792452830188679
 40
0.6792452830188679
 40
0.6792452830188679
 40
0.6981132075471698
 40
0.6981132075471698
 40
0.6981132075471698
 40
0.6981132075471698
 40
0.7169811320754716
 40
0.7169811320754716
 40
0.7169811320754716
 40
0.7169811320754716
 40
0.7358490566037735
 40
0.7358490566037735
 40
0.7358490566037735
 40
0.7358490566037735
 40
0.7547169811320755
 40
0.7547169811320755
 40
0.7547169811320755
 40
0.7547169811320755
 40
0.7735849056603774
 40
0.7735849056603774
 40
0.7735849056603774
 40
0.7735849056603774
 40
0.7924528301886793
 40
0.7924528301886793
 40
0.7924528301886793
 40
0.7924528301886793
 40
0.8113207547169812
 40
0.8113207547169812
 40
0.8113207547169812
 40
0.8113207547169812
 40
0.8301886792452831
 40
0.8301886792452831
 40
0.8301886792452831
 40
0.8301886792452831
 40
0.8490566037735849
 40
0.8490566037735849
 40
0.8490566037735849
 40
0.8490566037735849
 40
0.8679245283018868
 40
0.8679245283018868
 40
0.8679245283018868
 40
0.8679245283018868
 40
0.8867924528301887
 40
0.8867924528301887
 40
0.8867924528301887
 40
0.8867924528301887
 40
0.9056603773584906
 40
0.9056603773584906
 40
0.9056603773584906
 40
0.9056603773584906
 40
0.9245283018867925
 40
0.9245283018867925
 40
0.9245283018867925
 40
0.9245283018867925
 40
0.9433962264150944
 40
0.9433962264150944
 40
0.9433962264150944
 40
0.9433962264150944
 40
0.9622641509433962
 40
0.9622641509433962
 40
0.9622641509433962
 40
0.9622641509433962
 40
1.0
 40
1.0
 40
1.0
 40
1.0
 10
-3.40618
 20
5.69155
 30
0.0
 10
-3.37722
 20
5.70666
 30
0.0
 10
-3.34303
 20
5.72671
 30
0.0
 10
-3.31667
 20
5.74593
 30
0.0
 10
-3.31667
 20
5.74593
 30
0.0
 10
-3.31171
 20
5.74957
 30
0.0
 10
-3.29775
 20
5.76131
 30
0.0
 10
-3.29454
 20
5.76689
 30
0.0
 10
-3.29454
 20
5.76689
 30
0.0
 10
-3.29198
 20
5.77132
 30
0.0
 10
-3.29705
 20
5.78042
 30
0.0
 10
-3.30205
 20
5.78009
 30
0.0
 10
-3.30205
 20
5.78009
 30
0.0
 10
-3.30866
 20
5.77965
 30
0.0
 10
-3.3461
 20
5.74923
 30
0.0
 10
-3.35512
 20
5.74265
 30
0.0
 10
-3.35512
 20
5.74265
 30
0.0
 10
-3.36604
 20
5.7347
 30
0.0
 10
-3.41514
 20
5.70047
 30
0.0
 10
-3.42573
 20
5.69914
 30
0.0
 10
-3.42573
 20
5.69914
 30
0.0
 10
-3.42839
 20
5.70314
 30
0.0
 10
-3.42698
 20
5.71919
 30
0.0
 10
-3.42694
 20
5.7246
 30
0.0
 10
-3.42694
 20
5.7246
 30
0.0
 10
-3.42675
 20
5.74941
 30
0.0
 10
-3.42579
 20
5.82606
 30
0.0
 10
-3.4341
 20
5.84653
 30
0.0
 10
-3.4341
 20
5.84653
 30
0.0
 10
-3.4438
 20
5.86871
 30
0.0
 10
-3.48998
 20
5.86919
 30
0.0
 10
-3.4997
 20
5.84311
 30
0.0
 10
-3.4997
 20
5.84311
 30
0.0
 10
-3.5103
 20
5.81151
 30
0.0
 10
-3.50542
 20
5.76674
 30
0.0
 10
-3.50706
 20
5.73325
 30
0.0
 10
-3.50706
 20
5.73325
 30
0.0
 10
-3.50717
 20
5.73113
 30
0.0
 10
-3.5074
 20
5.72931
 30
0.0
 10
-3.50775
 20
5.72722
 30
0.0
 10
-3.50775
 20
5.72722
 30
0.0
 10
-3.52663
 20
5.73167
 30
0.0
 10
-3.52561
 20
5.73504
 30
0.0
 10
-3.54804
 20
5.73573
 30
0.0
 10
-3.54804
 20
5.73573
 30
0.0
 10
-3.57079
 20
5.73644
 30
0.0
 10
-3.55246
 20
5.73905
 30
0.0
 10
-3.55385
 20
5.75147
 30
0.0
 10
-3.55385
 20
5.75147
 30
0.0
 10
-3.55416
 20
5.75427
 30
0.0
 10
-3.55666
 20
5.7535
 30
0.0
 10
-3.55762
 20
5.76154
 30
0.0
 10
-3.55762
 20
5.76154
 30
0.0
 10
-3.56018
 20
5.78313
 30
0.0
 10
-3.55314
 20
5.77559
 30
0.0
 10
-3.5526
 20
5.77835
 30
0.0
 10
-3.5526
 20
5.77835
 30
0.0
 10
-3.55216
 20
5.7806
 30
0.0
 10
-3.55779
 20
5.78061
 30
0.0
 10
-3.55953
 20
5.78116
 30
0.0
 10
-3.55953
 20
5.78116
 30
0.0
 10
-3.55561
 20
5.78702
 30
0.0
 10
-3.55223
 20
5.79275
 30
0.0
 10
-3.55456
 20
5.79984
 30
0.0
 10
-3.55456
 20
5.79984
 30
0.0
 10
-3.55659
 20
5.80368
 30
0.0
 10
-3.56119
 20
5.7992
 30
0.0
 10
-3.5623
 20
5.8041
 30
0.0
 10
-3.5623
 20
5.8041
 30
0.0
 10
-3.56422
 20
5.81265
 30
0.0
 10
-3.56252
 20
5.81754
 30
0.0
 10
-3.56544
 20
5.82
 30
0.0
 10
-3.56544
 20
5.82
 30
0.0
 10
-3.57158
 20
5.82517
 30
0.0
 10
-3.57722
 20
5.83116
 30
0.0
 10
-3.58563
 20
5.83282
 30
0.0
 10
-3.58563
 20
5.83282
 30
0.0
 10
-3.59005
 20
5.83369
 30
0.0
 10
-3.59317
 20
5.83095
 30
0.0
 10
-3.59721
 20
5.8328
 30
0.0
 10
-3.59721
 20
5.8328
 30
0.0
 10
-3.60421
 20
5.836
 30
0.0
 10
-3.61158
 20
5.83622
 30
0.0
 10
-3.61907
 20
5.83597
 30
0.0
 10
-3.61907
 20
5.83597
 30
0.0
 10
-3.63306
 20
5.83549
 30
0.0
 10
-3.62623
 20
5.83692
 30
0.0
 10
-3.64272
 20
5.82712
 30
0.0
 10
-3.64272
 20
5.82712
 30
0.0
 10
-3.64723
 20
5.82444
 30
0.0
 10
-3.65018
 20
5.81929
 30
0.0
 10
-3.65323
 20
5.81385
 30
0.0
 10
-3.65323
 20
5.81385
 30
0.0
 10
-3.65789
 20
5.80553
 30
0.0
 10
-3.65302
 20
5.80834
 30
0.0
 10
-3.65836
 20
5.80695
 30
0.0
 10
-3.65836
 20
5.80695
 30
0.0
 10
-3.6703
 20
5.80461
 30
0.0
 10
-3.66646
 20
5.79819
 30
0.0
 10
-3.66681
 20
5.79682
 30
0.0
 10
-3.66681
 20
5.79682
 30
0.0
 10
-3.66708
 20
5.79579
 30
0.0
 10
-3.66522
 20
5.79658
 30
0.0
 10
-3.66443
 20
5.79618
 30
0.0
 10
-3.66443
 20
5.79618
 30
0.0
 10
-3.67171
 20
5.78781
 30
0.0
 10
-3.65988
 20
5.77598
 30
0.0
 10
-3.66773
 20
5.75463
 30
0.0
 10
-3.66773
 20
5.75463
 30
0.0
 10
-3.66891
 20
5.75143
 30
0.0
 10
-3.66325
 20
5.74705
 30
0.0
 10
-3.66819
 20
5.74365
 30
0.0
 10
-3.66819
 20
5.74365
 30
0.0
 10
-3.67138
 20
5.74146
 30
0.0
 10
-3.66892
 20
5.73765
 30
0.0
 10
-3.67182
 20
5.73463
 30
0.0
 10
-3.67182
 20
5.73463
 30
0.0
 10
-3.67248
 20
5.73394
 30
0.0
 10
-3.67281
 20
5.7326
 30
0.0
 10
-3.67174
 20
5.73212
 30
0.0
 10
-3.67174
 20
5.73212
 30
0.0
 10
-3.66847
 20
5.73065
 30
0.0
 10
-3.66886
 20
5.72461
 30
0.0
 10
-3.66815
 20
5.72331
 30
0.0
 10
-3.66815
 20
5.72331
 30
0.0
 10
-3.66226
 20
5.71258
 30
0.0
 10
-3.67916
 20
5.71299
 30
0.0
 10
-3.68678
 20
5.68395
 30
0.0
 10
-3.68678
 20
5.68395
 30
0.0
 10
-3.68817
 20
5.67864
 30
0.0
 10
-3.68927
 20
5.67297
 30
0.0
 10
-3.68911
 20
5.66732
 30
0.0
 10
-3.68911
 20
5.66732
 30
0.0
 10
-3.69041
 20
5.65767
 30
0.0
 10
-3.69939
 20
5.64598
 30
0.0
 10
-3.70341
 20
5.63558
 30
0.0
 10
-3.70341
 20
5.63558
 30
0.0
 10
-3.70423
 20
5.63347
 30
0.0
 10
-3.70491
 20
5.63378
 30
0.0
 10
-3.70652
 20
5.63502
 30
0.0
 10
-3.70652
 20
5.63502
 30
0.0
 10
-3.7039
 20
5.62921
 30
0.0
 10
-3.70812
 20
5.62543
 30
0.0
 10
-3.71068
 20
5.61946
 30
0.0
 10
-3.71068
 20
5.61946
 30
0.0
 10
-3.71412
 20
5.61142
 30
0.0
 10
-3.72354
 20
5.57776
 30
0.0
 10
-3.72922
 20
5.57508
 30
0.0
 10
-3.72922
 20
5.57508
 30
0.0
 10
-3.73109
 20
5.57701
 30
0.0
 10
-3.72987
 20
5.60406
 30
0.0
 10
-3.72985
 20
5.60879
 30
0.0
 10
-3.72985
 20
5.60879
 30
0.0
 10
-3.72978
 20
5.62686
 30
0.0
 10
-3.72967
 20
5.64494
 30
0.0
 10
-3.72969
 20
5.66301
 30
0.0
 10
-3.72969
 20
5.66301
 30
0.0
 10
-3.7298
 20
5.70293
 30
0.0
 10
-3.72964
 20
5.74257
 30
0.0
 10
-3.7274
 20
5.78244
 30
0.0
 10
-3.7274
 20
5.78244
 30
0.0
 10
-3.7272
 20
5.7859
 30
0.0
 10
-3.72698
 20
5.78935
 30
0.0
 10
-3.72675
 20
5.79281
 30
0.0
 10
-3.72675
 20
5.79281
 30
0.0
 10
-3.72599
 20
5.8041
 30
0.0
 10
-3.72501
 20
5.81532
 30
0.0
 10
-3.7235
 20
5.82653
 30
0.0
 10
-3.7235
 20
5.82653
 30
0.0
 10
-3.71407
 20
5.89521
 30
0.0
 10
-3.6661
 20
5.95314
 30
0.0
 10
-3.59863
 20
5.98294
 30
0.0
 10
-3.59863
 20
5.98294
 30
0.0
 10
-3.51358
 20
6.02051
 30
0.0
 10
-3.3847
 20
6.0148
 30
0.0
 10
-3.30832
 20
5.96943
 30
0.0
 10
-3.30832
 20
5.96943
 30
0.0
 10
-3.26579
 20
5.9442
 30
0.0
 10
-3.23786
 20
5.91267
 30
0.0
 10
-3.22435
 20
5.87483
 30
0.0
 10
-3.22435
 20
5.87483
 30
0.0
 10
-3.20062
 20
5.80682
 30
0.0
 10
-3.20482
 20
5.70263
 30
0.0
 10
-3.20421
 20
5.63005
 30
0.0
 10
-3.20421
 20
5.63005
 30
0.0
 10
-3.2042
 20
5.62808
 30
0.0
 10
-3.20422
 20
5.61972
 30
0.0
 10
-3.20557
 20
5.61839
 30
0.0
 10
-3.20557
 20
5.61839
 30
0.0
 10
-3.20801
 20
5.616
 30
0.0
 10
-3.24082
 20
5.61711
 30
0.0
 10
-3.24635
 20
5.6171
 30
0.0
 10
-3.24635
 20
5.6171
 30
0.0
 10
-3.30031
 20
5.61701
 30
0.0
 10
-3.35435
 20
5.61724
 30
0.0
 10
-3.40829
 20
5.61704
 30
0.0
 10
-3.40829
 20
5.61704
 30
0.0
 10
-3.43168
 20
5.61696
 30
0.0
 10
-3.42731
 20
5.61236
 30
0.0
 10
-3.42732
 20
5.63802
 30
0.0
 10
-3.42732
 20
5.63802
 30
0.0
 10
-3.42733
 20
5.64721
 30
0.0
 10
-3.42885
 20
5.6726
 30
0.0
 10
-3.42501
 20
5.67939
 30
0.0
 10
-3.42501
 20
5.67939
 30
0.0
 10
-3.42194
 20
5.68481
 30
0.0
 10
-3.41172
 20
5.68873
 30
0.0
 10
-3.40618
 20
5.69155
 30
0.0
  0
SPLINE
  5
8B
330
1F
100
AcDbEntity
  8
layer 1
 62
   250
100
AcDbSpline
210
0.0
220
0.0
230
1.0
 70
    11
 71
     3
 72
   132
 73
   128
 74
     0
 42
0.000000001
 43
0.0000000001
 40
0.0
 40
0.0
 40
0.0
 40
0.0
 40
0.0303030303030303
 40
0.0303030303030303
 40
0.0303030303030303
 40
0.0303030303030303
 40
0.0606060606060606
 40
0.0606060606060606
 40
0.0606060606060606
 40
0.0606060606060606
 40
0.0909090909090909
 40
0.0909090909090909
 40
0.0909090909090909
 40
0.0909090909090909
 40
0.1212121212121212
 40
0.1212121212121212
 40
0.1212121212121212
 40
0.1212121212121212
 40
0.1515151515151515
 40
0.1515151515151515
 40
0.1515151515151515
 40
0.1515151515151515
 40
0.1818181818181818
 40
0.1818181818181818
 40
0.1818181818181818
 40
0.1818181818181818
 40
0.2121212121212121
 40
0.2121212121212121
 40
0.2121212121212121
 40
0.2121212121212121
 40
0.2424242424242424
 40
0.2424242424242424
 40
0.2424242424242424
 40
0.2424242424242424
 40
0.2727272727272727
 40
0.2727272727272727
 40
0.2727272727272727
 40
0.2727272727272727
 40
0.303030303030303
 40
0.303030303030303
 40
0.303030303030303
 40
0.303030303030303
 40
0.3333333333333333
 40
0.3333333333333333
 40
0.3333333333333333
 40
0.3333333333333333
 40
0.3636363636363636
 40
0.3636363636363636
 40
0.3636363636363636
 40
0.3636363636363636
 40
0.3939393939393939
 40
0.3939393939393939
 40
0.3939393939393939
 40
0.3939393939393939
 40
0.4242424242424243
 40
0.4242424242424243
 40
0.4242424242424243
 40
0.4242424242424243
 40
0.4545454545454545
 40
0.4545454545454545
 40
0.4545454545454545
 40
0.4545454545454545
 40
0.4848484848484849
 40
0.4848484848484849
 40
0.4848484848484849
 40
0.4848484848484849
 40
0.5151515151515151
 40
0.5151515151515151
 40
0.5151515151515151
 40
0.5151515151515151
 40
0.5454545454545454
 40
0.5454545454545454
 40
0.5454545454545454
 40
0.5454545454545454
 40
0.5757575757575758
 40
0.5757575757575758
 40
0.5757575757575758
 40
0.5757575757575758
 40
0.6060606060606061
 40
0.6060606060606061
 40
0.6060606060606061
 40
0.6060606060606061
 40
0.6363636363636364
 40
0.6363636363636364
 40
0.6363636363636364
 40
0.6363636363636364
 40
0.6666666666666666
 40
0.6666666666666666
 40
0.6666666666666666
 40
0.6666666666666666
 40
0.696969696969697
 40
0.696969696969697
 40
0.696969696969697
 40
0.696969696969697
 40
0.7272727272727273
 40
0.7272727272727273
 40
0.7272727272727273
 40
0.7272727272727273
 40
0.7575757575757576
 40
0.7575757575757576
 40
0.7575757575757576
 40
0.7575757575757576
 40
0.7878787878787878
 40
0.7878787878787878
 40
0.7878787878787878
 40
0.7878787878787878
 40
0.8181818181818182
 40
0.8181818181818182
 40
0.8181818181818182
 40
0.8181818181818182
 40
0.8484848484848485
 40
0.8484848484848485
 40
0.8484848484848485
 40
0.8484848484848485
 40
0.8787878787878788
 40
0.8787878787878788
 40
0.8787878787878788
 40
0.8787878787878788
 40
0.9090909090909091
 40
0.9090909090909091
 40
0.9090909090909091
 40
0.9090909090909091
 40
0.9393939393939394
 40
0.9393939393939394
 40
0.9393939393939394
 40
0.9393939393939394
 40
1.0
 40
1.0
 40
1.0
 40
1.0
 10
-3.4997
 20
5.28034
 30
0.0
 10
-3.49483
 20
5.26773
 30
0.0
 10
-3.48384
 20
5.26142
 30
0.0
 10
-3.4669
 20
5.26142
 30
0.0
 10
-3.4669
 20
5.26142
 30
0.0
 10
-3.4505
 20
5.26142
 30
0.0
 10
-3.43969
 20
5.26773
 30
0.0
 10
-3.43464
 20
5.28052
 30
0.0
 10
-3.43464
 20
5.28052
 30
0.0
 10
-3.4296
 20
5.29314
 30
0.0
 10
-3.42707
 20
5.32305
 30
0.0
 10
-3.42707
 20
5.37008
 30
0.0
 10
-3.42707
 20
5.37008
 30
0.0
 10
-3.42707
 20
5.39792
 30
0.0
 10
-3.42653
 20
5.42685
 30
0.0
 10
-3.42717
 20
5.45455
 30
0.0
 10
-3.42717
 20
5.45455
 30
0.0
 10
-3.42781
 20
5.48218
 30
0.0
 10
-3.42738
 20
5.47783
 30
0.0
 10
-3.39977
 20
5.47767
 30
0.0
 10
-3.39977
 20
5.47767
 30
0.0
 10
-3.33471
 20
5.47732
 30
0.0
 10
-3.26943
 20
5.47766
 30
0.0
 10
-3.20435
 20
5.47766
 30
0.0
 10
-3.20435
 20
5.47766
 30
0.0
 10
-3.20435
 20
5.42897
 30
0.0
 10
-3.20395
 20
5.37679
 30
0.0
 10
-3.20925
 20
5.32849
 30
0.0
 10
-3.20925
 20
5.32849
 30
0.0
 10
-3.21016
 20
5.32013
 30
0.0
 10
-3.20917
 20
5.32032
 30
0.0
 10
-3.21635
 20
5.32042
 30
0.0
 10
-3.21635
 20
5.32042
 30
0.0
 10
-3.24597
 20
5.32086
 30
0.0
 10
-3.28107
 20
5.34435
 30
0.0
 10
-3.30277
 20
5.3632
 30
0.0
 10
-3.30277
 20
5.3632
 30
0.0
 10
-3.30429
 20
5.36453
 30
0.0
 10
-3.30578
 20
5.36586
 30
0.0
 10
-3.30728
 20
5.36721
 30
0.0
 10
-3.30728
 20
5.36721
 30
0.0
 10
-3.32241
 20
5.38103
 30
0.0
 10
-3.32888
 20
5.35481
 30
0.0
 10
-3.31973
 20
5.33984
 30
0.0
 10
-3.31973
 20
5.33984
 30
0.0
 10
-3.3036
 20
5.31574
 30
0.0
 10
-3.27049
 20
5.30122
 30
0.0
 10
-3.24297
 20
5.29523
 30
0.0
 10
-3.24297
 20
5.29523
 30
0.0
 10
-3.23077
 20
5.29257
 30
0.0
 10
-3.22499
 20
5.29546
 30
0.0
 10
-3.21553
 20
5.29403
 30
0.0
 10
-3.21553
 20
5.29403
 30
0.0
 10
-3.21166
 20
5.28198
 30
0.0
 10
-3.2281
 20
5.24276
 30
0.0
 10
-3.23438
 20
5.23099
 30
0.0
 10
-3.23438
 20
5.23099
 30
0.0
 10
-3.23876
 20
5.2228
 30
0.0
 10
-3.2434
 20
5.21559
 30
0.0
 10
-3.24905
 20
5.20822
 30
0.0
 10
-3.24905
 20
5.20822
 30
0.0
 10
-3.26488
 20
5.18798
 30
0.0
 10
-3.28464
 20
5.1724
 30
0.0
 10
-3.30598
 20
5.15835
 30
0.0
 10
-3.30598
 20
5.15835
 30
0.0
 10
-3.34887
 20
5.13041
 30
0.0
 10
-3.40149
 20
5.11654
 30
0.0
 10
-3.4642
 20
5.11654
 30
0.0
 10
-3.4642
 20
5.11654
 30
0.0
 10
-3.49634
 20
5.1167
 30
0.0
 10
-3.53796
 20
5.1198
 30
0.0
 10
-3.56869
 20
5.12896
 30
0.0
 10
-3.56869
 20
5.12896
 30
0.0
 10
-3.58629
 20
5.1342
 30
0.0
 10
-3.5509
 20
5.13102
 30
0.0
 10
-3.55729
 20
5.15627
 30
0.0
 10
-3.55729
 20
5.15627
 30
0.0
 10
-3.55778
 20
5.1582
 30
0.0
 10
-3.56077
 20
5.16524
 30
0.0
 10
-3.55874
 20
5.1663
 30
0.0
 10
-3.55874
 20
5.1663
 30
0.0
 10
-3.55874
 20
5.1663
 30
0.0
 10
-3.55764
 20
5.16651
 30
0.0
 10
-3.55764
 20
5.16651
 30
0.0
 10
-3.55764
 20
5.16651
 30
0.0
 10
-3.55502
 20
5.16652
 30
0.0
 10
-3.55475
 20
5.16636
 30
0.0
 10
-3.55424
 20
5.1691
 30
0.0
 10
-3.55424
 20
5.1691
 30
0.0
 10
-3.55425
 20
5.17531
 30
0.0
 10
-3.55424
 20
5.18153
 30
0.0
 10
-3.55425
 20
5.18774
 30
0.0
 10
-3.55425
 20
5.18774
 30
0.0
 10
-3.55426
 20
5.19183
 30
0.0
 10
-3.55995
 20
5.1882
 30
0.0
 10
-3.55795
 20
5.19402
 30
0.0
 10
-3.55795
 20
5.19402
 30
0.0
 10
-3.55517
 20
5.20211
 30
0.0
 10
-3.56511
 20
5.21358
 30
0.0
 10
-3.56021
 20
5.21662
 30
0.0
 10
-3.56021
 20
5.21662
 30
0.0
 10
-3.55573
 20
5.2194
 30
0.0
 10
-3.56287
 20
5.25475
 30
0.0
 10
-3.56398
 20
5.26052
 30
0.0
 10
-3.56398
 20
5.26052
 30
0.0
 10
-3.56585
 20
5.27021
 30
0.0
 10
-3.56963
 20
5.28088
 30
0.0
 10
-3.56874
 20
5.28974
 30
0.0
 10
-3.56874
 20
5.28974
 30
0.0
 10
-3.56749
 20
5.30207
 30
0.0
 10
-3.57326
 20
5.30132
 30
0.0
 10
-3.57152
 20
5.30971
 30
0.0
 10
-3.57152
 20
5.30971
 30
0.0
 10
-3.56707
 20
5.33864
 30
0.0
 10
-3.58433
 20
5.32189
 30
0.0
 10
-3.5571
 20
5.34425
 30
0.0
 10
-3.5571
 20
5.34425
 30
0.0
 10
-3.53968
 20
5.35856
 30
0.0
 10
-3.5233
 20
5.38745
 30
0.0
 10
-3.51097
 20
5.40662
 30
0.0
 10
-3.51097
 20
5.40662
 30
0.0
 10
-3.5058
 20
5.41468
 30
0.0
 10
-3.50691
 20
5.40636
 30
0.0
 10
-3.50694
 20
5.40078
 30
0.0
 10
-3.50694
 20
5.40078
 30
0.0
 10
-3.50709
 20
5.36998
 30
0.0
 10
-3.50904
 20
5.30768
 30
0.0
 10
-3.4997
 20
5.28034
 30
0.0
  0
SPLINE
  5
8C
330
1F
100
AcDbEntity
  8
layer 1
 62
   250
100
AcDbSpline
210
0.0
220
0.0
230
1.0
 70
    11
 71
     3
 72
    40
 73
    36
 74
     0
 42
0.000000001
 43
0.0000000001
 40
0.0
 40
0.0
 40
0.0
 40
0.0
 40
0.1
 40
0.1
 40
0.1
 40
0.1
 40
0.2
 40
0.2
 40
0.2
 40
0.2
 40
0.3
 40
0.3
 40
0.3
 40
0.3
 40
0.4
 40
0.4
 40
0.4
 40
0.4
 40
0.5
 40
0.5
 40
0.5
 40
0.5
 40
0.6
 40
0.6
 40
0.6
 40
0.6
 40
0.7
 40
0.7
 40
0.7
 40
0.7
 40
0.8
 40
0.8
 40
0.8
 40
0.8
 40
1.0
 40
1.0
 40
1.0
 40
1.0
 10
-3.63611
 20
5.18831
 30
0.0
 10
-3.63953
 20
5.16371
 30
0.0
 10
-3.62192
 20
5.16704
 30
0.0
 10
-3.6188
 20
5.16266
 30
0.0
 10
-3.6188
 20
5.16266
 30
0.0
 10
-3.6177
 20
5.16112
 30
0.0
 10
-3.61535
 20
5.14909
 30
0.0
 10
-3.62061
 20
5.14998
 30
0.0
 10
-3.62061
 20
5.14998
 30
0.0
 10
-3.63695
 20
5.15377
 30
0.0
 10
-3.67091
 20
5.18497
 30
0.0
 10
-3.68196
 20
5.19886
 30
0.0
 10
-3.68196
 20
5.19886
 30
0.0
 10
-3.69116
 20
5.21042
 30
0.0
 10
-3.70011
 20
5.22571
 30
0.0
 10
-3.7055
 20
5.23946
 30
0.0
 10
-3.7055
 20
5.23946
 30
0.0
 10
-3.70635
 20
5.24163
 30
0.0
 10
-3.70386
 20
5.2412
 30
0.0
 10
-3.70082
 20
5.24238
 30
0.0
 10
-3.70082
 20
5.24238
 30
0.0
 10
-3.68693
 20
5.24779
 30
0.0
 10
-3.67402
 20
5.25606
 30
0.0
 10
-3.66249
 20
5.26539
 30
0.0
 10
-3.66249
 20
5.26539
 30
0.0
 10
-3.65926
 20
5.26801
 30
0.0
 10
-3.65677
 20
5.26962
 30
0.0
 10
-3.65314
 20
5.27164
 30
0.0
 10
-3.65314
 20
5.27164
 30
0.0
 10
-3.6462
 20
5.25497
 30
0.0
 10
-3.65626
 20
5.21326
 30
0.0
 10
-3.64309
 20
5.20275
 30
0.0
 10
-3.64309
 20
5.20275
 30
0.0
 10
-3.6361
 20
5.19717
 30
0.0
 10
-3.63439
 20
5.20053
 30
0.0
 10
-3.63611
 20
5.18831
 30
0.0
  0
SPLINE
  5
8D
330
1F
100
AcDbEntity
  8
layer 1
 62
   250
100
AcDbSpline
210
0.0
220
0.0
230
1.0
 70
    11
 71
     3
 72
    52
 73
    48
 74
     0
 42
0.000000001
 43
0.0000000001
 40
0.0
 40
0.0
 40
0.0
 40
0.0
 40
0.0769230769230769
 40
0.0769230769230769
 40
0.0769230769230769
 40
0.0769230769230769
 40
0.1538461538461539
 40
0.1538461538461539
 40
0.1538461538461539
 40
0.1538461538461539
 40
0.2307692307692308
 40
0.2307692307692308
 40
0.2307692307692308
 40
0.2307692307692308
 40
0.3076923076923077
 40
0.3076923076923077
 40
0.3076923076923077
 40
0.3076923076923077
 40
0.3846153846153846
 40
0.3846153846153846
 40
0.3846153846153846
 40
0.3846153846153846
 40
0.4615384615384616
 40
0.4615384615384616
 40
0.4615384615384616
 40
0.4615384615384616
 40
0.5384615384615384
 40
0.5384615384615384
 40
0.5384615384615384
 40
0.5384615384615384
 40
0.6153846153846154
 40
0.6153846153846154
 40
0.6153846153846154
 40
0.6153846153846154
 40
0.6923076923076923
 40
0.6923076923076923
 40
0.6923076923076923
 40
0.6923076923076923
 40
0.7692307692307693
 40
0.7692307692307693
 40
0.7692307692307693
 40
0.7692307692307693
 40
0.8461538461538461
 40
0.8461538461538461
 40
0.8461538461538461
 40
0.8461538461538461
 40
1.0
 40
1.0
 40
1.0
 40
1.0
 10
-3.68594
 20
5.42272
 30
0.0
 10
-3.68489
 20
5.42085
 30
0.0
 10
-3.68679
 20
5.41679
 30
0.0
 10
-3.68373
 20
5.41377
 30
0.0
 10
-3.68373
 20
5.41377
 30
0.0
 10
-3.68043
 20
5.41051
 30
0.0
 10
-3.67885
 20
5.3977
 30
0.0
 10
-3.67863
 20
5.39403
 30
0.0
 10
-3.67863
 20
5.39403
 30
0.0
 10
-3.67808
 20
5.37467
 30
0.0
 10
-3.69147
 20
5.33076
 30
0.0
 10
-3.70833
 20
5.31992
 30
0.0
 10
-3.70833
 20
5.31992
 30
0.0
 10
-3.71349
 20
5.3166
 30
0.0
 10
-3.7151
 20
5.31486
 30
0.0
 10
-3.72129
 20
5.31234
 30
0.0
 10
-3.72129
 20
5.31234
 30
0.0
 10
-3.72524
 20
5.31985
 30
0.0
 10
-3.72608
 20
5.34233
 30
0.0
 10
-3.72682
 20
5.35176
 30
0.0
 10
-3.72682
 20
5.35176
 30
0.0
 10
-3.7308
 20
5.40669
 30
0.0
 10
-3.73182
 20
5.46403
 30
0.0
 10
-3.73026
 20
5.51909
 30
0.0
 10
-3.73026
 20
5.51909
 30
0.0
 10
-3.72954
 20
5.54442
 30
0.0
 10
-3.72591
 20
5.51881
 30
0.0
 10
-3.72107
 20
5.50881
 30
0.0
 10
-3.72107
 20
5.50881
 30
0.0
 10
-3.71455
 20
5.49533
 30
0.0
 10
-3.7029
 20
5.4867
 30
0.0
 10
-3.69466
 20
5.47391
 30
0.0
 10
-3.69466
 20
5.47391
 30
0.0
 10
-3.6894
 20
5.46538
 30
0.0
 10
-3.69499
 20
5.46197
 30
0.0
 10
-3.69262
 20
5.45198
 30
0.0
 10
-3.69262
 20
5.45198
 30
0.0
 10
-3.69168
 20
5.44914
 30
0.0
 10
-3.69196
 20
5.4463
 30
0.0
 10
-3.69095
 20
5.44242
 30
0.0
 10
-3.69095
 20
5.44242
 30
0.0
 10
-3.68941
 20
5.43653
 30
0.0
 10
-3.68794
 20
5.43059
 30
0.0
 10
-3.68644
 20
5.42469
 30
0.0
 10
-3.68644
 20
5.42469
 30
0.0
 10
-3.68644
 20
5.42469
 30
0.0
 10
-3.68594
 20
5.42272
 30
0.0
 10
-3.68594
 20
5.42272
 30
0.0
  0
SPLINE
  5
8E
330
1F
100
AcDbEntity
  8
layer 1
 62
   250
100
AcDbSpline
210
0.0
220
0.0
230
1.0
 70
    11
 71
     3
 72
   176
 73
   172
 74
     0
 42
0.000000001
 43
0.0000000001
 40
0.0
 40
0.0
 40
0.0
 40
0.0
 40
0.0227272727272727
 40
0.0227272727272727
 40
0.0227272727272727
 40
0.0227272727272727
 40
0.0454545454545455
 40
0.0454545454545455
 40
0.0454545454545455
 40
0.0454545454545455
 40
0.0681818181818182
 40
0.0681818181818182
 40
0.0681818181818182
 40
0.0681818181818182
 40
0.0909090909090909
 40
0.0909090909090909
 40
0.0909090909090909
 40
0.0909090909090909
 40
0.1136363636363636
 40
0.1136363636363636
 40
0.1136363636363636
 40
0.1136363636363636
 40
0.1363636363636364
 40
0.1363636363636364
 40
0.1363636363636364
 40
0.1363636363636364
 40
0.1590909090909091
 40
0.1590909090909091
 40
0.1590909090909091
 40
0.1590909090909091
 40
0.1818181818181818
 40
0.1818181818181818
 40
0.1818181818181818
 40
0.1818181818181818
 40
0.2045454545454546
 40
0.2045454545454546
 40
0.2045454545454546
 40
0.2045454545454546
 40
0.2272727272727273
 40
0.2272727272727273
 40
0.2272727272727273
 40
0.2272727272727273
 40
0.25
 40
0.25
 40
0.25
 40
0.25
 40
0.2727272727272727
 40
0.2727272727272727
 40
0.2727272727272727
 40
0.2727272727272727
 40
0.2954545454545455
 40
0.2954545454545455
 40
0.2954545454545455
 40
0.2954545454545455
 40
0.3181818181818182
 40
0.3181818181818182
 40
0.3181818181818182
 40
0.3181818181818182
 40
0.3409090909090909
 40
0.3409090909090909
 40
0.3409090909090909
 40
0.3409090909090909
 40
0.3636363636363636
 40
0.3636363636363636
 40
0.3636363636363636
 40
0.3636363636363636
 40
0.3863636363636364
 40
0.3863636363636364
 40
0.3863636363636364
 40
0.3863636363636364
 40
0.4090909090909091
 40
0.4090909090909091
 40
0.4090909090909091
 40
0.4090909090909091
 40
0.4318181818181818
 40
0.4318181818181818
 40
0.4318181818181818
 40
0.4318181818181818
 40
0.4545454545454545
 40
0.4545454545454545
 40
0.4545454545454545
 40
0.4545454545454545
 40
0.4772727272727273
 40
0.4772727272727273
 40
0.4772727272727273
 40
0.4772727272727273
 40
0.5
 40
0.5
 40
0.5
 40
0.5
 40
0.5227272727272727
 40
0.5227272727272727
 40
0.5227272727272727
 40
0.5227272727272727
 40
0.5454545454545454
 40
0.5454545454545454
 40
0.5454545454545454
 40
0.5454545454545454
 40
0.5681818181818182
 40
0.5681818181818182
 40
0.5681818181818182
 40
0.5681818181818182
 40
0.5909090909090909
 40
0.5909090909090909
 40
0.5909090909090909
 40
0.5909090909090909
 40
0.6136363636363636
 40
0.6136363636363636
 40
0.6136363636363636
 40
0.6136363636363636
 40
0.6363636363636364
 40
0.6363636363636364
 40
0.6363636363636364
 40
0.6363636363636364
 40
0.6590909090909091
 40
0.6590909090909091
 40
0.6590909090909091
 40
0.6590909090909091
 40
0.6818181818181818
 40
0.6818181818181818
 40
0.6818181818181818
 40
0.6818181818181818
 40
0.7045454545454546
 40
0.7045454545454546
 40
0.7045454545454546
 40
0.7045454545454546
 40
0.7272727272727273
 40
0.7272727272727273
 40
0.7272727272727273
 40
0.7272727272727273
 40
0.75
 40
0.75
 40
0.75
 40
0.75
 40
0.7727272727272727
 40
0.7727272727272727
 40
0.7727272727272727
 40
0.7727272727272727
 40
0.7954545454545454
 40
0.7954545454545454
 40
0.7954545454545454
 40
0.7954545454545454
 40
0.8181818181818182
 40
0.8181818181818182
 40
0.8181818181818182
 40
0.8181818181818182
 40
0.8409090909090909
 40
0.8409090909090909
 40
0.8409090909090909
 40
0.8409090909090909
 40
0.8636363636363636
 40
0.8636363636363636
 40
0.8636363636363636
 40
0.8636363636363636
 40
0.8863636363636364
 40
0.8863636363636364
 40
0.8863636363636364
 40
0.8863636363636364
 40
0.9090909090909091
 40
0.9090909090909091
 40
0.9090909090909091
 40
0.9090909090909091
 40
0.9318181818181818
 40
0.9318181818181818
 40
0.9318181818181818
 40
0.9318181818181818
 40
0.9545454545454546
 40
0.9545454545454546
 40
0.9545454545454546
 40
0.9545454545454546
 40
1.0
 40
1.0
 40
1.0
 40
1.0
 10
-2.67465
 20
5.74612
 30
0.0
 10
-2.6833
 20
5.75067
 30
0.0
 10
-2.70599
 20
5.74346
 30
0.0
 10
-2.71707
 20
5.74073
 30
0.0
 10
-2.71707
 20
5.74073
 30
0.0
 10
-2.72344
 20
5.73916
 30
0.0
 10
-2.72273
 20
5.75237
 30
0.0
 10
-2.74149
 20
5.75611
 30
0.0
 10
-2.74149
 20
5.75611
 30
0.0
 10
-2.75173
 20
5.75815
 30
0.0
 10
-2.74914
 20
5.76622
 30
0.0
 10
-2.7577
 20
5.76528
 30
0.0
 10
-2.7577
 20
5.76528
 30
0.0
 10
-2.76644
 20
5.76432
 30
0.0
 10
-2.78061
 20
5.77073
 30
0.0
 10
-2.80401
 20
5.74739
 30
0.0
 10
-2.80401
 20
5.74739
 30
0.0
 10
-2.80401
 20
5.74739
 30
0.0
 10
-2.82692
 20
5.72332
 30
0.0
 10
-2.82692
 20
5.72332
 30
0.0
 10
-2.82692
 20
5.72332
 30
0.0
 10
-2.83911
 20
5.71082
 30
0.0
 10
-2.82563
 20
5.699
 30
0.0
 10
-2.83218
 20
5.69392
 30
0.0
 10
-2.83218
 20
5.69392
 30
0.0
 10
-2.83664
 20
5.69046
 30
0.0
 10
-2.83705
 20
5.68591
 30
0.0
 10
-2.83612
 20
5.6809
 30
0.0
 10
-2.83612
 20
5.6809
 30
0.0
 10
-2.83414
 20
5.67022
 30
0.0
 10
-2.83286
 20
5.64918
 30
0.0
 10
-2.82124
 20
5.64467
 30
0.0
 10
-2.82124
 20
5.64467
 30
0.0
 10
-2.80333
 20
5.63773
 30
0.0
 10
-2.79752
 20
5.64705
 30
0.0
 10
-2.79609
 20
5.63302
 30
0.0
 10
-2.79609
 20
5.63302
 30
0.0
 10
-2.79579
 20
5.63016
 30
0.0
 10
-2.79629
 20
5.62532
 30
0.0
 10
-2.79438
 20
5.6228
 30
0.0
 10
-2.79438
 20
5.6228
 30
0.0
 10
-2.7903
 20
5.61745
 30
0.0
 10
-2.79566
 20
5.61567
 30
0.0
 10
-2.80206
 20
5.5976
 30
0.0
 10
-2.80206
 20
5.5976
 30
0.0
 10
-2.80341
 20
5.59378
 30
0.0
 10
-2.80369
 20
5.59244
 30
0.0
 10
-2.81557
 20
5.57228
 30
0.0
 10
-2.81557
 20
5.57228
 30
0.0
 10
-2.82774
 20
5.55162
 30
0.0
 10
-2.81795
 20
5.53978
 30
0.0
 10
-2.82511
 20
5.53549
 30
0.0
 10
-2.82511
 20
5.53549
 30
0.0
 10
-2.83486
 20
5.52973
 30
0.0
 10
-2.89065
 20
5.49528
 30
0.0
 10
-2.89659
 20
5.4947
 30
0.0
 10
-2.89659
 20
5.4947
 30
0.0
 10
-2.90161
 20
5.49422
 30
0.0
 10
-2.8981
 20
5.49959
 30
0.0
 10
-2.90493
 20
5.49454
 30
0.0
 10
-2.90493
 20
5.49454
 30
0.0
 10
-2.91728
 20
5.48542
 30
0.0
 10
-2.92939
 20
5.48167
 30
0.0
 10
-2.93673
 20
5.46782
 30
0.0
 10
-2.93673
 20
5.46782
 30
0.0
 10
-2.93773
 20
5.46575
 30
0.0
 10
-2.93807
 20
5.46598
 30
0.0
 10
-2.93964
 20
5.46752
 30
0.0
 10
-2.93964
 20
5.46752
 30
0.0
 10
-2.94631
 20
5.47455
 30
0.0
 10
-2.95486
 20
5.4856
 30
0.0
 10
-2.96289
 20
5.47969
 30
0.0
 10
-2.96289
 20
5.47969
 30
0.0
 10
-2.9696
 20
5.47477
 30
0.0
 10
-2.97519
 20
5.47901
 30
0.0
 10
-2.98486
 20
5.47247
 30
0.0
 10
-2.98486
 20
5.47247
 30
0.0
 10
-2.99214
 20
5.46756
 30
0.0
 10
-2.99935
 20
5.46252
 30
0.0
 10
-3.00655
 20
5.45749
 30
0.0
 10
-3.00655
 20
5.45749
 30
0.0
 10
-3.0142
 20
5.45216
 30
0.0
 10
-3.01156
 20
5.44528
 30
0.0
 10
-3.01307
 20
5.44222
 30
0.0
 10
-3.01307
 20
5.44222
 30
0.0
 10
-3.01848
 20
5.43122
 30
0.0
 10
-3.01216
 20
5.42596
 30
0.0
 10
-3.01813
 20
5.42244
 30
0.0
 10
-3.01813
 20
5.42244
 30
0.0
 10
-3.02989
 20
5.4155
 30
0.0
 10
-3.11589
 20
5.36338
 30
0.0
 10
-3.12065
 20
5.36279
 30
0.0
 10
-3.12065
 20
5.36279
 30
0.0
 10
-3.12529
 20
5.36221
 30
0.0
 10
-3.12479
 20
5.37033
 30
0.0
 10
-3.12491
 20
5.37321
 30
0.0
 10
-3.12491
 20
5.37321
 30
0.0
 10
-3.12541
 20
5.38555
 30
0.0
 10
-3.1247
 20
5.40007
 30
0.0
 10
-3.1247
 20
5.41278
 30
0.0
 10
-3.1247
 20
5.41278
 30
0.0
 10
-3.1247
 20
5.46433
 30
0.0
 10
-3.12547
 20
5.98718
 30
0.0
 10
-3.12454
 20
5.98929
 30
0.0
 10
-3.12454
 20
5.98929
 30
0.0
 10
-3.12372
 20
5.99118
 30
0.0
 10
-3.11824
 20
5.9903
 30
0.0
 10
-3.11647
 20
5.9903
 30
0.0
 10
-3.11647
 20
5.9903
 30
0.0
 10
-3.0491
 20
5.99019
 30
0.0
 10
-2.98177
 20
5.99029
 30
0.0
 10
-2.91441
 20
5.99032
 30
0.0
 10
-2.91441
 20
5.99032
 30
0.0
 10
-2.91019
 20
5.99032
 30
0.0
 10
-2.90665
 20
5.9901
 30
0.0
 10
-2.90246
 20
5.98966
 30
0.0
 10
-2.90246
 20
5.98966
 30
0.0
 10
-2.90122
 20
5.98087
 30
0.0
 10
-2.90197
 20
5.96211
 30
0.0
 10
-2.90197
 20
5.9523
 30
0.0
 10
-2.90197
 20
5.9523
 30
0.0
 10
-2.90197
 20
5.92489
 30
0.0
 10
-2.90287
 20
5.66403
 30
0.0
 10
-2.90173
 20
5.66139
 30
0.0
 10
-2.90173
 20
5.66139
 30
0.0
 10
-2.90076
 20
5.65915
 30
0.0
 10
-2.89179
 20
5.69122
 30
0.0
 10
-2.89041
 20
5.69578
 30
0.0
 10
-2.89041
 20
5.69578
 30
0.0
 10
-2.88229
 20
5.72273
 30
0.0
 10
-2.87432
 20
5.74972
 30
0.0
 10
-2.86621
 20
5.77668
 30
0.0
 10
-2.86621
 20
5.77668
 30
0.0
 10
-2.86257
 20
5.78877
 30
0.0
 10
-2.85894
 20
5.80085
 30
0.0
 10
-2.8553
 20
5.81293
 30
0.0
 10
-2.8553
 20
5.81293
 30
0.0
 10
-2.84722
 20
5.83978
 30
0.0
 10
-2.83913
 20
5.86663
 30
0.0
 10
-2.83105
 20
5.89349
 30
0.0
 10
-2.83105
 20
5.89349
 30
0.0
 10
-2.82274
 20
5.92111
 30
0.0
 10
-2.81427
 20
5.94863
 30
0.0
 10
-2.80646
 20
5.9764
 30
0.0
 10
-2.80646
 20
5.9764
 30
0.0
 10
-2.80193
 20
5.9925
 30
0.0
 10
-2.79662
 20
5.99071
 30
0.0
 10
-2.78109
 20
5.99029
 30
0.0
 10
-2.78109
 20
5.99029
 30
0.0
 10
-2.75368
 20
5.98954
 30
0.0
 10
-2.72469
 20
5.99015
 30
0.0
 10
-2.69711
 20
5.99015
 30
0.0
 10
-2.69711
 20
5.99015
 30
0.0
 10
-2.66691
 20
5.99015
 30
0.0
 10
-2.63673
 20
5.99038
 30
0.0
 10
-2.60655
 20
5.99044
 30
0.0
 10
-2.60655
 20
5.99044
 30
0.0
 10
-2.6038
 20
5.99045
 30
0.0
 10
-2.59685
 20
5.99089
 30
0.0
 10
-2.59635
 20
5.98719
 30
0.0
 10
-2.59635
 20
5.98719
 30
0.0
 10
-2.59568
 20
5.98218
 30
0.0
 10
-2.60413
 20
5.96048
 30
0.0
 10
-2.60621
 20
5.95415
 30
0.0
 10
-2.60621
 20
5.95415
 30
0.0
 10
-2.62839
 20
5.88681
 30
0.0
 10
-2.65052
 20
5.81946
 30
0.0
 10
-2.67267
 20
5.75212
 30
0.0
 10
-2.67267
 20
5.75212
 30
0.0
 10
-2.67267
 20
5.75212
 30
0.0
 10
-2.67465
 20
5.74612
 30
0.0
 10
-2.67465
 20
5.74612
 30
0.0
  0
SPLINE
  5
8F
330
1F
100
AcDbEntity
  8
layer 1
 62
   250
100
AcDbSpline
210
0.0
220
0.0
230
1.0
 70
    11
 71
     3
 72
    84
 73
    80
 74
     0
 42
0.000000001
 43
0.0000000001
 40
0.0
 40
0.0
 40
0.0
 40
0.0
 40
0.0476190476190476
 40
0.0476190476190476
 40
0.0476190476190476
 40
0.0476190476190476
 40
0.0952380952380952
 40
0.0952380952380952
 40
0.0952380952380952
 40
0.0952380952380952
 40
0.1428571428571428
 40
0.1428571428571428
 40
0.1428571428571428
 40
0.1428571428571428
 40
0.1904761904761905
 40
0.1904761904761905
 40
0.1904761904761905
 40
0.1904761904761905
 40
0.2380952380952381
 40
0.2380952380952381
 40
0.2380952380952381
 40
0.2380952380952381
 40
0.2857142857142857
 40
0.2857142857142857
 40
0.2857142857142857
 40
0.2857142857142857
 40
0.3333333333333333
 40
0.3333333333333333
 40
0.3333333333333333
 40
0.3333333333333333
 40
0.3809523809523809
 40
0.3809523809523809
 40
0.3809523809523809
 40
0.3809523809523809
 40
0.4285714285714285
 40
0.4285714285714285
 40
0.4285714285714285
 40
0.4285714285714285
 40
0.4761904761904762
 40
0.4761904761904762
 40
0.4761904761904762
 40
0.4761904761904762
 40
0.5238095238095238
 40
0.5238095238095238
 40
0.5238095238095238
 40
0.5238095238095238
 40
0.5714285714285714
 40
0.5714285714285714
 40
0.5714285714285714
 40
0.5714285714285714
 40
0.6190476190476191
 40
0.6190476190476191
 40
0.6190476190476191
 40
0.6190476190476191
 40
0.6666666666666666
 40
0.6666666666666666
 40
0.6666666666666666
 40
0.6666666666666666
 40
0.7142857142857143
 40
0.7142857142857143
 40
0.7142857142857143
 40
0.7142857142857143
 40
0.7619047619047619
 40
0.7619047619047619
 40
0.7619047619047619
 40
0.7619047619047619
 40
0.8095238095238095
 40
0.8095238095238095
 40
0.8095238095238095
 40
0.8095238095238095
 40
0.8571428571428571
 40
0.8571428571428571
 40
0.8571428571428571
 40
0.8571428571428571
 40
0.9047619047619048
 40
0.9047619047619048
 40
0.9047619047619048
 40
0.9047619047619048
 40
1.0
 40
1.0
 40
1.0
 40
1.0
 10
-2.62448
 20
5.27673
 30
0.0
 10
-2.62048
 20
5.26322
 30
0.0
 10
-2.61648
 20
5.24972
 30
0.0
 10
-2.61248
 20
5.23621
 30
0.0
 10
-2.61248
 20
5.23621
 30
0.0
 10
-2.60931
 20
5.22554
 30
0.0
 10
-2.5828
 20
5.13952
 30
0.0
 10
-2.58334
 20
5.13659
 30
0.0
 10
-2.58334
 20
5.13659
 30
0.0
 10
-2.58392
 20
5.13348
 30
0.0
 10
-2.59839
 20
5.13471
 30
0.0
 10
-2.60115
 20
5.13471
 30
0.0
 10
-2.60115
 20
5.13471
 30
0.0
 10
-2.62578
 20
5.13473
 30
0.0
 10
-2.65039
 20
5.13491
 30
0.0
 10
-2.675
 20
5.13492
 30
0.0
 10
-2.675
 20
5.13492
 30
0.0
 10
-2.71704
 20
5.13492
 30
0.0
 10
-2.75924
 20
5.13465
 30
0.0
 10
-2.80126
 20
5.13483
 30
0.0
 10
-2.80126
 20
5.13483
 30
0.0
 10
-2.80468
 20
5.13485
 30
0.0
 10
-2.8081
 20
5.13493
 30
0.0
 10
-2.81152
 20
5.13501
 30
0.0
 10
-2.81152
 20
5.13501
 30
0.0
 10
-2.81451
 20
5.14345
 30
0.0
 10
-2.81762
 20
5.15807
 30
0.0
 10
-2.81985
 20
5.16712
 30
0.0
 10
-2.81985
 20
5.16712
 30
0.0
 10
-2.82112
 20
5.17228
 30
0.0
 10
-2.82611
 20
5.19172
 30
0.0
 10
-2.8259
 20
5.1963
 30
0.0
 10
-2.8259
 20
5.1963
 30
0.0
 10
-2.82489
 20
5.20159
 30
0.0
 10
-2.78934
 20
5.24732
 30
0.0
 10
-2.78319
 20
5.25607
 30
0.0
 10
-2.78319
 20
5.25607
 30
0.0
 10
-2.77873
 20
5.26241
 30
0.0
 10
-2.77459
 20
5.26868
 30
0.0
 10
-2.77067
 20
5.27537
 30
0.0
 10
-2.77067
 20
5.27537
 30
0.0
 10
-2.74333
 20
5.32265
 30
0.0
 10
-2.77375
 20
5.30714
 30
0.0
 10
-2.72788
 20
5.34211
 30
0.0
 10
-2.72788
 20
5.34211
 30
0.0
 10
-2.72276
 20
5.34602
 30
0.0
 10
-2.73063
 20
5.34608
 30
0.0
 10
-2.72721
 20
5.351
 30
0.0
 10
-2.72721
 20
5.351
 30
0.0
 10
-2.72166
 20
5.35898
 30
0.0
 10
-2.72319
 20
5.36454
 30
0.0
 10
-2.71921
 20
5.3655
 30
0.0
 10
-2.71921
 20
5.3655
 30
0.0
 10
-2.7086
 20
5.36807
 30
0.0
 10
-2.71253
 20
5.38289
 30
0.0
 10
-2.70195
 20
5.38938
 30
0.0
 10
-2.70195
 20
5.38938
 30
0.0
 10
-2.69451
 20
5.39394
 30
0.0
 10
-2.68647
 20
5.39716
 30
0.0
 10
-2.6785
 20
5.40055
 30
0.0
 10
-2.6785
 20
5.40055
 30
0.0
 10
-2.67452
 20
5.40224
 30
0.0
 10
-2.67478
 20
5.39356
 30
0.0
 10
-2.67305
 20
5.38851
 30
0.0
 10
-2.67305
 20
5.38851
 30
0.0
 10
-2.6668
 20
5.37023
 30
0.0
 10
-2.65468
 20
5.36419
 30
0.0
 10
-2.65412
 20
5.3562
 30
0.0
 10
-2.65412
 20
5.3562
 30
0.0
 10
-2.6537
 20
5.3502
 30
0.0
 10
-2.65222
 20
5.34428
 30
0.0
 10
-2.64976
 20
5.33879
 30
0.0
 10
-2.64976
 20
5.33879
 30
0.0
 10
-2.64192
 20
5.32134
 30
0.0
 10
-2.64974
 20
5.30944
 30
0.0
 10
-2.63986
 20
5.29806
 30
0.0
 10
-2.63986
 20
5.29806
 30
0.0
 10
-2.63374
 20
5.29101
 30
0.0
 10
-2.62909
 20
5.2836
 30
0.0
 10
-2.62448
 20
5.27673
 30
0.0
  0
SPLINE
  5
90
330
1F
100
AcDbEntity
  8
layer 1
 62
   250
100
AcDbSpline
210
0.0
220
0.0
230
1.0
 70
    11
 71
     3
 72
    48
 73
    44
 74
     0
 42
0.000000001
 43
0.0000000001
 40
0.0
 40
0.0
 40
0.0
 40
0.0
 40
0.0833333333333333
 40
0.0833333333333333
 40
0.0833333333333333
 40
0.0833333333333333
 40
0.1666666666666667
 40
0.1666666666666667
 40
0.1666666666666667
 40
0.1666666666666667
 40
0.25
 40
0.25
 40
0.25
 40
0.25
 40
0.3333333333333333
 40
0.3333333333333333
 40
0.3333333333333333
 40
0.3333333333333333
 40
0.4166666666666667
 40
0.4166666666666667
 40
0.4166666666666667
 40
0.4166666666666667
 40
0.5
 40
0.5
 40
0.5
 40
0.5
 40
0.5833333333333334
 40
0.5833333333333334
 40
0.5833333333333334
 40
0.5833333333333334
 40
0.6666666666666666
 40
0.6666666666666666
 40
0.6666666666666666
 40
0.6666666666666666
 40
0.75
 40
0.75
 40
0.75
 40
0.75
 40
0.8333333333333334
 40
0.8333333333333334
 40
0.8333333333333334
 40
0.8333333333333334
 40
1.0
 40
1.0
 40
1.0
 40
1.0
 10
-2.87829
 20
5.41064
 30
0.0
 10
-2.86829
 20
5.41406
 30
0.0
 10
-2.85785
 20
5.41455
 30
0.0
 10
-2.84693
 20
5.41819
 30
0.0
 10
-2.84693
 20
5.41819
 30
0.0
 10
-2.8302
 20
5.42376
 30
0.0
 10
-2.81505
 20
5.432
 30
0.0
 10
-2.79994
 20
5.44094
 30
0.0
 10
-2.79994
 20
5.44094
 30
0.0
 10
-2.79014
 20
5.44678
 30
0.0
 10
-2.78902
 20
5.44823
 30
0.0
 10
-2.79071
 20
5.44354
 30
0.0
 10
-2.79071
 20
5.44354
 30
0.0
 10
-2.79364
 20
5.43539
 30
0.0
 10
-2.8025
 20
5.41485
 30
0.0
 10
-2.80533
 20
5.40596
 30
0.0
 10
-2.80533
 20
5.40596
 30
0.0
 10
-2.80822
 20
5.39684
 30
0.0
 10
-2.80016
 20
5.39692
 30
0.0
 10
-2.80475
 20
5.3903
 30
0.0
 10
-2.80475
 20
5.3903
 30
0.0
 10
-2.81454
 20
5.37484
 30
0.0
 10
-2.82043
 20
5.35739
 30
0.0
 10
-2.82853
 20
5.34082
 30
0.0
 10
-2.82853
 20
5.34082
 30
0.0
 10
-2.83602
 20
5.32551
 30
0.0
 10
-2.84053
 20
5.31279
 30
0.0
 10
-2.8462
 20
5.29691
 30
0.0
 10
-2.8462
 20
5.29691
 30
0.0
 10
-2.84957
 20
5.28749
 30
0.0
 10
-2.85108
 20
5.2945
 30
0.0
 10
-2.85283
 20
5.30079
 30
0.0
 10
-2.85283
 20
5.30079
 30
0.0
 10
-2.85674
 20
5.31489
 30
0.0
 10
-2.85981
 20
5.3304
 30
0.0
 10
-2.8635
 20
5.34486
 30
0.0
 10
-2.8635
 20
5.34486
 30
0.0
 10
-2.86591
 20
5.35432
 30
0.0
 10
-2.87939
 20
5.40317
 30
0.0
 10
-2.87854
 20
5.40901
 30
0.0
 10
-2.87854
 20
5.40901
 30
0.0
 10
-2.87854
 20
5.40901
 30
0.0
 10
-2.87829
 20
5.41064
 30
0.0
 10
-2.87829
 20
5.41064
 30
0.0
  0
SPLINE
  5
91
330
1F
100
AcDbEntity
  8
layer 1
 62
   250
100
AcDbSpline
210
0.0
220
0.0
230
1.0
 70
    11
 71
     3
 72
    84
 73
    80
 74
     0
 42
0.000000001
 43
0.0000000001
 40
0.0
 40
0.0
 40
0.0
 40
0.0
 40
0.0476190476190476
 40
0.0476190476190476
 40
0.0476190476190476
 40
0.0476190476190476
 40
0.0952380952380952
 40
0.0952380952380952
 40
0.0952380952380952
 40
0.0952380952380952
 40
0.1428571428571428
 40
0.1428571428571428
 40
0.1428571428571428
 40
0.1428571428571428
 40
0.1904761904761905
 40
0.1904761904761905
 40
0.1904761904761905
 40
0.1904761904761905
 40
0.2380952380952381
 40
0.2380952380952381
 40
0.2380952380952381
 40
0.2380952380952381
 40
0.2857142857142857
 40
0.2857142857142857
 40
0.2857142857142857
 40
0.2857142857142857
 40
0.3333333333333333
 40
0.3333333333333333
 40
0.3333333333333333
 40
0.3333333333333333
 40
0.3809523809523809
 40
0.3809523809523809
 40
0.3809523809523809
 40
0.3809523809523809
 40
0.4285714285714285
 40
0.4285714285714285
 40
0.4285714285714285
 40
0.4285714285714285
 40
0.4761904761904762
 40
0.4761904761904762
 40
0.4761904761904762
 40
0.4761904761904762
 40
0.5238095238095238
 40
0.5238095238095238
 40
0.5238095238095238
 40
0.5238095238095238
 40
0.5714285714285714
 40
0.5714285714285714
 40
0.5714285714285714
 40
0.5714285714285714
 40
0.6190476190476191
 40
0.6190476190476191
 40
0.6190476190476191
 40
0.6190476190476191
 40
0.6666666666666666
 40
0.6666666666666666
 40
0.6666666666666666
 40
0.6666666666666666
 40
0.7142857142857143
 40
0.7142857142857143
 40
0.7142857142857143
 40
0.7142857142857143
 40
0.7619047619047619
 40
0.7619047619047619
 40
0.7619047619047619
 40
0.7619047619047619
 40
0.8095238095238095
 40
0.8095238095238095
 40
0.8095238095238095
 40
0.8095238095238095
 40
0.8571428571428571
 40
0.8571428571428571
 40
0.8571428571428571
 40
0.8571428571428571
 40
0.9047619047619048
 40
0.9047619047619048
 40
0.9047619047619048
 40
0.9047619047619048
 40
1.0
 40
1.0
 40
1.0
 40
1.0
 10
-2.90197
 20
5.18521
 30
0.0
 10
-2.90637
 20
5.1825
 30
0.0
 10
-2.91068
 20
5.17967
 30
0.0
 10
-2.91414
 20
5.17551
 30
0.0
 10
-2.91414
 20
5.17551
 30
0.0
 10
-2.92117
 20
5.16682
 30
0.0
 10
-2.92284
 20
5.16472
 30
0.0
 10
-2.91843
 20
5.15448
 30
0.0
 10
-2.91843
 20
5.15448
 30
0.0
 10
-2.91616
 20
5.14921
 30
0.0
 10
-2.91855
 20
5.15031
 30
0.0
 10
-2.92007
 20
5.14455
 30
0.0
 10
-2.92007
 20
5.14455
 30
0.0
 10
-2.92154
 20
5.13894
 30
0.0
 10
-2.92044
 20
5.13699
 30
0.0
 10
-2.92765
 20
5.13516
 30
0.0
 10
-2.92765
 20
5.13516
 30
0.0
 10
-2.93167
 20
5.13413
 30
0.0
 10
-2.96454
 20
5.13492
 30
0.0
 10
-2.97167
 20
5.13492
 30
0.0
 10
-2.97167
 20
5.13492
 30
0.0
 10
-3.01857
 20
5.13492
 30
0.0
 10
-3.06543
 20
5.13499
 30
0.0
 10
-3.11233
 20
5.13471
 30
0.0
 10
-3.11233
 20
5.13471
 30
0.0
 10
-3.11681
 20
5.13469
 30
0.0
 10
-3.11932
 20
5.13478
 30
0.0
 10
-3.12367
 20
5.13595
 30
0.0
 10
-3.12367
 20
5.13595
 30
0.0
 10
-3.12567
 20
5.1425
 30
0.0
 10
-3.12464
 20
5.17027
 30
0.0
 10
-3.12462
 20
5.17901
 30
0.0
 10
-3.12462
 20
5.17901
 30
0.0
 10
-3.12447
 20
5.22729
 30
0.0
 10
-3.1243
 20
5.27555
 30
0.0
 10
-3.12517
 20
5.32383
 30
0.0
 10
-3.12517
 20
5.32383
 30
0.0
 10
-3.12559
 20
5.34648
 30
0.0
 10
-3.12158
 20
5.34674
 30
0.0
 10
-3.10278
 20
5.35698
 30
0.0
 10
-3.10278
 20
5.35698
 30
0.0
 10
-3.09718
 20
5.36004
 30
0.0
 10
-3.09152
 20
5.36302
 30
0.0
 10
-3.08594
 20
5.3661
 30
0.0
 10
-3.08594
 20
5.3661
 30
0.0
 10
-3.06625
 20
5.37714
 30
0.0
 10
-3.04656
 20
5.38817
 30
0.0
 10
-3.02687
 20
5.3992
 30
0.0
 10
-3.02687
 20
5.3992
 30
0.0
 10
-3.02687
 20
5.3992
 30
0.0
 10
-3.02318
 20
5.40127
 30
0.0
 10
-3.02318
 20
5.40127
 30
0.0
 10
-3.02318
 20
5.40127
 30
0.0
 10
-3.01733
 20
5.4046
 30
0.0
 10
-3.01743
 20
5.40476
 30
0.0
 10
-3.01333
 20
5.39965
 30
0.0
 10
-3.01333
 20
5.39965
 30
0.0
 10
-3.00861
 20
5.39375
 30
0.0
 10
-3.00538
 20
5.39267
 30
0.0
 10
-2.9982
 20
5.39501
 30
0.0
 10
-2.9982
 20
5.39501
 30
0.0
 10
-2.98445
 20
5.39862
 30
0.0
 10
-2.97344
 20
5.39101
 30
0.0
 10
-2.95764
 20
5.40262
 30
0.0
 10
-2.95764
 20
5.40262
 30
0.0
 10
-2.94741
 20
5.41013
 30
0.0
 10
-2.94778
 20
5.41723
 30
0.0
 10
-2.93506
 20
5.41007
 30
0.0
 10
-2.93506
 20
5.41007
 30
0.0
 10
-2.92102
 20
5.40217
 30
0.0
 10
-2.91718
 20
5.40531
 30
0.0
 10
-2.90338
 20
5.40563
 30
0.0
 10
-2.90338
 20
5.40563
 30
0.0
 10
-2.90065
 20
5.39788
 30
0.0
 10
-2.90197
 20
5.35735
 30
0.0
 10
-2.90197
 20
5.34565
 30
0.0
 10
-2.90197
 20
5.34565
 30
0.0
 10
-2.90197
 20
5.29217
 30
0.0
 10
-2.90197
 20
5.23869
 30
0.0
 10
-2.90197
 20
5.18521
 30
0.0
  0
SPLINE
  5
92
330
1F
100
AcDbEntity
  8
layer 1
 62
   250
100
AcDbSpline
210
0.0
220
0.0
230
1.0
 70
    11
 71
     3
 72
    28
 73
    24
 74
     0
 42
0.000000001
 43
0.0000000001
 40
0.0
 40
0.0
 40
0.0
 40
0.0
 40
0.1428571428571428
 40
0.1428571428571428
 40
0.1428571428571428
 40
0.1428571428571428
 40
0.2857142857142857
 40
0.2857142857142857
 40
0.2857142857142857
 40
0.2857142857142857
 40
0.4285714285714285
 40
0.4285714285714285
 40
0.4285714285714285
 40
0.4285714285714285
 40
0.5714285714285714
 40
0.5714285714285714
 40
0.5714285714285714
 40
0.5714285714285714
 40
0.7142857142857143
 40
0.7142857142857143
 40
0.7142857142857143
 40
0.7142857142857143
 40
1.0
 40
1.0
 40
1.0
 40
1.0
 10
-2.22821
 20
5.19374
 30
0.0
 10
-2.22982
 20
5.19691
 30
0.0
 10
-2.23043
 20
5.19889
 30
0.0
 10
-2.23513
 20
5.19736
 30
0.0
 10
-2.23513
 20
5.19736
 30
0.0
 10
-2.24309
 20
5.1938
 30
0.0
 10
-2.23992
 20
5.18796
 30
0.0
 10
-2.23567
 20
5.1823
 30
0.0
 10
-2.23567
 20
5.1823
 30
0.0
 10
-2.2303
 20
5.17512
 30
0.0
 10
-2.22061
 20
5.16465
 30
0.0
 10
-2.21081
 20
5.1655
 30
0.0
 10
-2.21081
 20
5.1655
 30
0.0
 10
-2.21128
 20
5.16785
 30
0.0
 10
-2.21158
 20
5.16651
 30
0.0
 10
-2.21165
 20
5.16972
 30
0.0
 10
-2.21165
 20
5.16972
 30
0.0
 10
-2.21187
 20
5.18067
 30
0.0
 10
-2.22169
 20
5.18253
 30
0.0
 10
-2.22689
 20
5.19147
 30
0.0
 10
-2.22689
 20
5.19147
 30
0.0
 10
-2.22689
 20
5.19147
 30
0.0
 10
-2.22821
 20
5.19374
 30
0.0
 10
-2.22821
 20
5.19374
 30
0.0
  0
SPLINE
  5
93
330
1F
100
AcDbEntity
  8
layer 1
 62
   250
100
AcDbSpline
210
0.0
220
0.0
230
1.0
 70
    11
 71
     3
 72
   340
 73
   336
 74
     0
 42
0.000000001
 43
0.0000000001
 40
0.0
 40
0.0
 40
0.0
 40
0.0
 40
0.0117647058823529
 40
0.0117647058823529
 40
0.0117647058823529
 40
0.0117647058823529
 40
0.0235294117647059
 40
0.0235294117647059
 40
0.0235294117647059
 40
0.0235294117647059
 40
0.0352941176470588
 40
0.0352941176470588
 40
0.0352941176470588
 40
0.0352941176470588
 40
0.0470588235294118
 40
0.0470588235294118
 40
0.0470588235294118
 40
0.0470588235294118
 40
0.0588235294117647
 40
0.0588235294117647
 40
0.0588235294117647
 40
0.0588235294117647
 40
0.0705882352941176
 40
0.0705882352941176
 40
0.0705882352941176
 40
0.0705882352941176
 40
0.0823529411764706
 40
0.0823529411764706
 40
0.0823529411764706
 40
0.0823529411764706
 40
0.0941176470588235
 40
0.0941176470588235
 40
0.0941176470588235
 40
0.0941176470588235
 40
0.1058823529411765
 40
0.1058823529411765
 40
0.1058823529411765
 40
0.1058823529411765
 40
0.1176470588235294
 40
0.1176470588235294
 40
0.1176470588235294
 40
0.1176470588235294
 40
0.1294117647058824
 40
0.1294117647058824
 40
0.1294117647058824
 40
0.1294117647058824
 40
0.1411764705882353
 40
0.1411764705882353
 40
0.1411764705882353
 40
0.1411764705882353
 40
0.1529411764705882
 40
0.1529411764705882
 40
0.1529411764705882
 40
0.1529411764705882
 40
0.1647058823529412
 40
0.1647058823529412
 40
0.1647058823529412
 40
0.1647058823529412
 40
0.1764705882352941
 40
0.1764705882352941
 40
0.1764705882352941
 40
0.1764705882352941
 40
0.1882352941176471
 40
0.1882352941176471
 40
0.1882352941176471
 40
0.1882352941176471
 40
0.2
 40
0.2
 40
0.2
 40
0.2
 40
0.2117647058823529
 40
0.2117647058823529
 40
0.2117647058823529
 40
0.2117647058823529
 40
0.2235294117647059
 40
0.2235294117647059
 40
0.2235294117647059
 40
0.2235294117647059
 40
0.2352941176470588
 40
0.2352941176470588
 40
0.2352941176470588
 40
0.2352941176470588
 40
0.2470588235294118
 40
0.2470588235294118
 40
0.2470588235294118
 40
0.2470588235294118
 40
0.2588235294117647
 40
0.2588235294117647
 40
0.2588235294117647
 40
0.2588235294117647
 40
0.2705882352941176
 40
0.2705882352941176
 40
0.2705882352941176
 40
0.2705882352941176
 40
0.2823529411764706
 40
0.2823529411764706
 40
0.2823529411764706
 40
0.2823529411764706
 40
0.2941176470588235
 40
0.2941176470588235
 40
0.2941176470588235
 40
0.2941176470588235
 40
0.3058823529411765
 40
0.3058823529411765
 40
0.3058823529411765
 40
0.3058823529411765
 40
0.3176470588235294
 40
0.3176470588235294
 40
0.3176470588235294
 40
0.3176470588235294
 40
0.3294117647058823
 40
0.3294117647058823
 40
0.3294117647058823
 40
0.3294117647058823
 40
0.3411764705882353
 40
0.3411764705882353
 40
0.3411764705882353
 40
0.3411764705882353
 40
0.3529411764705883
 40
0.3529411764705883
 40
0.3529411764705883
 40
0.3529411764705883
 40
0.3647058823529412
 40
0.3647058823529412
 40
0.3647058823529412
 40
0.3647058823529412
 40
0.3764705882352941
 40
0.3764705882352941
 40
0.3764705882352941
 40
0.3764705882352941
 40
0.3882352941176471
 40
0.3882352941176471
 40
0.3882352941176471
 40
0.3882352941176471
 40
0.4
 40
0.4
 40
0.4
 40
0.4
 40
0.4117647058823529
 40
0.4117647058823529
 40
0.4117647058823529
 40
0.4117647058823529
 40
0.4235294117647059
 40
0.4235294117647059
 40
0.4235294117647059
 40
0.4235294117647059
 40
0.4352941176470588
 40
0.4352941176470588
 40
0.4352941176470588
 40
0.4352941176470588
 40
0.4470588235294118
 40
0.4470588235294118
 40
0.4470588235294118
 40
0.4470588235294118
 40
0.4588235294117647
 40
0.4588235294117647
 40
0.4588235294117647
 40
0.4588235294117647
 40
0.4705882352941176
 40
0.4705882352941176
 40
0.4705882352941176
 40
0.4705882352941176
 40
0.4823529411764706
 40
0.4823529411764706
 40
0.4823529411764706
 40
0.4823529411764706
 40
0.4941176470588236
 40
0.4941176470588236
 40
0.4941176470588236
 40
0.4941176470588236
 40
0.5058823529411764
 40
0.5058823529411764
 40
0.5058823529411764
 40
0.5058823529411764
 40
0.5176470588235295
 40
0.5176470588235295
 40
0.5176470588235295
 40
0.5176470588235295
 40
0.5294117647058824
 40
0.5294117647058824
 40
0.5294117647058824
 40
0.5294117647058824
 40
0.5411764705882353
 40
0.5411764705882353
 40
0.5411764705882353
 40
0.5411764705882353
 40
0.5529411764705883
 40
0.5529411764705883
 40
0.5529411764705883
 40
0.5529411764705883
 40
0.5647058823529412
 40
0.5647058823529412
 40
0.5647058823529412
 40
0.5647058823529412
 40
0.5764705882352941
 40
0.5764705882352941
 40
0.5764705882352941
 40
0.5764705882352941
 40
0.5882352941176471
 40
0.5882352941176471
 40
0.5882352941176471
 40
0.5882352941176471
 40
0.6
 40
0.6
 40
0.6
 40
0.6
 40
0.611764705882353
 40
0.611764705882353
 40
0.611764705882353
 40
0.611764705882353
 40
0.6235294117647059
 40
0.6235294117647059
 40
0.6235294117647059
 40
0.6235294117647059
 40
0.6352941176470588
 40
0.6352941176470588
 40
0.6352941176470588
 40
0.6352941176470588
 40
0.6470588235294118
 40
0.6470588235294118
 40
0.6470588235294118
 40
0.6470588235294118
 40
0.6588235294117647
 40
0.6588235294117647
 40
0.6588235294117647
 40
0.6588235294117647
 40
0.6705882352941176
 40
0.6705882352941176
 40
0.6705882352941176
 40
0.6705882352941176
 40
0.6823529411764706
 40
0.6823529411764706
 40
0.6823529411764706
 40
0.6823529411764706
 40
0.6941176470588235
 40
0.6941176470588235
 40
0.6941176470588235
 40
0.6941176470588235
 40
0.7058823529411765
 40
0.7058823529411765
 40
0.7058823529411765
 40
0.7058823529411765
 40
0.7176470588235294
 40
0.7176470588235294
 40
0.7176470588235294
 40
0.7176470588235294
 40
0.7294117647058823
 40
0.7294117647058823
 40
0.7294117647058823
 40
0.7294117647058823
 40
0.7411764705882353
 40
0.7411764705882353
 40
0.7411764705882353
 40
0.7411764705882353
 40
0.7529411764705882
 40
0.7529411764705882
 40
0.7529411764705882
 40
0.7529411764705882
 40
0.7647058823529411
 40
0.7647058823529411
 40
0.7647058823529411
 40
0.7647058823529411
 40
0.7764705882352941
 40
0.7764705882352941
 40
0.7764705882352941
 40
0.7764705882352941
 40
0.788235294117647
 40
0.788235294117647
 40
0.788235294117647
 40
0.788235294117647
 40
0.8
 40
0.8
 40
0.8
 40
0.8
 40
0.8117647058823529
 40
0.8117647058823529
 40
0.8117647058823529
 40
0.8117647058823529
 40
0.8235294117647058
 40
0.8235294117647058
 40
0.8235294117647058
 40
0.8235294117647058
 40
0.8352941176470589
 40
0.8352941176470589
 40
0.8352941176470589
 40
0.8352941176470589
 40
0.8470588235294118
 40
0.8470588235294118
 40
0.8470588235294118
 40
0.8470588235294118
 40
0.8588235294117647
 40
0.8588235294117647
 40
0.8588235294117647
 40
0.8588235294117647
 40
0.8705882352941177
 40
0.8705882352941177
 40
0.8705882352941177
 40
0.8705882352941177
 40
0.8823529411764706
 40
0.8823529411764706
 40
0.8823529411764706
 40
0.8823529411764706
 40
0.8941176470588236
 40
0.8941176470588236
 40
0.8941176470588236
 40
0.8941176470588236
 40
0.9058823529411765
 40
0.9058823529411765
 40
0.9058823529411765
 40
0.9058823529411765
 40
0.9176470588235294
 40
0.9176470588235294
 40
0.9176470588235294
 40
0.9176470588235294
 40
0.9294117647058824
 40
0.9294117647058824
 40
0.9294117647058824
 40
0.9294117647058824
 40
0.9411764705882353
 40
0.9411764705882353
 40
0.9411764705882353
 40
0.9411764705882353
 40
0.9529411764705882
 40
0.9529411764705882
 40
0.9529411764705882
 40
0.9529411764705882
 40
0.9647058823529412
 40
0.9647058823529412
 40
0.9647058823529412
 40
0.9647058823529412
 40
0.9764705882352941
 40
0.9764705882352941
 40
0.9764705882352941
 40
0.9764705882352941
 40
1.0
 40
1.0
 40
1.0
 40
1.0
 10
-2.35007
 20
5.62599
 30
0.0
 10
-2.37297
 20
5.63496
 30
0.0
 10
-2.37682
 20
5.64246
 30
0.0
 10
-2.38123
 20
5.66588
 30
0.0
 10
-2.38123
 20
5.66588
 30
0.0
 10
-2.38353
 20
5.67831
 30
0.0
 10
-2.37896
 20
5.69379
 30
0.0
 10
-2.37663
 20
5.70641
 30
0.0
 10
-2.37663
 20
5.70641
 30
0.0
 10
-2.37603
 20
5.70967
 30
0.0
 10
-2.37925
 20
5.7133
 30
0.0
 10
-2.38247
 20
5.71264
 30
0.0
 10
-2.38247
 20
5.71264
 30
0.0
 10
-2.38812
 20
5.71147
 30
0.0
 10
-2.40542
 20
5.7146
 30
0.0
 10
-2.41105
 20
5.70054
 30
0.0
 10
-2.41105
 20
5.70054
 30
0.0
 10
-2.41751
 20
5.68255
 30
0.0
 10
-2.41275
 20
5.64722
 30
0.0
 10
-2.39895
 20
5.6333
 30
0.0
 10
-2.39895
 20
5.6333
 30
0.0
 10
-2.39471
 20
5.62902
 30
0.0
 10
-2.38332
 20
5.62604
 30
0.0
 10
-2.37722
 20
5.62352
 30
0.0
 10
-2.37722
 20
5.62352
 30
0.0
 10
-2.36011
 20
5.61645
 30
0.0
 10
-2.34271
 20
5.60759
 30
0.0
 10
-2.32541
 20
5.60013
 30
0.0
 10
-2.32541
 20
5.60013
 30
0.0
 10
-2.28162
 20
5.5813
 30
0.0
 10
-2.23708
 20
5.56437
 30
0.0
 10
-2.19325
 20
5.54573
 30
0.0
 10
-2.19325
 20
5.54573
 30
0.0
 10
-2.18239
 20
5.54112
 30
0.0
 10
-2.18348
 20
5.54194
 30
0.0
 10
-2.18321
 20
5.52966
 30
0.0
 10
-2.18321
 20
5.52966
 30
0.0
 10
-2.18303
 20
5.52181
 30
0.0
 10
-2.18241
 20
5.5011
 30
0.0
 10
-2.18387
 20
5.49419
 30
0.0
 10
-2.18387
 20
5.49419
 30
0.0
 10
-2.19526
 20
5.493
 30
0.0
 10
-2.21319
 20
5.49365
 30
0.0
 10
-2.22521
 20
5.49365
 30
0.0
 10
-2.22521
 20
5.49365
 30
0.0
 10
-2.25329
 20
5.49366
 30
0.0
 10
-2.28132
 20
5.49398
 30
0.0
 10
-2.30937
 20
5.49411
 30
0.0
 10
-2.30937
 20
5.49411
 30
0.0
 10
-2.31385
 20
5.49413
 30
0.0
 10
-2.31639
 20
5.494
 30
0.0
 10
-2.32073
 20
5.49288
 30
0.0
 10
-2.32073
 20
5.49288
 30
0.0
 10
-2.32269
 20
5.48581
 30
0.0
 10
-2.32172
 20
5.45868
 30
0.0
 10
-2.32172
 20
5.44949
 30
0.0
 10
-2.32172
 20
5.44949
 30
0.0
 10
-2.32172
 20
5.40656
 30
0.0
 10
-2.32136
 20
5.36332
 30
0.0
 10
-2.32184
 20
5.32043
 30
0.0
 10
-2.32184
 20
5.32043
 30
0.0
 10
-2.3219
 20
5.31527
 30
0.0
 10
-2.32192
 20
5.31157
 30
0.0
 10
-2.32104
 20
5.30644
 30
0.0
 10
-2.32104
 20
5.30644
 30
0.0
 10
-2.30698
 20
5.30441
 30
0.0
 10
-2.2846
 20
5.30575
 30
0.0
 10
-2.26949
 20
5.30575
 30
0.0
 10
-2.26949
 20
5.30575
 30
0.0
 10
-2.24467
 20
5.30575
 30
0.0
 10
-2.21973
 20
5.30594
 30
0.0
 10
-2.19493
 20
5.30579
 30
0.0
 10
-2.19493
 20
5.30579
 30
0.0
 10
-2.19232
 20
5.30578
 30
0.0
 10
-2.19093
 20
5.30549
 30
0.0
 10
-2.19139
 20
5.3022
 30
0.0
 10
-2.19139
 20
5.3022
 30
0.0
 10
-2.19198
 20
5.29789
 30
0.0
 10
-2.1967
 20
5.3002
 30
0.0
 10
-2.1987
 20
5.29122
 30
0.0
 10
-2.1987
 20
5.29122
 30
0.0
 10
-2.20061
 20
5.28266
 30
0.0
 10
-2.21349
 20
5.27185
 30
0.0
 10
-2.22002
 20
5.2657
 30
0.0
 10
-2.22002
 20
5.2657
 30
0.0
 10
-2.22554
 20
5.2605
 30
0.0
 10
-2.22776
 20
5.25774
 30
0.0
 10
-2.23259
 20
5.25228
 30
0.0
 10
-2.23259
 20
5.25228
 30
0.0
 10
-2.23719
 20
5.24708
 30
0.0
 10
-2.25932
 20
5.23459
 30
0.0
 10
-2.25416
 20
5.22688
 30
0.0
 10
-2.25416
 20
5.22688
 30
0.0
 10
-2.25359
 20
5.22602
 30
0.0
 10
-2.25352
 20
5.22632
 30
0.0
 10
-2.2533
 20
5.22528
 30
0.0
 10
-2.2533
 20
5.22528
 30
0.0
 10
-2.25357
 20
5.22412
 30
0.0
 10
-2.25656
 20
5.22422
 30
0.0
 10
-2.2564
 20
5.22204
 30
0.0
 10
-2.2564
 20
5.22204
 30
0.0
 10
-2.25618
 20
5.21908
 30
0.0
 10
-2.26849
 20
5.21339
 30
0.0
 10
-2.273
 20
5.21092
 30
0.0
 10
-2.273
 20
5.21092
 30
0.0
 10
-2.27571
 20
5.20944
 30
0.0
 10
-2.27836
 20
5.20296
 30
0.0
 10
-2.2772
 20
5.20011
 30
0.0
 10
-2.2772
 20
5.20011
 30
0.0
 10
-2.27073
 20
5.18662
 30
0.0
 10
-2.21896
 20
5.14926
 30
0.0
 10
-2.20425
 20
5.14073
 30
0.0
 10
-2.20425
 20
5.14073
 30
0.0
 10
-2.19334
 20
5.1344
 30
0.0
 10
-2.18185
 20
5.1339
 30
0.0
 10
-2.17838
 20
5.14816
 30
0.0
 10
-2.17838
 20
5.14816
 30
0.0
 10
-2.17606
 20
5.15768
 30
0.0
 10
-2.17031
 20
5.15037
 30
0.0
 10
-2.16501
 20
5.1635
 30
0.0
 10
-2.16501
 20
5.1635
 30
0.0
 10
-2.16075
 20
5.17403
 30
0.0
 10
-2.17319
 20
5.17491
 30
0.0
 10
-2.17387
 20
5.17575
 30
0.0
 10
-2.17387
 20
5.17575
 30
0.0
 10
-2.1755
 20
5.17779
 30
0.0
 10
-2.16925
 20
5.18112
 30
0.0
 10
-2.17769
 20
5.19358
 30
0.0
 10
-2.17769
 20
5.19358
 30
0.0
 10
-2.17951
 20
5.19625
 30
0.0
 10
-2.18096
 20
5.19763
 30
0.0
 10
-2.18094
 20
5.2009
 30
0.0
 10
-2.18094
 20
5.2009
 30
0.0
 10
-2.17952
 20
5.20628
 30
0.0
 10
-2.17624
 20
5.20709
 30
0.0
 10
-2.17541
 20
5.21586
 30
0.0
 10
-2.17541
 20
5.21586
 30
0.0
 10
-2.17479
 20
5.22242
 30
0.0
 10
-2.17666
 20
5.22982
 30
0.0
 10
-2.18028
 20
5.23532
 30
0.0
 10
-2.18028
 20
5.23532
 30
0.0
 10
-2.1817
 20
5.23748
 30
0.0
 10
-2.17909
 20
5.2377
 30
0.0
 10
-2.17653
 20
5.24144
 30
0.0
 10
-2.17653
 20
5.24144
 30
0.0
 10
-2.17538
 20
5.24312
 30
0.0
 10
-2.1596
 20
5.25176
 30
0.0
 10
-2.15907
 20
5.25161
 30
0.0
 10
-2.15907
 20
5.25161
 30
0.0
 10
-2.15769
 20
5.25122
 30
0.0
 10
-2.15824
 20
5.22801
 30
0.0
 10
-2.15823
 20
5.22586
 30
0.0
 10
-2.15823
 20
5.22586
 30
0.0
 10
-2.1582
 20
5.19848
 30
0.0
 10
-2.15821
 20
5.1707
 30
0.0
 10
-2.15843
 20
5.14333
 30
0.0
 10
-2.15843
 20
5.14333
 30
0.0
 10
-2.15852
 20
5.13273
 30
0.0
 10
-2.15631
 20
5.13505
 30
0.0
 10
-2.16681
 20
5.13487
 30
0.0
 10
-2.16681
 20
5.13487
 30
0.0
 10
-2.19374
 20
5.13443
 30
0.0
 10
-2.22164
 20
5.13492
 30
0.0
 10
-2.2487
 20
5.13492
 30
0.0
 10
-2.2487
 20
5.13492
 30
0.0
 10
-2.34438
 20
5.13492
 30
0.0
 10
-2.44007
 20
5.13466
 30
0.0
 10
-2.53574
 20
5.13466
 30
0.0
 10
-2.53574
 20
5.13466
 30
0.0
 10
-2.54437
 20
5.13466
 30
0.0
 10
-2.54431
 20
5.13613
 30
0.0
 10
-2.54468
 20
5.14467
 30
0.0
 10
-2.54468
 20
5.14467
 30
0.0
 10
-2.54526
 20
5.15782
 30
0.0
 10
-2.54445
 20
5.17366
 30
0.0
 10
-2.54446
 20
5.18725
 30
0.0
 10
-2.54446
 20
5.18725
 30
0.0
 10
-2.54447
 20
5.21019
 30
0.0
 10
-2.54454
 20
5.23313
 30
0.0
 10
-2.54468
 20
5.25607
 30
0.0
 10
-2.54468
 20
5.25607
 30
0.0
 10
-2.54473
 20
5.26513
 30
0.0
 10
-2.54225
 20
5.26424
 30
0.0
 10
-2.53342
 20
5.26831
 30
0.0
 10
-2.53342
 20
5.26831
 30
0.0
 10
-2.52188
 20
5.27364
 30
0.0
 10
-2.50941
 20
5.28048
 30
0.0
 10
-2.49803
 20
5.2853
 30
0.0
 10
-2.49803
 20
5.2853
 30
0.0
 10
-2.49543
 20
5.2864
 30
0.0
 10
-2.49315
 20
5.28707
 30
0.0
 10
-2.49043
 20
5.28775
 30
0.0
 10
-2.49043
 20
5.28775
 30
0.0
 10
-2.48745
 20
5.27661
 30
0.0
 10
-2.48587
 20
5.27177
 30
0.0
 10
-2.48128
 20
5.26117
 30
0.0
 10
-2.48128
 20
5.26117
 30
0.0
 10
-2.47686
 20
5.25095
 30
0.0
 10
-2.47985
 20
5.24542
 30
0.0
 10
-2.46682
 20
5.2442
 30
0.0
 10
-2.46682
 20
5.2442
 30
0.0
 10
-2.45339
 20
5.24365
 30
0.0
 10
-2.44379
 20
5.25349
 30
0.0
 10
-2.44224
 20
5.26636
 30
0.0
 10
-2.44224
 20
5.26636
 30
0.0
 10
-2.44224
 20
5.26636
 30
0.0
 10
-2.44182
 20
5.26984
 30
0.0
 10
-2.44182
 20
5.26984
 30
0.0
 10
-2.44182
 20
5.26984
 30
0.0
 10
-2.43952
 20
5.3025
 30
0.0
 10
-2.45099
 20
5.30064
 30
0.0
 10
-2.44911
 20
5.34564
 30
0.0
 10
-2.44911
 20
5.34564
 30
0.0
 10
-2.44893
 20
5.34997
 30
0.0
 10
-2.44915
 20
5.35432
 30
0.0
 10
-2.44909
 20
5.35867
 30
0.0
 10
-2.44909
 20
5.35867
 30
0.0
 10
-2.44886
 20
5.37483
 30
0.0
 10
-2.45535
 20
5.37615
 30
0.0
 10
-2.46258
 20
5.3609
 30
0.0
 10
-2.46258
 20
5.3609
 30
0.0
 10
-2.46325
 20
5.3595
 30
0.0
 10
-2.46463
 20
5.35936
 30
0.0
 10
-2.46601
 20
5.35943
 30
0.0
 10
-2.46601
 20
5.35943
 30
0.0
 10
-2.48221
 20
5.35882
 30
0.0
 10
-2.48023
 20
5.35006
 30
0.0
 10
-2.48811
 20
5.34924
 30
0.0
 10
-2.48811
 20
5.34924
 30
0.0
 10
-2.49357
 20
5.34868
 30
0.0
 10
-2.4988
 20
5.34734
 30
0.0
 10
-2.50473
 20
5.34671
 30
0.0
 10
-2.50473
 20
5.34671
 30
0.0
 10
-2.51471
 20
5.34565
 30
0.0
 10
-2.52364
 20
5.3448
 30
0.0
 10
-2.53373
 20
5.34507
 30
0.0
 10
-2.53373
 20
5.34507
 30
0.0
 10
-2.53683
 20
5.34519
 30
0.0
 10
-2.53832
 20
5.34626
 30
0.0
 10
-2.53822
 20
5.34963
 30
0.0
 10
-2.53822
 20
5.34963
 30
0.0
 10
-2.53797
 20
5.35734
 30
0.0
 10
-2.53801
 20
5.36505
 30
0.0
 10
-2.5375
 20
5.37276
 30
0.0
 10
-2.5375
 20
5.37276
 30
0.0
 10
-2.53648
 20
5.38853
 30
0.0
 10
-2.54045
 20
5.41134
 30
0.0
 10
-2.54445
 20
5.43486
 30
0.0
 10
-2.54445
 20
5.43486
 30
0.0
 10
-2.54445
 20
5.61585
 30
0.0
 10
-2.54401
 20
5.79684
 30
0.0
 10
-2.54474
 20
5.97782
 30
0.0
 10
-2.54474
 20
5.97782
 30
0.0
 10
-2.54475
 20
5.97987
 30
0.0
 10
-2.54448
 20
5.98731
 30
0.0
 10
-2.54304
 20
5.98875
 30
0.0
 10
-2.54304
 20
5.98875
 30
0.0
 10
-2.54049
 20
5.99129
 30
0.0
 10
-2.50988
 20
5.99015
 30
0.0
 10
-2.50442
 20
5.99015
 30
0.0
 10
-2.50442
 20
5.99015
 30
0.0
 10
-2.40261
 20
5.99015
 30
0.0
 10
-2.30065
 20
5.98975
 30
0.0
 10
-2.19887
 20
5.99016
 30
0.0
 10
-2.19887
 20
5.99016
 30
0.0
 10
-2.19519
 20
5.99018
 30
0.0
 10
-2.17687
 20
5.99104
 30
0.0
 10
-2.17483
 20
5.98892
 30
0.0
 10
-2.17483
 20
5.98892
 30
0.0
 10
-2.17247
 20
5.98647
 30
0.0
 10
-2.1736
 20
5.95353
 30
0.0
 10
-2.1736
 20
5.94797
 30
0.0
 10
-2.1736
 20
5.94797
 30
0.0
 10
-2.1736
 20
5.9092
 30
0.0
 10
-2.17358
 20
5.87051
 30
0.0
 10
-2.17337
 20
5.83174
 30
0.0
 10
-2.17337
 20
5.83174
 30
0.0
 10
-2.17336
 20
5.82991
 30
0.0
 10
-2.17358
 20
5.82172
 30
0.0
 10
-2.1748
 20
5.82052
 30
0.0
 10
-2.1748
 20
5.82052
 30
0.0
 10
-2.17714
 20
5.81824
 30
0.0
 10
-2.21239
 20
5.81932
 30
0.0
 10
-2.21804
 20
5.81932
 30
0.0
 10
-2.21804
 20
5.81932
 30
0.0
 10
-2.24846
 20
5.81932
 30
0.0
 10
-2.27881
 20
5.81933
 30
0.0
 10
-2.30924
 20
5.81953
 30
0.0
 10
-2.30924
 20
5.81953
 30
0.0
 10
-2.31108
 20
5.81954
 30
0.0
 10
-2.31933
 20
5.81935
 30
0.0
 10
-2.32053
 20
5.81814
 30
0.0
 10
-2.32053
 20
5.81814
 30
0.0
 10
-2.32279
 20
5.81589
 30
0.0
 10
-2.32172
 20
5.78092
 30
0.0
 10
-2.32172
 20
5.77537
 30
0.0
 10
-2.32172
 20
5.77537
 30
0.0
 10
-2.32172
 20
5.7397
 30
0.0
 10
-2.32175
 20
5.70409
 30
0.0
 10
-2.32193
 20
5.66841
 30
0.0
 10
-2.32193
 20
5.66841
 30
0.0
 10
-2.32195
 20
5.66396
 30
0.0
 10
-2.32186
 20
5.66135
 30
0.0
 10
-2.32077
 20
5.65702
 30
0.0
 10
-2.32077
 20
5.65702
 30
0.0
 10
-2.30887
 20
5.65458
 30
0.0
 10
-2.27548
 20
5.65606
 30
0.0
 10
-2.26092
 20
5.65606
 30
0.0
 10
-2.26092
 20
5.65606
 30
0.0
 10
-2.23914
 20
5.65606
 30
0.0
 10
-2.2174
 20
5.65627
 30
0.0
 10
-2.19565
 20
5.65632
 30
0.0
 10
-2.19565
 20
5.65632
 30
0.0
 10
-2.19122
 20
5.65633
 30
0.0
 10
-2.18867
 20
5.65622
 30
0.0
 10
-2.18438
 20
5.65501
 30
0.0
 10
-2.18438
 20
5.65501
 30
0.0
 10
-2.18232
 20
5.6479
 30
0.0
 10
-2.18333
 20
5.62301
 30
0.0
 10
-2.18333
 20
5.61398
 30
0.0
 10
-2.18333
 20
5.61398
 30
0.0
 10
-2.18332
 20
5.60772
 30
0.0
 10
-2.1827
 20
5.56075
 30
0.0
 10
-2.18364
 20
5.55883
 30
0.0
 10
-2.18364
 20
5.55883
 30
0.0
 10
-2.18466
 20
5.55674
 30
0.0
 10
-2.19495
 20
5.56186
 30
0.0
 10
-2.19674
 20
5.56259
 30
0.0
 10
-2.19674
 20
5.56259
 30
0.0
 10
-2.213
 20
5.56919
 30
0.0
 10
-2.22904
 20
5.57635
 30
0.0
 10
-2.24522
 20
5.58315
 30
0.0
 10
-2.24522
 20
5.58315
 30
0.0
 10
-2.28005
 20
5.59775
 30
0.0
 10
-2.31491
 20
5.6122
 30
0.0
 10
-2.35007
 20
5.62599
 30
0.0
  0
ENDSEC
  0
SECTION
  2
OBJECTS
  0
DICTIONARY
  5
C
330
0
100
AcDbDictionary
281
     1
  3
ACAD_DETAILVIEWSTYLE
350
CF
  3
ACAD_GROUP
350
D
  3
ACAD_LAYOUT
350
1A
  3
ACAD_MATERIAL
350
43
  3
ACAD_MLEADERSTYLE
350
6B
  3
ACAD_MLINESTYLE
350
17
  3
ACAD_PLOTSETTINGS
350
19
  3
ACAD_PLOTSTYLENAME
350
E
  3
ACAD_SCALELIST
350
47
  3
ACAD_SECTIONVIEWSTYLE
350
D0
  3
ACAD_TABLESTYLE
350
69
  3
ACAD_VISUALSTYLE
350
2A
  3
ACDB_RECOMPOSE_DATA
350
CC
  3
AcDbVariableDictionary
350
94
  0
SUN
  5
6D
330
29
100
AcDbSun
 90
        1
290
     0
 63
     7
421
 16777215
 40
1.0
291
     1
 91
  2455826
 92
 54000000
292
     0
 70
     2
 71
   256
280
     1
  0
DICTIONARY
  5
CF
102
{ACAD_REACTORS
330
C
102
}
330
C
100
AcDbDictionary
281
     1
  0
DICTIONARY
  5
D
102
{ACAD_REACTORS
330
C
102
}
330
C
100
AcDbDictionary
281
     1
  0
DICTIONARY
  5
1A
102
{ACAD_REACTORS
330
C
102
}
330
C
100
AcDbDictionary
281
     1
  3
Layout1
350
1E
  3
Layout2
350
26
  3
Model
350
22
  0
DICTIONARY
  5
43
102
{ACAD_REACTORS
330
C
102
}
330
C
100
AcDbDictionary
281
     1
  3
ByBlock
350
45
  3
ByLayer
350
44
  3
Global
350
46
  0
DICTIONARY
  5
6B
102
{ACAD_REACTORS
330
C
102
}
330
C
100
AcDbDictionary
281
     1
  3
Standard
350
6C
  0
DICTIONARY
  5
17
102
{ACAD_REACTORS
330
C
102
}
330
C
100
AcDbDictionary
281
     1
  3
Standard
350
18
  0
DICTIONARY
  5
19
102
{ACAD_REACTORS
330
C
102
}
330
C
100
AcDbDictionary
281
     1
  0
ACDBDICTIONARYWDFLT
  5
E
102
{ACAD_REACTORS
330
C
102
}
330
C
100
AcDbDictionary
281
     1
  3
Normal
350
F
100
AcDbDictionaryWithDefault
340
F
  0
DICTIONARY
  5
47
102
{ACAD_REACTORS
330
C
102
}
330
C
100
AcDbDictionary
281
     1
  3
A0
350
48
  3
A1
350
49
  3
A2
350
4A
  3
A3
350
4B
  3
A4
350
4C
  3
A5
350
4D
  3
A6
350
4E
  3
A7
350
4F
  3
A8
350
50
  3
A9
350
51
  3
B0
350
52
  3
B1
350
53
  3
B2
350
54
  3
B3
350
55
  3
B4
350
56
  3
B5
350
57
  3
B6
350
58
  3
B7
350
59
  3
B8
350
5A
  3
B9
350
5B
  3
C0
350
5C
  3
C1
350
5D
  3
C2
350
5E
  3
C3
350
5F
  3
C4
350
60
  3
C5
350
61
  3
C6
350
62
  3
C7
350
63
  3
C8
350
64
  3
C9
350
65
  3
D0
350
66
  3
D1
350
67
  3
D2
350
68
  0
DICTIONARY
  5
D0
102
{ACAD_REACTORS
330
C
102
}
330
C
100
AcDbDictionary
281
     1
  0
DICTIONARY
  5
69
102
{ACAD_REACTORS
330
C
102
}
330
C
100
AcDbDictionary
281
     1
  3
Standard
350
6A
  0
DICTIONARY
  5
2A
102
{ACAD_REACTORS
330
C
102
}
330
C
100
AcDbDictionary
281
     1
  3
2dWireframe
350
2F
  3
Basic
350
32
  3
Brighten
350
36
  3
ColorChange
350
3A
  3
Conceptual
350
34
  3
Dim
350
35
  3
EdgeColorOff
350
3D
  3
Facepattern
350
39
  3
Flat
350
2B
  3
FlatWithEdges
350
2C
  3
Gouraud
350
2D
  3
GouraudWithEdges
350
2E
  3
Hidden
350
31
  3
JitterOff
350
3B
  3
Linepattern
350
38
  3
OverhangOff
350
3C
  3
Realistic
350
33
  3
Shaded
350
42
  3
Shaded with edges
350
41
  3
Shades of Gray
350
3E
  3
Sketchy
350
3F
  3
Thicken
350
37
  3
Wireframe
350
30
  3
X-Ray
350
40
  0
XRECORD
  5
CC
102
{ACAD_REACTORS
330
C
102
}
330
C
100
AcDbXrecord
280
     1
 90
        1
330
6A
  0
DICTIONARY
  5
94
102
{ACAD_REACTORS
330
C
102
}
330
C
100
AcDbDictionary
281
     1
  3
CANNOSCALE
350
95
  3
CMLEADERSTYLE
350
CE
  3
CTABLESTYLE
350
CD
  3
XCLIPFRAME
350
96
  0
LAYOUT
  5
1E
102
{ACAD_REACTORS
330
1A
102
}
330
1A
100
AcDbPlotSettings
  1

  2
none_device
  4

  6

 40
0.0
 41
0.0
 42
0.0
 43
0.0
 44
0.0
 45
0.0
 46
0.0
 47
0.0
 48
0.0
 49
0.0
140
0.0
141
0.0
142
1.0
143
1.0
 70
   688
 72
     0
 73
     0
 74
     5
  7

 75
    16
 76
     0
 77
     2
 78
   300
147
1.0
148
0.0
149
0.0
100
AcDbLayout
  1
Layout1
 70
     1
 71
     1
 10
0.0
 20
0.0
 11
12.0
 21
9.0
 12
0.0
 22
0.0
 32
0.0
 14
1.000000000000000E+20
 24
1.000000000000000E+20
 34
1.000000000000000E+20
 15
-1.000000000000000E+20
 25
-1.000000000000000E+20
 35
-1.000000000000000E+20
146
0.0
 13
0.0
 23
0.0
 33
0.0
 16
1.0
 26
0.0
 36
0.0
 17
0.0
 27
1.0
 37
0.0
 76
     0
330
1B
  0
LAYOUT
  5
26
102
{ACAD_REACTORS
330
1A
102
}
330
1A
100
AcDbPlotSettings
  1

  2
none_device
  4

  6

 40
0.0
 41
0.0
 42
0.0
 43
0.0
 44
0.0
 45
0.0
 46
0.0
 47
0.0
 48
0.0
 49
0.0
140
0.0
141
0.0
142
1.0
143
1.0
 70
   688
 72
     0
 73
     0
 74
     5
  7

 75
    16
 76
     0
 77
     2
 78
   300
147
1.0
148
0.0
149
0.0
100
AcDbLayout
  1
Layout2
 70
     1
 71
     2
 10
0.0
 20
0.0
 11
0.0
 21
0.0
 12
0.0
 22
0.0
 32
0.0
 14
0.0
 24
0.0
 34
0.0
 15
0.0
 25
0.0
 35
0.0
146
0.0
 13
0.0
 23
0.0
 33
0.0
 16
1.0
 26
0.0
 36
0.0
 17
0.0
 27
1.0
 37
0.0
 76
     0
330
23
  0
LAYOUT
  5
22
102
{ACAD_REACTORS
330
1A
102
}
330
1A
100
AcDbPlotSettings
  1

  2
none_device
  4
Letter_(8.50_x_11.00_Inches)
  6

 40
6.35
 41
6.35
 42
6.35000508
 43
6.35000508
 44
215.9
 45
279.4
 46
0.0
 47
0.0
 48
0.0
 49
0.0
140
0.0
141
0.0
142
1.0
143
1.0
 70
  1712
 72
     0
 73
     0
 74
     0
  7

 75
     0
 76
     0
 77
     2
 78
   300
147
1.0
148
0.0
149
0.0
100
AcDbLayout
  1
Model
 70
     1
 71
     0
 10
0.0
 20
0.0
 11
12.0
 21
9.0
 12
0.0
 22
0.0
 32
0.0
 14
-4.91453
 24
5.11641
 34
0.0
 15
-1.62349
 25
7.21661
 35
0.0
146
0.0
 13
0.0
 23
0.0
 33
0.0
 16
1.0
 26
0.0
 36
0.0
 17
0.0
 27
1.0
 37
0.0
 76
     0
330
1F
331
29
  0
MATERIAL
  5
45
102
{ACAD_REACTORS
330
43
102
}
330
43
100
AcDbMaterial
  1
ByBlock
 72
     1
 94
      127
  0
MATERIAL
  5
44
102
{ACAD_REACTORS
330
43
102
}
330
43
100
AcDbMaterial
  1
ByLayer
 72
     1
 94
      127
  0
MATERIAL
  5
46
102
{ACAD_REACTORS
330
43
102
}
330
43
100
AcDbMaterial
  1
Global
 72
     1
 94
      127
  0
MLEADERSTYLE
  5
6C
102
{ACAD_REACTORS
330
6B
102
}
102
{ACAD_XDICTIONARY
360
CA
102
}
330
6B
100
AcDbMLeaderStyle
170
     2
171
     1
172
     0
 90
        2
 40
0.0
 41
0.0
173
     1
 91
-1056964608
340
14
 92
       -2
290
     1
 42
0.09
291
     1
 43
0.36
  3
Standard
341
0
 44
0.18
300

342
11
174
     1
178
     6
175
     1
176
     0
 93
-1056964608
 45
0.18
292
     0
297
     0
 46
0.18
343
0
 94
-1056964608
 47
1.0
 49
1.0
140
1.0
293
     1
141
0.0
294
     1
177
     0
142
1.0
295
     0
296
     0
143
0.125
1001
ACAD_MLEADERVER
1070
     2
  0
MLINESTYLE
  5
18
102
{ACAD_REACTORS
330
17
102
}
330
17
100
AcDbMlineStyle
  2
Standard
 70
     0
  3

 62
   256
 51
90.0
 52
90.0
 71
     2
 49
0.5
 62
   256
  6
BYLAYER
 49
-0.5
 62
   256
  6
BYLAYER
  0
ACDBPLACEHOLDER
  5
F
102
{ACAD_REACTORS
330
E
102
}
330
E
  0
SCALE
  5
48
102
{ACAD_REACTORS
330
47
102
}
330
47
100
AcDbScale
 70
     0
300
1:1
140
1.0
141
1.0
290
     1
  0
SCALE
  5
49
102
{ACAD_REACTORS
330
47
102
}
330
47
100
AcDbScale
 70
     0
300
1:2
140
1.0
141
2.0
290
     0
  0
SCALE
  5
4A
102
{ACAD_REACTORS
330
47
102
}
330
47
100
AcDbScale
 70
     0
300
1:4
140
1.0
141
4.0
290
     0
  0
SCALE
  5
4B
102
{ACAD_REACTORS
330
47
102
}
330
47
100
AcDbScale
 70
     0
300
1:5
140
1.0
141
5.0
290
     0
  0
SCALE
  5
4C
102
{ACAD_REACTORS
330
47
102
}
330
47
100
AcDbScale
 70
     0
300
1:8
140
1.0
141
8.0
290
     0
  0
SCALE
  5
4D
102
{ACAD_REACTORS
330
47
102
}
330
47
100
AcDbScale
 70
     0
300
1:10
140
1.0
141
10.0
290
     0
  0
SCALE
  5
4E
102
{ACAD_REACTORS
330
47
102
}
330
47
100
AcDbScale
 70
     0
300
1:16
140
1.0
141
16.0
290
     0
  0
SCALE
  5
4F
102
{ACAD_REACTORS
330
47
102
}
330
47
100
AcDbScale
 70
     0
300
1:20
140
1.0
141
20.0
290
     0
  0
SCALE
  5
50
102
{ACAD_REACTORS
330
47
102
}
330
47
100
AcDbScale
 70
     0
300
1:30
140
1.0
141
30.0
290
     0
  0
SCALE
  5
51
102
{ACAD_REACTORS
330
47
102
}
330
47
100
AcDbScale
 70
     0
300
1:40
140
1.0
141
40.0
290
     0
  0
SCALE
  5
52
102
{ACAD_REACTORS
330
47
102
}
330
47
100
AcDbScale
 70
     0
300
1:50
140
1.0
141
50.0
290
     0
  0
SCALE
  5
53
102
{ACAD_REACTORS
330
47
102
}
330
47
100
AcDbScale
 70
     0
300
1:100
140
1.0
141
100.0
290
     0
  0
SCALE
  5
54
102
{ACAD_REACTORS
330
47
102
}
330
47
100
AcDbScale
 70
     0
300
2:1
140
2.0
141
1.0
290
     0
  0
SCALE
  5
55
102
{ACAD_REACTORS
330
47
102
}
330
47
100
AcDbScale
 70
     0
300
4:1
140
4.0
141
1.0
290
     0
  0
SCALE
  5
56
102
{ACAD_REACTORS
330
47
102
}
330
47
100
AcDbScale
 70
     0
300
8:1
140
8.0
141
1.0
290
     0
  0
SCALE
  5
57
102
{ACAD_REACTORS
330
47
102
}
330
47
100
AcDbScale
 70
     0
300
10:1
140
10.0
141
1.0
290
     0
  0
SCALE
  5
58
102
{ACAD_REACTORS
330
47
102
}
330
47
100
AcDbScale
 70
     0
300
100:1
140
100.0
141
1.0
290
     0
  0
SCALE
  5
59
102
{ACAD_REACTORS
330
47
102
}
330
47
100
AcDbScale
 70
     0
300
1/128" = 1'-0"
140
0.0078125
141
12.0
290
     0
  0
SCALE
  5
5A
102
{ACAD_REACTORS
330
47
102
}
330
47
100
AcDbScale
 70
     0
300
1/64" = 1'-0"
140
0.015625
141
12.0
290
     0
  0
SCALE
  5
5B
102
{ACAD_REACTORS
330
47
102
}
330
47
100
AcDbScale
 70
     0
300
1/32" = 1'-0"
140
0.03125
141
12.0
290
     0
  0
SCALE
  5
5C
102
{ACAD_REACTORS
330
47
102
}
330
47
100
AcDbScale
 70
     0
300
1/16" = 1'-0"
140
0.0625
141
12.0
290
     0
  0
SCALE
  5
5D
102
{ACAD_REACTORS
330
47
102
}
330
47
100
AcDbScale
 70
     0
300
3/32" = 1'-0"
140
0.09375
141
12.0
290
     0
  0
SCALE
  5
5E
102
{ACAD_REACTORS
330
47
102
}
330
47
100
AcDbScale
 70
     0
300
1/8" = 1'-0"
140
0.125
141
12.0
290
     0
  0
SCALE
  5
5F
102
{ACAD_REACTORS
330
47
102
}
330
47
100
AcDbScale
 70
     0
300
3/16" = 1'-0"
140
0.1875
141
12.0
290
     0
  0
SCALE
  5
60
102
{ACAD_REACTORS
330
47
102
}
330
47
100
AcDbScale
 70
     0
300
1/4" = 1'-0"
140
0.25
141
12.0
290
     0
  0
SCALE
  5
61
102
{ACAD_REACTORS
330
47
102
}
330
47
100
AcDbScale
 70
     0
300
3/8" = 1'-0"
140
0.375
141
12.0
290
     0
  0
SCALE
  5
62
102
{ACAD_REACTORS
330
47
102
}
330
47
100
AcDbScale
 70
     0
300
1/2" = 1'-0"
140
0.5
141
12.0
290
     0
  0
SCALE
  5
63
102
{ACAD_REACTORS
330
47
102
}
330
47
100
AcDbScale
 70
     0
300
3/4" = 1'-0"
140
0.75
141
12.0
290
     0
  0
SCALE
  5
64
102
{ACAD_REACTORS
330
47
102
}
330
47
100
AcDbScale
 70
     0
300
1" = 1'-0"
140
1.0
141
12.0
290
     0
  0
SCALE
  5
65
102
{ACAD_REACTORS
330
47
102
}
330
47
100
AcDbScale
 70
     0
300
1-1/2" = 1'-0"
140
1.5
141
12.0
290
     0
  0
SCALE
  5
66
102
{ACAD_REACTORS
330
47
102
}
330
47
100
AcDbScale
 70
     0
300
3" = 1'-0"
140
3.0
141
12.0
290
     0
  0
SCALE
  5
67
102
{ACAD_REACTORS
330
47
102
}
330
47
100
AcDbScale
 70
     0
300
6" = 1'-0"
140
6.0
141
12.0
290
     0
  0
SCALE
  5
68
102
{ACAD_REACTORS
330
47
102
}
330
47
100
AcDbScale
 70
     0
300
1'-0" = 1'-0"
140
12.0
141
12.0
290
     0
  0
TABLESTYLE
  5
6A
102
{ACAD_REACTORS
330
69
102
}
102
{ACAD_XDICTIONARY
360
C7
102
}
330
69
100
AcDbTableStyle
  3
Standard
 70
     0
 71
     0
 40
0.06
 41
0.06
280
     0
281
     0
  7
Standard
140
0.18
170
     2
 62
     0
 63
   257
283
     0
 90
        4
 91
        0
  1

274
    -2
284
     1
 64
     0
275
    -2
285
     1
 65
     0
276
    -2
286
     1
 66
     0
277
    -2
287
     1
 67
     0
278
    -2
288
     1
 68
     0
279
    -2
289
     1
 69
     0
  7
Standard
140
0.25
170
     5
 62
     0
 63
   257
283
     0
 90
        4
 91
        0
  1

274
    -2
284
     1
 64
     0
275
    -2
285
     1
 65
     0
276
    -2
286
     1
 66
     0
277
    -2
287
     1
 67
     0
278
    -2
288
     1
 68
     0
279
    -2
289
     1
 69
     0
  7
Standard
140
0.18
170
     5
 62
     0
 63
   257
283
     0
 90
        4
 91
        0
  1

274
    -2
284
     1
 64
     0
275
    -2
285
     1
 65
     0
276
    -2
286
     1
 66
     0
277
    -2
287
     1
 67
     0
278
    -2
288
     1
 68
     0
279
    -2
289
     1
 69
     0
  0
VISUALSTYLE
  5
2F
102
{ACAD_REACTORS
330
2A
102
}
102
{ACAD_XDICTIONARY
360
9F
102
}
330
2A
100
AcDbVisualStyle
  2
2dWireframe
 70
     4
 71
     0
 72
     2
 73
     0
 90
        0
 40
0.6
 41
30.0
 62
     5
 63
     7
421
 16777215
 74
     1
 91
        4
 64
     7
 65
   257
 75
     1
175
     1
 42
1.0
 92
        0
 66
   257
 43
1.0
 76
     1
 77
     6
 78
     2
 67
     7
 79
     5
170
     0
171
     0
290
     0
174
     0
 93
        1
 44
0.0
173
     0
291
     0
 45
0.0
  0
VISUALSTYLE
  5
32
102
{ACAD_REACTORS
330
2A
102
}
102
{ACAD_XDICTIONARY
360
A5
102
}
330
2A
100
AcDbVisualStyle
  2
Basic
 70
     7
 71
     1
 72
     0
 73
     1
 90
        0
 40
0.6
 41
30.0
 62
     5
 63
     7
421
 16777215
 74
     0
 91
        4
 64
     7
 65
   257
 75
     1
175
     1
 42
1.0
 92
        8
 66
     7
 43
1.0
 76
     1
 77
     6
 78
     2
 67
     7
 79
     5
170
     0
171
     0
290
     0
174
     0
 93
        1
 44
0.0
173
     0
291
     1
 45
0.0
  0
VISUALSTYLE
  5
36
102
{ACAD_REACTORS
330
2A
102
}
102
{ACAD_XDICTIONARY
360
AD
102
}
330
2A
100
AcDbVisualStyle
  2
Brighten
 70
    12
 71
     2
 72
     2
 73
     0
 90
        0
 40
0.6
 41
30.0
 62
     5
 63
     7
421
 16777215
 74
     1
 91
        4
 64
     7
 65
   257
 75
     1
175
     1
 42
1.0
 92
        8
 66
     7
 43
1.0
 76
     1
 77
     6
 78
     2
 67
     7
 79
     5
170
     0
171
     0
290
     0
174
     0
 93
        1
 44
50.0
173
     0
291
     1
 45
0.0
  0
VISUALSTYLE
  5
3A
102
{ACAD_REACTORS
330
2A
102
}
102
{ACAD_XDICTIONARY
360
B5
102
}
330
2A
100
AcDbVisualStyle
  2
ColorChange
 70
    16
 71
     2
 72
     2
 73
     3
 90
        0
 40
0.6
 41
30.0
 62
     5
 63
     8
421
  8421504
 74
     1
 91
        4
 64
     7
 65
   257
 75
     1
175
     1
 42
1.0
 92
        8
 66
     8
424
  8421504
 43
1.0
 76
     1
 77
     6
 78
     2
 67
     7
 79
     5
170
     0
171
     0
290
     0
174
     0
 93
        1
 44
0.0
173
     0
291
     1
 45
0.0
  0
VISUALSTYLE
  5
34
102
{ACAD_REACTORS
330
2A
102
}
102
{ACAD_XDICTIONARY
360
A9
102
}
330
2A
100
AcDbVisualStyle
  2
Conceptual
 70
     9
 71
     3
 72
     2
 73
     0
 90
        0
 40
0.6
 41
30.0
 62
     5
 63
     7
421
 16777215
 74
     2
 91
        2
 64
     7
 65
   257
 75
     1
175
     1
 42
179.0
 92
        8
 66
     7
 43
1.0
 76
     1
 77
     6
 78
     2
 67
     7
 79
     3
170
     0
171
     0
290
     0
174
     0
 93
        1
 44
0.0
173
     0
291
     0
 45
0.0
  0
VISUALSTYLE
  5
35
102
{ACAD_REACTORS
330
2A
102
}
102
{ACAD_XDICTIONARY
360
AB
102
}
330
2A
100
AcDbVisualStyle
  2
Dim
 70
    11
 71
     2
 72
     2
 73
     0
 90
        0
 40
0.6
 41
30.0
 62
     5
 63
     7
421
 16777215
 74
     1
 91
        4
 64
     7
 65
   257
 75
     1
175
     1
 42
1.0
 92
        8
 66
     7
 43
1.0
 76
     1
 77
     6
 78
     2
 67
     7
 79
     5
170
     0
171
     0
290
     0
174
     0
 93
        1
 44
-50.0
173
     0
291
     1
 45
0.0
  0
VISUALSTYLE
  5
3D
102
{ACAD_REACTORS
330
2A
102
}
102
{ACAD_XDICTIONARY
360
BB
102
}
330
2A
100
AcDbVisualStyle
  2
EdgeColorOff
 70
    22
 71
     2
 72
     2
 73
     0
 90
        0
 40
0.6
 41
30.0
 62
     5
 63
     7
421
 16777215
 74
     1
 91
        4
 64
     7
 65
   257
 75
     1
175
     1
 42
1.0
 92
        8
 66
     7
 43
1.0
 76
     1
 77
     6
 78
     2
 67
     7
 79
     5
170
     0
171
     0
290
     0
174
     0
 93
        1
 44
0.0
173
     0
291
     1
 45
0.0
  0
VISUALSTYLE
  5
39
102
{ACAD_REACTORS
330
2A
102
}
102
{ACAD_XDICTIONARY
360
B3
102
}
330
2A
100
AcDbVisualStyle
  2
Facepattern
 70
    15
 71
     2
 72
     2
 73
     0
 90
        0
 40
0.6
 41
30.0
 62
     5
 63
     7
421
 16777215
 74
     1
 91
        4
 64
     7
 65
   257
 75
     1
175
     1
 42
1.0
 92
        8
 66
     7
 43
1.0
 76
     1
 77
     6
 78
     2
 67
     7
 79
     5
170
     0
171
     0
290
     0
174
     0
 93
        1
 44
0.0
173
     0
291
     1
 45
0.0
  0
VISUALSTYLE
  5
2B
102
{ACAD_REACTORS
330
2A
102
}
102
{ACAD_XDICTIONARY
360
97
102
}
330
2A
100
AcDbVisualStyle
  2
Flat
 70
     0
 71
     2
 72
     1
 73
     1
 90
        2
 40
0.6
 41
30.0
 62
     5
 63
     7
421
 16777215
 74
     0
 91
        0
 64
     7
 65
   257
 75
     1
175
     1
 42
1.0
 92
        8
 66
     7
 43
1.0
 76
     1
 77
     6
 78
     2
 67
     7
 79
     5
170
     0
171
     0
290
     0
174
     0
 93
       13
 44
0.0
173
     0
291
     1
 45
0.0
  0
VISUALSTYLE
  5
2C
102
{ACAD_REACTORS
330
2A
102
}
102
{ACAD_XDICTIONARY
360
99
102
}
330
2A
100
AcDbVisualStyle
  2
FlatWithEdges
 70
     1
 71
     2
 72
     1
 73
     1
 90
        2
 40
0.6
 41
30.0
 62
     5
 63
     7
421
 16777215
 74
     1
 91
        0
 64
     7
 65
   257
 75
     1
175
     1
 42
1.0
 92
        0
 66
   257
 43
1.0
 76
     1
 77
     6
 78
     2
 67
     7
 79
     5
170
     0
171
     0
290
     0
174
     0
 93
       13
 44
0.0
173
     0
291
     1
 45
0.0
  0
VISUALSTYLE
  5
2D
102
{ACAD_REACTORS
330
2A
102
}
102
{ACAD_XDICTIONARY
360
9B
102
}
330
2A
100
AcDbVisualStyle
  2
Gouraud
 70
     2
 71
     2
 72
     2
 73
     1
 90
        2
 40
0.6
 41
30.0
 62
     5
 63
     7
421
 16777215
 74
     0
 91
        0
 64
     7
 65
   257
 75
     1
175
     1
 42
1.0
 92
        0
 66
     7
 43
1.0
 76
     1
 77
     6
 78
     2
 67
     7
 79
     5
170
     0
171
     0
290
     0
174
     0
 93
       13
 44
0.0
173
     0
291
     1
 45
0.0
  0
VISUALSTYLE
  5
2E
102
{ACAD_REACTORS
330
2A
102
}
102
{ACAD_XDICTIONARY
360
9D
102
}
330
2A
100
AcDbVisualStyle
  2
GouraudWithEdges
 70
     3
 71
     2
 72
     2
 73
     1
 90
        2
 40
0.6
 41
30.0
 62
     5
 63
     7
421
 16777215
 74
     1
 91
        0
 64
     7
 65
   257
 75
     1
175
     1
 42
1.0
 92
        0
 66
   257
 43
1.0
 76
     1
 77
     6
 78
     2
 67
     7
 79
     5
170
     0
171
     0
290
     0
174
     0
 93
       13
 44
0.0
173
     0
291
     1
 45
0.0
  0
VISUALSTYLE
  5
31
102
{ACAD_REACTORS
330
2A
102
}
102
{ACAD_XDICTIONARY
360
A3
102
}
330
2A
100
AcDbVisualStyle
  2
Hidden
 70
     6
 71
     1
 72
     2
 73
     2
 90
        0
 40
0.6
 41
30.0
 62
     5
 63
     7
421
 16777215
 74
     2
 91
        2
 64
     7
 65
   257
 75
     2
175
     1
 42
40.0
 92
        0
 66
   257
 43
1.0
 76
     1
 77
     6
 78
     2
 67
     7
 79
     3
170
     0
171
     0
290
     0
174
     0
 93
        1
 44
0.0
173
     0
291
     0
 45
0.0
  0
VISUALSTYLE
  5
3B
102
{ACAD_REACTORS
330
2A
102
}
102
{ACAD_XDICTIONARY
360
B7
102
}
330
2A
100
AcDbVisualStyle
  2
JitterOff
 70
    20
 71
     2
 72
     2
 73
     0
 90
        0
 40
0.6
 41
30.0
 62
     5
 63
     7
421
 16777215
 74
     1
 91
        4
 64
     7
 65
   257
 75
     1
175
     1
 42
1.0
 92
       10
 66
     7
 43
1.0
 76
     1
 77
     6
 78
     2
 67
     7
 79
     5
170
     0
171
     0
290
     0
174
     0
 93
        1
 44
0.0
173
     0
291
     1
 45
0.0
  0
VISUALSTYLE
  5
38
102
{ACAD_REACTORS
330
2A
102
}
102
{ACAD_XDICTIONARY
360
B1
102
}
330
2A
100
AcDbVisualStyle
  2
Linepattern
 70
    14
 71
     2
 72
     2
 73
     0
 90
        0
 40
0.6
 41
30.0
 62
     5
 63
     7
421
 16777215
 74
     1
 91
        4
 64
     7
 65
   257
 75
     7
175
     7
 42
1.0
 92
        8
 66
     7
 43
1.0
 76
     1
 77
     6
 78
     2
 67
     7
 79
     5
170
     0
171
     0
290
     0
174
     0
 93
        1
 44
0.0
173
     0
291
     1
 45
0.0
  0
VISUALSTYLE
  5
3C
102
{ACAD_REACTORS
330
2A
102
}
102
{ACAD_XDICTIONARY
360
B9
102
}
330
2A
100
AcDbVisualStyle
  2
OverhangOff
 70
    21
 71
     2
 72
     2
 73
     0
 90
        0
 40
0.6
 41
30.0
 62
     5
 63
     7
421
 16777215
 74
     1
 91
        4
 64
     7
 65
   257
 75
     1
175
     1
 42
1.0
 92
        9
 66
     7
 43
1.0
 76
     1
 77
     6
 78
     2
 67
     7
 79
     5
170
     0
171
     0
290
     0
174
     0
 93
        1
 44
0.0
173
     0
291
     1
 45
0.0
  0
VISUALSTYLE
  5
33
102
{ACAD_REACTORS
330
2A
102
}
102
{ACAD_XDICTIONARY
360
A7
102
}
330
2A
100
AcDbVisualStyle
  2
Realistic
 70
     8
 71
     2
 72
     3
 73
     0
 90
        2
 40
0.6
 41
30.0
 62
     5
 63
     7
421
 16777215
 74
     0
 91
        0
 64
     7
 65
   257
 75
     1
175
     1
 42
1.0
 92
        8
 66
   257
 43
1.0
 76
     1
 77
     6
 78
     2
 67
     7
 79
     3
170
     0
171
     0
290
     0
174
     0
 93
       13
 44
0.0
173
     0
291
     0
 45
0.0
  0
VISUALSTYLE
  5
42
102
{ACAD_REACTORS
330
2A
102
}
102
{ACAD_XDICTIONARY
360
C5
102
}
330
2A
100
AcDbVisualStyle
  2
Shaded
 70
    27
 71
     2
 72
     2
 73
     1
 90
        2
 40
0.6
 41
30.0
 62
     5
 63
     7
421
 16777215
 74
     0
 91
        4
 64
     7
 65
   257
 75
     1
175
     1
 42
1.0
 92
        8
 66
   257
 43
1.0
 76
     1
 77
     6
 78
     2
 67
     8
425
  7895160
 79
     3
170
     0
171
     0
290
     0
174
     0
 93
        5
 44
0.0
173
     0
291
     0
 45
0.0
  0
VISUALSTYLE
  5
41
102
{ACAD_REACTORS
330
2A
102
}
102
{ACAD_XDICTIONARY
360
C3
102
}
330
2A
100
AcDbVisualStyle
  2
Shaded with edges
 70
    26
 71
     2
 72
     2
 73
     1
 90
        2
 40
0.6
 41
30.0
 62
     5
 63
     7
421
 16777215
 74
     1
 91
       10
 64
     7
 65
   257
 75
     2
175
     1
 42
1.0
 92
        8
 66
   257
 43
1.0
 76
     1
 77
     6
 78
     2
 67
     7
 79
     3
170
     0
171
     0
290
     0
174
     0
 93
        5
 44
0.0
173
     0
291
     0
 45
0.0
  0
VISUALSTYLE
  5
3E
102
{ACAD_REACTORS
330
2A
102
}
102
{ACAD_XDICTIONARY
360
BD
102
}
330
2A
100
AcDbVisualStyle
  2
Shades of Gray
 70
    23
 71
     2
 72
     2
 73
     3
 90
        0
 40
0.6
 41
30.0
 62
     5
 63
     7
421
 16777215
 74
     2
 91
        2
 64
     7
 65
     7
 75
     1
175
     1
 42
40.0
 92
        8
 66
     7
 43
1.0
 76
     1
 77
     6
 78
     2
 67
     7
 79
     3
170
     0
171
     0
290
     0
174
     0
 93
        1
 44
0.0
173
     0
291
     0
 45
0.0
  0
VISUALSTYLE
  5
3F
102
{ACAD_REACTORS
330
2A
102
}
102
{ACAD_XDICTIONARY
360
BF
102
}
330
2A
100
AcDbVisualStyle
  2
Sketchy
 70
    24
 71
     1
 72
     2
 73
     2
 90
        0
 40
0.6
 41
30.0
 62
     5
 63
     7
421
 16777215
 74
     2
 91
        2
 64
     7
 65
     7
 75
     1
175
     1
 42
40.0
 92
       11
 66
     7
 43
1.0
 76
     1
 77
     6
 78
     2
 67
     7
 79
     6
170
     0
171
     0
290
     0
174
     0
 93
        1
 44
0.0
173
     0
291
     0
 45
0.0
  0
VISUALSTYLE
  5
37
102
{ACAD_REACTORS
330
2A
102
}
102
{ACAD_XDICTIONARY
360
AF
102
}
330
2A
100
AcDbVisualStyle
  2
Thicken
 70
    13
 71
     2
 72
     2
 73
     0
 90
        0
 40
0.6
 41
30.0
 62
     5
 63
     7
421
 16777215
 74
     1
 91
        4
 64
     7
 65
   257
 75
     1
175
     1
 42
1.0
 92
       12
 66
     7
 43
1.0
 76
     1
 77
     6
 78
     2
 67
     7
 79
     5
170
     0
171
     0
290
     0
174
     0
 93
        1
 44
0.0
173
     0
291
     1
 45
0.0
  0
VISUALSTYLE
  5
30
102
{ACAD_REACTORS
330
2A
102
}
102
{ACAD_XDICTIONARY
360
A1
102
}
330
2A
100
AcDbVisualStyle
  2
Wireframe
 70
     5
 71
     0
 72
     2
 73
     0
 90
        0
 40
0.6
 41
30.0
 62
     5
 63
     7
421
 16777215
 74
     1
 91
        4
 64
     7
 65
   257
 75
     1
175
     1
 42
1.0
 92
        0
 66
   257
 43
1.0
 76
     1
 77
     6
 78
     2
 67
     7
 79
     3
170
     0
171
     0
290
     0
174
     0
 93
        1
 44
0.0
173
     0
291
     0
 45
0.0
  0
VISUALSTYLE
  5
40
102
{ACAD_REACTORS
330
2A
102
}
102
{ACAD_XDICTIONARY
360
C1
102
}
330
2A
100
AcDbVisualStyle
  2
X-Ray
 70
    25
 71
     2
 72
     2
 73
     1
 90
        1
 40
0.5
 41
30.0
 62
     5
 63
     7
421
 16777215
 74
     1
 91
        0
 64
     7
 65
   257
 75
     1
175
     1
 42
1.0
 92
        8
 66
     7
 43
1.0
 76
     1
 77
     6
 78
     2
 67
     7
 79
     3
170
     0
171
     0
290
     0
174
     0
 93
       13
 44
0.0
173
     0
291
     0
 45
0.0
  0
DICTIONARYVAR
  5
95
102
{ACAD_REACTORS
330
94
102
}
330
94
100
DictionaryVariables
280
     0
  1
1:1
  0
DICTIONARYVAR
  5
CE
102
{ACAD_REACTORS
330
94
102
}
330
94
100
DictionaryVariables
280
     0
  1
Standard
  0
DICTIONARYVAR
  5
CD
102
{ACAD_REACTORS
330
94
102
}
330
94
100
DictionaryVariables
280
     0
  1
Standard
  0
DICTIONARYVAR
  5
96
102
{ACAD_REACTORS
330
94
102
}
330
94
100
DictionaryVariables
280
     0
  1
2
  0
DICTIONARY
  5
CA
330
6C
100
AcDbDictionary
280
     1
281
     1
  3
ACAD_XREC_ROUNDTRIP
360
CB
  0
DICTIONARY
  5
C7
330
6A
100
AcDbDictionary
280
     1
281
     1
  3
ACAD_ROUNDTRIP_2008_TABLESTYLE_CELLSTYLEMAP
360
C8
  0
DICTIONARY
  5
9F
330
2F
100
AcDbDictionary
280
     1
281
     1
  3
ACAD_XREC_ROUNDTRIP
360
A0
  0
DICTIONARY
  5
A5
330
32
100
AcDbDictionary
280
     1
281
     1
  3
ACAD_XREC_ROUNDTRIP
360
A6
  0
DICTIONARY
  5
AD
330
36
100
AcDbDictionary
280
     1
281
     1
  3
ACAD_XREC_ROUNDTRIP
360
AE
  0
DICTIONARY
  5
B5
330
3A
100
AcDbDictionary
280
     1
281
     1
  3
ACAD_XREC_ROUNDTRIP
360
B6
  0
DICTIONARY
  5
A9
330
34
100
AcDbDictionary
280
     1
281
     1
  3
ACAD_XREC_ROUNDTRIP
360
AA
  0
DICTIONARY
  5
AB
330
35
100
AcDbDictionary
280
     1
281
     1
  3
ACAD_XREC_ROUNDTRIP
360
AC
  0
DICTIONARY
  5
BB
330
3D
100
AcDbDictionary
280
     1
281
     1
  3
ACAD_XREC_ROUNDTRIP
360
BC
  0
DICTIONARY
  5
B3
330
39
100
AcDbDictionary
280
     1
281
     1
  3
ACAD_XREC_ROUNDTRIP
360
B4
  0
DICTIONARY
  5
97
330
2B
100
AcDbDictionary
280
     1
281
     1
  3
ACAD_XREC_ROUNDTRIP
360
98
  0
DICTIONARY
  5
99
330
2C
100
AcDbDictionary
280
     1
281
     1
  3
ACAD_XREC_ROUNDTRIP
360
9A
  0
DICTIONARY
  5
9B
330
2D
100
AcDbDictionary
280
     1
281
     1
  3
ACAD_XREC_ROUNDTRIP
360
9C
  0
DICTIONARY
  5
9D
330
2E
100
AcDbDictionary
280
     1
281
     1
  3
ACAD_XREC_ROUNDTRIP
360
9E
  0
DICTIONARY
  5
A3
330
31
100
AcDbDictionary
280
     1
281
     1
  3
ACAD_XREC_ROUNDTRIP
360
A4
  0
DICTIONARY
  5
B7
330
3B
100
AcDbDictionary
280
     1
281
     1
  3
ACAD_XREC_ROUNDTRIP
360
B8
  0
DICTIONARY
  5
B1
330
38
100
AcDbDictionary
280
     1
281
     1
  3
ACAD_XREC_ROUNDTRIP
360
B2
  0
DICTIONARY
  5
B9
330
3C
100
AcDbDictionary
280
     1
281
     1
  3
ACAD_XREC_ROUNDTRIP
360
BA
  0
DICTIONARY
  5
A7
330
33
100
AcDbDictionary
280
     1
281
     1
  3
ACAD_XREC_ROUNDTRIP
360
A8
  0
DICTIONARY
  5
C5
330
42
100
AcDbDictionary
280
     1
281
     1
  3
ACAD_XREC_ROUNDTRIP
360
C6
  0
DICTIONARY
  5
C3
330
41
100
AcDbDictionary
280
     1
281
     1
  3
ACAD_XREC_ROUNDTRIP
360
C4
  0
DICTIONARY
  5
BD
330
3E
100
AcDbDictionary
280
     1
281
     1
  3
ACAD_XREC_ROUNDTRIP
360
BE
  0
DICTIONARY
  5
BF
330
3F
100
AcDbDictionary
280
     1
281
     1
  3
ACAD_XREC_ROUNDTRIP
360
C0
  0
DICTIONARY
  5
AF
330
37
100
AcDbDictionary
280
     1
281
     1
  3
ACAD_XREC_ROUNDTRIP
360
B0
  0
DICTIONARY
  5
A1
330
30
100
AcDbDictionary
280
     1
281
     1
  3
ACAD_XREC_ROUNDTRIP
360
A2
  0
DICTIONARY
  5
C1
330
40
100
AcDbDictionary
280
     1
281
     1
  3
ACAD_XREC_ROUNDTRIP
360
C2
  0
XRECORD
  5
CB
102
{ACAD_REACTORS
330
CA
102
}
330
CA
100
AcDbXrecord
280
     1
102
ACAD_ROUNDTRIP_2010_MLEADER_STYLE
  0
CELLSTYLEMAP
  5
C8
102
{ACAD_REACTORS
330
C7
102
}
330
C7
100
AcDbCellStyleMap
 90
        3
300
CELLSTYLE
  1
TABLEFORMAT_BEGIN
 90
        5
170
     1
 91
        0
 92
    32768
 62
   257
 93
        1
300
CONTENTFORMAT
  1
CONTENTFORMAT_BEGIN
 90
        0
 91
        0
 92
        4
 93
        0
300

 40
0.0
140
1.0
 94
        5
 62
     0
340
11
144
0.25
309
CONTENTFORMAT_END
171
     1
301
MARGIN
  1
CELLMARGIN_BEGIN
 40
0.06
 40
0.06
 40
0.06
 40
0.06
 40
0.06
 40
0.06
309
CELLMARGIN_END
 94
        6
 95
        1
302
GRIDFORMAT
  1
GRIDFORMAT_BEGIN
 90
        0
 91
        1
 62
     0
 92
       -2
340
14
 93
        0
 40
0.045
309
GRIDFORMAT_END
 95
        2
302
GRIDFORMAT
  1
GRIDFORMAT_BEGIN
 90
        0
 91
        1
 62
     0
 92
       -2
340
14
 93
        0
 40
0.045
309
GRIDFORMAT_END
 95
        4
302
GRIDFORMAT
  1
GRIDFORMAT_BEGIN
 90
        0
 91
        1
 62
     0
 92
       -2
340
14
 93
        0
 40
0.045
309
GRIDFORMAT_END
 95
        8
302
GRIDFORMAT
  1
GRIDFORMAT_BEGIN
 90
        0
 91
        1
 62
     0
 92
       -2
340
14
 93
        0
 40
0.045
309
GRIDFORMAT_END
 95
       16
302
GRIDFORMAT
  1
GRIDFORMAT_BEGIN
 90
        0
 91
        1
 62
     0
 92
       -2
340
14
 93
        0
 40
0.045
309
GRIDFORMAT_END
 95
       32
302
GRIDFORMAT
  1
GRIDFORMAT_BEGIN
 90
        0
 91
        1
 62
     0
 92
       -2
340
14
 93
        0
 40
0.045
309
GRIDFORMAT_END
309
TABLEFORMAT_END
  1
CELLSTYLE_BEGIN
 90
        1
 91
        1
300
_TITLE
309
CELLSTYLE_END
300
CELLSTYLE
  1
TABLEFORMAT_BEGIN
 90
        5
170
     1
 91
        0
 92
        0
 62
   257
 93
        1
300
CONTENTFORMAT
  1
CONTENTFORMAT_BEGIN
 90
        0
 91
        0
 92
        4
 93
        0
300

 40
0.0
140
1.0
 94
        5
 62
     0
340
11
144
0.18
309
CONTENTFORMAT_END
171
     1
301
MARGIN
  1
CELLMARGIN_BEGIN
 40
0.06
 40
0.06
 40
0.06
 40
0.06
 40
0.06
 40
0.06
309
CELLMARGIN_END
 94
        6
 95
        1
302
GRIDFORMAT
  1
GRIDFORMAT_BEGIN
 90
        0
 91
        1
 62
     0
 92
       -2
340
14
 93
        0
 40
0.045
309
GRIDFORMAT_END
 95
        2
302
GRIDFORMAT
  1
GRIDFORMAT_BEGIN
 90
        0
 91
        1
 62
     0
 92
       -2
340
14
 93
        0
 40
0.045
309
GRIDFORMAT_END
 95
        4
302
GRIDFORMAT
  1
GRIDFORMAT_BEGIN
 90
        0
 91
        1
 62
     0
 92
       -2
340
14
 93
        0
 40
0.045
309
GRIDFORMAT_END
 95
        8
302
GRIDFORMAT
  1
GRIDFORMAT_BEGIN
 90
        0
 91
        1
 62
     0
 92
       -2
340
14
 93
        0
 40
0.045
309
GRIDFORMAT_END
 95
       16
302
GRIDFORMAT
  1
GRIDFORMAT_BEGIN
 90
        0
 91
        1
 62
     0
 92
       -2
340
14
 93
        0
 40
0.045
309
GRIDFORMAT_END
 95
       32
302
GRIDFORMAT
  1
GRIDFORMAT_BEGIN
 90
        0
 91
        1
 62
     0
 92
       -2
340
14
 93
        0
 40
0.045
309
GRIDFORMAT_END
309
TABLEFORMAT_END
  1
CELLSTYLE_BEGIN
 90
        2
 91
        1
300
_HEADER
309
CELLSTYLE_END
300
CELLSTYLE
  1
TABLEFORMAT_BEGIN
 90
        5
170
     1
 91
        0
 92
        0
 62
   257
 93
        1
300
CONTENTFORMAT
  1
CONTENTFORMAT_BEGIN
 90
        0
 91
        0
 92
        4
 93
        0
300

 40
0.0
140
1.0
 94
        2
 62
     0
340
11
144
0.18
309
CONTENTFORMAT_END
171
     1
301
MARGIN
  1
CELLMARGIN_BEGIN
 40
0.06
 40
0.06
 40
0.06
 40
0.06
 40
0.06
 40
0.06
309
CELLMARGIN_END
 94
        6
 95
        1
302
GRIDFORMAT
  1
GRIDFORMAT_BEGIN
 90
        0
 91
        1
 62
     0
 92
       -2
340
14
 93
        0
 40
0.045
309
GRIDFORMAT_END
 95
        2
302
GRIDFORMAT
  1
GRIDFORMAT_BEGIN
 90
        0
 91
        1
 62
     0
 92
       -2
340
14
 93
        0
 40
0.045
309
GRIDFORMAT_END
 95
        4
302
GRIDFORMAT
  1
GRIDFORMAT_BEGIN
 90
        0
 91
        1
 62
     0
 92
       -2
340
14
 93
        0
 40
0.045
309
GRIDFORMAT_END
 95
        8
302
GRIDFORMAT
  1
GRIDFORMAT_BEGIN
 90
        0
 91
        1
 62
     0
 92
       -2
340
14
 93
        0
 40
0.045
309
GRIDFORMAT_END
 95
       16
302
GRIDFORMAT
  1
GRIDFORMAT_BEGIN
 90
        0
 91
        1
 62
     0
 92
       -2
340
14
 93
        0
 40
0.045
309
GRIDFORMAT_END
 95
       32
302
GRIDFORMAT
  1
GRIDFORMAT_BEGIN
 90
        0
 91
        1
 62
     0
 92
       -2
340
14
 93
        0
 40
0.045
309
GRIDFORMAT_END
309
TABLEFORMAT_END
  1
CELLSTYLE_BEGIN
 90
        3
 91
        2
300
_DATA
309
CELLSTYLE_END
  0
XRECORD
  5
A0
102
{ACAD_REACTORS
330
9F
102
}
330
9F
100
AcDbXrecord
280
     1
102
RTVSPropertyOp0
 70
     1
102
RTVSPropertyOp1
 70
     1
102
RTVSPropertyOp2
 70
     1
102
RTVSPropertyOp3
 70
     1
102
RTVSPropertyOp4
 70
     1
102
RTVSPropertyOp5
 70
     1
102
RTVSPropertyOp6
 70
     1
102
RTVSPropertyOp7
 70
     1
102
RTVSPropertyOp8
 70
     1
102
RTVSPropertyOp9
 70
     1
102
RTVSPropertyOp10
 70
     1
102
RTVSPropertyOp11
 70
     1
102
RTVSPropertyOp12
 70
     1
102
RTVSPropertyOp13
 70
     1
102
RTVSPropertyOp14
 70
     1
102
RTVSPropertyOp15
 70
     1
102
RTVSPropertyOp16
 70
     1
102
RTVSPropertyOp17
 70
     1
102
RTVSPropertyOp18
 70
     1
102
RTVSPropertyOp19
 70
     1
102
RTVSPropertyOp20
 70
     1
102
RTVSPropertyOp21
 70
     1
102
RTVSPropertyOp22
 70
     1
102
RTVSPropertyOp23
 70
     1
102
RTVSPropertyOp24
 70
     1
102
RTVSPropertyOp25
 70
     1
102
RTVSPropertyOp26
 70
     1
102
RTVSPropertyOp27
 70
     1
102
RTVSPropertyOp28
 70
     1
102
RTVSPropertyOp29
 70
     1
102
RTVSPropertyOp30
 70
     1
102
RTVSPropertyOp31
 70
     1
102
RTVSPropertyOp32
 70
     1
102
RTVSPropertyOp33
 70
     1
102
RTVSPropertyOp34
 70
     1
102
RTVSPropertyOp35
 70
     1
102
RTVSPropertyOp36
 70
     1
102
RTVSPropertyOp37
 70
     1
102
RTVSPropertyOp38
 70
     1
102
RTVSPropertyOp39
 70
     1
102
RTVSPropertyOp40
 70
     1
102
RTVSPropertyOp41
 70
     1
102
RTVSPropertyOp42
 70
     1
102
RTVSPropertyOp43
 70
     1
102
RTVSPropertyOp44
 70
     1
102
RTVSPropertyOp45
 70
     1
102
RTVSPropertyOp46
 70
     1
102
RTVSPropertyOp47
 70
     1
102
RTVSPropertyOp48
 70
     1
102
RTVSPropertyOp49
 70
     1
102
RTVSPropertyOp50
 70
     1
102
RTVSPropertyOp51
 70
     0
102
RTVSPropertyOp52
 70
     0
102
RTVSPropertyOp53
 70
     1
102
RTVSPropertyOp54
 70
     1
102
RTVSPropertyOp55
 70
     1
102
RTVSPropertyOp56
 70
     1
102
RTVSPropertyOp57
 70
     1
102
RTVSPost2010Prop28
280
     1
102
RTVSPost2010PropOp28
 70
     1
102
RTVSPost2010Prop29
280
     1
102
RTVSPost2010PropOp29
 70
     1
102
RTVSPost2010Prop30
280
     0
102
RTVSPost2010PropOp30
 70
     1
102
RTVSPost2010Prop31
280
     0
102
RTVSPost2010PropOp31
 70
     1
102
RTVSPost2010Prop32
280
     0
102
RTVSPost2010PropOp32
 70
     1
102
RTVSPost2010Prop33
280
     0
102
RTVSPost2010PropOp33
 70
     1
102
RTVSPost2010Prop34
280
     0
102
RTVSPost2010PropOp34
 70
     1
102
RTVSPost2010Prop35
280
     0
102
RTVSPost2010PropOp35
 70
     1
102
RTVSPost2010Prop36
280
     0
102
RTVSPost2010PropOp36
 70
     1
102
RTVSPost2010Prop37
 90
       50
102
RTVSPost2010PropOp37
 70
     1
102
RTVSPost2010Prop38
140
0.0
102
RTVSPost2010PropOp38
 70
     1
102
RTVSPost2010Prop39
140
1.0
102
RTVSPost2010PropOp39
 70
     1
102
RTVSPost2010Prop40
 90
        0
102
RTVSPost2010PropOp40
 70
     1
102
RTVSPost2010Prop41ColorIndex
 90
       18
102
RTVSPost2010Prop41ColorRGB
 90
        0
102
RTVSPost2010PropOp41
 70
     1
102
RTVSPost2010Prop42
 90
       50
102
RTVSPost2010PropOp42
 70
     1
102
RTVSPost2010Prop43
 90
        3
102
RTVSPost2010PropOp43
 70
     1
102
RTVSPost2010Prop44ColorIndex
 90
        5
102
RTVSPost2010Prop44ColorRGB
 90
      255
102
RTVSPost2010PropOp44
 70
     1
102
RTVSPost2010Prop45
280
     0
102
RTVSPost2010PropOp45
 70
     1
102
RTVSPost2010Prop46
 90
       50
102
RTVSPost2010PropOp46
 70
     1
102
RTVSPost2010Prop47
 90
       50
102
RTVSPost2010PropOp47
 70
     1
102
RTVSPost2010Prop48
 90
       50
102
RTVSPost2010PropOp48
 70
     1
102
RTVSPost2010Prop49
280
     0
102
RTVSPost2010PropOp49
 70
     1
102
RTVSPost2010Prop50
 90
       50
102
RTVSPost2010PropOp50
 70
     1
102
RTVSPost2010Prop51ColorIndex
 90
      256
102
RTVSPost2010Prop51ColorRGB
 90
-16777216
102
RTVSPost2010PropOp51
 70
     0
102
RTVSPost2010Prop52
140
1.0
102
RTVSPost2010PropOp52
 70
     0
102
RTVSPost2010Prop53
 90
        2
102
RTVSPost2010PropOp53
 70
     1
102
RTVSPost2010Prop54
  1
strokes_ogs.tif
102
RTVSPost2010PropOp54
 70
     1
102
RTVSPost2010Prop55
280
     0
102
RTVSPost2010PropOp55
 70
     1
102
RTVSPost2010Prop56
140
1.0
102
RTVSPost2010PropOp56
 70
     1
102
RTVSPost2010Prop57
140
1.0
102
RTVSPost2010PropOp57
 70
     1
  0
XRECORD
  5
A6
102
{ACAD_REACTORS
330
A5
102
}
330
A5
100
AcDbXrecord
280
     1
102
RTVSPropertyOp0
 70
     1
102
RTVSPropertyOp1
 70
     1
102
RTVSPropertyOp2
 70
     1
102
RTVSPropertyOp3
 70
     1
102
RTVSPropertyOp4
 70
     1
102
RTVSPropertyOp5
 70
     1
102
RTVSPropertyOp6
 70
     1
102
RTVSPropertyOp7
 70
     1
102
RTVSPropertyOp8
 70
     1
102
RTVSPropertyOp9
 70
     1
102
RTVSPropertyOp10
 70
     1
102
RTVSPropertyOp11
 70
     1
102
RTVSPropertyOp12
 70
     1
102
RTVSPropertyOp13
 70
     1
102
RTVSPropertyOp14
 70
     1
102
RTVSPropertyOp15
 70
     1
102
RTVSPropertyOp16
 70
     1
102
RTVSPropertyOp17
 70
     1
102
RTVSPropertyOp18
 70
     1
102
RTVSPropertyOp19
 70
     1
102
RTVSPropertyOp20
 70
     1
102
RTVSPropertyOp21
 70
     1
102
RTVSPropertyOp22
 70
     1
102
RTVSPropertyOp23
 70
     1
102
RTVSPropertyOp24
 70
     1
102
RTVSPropertyOp25
 70
     1
102
RTVSPropertyOp26
 70
     1
102
RTVSPropertyOp27
 70
     1
102
RTVSPropertyOp28
 70
     1
102
RTVSPropertyOp29
 70
     1
102
RTVSPropertyOp30
 70
     1
102
RTVSPropertyOp31
 70
     1
102
RTVSPropertyOp32
 70
     1
102
RTVSPropertyOp33
 70
     1
102
RTVSPropertyOp34
 70
     1
102
RTVSPropertyOp35
 70
     1
102
RTVSPropertyOp36
 70
     1
102
RTVSPropertyOp37
 70
     1
102
RTVSPropertyOp38
 70
     1
102
RTVSPropertyOp39
 70
     1
102
RTVSPropertyOp40
 70
     1
102
RTVSPropertyOp41
 70
     1
102
RTVSPropertyOp42
 70
     1
102
RTVSPropertyOp43
 70
     1
102
RTVSPropertyOp44
 70
     1
102
RTVSPropertyOp45
 70
     1
102
RTVSPropertyOp46
 70
     1
102
RTVSPropertyOp47
 70
     1
102
RTVSPropertyOp48
 70
     1
102
RTVSPropertyOp49
 70
     1
102
RTVSPropertyOp50
 70
     1
102
RTVSPropertyOp51
 70
     0
102
RTVSPropertyOp52
 70
     0
102
RTVSPropertyOp53
 70
     1
102
RTVSPropertyOp54
 70
     1
102
RTVSPropertyOp55
 70
     1
102
RTVSPropertyOp56
 70
     1
102
RTVSPropertyOp57
 70
     1
102
RTVSPost2010Prop28
280
     0
102
RTVSPost2010PropOp28
 70
     1
102
RTVSPost2010Prop29
280
     1
102
RTVSPost2010PropOp29
 70
     1
102
RTVSPost2010Prop30
280
     1
102
RTVSPost2010PropOp30
 70
     1
102
RTVSPost2010Prop31
280
     0
102
RTVSPost2010PropOp31
 70
     1
102
RTVSPost2010Prop32
280
     0
102
RTVSPost2010PropOp32
 70
     1
102
RTVSPost2010Prop33
280
     0
102
RTVSPost2010PropOp33
 70
     1
102
RTVSPost2010Prop34
280
     0
102
RTVSPost2010PropOp34
 70
     1
102
RTVSPost2010Prop35
280
     0
102
RTVSPost2010PropOp35
 70
     1
102
RTVSPost2010Prop36
280
     0
102
RTVSPost2010PropOp36
 70
     1
102
RTVSPost2010Prop37
 90
       50
102
RTVSPost2010PropOp37
 70
     1
102
RTVSPost2010Prop38
140
0.0
102
RTVSPost2010PropOp38
 70
     1
102
RTVSPost2010Prop39
140
1.0
102
RTVSPost2010PropOp39
 70
     1
102
RTVSPost2010Prop40
 90
        0
102
RTVSPost2010PropOp40
 70
     1
102
RTVSPost2010Prop41ColorIndex
 90
       18
102
RTVSPost2010Prop41ColorRGB
 90
        0
102
RTVSPost2010PropOp41
 70
     1
102
RTVSPost2010Prop42
 90
       50
102
RTVSPost2010PropOp42
 70
     1
102
RTVSPost2010Prop43
 90
        3
102
RTVSPost2010PropOp43
 70
     1
102
RTVSPost2010Prop44ColorIndex
 90
        5
102
RTVSPost2010Prop44ColorRGB
 90
      255
102
RTVSPost2010PropOp44
 70
     1
102
RTVSPost2010Prop45
280
     0
102
RTVSPost2010PropOp45
 70
     1
102
RTVSPost2010Prop46
 90
       50
102
RTVSPost2010PropOp46
 70
     1
102
RTVSPost2010Prop47
 90
       50
102
RTVSPost2010PropOp47
 70
     1
102
RTVSPost2010Prop48
 90
       50
102
RTVSPost2010PropOp48
 70
     1
102
RTVSPost2010Prop49
280
     0
102
RTVSPost2010PropOp49
 70
     1
102
RTVSPost2010Prop50
 90
       50
102
RTVSPost2010PropOp50
 70
     1
102
RTVSPost2010Prop51ColorIndex
 90
      256
102
RTVSPost2010Prop51ColorRGB
 90
-16777216
102
RTVSPost2010PropOp51
 70
     0
102
RTVSPost2010Prop52
140
1.0
102
RTVSPost2010PropOp52
 70
     0
102
RTVSPost2010Prop53
 90
        2
102
RTVSPost2010PropOp53
 70
     1
102
RTVSPost2010Prop54
  1
strokes_ogs.tif
102
RTVSPost2010PropOp54
 70
     1
102
RTVSPost2010Prop55
280
     0
102
RTVSPost2010PropOp55
 70
     1
102
RTVSPost2010Prop56
140
1.0
102
RTVSPost2010PropOp56
 70
     1
102
RTVSPost2010Prop57
140
1.0
102
RTVSPost2010PropOp57
 70
     1
  0
XRECORD
  5
AE
102
{ACAD_REACTORS
330
AD
102
}
330
AD
100
AcDbXrecord
280
     1
102
RTVSPropertyOp0
 70
     1
102
RTVSPropertyOp1
 70
     1
102
RTVSPropertyOp2
 70
     1
102
RTVSPropertyOp3
 70
     1
102
RTVSPropertyOp4
 70
     1
102
RTVSPropertyOp5
 70
     1
102
RTVSPropertyOp6
 70
     1
102
RTVSPropertyOp7
 70
     1
102
RTVSPropertyOp8
 70
     1
102
RTVSPropertyOp9
 70
     1
102
RTVSPropertyOp10
 70
     1
102
RTVSPropertyOp11
 70
     1
102
RTVSPropertyOp12
 70
     1
102
RTVSPropertyOp13
 70
     1
102
RTVSPropertyOp14
 70
     1
102
RTVSPropertyOp15
 70
     1
102
RTVSPropertyOp16
 70
     1
102
RTVSPropertyOp17
 70
     1
102
RTVSPropertyOp18
 70
     1
102
RTVSPropertyOp19
 70
     1
102
RTVSPropertyOp20
 70
     1
102
RTVSPropertyOp21
 70
     1
102
RTVSPropertyOp22
 70
     1
102
RTVSPropertyOp23
 70
     1
102
RTVSPropertyOp24
 70
     1
102
RTVSPropertyOp25
 70
     1
102
RTVSPropertyOp26
 70
     1
102
RTVSPropertyOp27
 70
     1
102
RTVSPropertyOp28
 70
     1
102
RTVSPropertyOp29
 70
     1
102
RTVSPropertyOp30
 70
     1
102
RTVSPropertyOp31
 70
     1
102
RTVSPropertyOp32
 70
     1
102
RTVSPropertyOp33
 70
     1
102
RTVSPropertyOp34
 70
     1
102
RTVSPropertyOp35
 70
     1
102
RTVSPropertyOp36
 70
     1
102
RTVSPropertyOp37
 70
     1
102
RTVSPropertyOp38
 70
     1
102
RTVSPropertyOp39
 70
     1
102
RTVSPropertyOp40
 70
     1
102
RTVSPropertyOp41
 70
     1
102
RTVSPropertyOp42
 70
     1
102
RTVSPropertyOp43
 70
     1
102
RTVSPropertyOp44
 70
     1
102
RTVSPropertyOp45
 70
     1
102
RTVSPropertyOp46
 70
     1
102
RTVSPropertyOp47
 70
     1
102
RTVSPropertyOp48
 70
     1
102
RTVSPropertyOp49
 70
     1
102
RTVSPropertyOp50
 70
     1
102
RTVSPropertyOp51
 70
     0
102
RTVSPropertyOp52
 70
     0
102
RTVSPropertyOp53
 70
     1
102
RTVSPropertyOp54
 70
     1
102
RTVSPropertyOp55
 70
     1
102
RTVSPropertyOp56
 70
     1
102
RTVSPropertyOp57
 70
     1
102
RTVSPost2010Prop28
280
     0
102
RTVSPost2010PropOp28
 70
     1
102
RTVSPost2010Prop29
280
     1
102
RTVSPost2010PropOp29
 70
     1
102
RTVSPost2010Prop30
280
     1
102
RTVSPost2010PropOp30
 70
     1
102
RTVSPost2010Prop31
280
     0
102
RTVSPost2010PropOp31
 70
     1
102
RTVSPost2010Prop32
280
     0
102
RTVSPost2010PropOp32
 70
     1
102
RTVSPost2010Prop33
280
     0
102
RTVSPost2010PropOp33
 70
     1
102
RTVSPost2010Prop34
280
     0
102
RTVSPost2010PropOp34
 70
     1
102
RTVSPost2010Prop35
280
     0
102
RTVSPost2010PropOp35
 70
     1
102
RTVSPost2010Prop36
280
     0
102
RTVSPost2010PropOp36
 70
     1
102
RTVSPost2010Prop37
 90
       50
102
RTVSPost2010PropOp37
 70
     1
102
RTVSPost2010Prop38
140
0.0
102
RTVSPost2010PropOp38
 70
     1
102
RTVSPost2010Prop39
140
1.0
102
RTVSPost2010PropOp39
 70
     1
102
RTVSPost2010Prop40
 90
        0
102
RTVSPost2010PropOp40
 70
     1
102
RTVSPost2010Prop41ColorIndex
 90
       18
102
RTVSPost2010Prop41ColorRGB
 90
        0
102
RTVSPost2010PropOp41
 70
     1
102
RTVSPost2010Prop42
 90
       50
102
RTVSPost2010PropOp42
 70
     1
102
RTVSPost2010Prop43
 90
        3
102
RTVSPost2010PropOp43
 70
     1
102
RTVSPost2010Prop44ColorIndex
 90
        5
102
RTVSPost2010Prop44ColorRGB
 90
      255
102
RTVSPost2010PropOp44
 70
     1
102
RTVSPost2010Prop45
280
     0
102
RTVSPost2010PropOp45
 70
     1
102
RTVSPost2010Prop46
 90
       50
102
RTVSPost2010PropOp46
 70
     1
102
RTVSPost2010Prop47
 90
       50
102
RTVSPost2010PropOp47
 70
     1
102
RTVSPost2010Prop48
 90
       50
102
RTVSPost2010PropOp48
 70
     1
102
RTVSPost2010Prop49
280
     0
102
RTVSPost2010PropOp49
 70
     1
102
RTVSPost2010Prop50
 90
       50
102
RTVSPost2010PropOp50
 70
     1
102
RTVSPost2010Prop51ColorIndex
 90
      256
102
RTVSPost2010Prop51ColorRGB
 90
-16777216
102
RTVSPost2010PropOp51
 70
     0
102
RTVSPost2010Prop52
140
1.0
102
RTVSPost2010PropOp52
 70
     0
102
RTVSPost2010Prop53
 90
        2
102
RTVSPost2010PropOp53
 70
     1
102
RTVSPost2010Prop54
  1
strokes_ogs.tif
102
RTVSPost2010PropOp54
 70
     1
102
RTVSPost2010Prop55
280
     0
102
RTVSPost2010PropOp55
 70
     1
102
RTVSPost2010Prop56
140
1.0
102
RTVSPost2010PropOp56
 70
     1
102
RTVSPost2010Prop57
140
1.0
102
RTVSPost2010PropOp57
 70
     1
  0
XRECORD
  5
B6
102
{ACAD_REACTORS
330
B5
102
}
330
B5
100
AcDbXrecord
280
     1
102
RTVSPropertyOp0
 70
     1
102
RTVSPropertyOp1
 70
     1
102
RTVSPropertyOp2
 70
     1
102
RTVSPropertyOp3
 70
     1
102
RTVSPropertyOp4
 70
     1
102
RTVSPropertyOp5
 70
     1
102
RTVSPropertyOp6
 70
     1
102
RTVSPropertyOp7
 70
     1
102
RTVSPropertyOp8
 70
     1
102
RTVSPropertyOp9
 70
     1
102
RTVSPropertyOp10
 70
     1
102
RTVSPropertyOp11
 70
     1
102
RTVSPropertyOp12
 70
     1
102
RTVSPropertyOp13
 70
     1
102
RTVSPropertyOp14
 70
     1
102
RTVSPropertyOp15
 70
     1
102
RTVSPropertyOp16
 70
     1
102
RTVSPropertyOp17
 70
     1
102
RTVSPropertyOp18
 70
     1
102
RTVSPropertyOp19
 70
     1
102
RTVSPropertyOp20
 70
     1
102
RTVSPropertyOp21
 70
     1
102
RTVSPropertyOp22
 70
     1
102
RTVSPropertyOp23
 70
     1
102
RTVSPropertyOp24
 70
     1
102
RTVSPropertyOp25
 70
     1
102
RTVSPropertyOp26
 70
     1
102
RTVSPropertyOp27
 70
     1
102
RTVSPropertyOp28
 70
     1
102
RTVSPropertyOp29
 70
     1
102
RTVSPropertyOp30
 70
     1
102
RTVSPropertyOp31
 70
     1
102
RTVSPropertyOp32
 70
     1
102
RTVSPropertyOp33
 70
     1
102
RTVSPropertyOp34
 70
     1
102
RTVSPropertyOp35
 70
     1
102
RTVSPropertyOp36
 70
     1
102
RTVSPropertyOp37
 70
     1
102
RTVSPropertyOp38
 70
     1
102
RTVSPropertyOp39
 70
     1
102
RTVSPropertyOp40
 70
     1
102
RTVSPropertyOp41
 70
     1
102
RTVSPropertyOp42
 70
     1
102
RTVSPropertyOp43
 70
     1
102
RTVSPropertyOp44
 70
     1
102
RTVSPropertyOp45
 70
     1
102
RTVSPropertyOp46
 70
     1
102
RTVSPropertyOp47
 70
     1
102
RTVSPropertyOp48
 70
     1
102
RTVSPropertyOp49
 70
     1
102
RTVSPropertyOp50
 70
     1
102
RTVSPropertyOp51
 70
     0
102
RTVSPropertyOp52
 70
     0
102
RTVSPropertyOp53
 70
     1
102
RTVSPropertyOp54
 70
     1
102
RTVSPropertyOp55
 70
     1
102
RTVSPropertyOp56
 70
     1
102
RTVSPropertyOp57
 70
     1
102
RTVSPost2010Prop28
280
     0
102
RTVSPost2010PropOp28
 70
     1
102
RTVSPost2010Prop29
280
     1
102
RTVSPost2010PropOp29
 70
     1
102
RTVSPost2010Prop30
280
     1
102
RTVSPost2010PropOp30
 70
     1
102
RTVSPost2010Prop31
280
     0
102
RTVSPost2010PropOp31
 70
     1
102
RTVSPost2010Prop32
280
     0
102
RTVSPost2010PropOp32
 70
     1
102
RTVSPost2010Prop33
280
     0
102
RTVSPost2010PropOp33
 70
     1
102
RTVSPost2010Prop34
280
     0
102
RTVSPost2010PropOp34
 70
     1
102
RTVSPost2010Prop35
280
     0
102
RTVSPost2010PropOp35
 70
     1
102
RTVSPost2010Prop36
280
     0
102
RTVSPost2010PropOp36
 70
     1
102
RTVSPost2010Prop37
 90
       50
102
RTVSPost2010PropOp37
 70
     1
102
RTVSPost2010Prop38
140
0.0
102
RTVSPost2010PropOp38
 70
     1
102
RTVSPost2010Prop39
140
1.0
102
RTVSPost2010PropOp39
 70
     1
102
RTVSPost2010Prop40
 90
        0
102
RTVSPost2010PropOp40
 70
     1
102
RTVSPost2010Prop41ColorIndex
 90
       18
102
RTVSPost2010Prop41ColorRGB
 90
        0
102
RTVSPost2010PropOp41
 70
     1
102
RTVSPost2010Prop42
 90
       50
102
RTVSPost2010PropOp42
 70
     1
102
RTVSPost2010Prop43
 90
        3
102
RTVSPost2010PropOp43
 70
     1
102
RTVSPost2010Prop44ColorIndex
 90
        5
102
RTVSPost2010Prop44ColorRGB
 90
      255
102
RTVSPost2010PropOp44
 70
     1
102
RTVSPost2010Prop45
280
     0
102
RTVSPost2010PropOp45
 70
     1
102
RTVSPost2010Prop46
 90
       50
102
RTVSPost2010PropOp46
 70
     1
102
RTVSPost2010Prop47
 90
       50
102
RTVSPost2010PropOp47
 70
     1
102
RTVSPost2010Prop48
 90
       50
102
RTVSPost2010PropOp48
 70
     1
102
RTVSPost2010Prop49
280
     0
102
RTVSPost2010PropOp49
 70
     1
102
RTVSPost2010Prop50
 90
       50
102
RTVSPost2010PropOp50
 70
     1
102
RTVSPost2010Prop51ColorIndex
 90
      256
102
RTVSPost2010Prop51ColorRGB
 90
-16777216
102
RTVSPost2010PropOp51
 70
     0
102
RTVSPost2010Prop52
140
1.0
102
RTVSPost2010PropOp52
 70
     0
102
RTVSPost2010Prop53
 90
        2
102
RTVSPost2010PropOp53
 70
     1
102
RTVSPost2010Prop54
  1
strokes_ogs.tif
102
RTVSPost2010PropOp54
 70
     1
102
RTVSPost2010Prop55
280
     0
102
RTVSPost2010PropOp55
 70
     1
102
RTVSPost2010Prop56
140
1.0
102
RTVSPost2010PropOp56
 70
     1
102
RTVSPost2010Prop57
140
1.0
102
RTVSPost2010PropOp57
 70
     1
  0
XRECORD
  5
AA
102
{ACAD_REACTORS
330
A9
102
}
330
A9
100
AcDbXrecord
280
     1
102
RTVSPropertyOp0
 70
     1
102
RTVSPropertyOp1
 70
     1
102
RTVSPropertyOp2
 70
     1
102
RTVSPropertyOp3
 70
     1
102
RTVSPropertyOp4
 70
     1
102
RTVSPropertyOp5
 70
     1
102
RTVSPropertyOp6
 70
     1
102
RTVSPropertyOp7
 70
     1
102
RTVSPropertyOp8
 70
     1
102
RTVSPropertyOp9
 70
     1
102
RTVSPropertyOp10
 70
     1
102
RTVSPropertyOp11
 70
     1
102
RTVSPropertyOp12
 70
     1
102
RTVSPropertyOp13
 70
     1
102
RTVSPropertyOp14
 70
     1
102
RTVSPropertyOp15
 70
     1
102
RTVSPropertyOp16
 70
     1
102
RTVSPropertyOp17
 70
     1
102
RTVSPropertyOp18
 70
     1
102
RTVSPropertyOp19
 70
     1
102
RTVSPropertyOp20
 70
     1
102
RTVSPropertyOp21
 70
     1
102
RTVSPropertyOp22
 70
     1
102
RTVSPropertyOp23
 70
     1
102
RTVSPropertyOp24
 70
     1
102
RTVSPropertyOp25
 70
     1
102
RTVSPropertyOp26
 70
     1
102
RTVSPropertyOp27
 70
     1
102
RTVSPropertyOp28
 70
     1
102
RTVSPropertyOp29
 70
     1
102
RTVSPropertyOp30
 70
     1
102
RTVSPropertyOp31
 70
     1
102
RTVSPropertyOp32
 70
     1
102
RTVSPropertyOp33
 70
     1
102
RTVSPropertyOp34
 70
     1
102
RTVSPropertyOp35
 70
     1
102
RTVSPropertyOp36
 70
     1
102
RTVSPropertyOp37
 70
     1
102
RTVSPropertyOp38
 70
     1
102
RTVSPropertyOp39
 70
     1
102
RTVSPropertyOp40
 70
     1
102
RTVSPropertyOp41
 70
     1
102
RTVSPropertyOp42
 70
     1
102
RTVSPropertyOp43
 70
     1
102
RTVSPropertyOp44
 70
     1
102
RTVSPropertyOp45
 70
     1
102
RTVSPropertyOp46
 70
     1
102
RTVSPropertyOp47
 70
     1
102
RTVSPropertyOp48
 70
     1
102
RTVSPropertyOp49
 70
     1
102
RTVSPropertyOp50
 70
     1
102
RTVSPropertyOp51
 70
     0
102
RTVSPropertyOp52
 70
     0
102
RTVSPropertyOp53
 70
     1
102
RTVSPropertyOp54
 70
     1
102
RTVSPropertyOp55
 70
     1
102
RTVSPropertyOp56
 70
     1
102
RTVSPropertyOp57
 70
     1
102
RTVSPost2010Prop28
280
     0
102
RTVSPost2010PropOp28
 70
     1
102
RTVSPost2010Prop29
280
     1
102
RTVSPost2010PropOp29
 70
     1
102
RTVSPost2010Prop30
280
     1
102
RTVSPost2010PropOp30
 70
     1
102
RTVSPost2010Prop31
280
     0
102
RTVSPost2010PropOp31
 70
     1
102
RTVSPost2010Prop32
280
     0
102
RTVSPost2010PropOp32
 70
     1
102
RTVSPost2010Prop33
280
     0
102
RTVSPost2010PropOp33
 70
     1
102
RTVSPost2010Prop34
280
     0
102
RTVSPost2010PropOp34
 70
     1
102
RTVSPost2010Prop35
280
     0
102
RTVSPost2010PropOp35
 70
     1
102
RTVSPost2010Prop36
280
     0
102
RTVSPost2010PropOp36
 70
     1
102
RTVSPost2010Prop37
 90
       50
102
RTVSPost2010PropOp37
 70
     1
102
RTVSPost2010Prop38
140
0.0
102
RTVSPost2010PropOp38
 70
     1
102
RTVSPost2010Prop39
140
1.0
102
RTVSPost2010PropOp39
 70
     1
102
RTVSPost2010Prop40
 90
        0
102
RTVSPost2010PropOp40
 70
     1
102
RTVSPost2010Prop41ColorIndex
 90
       18
102
RTVSPost2010Prop41ColorRGB
 90
        0
102
RTVSPost2010PropOp41
 70
     1
102
RTVSPost2010Prop42
 90
       50
102
RTVSPost2010PropOp42
 70
     1
102
RTVSPost2010Prop43
 90
        3
102
RTVSPost2010PropOp43
 70
     1
102
RTVSPost2010Prop44ColorIndex
 90
        5
102
RTVSPost2010Prop44ColorRGB
 90
      255
102
RTVSPost2010PropOp44
 70
     1
102
RTVSPost2010Prop45
280
     0
102
RTVSPost2010PropOp45
 70
     1
102
RTVSPost2010Prop46
 90
       50
102
RTVSPost2010PropOp46
 70
     1
102
RTVSPost2010Prop47
 90
       50
102
RTVSPost2010PropOp47
 70
     1
102
RTVSPost2010Prop48
 90
       50
102
RTVSPost2010PropOp48
 70
     1
102
RTVSPost2010Prop49
280
     0
102
RTVSPost2010PropOp49
 70
     1
102
RTVSPost2010Prop50
 90
       50
102
RTVSPost2010PropOp50
 70
     1
102
RTVSPost2010Prop51ColorIndex
 90
      256
102
RTVSPost2010Prop51ColorRGB
 90
-16777216
102
RTVSPost2010PropOp51
 70
     0
102
RTVSPost2010Prop52
140
1.0
102
RTVSPost2010PropOp52
 70
     0
102
RTVSPost2010Prop53
 90
        2
102
RTVSPost2010PropOp53
 70
     1
102
RTVSPost2010Prop54
  1
strokes_ogs.tif
102
RTVSPost2010PropOp54
 70
     1
102
RTVSPost2010Prop55
280
     0
102
RTVSPost2010PropOp55
 70
     1
102
RTVSPost2010Prop56
140
1.0
102
RTVSPost2010PropOp56
 70
     1
102
RTVSPost2010Prop57
140
1.0
102
RTVSPost2010PropOp57
 70
     1
  0
XRECORD
  5
AC
102
{ACAD_REACTORS
330
AB
102
}
330
AB
100
AcDbXrecord
280
     1
102
RTVSPropertyOp0
 70
     1
102
RTVSPropertyOp1
 70
     1
102
RTVSPropertyOp2
 70
     1
102
RTVSPropertyOp3
 70
     1
102
RTVSPropertyOp4
 70
     1
102
RTVSPropertyOp5
 70
     1
102
RTVSPropertyOp6
 70
     1
102
RTVSPropertyOp7
 70
     1
102
RTVSPropertyOp8
 70
     1
102
RTVSPropertyOp9
 70
     1
102
RTVSPropertyOp10
 70
     1
102
RTVSPropertyOp11
 70
     1
102
RTVSPropertyOp12
 70
     1
102
RTVSPropertyOp13
 70
     1
102
RTVSPropertyOp14
 70
     1
102
RTVSPropertyOp15
 70
     1
102
RTVSPropertyOp16
 70
     1
102
RTVSPropertyOp17
 70
     1
102
RTVSPropertyOp18
 70
     1
102
RTVSPropertyOp19
 70
     1
102
RTVSPropertyOp20
 70
     1
102
RTVSPropertyOp21
 70
     1
102
RTVSPropertyOp22
 70
     1
102
RTVSPropertyOp23
 70
     1
102
RTVSPropertyOp24
 70
     1
102
RTVSPropertyOp25
 70
     1
102
RTVSPropertyOp26
 70
     1
102
RTVSPropertyOp27
 70
     1
102
RTVSPropertyOp28
 70
     1
102
RTVSPropertyOp29
 70
     1
102
RTVSPropertyOp30
 70
     1
102
RTVSPropertyOp31
 70
     1
102
RTVSPropertyOp32
 70
     1
102
RTVSPropertyOp33
 70
     1
102
RTVSPropertyOp34
 70
     1
102
RTVSPropertyOp35
 70
     1
102
RTVSPropertyOp36
 70
     1
102
RTVSPropertyOp37
 70
     1
102
RTVSPropertyOp38
 70
     1
102
RTVSPropertyOp39
 70
     1
102
RTVSPropertyOp40
 70
     1
102
RTVSPropertyOp41
 70
     1
102
RTVSPropertyOp42
 70
     1
102
RTVSPropertyOp43
 70
     1
102
RTVSPropertyOp44
 70
     1
102
RTVSPropertyOp45
 70
     1
102
RTVSPropertyOp46
 70
     1
102
RTVSPropertyOp47
 70
     1
102
RTVSPropertyOp48
 70
     1
102
RTVSPropertyOp49
 70
     1
102
RTVSPropertyOp50
 70
     1
102
RTVSPropertyOp51
 70
     0
102
RTVSPropertyOp52
 70
     0
102
RTVSPropertyOp53
 70
     1
102
RTVSPropertyOp54
 70
     1
102
RTVSPropertyOp55
 70
     1
102
RTVSPropertyOp56
 70
     1
102
RTVSPropertyOp57
 70
     1
102
RTVSPost2010Prop28
280
     0
102
RTVSPost2010PropOp28
 70
     1
102
RTVSPost2010Prop29
280
     1
102
RTVSPost2010PropOp29
 70
     1
102
RTVSPost2010Prop30
280
     1
102
RTVSPost2010PropOp30
 70
     1
102
RTVSPost2010Prop31
280
     0
102
RTVSPost2010PropOp31
 70
     1
102
RTVSPost2010Prop32
280
     0
102
RTVSPost2010PropOp32
 70
     1
102
RTVSPost2010Prop33
280
     0
102
RTVSPost2010PropOp33
 70
     1
102
RTVSPost2010Prop34
280
     0
102
RTVSPost2010PropOp34
 70
     1
102
RTVSPost2010Prop35
280
     0
102
RTVSPost2010PropOp35
 70
     1
102
RTVSPost2010Prop36
280
     0
102
RTVSPost2010PropOp36
 70
     1
102
RTVSPost2010Prop37
 90
       50
102
RTVSPost2010PropOp37
 70
     1
102
RTVSPost2010Prop38
140
0.0
102
RTVSPost2010PropOp38
 70
     1
102
RTVSPost2010Prop39
140
1.0
102
RTVSPost2010PropOp39
 70
     1
102
RTVSPost2010Prop40
 90
        0
102
RTVSPost2010PropOp40
 70
     1
102
RTVSPost2010Prop41ColorIndex
 90
       18
102
RTVSPost2010Prop41ColorRGB
 90
        0
102
RTVSPost2010PropOp41
 70
     1
102
RTVSPost2010Prop42
 90
       50
102
RTVSPost2010PropOp42
 70
     1
102
RTVSPost2010Prop43
 90
        3
102
RTVSPost2010PropOp43
 70
     1
102
RTVSPost2010Prop44ColorIndex
 90
        5
102
RTVSPost2010Prop44ColorRGB
 90
      255
102
RTVSPost2010PropOp44
 70
     1
102
RTVSPost2010Prop45
280
     0
102
RTVSPost2010PropOp45
 70
     1
102
RTVSPost2010Prop46
 90
       50
102
RTVSPost2010PropOp46
 70
     1
102
RTVSPost2010Prop47
 90
       50
102
RTVSPost2010PropOp47
 70
     1
102
RTVSPost2010Prop48
 90
       50
102
RTVSPost2010PropOp48
 70
     1
102
RTVSPost2010Prop49
280
     0
102
RTVSPost2010PropOp49
 70
     1
102
RTVSPost2010Prop50
 90
       50
102
RTVSPost2010PropOp50
 70
     1
102
RTVSPost2010Prop51ColorIndex
 90
      256
102
RTVSPost2010Prop51ColorRGB
 90
-16777216
102
RTVSPost2010PropOp51
 70
     0
102
RTVSPost2010Prop52
140
1.0
102
RTVSPost2010PropOp52
 70
     0
102
RTVSPost2010Prop53
 90
        2
102
RTVSPost2010PropOp53
 70
     1
102
RTVSPost2010Prop54
  1
strokes_ogs.tif
102
RTVSPost2010PropOp54
 70
     1
102
RTVSPost2010Prop55
280
     0
102
RTVSPost2010PropOp55
 70
     1
102
RTVSPost2010Prop56
140
1.0
102
RTVSPost2010PropOp56
 70
     1
102
RTVSPost2010Prop57
140
1.0
102
RTVSPost2010PropOp57
 70
     1
  0
XRECORD
  5
BC
102
{ACAD_REACTORS
330
BB
102
}
330
BB
100
AcDbXrecord
280
     1
102
RTVSPropertyOp0
 70
     0
102
RTVSPropertyOp1
 70
     0
102
RTVSPropertyOp2
 70
     0
102
RTVSPropertyOp3
 70
     0
102
RTVSPropertyOp4
 70
     0
102
RTVSPropertyOp5
 70
     0
102
RTVSPropertyOp6
 70
     0
102
RTVSPropertyOp7
 70
     0
102
RTVSPropertyOp8
 70
     0
102
RTVSPropertyOp9
 70
     0
102
RTVSPropertyOp10
 70
     0
102
RTVSPropertyOp11
 70
     0
102
RTVSPropertyOp12
 70
     0
102
RTVSPropertyOp13
 70
     0
102
RTVSPropertyOp14
 70
     2
102
RTVSPropertyOp15
 70
     0
102
RTVSPropertyOp16
 70
     0
102
RTVSPropertyOp17
 70
     0
102
RTVSPropertyOp18
 70
     0
102
RTVSPropertyOp19
 70
     0
102
RTVSPropertyOp20
 70
     0
102
RTVSPropertyOp21
 70
     0
102
RTVSPropertyOp22
 70
     0
102
RTVSPropertyOp23
 70
     0
102
RTVSPropertyOp24
 70
     0
102
RTVSPropertyOp25
 70
     0
102
RTVSPropertyOp26
 70
     0
102
RTVSPropertyOp27
 70
     0
102
RTVSPropertyOp28
 70
     0
102
RTVSPropertyOp29
 70
     0
102
RTVSPropertyOp30
 70
     0
102
RTVSPropertyOp31
 70
     0
102
RTVSPropertyOp32
 70
     0
102
RTVSPropertyOp33
 70
     0
102
RTVSPropertyOp34
 70
     0
102
RTVSPropertyOp35
 70
     0
102
RTVSPropertyOp36
 70
     0
102
RTVSPropertyOp37
 70
     0
102
RTVSPropertyOp38
 70
     0
102
RTVSPropertyOp39
 70
     0
102
RTVSPropertyOp40
 70
     0
102
RTVSPropertyOp41
 70
     0
102
RTVSPropertyOp42
 70
     0
102
RTVSPropertyOp43
 70
     0
102
RTVSPropertyOp44
 70
     0
102
RTVSPropertyOp45
 70
     0
102
RTVSPropertyOp46
 70
     0
102
RTVSPropertyOp47
 70
     0
102
RTVSPropertyOp48
 70
     0
102
RTVSPropertyOp49
 70
     0
102
RTVSPropertyOp50
 70
     0
102
RTVSPropertyOp51
 70
     0
102
RTVSPropertyOp52
 70
     0
102
RTVSPropertyOp53
 70
     0
102
RTVSPropertyOp54
 70
     0
102
RTVSPropertyOp55
 70
     0
102
RTVSPropertyOp56
 70
     0
102
RTVSPropertyOp57
 70
     0
102
RTVSPost2010Prop28
280
     0
102
RTVSPost2010PropOp28
 70
     0
102
RTVSPost2010Prop29
280
     1
102
RTVSPost2010PropOp29
 70
     0
102
RTVSPost2010Prop30
280
     1
102
RTVSPost2010PropOp30
 70
     0
102
RTVSPost2010Prop31
280
     0
102
RTVSPost2010PropOp31
 70
     0
102
RTVSPost2010Prop32
280
     0
102
RTVSPost2010PropOp32
 70
     0
102
RTVSPost2010Prop33
280
     0
102
RTVSPost2010PropOp33
 70
     0
102
RTVSPost2010Prop34
280
     0
102
RTVSPost2010PropOp34
 70
     0
102
RTVSPost2010Prop35
280
     0
102
RTVSPost2010PropOp35
 70
     0
102
RTVSPost2010Prop36
280
     0
102
RTVSPost2010PropOp36
 70
     0
102
RTVSPost2010Prop37
 90
       50
102
RTVSPost2010PropOp37
 70
     0
102
RTVSPost2010Prop38
140
0.0
102
RTVSPost2010PropOp38
 70
     0
102
RTVSPost2010Prop39
140
1.0
102
RTVSPost2010PropOp39
 70
     0
102
RTVSPost2010Prop40
 90
        0
102
RTVSPost2010PropOp40
 70
     0
102
RTVSPost2010Prop41ColorIndex
 90
       18
102
RTVSPost2010Prop41ColorRGB
 90
        0
102
RTVSPost2010PropOp41
 70
     0
102
RTVSPost2010Prop42
 90
       50
102
RTVSPost2010PropOp42
 70
     0
102
RTVSPost2010Prop43
 90
        3
102
RTVSPost2010PropOp43
 70
     0
102
RTVSPost2010Prop44ColorIndex
 90
        5
102
RTVSPost2010Prop44ColorRGB
 90
      255
102
RTVSPost2010PropOp44
 70
     0
102
RTVSPost2010Prop45
280
     0
102
RTVSPost2010PropOp45
 70
     0
102
RTVSPost2010Prop46
 90
       50
102
RTVSPost2010PropOp46
 70
     0
102
RTVSPost2010Prop47
 90
       50
102
RTVSPost2010PropOp47
 70
     0
102
RTVSPost2010Prop48
 90
       50
102
RTVSPost2010PropOp48
 70
     0
102
RTVSPost2010Prop49
280
     0
102
RTVSPost2010PropOp49
 70
     0
102
RTVSPost2010Prop50
 90
       50
102
RTVSPost2010PropOp50
 70
     0
102
RTVSPost2010Prop51ColorIndex
 90
      256
102
RTVSPost2010Prop51ColorRGB
 90
-16777216
102
RTVSPost2010PropOp51
 70
     0
102
RTVSPost2010Prop52
140
1.0
102
RTVSPost2010PropOp52
 70
     0
102
RTVSPost2010Prop53
 90
        2
102
RTVSPost2010PropOp53
 70
     0
102
RTVSPost2010Prop54
  1
strokes_ogs.tif
102
RTVSPost2010PropOp54
 70
     0
102
RTVSPost2010Prop55
280
     0
102
RTVSPost2010PropOp55
 70
     0
102
RTVSPost2010Prop56
140
1.0
102
RTVSPost2010PropOp56
 70
     0
102
RTVSPost2010Prop57
140
1.0
102
RTVSPost2010PropOp57
 70
     0
  0
XRECORD
  5
B4
102
{ACAD_REACTORS
330
B3
102
}
330
B3
100
AcDbXrecord
280
     1
102
RTVSPropertyOp0
 70
     1
102
RTVSPropertyOp1
 70
     1
102
RTVSPropertyOp2
 70
     1
102
RTVSPropertyOp3
 70
     1
102
RTVSPropertyOp4
 70
     1
102
RTVSPropertyOp5
 70
     1
102
RTVSPropertyOp6
 70
     1
102
RTVSPropertyOp7
 70
     1
102
RTVSPropertyOp8
 70
     1
102
RTVSPropertyOp9
 70
     1
102
RTVSPropertyOp10
 70
     1
102
RTVSPropertyOp11
 70
     1
102
RTVSPropertyOp12
 70
     1
102
RTVSPropertyOp13
 70
     1
102
RTVSPropertyOp14
 70
     1
102
RTVSPropertyOp15
 70
     1
102
RTVSPropertyOp16
 70
     1
102
RTVSPropertyOp17
 70
     1
102
RTVSPropertyOp18
 70
     1
102
RTVSPropertyOp19
 70
     1
102
RTVSPropertyOp20
 70
     1
102
RTVSPropertyOp21
 70
     1
102
RTVSPropertyOp22
 70
     1
102
RTVSPropertyOp23
 70
     1
102
RTVSPropertyOp24
 70
     1
102
RTVSPropertyOp25
 70
     1
102
RTVSPropertyOp26
 70
     1
102
RTVSPropertyOp27
 70
     1
102
RTVSPropertyOp28
 70
     1
102
RTVSPropertyOp29
 70
     1
102
RTVSPropertyOp30
 70
     1
102
RTVSPropertyOp31
 70
     1
102
RTVSPropertyOp32
 70
     1
102
RTVSPropertyOp33
 70
     1
102
RTVSPropertyOp34
 70
     1
102
RTVSPropertyOp35
 70
     1
102
RTVSPropertyOp36
 70
     1
102
RTVSPropertyOp37
 70
     1
102
RTVSPropertyOp38
 70
     1
102
RTVSPropertyOp39
 70
     1
102
RTVSPropertyOp40
 70
     1
102
RTVSPropertyOp41
 70
     1
102
RTVSPropertyOp42
 70
     1
102
RTVSPropertyOp43
 70
     1
102
RTVSPropertyOp44
 70
     1
102
RTVSPropertyOp45
 70
     1
102
RTVSPropertyOp46
 70
     1
102
RTVSPropertyOp47
 70
     1
102
RTVSPropertyOp48
 70
     1
102
RTVSPropertyOp49
 70
     1
102
RTVSPropertyOp50
 70
     1
102
RTVSPropertyOp51
 70
     0
102
RTVSPropertyOp52
 70
     0
102
RTVSPropertyOp53
 70
     1
102
RTVSPropertyOp54
 70
     1
102
RTVSPropertyOp55
 70
     1
102
RTVSPropertyOp56
 70
     1
102
RTVSPropertyOp57
 70
     1
102
RTVSPost2010Prop28
280
     0
102
RTVSPost2010PropOp28
 70
     1
102
RTVSPost2010Prop29
280
     1
102
RTVSPost2010PropOp29
 70
     1
102
RTVSPost2010Prop30
280
     1
102
RTVSPost2010PropOp30
 70
     1
102
RTVSPost2010Prop31
280
     0
102
RTVSPost2010PropOp31
 70
     1
102
RTVSPost2010Prop32
280
     0
102
RTVSPost2010PropOp32
 70
     1
102
RTVSPost2010Prop33
280
     0
102
RTVSPost2010PropOp33
 70
     1
102
RTVSPost2010Prop34
280
     0
102
RTVSPost2010PropOp34
 70
     1
102
RTVSPost2010Prop35
280
     0
102
RTVSPost2010PropOp35
 70
     1
102
RTVSPost2010Prop36
280
     0
102
RTVSPost2010PropOp36
 70
     1
102
RTVSPost2010Prop37
 90
       50
102
RTVSPost2010PropOp37
 70
     1
102
RTVSPost2010Prop38
140
0.0
102
RTVSPost2010PropOp38
 70
     1
102
RTVSPost2010Prop39
140
1.0
102
RTVSPost2010PropOp39
 70
     1
102
RTVSPost2010Prop40
 90
        0
102
RTVSPost2010PropOp40
 70
     1
102
RTVSPost2010Prop41ColorIndex
 90
       18
102
RTVSPost2010Prop41ColorRGB
 90
        0
102
RTVSPost2010PropOp41
 70
     1
102
RTVSPost2010Prop42
 90
       50
102
RTVSPost2010PropOp42
 70
     1
102
RTVSPost2010Prop43
 90
        3
102
RTVSPost2010PropOp43
 70
     1
102
RTVSPost2010Prop44ColorIndex
 90
        5
102
RTVSPost2010Prop44ColorRGB
 90
      255
102
RTVSPost2010PropOp44
 70
     1
102
RTVSPost2010Prop45
280
     0
102
RTVSPost2010PropOp45
 70
     1
102
RTVSPost2010Prop46
 90
       50
102
RTVSPost2010PropOp46
 70
     1
102
RTVSPost2010Prop47
 90
       50
102
RTVSPost2010PropOp47
 70
     1
102
RTVSPost2010Prop48
 90
       50
102
RTVSPost2010PropOp48
 70
     1
102
RTVSPost2010Prop49
280
     0
102
RTVSPost2010PropOp49
 70
     1
102
RTVSPost2010Prop50
 90
       50
102
RTVSPost2010PropOp50
 70
     1
102
RTVSPost2010Prop51ColorIndex
 90
      256
102
RTVSPost2010Prop51ColorRGB
 90
-16777216
102
RTVSPost2010PropOp51
 70
     0
102
RTVSPost2010Prop52
140
1.0
102
RTVSPost2010PropOp52
 70
     0
102
RTVSPost2010Prop53
 90
        2
102
RTVSPost2010PropOp53
 70
     1
102
RTVSPost2010Prop54
  1
strokes_ogs.tif
102
RTVSPost2010PropOp54
 70
     1
102
RTVSPost2010Prop55
280
     0
102
RTVSPost2010PropOp55
 70
     1
102
RTVSPost2010Prop56
140
1.0
102
RTVSPost2010PropOp56
 70
     1
102
RTVSPost2010Prop57
140
1.0
102
RTVSPost2010PropOp57
 70
     1
  0
XRECORD
  5
98
102
{ACAD_REACTORS
330
97
102
}
330
97
100
AcDbXrecord
280
     1
102
RTVSPropertyOp0
 70
     1
102
RTVSPropertyOp1
 70
     1
102
RTVSPropertyOp2
 70
     1
102
RTVSPropertyOp3
 70
     1
102
RTVSPropertyOp4
 70
     1
102
RTVSPropertyOp5
 70
     1
102
RTVSPropertyOp6
 70
     1
102
RTVSPropertyOp7
 70
     1
102
RTVSPropertyOp8
 70
     1
102
RTVSPropertyOp9
 70
     1
102
RTVSPropertyOp10
 70
     1
102
RTVSPropertyOp11
 70
     1
102
RTVSPropertyOp12
 70
     1
102
RTVSPropertyOp13
 70
     1
102
RTVSPropertyOp14
 70
     1
102
RTVSPropertyOp15
 70
     1
102
RTVSPropertyOp16
 70
     1
102
RTVSPropertyOp17
 70
     1
102
RTVSPropertyOp18
 70
     1
102
RTVSPropertyOp19
 70
     1
102
RTVSPropertyOp20
 70
     1
102
RTVSPropertyOp21
 70
     1
102
RTVSPropertyOp22
 70
     1
102
RTVSPropertyOp23
 70
     1
102
RTVSPropertyOp24
 70
     1
102
RTVSPropertyOp25
 70
     1
102
RTVSPropertyOp26
 70
     1
102
RTVSPropertyOp27
 70
     1
102
RTVSPropertyOp28
 70
     1
102
RTVSPropertyOp29
 70
     1
102
RTVSPropertyOp30
 70
     1
102
RTVSPropertyOp31
 70
     1
102
RTVSPropertyOp32
 70
     1
102
RTVSPropertyOp33
 70
     1
102
RTVSPropertyOp34
 70
     1
102
RTVSPropertyOp35
 70
     1
102
RTVSPropertyOp36
 70
     1
102
RTVSPropertyOp37
 70
     1
102
RTVSPropertyOp38
 70
     1
102
RTVSPropertyOp39
 70
     1
102
RTVSPropertyOp40
 70
     1
102
RTVSPropertyOp41
 70
     1
102
RTVSPropertyOp42
 70
     1
102
RTVSPropertyOp43
 70
     1
102
RTVSPropertyOp44
 70
     1
102
RTVSPropertyOp45
 70
     1
102
RTVSPropertyOp46
 70
     1
102
RTVSPropertyOp47
 70
     1
102
RTVSPropertyOp48
 70
     1
102
RTVSPropertyOp49
 70
     1
102
RTVSPropertyOp50
 70
     1
102
RTVSPropertyOp51
 70
     0
102
RTVSPropertyOp52
 70
     0
102
RTVSPropertyOp53
 70
     1
102
RTVSPropertyOp54
 70
     1
102
RTVSPropertyOp55
 70
     1
102
RTVSPropertyOp56
 70
     1
102
RTVSPropertyOp57
 70
     1
102
RTVSPost2010Prop28
280
     0
102
RTVSPost2010PropOp28
 70
     1
102
RTVSPost2010Prop29
280
     1
102
RTVSPost2010PropOp29
 70
     1
102
RTVSPost2010Prop30
280
     1
102
RTVSPost2010PropOp30
 70
     1
102
RTVSPost2010Prop31
280
     0
102
RTVSPost2010PropOp31
 70
     1
102
RTVSPost2010Prop32
280
     0
102
RTVSPost2010PropOp32
 70
     1
102
RTVSPost2010Prop33
280
     0
102
RTVSPost2010PropOp33
 70
     1
102
RTVSPost2010Prop34
280
     0
102
RTVSPost2010PropOp34
 70
     1
102
RTVSPost2010Prop35
280
     0
102
RTVSPost2010PropOp35
 70
     1
102
RTVSPost2010Prop36
280
     0
102
RTVSPost2010PropOp36
 70
     1
102
RTVSPost2010Prop37
 90
       50
102
RTVSPost2010PropOp37
 70
     1
102
RTVSPost2010Prop38
140
0.0
102
RTVSPost2010PropOp38
 70
     1
102
RTVSPost2010Prop39
140
1.0
102
RTVSPost2010PropOp39
 70
     1
102
RTVSPost2010Prop40
 90
        0
102
RTVSPost2010PropOp40
 70
     1
102
RTVSPost2010Prop41ColorIndex
 90
       18
102
RTVSPost2010Prop41ColorRGB
 90
        0
102
RTVSPost2010PropOp41
 70
     1
102
RTVSPost2010Prop42
 90
       50
102
RTVSPost2010PropOp42
 70
     1
102
RTVSPost2010Prop43
 90
        3
102
RTVSPost2010PropOp43
 70
     1
102
RTVSPost2010Prop44ColorIndex
 90
        5
102
RTVSPost2010Prop44ColorRGB
 90
      255
102
RTVSPost2010PropOp44
 70
     1
102
RTVSPost2010Prop45
280
     0
102
RTVSPost2010PropOp45
 70
     1
102
RTVSPost2010Prop46
 90
       50
102
RTVSPost2010PropOp46
 70
     1
102
RTVSPost2010Prop47
 90
       50
102
RTVSPost2010PropOp47
 70
     1
102
RTVSPost2010Prop48
 90
       50
102
RTVSPost2010PropOp48
 70
     1
102
RTVSPost2010Prop49
280
     0
102
RTVSPost2010PropOp49
 70
     1
102
RTVSPost2010Prop50
 90
       50
102
RTVSPost2010PropOp50
 70
     1
102
RTVSPost2010Prop51ColorIndex
 90
      256
102
RTVSPost2010Prop51ColorRGB
 90
-16777216
102
RTVSPost2010PropOp51
 70
     0
102
RTVSPost2010Prop52
140
1.0
102
RTVSPost2010PropOp52
 70
     0
102
RTVSPost2010Prop53
 90
        2
102
RTVSPost2010PropOp53
 70
     1
102
RTVSPost2010Prop54
  1
strokes_ogs.tif
102
RTVSPost2010PropOp54
 70
     1
102
RTVSPost2010Prop55
280
     0
102
RTVSPost2010PropOp55
 70
     1
102
RTVSPost2010Prop56
140
1.0
102
RTVSPost2010PropOp56
 70
     1
102
RTVSPost2010Prop57
140
1.0
102
RTVSPost2010PropOp57
 70
     1
  0
XRECORD
  5
9A
102
{ACAD_REACTORS
330
99
102
}
330
99
100
AcDbXrecord
280
     1
102
RTVSPropertyOp0
 70
     1
102
RTVSPropertyOp1
 70
     1
102
RTVSPropertyOp2
 70
     1
102
RTVSPropertyOp3
 70
     1
102
RTVSPropertyOp4
 70
     1
102
RTVSPropertyOp5
 70
     1
102
RTVSPropertyOp6
 70
     1
102
RTVSPropertyOp7
 70
     1
102
RTVSPropertyOp8
 70
     1
102
RTVSPropertyOp9
 70
     1
102
RTVSPropertyOp10
 70
     1
102
RTVSPropertyOp11
 70
     1
102
RTVSPropertyOp12
 70
     1
102
RTVSPropertyOp13
 70
     1
102
RTVSPropertyOp14
 70
     1
102
RTVSPropertyOp15
 70
     1
102
RTVSPropertyOp16
 70
     1
102
RTVSPropertyOp17
 70
     1
102
RTVSPropertyOp18
 70
     1
102
RTVSPropertyOp19
 70
     1
102
RTVSPropertyOp20
 70
     1
102
RTVSPropertyOp21
 70
     1
102
RTVSPropertyOp22
 70
     1
102
RTVSPropertyOp23
 70
     1
102
RTVSPropertyOp24
 70
     1
102
RTVSPropertyOp25
 70
     1
102
RTVSPropertyOp26
 70
     1
102
RTVSPropertyOp27
 70
     1
102
RTVSPropertyOp28
 70
     1
102
RTVSPropertyOp29
 70
     1
102
RTVSPropertyOp30
 70
     1
102
RTVSPropertyOp31
 70
     1
102
RTVSPropertyOp32
 70
     1
102
RTVSPropertyOp33
 70
     1
102
RTVSPropertyOp34
 70
     1
102
RTVSPropertyOp35
 70
     1
102
RTVSPropertyOp36
 70
     1
102
RTVSPropertyOp37
 70
     1
102
RTVSPropertyOp38
 70
     1
102
RTVSPropertyOp39
 70
     1
102
RTVSPropertyOp40
 70
     1
102
RTVSPropertyOp41
 70
     1
102
RTVSPropertyOp42
 70
     1
102
RTVSPropertyOp43
 70
     1
102
RTVSPropertyOp44
 70
     1
102
RTVSPropertyOp45
 70
     1
102
RTVSPropertyOp46
 70
     1
102
RTVSPropertyOp47
 70
     1
102
RTVSPropertyOp48
 70
     1
102
RTVSPropertyOp49
 70
     1
102
RTVSPropertyOp50
 70
     1
102
RTVSPropertyOp51
 70
     0
102
RTVSPropertyOp52
 70
     0
102
RTVSPropertyOp53
 70
     1
102
RTVSPropertyOp54
 70
     1
102
RTVSPropertyOp55
 70
     1
102
RTVSPropertyOp56
 70
     1
102
RTVSPropertyOp57
 70
     1
102
RTVSPost2010Prop28
280
     0
102
RTVSPost2010PropOp28
 70
     1
102
RTVSPost2010Prop29
280
     1
102
RTVSPost2010PropOp29
 70
     1
102
RTVSPost2010Prop30
280
     1
102
RTVSPost2010PropOp30
 70
     1
102
RTVSPost2010Prop31
280
     0
102
RTVSPost2010PropOp31
 70
     1
102
RTVSPost2010Prop32
280
     0
102
RTVSPost2010PropOp32
 70
     1
102
RTVSPost2010Prop33
280
     0
102
RTVSPost2010PropOp33
 70
     1
102
RTVSPost2010Prop34
280
     0
102
RTVSPost2010PropOp34
 70
     1
102
RTVSPost2010Prop35
280
     0
102
RTVSPost2010PropOp35
 70
     1
102
RTVSPost2010Prop36
280
     0
102
RTVSPost2010PropOp36
 70
     1
102
RTVSPost2010Prop37
 90
       50
102
RTVSPost2010PropOp37
 70
     1
102
RTVSPost2010Prop38
140
0.0
102
RTVSPost2010PropOp38
 70
     1
102
RTVSPost2010Prop39
140
1.0
102
RTVSPost2010PropOp39
 70
     1
102
RTVSPost2010Prop40
 90
        0
102
RTVSPost2010PropOp40
 70
     1
102
RTVSPost2010Prop41ColorIndex
 90
       18
102
RTVSPost2010Prop41ColorRGB
 90
        0
102
RTVSPost2010PropOp41
 70
     1
102
RTVSPost2010Prop42
 90
       50
102
RTVSPost2010PropOp42
 70
     1
102
RTVSPost2010Prop43
 90
        3
102
RTVSPost2010PropOp43
 70
     1
102
RTVSPost2010Prop44ColorIndex
 90
        5
102
RTVSPost2010Prop44ColorRGB
 90
      255
102
RTVSPost2010PropOp44
 70
     1
102
RTVSPost2010Prop45
280
     0
102
RTVSPost2010PropOp45
 70
     1
102
RTVSPost2010Prop46
 90
       50
102
RTVSPost2010PropOp46
 70
     1
102
RTVSPost2010Prop47
 90
       50
102
RTVSPost2010PropOp47
 70
     1
102
RTVSPost2010Prop48
 90
       50
102
RTVSPost2010PropOp48
 70
     1
102
RTVSPost2010Prop49
280
     0
102
RTVSPost2010PropOp49
 70
     1
102
RTVSPost2010Prop50
 90
       50
102
RTVSPost2010PropOp50
 70
     1
102
RTVSPost2010Prop51ColorIndex
 90
      256
102
RTVSPost2010Prop51ColorRGB
 90
-16777216
102
RTVSPost2010PropOp51
 70
     0
102
RTVSPost2010Prop52
140
1.0
102
RTVSPost2010PropOp52
 70
     0
102
RTVSPost2010Prop53
 90
        2
102
RTVSPost2010PropOp53
 70
     1
102
RTVSPost2010Prop54
  1
strokes_ogs.tif
102
RTVSPost2010PropOp54
 70
     1
102
RTVSPost2010Prop55
280
     0
102
RTVSPost2010PropOp55
 70
     1
102
RTVSPost2010Prop56
140
1.0
102
RTVSPost2010PropOp56
 70
     1
102
RTVSPost2010Prop57
140
1.0
102
RTVSPost2010PropOp57
 70
     1
  0
XRECORD
  5
9C
102
{ACAD_REACTORS
330
9B
102
}
330
9B
100
AcDbXrecord
280
     1
102
RTVSPropertyOp0
 70
     1
102
RTVSPropertyOp1
 70
     1
102
RTVSPropertyOp2
 70
     1
102
RTVSPropertyOp3
 70
     1
102
RTVSPropertyOp4
 70
     1
102
RTVSPropertyOp5
 70
     1
102
RTVSPropertyOp6
 70
     1
102
RTVSPropertyOp7
 70
     1
102
RTVSPropertyOp8
 70
     1
102
RTVSPropertyOp9
 70
     1
102
RTVSPropertyOp10
 70
     1
102
RTVSPropertyOp11
 70
     1
102
RTVSPropertyOp12
 70
     1
102
RTVSPropertyOp13
 70
     1
102
RTVSPropertyOp14
 70
     1
102
RTVSPropertyOp15
 70
     1
102
RTVSPropertyOp16
 70
     1
102
RTVSPropertyOp17
 70
     1
102
RTVSPropertyOp18
 70
     1
102
RTVSPropertyOp19
 70
     1
102
RTVSPropertyOp20
 70
     1
102
RTVSPropertyOp21
 70
     1
102
RTVSPropertyOp22
 70
     1
102
RTVSPropertyOp23
 70
     1
102
RTVSPropertyOp24
 70
     1
102
RTVSPropertyOp25
 70
     1
102
RTVSPropertyOp26
 70
     1
102
RTVSPropertyOp27
 70
     1
102
RTVSPropertyOp28
 70
     1
102
RTVSPropertyOp29
 70
     1
102
RTVSPropertyOp30
 70
     1
102
RTVSPropertyOp31
 70
     1
102
RTVSPropertyOp32
 70
     1
102
RTVSPropertyOp33
 70
     1
102
RTVSPropertyOp34
 70
     1
102
RTVSPropertyOp35
 70
     1
102
RTVSPropertyOp36
 70
     1
102
RTVSPropertyOp37
 70
     1
102
RTVSPropertyOp38
 70
     1
102
RTVSPropertyOp39
 70
     1
102
RTVSPropertyOp40
 70
     1
102
RTVSPropertyOp41
 70
     1
102
RTVSPropertyOp42
 70
     1
102
RTVSPropertyOp43
 70
     1
102
RTVSPropertyOp44
 70
     1
102
RTVSPropertyOp45
 70
     1
102
RTVSPropertyOp46
 70
     1
102
RTVSPropertyOp47
 70
     1
102
RTVSPropertyOp48
 70
     1
102
RTVSPropertyOp49
 70
     1
102
RTVSPropertyOp50
 70
     1
102
RTVSPropertyOp51
 70
     0
102
RTVSPropertyOp52
 70
     0
102
RTVSPropertyOp53
 70
     1
102
RTVSPropertyOp54
 70
     1
102
RTVSPropertyOp55
 70
     1
102
RTVSPropertyOp56
 70
     1
102
RTVSPropertyOp57
 70
     1
102
RTVSPost2010Prop28
280
     0
102
RTVSPost2010PropOp28
 70
     1
102
RTVSPost2010Prop29
280
     1
102
RTVSPost2010PropOp29
 70
     1
102
RTVSPost2010Prop30
280
     1
102
RTVSPost2010PropOp30
 70
     1
102
RTVSPost2010Prop31
280
     0
102
RTVSPost2010PropOp31
 70
     1
102
RTVSPost2010Prop32
280
     0
102
RTVSPost2010PropOp32
 70
     1
102
RTVSPost2010Prop33
280
     0
102
RTVSPost2010PropOp33
 70
     1
102
RTVSPost2010Prop34
280
     0
102
RTVSPost2010PropOp34
 70
     1
102
RTVSPost2010Prop35
280
     0
102
RTVSPost2010PropOp35
 70
     1
102
RTVSPost2010Prop36
280
     0
102
RTVSPost2010PropOp36
 70
     1
102
RTVSPost2010Prop37
 90
       50
102
RTVSPost2010PropOp37
 70
     1
102
RTVSPost2010Prop38
140
0.0
102
RTVSPost2010PropOp38
 70
     1
102
RTVSPost2010Prop39
140
1.0
102
RTVSPost2010PropOp39
 70
     1
102
RTVSPost2010Prop40
 90
        0
102
RTVSPost2010PropOp40
 70
     1
102
RTVSPost2010Prop41ColorIndex
 90
       18
102
RTVSPost2010Prop41ColorRGB
 90
        0
102
RTVSPost2010PropOp41
 70
     1
102
RTVSPost2010Prop42
 90
       50
102
RTVSPost2010PropOp42
 70
     1
102
RTVSPost2010Prop43
 90
        3
102
RTVSPost2010PropOp43
 70
     1
102
RTVSPost2010Prop44ColorIndex
 90
        5
102
RTVSPost2010Prop44ColorRGB
 90
      255
102
RTVSPost2010PropOp44
 70
     1
102
RTVSPost2010Prop45
280
     0
102
RTVSPost2010PropOp45
 70
     1
102
RTVSPost2010Prop46
 90
       50
102
RTVSPost2010PropOp46
 70
     1
102
RTVSPost2010Prop47
 90
       50
102
RTVSPost2010PropOp47
 70
     1
102
RTVSPost2010Prop48
 90
       50
102
RTVSPost2010PropOp48
 70
     1
102
RTVSPost2010Prop49
280
     0
102
RTVSPost2010PropOp49
 70
     1
102
RTVSPost2010Prop50
 90
       50
102
RTVSPost2010PropOp50
 70
     1
102
RTVSPost2010Prop51ColorIndex
 90
      256
102
RTVSPost2010Prop51ColorRGB
 90
-16777216
102
RTVSPost2010PropOp51
 70
     0
102
RTVSPost2010Prop52
140
1.0
102
RTVSPost2010PropOp52
 70
     0
102
RTVSPost2010Prop53
 90
        2
102
RTVSPost2010PropOp53
 70
     1
102
RTVSPost2010Prop54
  1
strokes_ogs.tif
102
RTVSPost2010PropOp54
 70
     1
102
RTVSPost2010Prop55
280
     0
102
RTVSPost2010PropOp55
 70
     1
102
RTVSPost2010Prop56
140
1.0
102
RTVSPost2010PropOp56
 70
     1
102
RTVSPost2010Prop57
140
1.0
102
RTVSPost2010PropOp57
 70
     1
  0
XRECORD
  5
9E
102
{ACAD_REACTORS
330
9D
102
}
330
9D
100
AcDbXrecord
280
     1
102
RTVSPropertyOp0
 70
     1
102
RTVSPropertyOp1
 70
     1
102
RTVSPropertyOp2
 70
     1
102
RTVSPropertyOp3
 70
     1
102
RTVSPropertyOp4
 70
     1
102
RTVSPropertyOp5
 70
     1
102
RTVSPropertyOp6
 70
     1
102
RTVSPropertyOp7
 70
     1
102
RTVSPropertyOp8
 70
     1
102
RTVSPropertyOp9
 70
     1
102
RTVSPropertyOp10
 70
     1
102
RTVSPropertyOp11
 70
     1
102
RTVSPropertyOp12
 70
     1
102
RTVSPropertyOp13
 70
     1
102
RTVSPropertyOp14
 70
     1
102
RTVSPropertyOp15
 70
     1
102
RTVSPropertyOp16
 70
     1
102
RTVSPropertyOp17
 70
     1
102
RTVSPropertyOp18
 70
     1
102
RTVSPropertyOp19
 70
     1
102
RTVSPropertyOp20
 70
     1
102
RTVSPropertyOp21
 70
     1
102
RTVSPropertyOp22
 70
     1
102
RTVSPropertyOp23
 70
     1
102
RTVSPropertyOp24
 70
     1
102
RTVSPropertyOp25
 70
     1
102
RTVSPropertyOp26
 70
     1
102
RTVSPropertyOp27
 70
     1
102
RTVSPropertyOp28
 70
     1
102
RTVSPropertyOp29
 70
     1
102
RTVSPropertyOp30
 70
     1
102
RTVSPropertyOp31
 70
     1
102
RTVSPropertyOp32
 70
     1
102
RTVSPropertyOp33
 70
     1
102
RTVSPropertyOp34
 70
     1
102
RTVSPropertyOp35
 70
     1
102
RTVSPropertyOp36
 70
     1
102
RTVSPropertyOp37
 70
     1
102
RTVSPropertyOp38
 70
     1
102
RTVSPropertyOp39
 70
     1
102
RTVSPropertyOp40
 70
     1
102
RTVSPropertyOp41
 70
     1
102
RTVSPropertyOp42
 70
     1
102
RTVSPropertyOp43
 70
     1
102
RTVSPropertyOp44
 70
     1
102
RTVSPropertyOp45
 70
     1
102
RTVSPropertyOp46
 70
     1
102
RTVSPropertyOp47
 70
     1
102
RTVSPropertyOp48
 70
     1
102
RTVSPropertyOp49
 70
     1
102
RTVSPropertyOp50
 70
     1
102
RTVSPropertyOp51
 70
     0
102
RTVSPropertyOp52
 70
     0
102
RTVSPropertyOp53
 70
     1
102
RTVSPropertyOp54
 70
     1
102
RTVSPropertyOp55
 70
     1
102
RTVSPropertyOp56
 70
     1
102
RTVSPropertyOp57
 70
     1
102
RTVSPost2010Prop28
280
     0
102
RTVSPost2010PropOp28
 70
     1
102
RTVSPost2010Prop29
280
     1
102
RTVSPost2010PropOp29
 70
     1
102
RTVSPost2010Prop30
280
     1
102
RTVSPost2010PropOp30
 70
     1
102
RTVSPost2010Prop31
280
     0
102
RTVSPost2010PropOp31
 70
     1
102
RTVSPost2010Prop32
280
     0
102
RTVSPost2010PropOp32
 70
     1
102
RTVSPost2010Prop33
280
     0
102
RTVSPost2010PropOp33
 70
     1
102
RTVSPost2010Prop34
280
     0
102
RTVSPost2010PropOp34
 70
     1
102
RTVSPost2010Prop35
280
     0
102
RTVSPost2010PropOp35
 70
     1
102
RTVSPost2010Prop36
280
     0
102
RTVSPost2010PropOp36
 70
     1
102
RTVSPost2010Prop37
 90
       50
102
RTVSPost2010PropOp37
 70
     1
102
RTVSPost2010Prop38
140
0.0
102
RTVSPost2010PropOp38
 70
     1
102
RTVSPost2010Prop39
140
1.0
102
RTVSPost2010PropOp39
 70
     1
102
RTVSPost2010Prop40
 90
        0
102
RTVSPost2010PropOp40
 70
     1
102
RTVSPost2010Prop41ColorIndex
 90
       18
102
RTVSPost2010Prop41ColorRGB
 90
        0
102
RTVSPost2010PropOp41
 70
     1
102
RTVSPost2010Prop42
 90
       50
102
RTVSPost2010PropOp42
 70
     1
102
RTVSPost2010Prop43
 90
        3
102
RTVSPost2010PropOp43
 70
     1
102
RTVSPost2010Prop44ColorIndex
 90
        5
102
RTVSPost2010Prop44ColorRGB
 90
      255
102
RTVSPost2010PropOp44
 70
     1
102
RTVSPost2010Prop45
280
     0
102
RTVSPost2010PropOp45
 70
     1
102
RTVSPost2010Prop46
 90
       50
102
RTVSPost2010PropOp46
 70
     1
102
RTVSPost2010Prop47
 90
       50
102
RTVSPost2010PropOp47
 70
     1
102
RTVSPost2010Prop48
 90
       50
102
RTVSPost2010PropOp48
 70
     1
102
RTVSPost2010Prop49
280
     0
102
RTVSPost2010PropOp49
 70
     1
102
RTVSPost2010Prop50
 90
       50
102
RTVSPost2010PropOp50
 70
     1
102
RTVSPost2010Prop51ColorIndex
 90
      256
102
RTVSPost2010Prop51ColorRGB
 90
-16777216
102
RTVSPost2010PropOp51
 70
     0
102
RTVSPost2010Prop52
140
1.0
102
RTVSPost2010PropOp52
 70
     0
102
RTVSPost2010Prop53
 90
        2
102
RTVSPost2010PropOp53
 70
     1
102
RTVSPost2010Prop54
  1
strokes_ogs.tif
102
RTVSPost2010PropOp54
 70
     1
102
RTVSPost2010Prop55
280
     0
102
RTVSPost2010PropOp55
 70
     1
102
RTVSPost2010Prop56
140
1.0
102
RTVSPost2010PropOp56
 70
     1
102
RTVSPost2010Prop57
140
1.0
102
RTVSPost2010PropOp57
 70
     1
  0
XRECORD
  5
A4
102
{ACAD_REACTORS
330
A3
102
}
330
A3
100
AcDbXrecord
280
     1
102
RTVSPropertyOp0
 70
     1
102
RTVSPropertyOp1
 70
     1
102
RTVSPropertyOp2
 70
     1
102
RTVSPropertyOp3
 70
     1
102
RTVSPropertyOp4
 70
     1
102
RTVSPropertyOp5
 70
     1
102
RTVSPropertyOp6
 70
     1
102
RTVSPropertyOp7
 70
     1
102
RTVSPropertyOp8
 70
     1
102
RTVSPropertyOp9
 70
     1
102
RTVSPropertyOp10
 70
     1
102
RTVSPropertyOp11
 70
     1
102
RTVSPropertyOp12
 70
     1
102
RTVSPropertyOp13
 70
     1
102
RTVSPropertyOp14
 70
     1
102
RTVSPropertyOp15
 70
     1
102
RTVSPropertyOp16
 70
     1
102
RTVSPropertyOp17
 70
     1
102
RTVSPropertyOp18
 70
     1
102
RTVSPropertyOp19
 70
     1
102
RTVSPropertyOp20
 70
     1
102
RTVSPropertyOp21
 70
     1
102
RTVSPropertyOp22
 70
     1
102
RTVSPropertyOp23
 70
     1
102
RTVSPropertyOp24
 70
     1
102
RTVSPropertyOp25
 70
     1
102
RTVSPropertyOp26
 70
     1
102
RTVSPropertyOp27
 70
     1
102
RTVSPropertyOp28
 70
     1
102
RTVSPropertyOp29
 70
     1
102
RTVSPropertyOp30
 70
     1
102
RTVSPropertyOp31
 70
     1
102
RTVSPropertyOp32
 70
     1
102
RTVSPropertyOp33
 70
     1
102
RTVSPropertyOp34
 70
     1
102
RTVSPropertyOp35
 70
     1
102
RTVSPropertyOp36
 70
     1
102
RTVSPropertyOp37
 70
     1
102
RTVSPropertyOp38
 70
     1
102
RTVSPropertyOp39
 70
     1
102
RTVSPropertyOp40
 70
     1
102
RTVSPropertyOp41
 70
     1
102
RTVSPropertyOp42
 70
     1
102
RTVSPropertyOp43
 70
     1
102
RTVSPropertyOp44
 70
     1
102
RTVSPropertyOp45
 70
     1
102
RTVSPropertyOp46
 70
     1
102
RTVSPropertyOp47
 70
     1
102
RTVSPropertyOp48
 70
     1
102
RTVSPropertyOp49
 70
     1
102
RTVSPropertyOp50
 70
     1
102
RTVSPropertyOp51
 70
     0
102
RTVSPropertyOp52
 70
     0
102
RTVSPropertyOp53
 70
     1
102
RTVSPropertyOp54
 70
     1
102
RTVSPropertyOp55
 70
     1
102
RTVSPropertyOp56
 70
     1
102
RTVSPropertyOp57
 70
     1
102
RTVSPost2010Prop28
280
     0
102
RTVSPost2010PropOp28
 70
     1
102
RTVSPost2010Prop29
280
     1
102
RTVSPost2010PropOp29
 70
     1
102
RTVSPost2010Prop30
280
     1
102
RTVSPost2010PropOp30
 70
     1
102
RTVSPost2010Prop31
280
     0
102
RTVSPost2010PropOp31
 70
     1
102
RTVSPost2010Prop32
280
     0
102
RTVSPost2010PropOp32
 70
     1
102
RTVSPost2010Prop33
280
     0
102
RTVSPost2010PropOp33
 70
     1
102
RTVSPost2010Prop34
280
     0
102
RTVSPost2010PropOp34
 70
     1
102
RTVSPost2010Prop35
280
     0
102
RTVSPost2010PropOp35
 70
     1
102
RTVSPost2010Prop36
280
     0
102
RTVSPost2010PropOp36
 70
     1
102
RTVSPost2010Prop37
 90
       50
102
RTVSPost2010PropOp37
 70
     1
102
RTVSPost2010Prop38
140
0.0
102
RTVSPost2010PropOp38
 70
     1
102
RTVSPost2010Prop39
140
1.0
102
RTVSPost2010PropOp39
 70
     1
102
RTVSPost2010Prop40
 90
        0
102
RTVSPost2010PropOp40
 70
     1
102
RTVSPost2010Prop41ColorIndex
 90
       18
102
RTVSPost2010Prop41ColorRGB
 90
        0
102
RTVSPost2010PropOp41
 70
     1
102
RTVSPost2010Prop42
 90
       50
102
RTVSPost2010PropOp42
 70
     1
102
RTVSPost2010Prop43
 90
        3
102
RTVSPost2010PropOp43
 70
     1
102
RTVSPost2010Prop44ColorIndex
 90
        5
102
RTVSPost2010Prop44ColorRGB
 90
      255
102
RTVSPost2010PropOp44
 70
     1
102
RTVSPost2010Prop45
280
     0
102
RTVSPost2010PropOp45
 70
     1
102
RTVSPost2010Prop46
 90
       50
102
RTVSPost2010PropOp46
 70
     1
102
RTVSPost2010Prop47
 90
       50
102
RTVSPost2010PropOp47
 70
     1
102
RTVSPost2010Prop48
 90
       50
102
RTVSPost2010PropOp48
 70
     1
102
RTVSPost2010Prop49
280
     0
102
RTVSPost2010PropOp49
 70
     1
102
RTVSPost2010Prop50
 90
       50
102
RTVSPost2010PropOp50
 70
     1
102
RTVSPost2010Prop51ColorIndex
 90
      256
102
RTVSPost2010Prop51ColorRGB
 90
-16777216
102
RTVSPost2010PropOp51
 70
     0
102
RTVSPost2010Prop52
140
1.0
102
RTVSPost2010PropOp52
 70
     0
102
RTVSPost2010Prop53
 90
        2
102
RTVSPost2010PropOp53
 70
     1
102
RTVSPost2010Prop54
  1
strokes_ogs.tif
102
RTVSPost2010PropOp54
 70
     1
102
RTVSPost2010Prop55
280
     0
102
RTVSPost2010PropOp55
 70
     1
102
RTVSPost2010Prop56
140
1.0
102
RTVSPost2010PropOp56
 70
     1
102
RTVSPost2010Prop57
140
1.0
102
RTVSPost2010PropOp57
 70
     1
  0
XRECORD
  5
B8
102
{ACAD_REACTORS
330
B7
102
}
330
B7
100
AcDbXrecord
280
     1
102
RTVSPropertyOp0
 70
     0
102
RTVSPropertyOp1
 70
     0
102
RTVSPropertyOp2
 70
     0
102
RTVSPropertyOp3
 70
     0
102
RTVSPropertyOp4
 70
     0
102
RTVSPropertyOp5
 70
     0
102
RTVSPropertyOp6
 70
     0
102
RTVSPropertyOp7
 70
     0
102
RTVSPropertyOp8
 70
     0
102
RTVSPropertyOp9
 70
     0
102
RTVSPropertyOp10
 70
     0
102
RTVSPropertyOp11
 70
     0
102
RTVSPropertyOp12
 70
     0
102
RTVSPropertyOp13
 70
     0
102
RTVSPropertyOp14
 70
     2
102
RTVSPropertyOp15
 70
     0
102
RTVSPropertyOp16
 70
     0
102
RTVSPropertyOp17
 70
     0
102
RTVSPropertyOp18
 70
     0
102
RTVSPropertyOp19
 70
     0
102
RTVSPropertyOp20
 70
     0
102
RTVSPropertyOp21
 70
     0
102
RTVSPropertyOp22
 70
     0
102
RTVSPropertyOp23
 70
     0
102
RTVSPropertyOp24
 70
     0
102
RTVSPropertyOp25
 70
     0
102
RTVSPropertyOp26
 70
     0
102
RTVSPropertyOp27
 70
     0
102
RTVSPropertyOp28
 70
     0
102
RTVSPropertyOp29
 70
     0
102
RTVSPropertyOp30
 70
     0
102
RTVSPropertyOp31
 70
     0
102
RTVSPropertyOp32
 70
     0
102
RTVSPropertyOp33
 70
     0
102
RTVSPropertyOp34
 70
     0
102
RTVSPropertyOp35
 70
     0
102
RTVSPropertyOp36
 70
     0
102
RTVSPropertyOp37
 70
     0
102
RTVSPropertyOp38
 70
     0
102
RTVSPropertyOp39
 70
     0
102
RTVSPropertyOp40
 70
     0
102
RTVSPropertyOp41
 70
     0
102
RTVSPropertyOp42
 70
     0
102
RTVSPropertyOp43
 70
     0
102
RTVSPropertyOp44
 70
     0
102
RTVSPropertyOp45
 70
     0
102
RTVSPropertyOp46
 70
     0
102
RTVSPropertyOp47
 70
     0
102
RTVSPropertyOp48
 70
     0
102
RTVSPropertyOp49
 70
     0
102
RTVSPropertyOp50
 70
     0
102
RTVSPropertyOp51
 70
     0
102
RTVSPropertyOp52
 70
     0
102
RTVSPropertyOp53
 70
     0
102
RTVSPropertyOp54
 70
     0
102
RTVSPropertyOp55
 70
     0
102
RTVSPropertyOp56
 70
     0
102
RTVSPropertyOp57
 70
     0
102
RTVSPost2010Prop28
280
     0
102
RTVSPost2010PropOp28
 70
     0
102
RTVSPost2010Prop29
280
     1
102
RTVSPost2010PropOp29
 70
     0
102
RTVSPost2010Prop30
280
     1
102
RTVSPost2010PropOp30
 70
     0
102
RTVSPost2010Prop31
280
     0
102
RTVSPost2010PropOp31
 70
     0
102
RTVSPost2010Prop32
280
     0
102
RTVSPost2010PropOp32
 70
     0
102
RTVSPost2010Prop33
280
     0
102
RTVSPost2010PropOp33
 70
     0
102
RTVSPost2010Prop34
280
     0
102
RTVSPost2010PropOp34
 70
     0
102
RTVSPost2010Prop35
280
     0
102
RTVSPost2010PropOp35
 70
     0
102
RTVSPost2010Prop36
280
     0
102
RTVSPost2010PropOp36
 70
     0
102
RTVSPost2010Prop37
 90
       50
102
RTVSPost2010PropOp37
 70
     0
102
RTVSPost2010Prop38
140
0.0
102
RTVSPost2010PropOp38
 70
     0
102
RTVSPost2010Prop39
140
1.0
102
RTVSPost2010PropOp39
 70
     0
102
RTVSPost2010Prop40
 90
        0
102
RTVSPost2010PropOp40
 70
     0
102
RTVSPost2010Prop41ColorIndex
 90
       18
102
RTVSPost2010Prop41ColorRGB
 90
        0
102
RTVSPost2010PropOp41
 70
     0
102
RTVSPost2010Prop42
 90
       50
102
RTVSPost2010PropOp42
 70
     0
102
RTVSPost2010Prop43
 90
        3
102
RTVSPost2010PropOp43
 70
     0
102
RTVSPost2010Prop44ColorIndex
 90
        5
102
RTVSPost2010Prop44ColorRGB
 90
      255
102
RTVSPost2010PropOp44
 70
     0
102
RTVSPost2010Prop45
280
     0
102
RTVSPost2010PropOp45
 70
     0
102
RTVSPost2010Prop46
 90
       50
102
RTVSPost2010PropOp46
 70
     0
102
RTVSPost2010Prop47
 90
       50
102
RTVSPost2010PropOp47
 70
     0
102
RTVSPost2010Prop48
 90
       50
102
RTVSPost2010PropOp48
 70
     0
102
RTVSPost2010Prop49
280
     0
102
RTVSPost2010PropOp49
 70
     0
102
RTVSPost2010Prop50
 90
       50
102
RTVSPost2010PropOp50
 70
     0
102
RTVSPost2010Prop51ColorIndex
 90
      256
102
RTVSPost2010Prop51ColorRGB
 90
-16777216
102
RTVSPost2010PropOp51
 70
     0
102
RTVSPost2010Prop52
140
1.0
102
RTVSPost2010PropOp52
 70
     0
102
RTVSPost2010Prop53
 90
        2
102
RTVSPost2010PropOp53
 70
     0
102
RTVSPost2010Prop54
  1
strokes_ogs.tif
102
RTVSPost2010PropOp54
 70
     0
102
RTVSPost2010Prop55
280
     0
102
RTVSPost2010PropOp55
 70
     0
102
RTVSPost2010Prop56
140
1.0
102
RTVSPost2010PropOp56
 70
     0
102
RTVSPost2010Prop57
140
1.0
102
RTVSPost2010PropOp57
 70
     0
  0
XRECORD
  5
B2
102
{ACAD_REACTORS
330
B1
102
}
330
B1
100
AcDbXrecord
280
     1
102
RTVSPropertyOp0
 70
     1
102
RTVSPropertyOp1
 70
     1
102
RTVSPropertyOp2
 70
     1
102
RTVSPropertyOp3
 70
     1
102
RTVSPropertyOp4
 70
     1
102
RTVSPropertyOp5
 70
     1
102
RTVSPropertyOp6
 70
     1
102
RTVSPropertyOp7
 70
     1
102
RTVSPropertyOp8
 70
     1
102
RTVSPropertyOp9
 70
     1
102
RTVSPropertyOp10
 70
     1
102
RTVSPropertyOp11
 70
     1
102
RTVSPropertyOp12
 70
     1
102
RTVSPropertyOp13
 70
     1
102
RTVSPropertyOp14
 70
     1
102
RTVSPropertyOp15
 70
     1
102
RTVSPropertyOp16
 70
     1
102
RTVSPropertyOp17
 70
     1
102
RTVSPropertyOp18
 70
     1
102
RTVSPropertyOp19
 70
     1
102
RTVSPropertyOp20
 70
     1
102
RTVSPropertyOp21
 70
     1
102
RTVSPropertyOp22
 70
     1
102
RTVSPropertyOp23
 70
     1
102
RTVSPropertyOp24
 70
     1
102
RTVSPropertyOp25
 70
     1
102
RTVSPropertyOp26
 70
     1
102
RTVSPropertyOp27
 70
     1
102
RTVSPropertyOp28
 70
     1
102
RTVSPropertyOp29
 70
     1
102
RTVSPropertyOp30
 70
     1
102
RTVSPropertyOp31
 70
     1
102
RTVSPropertyOp32
 70
     1
102
RTVSPropertyOp33
 70
     1
102
RTVSPropertyOp34
 70
     1
102
RTVSPropertyOp35
 70
     1
102
RTVSPropertyOp36
 70
     1
102
RTVSPropertyOp37
 70
     1
102
RTVSPropertyOp38
 70
     1
102
RTVSPropertyOp39
 70
     1
102
RTVSPropertyOp40
 70
     1
102
RTVSPropertyOp41
 70
     1
102
RTVSPropertyOp42
 70
     1
102
RTVSPropertyOp43
 70
     1
102
RTVSPropertyOp44
 70
     1
102
RTVSPropertyOp45
 70
     1
102
RTVSPropertyOp46
 70
     1
102
RTVSPropertyOp47
 70
     1
102
RTVSPropertyOp48
 70
     1
102
RTVSPropertyOp49
 70
     1
102
RTVSPropertyOp50
 70
     1
102
RTVSPropertyOp51
 70
     0
102
RTVSPropertyOp52
 70
     0
102
RTVSPropertyOp53
 70
     1
102
RTVSPropertyOp54
 70
     1
102
RTVSPropertyOp55
 70
     1
102
RTVSPropertyOp56
 70
     1
102
RTVSPropertyOp57
 70
     1
102
RTVSPost2010Prop28
280
     0
102
RTVSPost2010PropOp28
 70
     1
102
RTVSPost2010Prop29
280
     1
102
RTVSPost2010PropOp29
 70
     1
102
RTVSPost2010Prop30
280
     1
102
RTVSPost2010PropOp30
 70
     1
102
RTVSPost2010Prop31
280
     0
102
RTVSPost2010PropOp31
 70
     1
102
RTVSPost2010Prop32
280
     0
102
RTVSPost2010PropOp32
 70
     1
102
RTVSPost2010Prop33
280
     0
102
RTVSPost2010PropOp33
 70
     1
102
RTVSPost2010Prop34
280
     0
102
RTVSPost2010PropOp34
 70
     1
102
RTVSPost2010Prop35
280
     0
102
RTVSPost2010PropOp35
 70
     1
102
RTVSPost2010Prop36
280
     0
102
RTVSPost2010PropOp36
 70
     1
102
RTVSPost2010Prop37
 90
       50
102
RTVSPost2010PropOp37
 70
     1
102
RTVSPost2010Prop38
140
0.0
102
RTVSPost2010PropOp38
 70
     1
102
RTVSPost2010Prop39
140
1.0
102
RTVSPost2010PropOp39
 70
     1
102
RTVSPost2010Prop40
 90
        0
102
RTVSPost2010PropOp40
 70
     1
102
RTVSPost2010Prop41ColorIndex
 90
       18
102
RTVSPost2010Prop41ColorRGB
 90
        0
102
RTVSPost2010PropOp41
 70
     1
102
RTVSPost2010Prop42
 90
       50
102
RTVSPost2010PropOp42
 70
     1
102
RTVSPost2010Prop43
 90
        3
102
RTVSPost2010PropOp43
 70
     1
102
RTVSPost2010Prop44ColorIndex
 90
        5
102
RTVSPost2010Prop44ColorRGB
 90
      255
102
RTVSPost2010PropOp44
 70
     1
102
RTVSPost2010Prop45
280
     0
102
RTVSPost2010PropOp45
 70
     1
102
RTVSPost2010Prop46
 90
       50
102
RTVSPost2010PropOp46
 70
     1
102
RTVSPost2010Prop47
 90
       50
102
RTVSPost2010PropOp47
 70
     1
102
RTVSPost2010Prop48
 90
       50
102
RTVSPost2010PropOp48
 70
     1
102
RTVSPost2010Prop49
280
     0
102
RTVSPost2010PropOp49
 70
     1
102
RTVSPost2010Prop50
 90
       50
102
RTVSPost2010PropOp50
 70
     1
102
RTVSPost2010Prop51ColorIndex
 90
      256
102
RTVSPost2010Prop51ColorRGB
 90
-16777216
102
RTVSPost2010PropOp51
 70
     0
102
RTVSPost2010Prop52
140
1.0
102
RTVSPost2010PropOp52
 70
     0
102
RTVSPost2010Prop53
 90
        2
102
RTVSPost2010PropOp53
 70
     1
102
RTVSPost2010Prop54
  1
strokes_ogs.tif
102
RTVSPost2010PropOp54
 70
     1
102
RTVSPost2010Prop55
280
     0
102
RTVSPost2010PropOp55
 70
     1
102
RTVSPost2010Prop56
140
1.0
102
RTVSPost2010PropOp56
 70
     1
102
RTVSPost2010Prop57
140
1.0
102
RTVSPost2010PropOp57
 70
     1
  0
XRECORD
  5
BA
102
{ACAD_REACTORS
330
B9
102
}
330
B9
100
AcDbXrecord
280
     1
102
RTVSPropertyOp0
 70
     0
102
RTVSPropertyOp1
 70
     0
102
RTVSPropertyOp2
 70
     0
102
RTVSPropertyOp3
 70
     0
102
RTVSPropertyOp4
 70
     0
102
RTVSPropertyOp5
 70
     0
102
RTVSPropertyOp6
 70
     0
102
RTVSPropertyOp7
 70
     0
102
RTVSPropertyOp8
 70
     0
102
RTVSPropertyOp9
 70
     0
102
RTVSPropertyOp10
 70
     0
102
RTVSPropertyOp11
 70
     0
102
RTVSPropertyOp12
 70
     0
102
RTVSPropertyOp13
 70
     0
102
RTVSPropertyOp14
 70
     2
102
RTVSPropertyOp15
 70
     0
102
RTVSPropertyOp16
 70
     0
102
RTVSPropertyOp17
 70
     0
102
RTVSPropertyOp18
 70
     0
102
RTVSPropertyOp19
 70
     0
102
RTVSPropertyOp20
 70
     0
102
RTVSPropertyOp21
 70
     0
102
RTVSPropertyOp22
 70
     0
102
RTVSPropertyOp23
 70
     0
102
RTVSPropertyOp24
 70
     0
102
RTVSPropertyOp25
 70
     0
102
RTVSPropertyOp26
 70
     0
102
RTVSPropertyOp27
 70
     0
102
RTVSPropertyOp28
 70
     0
102
RTVSPropertyOp29
 70
     0
102
RTVSPropertyOp30
 70
     0
102
RTVSPropertyOp31
 70
     0
102
RTVSPropertyOp32
 70
     0
102
RTVSPropertyOp33
 70
     0
102
RTVSPropertyOp34
 70
     0
102
RTVSPropertyOp35
 70
     0
102
RTVSPropertyOp36
 70
     0
102
RTVSPropertyOp37
 70
     0
102
RTVSPropertyOp38
 70
     0
102
RTVSPropertyOp39
 70
     0
102
RTVSPropertyOp40
 70
     0
102
RTVSPropertyOp41
 70
     0
102
RTVSPropertyOp42
 70
     0
102
RTVSPropertyOp43
 70
     0
102
RTVSPropertyOp44
 70
     0
102
RTVSPropertyOp45
 70
     0
102
RTVSPropertyOp46
 70
     0
102
RTVSPropertyOp47
 70
     0
102
RTVSPropertyOp48
 70
     0
102
RTVSPropertyOp49
 70
     0
102
RTVSPropertyOp50
 70
     0
102
RTVSPropertyOp51
 70
     0
102
RTVSPropertyOp52
 70
     0
102
RTVSPropertyOp53
 70
     0
102
RTVSPropertyOp54
 70
     0
102
RTVSPropertyOp55
 70
     0
102
RTVSPropertyOp56
 70
     0
102
RTVSPropertyOp57
 70
     0
102
RTVSPost2010Prop28
280
     0
102
RTVSPost2010PropOp28
 70
     0
102
RTVSPost2010Prop29
280
     1
102
RTVSPost2010PropOp29
 70
     0
102
RTVSPost2010Prop30
280
     1
102
RTVSPost2010PropOp30
 70
     0
102
RTVSPost2010Prop31
280
     0
102
RTVSPost2010PropOp31
 70
     0
102
RTVSPost2010Prop32
280
     0
102
RTVSPost2010PropOp32
 70
     0
102
RTVSPost2010Prop33
280
     0
102
RTVSPost2010PropOp33
 70
     0
102
RTVSPost2010Prop34
280
     0
102
RTVSPost2010PropOp34
 70
     0
102
RTVSPost2010Prop35
280
     0
102
RTVSPost2010PropOp35
 70
     0
102
RTVSPost2010Prop36
280
     0
102
RTVSPost2010PropOp36
 70
     0
102
RTVSPost2010Prop37
 90
       50
102
RTVSPost2010PropOp37
 70
     0
102
RTVSPost2010Prop38
140
0.0
102
RTVSPost2010PropOp38
 70
     0
102
RTVSPost2010Prop39
140
1.0
102
RTVSPost2010PropOp39
 70
     0
102
RTVSPost2010Prop40
 90
        0
102
RTVSPost2010PropOp40
 70
     0
102
RTVSPost2010Prop41ColorIndex
 90
       18
102
RTVSPost2010Prop41ColorRGB
 90
        0
102
RTVSPost2010PropOp41
 70
     0
102
RTVSPost2010Prop42
 90
       50
102
RTVSPost2010PropOp42
 70
     0
102
RTVSPost2010Prop43
 90
        3
102
RTVSPost2010PropOp43
 70
     0
102
RTVSPost2010Prop44ColorIndex
 90
        5
102
RTVSPost2010Prop44ColorRGB
 90
      255
102
RTVSPost2010PropOp44
 70
     0
102
RTVSPost2010Prop45
280
     0
102
RTVSPost2010PropOp45
 70
     0
102
RTVSPost2010Prop46
 90
       50
102
RTVSPost2010PropOp46
 70
     0
102
RTVSPost2010Prop47
 90
       50
102
RTVSPost2010PropOp47
 70
     0
102
RTVSPost2010Prop48
 90
       50
102
RTVSPost2010PropOp48
 70
     0
102
RTVSPost2010Prop49
280
     0
102
RTVSPost2010PropOp49
 70
     0
102
RTVSPost2010Prop50
 90
       50
102
RTVSPost2010PropOp50
 70
     0
102
RTVSPost2010Prop51ColorIndex
 90
      256
102
RTVSPost2010Prop51ColorRGB
 90
-16777216
102
RTVSPost2010PropOp51
 70
     0
102
RTVSPost2010Prop52
140
1.0
102
RTVSPost2010PropOp52
 70
     0
102
RTVSPost2010Prop53
 90
        2
102
RTVSPost2010PropOp53
 70
     0
102
RTVSPost2010Prop54
  1
strokes_ogs.tif
102
RTVSPost2010PropOp54
 70
     0
102
RTVSPost2010Prop55
280
     0
102
RTVSPost2010PropOp55
 70
     0
102
RTVSPost2010Prop56
140
1.0
102
RTVSPost2010PropOp56
 70
     0
102
RTVSPost2010Prop57
140
1.0
102
RTVSPost2010PropOp57
 70
     0
  0
XRECORD
  5
A8
102
{ACAD_REACTORS
330
A7
102
}
330
A7
100
AcDbXrecord
280
     1
102
RTVSPropertyOp0
 70
     1
102
RTVSPropertyOp1
 70
     1
102
RTVSPropertyOp2
 70
     1
102
RTVSPropertyOp3
 70
     1
102
RTVSPropertyOp4
 70
     1
102
RTVSPropertyOp5
 70
     1
102
RTVSPropertyOp6
 70
     1
102
RTVSPropertyOp7
 70
     1
102
RTVSPropertyOp8
 70
     1
102
RTVSPropertyOp9
 70
     1
102
RTVSPropertyOp10
 70
     1
102
RTVSPropertyOp11
 70
     1
102
RTVSPropertyOp12
 70
     1
102
RTVSPropertyOp13
 70
     1
102
RTVSPropertyOp14
 70
     1
102
RTVSPropertyOp15
 70
     1
102
RTVSPropertyOp16
 70
     1
102
RTVSPropertyOp17
 70
     1
102
RTVSPropertyOp18
 70
     1
102
RTVSPropertyOp19
 70
     1
102
RTVSPropertyOp20
 70
     1
102
RTVSPropertyOp21
 70
     1
102
RTVSPropertyOp22
 70
     1
102
RTVSPropertyOp23
 70
     1
102
RTVSPropertyOp24
 70
     1
102
RTVSPropertyOp25
 70
     1
102
RTVSPropertyOp26
 70
     1
102
RTVSPropertyOp27
 70
     1
102
RTVSPropertyOp28
 70
     1
102
RTVSPropertyOp29
 70
     1
102
RTVSPropertyOp30
 70
     1
102
RTVSPropertyOp31
 70
     1
102
RTVSPropertyOp32
 70
     1
102
RTVSPropertyOp33
 70
     1
102
RTVSPropertyOp34
 70
     1
102
RTVSPropertyOp35
 70
     1
102
RTVSPropertyOp36
 70
     1
102
RTVSPropertyOp37
 70
     1
102
RTVSPropertyOp38
 70
     1
102
RTVSPropertyOp39
 70
     1
102
RTVSPropertyOp40
 70
     1
102
RTVSPropertyOp41
 70
     1
102
RTVSPropertyOp42
 70
     1
102
RTVSPropertyOp43
 70
     1
102
RTVSPropertyOp44
 70
     1
102
RTVSPropertyOp45
 70
     1
102
RTVSPropertyOp46
 70
     1
102
RTVSPropertyOp47
 70
     1
102
RTVSPropertyOp48
 70
     1
102
RTVSPropertyOp49
 70
     1
102
RTVSPropertyOp50
 70
     1
102
RTVSPropertyOp51
 70
     0
102
RTVSPropertyOp52
 70
     0
102
RTVSPropertyOp53
 70
     1
102
RTVSPropertyOp54
 70
     1
102
RTVSPropertyOp55
 70
     1
102
RTVSPropertyOp56
 70
     1
102
RTVSPropertyOp57
 70
     1
102
RTVSPost2010Prop28
280
     0
102
RTVSPost2010PropOp28
 70
     1
102
RTVSPost2010Prop29
280
     1
102
RTVSPost2010PropOp29
 70
     1
102
RTVSPost2010Prop30
280
     1
102
RTVSPost2010PropOp30
 70
     1
102
RTVSPost2010Prop31
280
     0
102
RTVSPost2010PropOp31
 70
     1
102
RTVSPost2010Prop32
280
     0
102
RTVSPost2010PropOp32
 70
     1
102
RTVSPost2010Prop33
280
     0
102
RTVSPost2010PropOp33
 70
     1
102
RTVSPost2010Prop34
280
     0
102
RTVSPost2010PropOp34
 70
     1
102
RTVSPost2010Prop35
280
     0
102
RTVSPost2010PropOp35
 70
     1
102
RTVSPost2010Prop36
280
     0
102
RTVSPost2010PropOp36
 70
     1
102
RTVSPost2010Prop37
 90
       50
102
RTVSPost2010PropOp37
 70
     1
102
RTVSPost2010Prop38
140
0.0
102
RTVSPost2010PropOp38
 70
     1
102
RTVSPost2010Prop39
140
1.0
102
RTVSPost2010PropOp39
 70
     1
102
RTVSPost2010Prop40
 90
        0
102
RTVSPost2010PropOp40
 70
     1
102
RTVSPost2010Prop41ColorIndex
 90
       18
102
RTVSPost2010Prop41ColorRGB
 90
        0
102
RTVSPost2010PropOp41
 70
     1
102
RTVSPost2010Prop42
 90
       50
102
RTVSPost2010PropOp42
 70
     1
102
RTVSPost2010Prop43
 90
        3
102
RTVSPost2010PropOp43
 70
     1
102
RTVSPost2010Prop44ColorIndex
 90
        5
102
RTVSPost2010Prop44ColorRGB
 90
      255
102
RTVSPost2010PropOp44
 70
     1
102
RTVSPost2010Prop45
280
     0
102
RTVSPost2010PropOp45
 70
     1
102
RTVSPost2010Prop46
 90
       50
102
RTVSPost2010PropOp46
 70
     1
102
RTVSPost2010Prop47
 90
       50
102
RTVSPost2010PropOp47
 70
     1
102
RTVSPost2010Prop48
 90
       50
102
RTVSPost2010PropOp48
 70
     1
102
RTVSPost2010Prop49
280
     0
102
RTVSPost2010PropOp49
 70
     1
102
RTVSPost2010Prop50
 90
       50
102
RTVSPost2010PropOp50
 70
     1
102
RTVSPost2010Prop51ColorIndex
 90
      256
102
RTVSPost2010Prop51ColorRGB
 90
-16777216
102
RTVSPost2010PropOp51
 70
     0
102
RTVSPost2010Prop52
140
1.0
102
RTVSPost2010PropOp52
 70
     0
102
RTVSPost2010Prop53
 90
        2
102
RTVSPost2010PropOp53
 70
     1
102
RTVSPost2010Prop54
  1
strokes_ogs.tif
102
RTVSPost2010PropOp54
 70
     1
102
RTVSPost2010Prop55
280
     0
102
RTVSPost2010PropOp55
 70
     1
102
RTVSPost2010Prop56
140
1.0
102
RTVSPost2010PropOp56
 70
     1
102
RTVSPost2010Prop57
140
1.0
102
RTVSPost2010PropOp57
 70
     1
  0
XRECORD
  5
C6
102
{ACAD_REACTORS
330
C5
102
}
330
C5
100
AcDbXrecord
280
     1
102
RTVSPropertyOp0
 70
     1
102
RTVSPropertyOp1
 70
     1
102
RTVSPropertyOp2
 70
     1
102
RTVSPropertyOp3
 70
     1
102
RTVSPropertyOp4
 70
     1
102
RTVSPropertyOp5
 70
     1
102
RTVSPropertyOp6
 70
     1
102
RTVSPropertyOp7
 70
     1
102
RTVSPropertyOp8
 70
     1
102
RTVSPropertyOp9
 70
     1
102
RTVSPropertyOp10
 70
     1
102
RTVSPropertyOp11
 70
     1
102
RTVSPropertyOp12
 70
     1
102
RTVSPropertyOp13
 70
     1
102
RTVSPropertyOp14
 70
     1
102
RTVSPropertyOp15
 70
     1
102
RTVSPropertyOp16
 70
     1
102
RTVSPropertyOp17
 70
     1
102
RTVSPropertyOp18
 70
     1
102
RTVSPropertyOp19
 70
     1
102
RTVSPropertyOp20
 70
     1
102
RTVSPropertyOp21
 70
     1
102
RTVSPropertyOp22
 70
     1
102
RTVSPropertyOp23
 70
     1
102
RTVSPropertyOp24
 70
     1
102
RTVSPropertyOp25
 70
     1
102
RTVSPropertyOp26
 70
     1
102
RTVSPropertyOp27
 70
     1
102
RTVSPropertyOp28
 70
     1
102
RTVSPropertyOp29
 70
     1
102
RTVSPropertyOp30
 70
     1
102
RTVSPropertyOp31
 70
     1
102
RTVSPropertyOp32
 70
     1
102
RTVSPropertyOp33
 70
     1
102
RTVSPropertyOp34
 70
     1
102
RTVSPropertyOp35
 70
     1
102
RTVSPropertyOp36
 70
     1
102
RTVSPropertyOp37
 70
     1
102
RTVSPropertyOp38
 70
     1
102
RTVSPropertyOp39
 70
     1
102
RTVSPropertyOp40
 70
     1
102
RTVSPropertyOp41
 70
     1
102
RTVSPropertyOp42
 70
     1
102
RTVSPropertyOp43
 70
     1
102
RTVSPropertyOp44
 70
     1
102
RTVSPropertyOp45
 70
     1
102
RTVSPropertyOp46
 70
     1
102
RTVSPropertyOp47
 70
     1
102
RTVSPropertyOp48
 70
     1
102
RTVSPropertyOp49
 70
     1
102
RTVSPropertyOp50
 70
     1
102
RTVSPropertyOp51
 70
     0
102
RTVSPropertyOp52
 70
     0
102
RTVSPropertyOp53
 70
     1
102
RTVSPropertyOp54
 70
     1
102
RTVSPropertyOp55
 70
     1
102
RTVSPropertyOp56
 70
     1
102
RTVSPropertyOp57
 70
     1
102
RTVSPost2010Prop28
280
     0
102
RTVSPost2010PropOp28
 70
     1
102
RTVSPost2010Prop29
280
     1
102
RTVSPost2010PropOp29
 70
     1
102
RTVSPost2010Prop30
280
     1
102
RTVSPost2010PropOp30
 70
     1
102
RTVSPost2010Prop31
280
     0
102
RTVSPost2010PropOp31
 70
     1
102
RTVSPost2010Prop32
280
     0
102
RTVSPost2010PropOp32
 70
     1
102
RTVSPost2010Prop33
280
     0
102
RTVSPost2010PropOp33
 70
     1
102
RTVSPost2010Prop34
280
     0
102
RTVSPost2010PropOp34
 70
     1
102
RTVSPost2010Prop35
280
     0
102
RTVSPost2010PropOp35
 70
     1
102
RTVSPost2010Prop36
280
     0
102
RTVSPost2010PropOp36
 70
     1
102
RTVSPost2010Prop37
 90
       50
102
RTVSPost2010PropOp37
 70
     1
102
RTVSPost2010Prop38
140
0.0
102
RTVSPost2010PropOp38
 70
     1
102
RTVSPost2010Prop39
140
1.0
102
RTVSPost2010PropOp39
 70
     1
102
RTVSPost2010Prop40
 90
        0
102
RTVSPost2010PropOp40
 70
     1
102
RTVSPost2010Prop41ColorIndex
 90
       18
102
RTVSPost2010Prop41ColorRGB
 90
        0
102
RTVSPost2010PropOp41
 70
     1
102
RTVSPost2010Prop42
 90
       50
102
RTVSPost2010PropOp42
 70
     1
102
RTVSPost2010Prop43
 90
        3
102
RTVSPost2010PropOp43
 70
     1
102
RTVSPost2010Prop44ColorIndex
 90
        5
102
RTVSPost2010Prop44ColorRGB
 90
      255
102
RTVSPost2010PropOp44
 70
     1
102
RTVSPost2010Prop45
280
     0
102
RTVSPost2010PropOp45
 70
     1
102
RTVSPost2010Prop46
 90
       50
102
RTVSPost2010PropOp46
 70
     1
102
RTVSPost2010Prop47
 90
       50
102
RTVSPost2010PropOp47
 70
     1
102
RTVSPost2010Prop48
 90
       50
102
RTVSPost2010PropOp48
 70
     1
102
RTVSPost2010Prop49
280
     0
102
RTVSPost2010PropOp49
 70
     1
102
RTVSPost2010Prop50
 90
       50
102
RTVSPost2010PropOp50
 70
     1
102
RTVSPost2010Prop51ColorIndex
 90
      256
102
RTVSPost2010Prop51ColorRGB
 90
-16777216
102
RTVSPost2010PropOp51
 70
     0
102
RTVSPost2010Prop52
140
1.0
102
RTVSPost2010PropOp52
 70
     0
102
RTVSPost2010Prop53
 90
        2
102
RTVSPost2010PropOp53
 70
     1
102
RTVSPost2010Prop54
  1
strokes_ogs.tif
102
RTVSPost2010PropOp54
 70
     1
102
RTVSPost2010Prop55
280
     0
102
RTVSPost2010PropOp55
 70
     1
102
RTVSPost2010Prop56
140
1.0
102
RTVSPost2010PropOp56
 70
     1
102
RTVSPost2010Prop57
140
1.0
102
RTVSPost2010PropOp57
 70
     1
  0
XRECORD
  5
C4
102
{ACAD_REACTORS
330
C3
102
}
330
C3
100
AcDbXrecord
280
     1
102
RTVSPropertyOp0
 70
     1
102
RTVSPropertyOp1
 70
     1
102
RTVSPropertyOp2
 70
     1
102
RTVSPropertyOp3
 70
     1
102
RTVSPropertyOp4
 70
     1
102
RTVSPropertyOp5
 70
     1
102
RTVSPropertyOp6
 70
     1
102
RTVSPropertyOp7
 70
     1
102
RTVSPropertyOp8
 70
     1
102
RTVSPropertyOp9
 70
     1
102
RTVSPropertyOp10
 70
     1
102
RTVSPropertyOp11
 70
     1
102
RTVSPropertyOp12
 70
     1
102
RTVSPropertyOp13
 70
     1
102
RTVSPropertyOp14
 70
     1
102
RTVSPropertyOp15
 70
     1
102
RTVSPropertyOp16
 70
     1
102
RTVSPropertyOp17
 70
     1
102
RTVSPropertyOp18
 70
     1
102
RTVSPropertyOp19
 70
     1
102
RTVSPropertyOp20
 70
     1
102
RTVSPropertyOp21
 70
     1
102
RTVSPropertyOp22
 70
     1
102
RTVSPropertyOp23
 70
     1
102
RTVSPropertyOp24
 70
     1
102
RTVSPropertyOp25
 70
     1
102
RTVSPropertyOp26
 70
     1
102
RTVSPropertyOp27
 70
     1
102
RTVSPropertyOp28
 70
     1
102
RTVSPropertyOp29
 70
     1
102
RTVSPropertyOp30
 70
     1
102
RTVSPropertyOp31
 70
     1
102
RTVSPropertyOp32
 70
     1
102
RTVSPropertyOp33
 70
     1
102
RTVSPropertyOp34
 70
     1
102
RTVSPropertyOp35
 70
     1
102
RTVSPropertyOp36
 70
     1
102
RTVSPropertyOp37
 70
     1
102
RTVSPropertyOp38
 70
     1
102
RTVSPropertyOp39
 70
     1
102
RTVSPropertyOp40
 70
     1
102
RTVSPropertyOp41
 70
     1
102
RTVSPropertyOp42
 70
     1
102
RTVSPropertyOp43
 70
     1
102
RTVSPropertyOp44
 70
     1
102
RTVSPropertyOp45
 70
     1
102
RTVSPropertyOp46
 70
     1
102
RTVSPropertyOp47
 70
     1
102
RTVSPropertyOp48
 70
     1
102
RTVSPropertyOp49
 70
     1
102
RTVSPropertyOp50
 70
     1
102
RTVSPropertyOp51
 70
     0
102
RTVSPropertyOp52
 70
     0
102
RTVSPropertyOp53
 70
     1
102
RTVSPropertyOp54
 70
     1
102
RTVSPropertyOp55
 70
     1
102
RTVSPropertyOp56
 70
     1
102
RTVSPropertyOp57
 70
     1
102
RTVSPost2010Prop28
280
     0
102
RTVSPost2010PropOp28
 70
     1
102
RTVSPost2010Prop29
280
     1
102
RTVSPost2010PropOp29
 70
     1
102
RTVSPost2010Prop30
280
     1
102
RTVSPost2010PropOp30
 70
     1
102
RTVSPost2010Prop31
280
     0
102
RTVSPost2010PropOp31
 70
     1
102
RTVSPost2010Prop32
280
     0
102
RTVSPost2010PropOp32
 70
     1
102
RTVSPost2010Prop33
280
     0
102
RTVSPost2010PropOp33
 70
     1
102
RTVSPost2010Prop34
280
     0
102
RTVSPost2010PropOp34
 70
     1
102
RTVSPost2010Prop35
280
     0
102
RTVSPost2010PropOp35
 70
     1
102
RTVSPost2010Prop36
280
     0
102
RTVSPost2010PropOp36
 70
     1
102
RTVSPost2010Prop37
 90
       50
102
RTVSPost2010PropOp37
 70
     1
102
RTVSPost2010Prop38
140
0.0
102
RTVSPost2010PropOp38
 70
     1
102
RTVSPost2010Prop39
140
1.0
102
RTVSPost2010PropOp39
 70
     1
102
RTVSPost2010Prop40
 90
        0
102
RTVSPost2010PropOp40
 70
     1
102
RTVSPost2010Prop41ColorIndex
 90
       18
102
RTVSPost2010Prop41ColorRGB
 90
        0
102
RTVSPost2010PropOp41
 70
     1
102
RTVSPost2010Prop42
 90
       50
102
RTVSPost2010PropOp42
 70
     1
102
RTVSPost2010Prop43
 90
        3
102
RTVSPost2010PropOp43
 70
     1
102
RTVSPost2010Prop44ColorIndex
 90
        5
102
RTVSPost2010Prop44ColorRGB
 90
      255
102
RTVSPost2010PropOp44
 70
     1
102
RTVSPost2010Prop45
280
     0
102
RTVSPost2010PropOp45
 70
     1
102
RTVSPost2010Prop46
 90
       50
102
RTVSPost2010PropOp46
 70
     1
102
RTVSPost2010Prop47
 90
       50
102
RTVSPost2010PropOp47
 70
     1
102
RTVSPost2010Prop48
 90
       50
102
RTVSPost2010PropOp48
 70
     1
102
RTVSPost2010Prop49
280
     0
102
RTVSPost2010PropOp49
 70
     1
102
RTVSPost2010Prop50
 90
       50
102
RTVSPost2010PropOp50
 70
     1
102
RTVSPost2010Prop51ColorIndex
 90
      256
102
RTVSPost2010Prop51ColorRGB
 90
-16777216
102
RTVSPost2010PropOp51
 70
     0
102
RTVSPost2010Prop52
140
1.0
102
RTVSPost2010PropOp52
 70
     0
102
RTVSPost2010Prop53
 90
        2
102
RTVSPost2010PropOp53
 70
     1
102
RTVSPost2010Prop54
  1
strokes_ogs.tif
102
RTVSPost2010PropOp54
 70
     1
102
RTVSPost2010Prop55
280
     0
102
RTVSPost2010PropOp55
 70
     1
102
RTVSPost2010Prop56
140
1.0
102
RTVSPost2010PropOp56
 70
     1
102
RTVSPost2010Prop57
140
1.0
102
RTVSPost2010PropOp57
 70
     1
  0
XRECORD
  5
BE
102
{ACAD_REACTORS
330
BD
102
}
330
BD
100
AcDbXrecord
280
     1
102
RTVSPropertyOp0
 70
     1
102
RTVSPropertyOp1
 70
     1
102
RTVSPropertyOp2
 70
     1
102
RTVSPropertyOp3
 70
     1
102
RTVSPropertyOp4
 70
     1
102
RTVSPropertyOp5
 70
     1
102
RTVSPropertyOp6
 70
     1
102
RTVSPropertyOp7
 70
     1
102
RTVSPropertyOp8
 70
     1
102
RTVSPropertyOp9
 70
     1
102
RTVSPropertyOp10
 70
     1
102
RTVSPropertyOp11
 70
     1
102
RTVSPropertyOp12
 70
     1
102
RTVSPropertyOp13
 70
     1
102
RTVSPropertyOp14
 70
     1
102
RTVSPropertyOp15
 70
     1
102
RTVSPropertyOp16
 70
     1
102
RTVSPropertyOp17
 70
     1
102
RTVSPropertyOp18
 70
     1
102
RTVSPropertyOp19
 70
     1
102
RTVSPropertyOp20
 70
     1
102
RTVSPropertyOp21
 70
     1
102
RTVSPropertyOp22
 70
     1
102
RTVSPropertyOp23
 70
     1
102
RTVSPropertyOp24
 70
     1
102
RTVSPropertyOp25
 70
     1
102
RTVSPropertyOp26
 70
     1
102
RTVSPropertyOp27
 70
     1
102
RTVSPropertyOp28
 70
     1
102
RTVSPropertyOp29
 70
     1
102
RTVSPropertyOp30
 70
     1
102
RTVSPropertyOp31
 70
     1
102
RTVSPropertyOp32
 70
     1
102
RTVSPropertyOp33
 70
     1
102
RTVSPropertyOp34
 70
     1
102
RTVSPropertyOp35
 70
     1
102
RTVSPropertyOp36
 70
     1
102
RTVSPropertyOp37
 70
     1
102
RTVSPropertyOp38
 70
     1
102
RTVSPropertyOp39
 70
     1
102
RTVSPropertyOp40
 70
     1
102
RTVSPropertyOp41
 70
     1
102
RTVSPropertyOp42
 70
     1
102
RTVSPropertyOp43
 70
     1
102
RTVSPropertyOp44
 70
     1
102
RTVSPropertyOp45
 70
     1
102
RTVSPropertyOp46
 70
     1
102
RTVSPropertyOp47
 70
     1
102
RTVSPropertyOp48
 70
     1
102
RTVSPropertyOp49
 70
     1
102
RTVSPropertyOp50
 70
     1
102
RTVSPropertyOp51
 70
     0
102
RTVSPropertyOp52
 70
     0
102
RTVSPropertyOp53
 70
     1
102
RTVSPropertyOp54
 70
     1
102
RTVSPropertyOp55
 70
     1
102
RTVSPropertyOp56
 70
     1
102
RTVSPropertyOp57
 70
     1
102
RTVSPost2010Prop28
280
     0
102
RTVSPost2010PropOp28
 70
     1
102
RTVSPost2010Prop29
280
     1
102
RTVSPost2010PropOp29
 70
     1
102
RTVSPost2010Prop30
280
     1
102
RTVSPost2010PropOp30
 70
     1
102
RTVSPost2010Prop31
280
     0
102
RTVSPost2010PropOp31
 70
     1
102
RTVSPost2010Prop32
280
     0
102
RTVSPost2010PropOp32
 70
     1
102
RTVSPost2010Prop33
280
     0
102
RTVSPost2010PropOp33
 70
     1
102
RTVSPost2010Prop34
280
     0
102
RTVSPost2010PropOp34
 70
     1
102
RTVSPost2010Prop35
280
     0
102
RTVSPost2010PropOp35
 70
     1
102
RTVSPost2010Prop36
280
     0
102
RTVSPost2010PropOp36
 70
     1
102
RTVSPost2010Prop37
 90
       50
102
RTVSPost2010PropOp37
 70
     1
102
RTVSPost2010Prop38
140
0.0
102
RTVSPost2010PropOp38
 70
     1
102
RTVSPost2010Prop39
140
1.0
102
RTVSPost2010PropOp39
 70
     1
102
RTVSPost2010Prop40
 90
        0
102
RTVSPost2010PropOp40
 70
     1
102
RTVSPost2010Prop41ColorIndex
 90
       18
102
RTVSPost2010Prop41ColorRGB
 90
        0
102
RTVSPost2010PropOp41
 70
     1
102
RTVSPost2010Prop42
 90
       50
102
RTVSPost2010PropOp42
 70
     1
102
RTVSPost2010Prop43
 90
        3
102
RTVSPost2010PropOp43
 70
     1
102
RTVSPost2010Prop44ColorIndex
 90
        5
102
RTVSPost2010Prop44ColorRGB
 90
      255
102
RTVSPost2010PropOp44
 70
     1
102
RTVSPost2010Prop45
280
     0
102
RTVSPost2010PropOp45
 70
     1
102
RTVSPost2010Prop46
 90
       50
102
RTVSPost2010PropOp46
 70
     1
102
RTVSPost2010Prop47
 90
       50
102
RTVSPost2010PropOp47
 70
     1
102
RTVSPost2010Prop48
 90
       50
102
RTVSPost2010PropOp48
 70
     1
102
RTVSPost2010Prop49
280
     0
102
RTVSPost2010PropOp49
 70
     1
102
RTVSPost2010Prop50
 90
       50
102
RTVSPost2010PropOp50
 70
     1
102
RTVSPost2010Prop51ColorIndex
 90
      256
102
RTVSPost2010Prop51ColorRGB
 90
-16777216
102
RTVSPost2010PropOp51
 70
     0
102
RTVSPost2010Prop52
140
1.0
102
RTVSPost2010PropOp52
 70
     0
102
RTVSPost2010Prop53
 90
        2
102
RTVSPost2010PropOp53
 70
     1
102
RTVSPost2010Prop54
  1
strokes_ogs.tif
102
RTVSPost2010PropOp54
 70
     1
102
RTVSPost2010Prop55
280
     0
102
RTVSPost2010PropOp55
 70
     1
102
RTVSPost2010Prop56
140
1.0
102
RTVSPost2010PropOp56
 70
     1
102
RTVSPost2010Prop57
140
1.0
102
RTVSPost2010PropOp57
 70
     1
  0
XRECORD
  5
C0
102
{ACAD_REACTORS
330
BF
102
}
330
BF
100
AcDbXrecord
280
     1
102
RTVSPropertyOp0
 70
     1
102
RTVSPropertyOp1
 70
     1
102
RTVSPropertyOp2
 70
     1
102
RTVSPropertyOp3
 70
     1
102
RTVSPropertyOp4
 70
     1
102
RTVSPropertyOp5
 70
     1
102
RTVSPropertyOp6
 70
     1
102
RTVSPropertyOp7
 70
     1
102
RTVSPropertyOp8
 70
     1
102
RTVSPropertyOp9
 70
     1
102
RTVSPropertyOp10
 70
     1
102
RTVSPropertyOp11
 70
     1
102
RTVSPropertyOp12
 70
     1
102
RTVSPropertyOp13
 70
     1
102
RTVSPropertyOp14
 70
     1
102
RTVSPropertyOp15
 70
     1
102
RTVSPropertyOp16
 70
     1
102
RTVSPropertyOp17
 70
     1
102
RTVSPropertyOp18
 70
     1
102
RTVSPropertyOp19
 70
     1
102
RTVSPropertyOp20
 70
     1
102
RTVSPropertyOp21
 70
     1
102
RTVSPropertyOp22
 70
     1
102
RTVSPropertyOp23
 70
     1
102
RTVSPropertyOp24
 70
     1
102
RTVSPropertyOp25
 70
     1
102
RTVSPropertyOp26
 70
     1
102
RTVSPropertyOp27
 70
     1
102
RTVSPropertyOp28
 70
     1
102
RTVSPropertyOp29
 70
     1
102
RTVSPropertyOp30
 70
     1
102
RTVSPropertyOp31
 70
     1
102
RTVSPropertyOp32
 70
     1
102
RTVSPropertyOp33
 70
     1
102
RTVSPropertyOp34
 70
     1
102
RTVSPropertyOp35
 70
     1
102
RTVSPropertyOp36
 70
     1
102
RTVSPropertyOp37
 70
     1
102
RTVSPropertyOp38
 70
     1
102
RTVSPropertyOp39
 70
     1
102
RTVSPropertyOp40
 70
     1
102
RTVSPropertyOp41
 70
     1
102
RTVSPropertyOp42
 70
     1
102
RTVSPropertyOp43
 70
     1
102
RTVSPropertyOp44
 70
     1
102
RTVSPropertyOp45
 70
     1
102
RTVSPropertyOp46
 70
     1
102
RTVSPropertyOp47
 70
     1
102
RTVSPropertyOp48
 70
     1
102
RTVSPropertyOp49
 70
     1
102
RTVSPropertyOp50
 70
     1
102
RTVSPropertyOp51
 70
     0
102
RTVSPropertyOp52
 70
     0
102
RTVSPropertyOp53
 70
     1
102
RTVSPropertyOp54
 70
     1
102
RTVSPropertyOp55
 70
     1
102
RTVSPropertyOp56
 70
     1
102
RTVSPropertyOp57
 70
     1
102
RTVSPost2010Prop28
280
     0
102
RTVSPost2010PropOp28
 70
     1
102
RTVSPost2010Prop29
280
     1
102
RTVSPost2010PropOp29
 70
     1
102
RTVSPost2010Prop30
280
     1
102
RTVSPost2010PropOp30
 70
     1
102
RTVSPost2010Prop31
280
     0
102
RTVSPost2010PropOp31
 70
     1
102
RTVSPost2010Prop32
280
     0
102
RTVSPost2010PropOp32
 70
     1
102
RTVSPost2010Prop33
280
     0
102
RTVSPost2010PropOp33
 70
     1
102
RTVSPost2010Prop34
280
     0
102
RTVSPost2010PropOp34
 70
     1
102
RTVSPost2010Prop35
280
     0
102
RTVSPost2010PropOp35
 70
     1
102
RTVSPost2010Prop36
280
     0
102
RTVSPost2010PropOp36
 70
     1
102
RTVSPost2010Prop37
 90
       50
102
RTVSPost2010PropOp37
 70
     1
102
RTVSPost2010Prop38
140
0.0
102
RTVSPost2010PropOp38
 70
     1
102
RTVSPost2010Prop39
140
1.0
102
RTVSPost2010PropOp39
 70
     1
102
RTVSPost2010Prop40
 90
        0
102
RTVSPost2010PropOp40
 70
     1
102
RTVSPost2010Prop41ColorIndex
 90
       18
102
RTVSPost2010Prop41ColorRGB
 90
        0
102
RTVSPost2010PropOp41
 70
     1
102
RTVSPost2010Prop42
 90
       50
102
RTVSPost2010PropOp42
 70
     1
102
RTVSPost2010Prop43
 90
        3
102
RTVSPost2010PropOp43
 70
     1
102
RTVSPost2010Prop44ColorIndex
 90
        5
102
RTVSPost2010Prop44ColorRGB
 90
      255
102
RTVSPost2010PropOp44
 70
     1
102
RTVSPost2010Prop45
280
     0
102
RTVSPost2010PropOp45
 70
     1
102
RTVSPost2010Prop46
 90
       50
102
RTVSPost2010PropOp46
 70
     1
102
RTVSPost2010Prop47
 90
       50
102
RTVSPost2010PropOp47
 70
     1
102
RTVSPost2010Prop48
 90
       50
102
RTVSPost2010PropOp48
 70
     1
102
RTVSPost2010Prop49
280
     0
102
RTVSPost2010PropOp49
 70
     1
102
RTVSPost2010Prop50
 90
       50
102
RTVSPost2010PropOp50
 70
     1
102
RTVSPost2010Prop51ColorIndex
 90
      256
102
RTVSPost2010Prop51ColorRGB
 90
-16777216
102
RTVSPost2010PropOp51
 70
     0
102
RTVSPost2010Prop52
140
1.0
102
RTVSPost2010PropOp52
 70
     0
102
RTVSPost2010Prop53
 90
        2
102
RTVSPost2010PropOp53
 70
     1
102
RTVSPost2010Prop54
  1
strokes_ogs.tif
102
RTVSPost2010PropOp54
 70
     1
102
RTVSPost2010Prop55
280
     0
102
RTVSPost2010PropOp55
 70
     1
102
RTVSPost2010Prop56
140
1.0
102
RTVSPost2010PropOp56
 70
     1
102
RTVSPost2010Prop57
140
1.0
102
RTVSPost2010PropOp57
 70
     1
  0
XRECORD
  5
B0
102
{ACAD_REACTORS
330
AF
102
}
330
AF
100
AcDbXrecord
280
     1
102
RTVSPropertyOp0
 70
     1
102
RTVSPropertyOp1
 70
     1
102
RTVSPropertyOp2
 70
     1
102
RTVSPropertyOp3
 70
     1
102
RTVSPropertyOp4
 70
     1
102
RTVSPropertyOp5
 70
     1
102
RTVSPropertyOp6
 70
     1
102
RTVSPropertyOp7
 70
     1
102
RTVSPropertyOp8
 70
     1
102
RTVSPropertyOp9
 70
     1
102
RTVSPropertyOp10
 70
     1
102
RTVSPropertyOp11
 70
     1
102
RTVSPropertyOp12
 70
     1
102
RTVSPropertyOp13
 70
     1
102
RTVSPropertyOp14
 70
     1
102
RTVSPropertyOp15
 70
     1
102
RTVSPropertyOp16
 70
     1
102
RTVSPropertyOp17
 70
     1
102
RTVSPropertyOp18
 70
     1
102
RTVSPropertyOp19
 70
     1
102
RTVSPropertyOp20
 70
     1
102
RTVSPropertyOp21
 70
     1
102
RTVSPropertyOp22
 70
     1
102
RTVSPropertyOp23
 70
     1
102
RTVSPropertyOp24
 70
     1
102
RTVSPropertyOp25
 70
     1
102
RTVSPropertyOp26
 70
     1
102
RTVSPropertyOp27
 70
     1
102
RTVSPropertyOp28
 70
     1
102
RTVSPropertyOp29
 70
     1
102
RTVSPropertyOp30
 70
     1
102
RTVSPropertyOp31
 70
     1
102
RTVSPropertyOp32
 70
     1
102
RTVSPropertyOp33
 70
     1
102
RTVSPropertyOp34
 70
     1
102
RTVSPropertyOp35
 70
     1
102
RTVSPropertyOp36
 70
     1
102
RTVSPropertyOp37
 70
     1
102
RTVSPropertyOp38
 70
     1
102
RTVSPropertyOp39
 70
     1
102
RTVSPropertyOp40
 70
     1
102
RTVSPropertyOp41
 70
     1
102
RTVSPropertyOp42
 70
     1
102
RTVSPropertyOp43
 70
     1
102
RTVSPropertyOp44
 70
     1
102
RTVSPropertyOp45
 70
     1
102
RTVSPropertyOp46
 70
     1
102
RTVSPropertyOp47
 70
     1
102
RTVSPropertyOp48
 70
     1
102
RTVSPropertyOp49
 70
     1
102
RTVSPropertyOp50
 70
     1
102
RTVSPropertyOp51
 70
     0
102
RTVSPropertyOp52
 70
     0
102
RTVSPropertyOp53
 70
     1
102
RTVSPropertyOp54
 70
     1
102
RTVSPropertyOp55
 70
     1
102
RTVSPropertyOp56
 70
     1
102
RTVSPropertyOp57
 70
     1
102
RTVSPost2010Prop28
280
     0
102
RTVSPost2010PropOp28
 70
     1
102
RTVSPost2010Prop29
280
     1
102
RTVSPost2010PropOp29
 70
     1
102
RTVSPost2010Prop30
280
     1
102
RTVSPost2010PropOp30
 70
     1
102
RTVSPost2010Prop31
280
     0
102
RTVSPost2010PropOp31
 70
     1
102
RTVSPost2010Prop32
280
     0
102
RTVSPost2010PropOp32
 70
     1
102
RTVSPost2010Prop33
280
     0
102
RTVSPost2010PropOp33
 70
     1
102
RTVSPost2010Prop34
280
     0
102
RTVSPost2010PropOp34
 70
     1
102
RTVSPost2010Prop35
280
     0
102
RTVSPost2010PropOp35
 70
     1
102
RTVSPost2010Prop36
280
     0
102
RTVSPost2010PropOp36
 70
     1
102
RTVSPost2010Prop37
 90
       50
102
RTVSPost2010PropOp37
 70
     1
102
RTVSPost2010Prop38
140
0.0
102
RTVSPost2010PropOp38
 70
     1
102
RTVSPost2010Prop39
140
1.0
102
RTVSPost2010PropOp39
 70
     1
102
RTVSPost2010Prop40
 90
        0
102
RTVSPost2010PropOp40
 70
     1
102
RTVSPost2010Prop41ColorIndex
 90
       18
102
RTVSPost2010Prop41ColorRGB
 90
        0
102
RTVSPost2010PropOp41
 70
     1
102
RTVSPost2010Prop42
 90
       50
102
RTVSPost2010PropOp42
 70
     1
102
RTVSPost2010Prop43
 90
        3
102
RTVSPost2010PropOp43
 70
     1
102
RTVSPost2010Prop44ColorIndex
 90
        5
102
RTVSPost2010Prop44ColorRGB
 90
      255
102
RTVSPost2010PropOp44
 70
     1
102
RTVSPost2010Prop45
280
     0
102
RTVSPost2010PropOp45
 70
     1
102
RTVSPost2010Prop46
 90
       50
102
RTVSPost2010PropOp46
 70
     1
102
RTVSPost2010Prop47
 90
       50
102
RTVSPost2010PropOp47
 70
     1
102
RTVSPost2010Prop48
 90
       50
102
RTVSPost2010PropOp48
 70
     1
102
RTVSPost2010Prop49
280
     0
102
RTVSPost2010PropOp49
 70
     1
102
RTVSPost2010Prop50
 90
       50
102
RTVSPost2010PropOp50
 70
     1
102
RTVSPost2010Prop51ColorIndex
 90
      256
102
RTVSPost2010Prop51ColorRGB
 90
-16777216
102
RTVSPost2010PropOp51
 70
     0
102
RTVSPost2010Prop52
140
1.0
102
RTVSPost2010PropOp52
 70
     0
102
RTVSPost2010Prop53
 90
        2
102
RTVSPost2010PropOp53
 70
     1
102
RTVSPost2010Prop54
  1
strokes_ogs.tif
102
RTVSPost2010PropOp54
 70
     1
102
RTVSPost2010Prop55
280
     0
102
RTVSPost2010PropOp55
 70
     1
102
RTVSPost2010Prop56
140
1.0
102
RTVSPost2010PropOp56
 70
     1
102
RTVSPost2010Prop57
140
1.0
102
RTVSPost2010PropOp57
 70
     1
  0
XRECORD
  5
A2
102
{ACAD_REACTORS
330
A1
102
}
330
A1
100
AcDbXrecord
280
     1
102
RTVSPropertyOp0
 70
     1
102
RTVSPropertyOp1
 70
     1
102
RTVSPropertyOp2
 70
     1
102
RTVSPropertyOp3
 70
     1
102
RTVSPropertyOp4
 70
     1
102
RTVSPropertyOp5
 70
     1
102
RTVSPropertyOp6
 70
     1
102
RTVSPropertyOp7
 70
     1
102
RTVSPropertyOp8
 70
     1
102
RTVSPropertyOp9
 70
     1
102
RTVSPropertyOp10
 70
     1
102
RTVSPropertyOp11
 70
     1
102
RTVSPropertyOp12
 70
     1
102
RTVSPropertyOp13
 70
     1
102
RTVSPropertyOp14
 70
     1
102
RTVSPropertyOp15
 70
     1
102
RTVSPropertyOp16
 70
     1
102
RTVSPropertyOp17
 70
     1
102
RTVSPropertyOp18
 70
     1
102
RTVSPropertyOp19
 70
     1
102
RTVSPropertyOp20
 70
     1
102
RTVSPropertyOp21
 70
     1
102
RTVSPropertyOp22
 70
     1
102
RTVSPropertyOp23
 70
     1
102
RTVSPropertyOp24
 70
     1
102
RTVSPropertyOp25
 70
     1
102
RTVSPropertyOp26
 70
     1
102
RTVSPropertyOp27
 70
     1
102
RTVSPropertyOp28
 70
     1
102
RTVSPropertyOp29
 70
     1
102
RTVSPropertyOp30
 70
     1
102
RTVSPropertyOp31
 70
     1
102
RTVSPropertyOp32
 70
     1
102
RTVSPropertyOp33
 70
     1
102
RTVSPropertyOp34
 70
     1
102
RTVSPropertyOp35
 70
     1
102
RTVSPropertyOp36
 70
     1
102
RTVSPropertyOp37
 70
     1
102
RTVSPropertyOp38
 70
     1
102
RTVSPropertyOp39
 70
     1
102
RTVSPropertyOp40
 70
     1
102
RTVSPropertyOp41
 70
     1
102
RTVSPropertyOp42
 70
     1
102
RTVSPropertyOp43
 70
     1
102
RTVSPropertyOp44
 70
     1
102
RTVSPropertyOp45
 70
     1
102
RTVSPropertyOp46
 70
     1
102
RTVSPropertyOp47
 70
     1
102
RTVSPropertyOp48
 70
     1
102
RTVSPropertyOp49
 70
     1
102
RTVSPropertyOp50
 70
     1
102
RTVSPropertyOp51
 70
     0
102
RTVSPropertyOp52
 70
     0
102
RTVSPropertyOp53
 70
     1
102
RTVSPropertyOp54
 70
     1
102
RTVSPropertyOp55
 70
     1
102
RTVSPropertyOp56
 70
     1
102
RTVSPropertyOp57
 70
     1
102
RTVSPost2010Prop28
280
     0
102
RTVSPost2010PropOp28
 70
     1
102
RTVSPost2010Prop29
280
     1
102
RTVSPost2010PropOp29
 70
     1
102
RTVSPost2010Prop30
280
     1
102
RTVSPost2010PropOp30
 70
     1
102
RTVSPost2010Prop31
280
     0
102
RTVSPost2010PropOp31
 70
     1
102
RTVSPost2010Prop32
280
     0
102
RTVSPost2010PropOp32
 70
     1
102
RTVSPost2010Prop33
280
     0
102
RTVSPost2010PropOp33
 70
     1
102
RTVSPost2010Prop34
280
     0
102
RTVSPost2010PropOp34
 70
     1
102
RTVSPost2010Prop35
280
     0
102
RTVSPost2010PropOp35
 70
     1
102
RTVSPost2010Prop36
280
     0
102
RTVSPost2010PropOp36
 70
     1
102
RTVSPost2010Prop37
 90
       50
102
RTVSPost2010PropOp37
 70
     1
102
RTVSPost2010Prop38
140
0.0
102
RTVSPost2010PropOp38
 70
     1
102
RTVSPost2010Prop39
140
1.0
102
RTVSPost2010PropOp39
 70
     1
102
RTVSPost2010Prop40
 90
        0
102
RTVSPost2010PropOp40
 70
     1
102
RTVSPost2010Prop41ColorIndex
 90
       18
102
RTVSPost2010Prop41ColorRGB
 90
        0
102
RTVSPost2010PropOp41
 70
     1
102
RTVSPost2010Prop42
 90
       50
102
RTVSPost2010PropOp42
 70
     1
102
RTVSPost2010Prop43
 90
        3
102
RTVSPost2010PropOp43
 70
     1
102
RTVSPost2010Prop44ColorIndex
 90
        5
102
RTVSPost2010Prop44ColorRGB
 90
      255
102
RTVSPost2010PropOp44
 70
     1
102
RTVSPost2010Prop45
280
     0
102
RTVSPost2010PropOp45
 70
     1
102
RTVSPost2010Prop46
 90
       50
102
RTVSPost2010PropOp46
 70
     1
102
RTVSPost2010Prop47
 90
       50
102
RTVSPost2010PropOp47
 70
     1
102
RTVSPost2010Prop48
 90
       50
102
RTVSPost2010PropOp48
 70
     1
102
RTVSPost2010Prop49
280
     0
102
RTVSPost2010PropOp49
 70
     1
102
RTVSPost2010Prop50
 90
       50
102
RTVSPost2010PropOp50
 70
     1
102
RTVSPost2010Prop51ColorIndex
 90
      256
102
RTVSPost2010Prop51ColorRGB
 90
-16777216
102
RTVSPost2010PropOp51
 70
     0
102
RTVSPost2010Prop52
140
1.0
102
RTVSPost2010PropOp52
 70
     0
102
RTVSPost2010Prop53
 90
        2
102
RTVSPost2010PropOp53
 70
     1
102
RTVSPost2010Prop54
  1
strokes_ogs.tif
102
RTVSPost2010PropOp54
 70
     1
102
RTVSPost2010Prop55
280
     0
102
RTVSPost2010PropOp55
 70
     1
102
RTVSPost2010Prop56
140
1.0
102
RTVSPost2010PropOp56
 70
     1
102
RTVSPost2010Prop57
140
1.0
102
RTVSPost2010PropOp57
 70
     1
  0
XRECORD
  5
C2
102
{ACAD_REACTORS
330
C1
102
}
330
C1
100
AcDbXrecord
280
     1
102
RTVSPropertyOp0
 70
     1
102
RTVSPropertyOp1
 70
     1
102
RTVSPropertyOp2
 70
     1
102
RTVSPropertyOp3
 70
     1
102
RTVSPropertyOp4
 70
     1
102
RTVSPropertyOp5
 70
     1
102
RTVSPropertyOp6
 70
     1
102
RTVSPropertyOp7
 70
     1
102
RTVSPropertyOp8
 70
     1
102
RTVSPropertyOp9
 70
     1
102
RTVSPropertyOp10
 70
     1
102
RTVSPropertyOp11
 70
     1
102
RTVSPropertyOp12
 70
     1
102
RTVSPropertyOp13
 70
     1
102
RTVSPropertyOp14
 70
     1
102
RTVSPropertyOp15
 70
     1
102
RTVSPropertyOp16
 70
     1
102
RTVSPropertyOp17
 70
     1
102
RTVSPropertyOp18
 70
     1
102
RTVSPropertyOp19
 70
     1
102
RTVSPropertyOp20
 70
     1
102
RTVSPropertyOp21
 70
     1
102
RTVSPropertyOp22
 70
     1
102
RTVSPropertyOp23
 70
     1
102
RTVSPropertyOp24
 70
     1
102
RTVSPropertyOp25
 70
     1
102
RTVSPropertyOp26
 70
     1
102
RTVSPropertyOp27
 70
     1
102
RTVSPropertyOp28
 70
     1
102
RTVSPropertyOp29
 70
     1
102
RTVSPropertyOp30
 70
     1
102
RTVSPropertyOp31
 70
     1
102
RTVSPropertyOp32
 70
     1
102
RTVSPropertyOp33
 70
     1
102
RTVSPropertyOp34
 70
     1
102
RTVSPropertyOp35
 70
     1
102
RTVSPropertyOp36
 70
     1
102
RTVSPropertyOp37
 70
     1
102
RTVSPropertyOp38
 70
     1
102
RTVSPropertyOp39
 70
     1
102
RTVSPropertyOp40
 70
     1
102
RTVSPropertyOp41
 70
     1
102
RTVSPropertyOp42
 70
     1
102
RTVSPropertyOp43
 70
     1
102
RTVSPropertyOp44
 70
     1
102
RTVSPropertyOp45
 70
     1
102
RTVSPropertyOp46
 70
     1
102
RTVSPropertyOp47
 70
     1
102
RTVSPropertyOp48
 70
     1
102
RTVSPropertyOp49
 70
     1
102
RTVSPropertyOp50
 70
     1
102
RTVSPropertyOp51
 70
     0
102
RTVSPropertyOp52
 70
     0
102
RTVSPropertyOp53
 70
     1
102
RTVSPropertyOp54
 70
     1
102
RTVSPropertyOp55
 70
     1
102
RTVSPropertyOp56
 70
     1
102
RTVSPropertyOp57
 70
     1
102
RTVSPost2010Prop28
280
     0
102
RTVSPost2010PropOp28
 70
     1
102
RTVSPost2010Prop29
280
     1
102
RTVSPost2010PropOp29
 70
     1
102
RTVSPost2010Prop30
280
     1
102
RTVSPost2010PropOp30
 70
     1
102
RTVSPost2010Prop31
280
     0
102
RTVSPost2010PropOp31
 70
     1
102
RTVSPost2010Prop32
280
     0
102
RTVSPost2010PropOp32
 70
     1
102
RTVSPost2010Prop33
280
     0
102
RTVSPost2010PropOp33
 70
     1
102
RTVSPost2010Prop34
280
     0
102
RTVSPost2010PropOp34
 70
     1
102
RTVSPost2010Prop35
280
     0
102
RTVSPost2010PropOp35
 70
     1
102
RTVSPost2010Prop36
280
     0
102
RTVSPost2010PropOp36
 70
     1
102
RTVSPost2010Prop37
 90
       50
102
RTVSPost2010PropOp37
 70
     1
102
RTVSPost2010Prop38
140
0.0
102
RTVSPost2010PropOp38
 70
     1
102
RTVSPost2010Prop39
140
1.0
102
RTVSPost2010PropOp39
 70
     1
102
RTVSPost2010Prop40
 90
        0
102
RTVSPost2010PropOp40
 70
     1
102
RTVSPost2010Prop41ColorIndex
 90
       18
102
RTVSPost2010Prop41ColorRGB
 90
        0
102
RTVSPost2010PropOp41
 70
     1
102
RTVSPost2010Prop42
 90
       50
102
RTVSPost2010PropOp42
 70
     1
102
RTVSPost2010Prop43
 90
        3
102
RTVSPost2010PropOp43
 70
     1
102
RTVSPost2010Prop44ColorIndex
 90
        5
102
RTVSPost2010Prop44ColorRGB
 90
      255
102
RTVSPost2010PropOp44
 70
     1
102
RTVSPost2010Prop45
280
     0
102
RTVSPost2010PropOp45
 70
     1
102
RTVSPost2010Prop46
 90
       50
102
RTVSPost2010PropOp46
 70
     1
102
RTVSPost2010Prop47
 90
       50
102
RTVSPost2010PropOp47
 70
     1
102
RTVSPost2010Prop48
 90
       50
102
RTVSPost2010PropOp48
 70
     1
102
RTVSPost2010Prop49
280
     0
102
RTVSPost2010PropOp49
 70
     1
102
RTVSPost2010Prop50
 90
       50
102
RTVSPost2010PropOp50
 70
     1
102
RTVSPost2010Prop51ColorIndex
 90
      256
102
RTVSPost2010Prop51ColorRGB
 90
-16777216
102
RTVSPost2010PropOp51
 70
     0
102
RTVSPost2010Prop52
140
1.0
102
RTVSPost2010PropOp52
 70
     0
102
RTVSPost2010Prop53
 90
        2
102
RTVSPost2010PropOp53
 70
     1
102
RTVSPost2010Prop54
  1
strokes_ogs.tif
102
RTVSPost2010PropOp54
 70
     1
102
RTVSPost2010Prop55
280
     0
102
RTVSPost2010PropOp55
 70
     1
102
RTVSPost2010Prop56
140
1.0
102
RTVSPost2010PropOp56
 70
     1
102
RTVSPost2010Prop57
140
1.0
102
RTVSPost2010PropOp57
 70
     1
  0
ENDSEC
  0
EOF
